run_id,asof,ticker,pattern,pattern_state,final_score,trend,geometry,compression,sr_quality,volume,readiness,risk,market,liquidity,comp_trend,comp_geometry,comp_compression,comp_sr,comp_volume,comp_readiness,comp_risk,comp_market,comp_liquidity,veto_triggered,veto_reasons,price,trigger,invalid_below,measured_move_target,features_json,note,ret_1h,ret_eod,ret_1d,ret_3d,ret_5d,max_dd_5d,max_fav_5d,touched_invalid_5d,post_hoc_tag
20260508T195117Z-64671e,2026-05-08T19:51:17.654677+00:00,NVDA,breakout_retest_hold,setup,69.17,98.8,81.4,43.5,49.7,14.6,91.9,45.9,84.0,97.7,13.84,17.91,2.61,6.96,1.9,16.54,2.29,4.2,2.93,False,,214.947,214.2,212.1669,213.98,"{""trend"":{""T1_ema_stack"":{""value"":[true,true,true],""score"":100.0},""T2_ema50_slope"":{""value"":0.3047451269670289,""score"":100},""T3_high_proximity"":{""value"":0.9923226074511795,""score"":96.16130372558973},""T4_rs_1m"":{""value"":0.0848978535759386,""score"":100},""T5_rs_3m"":{""value"":0.09225071293697651,""score"":96.12535646848826},""T6_adr_healthy"":{""value"":2.993767262683591,""score"":100.0},""_score"":98.84},""geometry"":{""sub_retest_depth"":51.3,""sub_retest_timing"":80.0,""sub_retest_freshness"":100.0,""sub_hold_quality"":100.0,""_score"":81.39},""compression"":{""VC1_atr_ratio"":{""value"":0.7253642778013136,""score"":68.6589305496716},""VC2_range_contraction"":{""value"":1.3642610918467064,""score"":0},""VC3_range_pct_rank"":{""score"":64.16666666666666},""_score"":43.51},""sr_quality"":{""SR1_touches"":{""value"":3,""score"":50.0},""SR2_tightness"":{""value"":0.6923362108750947,""score"":81.19064150865334},""SR3_recency"":{""value"":234,""score"":0.0},""SR4_price_location"":{""score"":30.0},""SR5_reaction"":{""value"":3.126320637489576,""score"":100},""_score"":49.68,""_levels_found"":5,""_target_level"":196.9502},""volume"":{""V1_rvol_day"":{""value"":0.6973439172834797,""score"":13.156261152231977},""V2_rvol_sameslot"":{""value"":0.7045565789622537,""score"":13.637105264150243,""status"":""ok""},""V3_breakout_bar"":{""value"":0.5509072173533446,""score"":3.393814490222972},""V4_base_dryup"":{""value"":1.0793636155792417,""score"":42.063638442075835},""V5_bo_expansion"":{""value"":0.6973439172834797,""score"":0},""_score"":14.62},""readiness"":{""_distance_atr"":-0.101,""BR1_atr_distance"":{""score"":100.0},""BR2_compression"":{""score"":79.4626815080115},""BR3_retest"":{""score"":100},""BR4_bo_age"":{""score"":80},""_score"":91.87},""risk"":{""R1_stop_clarity"":{""score"":41.7763572818849},""R2_stop_distance_pct"":{""value"":1.293388602771848,""score"":82.3347150692962},""R3_stop_distance_atr"":{""value"":0.3776481478247206,""score"":43.882407391236036},""R4_rr_potential"":{""value"":-0.3478292147764612,""score"":0.0},""_score"":45.9},""market"":{""M1_spy_regime"":{""score"":100.0},""M3_earnings_risk"":{""value"":null,""score"":80.0},""M4_vix"":{""value"":null,""score"":60.0},""_score"":84.0},""liquidity"":{""L1_price"":{""value"":214.947,""score"":100.0},""L2_dollar_vol"":{""value"":22283465539.810425,""score"":100.0},""L3_spread_proxy"":{""value"":0.022842840328080993,""score"":77.157159671919},""L4_volume_zscore"":{""value"":-1.1893836922914802,""score"":100.0},""_score"":97.72},""pattern_structure"":{""level"":214.2,""level_idx"":69,""breakout_idx"":74,""bo_peak_idx"":74,""bo_peak_price"":217.8,""retest_idx"":75,""retest_low"":214.31,""structural_low"":214.31,""current_price"":214.85,""neckline_distance_pct"":-0.0030253665347917415,""base_bars"":10,""bars_since_breakout"":5},""pattern_geometry_features"":{""retest_depth_atr"":-0.041207320988980736,""bars_breakout_to_retest"":1.0,""bars_since_retest"":4.0,""current_above_level_atr"":0.243497805843949,""bo_peak_excess_pct"":0.016806722689075737,""atr_pct"":0.034248509100914586},""_schema_version"":""1.0""}",,,,,,,,,,
20260508T195117Z-64671e,2026-05-08T19:51:17.654677+00:00,TSM,breakout_retest_hold,retest_hold,67.01,95.2,75.7,45.2,42.9,55.1,62.5,56.2,84.0,96.1,13.33,16.65,2.71,6.0,7.16,11.25,2.81,4.2,2.88,False,,409.1081,406.129,396.8712,416.627,"{""trend"":{""T1_ema_stack"":{""value"":[true,true,true],""score"":100.0},""T2_ema50_slope"":{""value"":0.3322772581813386,""score"":100},""T3_high_proximity"":{""value"":0.9752278903456495,""score"":87.61394517282473},""T4_rs_1m"":{""value"":0.0354773912211912,""score"":85.4773912211912},""T5_rs_3m"":{""value"":0.105677864012091,""score"":100},""T6_adr_healthy"":{""value"":2.9854915029570455,""score"":100.0},""_score"":95.24},""geometry"":{""sub_retest_depth"":85.6,""sub_retest_timing"":0.0,""sub_retest_freshness"":100.0,""sub_hold_quality"":100.0,""_score"":75.68},""compression"":{""VC1_atr_ratio"":{""value"":0.5432723597647457,""score"":100},""VC2_range_contraction"":{""value"":1.1163446738549345,""score"":0},""VC3_range_pct_rank"":{""score"":20.833333333333336},""_score"":45.21},""sr_quality"":{""SR1_touches"":{""value"":2,""score"":25.0},""SR2_tightness"":{""value"":1.0800000000000125,""score"":85.70660828307706},""SR3_recency"":{""value"":241,""score"":0.0},""SR4_price_location"":{""score"":30.0},""SR5_reaction"":{""value"":2.6307119801215966,""score"":100},""_score"":42.86,""_levels_found"":5,""_target_level"":381.08},""volume"":{""V1_rvol_day"":{""value"":1.0952578125927368,""score"":39.683854172849124},""V2_rvol_sameslot"":{""value"":2.530169052229984,""score"":100,""status"":""ok""},""V3_breakout_bar"":{""value"":1.530453454391141,""score"":68.6968969594094},""V4_base_dryup"":{""value"":1.0480748799503845,""score"":45.19251200496155},""V5_bo_expansion"":{""value"":1.0952578125927368,""score"":6.350520839515787},""_score"":55.1},""readiness"":{""_distance_atr"":-0.197,""BR1_atr_distance"":{""score"":100.0},""BR2_compression"":{""score"":5.968082282889994},""BR3_retest"":{""score"":82.63286733284075},""BR4_bo_age"":{""score"":30.0},""_score"":62.52},""risk"":{""R1_stop_clarity"":{""score"":46.94504748629617},""R2_stop_distance_pct"":{""value"":2.9911165288587522,""score"":100.0},""R3_stop_distance_atr"":{""value"":0.809753727318575,""score"":65.48768636592874},""R4_rr_potential"":{""value"":0.6144448348846597,""score"":0.0},""_score"":56.25},""market"":{""M1_spy_regime"":{""score"":100.0},""M3_earnings_risk"":{""value"":null,""score"":80.0},""M4_vix"":{""value"":null,""score"":60.0},""_score"":84.0},""liquidity"":{""L1_price"":{""value"":409.1081,""score"":100.0},""L2_dollar_vol"":{""value"":6493411672.291707,""score"":100.0},""L3_spread_proxy"":{""value"":0.03940278865170356,""score"":60.59721134829644},""L4_volume_zscore"":{""value"":0.3207209540306835,""score"":100.0},""_score"":96.06},""pattern_structure"":{""level"":406.129,""level_idx"":56,""breakout_idx"":62,""bo_peak_idx"":68,""bo_peak_price"":420.0,""retest_idx"":77,""retest_low"":400.88,""structural_low"":400.88,""current_price"":408.34,""neckline_distance_pct"":-0.005414605475828858,""base_bars"":23,""bars_since_breakout"":17},""pattern_geometry_features"":{""retest_depth_atr"":1.1007522491080013,""bars_breakout_to_retest"":15.0,""bars_since_retest"":2.0,""current_above_level_atr"":0.4636622638174379,""bo_peak_excess_pct"":0.03415417268897316,""atr_pct"":0.036938595377184115},""_schema_version"":""1.0""}",,,,,,,,,,
20260508T195117Z-64671e,2026-05-08T19:51:17.654677+00:00,CW,breakout_retest_hold,setup,66.87,70.2,80.0,64.1,64.0,30.8,76.3,51.1,84.0,71.8,9.83,17.6,3.85,8.96,4.0,13.73,2.56,4.2,2.15,False,,727.825,723.7008,712.1169,732.4824,"{""trend"":{""T1_ema_stack"":{""value"":[true,true,true],""score"":100.0},""T2_ema50_slope"":{""value"":0.15482937204710118,""score"":75.80489534118354},""T3_high_proximity"":{""value"":0.9797210892595136,""score"":89.86054462975679},""T4_rs_1m"":{""value"":-0.07652168352394506,""score"":0},""T5_rs_3m"":{""value"":0.05384771754983175,""score"":76.92385877491589},""T6_adr_healthy"":{""value"":2.771756912090986,""score"":100.0},""_score"":70.18},""geometry"":{""sub_retest_depth"":100.0,""sub_retest_timing"":0.0,""sub_retest_freshness"":100.0,""sub_hold_quality"":100.0,""_score"":80.0},""compression"":{""VC1_atr_ratio"":{""value"":0.4344385115157108,""score"":100},""VC2_range_contraction"":{""value"":0.8831890621067088,""score"":19.46848964888187},""VC3_range_pct_rank"":{""score"":69.16666666666667},""_score"":64.11},""sr_quality"":{""SR1_touches"":{""value"":5,""score"":100},""SR2_tightness"":{""value"":2.57040347027466,""score"":76.48808984357673},""SR3_recency"":{""value"":239,""score"":0.0},""SR4_price_location"":{""score"":30.0},""SR5_reaction"":{""value"":2.6184451971982257,""score"":100},""_score"":63.97,""_levels_found"":7,""_target_level"":713.366},""volume"":{""V1_rvol_day"":{""value"":0.5979864926921624,""score"":6.532432846144161},""V2_rvol_sameslot"":{""value"":0.9446496501784147,""score"":29.643310011894314,""status"":""ok""},""V3_breakout_bar"":{""value"":0.9404731853943106,""score"":29.364879026287372},""V4_base_dryup"":{""value"":0.690400352046754,""score"":80.9599647953246},""V5_bo_expansion"":{""value"":0.5979864926921624,""score"":0},""_score"":30.77},""readiness"":{""_distance_atr"":-0.189,""BR1_atr_distance"":{""score"":100.0},""BR2_compression"":{""score"":55.207579914510276},""BR3_retest"":{""score"":89.95915463188038},""BR4_bo_age"":{""score"":30.0},""_score"":76.29},""risk"":{""R1_stop_clarity"":{""score"":34.20351205482322},""R2_stop_distance_pct"":{""value"":2.1582248480060535,""score"":100.0},""R3_stop_distance_atr"":{""value"":0.7184230806548229,""score"":60.92115403274114},""R4_rr_potential"":{""value"":0.29649671188749255,""score"":0.0},""_score"":51.11},""market"":{""M1_spy_regime"":{""score"":100.0},""M3_earnings_risk"":{""value"":null,""score"":80.0},""M4_vix"":{""value"":null,""score"":60.0},""_score"":84.0},""liquidity"":{""L1_price"":{""value"":727.825,""score"":0.0},""L2_dollar_vol"":{""value"":94527946.2626142,""score"":98.7780111203771},""L3_spread_proxy"":{""value"":0.026819496444887014,""score"":73.18050355511298},""L4_volume_zscore"":{""value"":-1.1285543557369653,""score"":100.0},""_score"":71.83},""pattern_structure"":{""level"":723.7008,""level_idx"":51,""breakout_idx"":56,""bo_peak_idx"":68,""bo_peak_price"":750.0,""retest_idx"":73,""retest_low"":719.31,""structural_low"":719.31,""current_price"":728.52,""neckline_distance_pct"":-0.006615055180365705,""base_bars"":28,""bars_since_breakout"":23},""pattern_geometry_features"":{""retest_depth_atr"":0.38928095568603904,""bars_breakout_to_retest"":17.0,""bars_since_retest"":6.0,""current_above_level_atr"":0.42726218038675484,""bo_peak_excess_pct"":0.03633987968508539,""atr_pct"":0.030041140187741334},""_schema_version"":""1.0""}",,,,,,,,,,
20260508T195117Z-64671e,2026-05-08T19:51:17.654677+00:00,ORCL,high_tight_pullback,candidate,66.74,91.4,81.2,55.5,45.5,19.2,54.6,73.9,84.0,96.0,10.97,28.41,5.55,3.64,2.68,4.91,0.74,5.04,4.8,False,,195.5901,200.15,187.3569,238.54,"{""trend"":{""T1_ema_stack"":{""value"":[true,true,false],""score"":66.66666666666666},""T2_ema50_slope"":{""value"":0.29255196283160684,""score"":98.75866047193448},""T3_high_proximity"":{""value"":1.0,""score"":99.99999999999997},""T4_rs_1m"":{""value"":0.33489484499726707,""score"":100},""T5_rs_3m"":{""value"":0.30243107746834386,""score"":100},""T6_adr_healthy"":{""value"":4.634092011881975,""score"":100.0},""_score"":91.42},""geometry"":{""sub_pole_impulse"":99.7,""sub_flag_tightness"":66.5,""sub_flag_shallowness"":58.1,""sub_flag_drift"":100,""sub_flag_duration"":80.0,""_score"":81.16},""compression"":{""VC1_atr_ratio"":{""value"":0.6289879909043345,""score"":92.75300227391637},""VC2_range_contraction"":{""value"":0.9134634454916845,""score"":14.422759084719258},""VC3_range_pct_rank"":{""score"":53.333333333333336},""_score"":55.48},""sr_quality"":{""SR1_touches"":{""value"":2,""score"":25.0},""SR2_tightness"":{""value"":0.6600499999999982,""score"":85.81057477406515},""SR3_recency"":{""value"":309,""score"":0.0},""SR4_price_location"":{""score"":62.38638681551202},""SR5_reaction"":{""value"":1.267272281967358,""score"":63.363614098367904},""_score"":45.47,""_levels_found"":6,""_target_level"":201.0299},""volume"":{""V1_rvol_day"":{""value"":0.5188836465411115,""score"":1.2589097694074347},""V2_rvol_sameslot"":{""value"":0.6110196712713132,""score"":7.401311418087546,""status"":""ok""},""V3_breakout_bar"":{""value"":0.5503226139950992,""score"":3.3548409330066122},""V4_base_dryup"":{""value"":0.669839347768042,""score"":83.0160652231958},""V5_bo_expansion"":{""value"":0.5188836465411115,""score"":0},""_score"":19.17},""readiness"":{""_distance_atr"":0.49,""BR1_atr_distance"":{""score"":67.32451577519859},""BR2_compression"":{""score"":40.65762184930609},""BR3_retest"":{""score"":50.0},""BR4_bo_age"":{""score"":50.0},""_score"":54.59},""risk"":{""R1_stop_clarity"":{""score"":38.66440635803935},""R2_stop_distance_pct"":{""value"":4.209441070892646,""score"":100.0},""R3_stop_distance_atr"":{""value"":0.8849714812622409,""score"":69.24857406311204},""R4_rr_potential"":{""value"":5.216639844532843,""score"":100.0},""_score"":73.92},""market"":{""M1_spy_regime"":{""score"":100.0},""M3_earnings_risk"":{""value"":null,""score"":80.0},""M4_vix"":{""value"":null,""score"":60.0},""_score"":84.0},""liquidity"":{""L1_price"":{""value"":195.5901,""score"":100.0},""L2_dollar_vol"":{""value"":3383818239.758851,""score"":100.0},""L3_spread_proxy"":{""value"":0.039828191713179716,""score"":60.17180828682029},""L4_volume_zscore"":{""value"":-1.408557972765796,""score"":100.0},""_score"":96.02},""pattern_structure"":{""pole_low"":161.76,""pole_low_idx"":23,""peak_price"":200.15,""peak_idx"":48,""pole_gain"":0.2373269040553908,""flag_bars"":11,""flag_low"":190.21,""flag_high"":199.77,""structural_low"":190.21,""current_price"":195.39,""neckline_distance_pct"":0.024361533343569372,""base_bars"":11},""pattern_geometry_features"":{""pole_gain"":0.2373269040553908,""pullback_pct"":0.04966275293529852,""flag_range_pct"":0.047764176867349496,""flag_drift_per_bar"":0.0008989154558017435,""atr_pct"":0.047565838674130966,""pole_atr_multiple"":4.989440124903396},""_schema_version"":""1.0""}",,,,,,,,,,
20260508T195117Z-64671e,2026-05-08T19:51:17.654677+00:00,MRVL,double_bottom,candidate,65.01,98.8,88.0,35.1,38.2,12.5,55.1,69.5,84.0,95.5,14.82,22.01,2.81,5.35,1.63,4.41,4.17,5.04,4.77,False,,169.435,175.8,156.1718,193.05,"{""trend"":{""T1_ema_stack"":{""value"":[true,true,true],""score"":100.0},""T2_ema50_slope"":{""value"":1.0707493528816832,""score"":100},""T3_high_proximity"":{""value"":0.9842288701713622,""score"":92.11443508568107},""T4_rs_1m"":{""value"":0.32891841560398594,""score"":100},""T5_rs_3m"":{""value"":1.0434948839035576,""score"":100},""T6_adr_healthy"":{""value"":5.154120748872408,""score"":100.0},""_score"":98.82},""geometry"":{""sub_low_similarity"":91.1,""sub_bounce_quality"":100,""sub_separation_fit"":100.0,""sub_right_bottom_reaction"":38.0,""sub_base_context"":100.0,""_score"":88.03},""compression"":{""VC1_atr_ratio"":{""value"":0.7718098372719943,""score"":57.04754068200143},""VC2_range_contraction"":{""value"":1.0038539757156242,""score"":0},""VC3_range_pct_rank"":{""score"":49.16666666666667},""_score"":35.11},""sr_quality"":{""SR1_touches"":{""value"":2,""score"":25.0},""SR2_tightness"":{""value"":1.0587499999999963,""score"":77.76250854206228},""SR3_recency"":{""value"":253,""score"":0.0},""SR4_price_location"":{""score"":30.0},""SR5_reaction"":{""value"":1.5386401262012328,""score"":76.93200631006164},""_score"":38.2,""_levels_found"":4,""_target_level"":101.7113},""volume"":{""V1_rvol_day"":{""value"":0.48782278280848185,""score"":0},""V2_rvol_sameslot"":{""value"":0.894298780409027,""score"":26.286585360601798,""status"":""ok""},""V3_breakout_bar"":{""value"":0.8407725071542949,""score"":22.71816714361966},""V4_base_dryup"":{""value"":1.420387583859221,""score"":7.961241614077892},""V5_bo_expansion"":{""value"":0.48782278280848185,""score"":0},""_score"":12.53},""readiness"":{""_distance_atr"":0.668,""BR1_atr_distance"":{""score"":55.437502359771976},""BR2_compression"":{""score"":61.60012862356322},""BR3_retest"":{""score"":50.0},""BR4_bo_age"":{""score"":50.0},""_score"":55.08},""risk"":{""R1_stop_clarity"":{""score"":50.04834563415278},""R2_stop_distance_pct"":{""value"":7.827928114026027,""score"":100.0},""R3_stop_distance_atr"":{""value"":1.3928756013199217,""score"":94.64378006599608},""R4_rr_potential"":{""value"":1.7804836672761208,""score"":39.024183363806046},""_score"":69.52},""market"":{""M1_spy_regime"":{""score"":100.0},""M3_earnings_risk"":{""value"":null,""score"":80.0},""M4_vix"":{""value"":null,""score"":60.0},""_score"":84.0},""liquidity"":{""L1_price"":{""value"":169.435,""score"":100.0},""L2_dollar_vol"":{""value"":2143368536.4675245,""score"":100.0},""L3_spread_proxy"":{""value"":0.04538554607961752,""score"":54.61445392038248},""L4_volume_zscore"":{""value"":-1.6957967013288104,""score"":100.0},""_score"":95.46},""pattern_structure"":{""left_low"":159.26,""left_idx"":44,""right_low"":158.55,""right_idx"":73,""separation_bars"":29,""structural_low"":158.55,""current_price"":169.54,""neckline_distance_pct"":0.036923439896189805,""base_bars"":29},""pattern_geometry_features"":{""low_similarity_pct"":0.004468078411629461,""bounce_pct"":0.10879848628192998,""right_bottom_reaction"":0.3803914350573527,""atr_pct"":0.05619976476440608},""_schema_version"":""1.0""}",,,,,,,,,,
20260508T195117Z-64671e,2026-05-08T19:51:17.654677+00:00,NXE,breakout_retest_hold,retest_hold,64.82,61.0,78.1,57.1,52.0,30.0,81.4,59.7,84.0,89.0,8.54,17.18,3.42,7.29,3.9,14.64,2.99,4.2,2.67,False,,12.145,12.0989,11.8701,12.3167,"{""trend"":{""T1_ema_stack"":{""value"":[false,true,true],""score"":66.66666666666666},""T2_ema50_slope"":{""value"":0.1861657943932603,""score"":81.02763239887672},""T3_high_proximity"":{""value"":0.9131578947368421,""score"":56.578947368421005},""T4_rs_1m"":{""value"":-0.026857948574799284,""score"":23.142051425200716},""T5_rs_3m"":{""value"":0.0330348906191833,""score"":66.51744530959165},""T6_adr_healthy"":{""value"":5.091235409143047,""score"":100.0},""_score"":60.97},""geometry"":{""sub_retest_depth"":100.0,""sub_retest_timing"":0.0,""sub_retest_freshness"":100.0,""sub_hold_quality"":93.6,""_score"":78.08},""compression"":{""VC1_atr_ratio"":{""value"":0.5974302072611825,""score"":100},""VC2_range_contraction"":{""value"":1.0557696635538112,""score"":0},""VC3_range_pct_rank"":{""score"":68.33333333333333},""_score"":57.08},""sr_quality"":{""SR1_touches"":{""value"":4,""score"":75.0},""SR2_tightness"":{""value"":0.0919238815542511,""score"":73.73308551450644},""SR3_recency"":{""value"":234,""score"":0.0},""SR4_price_location"":{""score"":13.942751615881727},""SR5_reaction"":{""value"":2.2323934319158263,""score"":100},""_score"":52.05,""_levels_found"":5,""_target_level"":13.31},""volume"":{""V1_rvol_day"":{""value"":0.667964549708255,""score"":11.197636647217003},""V2_rvol_sameslot"":{""value"":1.1446564379475248,""score"":42.977095863168316,""status"":""ok""},""V3_breakout_bar"":{""value"":0.8103107054561249,""score"":20.68738036374166},""V4_base_dryup"":{""value"":0.8003296792650008,""score"":69.96703207349992},""V5_bo_expansion"":{""value"":0.6679645497082549,""score"":0},""_score"":30.0},""readiness"":{""_distance_atr"":-0.066,""BR1_atr_distance"":{""score"":100.0},""BR2_compression"":{""score"":73.65762487592872},""BR3_retest"":{""score"":92.22055536845971},""BR4_bo_age"":{""score"":30.0},""_score"":81.36},""risk"":{""R1_stop_clarity"":{""score"":65.7390115217016},""R2_stop_distance_pct"":{""value"":2.263482914779735,""score"":100.0},""R3_stop_distance_atr"":{""value"":0.3927583708375411,""score"":44.637918541877056},""R4_rr_potential"":{""value"":0.6245907602764715,""score"":0.0},""_score"":59.7},""market"":{""M1_spy_regime"":{""score"":100.0},""M3_earnings_risk"":{""value"":null,""score"":80.0},""M4_vix"":{""value"":null,""score"":60.0},""_score"":84.0},""liquidity"":{""L1_price"":{""value"":12.145,""score"":100.0},""L2_dollar_vol"":{""value"":45102655.65251582,""score"":82.71010569841968},""L3_spread_proxy"":{""value"":0.04116920543433512,""score"":58.83079456566488},""L4_volume_zscore"":{""value"":-1.3748428709021785,""score"":100.0},""_score"":88.97},""pattern_structure"":{""level"":12.0989,""level_idx"":32,""breakout_idx"":39,""bo_peak_idx"":69,""bo_peak_price"":12.985,""retest_idx"":74,""retest_low"":11.99,""structural_low"":11.99,""current_price"":12.135,""neckline_distance_pct"":-0.0029748660898227734,""base_bars"":47,""bars_since_breakout"":40},""pattern_geometry_features"":{""retest_depth_atr"":0.4480954620268057,""bars_breakout_to_retest"":35.0,""bars_since_retest"":5.0,""current_above_level_atr"":0.148542205501996,""bo_peak_excess_pct"":0.07323806296440163,""atr_pct"":0.05763041816150094},""_schema_version"":""1.0""}",,,,,,,,,,
20260508T195117Z-64671e,2026-05-08T19:51:17.654677+00:00,KEYS,breakout_retest_hold,breakout_confirmed,64.57,94.7,63.0,64.4,42.4,58.4,57.2,52.6,84.0,98.3,13.26,13.85,3.86,5.94,7.59,10.29,2.63,4.2,2.95,False,,359.85,354.23,348.9057,357.83,"{""trend"":{""T1_ema_stack"":{""value"":[true,true,true],""score"":100.0},""T2_ema50_slope"":{""value"":0.5410786743995788,""score"":100},""T3_high_proximity"":{""value"":0.981373404603469,""score"":90.68670230173448},""T4_rs_1m"":{""value"":0.030429636015062655,""score"":80.42963601506266},""T5_rs_3m"":{""value"":0.4910737761612576,""score"":100},""T6_adr_healthy"":{""value"":2.582736527789426,""score"":100.0},""_score"":94.69},""geometry"":{""sub_retest_depth"":100.0,""sub_retest_timing"":0.0,""sub_retest_freshness"":100.0,""sub_hold_quality"":43.2,""_score"":62.96},""compression"":{""VC1_atr_ratio"":{""value"":0.5969207504427249,""score"":100},""VC2_range_contraction"":{""value"":0.9574814439266643,""score"":7.08642601222261},""VC3_range_pct_rank"":{""score"":87.5},""_score"":64.36},""sr_quality"":{""SR1_touches"":{""value"":2,""score"":25.0},""SR2_tightness"":{""value"":0.8850000000000193,""score"":82.66335138826079},""SR3_recency"":{""value"":251,""score"":0.0},""SR4_price_location"":{""score"":30.0},""SR5_reaction"":{""value"":3.076030788992419,""score"":100},""_score"":42.4,""_levels_found"":3,""_target_level"":265.585},""volume"":{""V1_rvol_day"":{""value"":0.6849246588395065,""score"":12.328310589300433},""V2_rvol_sameslot"":{""value"":1.7197116875038543,""score"":81.31411250025695,""status"":""ok""},""V3_breakout_bar"":{""value"":1.7459589999163354,""score"":83.06393332775569},""V4_base_dryup"":{""value"":0.554722119042868,""score"":94.5277880957132},""V5_bo_expansion"":{""value"":0.6849246588395065,""score"":0},""_score"":58.4},""readiness"":{""_distance_atr"":-0.55,""BR1_atr_distance"":{""score"":48.99073839570934},""BR2_compression"":{""score"":59.321626741664154},""BR3_retest"":{""score"":91.18475494318359},""BR4_bo_age"":{""score"":30.0},""_score"":57.16},""risk"":{""R1_stop_clarity"":{""score"":30.960959658360593},""R2_stop_distance_pct"":{""value"":3.0413505627344724,""score"":100.0},""R3_stop_distance_atr"":{""value"":1.0719631830590584,""score"":78.59815915295292},""R4_rr_potential"":{""value"":-0.18457096388073993,""score"":0.0},""_score"":52.63},""market"":{""M1_spy_regime"":{""score"":100.0},""M3_earnings_risk"":{""value"":null,""score"":80.0},""M4_vix"":{""value"":null,""score"":60.0},""_score"":84.0},""liquidity"":{""L1_price"":{""value"":359.85,""score"":100.0},""L2_dollar_vol"":{""value"":261802689.37893018,""score"":100.0},""L3_spread_proxy"":{""value"":0.017173822426010857,""score"":82.82617757398914},""L4_volume_zscore"":{""value"":-1.1007746278493555,""score"":100.0},""_score"":98.28},""pattern_structure"":{""level"":354.23,""level_idx"":50,""breakout_idx"":56,""bo_peak_idx"":68,""bo_peak_price"":367.12,""retest_idx"":73,""retest_low"":352.43,""structural_low"":352.43,""current_price"":359.48,""neckline_distance_pct"":-0.0146044286191165,""base_bars"":29,""bars_since_breakout"":23},""pattern_geometry_features"":{""retest_depth_atr"":0.4987610143057359,""bars_breakout_to_retest"":17.0,""bars_since_retest"":6.0,""current_above_level_atr"":1.4547196250583871,""bo_peak_excess_pct"":0.03638878694633426,""atr_pct"":0.028371781893249154},""_schema_version"":""1.0""}",,,,,,,,,,
20260508T195117Z-64671e,2026-05-08T19:51:17.654677+00:00,LRCX,high_tight_pullback,candidate,63.76,99.1,70.2,44.4,41.6,22.1,64.6,75.3,84.0,96.6,11.9,24.57,4.44,3.33,3.09,5.82,0.75,5.04,4.83,False,,293.775,297.995,278.8929,345.87,"{""trend"":{""T1_ema_stack"":{""value"":[true,true,true],""score"":100.0},""T2_ema50_slope"":{""value"":0.37585054959100694,""score"":100},""T3_high_proximity"":{""value"":0.9885755628091664,""score"":94.28778140458316},""T4_rs_1m"":{""value"":0.051454400970417424,""score"":100},""T5_rs_3m"":{""value"":0.20464250579237664,""score"":100},""T6_adr_healthy"":{""value"":3.876329878572249,""score"":100.0},""_score"":99.14},""geometry"":{""sub_pole_impulse"":76.8,""sub_flag_tightness"":58.3,""sub_flag_shallowness"":47.9,""sub_flag_drift"":100,""sub_flag_duration"":80.0,""_score"":70.19},""compression"":{""VC1_atr_ratio"":{""value"":0.7205839508780943,""score"":69.85401228047641},""VC2_range_contraction"":{""value"":1.0575972680279169,""score"":0},""VC3_range_pct_rank"":{""score"":65.83333333333333},""_score"":44.4},""sr_quality"":{""SR1_touches"":{""value"":2,""score"":25.0},""SR2_tightness"":{""value"":1.1699999999999875,""score"":83.05925279721438},""SR3_recency"":{""value"":233,""score"":0.0},""SR4_price_location"":{""score"":30.0},""SR5_reaction"":{""value"":1.8917167709777476,""score"":94.58583854888738},""_score"":41.65,""_levels_found"":8,""_target_level"":274.67},""volume"":{""V1_rvol_day"":{""value"":0.5474487994132303,""score"":3.163253294215355},""V2_rvol_sameslot"":{""value"":0.903194777715475,""score"":26.879651847698334,""status"":""ok""},""V3_breakout_bar"":{""value"":0.9663197025746953,""score"":31.087980171646358},""V4_base_dryup"":{""value"":1.0866423641648701,""score"":41.335763583512986},""V5_bo_expansion"":{""value"":0.5474487994132302,""score"":0},""_score"":22.05},""readiness"":{""_distance_atr"":0.306,""BR1_atr_distance"":{""score"":79.63249196702093},""BR2_compression"":{""score"":61.15059664253638},""BR3_retest"":{""score"":50.0},""BR4_bo_age"":{""score"":50.0},""_score"":64.64},""risk"":{""R1_stop_clarity"":{""score"":38.505087653887706},""R2_stop_distance_pct"":{""value"":5.065815675261674,""score"":100.0},""R3_stop_distance_atr"":{""value"":1.0774098031905053,""score"":78.87049015952526},""R4_rr_potential"":{""value"":3.5005140403572144,""score"":100.0},""_score"":75.31},""market"":{""M1_spy_regime"":{""score"":100.0},""M3_earnings_risk"":{""value"":null,""score"":80.0},""M4_vix"":{""value"":null,""score"":60.0},""_score"":84.0},""liquidity"":{""L1_price"":{""value"":293.775,""score"":100.0},""L2_dollar_vol"":{""value"":1515947735.0279417,""score"":100.0},""L3_spread_proxy"":{""value"":0.03369925963747778,""score"":66.30074036252222},""L4_volume_zscore"":{""value"":-1.7607736803890395,""score"":100.0},""_score"":96.63},""pattern_structure"":{""pole_low"":250.12,""pole_low_idx"":24,""peak_price"":297.995,""peak_idx"":48,""pole_gain"":0.1914081241004318,""flag_bars"":11,""flag_low"":283.14,""flag_high"":297.42,""structural_low"":283.14,""current_price"":293.47,""neckline_distance_pct"":0.015418952533478641,""base_bars"":11},""pattern_geometry_features"":{""pole_gain"":0.1914081241004318,""pullback_pct"":0.049849829695129175,""flag_range_pct"":0.047920267118575915,""flag_drift_per_bar"":0.003820895429918566,""atr_pct"":0.04701846651348825,""pole_atr_multiple"":4.07091379820995},""_schema_version"":""1.0""}",,,,,,,,,,
20260508T195117Z-64671e,2026-05-08T19:51:17.654677+00:00,UUUU,double_bottom,candidate,63.35,81.0,74.0,42.6,51.5,29.5,49.4,79.0,84.0,90.0,12.15,18.51,3.41,7.22,3.83,3.95,4.74,5.04,4.5,False,,21.447,22.76,19.961,25.255,"{""trend"":{""T1_ema_stack"":{""value"":[true,true,true],""score"":100.0},""T2_ema50_slope"":{""value"":0.2844830644834034,""score"":97.41384408056723},""T3_high_proximity"":{""value"":0.9118626275510204,""score"":55.93131377551019},""T4_rs_1m"":{""value"":0.08682422336320661,""score"":100},""T5_rs_3m"":{""value"":-0.05635780973186644,""score"":21.82109513406678},""T6_adr_healthy"":{""value"":8.118802185747933,""score"":97.02994535630167},""_score"":81.0},""geometry"":{""sub_low_similarity"":62.4,""sub_bounce_quality"":100,""sub_separation_fit"":26.7,""sub_right_bottom_reaction"":75.4,""sub_base_context"":100.0,""_score"":74.03},""compression"":{""VC1_atr_ratio"":{""value"":0.6047097746561195,""score"":98.82255633597012},""VC2_range_contraction"":{""value"":1.0892084730494105,""score"":0},""VC3_range_pct_rank"":{""score"":12.5},""_score"":42.65},""sr_quality"":{""SR1_touches"":{""value"":3,""score"":50.0},""SR2_tightness"":{""value"":0.32484531703566244,""score"":65.32169388113576},""SR3_recency"":{""value"":234,""score"":0.0},""SR4_price_location"":{""score"":46.95611017967521},""SR5_reaction"":{""value"":2.132717214349166,""score"":100},""_score"":51.54,""_levels_found"":5,""_target_level"":23.5532},""volume"":{""V1_rvol_day"":{""value"":0.9591556261091473,""score"":30.610375073943153},""V2_rvol_sameslot"":{""value"":1.0368060697743564,""score"":35.78707131829042,""status"":""ok""},""V3_breakout_bar"":{""value"":0.5110465883561583,""score"":0.7364392237438899},""V4_base_dryup"":{""value"":0.6999268179156399,""score"":80.007318208436},""V5_bo_expansion"":{""value"":0.9591556261091473,""score"":0},""_score"":29.47},""readiness"":{""_distance_atr"":0.701,""BR1_atr_distance"":{""score"":53.277963960597866},""BR2_compression"":{""score"":42.34962683179516},""BR3_retest"":{""score"":50.0},""BR4_bo_age"":{""score"":50.0},""_score"":49.4},""risk"":{""R1_stop_clarity"":{""score"":67.54966887417206},""R2_stop_distance_pct"":{""value"":6.928630467772928,""score"":100.0},""R3_stop_distance_atr"":{""value"":0.7931683995013106,""score"":64.65841997506553},""R4_rr_potential"":{""value"":2.5626056538966746,""score"":78.13028269483372},""_score"":78.97},""market"":{""M1_spy_regime"":{""score"":100.0},""M3_earnings_risk"":{""value"":null,""score"":80.0},""M4_vix"":{""value"":null,""score"":60.0},""_score"":84.0},""liquidity"":{""L1_price"":{""value"":21.447009,""score"":100.0},""L2_dollar_vol"":{""value"":227921426.81661355,""score"":100.0},""L3_spread_proxy"":{""value"":0.1149157908219277,""score"":0},""L4_volume_zscore"":{""value"":-0.13860221182716842,""score"":100.0},""_score"":90.0},""pattern_structure"":{""left_low"":20.265,""left_idx"":20,""right_low"":20.65,""right_idx"":61,""separation_bars"":41,""structural_low"":20.265,""current_price"":21.47,""neckline_distance_pct"":0.06008383791336762,""base_bars"":41},""pattern_geometry_features"":{""low_similarity_pct"":0.01881950384944387,""bounce_pct"":0.12311867752282264,""right_bottom_reaction"":0.7538461538461503,""atr_pct"":0.08735383900983916},""_schema_version"":""1.0""}",,,,,,,,,,
20260508T195117Z-64671e,2026-05-08T19:51:17.654677+00:00,RGTI,double_bottom,candidate,62.42,70.6,80.6,67.3,42.2,15.5,62.7,60.1,84.0,94.0,10.58,20.16,5.38,5.91,2.02,5.02,3.61,5.04,4.7,False,,18.4299,18.6486,16.8238,20.2172,"{""trend"":{""T1_ema_stack"":{""value"":[true,true,false],""score"":66.66666666666666},""T2_ema50_slope"":{""value"":0.13720029899463126,""score"":72.86671649910521},""T3_high_proximity"":{""value"":0.9173668491786958,""score"":58.68342458934789},""T4_rs_1m"":{""value"":0.2040395231123664,""score"":100},""T5_rs_3m"":{""value"":-0.02640633844161111,""score"":36.796830779194444},""T6_adr_healthy"":{""value"":7.430980890826425,""score"":100.0},""_score"":70.56},""geometry"":{""sub_low_similarity"":80.2,""sub_bounce_quality"":88.3,""sub_separation_fit"":80.0,""sub_right_bottom_reaction"":46.1,""sub_base_context"":100.0,""_score"":80.63},""compression"":{""VC1_atr_ratio"":{""value"":0.5895954961290889,""score"":100},""VC2_range_contraction"":{""value"":0.8393449972635301,""score"":26.775833789411656},""VC3_range_pct_rank"":{""score"":71.66666666666667},""_score"":67.29},""sr_quality"":{""SR1_touches"":{""value"":2,""score"":25.0},""SR2_tightness"":{""value"":0.26500000000000057,""score"":60.35541212739689},""SR3_recency"":{""value"":313,""score"":0.0},""SR4_price_location"":{""score"":42.58916758916758},""SR5_reaction"":{""value"":3.7785780309142294,""score"":100},""_score"":42.2,""_levels_found"":4,""_target_level"":21.265},""volume"":{""V1_rvol_day"":{""value"":0.4428578260997353,""score"":0},""V2_rvol_sameslot"":{""value"":0.6361709424282089,""score"":9.078062828547262,""status"":""ok""},""V3_breakout_bar"":{""value"":0.6890869263278099,""score"":12.605795088520658},""V4_base_dryup"":{""value"":0.9714695134466592,""score"":52.85304865533408},""V5_bo_expansion"":{""value"":0.4428578260997354,""score"":0},""_score"":15.54},""readiness"":{""_distance_atr"":0.164,""BR1_atr_distance"":{""score"":89.09399827957458},""BR2_compression"":{""score"":38.3604425671343},""BR3_retest"":{""score"":50.0},""BR4_bo_age"":{""score"":50.0},""_score"":62.73},""risk"":{""R1_stop_clarity"":{""score"":61.671911649204205},""R2_stop_distance_pct"":{""value"":8.714643052865188,""score"":82.1339236783703},""R3_stop_distance_atr"":{""value"":1.20138061475826,""score"":85.069030737913},""R4_rr_potential"":{""value"":1.112819874229498,""score"":5.640993711474895},""_score"":60.11},""market"":{""M1_spy_regime"":{""score"":100.0},""M3_earnings_risk"":{""value"":null,""score"":80.0},""M4_vix"":{""value"":null,""score"":60.0},""_score"":84.0},""liquidity"":{""L1_price"":{""value"":18.4299,""score"":100.0},""L2_dollar_vol"":{""value"":259357944.49223515,""score"":100.0},""L3_spread_proxy"":{""value"":0.059685619563860974,""score"":40.314380436139025},""L4_volume_zscore"":{""value"":-1.0540694181276378,""score"":100.0},""_score"":94.03},""pattern_structure"":{""left_low"":17.25,""left_idx"":49,""right_low"":17.08,""right_idx"":56,""separation_bars"":7,""structural_low"":17.08,""current_price"":18.345,""neckline_distance_pct"":0.016549468520032678,""base_bars"":7},""pattern_geometry_features"":{""low_similarity_pct"":0.009903874162540151,""bounce_pct"":0.09183840749414521,""right_bottom_reaction"":0.461111111111113,""atr_pct"":0.07253856892487595},""_schema_version"":""1.0""}",,,,,,,,,,
20260508T195117Z-64671e,2026-05-08T19:51:17.654677+00:00,MU,double_bottom,setup,62.36,100.0,81.1,1.7,52.5,45.5,41.2,34.2,84.0,65.8,15.0,20.27,0.13,7.36,5.92,3.3,2.05,5.04,3.29,False,,737.72,683.09,618.1663,738.6,"{""trend"":{""T1_ema_stack"":{""value"":[true,true,true],""score"":100.0},""T2_ema50_slope"":{""value"":0.5354400444816207,""score"":100},""T3_high_proximity"":{""value"":1.0,""score"":99.99999999999997},""T4_rs_1m"":{""value"":0.666319821950123,""score"":100},""T5_rs_3m"":{""value"":0.8020567789219093,""score"":100},""T6_adr_healthy"":{""value"":5.7387940094309435,""score"":100.0},""_score"":100.0},""geometry"":{""sub_low_similarity"":75.2,""sub_bounce_quality"":83.5,""sub_separation_fit"":100.0,""sub_right_bottom_reaction"":45.4,""sub_base_context"":100.0,""_score"":81.07},""compression"":{""VC1_atr_ratio"":{""value"":1.0736187580442584,""score"":0},""VC2_range_contraction"":{""value"":1.095600144773612,""score"":0},""VC3_range_pct_rank"":{""score"":6.666666666666665},""_score"":1.67},""sr_quality"":{""SR1_touches"":{""value"":4,""score"":75.0},""SR2_tightness"":{""value"":7.9966410918506945,""score"":61.61614688611004},""SR3_recency"":{""value"":237,""score"":0.0},""SR4_price_location"":{""score"":30.0},""SR5_reaction"":{""value"":1.7727522856985645,""score"":88.63761428492822},""_score"":52.54,""_levels_found"":4,""_target_level"":441.765},""volume"":{""V1_rvol_day"":{""value"":1.2739905549601669,""score"":51.59937033067779},""V2_rvol_sameslot"":{""value"":1.904787102963051,""score"":93.65247353087007,""status"":""ok""},""V3_breakout_bar"":{""value"":0.9592150230459786,""score"":30.614334869731906},""V4_base_dryup"":{""value"":1.1967371601048022,""score"":30.32628398951978},""V5_bo_expansion"":{""value"":1.273990554960167,""score"":18.26603699734447},""_score"":45.51},""readiness"":{""_distance_atr"":-1.311,""BR1_atr_distance"":{""score"":33.77761648264105},""BR2_compression"":{""score"":40.92720894676762},""BR3_retest"":{""score"":50.0},""BR4_bo_age"":{""score"":50.0},""_score"":41.24},""risk"":{""R1_stop_clarity"":{""score"":54.81426840245954},""R2_stop_distance_pct"":{""value"":16.205836902889992,""score"":0.0},""R3_stop_distance_atr"":{""value"":2.869286996448176,""score"":100.0},""R4_rr_potential"":{""value"":0.007360709037026835,""score"":0.0},""_score"":34.18},""market"":{""M1_spy_regime"":{""score"":100.0},""M3_earnings_risk"":{""value"":null,""score"":80.0},""M4_vix"":{""value"":null,""score"":60.0},""_score"":84.0},""liquidity"":{""L1_price"":{""value"":737.72,""score"":0.0},""L2_dollar_vol"":{""value"":39549804924.79956,""score"":100.0},""L3_spread_proxy"":{""value"":0.09160643604619632,""score"":8.393563953803678},""L4_volume_zscore"":{""value"":1.2469551545971516,""score"":100.0},""_score"":65.84},""pattern_structure"":{""left_low"":627.58,""left_idx"":62,""right_low"":635.4201,""right_idx"":73,""separation_bars"":11,""structural_low"":627.58,""current_price"":732.9899,""neckline_distance_pct"":-0.0680771999723325,""base_bars"":11},""pattern_geometry_features"":{""low_similarity_pct"":0.012415042564129656,""bounce_pct"":0.08845087478887152,""right_bottom_reaction"":0.4537947812255016,""atr_pct"":0.05648036227449823},""_schema_version"":""1.0""}",,,,,,,,,,
20260508T195117Z-64671e,2026-05-08T19:51:17.654677+00:00,LRCX,double_bottom,candidate,62.28,99.1,65.4,44.4,41.6,22.8,64.6,61.0,84.0,96.6,14.87,16.36,3.55,5.83,2.97,5.17,3.66,5.04,4.83,False,,293.775,297.995,270.8257,321.04,"{""trend"":{""T1_ema_stack"":{""value"":[true,true,true],""score"":100.0},""T2_ema50_slope"":{""value"":0.37585054959100694,""score"":100},""T3_high_proximity"":{""value"":0.9885755628091664,""score"":94.28778140458316},""T4_rs_1m"":{""value"":0.051454400970417424,""score"":100},""T5_rs_3m"":{""value"":0.20464250579237664,""score"":100},""T6_adr_healthy"":{""value"":3.876329878572249,""score"":100.0},""_score"":99.14},""geometry"":{""sub_low_similarity"":41.3,""sub_bounce_quality"":76.9,""sub_separation_fit"":93.3,""sub_right_bottom_reaction"":24.5,""sub_base_context"":100.0,""_score"":65.44},""compression"":{""VC1_atr_ratio"":{""value"":0.7205839508780943,""score"":69.85401228047641},""VC2_range_contraction"":{""value"":1.0575972680279169,""score"":0},""VC3_range_pct_rank"":{""score"":65.83333333333333},""_score"":44.4},""sr_quality"":{""SR1_touches"":{""value"":2,""score"":25.0},""SR2_tightness"":{""value"":1.1699999999999875,""score"":83.05925279721438},""SR3_recency"":{""value"":233,""score"":0.0},""SR4_price_location"":{""score"":30.0},""SR5_reaction"":{""value"":1.8917167709777476,""score"":94.58583854888738},""_score"":41.65,""_levels_found"":8,""_target_level"":274.67},""volume"":{""V1_rvol_day"":{""value"":0.5474487994132303,""score"":3.163253294215355},""V2_rvol_sameslot"":{""value"":0.903194777715475,""score"":26.879651847698334,""status"":""ok""},""V3_breakout_bar"":{""value"":0.9663197025746953,""score"":31.087980171646358},""V4_base_dryup"":{""value"":1.0471234810500092,""score"":45.28765189499908},""V5_bo_expansion"":{""value"":0.5474487994132302,""score"":0},""_score"":22.84},""readiness"":{""_distance_atr"":0.306,""BR1_atr_distance"":{""score"":79.63249196702093},""BR2_compression"":{""score"":61.15059664253638},""BR3_retest"":{""score"":50.0},""BR4_bo_age"":{""score"":50.0},""_score"":64.64},""risk"":{""R1_stop_clarity"":{""score"":40.28386611017979},""R2_stop_distance_pct"":{""value"":7.811845800357419,""score"":100.0},""R3_stop_distance_atr"":{""value"":1.6614420630065478,""score"":100.0},""R4_rr_potential"":{""value"":1.1880562545616975,""score"":9.402812728084875},""_score"":60.98},""market"":{""M1_spy_regime"":{""score"":100.0},""M3_earnings_risk"":{""value"":null,""score"":80.0},""M4_vix"":{""value"":null,""score"":60.0},""_score"":84.0},""liquidity"":{""L1_price"":{""value"":293.775,""score"":100.0},""L2_dollar_vol"":{""value"":1515947735.0279417,""score"":100.0},""L3_spread_proxy"":{""value"":0.03369925963747778,""score"":66.30074036252222},""L4_volume_zscore"":{""value"":-1.7607736803890395,""score"":100.0},""_score"":96.63},""pattern_structure"":{""left_low"":274.95,""left_idx"":61,""right_low"":283.14,""right_idx"":70,""separation_bars"":9,""structural_low"":274.95,""current_price"":293.47,""neckline_distance_pct"":0.015418952533478641,""base_bars"":9},""pattern_geometry_features"":{""low_similarity_pct"":0.02935010482180293,""bounce_pct"":0.08381523913438813,""right_bottom_reaction"":0.24474474474474314,""atr_pct"":0.04701846651348825},""_schema_version"":""1.0""}",,,,,,,,,,
20260508T195117Z-64671e,2026-05-08T19:51:17.654677+00:00,IONQ,double_bottom,candidate,62.14,85.4,78.0,44.2,59.3,8.3,27.9,83.1,84.0,93.2,12.81,19.49,3.54,8.3,1.08,2.23,4.99,5.04,4.66,False,,48.485,53.485,44.5565,61.735,"{""trend"":{""T1_ema_stack"":{""value"":[true,true,false],""score"":66.66666666666666},""T2_ema50_slope"":{""value"":0.6519731750163094,""score"":100},""T3_high_proximity"":{""value"":0.9222940840783717,""score"":61.147042039185806},""T4_rs_1m"":{""value"":0.642809748344856,""score"":100},""T5_rs_3m"":{""value"":0.3186259342299871,""score"":100},""T6_adr_healthy"":{""value"":8.334603795487245,""score"":91.63490511281887},""_score"":85.42},""geometry"":{""sub_low_similarity"":54.8,""sub_bounce_quality"":100,""sub_separation_fit"":100.0,""sub_right_bottom_reaction"":43.4,""sub_base_context"":100.0,""_score"":77.95},""compression"":{""VC1_atr_ratio"":{""value"":0.726530624242384,""score"":68.367343939404},""VC2_range_contraction"":{""value"":0.9429296694209635,""score"":9.511721763172758},""VC3_range_pct_rank"":{""score"":54.16666666666667},""_score"":44.22},""sr_quality"":{""SR1_touches"":{""value"":3,""score"":50.0},""SR2_tightness"":{""value"":1.059811303959343,""score"":43.09639761594811},""SR3_recency"":{""value"":235,""score"":0.0},""SR4_price_location"":{""score"":92.88685524126447},""SR5_reaction"":{""value"":1.9458948796176097,""score"":97.29474398088048},""_score"":59.28,""_levels_found"":7,""_target_level"":48.77},""volume"":{""V1_rvol_day"":{""value"":0.561715197396321,""score"":4.114346493088069},""V2_rvol_sameslot"":{""value"":0.8183481852574964,""score"":21.22321235049976,""status"":""ok""},""V3_breakout_bar"":{""value"":0.6942087843639068,""score"":12.947252290927116},""V4_base_dryup"":{""value"":1.9444218152570873,""score"":0},""V5_bo_expansion"":{""value"":0.5617151973963209,""score"":0},""_score"":8.3},""readiness"":{""_distance_atr"":1.342,""BR1_atr_distance"":{""score"":10.512997028392306},""BR2_compression"":{""score"":24.72951299903094},""BR3_retest"":{""score"":50.0},""BR4_bo_age"":{""score"":50.0},""_score"":27.89},""risk"":{""R1_stop_clarity"":{""score"":63.56849878521391},""R2_stop_distance_pct"":{""value"":8.10255749200784,""score"":97.43606269980401},""R3_stop_distance_atr"":{""value"":1.0546557850471054,""score"":77.73278925235527},""R4_rr_potential"":{""value"":3.372767132702477,""score"":100.0},""_score"":83.14},""market"":{""M1_spy_regime"":{""score"":100.0},""M3_earnings_risk"":{""value"":null,""score"":80.0},""M4_vix"":{""value"":null,""score"":60.0},""_score"":84.0},""liquidity"":{""L1_price"":{""value"":48.485,""score"":100.0},""L2_dollar_vol"":{""value"":1064944561.0482625,""score"":100.0},""L3_spread_proxy"":{""value"":0.06764978859441066,""score"":32.350211405589334},""L4_volume_zscore"":{""value"":-0.7805110251719105,""score"":100.0},""_score"":93.24},""pattern_structure"":{""left_low"":45.235,""left_idx"":49,""right_low"":46.27,""right_idx"":72,""separation_bars"":23,""structural_low"":45.235,""current_price"":48.29,""neckline_distance_pct"":0.10757920894595155,""base_bars"":23},""pattern_geometry_features"":{""low_similarity_pct"":0.02262171466040115,""bounce_pct"":0.18238089974577207,""right_bottom_reaction"":0.4342105263157884,""atr_pct"":0.07682655902414591},""_schema_version"":""1.0""}",,,,,,,,,,
20260508T195117Z-64671e,2026-05-08T19:51:17.654677+00:00,TXN,breakout_retest_hold,setup,61.76,100.0,49.9,59.0,49.3,21.9,74.5,58.9,84.0,98.2,13.99,10.98,3.54,6.9,2.85,13.41,2.95,4.2,2.95,False,,289.24,283.79,278.19,289.37,"{""trend"":{""T1_ema_stack"":{""value"":[true,true,true],""score"":100.0},""T2_ema50_slope"":{""value"":0.6440762946784538,""score"":100},""T3_high_proximity"":{""value"":0.9993090105030404,""score"":99.65450525152019},""T4_rs_1m"":{""value"":0.2615634407972647,""score"":100},""T5_rs_3m"":{""value"":0.23912205657377816,""score"":100},""T6_adr_healthy"":{""value"":3.1463031912650847,""score"":100.0},""_score"":99.95},""geometry"":{""sub_retest_depth"":99.7,""sub_retest_timing"":100.0,""sub_retest_freshness"":0.0,""sub_hold_quality"":0.0,""_score"":49.91},""compression"":{""VC1_atr_ratio"":{""value"":0.5607731974325193,""score"":100},""VC2_range_contraction"":{""value"":1.0152486995623702,""score"":0},""VC3_range_pct_rank"":{""score"":75.83333333333333},""_score"":58.96},""sr_quality"":{""SR1_touches"":{""value"":4,""score"":75.0},""SR2_tightness"":{""value"":2.6941881894181074,""score"":53.52332370556046},""SR3_recency"":{""value"":275,""score"":0.0},""SR4_price_location"":{""score"":30.0},""SR5_reaction"":{""value"":1.4970387297065348,""score"":74.85193648532675},""_score"":49.26,""_levels_found"":5,""_target_level"":228.58},""volume"":{""V1_rvol_day"":{""value"":0.5064049393126601,""score"":0.42699595417733754},""V2_rvol_sameslot"":{""value"":0.8895213083611585,""score"":25.968087224077234,""status"":""ok""},""V3_breakout_bar"":{""value"":1.0547208823878458,""score"":36.98139215918972},""V4_base_dryup"":{""value"":1.1291982160299119,""score"":37.08017839700881},""V5_bo_expansion"":{""value"":0.50640493931266,""score"":0},""_score"":21.94},""readiness"":{""_distance_atr"":-0.47,""BR1_atr_distance"":{""score"":100.0},""BR2_compression"":{""score"":49.6784347849098},""BR3_retest"":{""score"":87.96762533415553},""BR4_bo_age"":{""score"":30.0},""_score"":74.51},""risk"":{""R1_stop_clarity"":{""score"":51.525487009286394},""R2_stop_distance_pct"":{""value"":3.8203567971234995,""score"":100.0},""R3_stop_distance_atr"":{""value"":0.9531020792658105,""score"":72.65510396329053},""R4_rr_potential"":{""value"":0.011764705882357661,""score"":0.0},""_score"":58.93},""market"":{""M1_spy_regime"":{""score"":100.0},""M3_earnings_risk"":{""value"":null,""score"":80.0},""M4_vix"":{""value"":null,""score"":60.0},""_score"":84.0},""liquidity"":{""L1_price"":{""value"":289.24,""score"":100.0},""L2_dollar_vol"":{""value"":1233183640.1334653,""score"":100.0},""L3_spread_proxy"":{""value"":0.01832353754667397,""score"":81.67646245332602},""L4_volume_zscore"":{""value"":-0.8585516325005602,""score"":100.0},""_score"":98.17},""pattern_structure"":{""level"":283.79,""level_idx"":50,""breakout_idx"":63,""bo_peak_idx"":67,""bo_peak_price"":292.64,""retest_idx"":68,""retest_low"":281.0,""structural_low"":281.0,""current_price"":289.12,""neckline_distance_pct"":-0.018435251798561095,""base_bars"":29,""bars_since_breakout"":16},""pattern_geometry_features"":{""retest_depth_atr"":1.0022348862927908,""bars_breakout_to_retest"":5.0,""bars_since_retest"":11.0,""current_above_level_atr"":1.9146637791901504,""bo_peak_excess_pct"":0.031185031185031062,""atr_pct"":0.040083395894659896},""_schema_version"":""1.0""}",,,,,,,,,,
20260508T195117Z-64671e,2026-05-08T19:51:17.654677+00:00,AMAT,double_bottom,setup,61.76,91.5,58.7,21.0,57.2,43.4,70.4,43.3,84.0,95.4,13.72,14.67,1.68,8.02,5.64,5.63,2.6,5.04,4.77,False,,434.12,432.81,392.03,467.62,"{""trend"":{""T1_ema_stack"":{""value"":[true,true,true],""score"":100.0},""T2_ema50_slope"":{""value"":0.3382447950899864,""score"":100},""T3_high_proximity"":{""value"":1.0,""score"":99.99999999999997},""T4_rs_1m"":{""value"":0.007410688313119529,""score"":57.41068831311953},""T5_rs_3m"":{""value"":0.27901109953574754,""score"":100},""T6_adr_healthy"":{""value"":3.2309111617976853,""score"":100.0},""_score"":91.48},""geometry"":{""sub_low_similarity"":60.1,""sub_bounce_quality"":82.1,""sub_separation_fit"":0.0,""sub_right_bottom_reaction"":28.1,""sub_base_context"":100.0,""_score"":58.67},""compression"":{""VC1_atr_ratio"":{""value"":0.8506973301118389,""score"":37.32566747204027},""VC2_range_contraction"":{""value"":1.1173605211255415,""score"":0},""VC3_range_pct_rank"":{""score"":24.16666666666667},""_score"":20.97},""sr_quality"":{""SR1_touches"":{""value"":4,""score"":75.0},""SR2_tightness"":{""value"":1.5960028195463891,""score"":81.67844057627087},""SR3_recency"":{""value"":230,""score"":0.0},""SR4_price_location"":{""score"":30.0},""SR5_reaction"":{""value"":2.412162200944774,""score"":100},""_score"":57.25,""_levels_found"":4,""_target_level"":378.265},""volume"":{""V1_rvol_day"":{""value"":0.759003269749795,""score"":17.266884649986338},""V2_rvol_sameslot"":{""value"":1.5712175481945188,""score"":71.41450321296792,""status"":""ok""},""V3_breakout_bar"":{""value"":1.1873568135892776,""score"":45.82378757261851},""V4_base_dryup"":{""value"":0.7900422972593595,""score"":70.99577027406406},""V5_bo_expansion"":{""value"":0.759003269749795,""score"":0},""_score"":43.39},""readiness"":{""_distance_atr"":-0.075,""BR1_atr_distance"":{""score"":100.0},""BR2_compression"":{""score"":51.66905908212798},""BR3_retest"":{""score"":50.0},""BR4_bo_age"":{""score"":50.0},""_score"":70.42},""risk"":{""R1_stop_clarity"":{""score"":31.46646834198515},""R2_stop_distance_pct"":{""value"":9.695475905279654,""score"":57.613102368008654},""R3_stop_distance_atr"":{""value"":2.4158930883465946,""score"":100.0},""R4_rr_potential"":{""value"":0.7959135186505102,""score"":0.0},""_score"":43.3},""market"":{""M1_spy_regime"":{""score"":100.0},""M3_earnings_risk"":{""value"":null,""score"":80.0},""M4_vix"":{""value"":null,""score"":60.0},""_score"":84.0},""liquidity"":{""L1_price"":{""value"":434.12,""score"":100.0},""L2_dollar_vol"":{""value"":1914353954.1366847,""score"":100.0},""L3_spread_proxy"":{""value"":0.04639270247857745,""score"":53.60729752142255},""L4_volume_zscore"":{""value"":-0.9530016900353812,""score"":100.0},""_score"":95.36},""pattern_structure"":{""left_low"":398.0,""left_idx"":21,""right_low"":406.01,""right_idx"":70,""separation_bars"":49,""structural_low"":398.0,""current_price"":434.2059,""neckline_distance_pct"":-0.003214834252597635,""base_bars"":49},""pattern_geometry_features"":{""low_similarity_pct"":0.019925125309386678,""bounce_pct"":0.08746231155778895,""right_bottom_reaction"":0.2807414104882475,""atr_pct"":0.04013205696910665},""_schema_version"":""1.0""}",,,,,,,,,,
20260508T195117Z-64671e,2026-05-08T19:51:17.654677+00:00,QBTS,double_bottom,setup,61.09,80.0,69.5,63.3,42.9,26.6,64.4,37.1,84.0,95.1,12.01,17.38,5.06,6.01,3.46,5.15,2.23,5.04,4.76,False,,22.2999,21.72,19.2765,23.87,"{""trend"":{""T1_ema_stack"":{""value"":[true,true,false],""score"":66.66666666666666},""T2_ema50_slope"":{""value"":0.30181128211784136,""score"":100},""T3_high_proximity"":{""value"":0.9357910197230382,""score"":67.8955098615191},""T4_rs_1m"":{""value"":0.523915339127808,""score"":100},""T5_rs_3m"":{""value"":0.009194310909038439,""score"":54.59715545451922},""T6_adr_healthy"":{""value"":7.968415525634029,""score"":100.0},""_score"":80.04},""geometry"":{""sub_low_similarity"":20.9,""sub_bounce_quality"":100,""sub_separation_fit"":100.0,""sub_right_bottom_reaction"":55.1,""sub_base_context"":100.0,""_score"":69.53},""compression"":{""VC1_atr_ratio"":{""value"":0.677428407405772,""score"":80.64289814855698},""VC2_range_contraction"":{""value"":0.8541086539559388,""score"":24.315224340676863},""VC3_range_pct_rank"":{""score"":90.0},""_score"":63.27},""sr_quality"":{""SR1_touches"":{""value"":2,""score"":25.0},""SR2_tightness"":{""value"":0.037499999999999645,""score"":95.29906876790835},""SR3_recency"":{""value"":314,""score"":0.0},""SR4_price_location"":{""score"":24.48283370835452},""SR5_reaction"":{""value"":3.983255730659025,""score"":100},""_score"":42.92,""_levels_found"":5,""_target_level"":24.7275},""volume"":{""V1_rvol_day"":{""value"":0.48346118734222776,""score"":0},""V2_rvol_sameslot"":{""value"":0.7269674752500255,""score"":15.131165016668366,""status"":""ok""},""V3_breakout_bar"":{""value"":0.7725336761847361,""score"":18.168911745649076},""V4_base_dryup"":{""value"":0.5464654859703273,""score"":95.35345140296727},""V5_bo_expansion"":{""value"":0.48346118734222776,""score"":0},""_score"":26.64},""readiness"":{""_distance_atr"":-0.363,""BR1_atr_distance"":{""score"":100.0},""BR2_compression"":{""score"":27.45104391841443},""BR3_retest"":{""score"":50.0},""BR4_bo_age"":{""score"":50.0},""_score"":64.36},""risk"":{""R1_stop_clarity"":{""score"":63.20111031518628},""R2_stop_distance_pct"":{""value"":13.558132547679588,""score"":0.0},""R3_stop_distance_atr"":{""value"":1.89507073782235,""score"":100.0},""R4_rr_potential"":{""value"":0.5193074137161178,""score"":0.0},""_score"":37.12},""market"":{""M1_spy_regime"":{""score"":100.0},""M3_earnings_risk"":{""value"":null,""score"":80.0},""M4_vix"":{""value"":null,""score"":60.0},""_score"":84.0},""liquidity"":{""L1_price"":{""value"":22.2999,""score"":100.0},""L2_dollar_vol"":{""value"":371983554.72010005,""score"":100.0},""L3_spread_proxy"":{""value"":0.048879142955798,""score"":51.120857044202005},""L4_volume_zscore"":{""value"":-0.787581735261718,""score"":100.0},""_score"":95.11},""pattern_structure"":{""left_low"":19.57,""left_idx"":45,""right_low"":20.36,""right_idx"":56,""separation_bars"":11,""structural_low"":19.57,""current_price"":22.11,""neckline_distance_pct"":-0.017639077340569905,""base_bars"":11},""pattern_geometry_features"":{""low_similarity_pct"":0.039569246180816385,""bounce_pct"":0.10986203372508935,""right_bottom_reaction"":0.5514018691588782,""atr_pct"":0.07154420295286397},""_schema_version"":""1.0""}",,,,,,,,,,
20260508T195117Z-64671e,2026-05-08T19:51:17.654677+00:00,UUUU,breakout_retest_hold,setup,60.8,81.0,56.2,42.6,51.5,29.0,75.1,62.6,84.0,90.0,11.34,12.37,2.56,7.22,3.77,13.52,3.13,4.2,2.7,False,,21.447,20.99,21.0078,20.53,"{""trend"":{""T1_ema_stack"":{""value"":[true,true,true],""score"":100.0},""T2_ema50_slope"":{""value"":0.2844830644834034,""score"":97.41384408056723},""T3_high_proximity"":{""value"":0.9118626275510204,""score"":55.93131377551019},""T4_rs_1m"":{""value"":0.08682422336320661,""score"":100},""T5_rs_3m"":{""value"":-0.05635780973186644,""score"":21.82109513406678},""T6_adr_healthy"":{""value"":8.118802185747933,""score"":97.02994535630167},""_score"":81.0},""geometry"":{""sub_retest_depth"":20.8,""sub_retest_timing"":0.0,""sub_retest_freshness"":100.0,""sub_hold_quality"":100.0,""_score"":56.24},""compression"":{""VC1_atr_ratio"":{""value"":0.6047097746561195,""score"":98.82255633597012},""VC2_range_contraction"":{""value"":1.0892084730494105,""score"":0},""VC3_range_pct_rank"":{""score"":12.5},""_score"":42.65},""sr_quality"":{""SR1_touches"":{""value"":3,""score"":50.0},""SR2_tightness"":{""value"":0.32484531703566244,""score"":65.32169388113576},""SR3_recency"":{""value"":234,""score"":0.0},""SR4_price_location"":{""score"":46.95611017967521},""SR5_reaction"":{""value"":2.132717214349166,""score"":100},""_score"":51.54,""_levels_found"":5,""_target_level"":23.5532},""volume"":{""V1_rvol_day"":{""value"":0.9591556261091473,""score"":30.610375073943153},""V2_rvol_sameslot"":{""value"":1.0368060697743564,""score"":35.78707131829042,""status"":""ok""},""V3_breakout_bar"":{""value"":0.5110465883561583,""score"":0.7364392237438899},""V4_base_dryup"":{""value"":0.7245890275292806,""score"":77.54109724707195},""V5_bo_expansion"":{""value"":0.9591556261091473,""score"":0},""_score"":28.97},""readiness"":{""_distance_atr"":-0.244,""BR1_atr_distance"":{""score"":100.0},""BR2_compression"":{""score"":42.34962683179516},""BR3_retest"":{""score"":100},""BR4_bo_age"":{""score"":30.0},""_score"":75.09},""risk"":{""R1_stop_clarity"":{""score"":77.34695200295867},""R2_stop_distance_pct"":{""value"":2.0478799631221385,""score"":100.0},""R3_stop_distance_atr"":{""value"":0.23443502727927892,""score"":36.72175136396395},""R4_rr_potential"":{""value"":-2.0878647750842996,""score"":0.0},""_score"":62.58},""market"":{""M1_spy_regime"":{""score"":100.0},""M3_earnings_risk"":{""value"":null,""score"":80.0},""M4_vix"":{""value"":null,""score"":60.0},""_score"":84.0},""liquidity"":{""L1_price"":{""value"":21.447009,""score"":100.0},""L2_dollar_vol"":{""value"":227921426.81661355,""score"":100.0},""L3_spread_proxy"":{""value"":0.1149157908219277,""score"":0},""L4_volume_zscore"":{""value"":-0.13860221182716842,""score"":100.0},""_score"":90.0},""pattern_structure"":{""level"":20.99,""level_idx"":32,""breakout_idx"":42,""bo_peak_idx"":69,""bo_peak_price"":25.79,""retest_idx"":76,""retest_low"":21.22,""structural_low"":21.22,""current_price"":21.47,""neckline_distance_pct"":-0.022356776897997227,""base_bars"":47,""bars_since_breakout"":37},""pattern_geometry_features"":{""retest_depth_atr"":-0.2545716160554054,""bars_breakout_to_retest"":34.0,""bars_since_retest"":3.0,""current_above_level_atr"":0.5312798943764978,""bo_peak_excess_pct"":0.22868032396379234,""atr_pct"":0.08735383900983916},""_schema_version"":""1.0""}",,,,,,,,,,
20260508T195117Z-64671e,2026-05-08T19:51:17.654677+00:00,RKLB,double_bottom,breakout_confirmed,60.45,100.0,68.8,4.2,36.9,68.4,29.4,39.1,84.0,82.5,15.0,17.19,0.34,5.17,8.89,2.36,2.35,5.04,4.12,False,,102.5376,84.79,76.436,91.98,"{""trend"":{""T1_ema_stack"":{""value"":[true,true,true],""score"":100.0},""T2_ema50_slope"":{""value"":0.3564436879031887,""score"":100},""T3_high_proximity"":{""value"":1.0,""score"":99.99999999999997},""T4_rs_1m"":{""value"":0.452509947783593,""score"":100},""T5_rs_3m"":{""value"":0.350776169316118,""score"":100},""T6_adr_healthy"":{""value"":7.4842009612336975,""score"":100.0},""_score"":100.0},""geometry"":{""sub_low_similarity"":91.5,""sub_bounce_quality"":89.5,""sub_separation_fit"":0.0,""sub_right_bottom_reaction"":22.7,""sub_base_context"":100.0,""_score"":68.75},""compression"":{""VC1_atr_ratio"":{""value"":0.9642241085263766,""score"":8.943972868405842},""VC2_range_contraction"":{""value"":1.0858867481070626,""score"":0},""VC3_range_pct_rank"":{""score"":2.500000000000002},""_score"":4.2},""sr_quality"":{""SR1_touches"":{""value"":2,""score"":25.0},""SR2_tightness"":{""value"":1.6149999999999949,""score"":56.848756896851306},""SR3_recency"":{""value"":235,""score"":0.0},""SR4_price_location"":{""score"":30.0},""SR5_reaction"":{""value"":1.7848316032757534,""score"":89.24158016378767},""_score"":36.91,""_levels_found"":7,""_target_level"":91.485},""volume"":{""V1_rvol_day"":{""value"":2.7435847600643064,""score"":100},""V2_rvol_sameslot"":{""value"":2.9171359434422497,""score"":100,""status"":""ok""},""V3_breakout_bar"":{""value"":0.8055320960452571,""score"":20.36880640301714},""V4_base_dryup"":{""value"":1.0838495430362802,""score"":41.61504569637198},""V5_bo_expansion"":{""value"":2.7435847600643064,""score"":100},""_score"":68.42},""readiness"":{""_distance_atr"":-2.371,""BR1_atr_distance"":{""score"":12.580123709136608},""BR2_compression"":{""score"":27.639141146369173},""BR3_retest"":{""score"":50.0},""BR4_bo_age"":{""score"":50.0},""_score"":29.44},""risk"":{""R1_stop_clarity"":{""score"":68.89904212256019},""R2_stop_distance_pct"":{""value"":25.455637736791193,""score"":0.0},""R3_stop_distance_atr"":{""value"":3.487047947310061,""score"":100.0},""R4_rr_potential"":{""value"":-0.4044809513593028,""score"":0.0},""_score"":39.11},""market"":{""M1_spy_regime"":{""score"":100.0},""M3_earnings_risk"":{""value"":null,""score"":80.0},""M4_vix"":{""value"":null,""score"":60.0},""_score"":84.0},""liquidity"":{""L1_price"":{""value"":102.5376,""score"":100.0},""L2_dollar_vol"":{""value"":6768697290.180669,""score"":100.0},""L3_spread_proxy"":{""value"":0.16901117248697062,""score"":0},""L4_volume_zscore"":{""value"":3.6399768322669117,""score"":70.0},""_score"":82.5},""pattern_structure"":{""left_low"":77.6,""left_idx"":27,""right_low"":77.93,""right_idx"":73,""separation_bars"":46,""structural_low"":77.6,""current_price"":102.86,""neckline_distance_pct"":-0.1756756756756756,""base_bars"":46},""pattern_geometry_features"":{""low_similarity_pct"":0.004243554298206295,""bounce_pct"":0.09265463917525789,""right_bottom_reaction"":0.2268316831683073,""atr_pct"":0.07300053833910684},""_schema_version"":""1.0""}",,,,,,,,,,
20260508T195117Z-64671e,2026-05-08T19:51:17.654677+00:00,NNE,breakout_retest_hold,setup,60.15,53.5,79.3,36.6,40.8,30.1,73.8,65.5,84.0,87.8,7.49,17.44,2.2,5.71,3.92,13.29,3.28,4.2,2.63,False,,26.93,25.99,25.6212,26.21,"{""trend"":{""T1_ema_stack"":{""value"":[true,false,false],""score"":33.33333333333333},""T2_ema50_slope"":{""value"":0.03870492095863226,""score"":56.45082015977204},""T3_high_proximity"":{""value"":0.9263845889232886,""score"":63.19229446164426},""T4_rs_1m"":{""value"":0.19183468015638172,""score"":100},""T5_rs_3m"":{""value"":-0.14479541511835892,""score"":0},""T6_adr_healthy"":{""value"":8.495687489232298,""score"":87.60781276919256},""_score"":53.48},""geometry"":{""sub_retest_depth"":74.2,""sub_retest_timing"":60.0,""sub_retest_freshness"":75.0,""sub_hold_quality"":100.0,""_score"":79.26},""compression"":{""VC1_atr_ratio"":{""value"":0.7902299096152464,""score"":52.44252259618839},""VC2_range_contraction"":{""value"":1.045014815760978,""score"":0},""VC3_range_pct_rank"":{""score"":62.5},""_score"":36.6},""sr_quality"":{""SR1_touches"":{""value"":2,""score"":25.0},""SR2_tightness"":{""value"":0.02999999999999936,""score"":97.66281680657309},""SR3_recency"":{""value"":234,""score"":0.0},""SR4_price_location"":{""score"":14.553014553014437},""SR5_reaction"":{""value"":2.4871524483385135,""score"":100},""_score"":40.79,""_levels_found"":5,""_target_level"":28.3},""volume"":{""V1_rvol_day"":{""value"":0.7891821372990302,""score"":19.278809153268682},""V2_rvol_sameslot"":{""value"":1.2600599556825516,""score"":50.670663712170104,""status"":""ok""},""V3_breakout_bar"":{""value"":0.9269112462764918,""score"":28.46074975176612},""V4_base_dryup"":{""value"":1.0486274937523914,""score"":45.13725062476086},""V5_bo_expansion"":{""value"":0.7891821372990302,""score"":0},""_score"":30.13},""readiness"":{""_distance_atr"":-0.366,""BR1_atr_distance"":{""score"":100.0},""BR2_compression"":{""score"":39.04905489394772},""BR3_retest"":{""score"":97.85758207269197},""BR4_bo_age"":{""score"":30.0},""_score"":73.83},""risk"":{""R1_stop_clarity"":{""score"":79.83789965137011},""R2_stop_distance_pct"":{""value"":4.8600074266617215,""score"":100.0},""R3_stop_distance_atr"":{""value"":0.5098175605928662,""score"":50.49087802964331},""R4_rr_potential"":{""value"":-0.5501222493887543,""score"":0.0},""_score"":65.52},""market"":{""M1_spy_regime"":{""score"":100.0},""M3_earnings_risk"":{""value"":null,""score"":80.0},""M4_vix"":{""value"":null,""score"":60.0},""_score"":84.0},""liquidity"":{""L1_price"":{""value"":26.93,""score"":100.0},""L2_dollar_vol"":{""value"":52833097.51389072,""score"":86.14530366869792},""L3_spread_proxy"":{""value"":0.06646862235425173,""score"":33.531377645748265},""L4_volume_zscore"":{""value"":-0.4290174484016574,""score"":100.0},""_score"":87.81},""pattern_structure"":{""level"":25.99,""level_idx"":25,""breakout_idx"":62,""bo_peak_idx"":67,""bo_peak_price"":29.1599,""retest_idx"":72,""retest_low"":25.88,""structural_low"":25.88,""current_price"":26.82,""neckline_distance_pct"":-0.030947054436987392,""base_bars"":54,""bars_since_breakout"":17},""pattern_geometry_features"":{""retest_depth_atr"":0.11949656253394723,""bars_breakout_to_retest"":10.0,""bars_since_retest"":7.0,""current_above_level_atr"":0.9016558809379722,""bo_peak_excess_pct"":0.1219661408233937,""atr_pct"":0.09532836454299505},""_schema_version"":""1.0""}",,,,,,,,,,
20260508T195117Z-64671e,2026-05-08T19:51:17.654677+00:00,ARM,double_bottom,forming,59.75,92.7,78.9,12.0,33.7,20.3,39.6,81.0,84.0,94.9,13.9,19.72,0.96,4.72,2.64,3.16,4.86,5.04,4.74,False,,214.14,239.5,204.0526,271.84,"{""trend"":{""T1_ema_stack"":{""value"":[true,true,true],""score"":100.0},""T2_ema50_slope"":{""value"":0.9132956307581528,""score"":100},""T3_high_proximity"":{""value"":0.902402022756005,""score"":51.201011378002484},""T4_rs_1m"":{""value"":0.34568968259307686,""score"":100},""T5_rs_3m"":{""value"":0.6640679972469525,""score"":100},""T6_adr_healthy"":{""value"":6.261054849091739,""score"":100.0},""_score"":92.68},""geometry"":{""sub_low_similarity"":70.6,""sub_bounce_quality"":100,""sub_separation_fit"":100.0,""sub_right_bottom_reaction"":18.0,""sub_base_context"":100.0,""_score"":78.88},""compression"":{""VC1_atr_ratio"":{""value"":0.9697347531359078,""score"":7.566311716023039},""VC2_range_contraction"":{""value"":1.1318845854418735,""score"":0},""VC3_range_pct_rank"":{""score"":35.83333333333333},""_score"":11.98},""sr_quality"":{""SR1_touches"":{""value"":2,""score"":25.0},""SR2_tightness"":{""value"":4.159999999999997,""score"":54.42044944066444},""SR3_recency"":{""value"":249,""score"":0.0},""SR4_price_location"":{""score"":30.0},""SR5_reaction"":{""value"":1.4101173454294447,""score"":70.50586727147223},""_score"":33.74,""_levels_found"":4,""_target_level"":162.53},""volume"":{""V1_rvol_day"":{""value"":0.9372607164655639,""score"":29.15071443103759},""V2_rvol_sameslot"":{""value"":1.410255003305357,""score"":60.68366688702379,""status"":""ok""},""V3_breakout_bar"":{""value"":0.5786982105792495,""score"":5.246547371949969},""V4_base_dryup"":{""value"":1.4479675547127977,""score"":5.203244528720234},""V5_bo_expansion"":{""value"":0.9372607164655639,""score"":0},""_score"":20.32},""readiness"":{""_distance_atr"":1.389,""BR1_atr_distance"":{""score"":7.380015850580818},""BR2_compression"":{""score"":76.42022751438678},""BR3_retest"":{""score"":50.0},""BR4_bo_age"":{""score"":50.0},""_score"":39.56},""risk"":{""R1_stop_clarity"":{""score"":65.95339052690385},""R2_stop_distance_pct"":{""value"":4.710656579807604,""score"":100.0},""R3_stop_distance_atr"":{""value"":0.5526191806637524,""score"":52.63095903318762},""R4_rr_potential"":{""value"":5.720007137617229,""score"":100.0},""_score"":80.98},""market"":{""M1_spy_regime"":{""score"":100.0},""M3_earnings_risk"":{""value"":null,""score"":80.0},""M4_vix"":{""value"":null,""score"":60.0},""_score"":84.0},""liquidity"":{""L1_price"":{""value"":214.14,""score"":100.0},""L2_dollar_vol"":{""value"":2120627698.4561262,""score"":100.0},""L3_spread_proxy"":{""value"":0.05136826375268516,""score"":48.63173624731484},""L4_volume_zscore"":{""value"":-0.10174190445996177,""score"":100.0},""_score"":94.86},""pattern_structure"":{""left_low"":207.16,""left_idx"":44,""right_low"":210.23,""right_idx"":71,""separation_bars"":27,""structural_low"":207.16,""current_price"":214.64,""neckline_distance_pct"":0.11582184122251218,""base_bars"":27},""pattern_geometry_features"":{""low_similarity_pct"":0.014710462636862374,""bounce_pct"":0.15611121838192704,""right_bottom_reaction"":0.18018018018018284,""atr_pct"":0.08524236480806949},""_schema_version"":""1.0""}",,,,,,,,,,
20260508T195117Z-64671e,2026-05-08T19:51:17.654677+00:00,LRCX,ascending_triangle,forming,59.16,99.1,55.0,44.4,41.6,26.7,64.6,31.7,84.0,96.6,14.87,15.4,3.55,5.83,3.2,5.17,1.27,5.04,4.83,False,,293.775,297.995,251.1257,341.04,"{""trend"":{""T1_ema_stack"":{""value"":[true,true,true],""score"":100.0},""T2_ema50_slope"":{""value"":0.37585054959100694,""score"":100},""T3_high_proximity"":{""value"":0.9885755628091664,""score"":94.28778140458316},""T4_rs_1m"":{""value"":0.051454400970417424,""score"":100},""T5_rs_3m"":{""value"":0.20464250579237664,""score"":100},""T6_adr_healthy"":{""value"":3.876329878572249,""score"":100.0},""_score"":99.14},""geometry"":{""sub_flat_top_quality"":33.3,""sub_hl_slope"":100,""sub_compression"":0,""sub_duration"":100.0,""_score"":54.99},""compression"":{""VC1_atr_ratio"":{""value"":0.7205839508780943,""score"":69.85401228047641},""VC2_range_contraction"":{""value"":1.0575972680279169,""score"":0},""VC3_range_pct_rank"":{""score"":65.83333333333333},""_score"":44.4},""sr_quality"":{""SR1_touches"":{""value"":2,""score"":25.0},""SR2_tightness"":{""value"":1.1699999999999875,""score"":83.05925279721438},""SR3_recency"":{""value"":233,""score"":0.0},""SR4_price_location"":{""score"":30.0},""SR5_reaction"":{""value"":1.8917167709777476,""score"":94.58583854888738},""_score"":41.65,""_levels_found"":8,""_target_level"":274.67},""volume"":{""V1_rvol_day"":{""value"":0.5474487994132303,""score"":3.163253294215355},""V2_rvol_sameslot"":{""value"":0.903194777715475,""score"":26.879651847698334,""status"":""ok""},""V3_breakout_bar"":{""value"":0.9663197025746953,""score"":31.087980171646358},""V4_base_dryup"":{""value"":0.855525979940625,""score"":64.4474020059375},""V5_bo_expansion"":{""value"":0.5474487994132302,""score"":0},""_score"":26.67},""readiness"":{""_distance_atr"":0.306,""BR1_atr_distance"":{""score"":79.63249196702093},""BR2_compression"":{""score"":61.15059664253638},""BR3_retest"":{""score"":50.0},""BR4_bo_age"":{""score"":50.0},""_score"":64.64},""risk"":{""R1_stop_clarity"":{""score"":44.627647444227605},""R2_stop_distance_pct"":{""value"":14.517658071653475,""score"":0.0},""R3_stop_distance_atr"":{""value"":3.0876502676855226,""score"":100.0},""R4_rr_potential"":{""value"":1.1082258187424174,""score"":5.411290937120872},""_score"":31.7},""market"":{""M1_spy_regime"":{""score"":100.0},""M3_earnings_risk"":{""value"":null,""score"":80.0},""M4_vix"":{""value"":null,""score"":60.0},""_score"":84.0},""liquidity"":{""L1_price"":{""value"":293.775,""score"":100.0},""L2_dollar_vol"":{""value"":1515947735.0279417,""score"":100.0},""L3_spread_proxy"":{""value"":0.03369925963747778,""score"":66.30074036252222},""L4_volume_zscore"":{""value"":-1.7607736803890395,""score"":100.0},""_score"":96.63},""pattern_structure"":{""top"":297.995,""top_touches"":2,""low_slope_per_bar"":1.3061696583671116,""lowest_low"":254.95,""structural_low"":254.95,""current_price"":293.47,""neckline_distance_pct"":0.015418952533478641,""base_bars"":33},""pattern_geometry_features"":{""top_touches"":2.0,""low_slope"":1.3061696583671116,""compression"":-0.041784377643649284,""atr_pct"":0.04701846651348825},""_schema_version"":""1.0""}",,,,,,,,,,
20260508T195117Z-64671e,2026-05-08T19:51:17.654677+00:00,KLAC,double_bottom,setup,58.45,86.6,52.7,35.7,45.3,43.1,68.0,57.9,84.0,70.5,12.99,13.18,2.86,6.34,5.61,5.44,3.48,5.04,3.53,False,,1866.1,1855.575,1719.81,1965.15,"{""trend"":{""T1_ema_stack"":{""value"":[true,true,true],""score"":100.0},""T2_ema50_slope"":{""value"":0.46193814918368703,""score"":100},""T3_high_proximity"":{""value"":0.9643927648578811,""score"":82.19638242894051},""T4_rs_1m"":{""value"":-0.0034823959115497516,""score"":46.51760408845025},""T5_rs_3m"":{""value"":0.226197715392908,""score"":100},""T6_adr_healthy"":{""value"":3.5698926196259375,""score"":100.0},""_score"":86.63},""geometry"":{""sub_low_similarity"":69.7,""sub_bounce_quality"":46.8,""sub_separation_fit"":0.0,""sub_right_bottom_reaction"":16.2,""sub_base_context"":100.0,""_score"":52.7},""compression"":{""VC1_atr_ratio"":{""value"":0.7056480374480337,""score"":73.58799063799157},""VC2_range_contraction"":{""value"":1.2328249597689342,""score"":0},""VC3_range_pct_rank"":{""score"":25.0},""_score"":35.69},""sr_quality"":{""SR1_touches"":{""value"":3,""score"":50.0},""SR2_tightness"":{""value"":19.994086742501274,""score"":51.82842156659553},""SR3_recency"":{""value"":229,""score"":0.0},""SR4_price_location"":{""score"":30.0},""SR5_reaction"":{""value"":2.9307381824622247,""score"":100},""_score"":45.27,""_levels_found"":6,""_target_level"":1673.287},""volume"":{""V1_rvol_day"":{""value"":0.8466671591576913,""score"":23.111143943846088},""V2_rvol_sameslot"":{""value"":1.5788516939411317,""score"":71.9234462627421,""status"":""ok""},""V3_breakout_bar"":{""value"":1.2146242679875412,""score"":47.641617865836075},""V4_base_dryup"":{""value"":0.8890867408042313,""score"":61.09132591957687},""V5_bo_expansion"":{""value"":0.8466671591576913,""score"":0},""_score"":43.14},""readiness"":{""_distance_atr"":-0.127,""BR1_atr_distance"":{""score"":100.0},""BR2_compression"":{""score"":41.939122222944846},""BR3_retest"":{""score"":50.0},""BR4_bo_age"":{""score"":50.0},""_score"":67.98},""risk"":{""R1_stop_clarity"":{""score"":36.90066190975037},""R2_stop_distance_pct"":{""value"":7.839344086597716,""score"":100.0},""R3_stop_distance_atr"":{""value"":1.762276091871439,""score"":100.0},""R4_rr_potential"":{""value"":0.6770797730535252,""score"":0.0},""_score"":57.92},""market"":{""M1_spy_regime"":{""score"":100.0},""M3_earnings_risk"":{""value"":null,""score"":80.0},""M4_vix"":{""value"":null,""score"":60.0},""_score"":84.0},""liquidity"":{""L1_price"":{""value"":1866.1,""score"":0.0},""L2_dollar_vol"":{""value"":1590235138.5472322,""score"":100.0},""L3_spread_proxy"":{""value"":0.0450458174803065,""score"":54.954182519693504},""L4_volume_zscore"":{""value"":-0.5013111044478502,""score"":100.0},""_score"":70.5},""pattern_structure"":{""left_low"":1772.66,""left_idx"":26,""right_low"":1746.0,""right_idx"":72,""separation_bars"":46,""structural_low"":1746.0,""current_price"":1866.46,""neckline_distance_pct"":-0.00583189567416392,""base_bars"":46},""pattern_geometry_features"":{""low_similarity_pct"":0.015153495933110947,""bounce_pct"":0.06275773195876291,""right_bottom_reaction"":0.1621052631578909,""atr_pct"":0.044484199284987},""_schema_version"":""1.0""}",,,,,,,,,,
20260508T195117Z-64671e,2026-05-08T19:51:17.654677+00:00,CCJ,double_bottom,forming,58.38,52.2,73.6,41.5,51.7,25.4,47.7,77.1,84.0,96.2,7.83,18.4,3.32,7.23,3.3,3.81,4.62,5.04,4.81,False,,116.49,124.7199,111.6005,136.1398,"{""trend"":{""T1_ema_stack"":{""value"":[false,true,true],""score"":66.66666666666666},""T2_ema50_slope"":{""value"":0.21239594944034984,""score"":85.39932490672498},""T3_high_proximity"":{""value"":0.9210880050604886,""score"":60.54400253024428},""T4_rs_1m"":{""value"":-0.07564178013999445,""score"":0},""T5_rs_3m"":{""value"":-0.04188627960403046,""score"":29.05686019798477},""T6_adr_healthy"":{""value"":5.044591981625072,""score"":100.0},""_score"":52.19},""geometry"":{""sub_low_similarity"":61.9,""sub_bounce_quality"":100,""sub_separation_fit"":80.0,""sub_right_bottom_reaction"":20.2,""sub_base_context"":100.0,""_score"":73.6},""compression"":{""VC1_atr_ratio"":{""value"":0.7574239246388732,""score"":60.6440188402817},""VC2_range_contraction"":{""value"":1.1624182662034475,""score"":0},""VC3_range_pct_rank"":{""score"":69.16666666666667},""_score"":41.55},""sr_quality"":{""SR1_touches"":{""value"":4,""score"":75.0},""SR2_tightness"":{""value"":1.7538868840022146,""score"":50.153842891996405},""SR3_recency"":{""value"":226,""score"":0.0},""SR4_price_location"":{""score"":32.44541932554627},""SR5_reaction"":{""value"":1.8049792531120328,""score"":90.24896265560164},""_score"":51.67,""_levels_found"":6,""_target_level"":122.144},""volume"":{""V1_rvol_day"":{""value"":0.517134030673777,""score"":1.1422687115851295},""V2_rvol_sameslot"":{""value"":0.7615043597808521,""score"":17.43362398539014,""status"":""ok""},""V3_breakout_bar"":{""value"":0.8772174381651533,""score"":25.14782921101022},""V4_base_dryup"":{""value"":0.7301402363132911,""score"":76.98597636867089},""V5_bo_expansion"":{""value"":0.5171340306737771,""score"":0},""_score"":25.4},""readiness"":{""_distance_atr"":1.169,""BR1_atr_distance"":{""score"":22.034331836525894},""BR2_compression"":{""score"":85.47933058655659},""BR3_retest"":{""score"":50.0},""BR4_bo_age"":{""score"":50.0},""_score"":47.68},""risk"":{""R1_stop_clarity"":{""score"":51.69953958960949},""R2_stop_distance_pct"":{""value"":4.197355996222851,""score"":100.0},""R3_stop_distance_atr"":{""value"":0.6948075939294035,""score"":59.74037969647017},""R4_rr_potential"":{""value"":4.018774925861538,""score"":100.0},""_score"":77.06},""market"":{""M1_spy_regime"":{""score"":100.0},""M3_earnings_risk"":{""value"":null,""score"":80.0},""M4_vix"":{""value"":null,""score"":60.0},""_score"":84.0},""liquidity"":{""L1_price"":{""value"":116.49,""score"":100.0},""L2_dollar_vol"":{""value"":193208031.83113015,""score"":100.0},""L3_spread_proxy"":{""value"":0.03764271611297112,""score"":62.357283887028885},""L4_volume_zscore"":{""value"":-1.7014478191444027,""score"":100.0},""_score"":96.24},""pattern_structure"":{""left_low"":115.48,""left_idx"":28,""right_low"":113.3,""right_idx"":61,""separation_bars"":33,""structural_low"":113.3,""current_price"":116.33,""neckline_distance_pct"":0.07212155076076676,""base_bars"":33},""pattern_geometry_features"":{""low_similarity_pct"":0.01905760993093808,""bounce_pct"":0.10079346866725507,""right_bottom_reaction"":0.20183486238531942,""atr_pct"":0.060410335651128855},""_schema_version"":""1.0""}",,,,,,,,,,
20260508T195117Z-64671e,2026-05-08T19:51:17.654677+00:00,TXN,double_bottom,absent,58.21,100.0,41.0,59.0,49.3,26.4,62.1,50.4,84.0,98.2,14.99,10.24,4.72,6.9,3.43,4.97,3.02,5.04,4.91,False,,289.24,292.64,263.6155,317.65,"{""trend"":{""T1_ema_stack"":{""value"":[true,true,true],""score"":100.0},""T2_ema50_slope"":{""value"":0.6440762946784538,""score"":100},""T3_high_proximity"":{""value"":0.9993090105030404,""score"":99.65450525152019},""T4_rs_1m"":{""value"":0.2615634407972647,""score"":100},""T5_rs_3m"":{""value"":0.23912205657377816,""score"":100},""T6_adr_healthy"":{""value"":3.1463031912650847,""score"":100.0},""_score"":99.95},""geometry"":{""sub_low_similarity"":2.5,""sub_bounce_quality"":90.6,""sub_separation_fit"":0.0,""sub_right_bottom_reaction"":13.9,""sub_base_context"":100.0,""_score"":40.95},""compression"":{""VC1_atr_ratio"":{""value"":0.5607731974325193,""score"":100},""VC2_range_contraction"":{""value"":1.0152486995623702,""score"":0},""VC3_range_pct_rank"":{""score"":75.83333333333333},""_score"":58.96},""sr_quality"":{""SR1_touches"":{""value"":4,""score"":75.0},""SR2_tightness"":{""value"":2.6941881894181074,""score"":53.52332370556046},""SR3_recency"":{""value"":275,""score"":0.0},""SR4_price_location"":{""score"":30.0},""SR5_reaction"":{""value"":1.4970387297065348,""score"":74.85193648532675},""_score"":49.26,""_levels_found"":5,""_target_level"":228.58},""volume"":{""V1_rvol_day"":{""value"":0.5064049393126601,""score"":0.42699595417733754},""V2_rvol_sameslot"":{""value"":0.8895213083611585,""score"":25.968087224077234,""status"":""ok""},""V3_breakout_bar"":{""value"":1.0547208823878458,""score"":36.98139215918972},""V4_base_dryup"":{""value"":0.9078944900307638,""score"":59.210550996923615},""V5_bo_expansion"":{""value"":0.50640493931266,""score"":0},""_score"":26.37},""readiness"":{""_distance_atr"":0.293,""BR1_atr_distance"":{""score"":80.44918811762454},""BR2_compression"":{""score"":49.6784347849098},""BR3_retest"":{""score"":50.0},""BR4_bo_age"":{""score"":50.0},""_score"":62.1},""risk"":{""R1_stop_clarity"":{""score"":30.747861681291596},""R2_stop_distance_pct"":{""value"":8.859234545705997,""score"":78.51913635735008},""R3_stop_distance_atr"":{""value"":2.2102005950264973,""score"":100.0},""R4_rr_potential"":{""value"":1.1087067234613792,""score"":5.435336173068961},""_score"":50.4},""market"":{""M1_spy_regime"":{""score"":100.0},""M3_earnings_risk"":{""value"":null,""score"":80.0},""M4_vix"":{""value"":null,""score"":60.0},""_score"":84.0},""liquidity"":{""L1_price"":{""value"":289.24,""score"":100.0},""L2_dollar_vol"":{""value"":1233183640.1334653,""score"":100.0},""L3_spread_proxy"":{""value"":0.01832353754667397,""score"":81.67646245332602},""L4_volume_zscore"":{""value"":-0.8585516325005602,""score"":100.0},""_score"":98.17},""pattern_structure"":{""left_low"":267.63,""left_idx"":21,""right_low"":281.0,""right_idx"":68,""separation_bars"":47,""structural_low"":267.63,""current_price"":289.12,""neckline_distance_pct"":0.012174875484227939,""base_bars"":47},""pattern_geometry_features"":{""low_similarity_pct"":0.048739587700271605,""bounce_pct"":0.09344991219220562,""right_bottom_reaction"":0.13893060979273195,""atr_pct"":0.040083395894659896},""_schema_version"":""1.0""}",,,,,,,,,,
20260508T195117Z-64671e,2026-05-08T19:51:17.654677+00:00,NXE,double_bottom,forming,57.57,61.0,60.2,57.1,52.0,30.1,43.9,76.9,84.0,89.0,9.15,15.04,4.57,7.29,3.91,3.51,4.61,5.04,4.45,False,,12.145,12.985,11.6033,14.19,"{""trend"":{""T1_ema_stack"":{""value"":[false,true,true],""score"":66.66666666666666},""T2_ema50_slope"":{""value"":0.1861657943932603,""score"":81.02763239887672},""T3_high_proximity"":{""value"":0.9131578947368421,""score"":56.578947368421005},""T4_rs_1m"":{""value"":-0.026857948574799284,""score"":23.142051425200716},""T5_rs_3m"":{""value"":0.0330348906191833,""score"":66.51744530959165},""T6_adr_healthy"":{""value"":5.091235409143047,""score"":100.0},""_score"":60.97},""geometry"":{""sub_low_similarity"":64.7,""sub_bounce_quality"":100,""sub_separation_fit"":0.0,""sub_right_bottom_reaction"":5.0,""sub_base_context"":100.0,""_score"":60.16},""compression"":{""VC1_atr_ratio"":{""value"":0.5974302072611825,""score"":100},""VC2_range_contraction"":{""value"":1.0557696635538112,""score"":0},""VC3_range_pct_rank"":{""score"":68.33333333333333},""_score"":57.08},""sr_quality"":{""SR1_touches"":{""value"":4,""score"":75.0},""SR2_tightness"":{""value"":0.0919238815542511,""score"":73.73308551450644},""SR3_recency"":{""value"":234,""score"":0.0},""SR4_price_location"":{""score"":13.942751615881727},""SR5_reaction"":{""value"":2.2323934319158263,""score"":100},""_score"":52.05,""_levels_found"":5,""_target_level"":13.31},""volume"":{""V1_rvol_day"":{""value"":0.667964549708255,""score"":11.197636647217003},""V2_rvol_sameslot"":{""value"":1.1446564379475248,""score"":42.977095863168316,""status"":""ok""},""V3_breakout_bar"":{""value"":0.8103107054561249,""score"":20.68738036374166},""V4_base_dryup"":{""value"":0.7947971015013927,""score"":70.52028984986073},""V5_bo_expansion"":{""value"":0.6679645497082549,""score"":0},""_score"":30.11},""readiness"":{""_distance_atr"":1.2,""BR1_atr_distance"":{""score"":19.991019400136807},""BR2_compression"":{""score"":73.65762487592872},""BR3_retest"":{""score"":50.0},""BR4_bo_age"":{""score"":50.0},""_score"":43.91},""risk"":{""R1_stop_clarity"":{""score"":49.50861831430052},""R2_stop_distance_pct"":{""value"":4.460271716755871,""score"":100.0},""R3_stop_distance_atr"":{""value"":0.7739440141240347,""score"":63.69720070620173},""R4_rr_potential"":{""value"":3.7751522983200996,""score"":100.0},""_score"":76.88},""market"":{""M1_spy_regime"":{""score"":100.0},""M3_earnings_risk"":{""value"":null,""score"":80.0},""M4_vix"":{""value"":null,""score"":60.0},""_score"":84.0},""liquidity"":{""L1_price"":{""value"":12.145,""score"":100.0},""L2_dollar_vol"":{""value"":45102655.65251582,""score"":82.71010569841968},""L3_spread_proxy"":{""value"":0.04116920543433512,""score"":58.83079456566488},""L4_volume_zscore"":{""value"":-1.3748428709021785,""score"":100.0},""_score"":88.97},""pattern_structure"":{""left_low"":11.78,""left_idx"":28,""right_low"":11.99,""right_idx"":74,""separation_bars"":46,""structural_low"":11.78,""current_price"":12.135,""neckline_distance_pct"":0.07004532344458177,""base_bars"":46},""pattern_geometry_features"":{""low_similarity_pct"":0.017669331089608824,""bounce_pct"":0.10229202037351444,""right_bottom_reaction"":0.05000000000000071,""atr_pct"":0.05763041816150094},""_schema_version"":""1.0""}",,,,,,,,,,
20260508T195117Z-64671e,2026-05-08T19:51:17.654677+00:00,AMAT,ascending_triangle,setup,57.2,91.5,42.7,21.0,57.2,44.3,70.4,26.8,84.0,95.4,13.72,11.96,1.68,8.02,5.32,5.63,1.07,5.04,4.77,False,,434.12,432.81,379.8652,479.97,"{""trend"":{""T1_ema_stack"":{""value"":[true,true,true],""score"":100.0},""T2_ema50_slope"":{""value"":0.3382447950899864,""score"":100},""T3_high_proximity"":{""value"":1.0,""score"":99.99999999999997},""T4_rs_1m"":{""value"":0.007410688313119529,""score"":57.41068831311953},""T5_rs_3m"":{""value"":0.27901109953574754,""score"":100},""T6_adr_healthy"":{""value"":3.2309111617976853,""score"":100.0},""_score"":91.48},""geometry"":{""sub_flat_top_quality"":33.3,""sub_hl_slope"":59.1,""sub_compression"":0,""sub_duration"":100.0,""_score"":42.72},""compression"":{""VC1_atr_ratio"":{""value"":0.8506973301118389,""score"":37.32566747204027},""VC2_range_contraction"":{""value"":1.1173605211255415,""score"":0},""VC3_range_pct_rank"":{""score"":24.16666666666667},""_score"":20.97},""sr_quality"":{""SR1_touches"":{""value"":4,""score"":75.0},""SR2_tightness"":{""value"":1.5960028195463891,""score"":81.67844057627087},""SR3_recency"":{""value"":230,""score"":0.0},""SR4_price_location"":{""score"":30.0},""SR5_reaction"":{""value"":2.412162200944774,""score"":100},""_score"":57.25,""_levels_found"":4,""_target_level"":378.265},""volume"":{""V1_rvol_day"":{""value"":0.759003269749795,""score"":17.266884649986338},""V2_rvol_sameslot"":{""value"":1.5712175481945188,""score"":71.41450321296792,""status"":""ok""},""V3_breakout_bar"":{""value"":1.1873568135892776,""score"":45.82378757261851},""V4_base_dryup"":{""value"":0.7446968610869109,""score"":75.53031389130891},""V5_bo_expansion"":{""value"":0.759003269749795,""score"":0},""_score"":44.3},""readiness"":{""_distance_atr"":-0.075,""BR1_atr_distance"":{""score"":100.0},""BR2_compression"":{""score"":51.66905908212798},""BR3_retest"":{""score"":50.0},""BR4_bo_age"":{""score"":50.0},""_score"":70.42},""risk"":{""R1_stop_clarity"":{""score"":33.59307416102149},""R2_stop_distance_pct"":{""value"":12.497638901686182,""score"":0.0},""R3_stop_distance_atr"":{""value"":3.114128665596874,""score"":100.0},""R4_rr_potential"":{""value"":0.8450872965039923,""score"":0.0},""_score"":26.76},""market"":{""M1_spy_regime"":{""score"":100.0},""M3_earnings_risk"":{""value"":null,""score"":80.0},""M4_vix"":{""value"":null,""score"":60.0},""_score"":84.0},""liquidity"":{""L1_price"":{""value"":434.12,""score"":100.0},""L2_dollar_vol"":{""value"":1914353954.1366847,""score"":100.0},""L3_spread_proxy"":{""value"":0.04639270247857745,""score"":53.60729752142255},""L4_volume_zscore"":{""value"":-0.9530016900353812,""score"":100.0},""_score"":95.36},""pattern_structure"":{""top"":432.81,""top_touches"":2,""low_slope_per_bar"":0.683526237439523,""lowest_low"":385.65,""structural_low"":385.65,""current_price"":434.2059,""neckline_distance_pct"":-0.003214834252597635,""base_bars"":43},""pattern_geometry_features"":{""top_touches"":2.0,""low_slope"":0.683526237439523,""compression"":-0.08393647091630418,""atr_pct"":0.04013205696910665},""_schema_version"":""1.0""}",,,,,,,,,,
20260508T195117Z-64671e,2026-05-08T19:51:17.654677+00:00,QBTS,vcp,forming,57.05,80.0,53.6,63.3,42.9,22.2,61.2,38.7,84.0,95.1,12.01,13.4,7.59,5.15,2.88,4.28,1.94,5.04,4.76,False,,22.2999,22.49,16.8533,26.8986,"{""trend"":{""T1_ema_stack"":{""value"":[true,true,false],""score"":66.66666666666666},""T2_ema50_slope"":{""value"":0.30181128211784136,""score"":100},""T3_high_proximity"":{""value"":0.9357910197230382,""score"":67.8955098615191},""T4_rs_1m"":{""value"":0.523915339127808,""score"":100},""T5_rs_3m"":{""value"":0.009194310909038439,""score"":54.59715545451922},""T6_adr_healthy"":{""value"":7.968415525634029,""score"":100.0},""_score"":80.04},""geometry"":{""sub_contraction_count"":100.0,""sub_reduction_rate"":0,""sub_pivot_tightness"":0,""sub_volume_dryup"":57.4,""sub_base_depth"":100.0,""sub_base_duration"":100.0,""_score"":53.61},""compression"":{""VC1_atr_ratio"":{""value"":0.677428407405772,""score"":80.64289814855698},""VC2_range_contraction"":{""value"":0.8541086539559388,""score"":24.315224340676863},""VC3_range_pct_rank"":{""score"":90.0},""_score"":63.27},""sr_quality"":{""SR1_touches"":{""value"":2,""score"":25.0},""SR2_tightness"":{""value"":0.037499999999999645,""score"":95.29906876790835},""SR3_recency"":{""value"":314,""score"":0.0},""SR4_price_location"":{""score"":24.48283370835452},""SR5_reaction"":{""value"":3.983255730659025,""score"":100},""_score"":42.92,""_levels_found"":5,""_target_level"":24.7275},""volume"":{""V1_rvol_day"":{""value"":0.48346118734222776,""score"":0},""V2_rvol_sameslot"":{""value"":0.7269674752500255,""score"":15.131165016668366,""status"":""ok""},""V3_breakout_bar"":{""value"":0.7725336761847361,""score"":18.168911745649076},""V4_base_dryup"":{""value"":0.7698342916649292,""score"":73.01657083350707},""V5_bo_expansion"":{""value"":0.48346118734222776,""score"":0},""_score"":22.17},""readiness"":{""_distance_atr"":0.119,""BR1_atr_distance"":{""score"":92.05647086915006},""BR2_compression"":{""score"":27.45104391841443},""BR3_retest"":{""score"":50.0},""BR4_bo_age"":{""score"":50.0},""_score"":61.19},""risk"":{""R1_stop_clarity"":{""score"":67.82682664756442},""R2_stop_distance_pct"":{""value"":24.424100556504747,""score"":0.0},""R3_stop_distance_atr"":{""value"":3.4138476002865343,""score"":100.0},""R4_rr_potential"":{""value"":0.8443326509441749,""score"":0.0},""_score"":38.74},""market"":{""M1_spy_regime"":{""score"":100.0},""M3_earnings_risk"":{""value"":null,""score"":80.0},""M4_vix"":{""value"":null,""score"":60.0},""_score"":84.0},""liquidity"":{""L1_price"":{""value"":22.2999,""score"":100.0},""L2_dollar_vol"":{""value"":371983554.72010005,""score"":100.0},""L3_spread_proxy"":{""value"":0.048879142955798,""score"":51.120857044202005},""L4_volume_zscore"":{""value"":-0.787581735261718,""score"":100.0},""_score"":95.11},""pattern_structure"":{""n_contractions"":5,""contractions_pct"":[17.23,20.46,22.39,23.78,23.92],""descending_strict"":false,""final_low"":17.11,""final_pivot"":22.49,""structural_low"":17.11,""dry_up_ratio"":0.7131676015814598,""current_price"":22.2999,""neckline_distance_pct"":0.008524701904492733,""base_bars"":54},""pattern_geometry_features"":{""contraction_count"":5.0,""first_contraction_pct"":0.17234392572007476,""last_contraction_pct"":0.23921742996887502,""dry_up_ratio"":0.7131676015814598,""near_monotone"":0.0,""base_depth_pct"":0.2048739230247321},""_schema_version"":""1.0""}",,,,,,,,,,
20260508T195117Z-64671e,2026-05-08T19:51:17.654677+00:00,ORCL,ascending_triangle,breakout_failed,56.88,91.4,55.0,55.5,45.5,11.9,54.6,33.1,84.0,96.0,13.71,15.4,4.44,6.37,1.43,4.37,1.32,5.04,4.8,False,,195.5901,200.15,168.6714,229.06,"{""trend"":{""T1_ema_stack"":{""value"":[true,true,false],""score"":66.66666666666666},""T2_ema50_slope"":{""value"":0.29255196283160684,""score"":98.75866047193448},""T3_high_proximity"":{""value"":1.0,""score"":99.99999999999997},""T4_rs_1m"":{""value"":0.33489484499726707,""score"":100},""T5_rs_3m"":{""value"":0.30243107746834386,""score"":100},""T6_adr_healthy"":{""value"":4.634092011881975,""score"":100.0},""_score"":91.42},""geometry"":{""sub_flat_top_quality"":33.3,""sub_hl_slope"":100,""sub_compression"":0,""sub_duration"":100.0,""_score"":54.99},""compression"":{""VC1_atr_ratio"":{""value"":0.6289879909043345,""score"":92.75300227391637},""VC2_range_contraction"":{""value"":0.9134634454916845,""score"":14.422759084719258},""VC3_range_pct_rank"":{""score"":53.333333333333336},""_score"":55.48},""sr_quality"":{""SR1_touches"":{""value"":2,""score"":25.0},""SR2_tightness"":{""value"":0.6600499999999982,""score"":85.81057477406515},""SR3_recency"":{""value"":309,""score"":0.0},""SR4_price_location"":{""score"":62.38638681551202},""SR5_reaction"":{""value"":1.267272281967358,""score"":63.363614098367904},""_score"":45.47,""_levels_found"":6,""_target_level"":201.0299},""volume"":{""V1_rvol_day"":{""value"":0.5188836465411115,""score"":1.2589097694074347},""V2_rvol_sameslot"":{""value"":0.6110196712713132,""score"":7.401311418087546,""status"":""ok""},""V3_breakout_bar"":{""value"":0.5503226139950992,""score"":3.3548409330066122},""V4_base_dryup"":{""value"":1.033084284703589,""score"":46.691571529641095},""V5_bo_expansion"":{""value"":0.5188836465411115,""score"":0},""_score"":11.91},""readiness"":{""_distance_atr"":0.49,""BR1_atr_distance"":{""score"":67.32451577519859},""BR2_compression"":{""score"":40.65762184930609},""BR3_retest"":{""score"":50.0},""BR4_bo_age"":{""score"":50.0},""_score"":54.59},""risk"":{""R1_stop_clarity"":{""score"":44.78152013432859},""R2_stop_distance_pct"":{""value"":13.762813148518251,""score"":0.0},""R3_stop_distance_atr"":{""value"":2.893423837810572,""score"":100.0},""R4_rr_potential"":{""value"":1.2433698506985849,""score"":12.168492534929243},""_score"":33.11},""market"":{""M1_spy_regime"":{""score"":100.0},""M3_earnings_risk"":{""value"":null,""score"":80.0},""M4_vix"":{""value"":null,""score"":60.0},""_score"":84.0},""liquidity"":{""L1_price"":{""value"":195.5901,""score"":100.0},""L2_dollar_vol"":{""value"":3383818239.758851,""score"":100.0},""L3_spread_proxy"":{""value"":0.039828191713179716,""score"":60.17180828682029},""L4_volume_zscore"":{""value"":-1.408557972765796,""score"":100.0},""_score"":96.02},""pattern_structure"":{""top"":200.15,""top_touches"":2,""low_slope_per_bar"":0.7627923760177638,""lowest_low"":171.24,""structural_low"":171.24,""current_price"":195.39,""neckline_distance_pct"":0.024361533343569372,""base_bars"":42},""pattern_geometry_features"":{""top_touches"":2.0,""low_slope"":0.7627923760177638,""compression"":-0.03844095083061516,""atr_pct"":0.047565838674130966},""_schema_version"":""1.0""}",,,,,,,,,,
20260508T195117Z-64671e,2026-05-08T19:51:17.654677+00:00,UEC,inverse_head_shoulders,forming,56.31,62.0,65.5,49.5,43.7,19.8,54.6,75.5,84.0,91.5,7.44,18.34,3.96,6.11,2.77,4.37,4.53,4.2,4.58,False,,15.01,15.8,13.9181,17.47,"{""trend"":{""T1_ema_stack"":{""value"":[true,true,true],""score"":100.0},""T2_ema50_slope"":{""value"":0.11985865240724772,""score"":69.97644206787461},""T3_high_proximity"":{""value"":0.8777777777777777,""score"":38.88888888888881},""T4_rs_1m"":{""value"":0.010957257493459105,""score"":60.9572574934591},""T5_rs_3m"":{""value"":-0.13591424988500644,""score"":0},""T6_adr_healthy"":{""value"":6.769224071056028,""score"":100.0},""_score"":62.02},""geometry"":{""sub_head_depth"":67.4,""sub_shoulder_price_sym"":38.1,""sub_shoulder_time_sym"":55.6,""sub_right_shoulder_reaction"":86.3,""sub_base_context"":100.0,""_score"":65.51},""compression"":{""VC1_atr_ratio"":{""value"":0.6419638959504915,""score"":89.50902601237712},""VC2_range_contraction"":{""value"":1.1159755518830456,""score"":0},""VC3_range_pct_rank"":{""score"":55.00000000000001},""_score"":49.55},""sr_quality"":{""SR1_touches"":{""value"":2,""score"":25.0},""SR2_tightness"":{""value"":0.21999999999999975,""score"":61.89156417807038},""SR3_recency"":{""value"":238,""score"":0.0},""SR4_price_location"":{""score"":59.67384560843756},""SR5_reaction"":{""value"":1.595790750043304,""score"":79.7895375021652},""_score"":43.67,""_levels_found"":5,""_target_level"":15.4},""volume"":{""V1_rvol_day"":{""value"":0.6111069783535437,""score"":7.407131890236244},""V2_rvol_sameslot"":{""value"":0.9809547606938944,""score"":32.0636507129263,""status"":""ok""},""V3_breakout_bar"":{""value"":0.8210280873095187,""score"":21.401872487301247},""V4_base_dryup"":{""value"":1.1741253841406623,""score"":32.58746158593378},""V5_bo_expansion"":{""value"":0.6111069783535437,""score"":0},""_score"":19.76},""readiness"":{""_distance_atr"":0.684,""BR1_atr_distance"":{""score"":54.38535712223565},""BR2_compression"":{""score"":61.40956561025879},""BR3_retest"":{""score"":50.0},""BR4_bo_age"":{""score"":50.0},""_score"":54.61},""risk"":{""R1_stop_clarity"":{""score"":63.285986488827334},""R2_stop_distance_pct"":{""value"":7.274816788807454,""score"":100.0},""R3_stop_distance_atr"":{""value"":0.9457387839944558,""score"":72.2869391997228},""R4_rr_potential"":{""value"":2.2528504052383367,""score"":62.642520261916836},""_score"":75.52},""market"":{""M1_spy_regime"":{""score"":100.0},""M3_earnings_risk"":{""value"":null,""score"":80.0},""M4_vix"":{""value"":null,""score"":60.0},""_score"":84.0},""liquidity"":{""L1_price"":{""value"":15.01,""score"":100.0},""L2_dollar_vol"":{""value"":80463314.29109947,""score"":95.27989586160768},""L3_spread_proxy"":{""value"":0.06595602931379083,""score"":34.04397068620918},""L4_volume_zscore"":{""value"":-1.726024054468387,""score"":100.0},""_score"":91.52},""pattern_structure"":{""left_shoulder"":14.465,""left_shoulder_idx"":72,""head"":14.13,""head_idx"":81,""right_shoulder"":15.2,""right_shoulder_idx"":88,""left_to_head_bars"":9,""head_to_right_bars"":7,""structural_low"":14.13,""current_price"":15.0,""neckline_distance_pct"":0.05333333333333338,""base_bars"":16},""pattern_geometry_features"":{""head_depth_pct"":0.04736221136018869,""shoulder_price_asymmetry"":0.049553345693578256,""shoulder_time_asymmetry"":0.2222222222222222,""right_shoulder_reaction"":0.8630952380952399,""atr_pct"":0.07692205196535645},""_schema_version"":""1.0""}",,,,,,,,,,
20260508T195117Z-64671e,2026-05-08T19:51:17.654677+00:00,QBTS,breakout_retest_hold,setup,56.18,80.0,67.0,63.3,42.9,7.6,50.9,64.5,84.0,95.1,11.21,14.74,3.8,6.01,0.98,9.17,3.23,4.2,2.85,False,,22.2999,21.43,21.2058,21.45,"{""trend"":{""T1_ema_stack"":{""value"":[true,true,false],""score"":66.66666666666666},""T2_ema50_slope"":{""value"":0.30181128211784136,""score"":100},""T3_high_proximity"":{""value"":0.9357910197230382,""score"":67.8955098615191},""T4_rs_1m"":{""value"":0.523915339127808,""score"":100},""T5_rs_3m"":{""value"":0.009194310909038439,""score"":54.59715545451922},""T6_adr_healthy"":{""value"":7.968415525634029,""score"":100.0},""_score"":80.04},""geometry"":{""sub_retest_depth"":59.3,""sub_retest_timing"":0.0,""sub_retest_freshness"":100.0,""sub_hold_quality"":97.3,""_score"":66.98},""compression"":{""VC1_atr_ratio"":{""value"":0.677428407405772,""score"":80.64289814855698},""VC2_range_contraction"":{""value"":0.8541086539559388,""score"":24.315224340676863},""VC3_range_pct_rank"":{""score"":90.0},""_score"":63.27},""sr_quality"":{""SR1_touches"":{""value"":2,""score"":25.0},""SR2_tightness"":{""value"":0.037499999999999645,""score"":95.29906876790835},""SR3_recency"":{""value"":314,""score"":0.0},""SR4_price_location"":{""score"":24.48283370835452},""SR5_reaction"":{""value"":3.983255730659025,""score"":100},""_score"":42.92,""_levels_found"":5,""_target_level"":24.7275},""volume"":{""V1_rvol_day"":{""value"":0.48346118734222776,""score"":0},""V2_rvol_sameslot"":{""value"":0.7269674752500255,""score"":15.131165016668366,""status"":""ok""},""V3_breakout_bar"":{""value"":0.7725336761847361,""score"":18.168911745649076},""V4_base_dryup"":{""value"":1.5034121123998507,""score"":0},""V5_bo_expansion"":{""value"":0.48346118734222776,""score"":0},""_score"":7.57},""readiness"":{""_distance_atr"":-0.545,""BR1_atr_distance"":{""score"":49.09509312320915},""BR2_compression"":{""score"":27.45104391841443},""BR3_retest"":{""score"":99.68660458452729},""BR4_bo_age"":{""score"":30.0},""_score"":50.94},""risk"":{""R1_stop_clarity"":{""score"":73.14828080229205},""R2_stop_distance_pct"":{""value"":4.906300028251252,""score"":100.0},""R3_stop_distance_atr"":{""value"":0.6857718481375364,""score"":59.28859240687683},""R4_rr_potential"":{""value"":-0.7768028516589018,""score"":0.0},""_score"":64.5},""market"":{""M1_spy_regime"":{""score"":100.0},""M3_earnings_risk"":{""value"":null,""score"":80.0},""M4_vix"":{""value"":null,""score"":60.0},""_score"":84.0},""liquidity"":{""L1_price"":{""value"":22.2999,""score"":100.0},""L2_dollar_vol"":{""value"":371983554.72010005,""score"":100.0},""L3_spread_proxy"":{""value"":0.048879142955798,""score"":51.120857044202005},""L4_volume_zscore"":{""value"":-0.787581735261718,""score"":100.0},""_score"":95.11},""pattern_structure"":{""level"":21.43,""level_idx"":56,""breakout_idx"":60,""bo_peak_idx"":66,""bo_peak_price"":24.04,""retest_idx"":77,""retest_low"":21.42,""structural_low"":21.42,""current_price"":22.11,""neckline_distance_pct"":-0.030755314337403878,""base_bars"":23,""bars_since_breakout"":19},""pattern_geometry_features"":{""retest_depth_atr"":0.015023716008839524,""bars_breakout_to_retest"":17.0,""bars_since_retest"":2.0,""current_above_level_atr"":1.0216126886012904,""bo_peak_excess_pct"":0.12179188054129722,""atr_pct"":0.07154420295286397},""_schema_version"":""1.0""}",,,,,,,,,,
20260508T195117Z-64671e,2026-05-08T19:51:17.654677+00:00,INTC,double_bottom,breakout_confirmed,55.81,100.0,65.1,0.0,43.8,32.5,30.9,35.8,84.0,90.0,15.0,16.28,0.0,6.13,4.23,2.48,2.15,5.04,4.5,False,,124.936,114.51,104.9814,122.4399,"{""trend"":{""T1_ema_stack"":{""value"":[true,true,true],""score"":100.0},""T2_ema50_slope"":{""value"":0.8700266597292668,""score"":100},""T3_high_proximity"":{""value"":1.0,""score"":99.99999999999997},""T4_rs_1m"":{""value"":0.9403744556065821,""score"":100},""T5_rs_3m"":{""value"":1.4025232790845672,""score"":100},""T6_adr_healthy"":{""value"":6.1852887702821135,""score"":100.0},""_score"":100.0},""geometry"":{""sub_low_similarity"":52.3,""sub_bounce_quality"":63.4,""sub_separation_fit"":100.0,""sub_right_bottom_reaction"":11.7,""sub_base_context"":100.0,""_score"":65.12},""compression"":{""VC1_atr_ratio"":{""value"":1.4250284006125438,""score"":0},""VC2_range_contraction"":{""value"":1.2778896940507107,""score"":0},""VC3_range_pct_rank"":{""score"":0.0},""_score"":0.0},""sr_quality"":{""SR1_touches"":{""value"":4,""score"":75.0},""SR2_tightness"":{""value"":1.7040406942030477,""score"":56.8713888038538},""SR3_recency"":{""value"":254,""score"":0.0},""SR4_price_location"":{""score"":30.0},""SR5_reaction"":{""value"":0.7054421996223443,""score"":35.27210998111722},""_score"":43.82,""_levels_found"":3,""_target_level"":48.8688},""volume"":{""V1_rvol_day"":{""value"":1.2993360152353266,""score"":53.28906768235511},""V2_rvol_sameslot"":{""value"":1.5639888406435125,""score"":70.93258937623416,""status"":""ok""},""V3_breakout_bar"":{""value"":0.7821146315132846,""score"":18.807642100885644},""V4_base_dryup"":{""value"":1.5811033600135451,""score"":0},""V5_bo_expansion"":{""value"":1.2993360152353264,""score"":19.95573434902176},""_score"":32.54},""readiness"":{""_distance_atr"":-1.319,""BR1_atr_distance"":{""score"":33.612197064265615},""BR2_compression"":{""score"":0},""BR3_retest"":{""score"":50.0},""BR4_bo_age"":{""score"":50.0},""_score"":30.94},""risk"":{""R1_stop_clarity"":{""score"":59.537483085494856},""R2_stop_distance_pct"":{""value"":15.971858791701358,""score"":0.0},""R3_stop_distance_atr"":{""value"":2.525216248048676,""score"":100.0},""R4_rr_potential"":{""value"":-0.1250889425178447,""score"":0.0},""_score"":35.84},""market"":{""M1_spy_regime"":{""score"":100.0},""M3_earnings_risk"":{""value"":null,""score"":80.0},""M4_vix"":{""value"":null,""score"":60.0},""_score"":84.0},""liquidity"":{""L1_price"":{""value"":124.936,""score"":100.0},""L2_dollar_vol"":{""value"":23745301288.42027,""score"":100.0},""L3_spread_proxy"":{""value"":0.15023692130370747,""score"":0},""L4_volume_zscore"":{""value"":0.8575052543467995,""score"":100.0},""_score"":90.0},""pattern_structure"":{""left_low"":106.5801,""left_idx"":62,""right_low"":109.15,""right_idx"":73,""separation_bars"":11,""structural_low"":106.5801,""current_price"":124.335,""neckline_distance_pct"":-0.07902038846664246,""base_bars"":11},""pattern_geometry_features"":{""low_similarity_pct"":0.023825140766170358,""bounce_pct"":0.07440319534322076,""right_bottom_reaction"":0.11702127659574436,""atr_pct"":0.06324946944264033},""_schema_version"":""1.0""}",,,,,,,,,,
20260508T195117Z-64671e,2026-05-08T19:51:17.654677+00:00,OKLO,double_bottom,forming,55.6,70.7,63.2,40.3,46.6,6.8,67.8,56.3,84.0,94.4,10.6,15.8,3.22,6.52,0.89,5.42,3.38,5.04,4.72,False,,71.775,72.3,65.0888,78.52,"{""trend"":{""T1_ema_stack"":{""value"":[true,true,false],""score"":66.66666666666666},""T2_ema50_slope"":{""value"":0.3502768921270871,""score"":100},""T3_high_proximity"":{""value"":0.9014694800301432,""score"":50.73474001507156},""T4_rs_1m"":{""value"":0.41927732042761123,""score"":100},""T5_rs_3m"":{""value"":-0.05756201820488571,""score"":21.218990897557145},""T6_adr_healthy"":{""value"":9.445404178300706,""score"":63.86489554248236},""_score"":70.65},""geometry"":{""sub_low_similarity"":13.2,""sub_bounce_quality"":91.6,""sub_separation_fit"":100.0,""sub_right_bottom_reaction"":39.6,""sub_base_context"":100.0,""_score"":63.22},""compression"":{""VC1_atr_ratio"":{""value"":0.8656350747563907,""score"":33.59123131090233},""VC2_range_contraction"":{""value"":0.8892769149005736,""score"":18.45384751657107},""VC3_range_pct_rank"":{""score"":81.66666666666667},""_score"":40.31},""sr_quality"":{""SR1_touches"":{""value"":3,""score"":50.0},""SR2_tightness"":{""value"":0.8901529206952153,""score"":74.92274697709425},""SR3_recency"":{""value"":238,""score"":0.0},""SR4_price_location"":{""score"":29.866575436195724},""SR5_reaction"":{""value"":1.7196565717543677,""score"":85.98282858771839},""_score"":46.6,""_levels_found"":7,""_target_level"":75.1917},""volume"":{""V1_rvol_day"":{""value"":0.5144970777187468,""score"":0.9664718479164502},""V2_rvol_sameslot"":{""value"":0.7311241686151226,""score"":15.408277907674842,""status"":""ok""},""V3_breakout_bar"":{""value"":0.7143735694805556,""score"":14.291571298703708},""V4_base_dryup"":{""value"":1.7616960115995373,""score"":0},""V5_bo_expansion"":{""value"":0.5144970777187468,""score"":0},""_score"":6.85},""readiness"":{""_distance_atr"":0.074,""BR1_atr_distance"":{""score"":95.06992655196709},""BR2_compression"":{""score"":48.92114798501984},""BR3_retest"":{""score"":50.0},""BR4_bo_age"":{""score"":50.0},""_score"":67.76},""risk"":{""R1_stop_clarity"":{""score"":72.07606399034091},""R2_stop_distance_pct"":{""value"":9.315499825844672,""score"":67.11250435388321},""R3_stop_distance_atr"":{""value"":0.941813059663952,""score"":72.0906529831976},""R4_rr_potential"":{""value"":1.0087942328976065,""score"":0.4397116448803251},""_score"":56.26},""market"":{""M1_spy_regime"":{""score"":100.0},""M3_earnings_risk"":{""value"":null,""score"":80.0},""M4_vix"":{""value"":null,""score"":60.0},""_score"":84.0},""liquidity"":{""L1_price"":{""value"":71.775,""score"":100.0},""L2_dollar_vol"":{""value"":611987535.5685672,""score"":100.0},""L3_spread_proxy"":{""value"":0.05572971090212469,""score"":44.27028909787531},""L4_volume_zscore"":{""value"":-1.2827222759034325,""score"":100.0},""_score"":94.43},""pattern_structure"":{""left_low"":69.01,""left_idx"":27,""right_low"":66.08,""right_idx"":56,""separation_bars"":29,""structural_low"":66.08,""current_price"":71.5401,""neckline_distance_pct"":0.01062201478611299,""base_bars"":29},""pattern_geometry_features"":{""low_similarity_pct"":0.043378488415130756,""bounce_pct"":0.0941283292978208,""right_bottom_reaction"":0.395569620253165,""atr_pct"":0.09891028511718165},""_schema_version"":""1.0""}",,,,,,,,,,
20260508T195117Z-64671e,2026-05-08T19:51:17.654677+00:00,AVGO,cup_with_handle,forming,55.0,100.0,52.2,32.1,60.6,26.5,63.7,64.0,84.0,95.1,14.0,15.67,2.57,7.27,3.45,5.1,3.2,4.2,4.75,True,risk_unclear,428.175,429.31,388.7302,553.96,"{""trend"":{""T1_ema_stack"":{""value"":[true,true,true],""score"":100.0},""T2_ema50_slope"":{""value"":0.5495038353281168,""score"":100},""T3_high_proximity"":{""value"":1.0,""score"":99.99999999999997},""T4_rs_1m"":{""value"":0.12256857589079839,""score"":100},""T5_rs_3m"":{""value"":0.21906409944682514,""score"":100},""T6_adr_healthy"":{""value"":3.0314671322642206,""score"":100.0},""_score"":100.0},""geometry"":{""sub_cup_depth"":79.4,""sub_cup_duration"":56.0,""sub_rim_symmetry"":29.1,""sub_handle_shallowness"":32.7,""sub_handle_proportion"":100.0,""sub_u_shape"":37.4,""_score"":52.25},""compression"":{""VC1_atr_ratio"":{""value"":0.7184793027259394,""score"":70.38017431851515},""VC2_range_contraction"":{""value"":1.1238711010608327,""score"":0},""VC3_range_pct_rank"":{""score"":15.833333333333332},""_score"":32.11},""sr_quality"":{""SR1_touches"":{""value"":5,""score"":100},""SR2_tightness"":{""value"":3.5435157682731018,""score"":54.067641570295244},""SR3_recency"":{""value"":265,""score"":0.0},""SR4_price_location"":{""score"":30.0},""SR5_reaction"":{""value"":1.9977589916017728,""score"":99.88794958008864},""_score"":60.59,""_levels_found"":5,""_target_level"":355.776},""volume"":{""V1_rvol_day"":{""value"":0.7378418403907423,""score"":15.856122692716154},""V2_rvol_sameslot"":{""value"":0.9848900510959598,""score"":32.32600340639733,""status"":""ok""},""V3_breakout_bar"":{""value"":0.6361860795916061,""score"":9.07907197277374},""V4_base_dryup"":{""value"":0.7683054890473234,""score"":73.16945109526766},""V5_bo_expansion"":{""value"":0.7378418403907423,""score"":0},""_score"":26.54},""readiness"":{""_distance_atr"":0.074,""BR1_atr_distance"":{""score"":95.09590378342232},""BR2_compression"":{""score"":32.61100776190625},""BR3_retest"":{""score"":50.0},""BR4_bo_age"":{""score"":50.0},""_score"":63.69},""risk"":{""R1_stop_clarity"":{""score"":23.266016974221756},""R2_stop_distance_pct"":{""value"":9.212296374146097,""score"":69.69259064634757},""R3_stop_distance_atr"":{""value"":2.5564869943460953,""score"":100.0},""R4_rr_potential"":{""value"":3.1888907902826067,""score"":100.0},""_score"":64.05},""market"":{""M1_spy_regime"":{""score"":100.0},""M3_earnings_risk"":{""value"":null,""score"":80.0},""M4_vix"":{""value"":null,""score"":60.0},""_score"":84.0},""liquidity"":{""L1_price"":{""value"":428.175,""score"":100.0},""L2_dollar_vol"":{""value"":6376425156.474316,""score"":100.0},""L3_spread_proxy"":{""value"":0.04904536696444211,""score"":50.95463303555789},""L4_volume_zscore"":{""value"":-1.2217239766277999,""score"":100.0},""_score"":95.1},""pattern_structure"":{""left_rim"":414.61,""left_rim_idx"":77,""cup_bottom"":289.96,""cup_bottom_idx"":151,""right_rim"":429.31,""right_rim_idx"":168,""handle_low"":394.65,""handle_bars"":11,""cup_bars"":91,""structural_low"":394.65,""current_price"":428.175,""neckline_distance_pct"":0.002650785309744826,""base_bars"":102},""pattern_geometry_features"":{""cup_depth_pct"":0.3006439786787584,""rim_symmetry_pct"":0.03545500590916762,""handle_depth_pct"":0.0807342013929329,""handle_to_cup_ratio"":0.12087912087912088,""cup_duration_bars"":91.0,""atr_pct"":0.03603498235868179,""u_shape_score"":0.18681318681318682},""_schema_version"":""1.0""}",,,,,,,,,,
20260508T195117Z-64671e,2026-05-08T19:51:17.654677+00:00,NVDA,cup_with_handle,absent,55.0,98.8,48.4,43.5,49.7,18.7,70.6,43.1,84.0,97.7,13.84,14.53,3.48,5.96,2.43,5.64,2.15,4.2,4.89,True,risk_unclear,214.947,216.825,191.8189,264.7449,"{""trend"":{""T1_ema_stack"":{""value"":[true,true,true],""score"":100.0},""T2_ema50_slope"":{""value"":0.3047451269670289,""score"":100},""T3_high_proximity"":{""value"":0.9923226074511795,""score"":96.16130372558973},""T4_rs_1m"":{""value"":0.0848978535759386,""score"":100},""T5_rs_3m"":{""value"":0.09225071293697651,""score"":96.12535646848826},""T6_adr_healthy"":{""value"":2.993767262683591,""score"":100.0},""_score"":98.84},""geometry"":{""sub_cup_depth"":100.0,""sub_cup_duration"":0.0,""sub_rim_symmetry"":56.3,""sub_handle_shallowness"":15.1,""sub_handle_proportion"":94.8,""sub_u_shape"":31.1,""_score"":48.43},""compression"":{""VC1_atr_ratio"":{""value"":0.7253642778013136,""score"":68.6589305496716},""VC2_range_contraction"":{""value"":1.3642610918467064,""score"":0},""VC3_range_pct_rank"":{""score"":64.16666666666666},""_score"":43.51},""sr_quality"":{""SR1_touches"":{""value"":3,""score"":50.0},""SR2_tightness"":{""value"":0.6923362108750947,""score"":81.19064150865334},""SR3_recency"":{""value"":234,""score"":0.0},""SR4_price_location"":{""score"":30.0},""SR5_reaction"":{""value"":3.126320637489576,""score"":100},""_score"":49.68,""_levels_found"":5,""_target_level"":196.9502},""volume"":{""V1_rvol_day"":{""value"":0.6973439172834797,""score"":13.156261152231977},""V2_rvol_sameslot"":{""value"":0.7045565789622537,""score"":13.637105264150243,""status"":""ok""},""V3_breakout_bar"":{""value"":0.5509072173533446,""score"":3.393814490222972},""V4_base_dryup"":{""value"":0.8765704259506489,""score"":62.342957404935106},""V5_bo_expansion"":{""value"":0.6973439172834797,""score"":0},""_score"":18.68},""readiness"":{""_distance_atr"":0.255,""BR1_atr_distance"":{""score"":82.99286064974116},""BR2_compression"":{""score"":79.4626815080115},""BR3_retest"":{""score"":50.0},""BR4_bo_age"":{""score"":50.0},""_score"":70.56},""risk"":{""R1_stop_clarity"":{""score"":20.6396888881128},""R2_stop_distance_pct"":{""value"":10.759908256453912,""score"":31.002293588652208},""R3_stop_distance_atr"":{""value"":3.1417158115553048,""score"":100.0},""R4_rr_potential"":{""value"":2.153134066352186,""score"":57.656703317609306},""_score"":43.06},""market"":{""M1_spy_regime"":{""score"":100.0},""M3_earnings_risk"":{""value"":null,""score"":80.0},""M4_vix"":{""value"":null,""score"":60.0},""_score"":84.0},""liquidity"":{""L1_price"":{""value"":214.947,""score"":100.0},""L2_dollar_vol"":{""value"":22283465539.810425,""score"":100.0},""L3_spread_proxy"":{""value"":0.022842840328080993,""score"":77.157159671919},""L4_volume_zscore"":{""value"":-1.1893836922914802,""score"":100.0},""_score"":97.72},""pattern_structure"":{""left_rim"":212.1899,""left_rim_idx"":48,""cup_bottom"":164.27,""cup_bottom_idx"":151,""right_rim"":216.825,""right_rim_idx"":170,""handle_low"":194.74,""handle_bars"":9,""cup_bars"":122,""structural_low"":194.74,""current_price"":214.947,""neckline_distance_pct"":0.008737037502267935,""base_bars"":131},""pattern_geometry_features"":{""cup_depth_pct"":0.2258349714100435,""rim_symmetry_pct"":0.021844112278671106,""handle_depth_pct"":0.10185633575464074,""handle_to_cup_ratio"":0.07377049180327869,""cup_duration_bars"":122.0,""atr_pct"":0.034248509100914586,""u_shape_score"":0.1557377049180328},""_schema_version"":""1.0""}",,,,,,,,,,
20260508T195117Z-64671e,2026-05-08T19:51:17.654677+00:00,ADI,vcp,setup,55.0,100.0,44.8,59.2,59.5,34.3,42.5,34.8,84.0,98.7,15.0,11.19,7.11,7.14,4.46,2.98,1.74,5.04,4.94,True,risk_unclear,416.24,408.37,376.7132,329.12,"{""trend"":{""T1_ema_stack"":{""value"":[true,true,true],""score"":100.0},""T2_ema50_slope"":{""value"":0.4819134331947324,""score"":100},""T3_high_proximity"":{""value"":1.0,""score"":99.99999999999997},""T4_rs_1m"":{""value"":0.10078987538235995,""score"":100},""T5_rs_3m"":{""value"":0.23186769989327938,""score"":100},""T6_adr_healthy"":{""value"":2.4877000587510936,""score"":100.0},""_score"":100.0},""geometry"":{""sub_contraction_count"":100.0,""sub_reduction_rate"":0,""sub_pivot_tightness"":52.1,""sub_volume_dryup"":13.0,""sub_base_depth"":0.0,""sub_base_duration"":100.0,""_score"":44.77},""compression"":{""VC1_atr_ratio"":{""value"":0.6939568054192968,""score"":76.5107986451758},""VC2_range_contraction"":{""value"":0.9128620913798828,""score"":14.522984770019528},""VC3_range_pct_rank"":{""score"":94.16666666666667},""_score"":59.23},""sr_quality"":{""SR1_touches"":{""value"":6,""score"":100},""SR2_tightness"":{""value"":2.2453462984582164,""score"":61.981255793650405},""SR3_recency"":{""value"":251,""score"":0.0},""SR4_price_location"":{""score"":30.0},""SR5_reaction"":{""value"":1.6884407220391244,""score"":84.42203610195622},""_score"":59.46,""_levels_found"":3,""_target_level"":302.644},""volume"":{""V1_rvol_day"":{""value"":0.6074330365410956,""score"":7.16220243607304},""V2_rvol_sameslot"":{""value"":1.3271638377087944,""score"":55.144255847252964,""status"":""ok""},""V3_breakout_bar"":{""value"":1.1472191070985618,""score"":43.14794047323745},""V4_base_dryup"":{""value"":0.9458816693309414,""score"":55.41183306690586},""V5_bo_expansion"":{""value"":0.6074330365410956,""score"":0},""_score"":34.33},""readiness"":{""_distance_atr"":-0.666,""BR1_atr_distance"":{""score"":46.67432648988601},""BR2_compression"":{""score"":25.41816624395075},""BR3_retest"":{""score"":50.0},""BR4_bo_age"":{""score"":50.0},""_score"":42.52},""risk"":{""R1_stop_clarity"":{""score"":2.863967586852894},""R2_stop_distance_pct"":{""value"":9.496144051508756,""score"":62.59639871228111},""R3_stop_distance_atr"":{""value"":3.3463822453360765,""score"":100.0},""R4_rr_potential"":{""value"":-2.2040769858387015,""score"":0.0},""_score"":34.78},""market"":{""M1_spy_regime"":{""score"":100.0},""M3_earnings_risk"":{""value"":null,""score"":80.0},""M4_vix"":{""value"":null,""score"":60.0},""_score"":84.0},""liquidity"":{""L1_price"":{""value"":416.24,""score"":100.0},""L2_dollar_vol"":{""value"":808029275.6310605,""score"":100.0},""L3_spread_proxy"":{""value"":0.012564866423217419,""score"":87.43513357678258},""L4_volume_zscore"":{""value"":-1.283875018536193,""score"":100.0},""_score"":98.74},""pattern_structure"":{""n_contractions"":5,""contractions_pct"":[0.8,16.43,8.42,3.66,6.35],""descending_strict"":false,""final_low"":382.45,""final_pivot"":408.37,""structural_low"":382.45,""dry_up_ratio"":0.9348641499826904,""current_price"":416.24,""neckline_distance_pct"":-0.018907361137805122,""base_bars"":74},""pattern_geometry_features"":{""contraction_count"":5.0,""first_contraction_pct"":0.008047493403693925,""last_contraction_pct"":0.06347185150721163,""dry_up_ratio"":0.9348641499826904,""near_monotone"":0.0,""base_depth_pct"":-0.2613786279683377},""_schema_version"":""1.0""}",,,,,,,,,,
20260508T195117Z-64671e,2026-05-08T19:51:17.654677+00:00,ADI,ascending_triangle,absent,55.0,100.0,44.8,59.2,59.5,38.3,58.2,45.2,84.0,98.7,15.0,12.54,4.74,8.32,4.59,4.66,1.81,5.04,4.94,True,risk_unclear,416.24,418.75,386.0018,445.62,"{""trend"":{""T1_ema_stack"":{""value"":[true,true,true],""score"":100.0},""T2_ema50_slope"":{""value"":0.4819134331947324,""score"":100},""T3_high_proximity"":{""value"":1.0,""score"":99.99999999999997},""T4_rs_1m"":{""value"":0.10078987538235995,""score"":100},""T5_rs_3m"":{""value"":0.23186769989327938,""score"":100},""T6_adr_healthy"":{""value"":2.4877000587510936,""score"":100.0},""_score"":100.0},""geometry"":{""sub_flat_top_quality"":33.3,""sub_hl_slope"":42.4,""sub_compression"":28.3,""sub_duration"":100.0,""_score"":44.78},""compression"":{""VC1_atr_ratio"":{""value"":0.6939568054192968,""score"":76.5107986451758},""VC2_range_contraction"":{""value"":0.9128620913798828,""score"":14.522984770019528},""VC3_range_pct_rank"":{""score"":94.16666666666667},""_score"":59.23},""sr_quality"":{""SR1_touches"":{""value"":6,""score"":100},""SR2_tightness"":{""value"":2.2453462984582164,""score"":61.981255793650405},""SR3_recency"":{""value"":251,""score"":0.0},""SR4_price_location"":{""score"":30.0},""SR5_reaction"":{""value"":1.6884407220391244,""score"":84.42203610195622},""_score"":59.46,""_levels_found"":3,""_target_level"":302.644},""volume"":{""V1_rvol_day"":{""value"":0.6074330365410956,""score"":7.16220243607304},""V2_rvol_sameslot"":{""value"":1.3271638377087944,""score"":55.144255847252964,""status"":""ok""},""V3_breakout_bar"":{""value"":1.1472191070985618,""score"":43.14794047323745},""V4_base_dryup"":{""value"":0.7483799615661424,""score"":75.16200384338576},""V5_bo_expansion"":{""value"":0.6074330365410956,""score"":0},""_score"":38.28},""readiness"":{""_distance_atr"":0.212,""BR1_atr_distance"":{""score"":85.8333585301203},""BR2_compression"":{""score"":25.41816624395075},""BR3_retest"":{""score"":50.0},""BR4_bo_age"":{""score"":50.0},""_score"":58.19},""risk"":{""R1_stop_clarity"":{""score"":0.468902125601133},""R2_stop_distance_pct"":{""value"":7.2646069575245065,""score"":100.0},""R3_stop_distance_atr"":{""value"":2.560002418891542,""score"":100.0},""R4_rr_potential"":{""value"":0.9716186810061442,""score"":0.0},""_score"":45.16},""market"":{""M1_spy_regime"":{""score"":100.0},""M3_earnings_risk"":{""value"":null,""score"":80.0},""M4_vix"":{""value"":null,""score"":60.0},""_score"":84.0},""liquidity"":{""L1_price"":{""value"":416.24,""score"":100.0},""L2_dollar_vol"":{""value"":808029275.6310605,""score"":100.0},""L3_spread_proxy"":{""value"":0.012564866423217419,""score"":87.43513357678258},""L4_volume_zscore"":{""value"":-1.283875018536193,""score"":100.0},""_score"":98.74},""pattern_structure"":{""top"":418.75,""top_touches"":2,""low_slope_per_bar"":0.4987883087400695,""lowest_low"":391.88,""structural_low"":391.88,""current_price"":416.08,""neckline_distance_pct"":0.006417035185541281,""base_bars"":35},""pattern_geometry_features"":{""top_touches"":2.0,""low_slope"":0.4987883087400695,""compression"":0.14174236416802855,""atr_pct"":0.028377344114659146},""_schema_version"":""1.0""}",,,,,,,,,,
20260508T195117Z-64671e,2026-05-08T19:51:17.654677+00:00,AVGO,double_bottom,forming,55.0,100.0,56.2,32.1,60.6,23.9,49.2,47.4,84.0,95.1,15.0,14.04,2.57,8.48,3.11,3.94,2.84,5.04,4.75,True,risk_unclear,428.175,437.68,388.7302,480.71,"{""trend"":{""T1_ema_stack"":{""value"":[true,true,true],""score"":100.0},""T2_ema50_slope"":{""value"":0.5495038353281168,""score"":100},""T3_high_proximity"":{""value"":1.0,""score"":99.99999999999997},""T4_rs_1m"":{""value"":0.12256857589079839,""score"":100},""T5_rs_3m"":{""value"":0.21906409944682514,""score"":100},""T6_adr_healthy"":{""value"":3.0314671322642206,""score"":100.0},""_score"":100.0},""geometry"":{""sub_low_similarity"":41.8,""sub_bounce_quality"":100,""sub_separation_fit"":6.7,""sub_right_bottom_reaction"":17.4,""sub_base_context"":100.0,""_score"":56.16},""compression"":{""VC1_atr_ratio"":{""value"":0.7184793027259394,""score"":70.38017431851515},""VC2_range_contraction"":{""value"":1.1238711010608327,""score"":0},""VC3_range_pct_rank"":{""score"":15.833333333333332},""_score"":32.11},""sr_quality"":{""SR1_touches"":{""value"":5,""score"":100},""SR2_tightness"":{""value"":3.5435157682731018,""score"":54.067641570295244},""SR3_recency"":{""value"":265,""score"":0.0},""SR4_price_location"":{""score"":30.0},""SR5_reaction"":{""value"":1.9977589916017728,""score"":99.88794958008864},""_score"":60.59,""_levels_found"":5,""_target_level"":355.776},""volume"":{""V1_rvol_day"":{""value"":0.7378418403907423,""score"":15.856122692716154},""V2_rvol_sameslot"":{""value"":0.9848900510959598,""score"":32.32600340639733,""status"":""ok""},""V3_breakout_bar"":{""value"":0.6361860795916061,""score"":9.07907197277374},""V4_base_dryup"":{""value"":0.8985712281206422,""score"":60.14287718793578},""V5_bo_expansion"":{""value"":0.7378418403907423,""score"":0},""_score"":23.93},""readiness"":{""_distance_atr"":0.616,""BR1_atr_distance"":{""score"":58.930894679672896},""BR2_compression"":{""score"":32.61100776190625},""BR3_retest"":{""score"":50.0},""BR4_bo_age"":{""score"":50.0},""_score"":49.23},""risk"":{""R1_stop_clarity"":{""score"":23.266016974221756},""R2_stop_distance_pct"":{""value"":9.212296374146097,""score"":69.69259064634757},""R3_stop_distance_atr"":{""value"":2.5564869943460953,""score"":100.0},""R4_rr_potential"":{""value"":1.3318629221886298,""score"":16.59314610943149},""_score"":47.37},""market"":{""M1_spy_regime"":{""score"":100.0},""M3_earnings_risk"":{""value"":null,""score"":80.0},""M4_vix"":{""value"":null,""score"":60.0},""_score"":84.0},""liquidity"":{""L1_price"":{""value"":428.175,""score"":100.0},""L2_dollar_vol"":{""value"":6376425156.474316,""score"":100.0},""L3_spread_proxy"":{""value"":0.04904536696444211,""score"":50.95463303555789},""L4_volume_zscore"":{""value"":-1.2217239766277999,""score"":100.0},""_score"":95.1},""pattern_structure"":{""left_low"":394.65,""left_idx"":28,""right_low"":406.3,""right_idx"":72,""separation_bars"":44,""structural_low"":394.65,""current_price"":427.68,""neckline_distance_pct"":0.023381967826412272,""base_bars"":44},""pattern_geometry_features"":{""low_similarity_pct"":0.029090455084587137,""bounce_pct"":0.10903332066387947,""right_bottom_reaction"":0.1736559139784954,""atr_pct"":0.03603498235868179},""_schema_version"":""1.0""}",,,,,,,,,,
20260508T195117Z-64671e,2026-05-08T19:51:17.654677+00:00,AMZN,vcp,breakout_confirmed,55.0,99.5,56.0,62.3,45.0,21.9,40.5,45.0,84.0,98.7,14.92,14.01,7.47,5.4,2.85,2.84,2.25,5.04,4.94,True,risk_unclear,273.0801,256.18,252.3176,211.61,"{""trend"":{""T1_ema_stack"":{""value"":[true,true,true],""score"":100.0},""T2_ema50_slope"":{""value"":0.46489797086326257,""score"":100},""T3_high_proximity"":{""value"":0.9930546565329649,""score"":96.52732826648241},""T4_rs_1m"":{""value"":0.0848930745145291,""score"":100},""T5_rs_3m"":{""value"":0.23134722076069303,""score"":100},""T6_adr_healthy"":{""value"":2.539922978126973,""score"":100.0},""_score"":99.48},""geometry"":{""sub_contraction_count"":100.0,""sub_reduction_rate"":24.1,""sub_pivot_tightness"":100,""sub_volume_dryup"":0,""sub_base_depth"":0.0,""sub_base_duration"":100.0,""_score"":56.02},""compression"":{""VC1_atr_ratio"":{""value"":0.3850476439427459,""score"":100},""VC2_range_contraction"":{""value"":1.06609427811932,""score"":0},""VC3_range_pct_rank"":{""score"":89.16666666666666},""_score"":62.29},""sr_quality"":{""SR1_touches"":{""value"":2,""score"":25.0},""SR2_tightness"":{""value"":0.009999999999990905,""score"":99.7266089551192},""SR3_recency"":{""value"":229,""score"":0.0},""SR4_price_location"":{""score"":30.0},""SR5_reaction"":{""value"":2.2701708889309797,""score"":100},""_score"":44.96,""_levels_found"":7,""_target_level"":256.17},""volume"":{""V1_rvol_day"":{""value"":0.4886199702675935,""score"":0},""V2_rvol_sameslot"":{""value"":0.7387869763406675,""score"":15.9191317560445,""status"":""ok""},""V3_breakout_bar"":{""value"":0.8817232807681054,""score"":25.44821871787369},""V4_base_dryup"":{""value"":0.8818212013012356,""score"":61.817879869876435},""V5_bo_expansion"":{""value"":0.48861997026759346,""score"":0},""_score"":21.91},""readiness"":{""_distance_atr"":-2.31,""BR1_atr_distance"":{""score"":13.796640024058405},""BR2_compression"":{""score"":69.94757625082664},""BR3_retest"":{""score"":50.0},""BR4_bo_age"":{""score"":50.0},""_score"":40.51},""risk"":{""R1_stop_clarity"":{""score"":0},""R2_stop_distance_pct"":{""value"":7.603080561344451,""score"":100.0},""R3_stop_distance_atr"":{""value"":2.838140784671352,""score"":100.0},""R4_rr_potential"":{""value"":-2.9606309452137296,""score"":0.0},""_score"":45.0},""market"":{""M1_spy_regime"":{""score"":100.0},""M3_earnings_risk"":{""value"":null,""score"":80.0},""M4_vix"":{""value"":null,""score"":60.0},""_score"":84.0},""liquidity"":{""L1_price"":{""value"":273.0801,""score"":100.0},""L2_dollar_vol"":{""value"":6462810849.11888,""score"":100.0},""L3_spread_proxy"":{""value"":0.01299984876232289,""score"":87.00015123767712},""L4_volume_zscore"":{""value"":-1.4853270230089763,""score"":100.0},""_score"":98.7},""pattern_structure"":{""n_contractions"":5,""contractions_pct"":[4.31,6.06,5.28,6.54,0.01],""descending_strict"":false,""final_low"":256.16,""final_pivot"":256.18,""structural_low"":256.16,""dry_up_ratio"":1.088496035711016,""current_price"":273.0801,""neckline_distance_pct"":-0.06188697016003732,""base_bars"":45},""pattern_geometry_features"":{""contraction_count"":5.0,""first_contraction_pct"":0.04305496479039658,""last_contraction_pct"":7.807010695597552e-05,""dry_up_ratio"":1.088496035711016,""near_monotone"":0.0,""base_depth_pct"":-0.2106432251051563},""_schema_version"":""1.0""}",,,,,,,,,,
20260508T195117Z-64671e,2026-05-08T19:51:17.654677+00:00,AMZN,bull_flag,forming,55.0,99.5,55.3,62.3,45.0,16.6,55.0,61.1,84.0,98.7,13.93,16.6,5.61,4.5,2.33,4.95,1.83,5.04,4.94,True,risk_unclear,273.0801,278.56,265.9007,300.96,"{""trend"":{""T1_ema_stack"":{""value"":[true,true,true],""score"":100.0},""T2_ema50_slope"":{""value"":0.46489797086326257,""score"":100},""T3_high_proximity"":{""value"":0.9930546565329649,""score"":96.52732826648241},""T4_rs_1m"":{""value"":0.0848930745145291,""score"":100},""T5_rs_3m"":{""value"":0.23134722076069303,""score"":100},""T6_adr_healthy"":{""value"":2.539922978126973,""score"":100.0},""_score"":99.48},""geometry"":{""sub_pole_impulse"":56.6,""sub_flag_tightness"":46.3,""sub_flag_shallowness"":29.3,""sub_flag_drift"":97.7,""sub_flag_duration"":62.5,""_score"":55.32},""compression"":{""VC1_atr_ratio"":{""value"":0.3850476439427459,""score"":100},""VC2_range_contraction"":{""value"":1.06609427811932,""score"":0},""VC3_range_pct_rank"":{""score"":89.16666666666666},""_score"":62.29},""sr_quality"":{""SR1_touches"":{""value"":2,""score"":25.0},""SR2_tightness"":{""value"":0.009999999999990905,""score"":99.7266089551192},""SR3_recency"":{""value"":229,""score"":0.0},""SR4_price_location"":{""score"":30.0},""SR5_reaction"":{""value"":2.2701708889309797,""score"":100},""_score"":44.96,""_levels_found"":7,""_target_level"":256.17},""volume"":{""V1_rvol_day"":{""value"":0.4886199702675935,""score"":0},""V2_rvol_sameslot"":{""value"":0.7387869763406675,""score"":15.9191317560445,""status"":""ok""},""V3_breakout_bar"":{""value"":0.8817232807681054,""score"":25.44821871787369},""V4_base_dryup"":{""value"":1.1467999606971697,""score"":35.32000393028302},""V5_bo_expansion"":{""value"":0.48861997026759346,""score"":0},""_score"":16.61},""readiness"":{""_distance_atr"":0.749,""BR1_atr_distance"":{""score"":50.061480438545416},""BR2_compression"":{""score"":69.94757625082664},""BR3_retest"":{""score"":50.0},""BR4_bo_age"":{""score"":50.0},""_score"":55.01},""risk"":{""R1_stop_clarity"":{""score"":0},""R2_stop_distance_pct"":{""value"":2.6290271608953035,""score"":100.0},""R3_stop_distance_atr"":{""value"":0.9813849990333747,""score"":74.06924995166874},""R4_rr_potential"":{""value"":3.8833459853607564,""score"":100.0},""_score"":61.11},""market"":{""M1_spy_regime"":{""score"":100.0},""M3_earnings_risk"":{""value"":null,""score"":80.0},""M4_vix"":{""value"":null,""score"":60.0},""_score"":84.0},""liquidity"":{""L1_price"":{""value"":273.0801,""score"":100.0},""L2_dollar_vol"":{""value"":6462810849.11888,""score"":100.0},""L3_spread_proxy"":{""value"":0.01299984876232289,""score"":87.00015123767712},""L4_volume_zscore"":{""value"":-1.4853270230089763,""score"":100.0},""_score"":98.7},""pattern_structure"":{""pole_low"":256.16,""pole_low_idx"":20,""peak_price"":278.56,""peak_idx"":36,""pole_gain"":0.08744534665833845,""flag_bars"":23,""flag_low"":269.95,""flag_high"":277.8,""structural_low"":269.95,""current_price"":273.085,""neckline_distance_pct"":0.020048702784847293,""base_bars"":23},""pattern_geometry_features"":{""pole_gain"":0.08744534665833845,""pullback_pct"":0.030908960367604873,""flag_range_pct"":0.028180643308443505,""flag_drift_per_bar"":-0.0004563698731106307,""atr_pct"":0.02678894790000653,""pole_atr_multiple"":3.264232211908446},""_schema_version"":""1.0""}",,,,,,,,,,
20260508T195117Z-64671e,2026-05-08T19:51:17.654677+00:00,MSFT,cup_with_handle,forming,55.0,68.8,65.4,65.1,37.3,24.1,36.2,65.0,84.0,98.9,9.63,19.61,5.21,4.48,3.14,2.89,3.25,4.2,4.95,True,risk_unclear,414.55,433.7,392.0399,501.1,"{""trend"":{""T1_ema_stack"":{""value"":[true,true,false],""score"":66.66666666666666},""T2_ema50_slope"":{""value"":0.14693081907987757,""score"":74.48846984664627},""T3_high_proximity"":{""value"":0.9575672179617482,""score"":78.78360898087405},""T4_rs_1m"":{""value"":0.027321527563057613,""score"":77.32152756305761},""T5_rs_3m"":{""value"":-0.03362596380801808,""score"":33.187018095990965},""T6_adr_healthy"":{""value"":2.4107461818800466,""score"":100.0},""_score"":68.82},""geometry"":{""sub_cup_depth"":79.1,""sub_cup_duration"":100.0,""sub_rim_symmetry"":52.7,""sub_handle_shallowness"":31.4,""sub_handle_proportion"":79.3,""sub_u_shape"":65.3,""_score"":65.36},""compression"":{""VC1_atr_ratio"":{""value"":0.5837956292749387,""score"":100},""VC2_range_contraction"":{""value"":0.9558465476620894,""score"":7.358908722985095},""VC3_range_pct_rank"":{""score"":90.0},""_score"":65.08},""sr_quality"":{""SR1_touches"":{""value"":2,""score"":25.0},""SR2_tightness"":{""value"":1.8899999999999864,""score"":68.00338588509176},""SR3_recency"":{""value"":231,""score"":0.0},""SR4_price_location"":{""score"":18.43087339457059},""SR5_reaction"":{""value"":2.293932917151625,""score"":100},""_score"":37.31,""_levels_found"":6,""_target_level"":431.81},""volume"":{""V1_rvol_day"":{""value"":0.6036766014852276,""score"":6.911773432348507},""V2_rvol_sameslot"":{""value"":1.0430488476813895,""score"":36.203256512092636,""status"":""ok""},""V3_breakout_bar"":{""value"":0.9639254896856659,""score"":30.928365979044397},""V4_base_dryup"":{""value"":1.1116477594597802,""score"":38.83522405402198},""V5_bo_expansion"":{""value"":0.6036766014852276,""score"":0},""_score"":24.12},""readiness"":{""_distance_atr"":1.621,""BR1_atr_distance"":{""score"":0},""BR2_compression"":{""score"":74.64499791652256},""BR3_retest"":{""score"":50.0},""BR4_bo_age"":{""score"":50.0},""_score"":36.16},""risk"":{""R1_stop_clarity"":{""score"":0},""R2_stop_distance_pct"":{""value"":5.43002050416114,""score"":100.0},""R3_stop_distance_atr"":{""value"":1.9054195323246228,""score"":100.0},""R4_rr_potential"":{""value"":3.844932175041036,""score"":100.0},""_score"":65.0},""market"":{""M1_spy_regime"":{""score"":100.0},""M3_earnings_risk"":{""value"":null,""score"":80.0},""M4_vix"":{""value"":null,""score"":60.0},""_score"":84.0},""liquidity"":{""L1_price"":{""value"":414.55,""score"":100.0},""L2_dollar_vol"":{""value"":8816564386.902866,""score"":100.0},""L3_spread_proxy"":{""value"":0.01071040887709564,""score"":89.28959112290435},""L4_volume_zscore"":{""value"":-1.2955717790744903,""score"":100.0},""_score"":98.93},""pattern_structure"":{""left_rim"":423.68,""left_rim_idx"":118,""cup_bottom"":356.28,""cup_bottom_idx"":151,""right_rim"":433.7,""right_rim_idx"":167,""handle_low"":398.01,""handle_bars"":12,""cup_bars"":49,""structural_low"":398.01,""current_price"":414.55,""neckline_distance_pct"":0.046194668918103914,""base_bars"":61},""pattern_geometry_features"":{""cup_depth_pct"":0.159082326283988,""rim_symmetry_pct"":0.02364992447129905,""handle_depth_pct"":0.08229190684805164,""handle_to_cup_ratio"":0.24489795918367346,""cup_duration_bars"":49.0,""atr_pct"":0.028497768664817267,""u_shape_score"":0.32653061224489793},""_schema_version"":""1.0""}",,,,,,,,,,
20260508T195117Z-64671e,2026-05-08T19:51:17.654677+00:00,GOOG,ascending_triangle,forming,55.0,100.0,65.0,46.2,40.2,27.4,75.7,45.0,84.0,98.9,15.0,18.2,3.7,5.62,3.29,6.06,1.8,5.04,4.95,True,risk_unclear,396.66,398.0,371.1184,419.23,"{""trend"":{""T1_ema_stack"":{""value"":[true,true,true],""score"":100.0},""T2_ema50_slope"":{""value"":0.3744174949240964,""score"":100},""T3_high_proximity"":{""value"":1.0,""score"":99.99999999999997},""T4_rs_1m"":{""value"":0.16992108418291996,""score"":100},""T5_rs_3m"":{""value"":0.16061376309102537,""score"":100},""T6_adr_healthy"":{""value"":2.2020796240118483,""score"":100.0},""_score"":100.0},""geometry"":{""sub_flat_top_quality"":66.7,""sub_hl_slope"":100,""sub_compression"":0,""sub_duration"":100.0,""_score"":65.01},""compression"":{""VC1_atr_ratio"":{""value"":0.7771875891705631,""score"":55.70310270735923},""VC2_range_contraction"":{""value"":1.1202814536573926,""score"":0},""VC3_range_pct_rank"":{""score"":95.83333333333334},""_score"":46.24},""sr_quality"":{""SR1_touches"":{""value"":2,""score"":25.0},""SR2_tightness"":{""value"":0.6074999999999875,""score"":87.86603416913388},""SR3_recency"":{""value"":238,""score"":0.0},""SR4_price_location"":{""score"":30.0},""SR5_reaction"":{""value"":1.5986325213111257,""score"":79.93162606555629},""_score"":40.17,""_levels_found"":5,""_target_level"":340.5925},""volume"":{""V1_rvol_day"":{""value"":0.46176807779398843,""score"":0},""V2_rvol_sameslot"":{""value"":0.9606239377952579,""score"":30.70826251968386,""status"":""ok""},""V3_breakout_bar"":{""value"":0.963960512435793,""score"":30.930700829052864},""V4_base_dryup"":{""value"":0.8220661892035939,""score"":67.79338107964061},""V5_bo_expansion"":{""value"":0.46176807779398843,""score"":0},""_score"":27.43},""readiness"":{""_distance_atr"":0.134,""BR1_atr_distance"":{""score"":91.07845585000788},""BR2_compression"":{""score"":87.18950605069536},""BR3_retest"":{""score"":50.0},""BR4_bo_age"":{""score"":50.0},""_score"":75.73},""risk"":{""R1_stop_clarity"":{""score"":0},""R2_stop_distance_pct"":{""value"":6.43915443957042,""score"":100.0},""R3_stop_distance_atr"":{""value"":2.5507843207190537,""score"":100.0},""R4_rr_potential"":{""value"":0.8836581961548914,""score"":0.0},""_score"":45.0},""market"":{""M1_spy_regime"":{""score"":100.0},""M3_earnings_risk"":{""value"":null,""score"":80.0},""M4_vix"":{""value"":null,""score"":60.0},""_score"":84.0},""liquidity"":{""L1_price"":{""value"":396.66,""score"":100.0},""L2_dollar_vol"":{""value"":3321802492.8264604,""score"":100.0},""L3_spread_proxy"":{""value"":0.010916149851257963,""score"":89.08385014874204},""L4_volume_zscore"":{""value"":-1.280643500099742,""score"":100.0},""_score"":98.91},""pattern_structure"":{""top"":398.0,""top_touches"":3,""low_slope_per_bar"":1.1687821460242367,""lowest_low"":376.77,""structural_low"":376.77,""current_price"":395.9,""neckline_distance_pct"":0.005304369790351157,""base_bars"":44},""pattern_geometry_features"":{""top_touches"":3.0,""low_slope"":1.1687821460242367,""compression"":-0.42949732728470913,""atr_pct"":0.025243821624853228},""_schema_version"":""1.0""}",,,,,,,,,,
20260508T195117Z-64671e,2026-05-08T19:51:17.654677+00:00,BA,bull_flag,forming,55.0,66.0,69.6,54.6,42.5,24.7,60.1,57.8,84.0,97.1,9.23,20.87,4.91,4.25,3.45,5.41,1.73,5.04,4.86,True,risk_unclear,236.59,238.535,232.1448,255.49,"{""trend"":{""T1_ema_stack"":{""value"":[true,true,true],""score"":100.0},""T2_ema50_slope"":{""value"":0.141159703477654,""score"":73.52661724627566},""T3_high_proximity"":{""value"":0.9668178660455232,""score"":83.40893302276159},""T4_rs_1m"":{""value"":-0.00874816334097539,""score"":41.25183665902461},""T5_rs_3m"":{""value"":-0.09355447524904914,""score"":3.222762375475426},""T6_adr_healthy"":{""value"":2.707608175197961,""score"":100.0},""_score"":65.95},""geometry"":{""sub_pole_impulse"":42.0,""sub_flag_tightness"":79.7,""sub_flag_shallowness"":68.7,""sub_flag_drift"":97.0,""sub_flag_duration"":87.5,""_score"":69.56},""compression"":{""VC1_atr_ratio"":{""value"":0.5569142616238738,""score"":100},""VC2_range_contraction"":{""value"":0.892376531056859,""score"":17.937244823856837},""VC3_range_pct_rank"":{""score"":33.333333333333336},""_score"":54.61},""sr_quality"":{""SR1_touches"":{""value"":2,""score"":25.0},""SR2_tightness"":{""value"":0.4749999999999943,""score"":85.94526048821743},""SR3_recency"":{""value"":233,""score"":0.0},""SR4_price_location"":{""score"":30.0},""SR5_reaction"":{""value"":1.946211560815807,""score"":97.31057804079035},""_score"":42.49,""_levels_found"":4,""_target_level"":235.975},""volume"":{""V1_rvol_day"":{""value"":0.853768492348544,""score"":23.5845661565696},""V2_rvol_sameslot"":{""value"":1.0114908563458636,""score"":34.09939042305757,""status"":""ok""},""V3_breakout_bar"":{""value"":0.5693936028285638,""score"":4.626240188570918},""V4_base_dryup"":{""value"":0.9010705763054812,""score"":59.89294236945189},""V5_bo_expansion"":{""value"":0.853768492348544,""score"":0},""_score"":24.67},""readiness"":{""_distance_atr"":0.288,""BR1_atr_distance"":{""score"":80.81651343830364},""BR2_compression"":{""score"":41.29698789479471},""BR3_retest"":{""score"":50.0},""BR4_bo_age"":{""score"":50.0},""_score"":60.15},""risk"":{""R1_stop_clarity"":{""score"":0},""R2_stop_distance_pct"":{""value"":1.8788621666173548,""score"":96.97155416543387},""R3_stop_distance_atr"":{""value"":0.65764345345028,""score"":57.882172672513995},""R4_rr_potential"":{""value"":4.251777197876356,""score"":100.0},""_score"":57.77},""market"":{""M1_spy_regime"":{""score"":100.0},""M3_earnings_risk"":{""value"":null,""score"":80.0},""M4_vix"":{""value"":null,""score"":60.0},""_score"":84.0},""liquidity"":{""L1_price"":{""value"":236.59,""score"":100.0},""L2_dollar_vol"":{""value"":1255154036.9140291,""score"":100.0},""L3_spread_proxy"":{""value"":0.028678304239401483,""score"":71.32169576059852},""L4_volume_zscore"":{""value"":-0.32405676182250015,""score"":100.0},""_score"":97.13},""pattern_structure"":{""pole_low"":221.58,""pole_low_idx"":35,""peak_price"":238.535,""peak_idx"":55,""pole_gain"":0.0765186388663236,""flag_bars"":4,""flag_low"":235.68,""flag_high"":237.9,""structural_low"":235.68,""current_price"":236.735,""neckline_distance_pct"":0.007603438443829526,""base_bars"":4},""pattern_geometry_features"":{""pole_gain"":0.0765186388663236,""pullback_pct"":0.011968893453790805,""flag_range_pct"":0.009306810321336487,""flag_drift_per_bar"":-0.0005956026780999144,""atr_pct"":0.02856961711942903,""pole_atr_multiple"":2.678322168142967},""_schema_version"":""1.0""}",,,,,,,,,,
20260508T195117Z-64671e,2026-05-08T19:51:17.654677+00:00,CW,vcp,forming,55.0,70.2,51.4,64.1,64.0,26.5,46.5,43.6,84.0,71.8,10.53,12.85,7.69,7.68,3.44,3.26,2.18,5.04,3.59,True,risk_unclear,727.825,748.14,701.4333,746.015,"{""trend"":{""T1_ema_stack"":{""value"":[true,true,true],""score"":100.0},""T2_ema50_slope"":{""value"":0.15482937204710118,""score"":75.80489534118354},""T3_high_proximity"":{""value"":0.9797210892595136,""score"":89.86054462975679},""T4_rs_1m"":{""value"":-0.07652168352394506,""score"":0},""T5_rs_3m"":{""value"":0.05384771754983175,""score"":76.92385877491589},""T6_adr_healthy"":{""value"":2.771756912090986,""score"":100.0},""_score"":70.18},""geometry"":{""sub_contraction_count"":100.0,""sub_reduction_rate"":0,""sub_pivot_tightness"":74.0,""sub_volume_dryup"":35.4,""sub_base_depth"":0.0,""sub_base_duration"":100.0,""_score"":51.41},""compression"":{""VC1_atr_ratio"":{""value"":0.4344385115157108,""score"":100},""VC2_range_contraction"":{""value"":0.8831890621067088,""score"":19.46848964888187},""VC3_range_pct_rank"":{""score"":69.16666666666667},""_score"":64.11},""sr_quality"":{""SR1_touches"":{""value"":5,""score"":100},""SR2_tightness"":{""value"":2.57040347027466,""score"":76.48808984357673},""SR3_recency"":{""value"":239,""score"":0.0},""SR4_price_location"":{""score"":30.0},""SR5_reaction"":{""value"":2.6184451971982257,""score"":100},""_score"":63.97,""_levels_found"":7,""_target_level"":713.366},""volume"":{""V1_rvol_day"":{""value"":0.5979864926921624,""score"":6.532432846144161},""V2_rvol_sameslot"":{""value"":0.9446496501784147,""score"":29.643310011894314,""status"":""ok""},""V3_breakout_bar"":{""value"":0.9404731853943106,""score"":29.364879026287372},""V4_base_dryup"":{""value"":0.9060325834514665,""score"":59.396741654853344},""V5_bo_expansion"":{""value"":0.5979864926921624,""score"":0},""_score"":26.46},""readiness"":{""_distance_atr"":0.929,""BR1_atr_distance"":{""score"":38.058433192630424},""BR2_compression"":{""score"":55.207579914510276},""BR3_retest"":{""score"":50.0},""BR4_bo_age"":{""score"":50.0},""_score"":46.53},""risk"":{""R1_stop_clarity"":{""score"":2.2924760956750987},""R2_stop_distance_pct"":{""value"":3.626108611273323,""score"":100.0},""R3_stop_distance_atr"":{""value"":1.2070475982642637,""score"":85.35237991321318},""R4_rr_potential"":{""value"":0.6892311889427423,""score"":0.0},""_score"":43.61},""market"":{""M1_spy_regime"":{""score"":100.0},""M3_earnings_risk"":{""value"":null,""score"":80.0},""M4_vix"":{""value"":null,""score"":60.0},""_score"":84.0},""liquidity"":{""L1_price"":{""value"":727.825,""score"":0.0},""L2_dollar_vol"":{""value"":94527946.2626142,""score"":98.7780111203771},""L3_spread_proxy"":{""value"":0.026819496444887014,""score"":73.18050355511298},""L4_volume_zscore"":{""value"":-1.1285543557369653,""score"":100.0},""_score"":71.83},""pattern_structure"":{""n_contractions"":5,""contractions_pct"":[4.6,9.6,10.62,12.71,4.82],""descending_strict"":false,""final_low"":712.115,""final_pivot"":748.14,""structural_low"":712.115,""dry_up_ratio"":0.8229341397264786,""current_price"":727.825,""neckline_distance_pct"":0.02791192937862802,""base_bars"":43},""pattern_geometry_features"":{""contraction_count"":5.0,""first_contraction_pct"":0.04604994436541367,""last_contraction_pct"":0.04815275215868685,""dry_up_ratio"":0.8229341397264786,""near_monotone"":0.0,""base_depth_pct"":-0.002992999901407062},""_schema_version"":""1.0""}",,,,,,,,,,
20260508T195117Z-64671e,2026-05-08T19:51:17.654677+00:00,CW,double_bottom,forming,55.0,70.2,51.4,64.1,64.0,26.6,44.3,54.4,84.0,71.8,10.53,12.85,5.13,8.96,3.46,3.54,3.26,5.04,3.59,True,risk_unclear,727.825,750.0,683.8658,805.72,"{""trend"":{""T1_ema_stack"":{""value"":[true,true,true],""score"":100.0},""T2_ema50_slope"":{""value"":0.15482937204710118,""score"":75.80489534118354},""T3_high_proximity"":{""value"":0.9797210892595136,""score"":89.86054462975679},""T4_rs_1m"":{""value"":-0.07652168352394506,""score"":0},""T5_rs_3m"":{""value"":0.05384771754983175,""score"":76.92385877491589},""T6_adr_healthy"":{""value"":2.771756912090986,""score"":100.0},""_score"":70.18},""geometry"":{""sub_low_similarity"":29.2,""sub_bounce_quality"":71.8,""sub_separation_fit"":26.7,""sub_right_bottom_reaction"":28.6,""sub_base_context"":100.0,""_score"":51.41},""compression"":{""VC1_atr_ratio"":{""value"":0.4344385115157108,""score"":100},""VC2_range_contraction"":{""value"":0.8831890621067088,""score"":19.46848964888187},""VC3_range_pct_rank"":{""score"":69.16666666666667},""_score"":64.11},""sr_quality"":{""SR1_touches"":{""value"":5,""score"":100},""SR2_tightness"":{""value"":2.57040347027466,""score"":76.48808984357673},""SR3_recency"":{""value"":239,""score"":0.0},""SR4_price_location"":{""score"":30.0},""SR5_reaction"":{""value"":2.6184451971982257,""score"":100},""_score"":63.97,""_levels_found"":7,""_target_level"":713.366},""volume"":{""V1_rvol_day"":{""value"":0.5979864926921624,""score"":6.532432846144161},""V2_rvol_sameslot"":{""value"":0.9446496501784147,""score"":29.643310011894314,""status"":""ok""},""V3_breakout_bar"":{""value"":0.9404731853943106,""score"":29.364879026287372},""V4_base_dryup"":{""value"":0.8969791391907441,""score"":60.30208608092559},""V5_bo_expansion"":{""value"":0.5979864926921624,""score"":0},""_score"":26.64},""readiness"":{""_distance_atr"":1.014,""BR1_atr_distance"":{""score"":32.38718956665413},""BR2_compression"":{""score"":55.207579914510276},""BR3_retest"":{""score"":50.0},""BR4_bo_age"":{""score"":50.0},""_score"":44.26},""risk"":{""R1_stop_clarity"":{""score"":4.739571984447963},""R2_stop_distance_pct"":{""value"":6.0398035241988275,""score"":100.0},""R3_stop_distance_atr"":{""value"":2.010510748411422,""score"":100.0},""R4_rr_potential"":{""value"":1.7719840215472475,""score"":38.59920107736238},""_score"":54.38},""market"":{""M1_spy_regime"":{""score"":100.0},""M3_earnings_risk"":{""value"":null,""score"":80.0},""M4_vix"":{""value"":null,""score"":60.0},""_score"":84.0},""liquidity"":{""L1_price"":{""value"":727.825,""score"":0.0},""L2_dollar_vol"":{""value"":94527946.2626142,""score"":98.7780111203771},""L3_spread_proxy"":{""value"":0.026819496444887014,""score"":73.18050355511298},""L4_volume_zscore"":{""value"":-1.1285543557369653,""score"":100.0},""_score"":71.83},""pattern_structure"":{""left_low"":694.28,""left_idx"":32,""right_low"":719.31,""right_idx"":73,""separation_bars"":41,""structural_low"":694.28,""current_price"":728.52,""neckline_distance_pct"":0.029484434195354993,""base_bars"":41},""pattern_geometry_features"":{""low_similarity_pct"":0.035413380117289985,""bounce_pct"":0.08025580457452329,""right_bottom_reaction"":0.28649305555555743,""atr_pct"":0.030041140187741334},""_schema_version"":""1.0""}",,,,,,,,,,
20260508T195117Z-64671e,2026-05-08T19:51:17.654677+00:00,GOOG,double_bottom,forming,55.0,100.0,57.2,46.2,40.2,25.7,77.5,45.0,84.0,98.9,15.0,14.31,3.7,5.62,3.34,6.2,2.7,5.04,4.95,True,risk_unclear,396.66,397.355,371.1184,417.94,"{""trend"":{""T1_ema_stack"":{""value"":[true,true,true],""score"":100.0},""T2_ema50_slope"":{""value"":0.3744174949240964,""score"":100},""T3_high_proximity"":{""value"":1.0,""score"":99.99999999999997},""T4_rs_1m"":{""value"":0.16992108418291996,""score"":100},""T5_rs_3m"":{""value"":0.16061376309102537,""score"":100},""T6_adr_healthy"":{""value"":2.2020796240118483,""score"":100.0},""_score"":100.0},""geometry"":{""sub_low_similarity"":29.4,""sub_bounce_quality"":35.2,""sub_separation_fit"":100.0,""sub_right_bottom_reaction"":42.5,""sub_base_context"":100.0,""_score"":57.23},""compression"":{""VC1_atr_ratio"":{""value"":0.7771875891705631,""score"":55.70310270735923},""VC2_range_contraction"":{""value"":1.1202814536573926,""score"":0},""VC3_range_pct_rank"":{""score"":95.83333333333334},""_score"":46.24},""sr_quality"":{""SR1_touches"":{""value"":2,""score"":25.0},""SR2_tightness"":{""value"":0.6074999999999875,""score"":87.86603416913388},""SR3_recency"":{""value"":238,""score"":0.0},""SR4_price_location"":{""score"":30.0},""SR5_reaction"":{""value"":1.5986325213111257,""score"":79.93162606555629},""_score"":40.17,""_levels_found"":5,""_target_level"":340.5925},""volume"":{""V1_rvol_day"":{""value"":0.46176807779398843,""score"":0},""V2_rvol_sameslot"":{""value"":0.9606239377952579,""score"":30.70826251968386,""status"":""ok""},""V3_breakout_bar"":{""value"":0.963960512435793,""score"":30.930700829052864},""V4_base_dryup"":{""value"":0.9095262403557188,""score"":59.04737596442812},""V5_bo_expansion"":{""value"":0.46176807779398843,""score"":0},""_score"":25.68},""readiness"":{""_distance_atr"":0.069,""BR1_atr_distance"":{""score"":95.37278120578763},""BR2_compression"":{""score"":87.18950605069536},""BR3_retest"":{""score"":50.0},""BR4_bo_age"":{""score"":50.0},""_score"":77.45},""risk"":{""R1_stop_clarity"":{""score"":0},""R2_stop_distance_pct"":{""value"":6.43915443957042,""score"":100.0},""R3_stop_distance_atr"":{""value"":2.5507843207190537,""score"":100.0},""R4_rr_potential"":{""value"":0.8331522558341214,""score"":0.0},""_score"":45.0},""market"":{""M1_spy_regime"":{""score"":100.0},""M3_earnings_risk"":{""value"":null,""score"":80.0},""M4_vix"":{""value"":null,""score"":60.0},""_score"":84.0},""liquidity"":{""L1_price"":{""value"":396.66,""score"":100.0},""L2_dollar_vol"":{""value"":3321802492.8264604,""score"":100.0},""L3_spread_proxy"":{""value"":0.010916149851257963,""score"":89.08385014874204},""L4_volume_zscore"":{""value"":-1.280643500099742,""score"":100.0},""_score"":98.91},""pattern_structure"":{""left_low"":376.77,""left_idx"":51,""right_low"":390.31,""right_idx"":70,""separation_bars"":19,""structural_low"":376.77,""current_price"":395.9,""neckline_distance_pct"":0.003675170497600508,""base_bars"":19},""pattern_geometry_features"":{""low_similarity_pct"":0.035302706367002196,""bounce_pct"":0.05463545399049828,""right_bottom_reaction"":0.4247448979591872,""atr_pct"":0.025243821624853228},""_schema_version"":""1.0""}",,,,,,,,,,
20260508T195117Z-64671e,2026-05-08T19:51:17.654677+00:00,GD,high_tight_pullback,forming,55.0,37.9,75.9,59.0,46.1,16.7,56.7,60.4,84.0,98.6,4.55,26.57,5.9,3.69,2.34,5.1,0.6,5.04,4.93,True,risk_unclear,347.115,353.57,338.8499,400.37,"{""trend"":{""T1_ema_stack"":{""value"":[true,false,true],""score"":66.66666666666666},""T2_ema50_slope"":{""value"":-0.14671549258412436,""score"":25.54741790264594},""T3_high_proximity"":{""value"":0.9480907899049492,""score"":74.04539495247458},""T4_rs_1m"":{""value"":-0.07451539296618237,""score"":0},""T5_rs_3m"":{""value"":-0.10303480426301159,""score"":0},""T6_adr_healthy"":{""value"":2.1068776477763658,""score"":100.0},""_score"":37.88},""geometry"":{""sub_pole_impulse"":100.0,""sub_flag_tightness"":73.2,""sub_flag_shallowness"":64.6,""sub_flag_drift"":98.0,""sub_flag_duration"":0.0,""_score"":75.92},""compression"":{""VC1_atr_ratio"":{""value"":0.5458363512281774,""score"":100},""VC2_range_contraction"":{""value"":1.0302263374577965,""score"":0},""VC3_range_pct_rank"":{""score"":75.83333333333333},""_score"":58.96},""sr_quality"":{""SR1_touches"":{""value"":3,""score"":50.0},""SR2_tightness"":{""value"":2.052526897915502,""score"":56.07215694452565},""SR3_recency"":{""value"":227,""score"":0.0},""SR4_price_location"":{""score"":49.2647058823528},""SR5_reaction"":{""value"":1.3879090330268533,""score"":69.39545165134267},""_score"":46.14,""_levels_found"":5,""_target_level"":350.68},""volume"":{""V1_rvol_day"":{""value"":0.3570016235986469,""score"":0},""V2_rvol_sameslot"":{""value"":0.6484843733691199,""score"":9.898958224607995,""status"":""ok""},""V3_breakout_bar"":{""value"":0.9649350102795216,""score"":30.995667351968102},""V4_base_dryup"":{""value"":1.1523067278879553,""score"":34.76932721120447},""V5_bo_expansion"":{""value"":0.3570016235986469,""score"":0},""_score"":16.68},""readiness"":{""_distance_atr"":0.691,""BR1_atr_distance"":{""score"":53.95038392090303},""BR2_compression"":{""score"":70.57637317889586},""BR3_retest"":{""score"":50.0},""BR4_bo_age"":{""score"":50.0},""_score"":56.72},""risk"":{""R1_stop_clarity"":{""score"":0},""R2_stop_distance_pct"":{""value"":2.381098483211617,""score"":100.0},""R3_stop_distance_atr"":{""value"":0.8844469039569703,""score"":69.22234519784851},""R4_rr_potential"":{""value"":6.443319238005355,""score"":100.0},""_score"":60.38},""market"":{""M1_spy_regime"":{""score"":100.0},""M3_earnings_risk"":{""value"":null,""score"":80.0},""M4_vix"":{""value"":null,""score"":60.0},""_score"":84.0},""liquidity"":{""L1_price"":{""value"":347.115,""score"":100.0},""L2_dollar_vol"":{""value"":192535085.97720945,""score"":100.0},""L3_spread_proxy"":{""value"":0.013943505754577104,""score"":86.0564942454229},""L4_volume_zscore"":{""value"":-1.6943496201261978,""score"":100.0},""_score"":98.61},""pattern_structure"":{""pole_low"":306.77,""pole_low_idx"":6,""peak_price"":353.57,""peak_idx"":31,""pole_gain"":0.15255729047820848,""flag_bars"":28,""flag_low"":344.01,""flag_high"":352.69,""structural_low"":344.01,""current_price"":346.64,""neckline_distance_pct"":0.019991922455573526,""base_bars"":28},""pattern_geometry_features"":{""pole_gain"":0.15255729047820848,""pullback_pct"":0.02703849308482055,""flag_range_pct"":0.02454959413977432,""flag_drift_per_bar"":-0.0003931755328911794,""atr_pct"":0.02692189290910177,""pole_atr_multiple"":5.6666628529167},""_schema_version"":""1.0""}",,,,,,,,,,
20260508T195117Z-64671e,2026-05-08T19:51:17.654677+00:00,AMZN,double_bottom,forming,55.0,99.5,50.5,62.3,45.0,22.4,55.0,48.7,84.0,98.7,14.92,12.63,4.98,6.29,2.91,4.4,2.92,5.04,4.94,True,risk_unclear,273.0801,278.56,253.8345,299.42,"{""trend"":{""T1_ema_stack"":{""value"":[true,true,true],""score"":100.0},""T2_ema50_slope"":{""value"":0.46489797086326257,""score"":100},""T3_high_proximity"":{""value"":0.9930546565329649,""score"":96.52732826648241},""T4_rs_1m"":{""value"":0.0848930745145291,""score"":100},""T5_rs_3m"":{""value"":0.23134722076069303,""score"":100},""T6_adr_healthy"":{""value"":2.539922978126973,""score"":100.0},""_score"":99.48},""geometry"":{""sub_low_similarity"":7.1,""sub_bounce_quality"":72.8,""sub_separation_fit"":20.0,""sub_right_bottom_reaction"":72.1,""sub_base_context"":100.0,""_score"":50.51},""compression"":{""VC1_atr_ratio"":{""value"":0.3850476439427459,""score"":100},""VC2_range_contraction"":{""value"":1.06609427811932,""score"":0},""VC3_range_pct_rank"":{""score"":89.16666666666666},""_score"":62.29},""sr_quality"":{""SR1_touches"":{""value"":2,""score"":25.0},""SR2_tightness"":{""value"":0.009999999999990905,""score"":99.7266089551192},""SR3_recency"":{""value"":229,""score"":0.0},""SR4_price_location"":{""score"":30.0},""SR5_reaction"":{""value"":2.2701708889309797,""score"":100},""_score"":44.96,""_levels_found"":7,""_target_level"":256.17},""volume"":{""V1_rvol_day"":{""value"":0.4886199702675935,""score"":0},""V2_rvol_sameslot"":{""value"":0.7387869763406675,""score"":15.9191317560445,""status"":""ok""},""V3_breakout_bar"":{""value"":0.8817232807681054,""score"":25.44821871787369},""V4_base_dryup"":{""value"":0.858969131358928,""score"":64.1030868641072},""V5_bo_expansion"":{""value"":0.48861997026759346,""score"":0},""_score"":22.37},""readiness"":{""_distance_atr"":0.749,""BR1_atr_distance"":{""score"":50.061480438545416},""BR2_compression"":{""score"":69.94757625082664},""BR3_retest"":{""score"":50.0},""BR4_bo_age"":{""score"":50.0},""_score"":55.01},""risk"":{""R1_stop_clarity"":{""score"":0},""R2_stop_distance_pct"":{""value"":7.047602516624252,""score"":100.0},""R3_stop_distance_atr"":{""value"":2.630787346681328,""score"":100.0},""R4_rr_potential"":{""value"":1.368619320779813,""score"":18.430966038990647},""_score"":48.69},""market"":{""M1_spy_regime"":{""score"":100.0},""M3_earnings_risk"":{""value"":null,""score"":80.0},""M4_vix"":{""value"":null,""score"":60.0},""_score"":84.0},""liquidity"":{""L1_price"":{""value"":273.0801,""score"":100.0},""L2_dollar_vol"":{""value"":6462810849.11888,""score"":100.0},""L3_spread_proxy"":{""value"":0.01299984876232289,""score"":87.00015123767712},""L4_volume_zscore"":{""value"":-1.4853270230089763,""score"":100.0},""_score"":98.7},""pattern_structure"":{""left_low"":257.7,""left_idx"":32,""right_low"":269.95,""right_idx"":74,""separation_bars"":42,""structural_low"":257.7,""current_price"":273.085,""neckline_distance_pct"":0.020048702784847293,""base_bars"":42},""pattern_geometry_features"":{""low_similarity_pct"":0.046432294134369376,""bounce_pct"":0.08094683740783863,""right_bottom_reaction"":0.7209784290259547,""atr_pct"":0.02678894790000653},""_schema_version"":""1.0""}",,,,,,,,,,
20260508T195117Z-64671e,2026-05-08T19:51:17.654677+00:00,AMZN,breakout_retest_hold,absent,55.0,99.5,37.8,62.3,45.0,22.8,76.5,50.8,84.0,98.7,13.93,8.31,3.74,6.29,2.96,13.78,2.54,4.2,2.96,True,risk_unclear,273.0801,273.315,267.2505,280.045,"{""trend"":{""T1_ema_stack"":{""value"":[true,true,true],""score"":100.0},""T2_ema50_slope"":{""value"":0.46489797086326257,""score"":100},""T3_high_proximity"":{""value"":0.9930546565329649,""score"":96.52732826648241},""T4_rs_1m"":{""value"":0.0848930745145291,""score"":100},""T5_rs_3m"":{""value"":0.23134722076069303,""score"":100},""T6_adr_healthy"":{""value"":2.539922978126973,""score"":100.0},""_score"":99.48},""geometry"":{""sub_retest_depth"":0.0,""sub_retest_timing"":0.0,""sub_retest_freshness"":100.0,""sub_hold_quality"":59.2,""_score"":37.76},""compression"":{""VC1_atr_ratio"":{""value"":0.3850476439427459,""score"":100},""VC2_range_contraction"":{""value"":1.06609427811932,""score"":0},""VC3_range_pct_rank"":{""score"":89.16666666666666},""_score"":62.29},""sr_quality"":{""SR1_touches"":{""value"":2,""score"":25.0},""SR2_tightness"":{""value"":0.009999999999990905,""score"":99.7266089551192},""SR3_recency"":{""value"":229,""score"":0.0},""SR4_price_location"":{""score"":30.0},""SR5_reaction"":{""value"":2.2701708889309797,""score"":100},""_score"":44.96,""_levels_found"":7,""_target_level"":256.17},""volume"":{""V1_rvol_day"":{""value"":0.4886199702675935,""score"":0},""V2_rvol_sameslot"":{""value"":0.7387869763406675,""score"":15.9191317560445,""status"":""ok""},""V3_breakout_bar"":{""value"":0.8817232807681054,""score"":25.44821871787369},""V4_base_dryup"":{""value"":0.8391956570244895,""score"":66.08043429755105},""V5_bo_expansion"":{""value"":0.48861997026759346,""score"":0},""_score"":22.76},""readiness"":{""_distance_atr"":0.032,""BR1_atr_distance"":{""score"":97.85934811858158},""BR2_compression"":{""score"":69.94757625082664},""BR3_retest"":{""score"":77.00097834938198},""BR4_bo_age"":{""score"":30.0},""_score"":76.53},""risk"":{""R1_stop_clarity"":{""score"":26.198087434361767},""R2_stop_distance_pct"":{""value"":2.1347582632348634,""score"":100.0},""R3_stop_distance_atr"":{""value"":0.7968802176192752,""score"":64.84401088096376},""R4_rr_potential"":{""value"":1.194747495539997,""score"":9.737374776999852},""_score"":50.84},""market"":{""M1_spy_regime"":{""score"":100.0},""M3_earnings_risk"":{""value"":null,""score"":80.0},""M4_vix"":{""value"":null,""score"":60.0},""_score"":84.0},""liquidity"":{""L1_price"":{""value"":273.0801,""score"":100.0},""L2_dollar_vol"":{""value"":6462810849.11888,""score"":100.0},""L3_spread_proxy"":{""value"":0.01299984876232289,""score"":87.00015123767712},""L4_volume_zscore"":{""value"":-1.4853270230089763,""score"":100.0},""_score"":98.7},""pattern_structure"":{""level"":273.315,""level_idx"":44,""breakout_idx"":51,""bo_peak_idx"":56,""bo_peak_price"":278.56,""retest_idx"":74,""retest_low"":269.95,""structural_low"":269.95,""current_price"":273.085,""neckline_distance_pct"":0.0008422286101397667,""base_bars"":35,""bars_since_breakout"":28},""pattern_geometry_features"":{""retest_depth_atr"":1.8516189383160597,""bars_breakout_to_retest"":23.0,""bars_since_retest"":5.0,""current_above_level_atr"":-0.12655939251492607,""bo_peak_excess_pct"":0.019190311545286592,""atr_pct"":0.02678894790000653},""_schema_version"":""1.0""}",,,,,,,,,,
20260508T195117Z-64671e,2026-05-08T19:51:17.654677+00:00,AMZN,ascending_triangle,absent,55.0,99.5,48.7,62.3,45.0,20.8,55.0,48.4,84.0,98.7,14.92,13.64,4.98,6.29,2.5,4.4,1.94,5.04,4.94,True,risk_unclear,273.0801,278.56,252.3176,300.96,"{""trend"":{""T1_ema_stack"":{""value"":[true,true,true],""score"":100.0},""T2_ema50_slope"":{""value"":0.46489797086326257,""score"":100},""T3_high_proximity"":{""value"":0.9930546565329649,""score"":96.52732826648241},""T4_rs_1m"":{""value"":0.0848930745145291,""score"":100},""T5_rs_3m"":{""value"":0.23134722076069303,""score"":100},""T6_adr_healthy"":{""value"":2.539922978126973,""score"":100.0},""_score"":99.48},""geometry"":{""sub_flat_top_quality"":66.7,""sub_hl_slope"":45.7,""sub_compression"":0,""sub_duration"":100.0,""_score"":48.72},""compression"":{""VC1_atr_ratio"":{""value"":0.3850476439427459,""score"":100},""VC2_range_contraction"":{""value"":1.06609427811932,""score"":0},""VC3_range_pct_rank"":{""score"":89.16666666666666},""_score"":62.29},""sr_quality"":{""SR1_touches"":{""value"":2,""score"":25.0},""SR2_tightness"":{""value"":0.009999999999990905,""score"":99.7266089551192},""SR3_recency"":{""value"":229,""score"":0.0},""SR4_price_location"":{""score"":30.0},""SR5_reaction"":{""value"":2.2701708889309797,""score"":100},""_score"":44.96,""_levels_found"":7,""_target_level"":256.17},""volume"":{""V1_rvol_day"":{""value"":0.4886199702675935,""score"":0},""V2_rvol_sameslot"":{""value"":0.7387869763406675,""score"":15.9191317560445,""status"":""ok""},""V3_breakout_bar"":{""value"":0.8817232807681054,""score"":25.44821871787369},""V4_base_dryup"":{""value"":0.9352310713112971,""score"":56.47689286887029},""V5_bo_expansion"":{""value"":0.48861997026759346,""score"":0},""_score"":20.84},""readiness"":{""_distance_atr"":0.749,""BR1_atr_distance"":{""score"":50.061480438545416},""BR2_compression"":{""score"":69.94757625082664},""BR3_retest"":{""score"":50.0},""BR4_bo_age"":{""score"":50.0},""_score"":55.01},""risk"":{""R1_stop_clarity"":{""score"":0},""R2_stop_distance_pct"":{""value"":7.603080561344451,""score"":100.0},""R3_stop_distance_atr"":{""value"":2.838140784671352,""score"":100.0},""R4_rr_potential"":{""value"":1.3428007224563505,""score"":17.140036122817527},""_score"":48.43},""market"":{""M1_spy_regime"":{""score"":100.0},""M3_earnings_risk"":{""value"":null,""score"":80.0},""M4_vix"":{""value"":null,""score"":60.0},""_score"":84.0},""liquidity"":{""L1_price"":{""value"":273.0801,""score"":100.0},""L2_dollar_vol"":{""value"":6462810849.11888,""score"":100.0},""L3_spread_proxy"":{""value"":0.01299984876232289,""score"":87.00015123767712},""L4_volume_zscore"":{""value"":-1.4853270230089763,""score"":100.0},""_score"":98.7},""pattern_structure"":{""top"":278.56,""top_touches"":3,""low_slope_per_bar"":0.35141629913710365,""lowest_low"":256.16,""structural_low"":256.16,""current_price"":273.085,""neckline_distance_pct"":0.020048702784847293,""base_bars"":48},""pattern_geometry_features"":{""top_touches"":3.0,""low_slope"":0.35141629913710365,""compression"":-0.2956062350059241,""atr_pct"":0.02678894790000653},""_schema_version"":""1.0""}",,,,,,,,,,
20260508T195117Z-64671e,2026-05-08T19:51:17.654677+00:00,BA,vcp,setup,55.0,66.0,57.0,54.6,42.5,24.7,67.8,53.2,84.0,97.1,9.89,14.24,6.55,5.1,3.21,4.75,2.66,5.04,4.86,True,risk_unclear,236.59,236.45,217.7244,269.7599,"{""trend"":{""T1_ema_stack"":{""value"":[true,true,true],""score"":100.0},""T2_ema50_slope"":{""value"":0.141159703477654,""score"":73.52661724627566},""T3_high_proximity"":{""value"":0.9668178660455232,""score"":83.40893302276159},""T4_rs_1m"":{""value"":-0.00874816334097539,""score"":41.25183665902461},""T5_rs_3m"":{""value"":-0.09355447524904914,""score"":3.222762375475426},""T6_adr_healthy"":{""value"":2.707608175197961,""score"":100.0},""_score"":65.95},""geometry"":{""sub_contraction_count"":100.0,""sub_reduction_rate"":0,""sub_pivot_tightness"":49.7,""sub_volume_dryup"":42.8,""sub_base_depth"":81.0,""sub_base_duration"":100.0,""_score"":56.98},""compression"":{""VC1_atr_ratio"":{""value"":0.5569142616238738,""score"":100},""VC2_range_contraction"":{""value"":0.892376531056859,""score"":17.937244823856837},""VC3_range_pct_rank"":{""score"":33.333333333333336},""_score"":54.61},""sr_quality"":{""SR1_touches"":{""value"":2,""score"":25.0},""SR2_tightness"":{""value"":0.4749999999999943,""score"":85.94526048821743},""SR3_recency"":{""value"":233,""score"":0.0},""SR4_price_location"":{""score"":30.0},""SR5_reaction"":{""value"":1.946211560815807,""score"":97.31057804079035},""_score"":42.49,""_levels_found"":4,""_target_level"":235.975},""volume"":{""V1_rvol_day"":{""value"":0.853768492348544,""score"":23.5845661565696},""V2_rvol_sameslot"":{""value"":1.0114908563458636,""score"":34.09939042305757,""status"":""ok""},""V3_breakout_bar"":{""value"":0.5693936028285638,""score"":4.626240188570918},""V4_base_dryup"":{""value"":0.9010705763054812,""score"":59.89294236945189},""V5_bo_expansion"":{""value"":0.853768492348544,""score"":0},""_score"":24.67},""readiness"":{""_distance_atr"":-0.021,""BR1_atr_distance"":{""score"":100.0},""BR2_compression"":{""score"":41.29698789479471},""BR3_retest"":{""score"":50.0},""BR4_bo_age"":{""score"":50.0},""_score"":67.82},""risk"":{""R1_stop_clarity"":{""score"":1.89495931522805},""R2_stop_distance_pct"":{""value"":7.973963396593263,""score"":100.0},""R3_stop_distance_atr"":{""value"":2.791064144563035,""score"":100.0},""R4_rr_potential"":{""value"":1.7582213128657456,""score"":37.91106564328728},""_score"":53.25},""market"":{""M1_spy_regime"":{""score"":100.0},""M3_earnings_risk"":{""value"":null,""score"":80.0},""M4_vix"":{""value"":null,""score"":60.0},""_score"":84.0},""liquidity"":{""L1_price"":{""value"":236.59,""score"":100.0},""L2_dollar_vol"":{""value"":1255154036.9140291,""score"":100.0},""L3_spread_proxy"":{""value"":0.028678304239401483,""score"":71.32169576059852},""L4_volume_zscore"":{""value"":-0.32405676182250015,""score"":100.0},""_score"":97.13},""pattern_structure"":{""n_contractions"":5,""contractions_pct"":[9.98,4.99,11.92,11.33,6.52],""descending_strict"":false,""final_low"":221.04,""final_pivot"":236.45,""structural_low"":221.04,""dry_up_ratio"":0.7859816634729208,""current_price"":236.59,""neckline_distance_pct"":-0.0005917409865168215,""base_bars"":67},""pattern_geometry_features"":{""contraction_count"":5.0,""first_contraction_pct"":0.09982272452239999,""last_contraction_pct"":0.06517234087544935,""dry_up_ratio"":0.7859816634729208,""near_monotone"":0.0,""base_depth_pct"":0.13096093216470697},""_schema_version"":""1.0""}",,,,,,,,,,
20260508T195117Z-64671e,2026-05-08T19:51:17.654677+00:00,TSM,vcp,breakout_confirmed,55.0,95.2,52.0,45.2,42.9,55.4,28.7,24.9,84.0,96.1,14.29,13.01,5.43,5.14,7.2,2.01,1.25,5.04,4.8,True,risk_unclear,409.1081,382.16,355.1418,411.815,"{""trend"":{""T1_ema_stack"":{""value"":[true,true,true],""score"":100.0},""T2_ema50_slope"":{""value"":0.3322772581813386,""score"":100},""T3_high_proximity"":{""value"":0.9752278903456495,""score"":87.61394517282473},""T4_rs_1m"":{""value"":0.0354773912211912,""score"":85.4773912211912},""T5_rs_3m"":{""value"":0.105677864012091,""score"":100},""T6_adr_healthy"":{""value"":2.9854915029570455,""score"":100.0},""_score"":95.24},""geometry"":{""sub_contraction_count"":100.0,""sub_reduction_rate"":17.9,""sub_pivot_tightness"":62.1,""sub_volume_dryup"":4.3,""sub_base_depth"":26.0,""sub_base_duration"":100.0,""_score"":52.04},""compression"":{""VC1_atr_ratio"":{""value"":0.5432723597647457,""score"":100},""VC2_range_contraction"":{""value"":1.1163446738549345,""score"":0},""VC3_range_pct_rank"":{""score"":20.833333333333336},""_score"":45.21},""sr_quality"":{""SR1_touches"":{""value"":2,""score"":25.0},""SR2_tightness"":{""value"":1.0800000000000125,""score"":85.70660828307706},""SR3_recency"":{""value"":241,""score"":0.0},""SR4_price_location"":{""score"":30.0},""SR5_reaction"":{""value"":2.6307119801215966,""score"":100},""_score"":42.86,""_levels_found"":5,""_target_level"":381.08},""volume"":{""V1_rvol_day"":{""value"":1.0952578125927368,""score"":39.683854172849124},""V2_rvol_sameslot"":{""value"":2.530169052229984,""score"":100,""status"":""ok""},""V3_breakout_bar"":{""value"":1.530453454391141,""score"":68.6968969594094},""V4_base_dryup"":{""value"":1.0338553894187277,""score"":46.61446105812723},""V5_bo_expansion"":{""value"":1.0952578125927368,""score"":6.350520839515787},""_score"":55.39},""readiness"":{""_distance_atr"":-1.783,""BR1_atr_distance"":{""score"":24.335208395666108},""BR2_compression"":{""score"":5.968082282889994},""BR3_retest"":{""score"":50.0},""BR4_bo_age"":{""score"":50.0},""_score"":28.73},""risk"":{""R1_stop_clarity"":{""score"":28.423855784215064},""R2_stop_distance_pct"":{""value"":13.191220120061173,""score"":0.0},""R3_stop_distance_atr"":{""value"":3.571121204085903,""score"":100.0},""R4_rr_potential"":{""value"":0.05015903428710706,""score"":0.0},""_score"":24.95},""market"":{""M1_spy_regime"":{""score"":100.0},""M3_earnings_risk"":{""value"":null,""score"":80.0},""M4_vix"":{""value"":null,""score"":60.0},""_score"":84.0},""liquidity"":{""L1_price"":{""value"":409.1081,""score"":100.0},""L2_dollar_vol"":{""value"":6493411672.291707,""score"":100.0},""L3_spread_proxy"":{""value"":0.03940278865170356,""score"":60.59721134829644},""L4_volume_zscore"":{""value"":0.3207209540306835,""score"":100.0},""_score"":96.06},""pattern_structure"":{""n_contractions"":5,""contractions_pct"":[14.94,5.91,6.54,10.46,5.65],""descending_strict"":false,""final_low"":360.55,""final_pivot"":382.16,""structural_low"":360.55,""dry_up_ratio"":0.9784333327865746,""current_price"":409.1081,""neckline_distance_pct"":-0.06587036531420414,""base_bars"":35},""pattern_geometry_features"":{""contraction_count"":5.0,""first_contraction_pct"":0.14937020284209573,""last_contraction_pct"":0.05654699602260836,""dry_up_ratio"":0.9784333327865746,""near_monotone"":0.0,""base_depth_pct"":0.07599851360182462},""_schema_version"":""1.0""}",,,,,,,,,,
20260508T195117Z-64671e,2026-05-08T19:51:17.654677+00:00,TXN,ascending_triangle,absent,55.0,100.0,39.8,59.0,49.3,19.2,62.1,56.5,84.0,98.2,14.99,11.14,4.72,6.9,2.3,4.97,2.26,5.04,4.91,True,risk_unclear,289.24,292.64,271.4463,309.7,"{""trend"":{""T1_ema_stack"":{""value"":[true,true,true],""score"":100.0},""T2_ema50_slope"":{""value"":0.6440762946784538,""score"":100},""T3_high_proximity"":{""value"":0.9993090105030404,""score"":99.65450525152019},""T4_rs_1m"":{""value"":0.2615634407972647,""score"":100},""T5_rs_3m"":{""value"":0.23912205657377816,""score"":100},""T6_adr_healthy"":{""value"":3.1463031912650847,""score"":100.0},""_score"":99.95},""geometry"":{""sub_flat_top_quality"":33.3,""sub_hl_slope"":22.8,""sub_compression"":31.8,""sub_duration"":100.0,""_score"":39.78},""compression"":{""VC1_atr_ratio"":{""value"":0.5607731974325193,""score"":100},""VC2_range_contraction"":{""value"":1.0152486995623702,""score"":0},""VC3_range_pct_rank"":{""score"":75.83333333333333},""_score"":58.96},""sr_quality"":{""SR1_touches"":{""value"":4,""score"":75.0},""SR2_tightness"":{""value"":2.6941881894181074,""score"":53.52332370556046},""SR3_recency"":{""value"":275,""score"":0.0},""SR4_price_location"":{""score"":30.0},""SR5_reaction"":{""value"":1.4970387297065348,""score"":74.85193648532675},""_score"":49.26,""_levels_found"":5,""_target_level"":228.58},""volume"":{""V1_rvol_day"":{""value"":0.5064049393126601,""score"":0.42699595417733754},""V2_rvol_sameslot"":{""value"":0.8895213083611585,""score"":25.968087224077234,""status"":""ok""},""V3_breakout_bar"":{""value"":1.0547208823878458,""score"":36.98139215918972},""V4_base_dryup"":{""value"":1.2671285593204813,""score"":23.28714406795187},""V5_bo_expansion"":{""value"":0.50640493931266,""score"":0},""_score"":19.18},""readiness"":{""_distance_atr"":0.293,""BR1_atr_distance"":{""score"":80.44918811762454},""BR2_compression"":{""score"":49.6784347849098},""BR3_retest"":{""score"":50.0},""BR4_bo_age"":{""score"":50.0},""_score"":62.1},""risk"":{""R1_stop_clarity"":{""score"":28.69071375455107},""R2_stop_distance_pct"":{""value"":6.151880791038584,""score"":100.0},""R3_stop_distance_atr"":{""value"":1.534770359079822,""score"":100.0},""R4_rr_potential"":{""value"":1.1498451699196894,""score"":7.492258495984472},""_score"":56.54},""market"":{""M1_spy_regime"":{""score"":100.0},""M3_earnings_risk"":{""value"":null,""score"":80.0},""M4_vix"":{""value"":null,""score"":60.0},""_score"":84.0},""liquidity"":{""L1_price"":{""value"":289.24,""score"":100.0},""L2_dollar_vol"":{""value"":1233183640.1334653,""score"":100.0},""L3_spread_proxy"":{""value"":0.01832353754667397,""score"":81.67646245332602},""L4_volume_zscore"":{""value"":-0.8585516325005602,""score"":100.0},""_score"":98.17},""pattern_structure"":{""top"":292.64,""top_touches"":2,""low_slope_per_bar"":0.18883333333333596,""lowest_low"":275.58,""structural_low"":275.58,""current_price"":289.12,""neckline_distance_pct"":0.012174875484227939,""base_bars"":24},""pattern_geometry_features"":{""top_touches"":2.0,""low_slope"":0.18883333333333596,""compression"":0.15878347152281347,""atr_pct"":0.040083395894659896},""_schema_version"":""1.0""}",,,,,,,,,,
20260508T195117Z-64671e,2026-05-08T19:51:17.654677+00:00,NVDA,bull_flag,forming,55.0,98.8,77.2,43.5,49.7,19.6,67.0,60.5,84.0,97.7,13.84,23.15,3.92,4.97,2.75,6.03,1.82,5.04,4.89,True,risk_unclear,214.947,217.8,211.0953,240.86,"{""trend"":{""T1_ema_stack"":{""value"":[true,true,true],""score"":100.0},""T2_ema50_slope"":{""value"":0.3047451269670289,""score"":100},""T3_high_proximity"":{""value"":0.9923226074511795,""score"":96.16130372558973},""T4_rs_1m"":{""value"":0.0848978535759386,""score"":100},""T5_rs_3m"":{""value"":0.09225071293697651,""score"":96.12535646848826},""T6_adr_healthy"":{""value"":2.993767262683591,""score"":100.0},""_score"":98.84},""geometry"":{""sub_pole_impulse"":61.4,""sub_flag_tightness"":81.3,""sub_flag_shallowness"":72.9,""sub_flag_drift"":92.2,""sub_flag_duration"":100.0,""_score"":77.16},""compression"":{""VC1_atr_ratio"":{""value"":0.7253642778013136,""score"":68.6589305496716},""VC2_range_contraction"":{""value"":1.3642610918467064,""score"":0},""VC3_range_pct_rank"":{""score"":64.16666666666666},""_score"":43.51},""sr_quality"":{""SR1_touches"":{""value"":3,""score"":50.0},""SR2_tightness"":{""value"":0.6923362108750947,""score"":81.19064150865334},""SR3_recency"":{""value"":234,""score"":0.0},""SR4_price_location"":{""score"":30.0},""SR5_reaction"":{""value"":3.126320637489576,""score"":100},""_score"":49.68,""_levels_found"":5,""_target_level"":196.9502},""volume"":{""V1_rvol_day"":{""value"":0.6973439172834797,""score"":13.156261152231977},""V2_rvol_sameslot"":{""value"":0.7045565789622537,""score"":13.637105264150243,""status"":""ok""},""V3_breakout_bar"":{""value"":0.5509072173533446,""score"":3.393814490222972},""V4_base_dryup"":{""value"":0.8280828756711514,""score"":67.19171243288486},""V5_bo_expansion"":{""value"":0.6973439172834797,""score"":0},""_score"":19.65},""readiness"":{""_distance_atr"":0.388,""BR1_atr_distance"":{""score"":74.16327552380778},""BR2_compression"":{""score"":79.4626815080115},""BR3_retest"":{""score"":50.0},""BR4_bo_age"":{""score"":50.0},""_score"":67.03},""risk"":{""R1_stop_clarity"":{""score"":12.66453592282734},""R2_stop_distance_pct"":{""value"":1.7919068421517894,""score"":94.79767105379473},""R3_stop_distance_atr"":{""value"":0.5232072546200084,""score"":51.16036273100042},""R4_rr_potential"":{""value"":6.727766022354047,""score"":100.0},""_score"":60.55},""market"":{""M1_spy_regime"":{""score"":100.0},""M3_earnings_risk"":{""value"":null,""score"":80.0},""M4_vix"":{""value"":null,""score"":60.0},""_score"":84.0},""liquidity"":{""L1_price"":{""value"":214.947,""score"":100.0},""L2_dollar_vol"":{""value"":22283465539.810425,""score"":100.0},""L3_spread_proxy"":{""value"":0.022842840328080993,""score"":77.157159671919},""L4_volume_zscore"":{""value"":-1.1893836922914802,""score"":100.0},""_score"":97.72},""pattern_structure"":{""pole_low"":194.74,""pole_low_idx"":31,""peak_price"":217.8,""peak_idx"":54,""pole_gain"":0.11841429598438945,""flag_bars"":5,""flag_low"":214.31,""flag_high"":217.2,""structural_low"":214.31,""current_price"":214.85,""neckline_distance_pct"":0.01373050965790094,""base_bars"":5},""pattern_geometry_features"":{""pole_gain"":0.11841429598438945,""pullback_pct"":0.016023875114784248,""flag_range_pct"":0.013269054178145024,""flag_drift_per_bar"":-0.0015578310449152002,""atr_pct"":0.034248509100914586,""pole_atr_multiple"":3.457502212300017},""_schema_version"":""1.0""}",,,,,,,,,,
20260508T195117Z-64671e,2026-05-08T19:51:17.654677+00:00,TSM,double_bottom,absent,55.0,95.2,46.8,45.2,42.9,54.4,39.8,59.0,84.0,96.1,14.29,11.7,3.62,6.0,7.08,3.18,3.54,5.04,4.8,True,risk_unclear,409.1081,420.0,394.394,439.6,"{""trend"":{""T1_ema_stack"":{""value"":[true,true,true],""score"":100.0},""T2_ema50_slope"":{""value"":0.3322772581813386,""score"":100},""T3_high_proximity"":{""value"":0.9752278903456495,""score"":87.61394517282473},""T4_rs_1m"":{""value"":0.0354773912211912,""score"":85.4773912211912},""T5_rs_3m"":{""value"":0.105677864012091,""score"":100},""T6_adr_healthy"":{""value"":2.9854915029570455,""score"":100.0},""_score"":95.24},""geometry"":{""sub_low_similarity"":61.9,""sub_bounce_quality"":27.1,""sub_separation_fit"":0.0,""sub_right_bottom_reaction"":18.7,""sub_base_context"":100.0,""_score"":46.8},""compression"":{""VC1_atr_ratio"":{""value"":0.5432723597647457,""score"":100},""VC2_range_contraction"":{""value"":1.1163446738549345,""score"":0},""VC3_range_pct_rank"":{""score"":20.833333333333336},""_score"":45.21},""sr_quality"":{""SR1_touches"":{""value"":2,""score"":25.0},""SR2_tightness"":{""value"":1.0800000000000125,""score"":85.70660828307706},""SR3_recency"":{""value"":241,""score"":0.0},""SR4_price_location"":{""score"":30.0},""SR5_reaction"":{""value"":2.6307119801215966,""score"":100},""_score"":42.86,""_levels_found"":5,""_target_level"":381.08},""volume"":{""V1_rvol_day"":{""value"":1.0952578125927368,""score"":39.683854172849124},""V2_rvol_sameslot"":{""value"":2.530169052229984,""score"":100,""status"":""ok""},""V3_breakout_bar"":{""value"":1.530453454391141,""score"":68.6968969594094},""V4_base_dryup"":{""value"":1.0811406737991567,""score"":41.88593262008433},""V5_bo_expansion"":{""value"":1.0952578125927368,""score"":6.350520839515787},""_score"":54.44},""readiness"":{""_distance_atr"":0.721,""BR1_atr_distance"":{""score"":51.949940357545835},""BR2_compression"":{""score"":5.968082282889994},""BR3_retest"":{""score"":50.0},""BR4_bo_age"":{""score"":50.0},""_score"":39.77},""risk"":{""R1_stop_clarity"":{""score"":20.51286050755685},""R2_stop_distance_pct"":{""value"":3.5966288616627318,""score"":100.0},""R3_stop_distance_atr"":{""value"":0.9736777549165456,""score"":73.68388774582728},""R4_rr_potential"":{""value"":2.072291203675385,""score"":53.61456018376924},""_score"":58.95},""market"":{""M1_spy_regime"":{""score"":100.0},""M3_earnings_risk"":{""value"":null,""score"":80.0},""M4_vix"":{""value"":null,""score"":60.0},""_score"":84.0},""liquidity"":{""L1_price"":{""value"":409.1081,""score"":100.0},""L2_dollar_vol"":{""value"":6493411672.291707,""score"":100.0},""L3_spread_proxy"":{""value"":0.03940278865170356,""score"":60.59721134829644},""L4_volume_zscore"":{""value"":0.3207209540306835,""score"":100.0},""_score"":96.06},""pattern_structure"":{""left_low"":400.4,""left_idx"":21,""right_low"":408.11,""right_idx"":71,""separation_bars"":50,""structural_low"":400.4,""current_price"":408.34,""neckline_distance_pct"":0.02855463584268018,""base_bars"":50},""pattern_geometry_features"":{""low_similarity_pct"":0.01907212032009508,""bounce_pct"":0.04895104895104901,""right_bottom_reaction"":0.1868029739776945,""atr_pct"":0.036938595377184115},""_schema_version"":""1.0""}",,,,,,,,,,
20260508T195117Z-64671e,2026-05-08T19:51:17.654677+00:00,NVDA,double_bottom,forming,55.0,98.8,67.8,43.5,49.7,17.7,72.2,36.5,84.0,97.7,14.83,16.94,3.48,6.96,2.3,5.77,2.19,5.04,4.89,True,risk_unclear,214.947,216.38,193.2964,236.52,"{""trend"":{""T1_ema_stack"":{""value"":[true,true,true],""score"":100.0},""T2_ema50_slope"":{""value"":0.3047451269670289,""score"":100},""T3_high_proximity"":{""value"":0.9923226074511795,""score"":96.16130372558973},""T4_rs_1m"":{""value"":0.0848978535759386,""score"":100},""T5_rs_3m"":{""value"":0.09225071293697651,""score"":96.12535646848826},""T6_adr_healthy"":{""value"":2.993767262683591,""score"":100.0},""_score"":98.84},""geometry"":{""sub_low_similarity"":90.0,""sub_bounce_quality"":100,""sub_separation_fit"":0.0,""sub_right_bottom_reaction"":5.0,""sub_base_context"":100.0,""_score"":67.75},""compression"":{""VC1_atr_ratio"":{""value"":0.7253642778013136,""score"":68.6589305496716},""VC2_range_contraction"":{""value"":1.3642610918467064,""score"":0},""VC3_range_pct_rank"":{""score"":64.16666666666666},""_score"":43.51},""sr_quality"":{""SR1_touches"":{""value"":3,""score"":50.0},""SR2_tightness"":{""value"":0.6923362108750947,""score"":81.19064150865334},""SR3_recency"":{""value"":234,""score"":0.0},""SR4_price_location"":{""score"":30.0},""SR5_reaction"":{""value"":3.126320637489576,""score"":100},""_score"":49.68,""_levels_found"":5,""_target_level"":196.9502},""volume"":{""V1_rvol_day"":{""value"":0.6973439172834797,""score"":13.156261152231977},""V2_rvol_sameslot"":{""value"":0.7045565789622537,""score"":13.637105264150243,""status"":""ok""},""V3_breakout_bar"":{""value"":0.5509072173533446,""score"":3.393814490222972},""V4_base_dryup"":{""value"":0.9266245298064889,""score"":57.337547019351106},""V5_bo_expansion"":{""value"":0.6973439172834797,""score"":0},""_score"":17.67},""readiness"":{""_distance_atr"":0.195,""BR1_atr_distance"":{""score"":87.02277386106445},""BR2_compression"":{""score"":79.4626815080115},""BR3_retest"":{""score"":50.0},""BR4_bo_age"":{""score"":50.0},""_score"":72.17},""risk"":{""R1_stop_clarity"":{""score"":20.028409917855683},""R2_stop_distance_pct"":{""value"":10.072529507273885,""score"":48.18676231815289},""R3_stop_distance_atr"":{""value"":2.9410125496542863,""score"":100.0},""R4_rr_potential"":{""value"":0.9964158037190647,""score"":0.0},""_score"":36.47},""market"":{""M1_spy_regime"":{""score"":100.0},""M3_earnings_risk"":{""value"":null,""score"":80.0},""M4_vix"":{""value"":null,""score"":60.0},""_score"":84.0},""liquidity"":{""L1_price"":{""value"":214.947,""score"":100.0},""L2_dollar_vol"":{""value"":22283465539.810425,""score"":100.0},""L3_spread_proxy"":{""value"":0.022842840328080993,""score"":77.157159671919},""L4_volume_zscore"":{""value"":-1.1893836922914802,""score"":100.0},""_score"":97.72},""pattern_structure"":{""left_low"":197.2206,""left_idx"":12,""right_low"":196.24,""right_idx"":61,""separation_bars"":49,""structural_low"":196.24,""current_price"":214.85,""neckline_distance_pct"":0.00712124738189435,""base_bars"":49},""pattern_geometry_features"":{""low_similarity_pct"":0.00498448891706047,""bounce_pct"":0.10262943334692207,""right_bottom_reaction"":0.04964539007091727,""atr_pct"":0.034248509100914586},""_schema_version"":""1.0""}",,,,,,,,,,
20260508T195117Z-64671e,2026-05-08T19:51:17.654677+00:00,TSM,ascending_triangle,forming,55.0,95.2,50.4,45.2,42.9,55.4,39.8,59.7,84.0,96.1,14.29,14.12,3.62,6.0,6.65,3.18,2.39,5.04,4.8,True,risk_unclear,409.1081,420.0,386.7111,447.3999,"{""trend"":{""T1_ema_stack"":{""value"":[true,true,true],""score"":100.0},""T2_ema50_slope"":{""value"":0.3322772581813386,""score"":100},""T3_high_proximity"":{""value"":0.9752278903456495,""score"":87.61394517282473},""T4_rs_1m"":{""value"":0.0354773912211912,""score"":85.4773912211912},""T5_rs_3m"":{""value"":0.105677864012091,""score"":100},""T6_adr_healthy"":{""value"":2.9854915029570455,""score"":100.0},""_score"":95.24},""geometry"":{""sub_flat_top_quality"":66.7,""sub_hl_slope"":51.4,""sub_compression"":0,""sub_duration"":100.0,""_score"":50.43},""compression"":{""VC1_atr_ratio"":{""value"":0.5432723597647457,""score"":100},""VC2_range_contraction"":{""value"":1.1163446738549345,""score"":0},""VC3_range_pct_rank"":{""score"":20.833333333333336},""_score"":45.21},""sr_quality"":{""SR1_touches"":{""value"":2,""score"":25.0},""SR2_tightness"":{""value"":1.0800000000000125,""score"":85.70660828307706},""SR3_recency"":{""value"":241,""score"":0.0},""SR4_price_location"":{""score"":30.0},""SR5_reaction"":{""value"":2.6307119801215966,""score"":100},""_score"":42.86,""_levels_found"":5,""_target_level"":381.08},""volume"":{""V1_rvol_day"":{""value"":1.0952578125927368,""score"":39.683854172849124},""V2_rvol_sameslot"":{""value"":2.530169052229984,""score"":100,""status"":""ok""},""V3_breakout_bar"":{""value"":1.530453454391141,""score"":68.6968969594094},""V4_base_dryup"":{""value"":1.0320328974855215,""score"":46.79671025144785},""V5_bo_expansion"":{""value"":1.0952578125927368,""score"":6.350520839515787},""_score"":55.42},""readiness"":{""_distance_atr"":0.721,""BR1_atr_distance"":{""score"":51.949940357545835},""BR2_compression"":{""score"":5.968082282889994},""BR3_retest"":{""score"":50.0},""BR4_bo_age"":{""score"":50.0},""_score"":39.77},""risk"":{""R1_stop_clarity"":{""score"":22.061291424957503},""R2_stop_distance_pct"":{""value"":5.474592534344832,""score"":100.0},""R3_stop_distance_atr"":{""value"":1.4820792394629945,""score"":99.10396197314972},""R4_rr_potential"":{""value"":1.709684218220017,""score"":35.484210911000844},""_score"":59.68},""market"":{""M1_spy_regime"":{""score"":100.0},""M3_earnings_risk"":{""value"":null,""score"":80.0},""M4_vix"":{""value"":null,""score"":60.0},""_score"":84.0},""liquidity"":{""L1_price"":{""value"":409.1081,""score"":100.0},""L2_dollar_vol"":{""value"":6493411672.291707,""score"":100.0},""L3_spread_proxy"":{""value"":0.03940278865170356,""score"":60.59721134829644},""L4_volume_zscore"":{""value"":0.3207209540306835,""score"":100.0},""_score"":96.06},""pattern_structure"":{""top"":420.0,""top_touches"":3,""low_slope_per_bar"":0.605329483088705,""lowest_low"":392.6001,""structural_low"":392.6001,""current_price"":408.34,""neckline_distance_pct"":0.02855463584268018,""base_bars"":32},""pattern_geometry_features"":{""top_touches"":3.0,""low_slope"":0.605329483088705,""compression"":-0.18816580757173096,""atr_pct"":0.036938595377184115},""_schema_version"":""1.0""}",,,,,,,,,,
20260508T195117Z-64671e,2026-05-08T19:51:17.654677+00:00,ADI,bull_flag,forming,55.0,100.0,65.8,59.2,59.5,33.8,58.2,59.4,84.0,98.7,14.0,19.74,5.33,5.95,4.73,5.24,1.78,5.04,4.94,True,risk_unclear,416.24,418.75,407.3172,445.62,"{""trend"":{""T1_ema_stack"":{""value"":[true,true,true],""score"":100.0},""T2_ema50_slope"":{""value"":0.4819134331947324,""score"":100},""T3_high_proximity"":{""value"":1.0,""score"":99.99999999999997},""T4_rs_1m"":{""value"":0.10078987538235995,""score"":100},""T5_rs_3m"":{""value"":0.23186769989327938,""score"":100},""T6_adr_healthy"":{""value"":2.4877000587510936,""score"":100.0},""_score"":100.0},""geometry"":{""sub_pole_impulse"":35.4,""sub_flag_tightness"":69.9,""sub_flag_shallowness"":63.6,""sub_flag_drift"":100,""sub_flag_duration"":100.0,""_score"":65.81},""compression"":{""VC1_atr_ratio"":{""value"":0.6939568054192968,""score"":76.5107986451758},""VC2_range_contraction"":{""value"":0.9128620913798828,""score"":14.522984770019528},""VC3_range_pct_rank"":{""score"":94.16666666666667},""_score"":59.23},""sr_quality"":{""SR1_touches"":{""value"":6,""score"":100},""SR2_tightness"":{""value"":2.2453462984582164,""score"":61.981255793650405},""SR3_recency"":{""value"":251,""score"":0.0},""SR4_price_location"":{""score"":30.0},""SR5_reaction"":{""value"":1.6884407220391244,""score"":84.42203610195622},""_score"":59.46,""_levels_found"":3,""_target_level"":302.644},""volume"":{""V1_rvol_day"":{""value"":0.6074330365410956,""score"":7.16220243607304},""V2_rvol_sameslot"":{""value"":1.3271638377087944,""score"":55.144255847252964,""status"":""ok""},""V3_breakout_bar"":{""value"":1.1472191070985618,""score"":43.14794047323745},""V4_base_dryup"":{""value"":0.9749564143271089,""score"":52.50435856728911},""V5_bo_expansion"":{""value"":0.6074330365410956,""score"":0},""_score"":33.75},""readiness"":{""_distance_atr"":0.212,""BR1_atr_distance"":{""score"":85.8333585301203},""BR2_compression"":{""score"":25.41816624395075},""BR3_retest"":{""score"":50.0},""BR4_bo_age"":{""score"":50.0},""_score"":58.19},""risk"":{""R1_stop_clarity"":{""score"":0},""R2_stop_distance_pct"":{""value"":2.1436671151259015,""score"":100.0},""R3_stop_distance_atr"":{""value"":0.7554149910803413,""score"":62.77074955401707},""R4_rr_potential"":{""value"":3.292688393777718,""score"":100.0},""_score"":59.42},""market"":{""M1_spy_regime"":{""score"":100.0},""M3_earnings_risk"":{""value"":null,""score"":80.0},""M4_vix"":{""value"":null,""score"":60.0},""_score"":84.0},""liquidity"":{""L1_price"":{""value"":416.24,""score"":100.0},""L2_dollar_vol"":{""value"":808029275.6310605,""score"":100.0},""L3_spread_proxy"":{""value"":0.012564866423217419,""score"":87.43513357678258},""L4_volume_zscore"":{""value"":-1.283875018536193,""score"":100.0},""_score"":98.74},""pattern_structure"":{""pole_low"":391.88,""pole_low_idx"":32,""peak_price"":418.75,""peak_idx"":54,""pole_gain"":0.0685669082372155,""flag_bars"":5,""flag_low"":413.52,""flag_high"":418.7,""structural_low"":413.52,""current_price"":416.08,""neckline_distance_pct"":0.006417035185541281,""base_bars"":5},""pattern_geometry_features"":{""pole_gain"":0.0685669082372155,""pullback_pct"":0.012489552238806014,""flag_range_pct"":0.01237014925373136,""flag_drift_per_bar"":8.05133628147755e-05,""atr_pct"":0.028377344114659146,""pole_atr_multiple"":2.416255304237413},""_schema_version"":""1.0""}",,,,,,,,,,
20260508T195117Z-64671e,2026-05-08T19:51:17.654677+00:00,ADI,double_bottom,setup,55.0,100.0,54.8,59.2,59.5,38.3,63.9,41.7,84.0,98.7,15.0,13.7,4.74,8.32,4.98,5.11,2.5,5.04,4.94,True,risk_unclear,416.24,415.97,380.732,445.41,"{""trend"":{""T1_ema_stack"":{""value"":[true,true,true],""score"":100.0},""T2_ema50_slope"":{""value"":0.4819134331947324,""score"":100},""T3_high_proximity"":{""value"":1.0,""score"":99.99999999999997},""T4_rs_1m"":{""value"":0.10078987538235995,""score"":100},""T5_rs_3m"":{""value"":0.23186769989327938,""score"":100},""T6_adr_healthy"":{""value"":2.4877000587510936,""score"":100.0},""_score"":100.0},""geometry"":{""sub_low_similarity"":2.2,""sub_bounce_quality"":65.9,""sub_separation_fit"":66.7,""sub_right_bottom_reaction"":73.0,""sub_base_context"":100.0,""_score"":54.8},""compression"":{""VC1_atr_ratio"":{""value"":0.6939568054192968,""score"":76.5107986451758},""VC2_range_contraction"":{""value"":0.9128620913798828,""score"":14.522984770019528},""VC3_range_pct_rank"":{""score"":94.16666666666667},""_score"":59.23},""sr_quality"":{""SR1_touches"":{""value"":6,""score"":100},""SR2_tightness"":{""value"":2.2453462984582164,""score"":61.981255793650405},""SR3_recency"":{""value"":251,""score"":0.0},""SR4_price_location"":{""score"":30.0},""SR5_reaction"":{""value"":1.6884407220391244,""score"":84.42203610195622},""_score"":59.46,""_levels_found"":3,""_target_level"":302.644},""volume"":{""V1_rvol_day"":{""value"":0.6074330365410956,""score"":7.16220243607304},""V2_rvol_sameslot"":{""value"":1.3271638377087944,""score"":55.144255847252964,""status"":""ok""},""V3_breakout_bar"":{""value"":1.1472191070985618,""score"":43.14794047323745},""V4_base_dryup"":{""value"":0.7483799615661424,""score"":75.16200384338576},""V5_bo_expansion"":{""value"":0.6074330365410956,""score"":0},""_score"":38.28},""readiness"":{""_distance_atr"":-0.023,""BR1_atr_distance"":{""score"":100.0},""BR2_compression"":{""score"":25.41816624395075},""BR3_retest"":{""score"":50.0},""BR4_bo_age"":{""score"":50.0},""_score"":63.85},""risk"":{""R1_stop_clarity"":{""score"":1.8277144498531754},""R2_stop_distance_pct"":{""value"":8.530643378819923,""score"":86.73391552950194},""R3_stop_distance_atr"":{""value"":3.0061457986877533,""score"":100.0},""R4_rr_potential"":{""value"":0.8215061697450862,""score"":0.0},""_score"":41.66},""market"":{""M1_spy_regime"":{""score"":100.0},""M3_earnings_risk"":{""value"":null,""score"":80.0},""M4_vix"":{""value"":null,""score"":60.0},""_score"":84.0},""liquidity"":{""L1_price"":{""value"":416.24,""score"":100.0},""L2_dollar_vol"":{""value"":808029275.6310605,""score"":100.0},""L3_spread_proxy"":{""value"":0.012564866423217419,""score"":87.43513357678258},""L4_volume_zscore"":{""value"":-1.283875018536193,""score"":100.0},""_score"":98.74},""pattern_structure"":{""left_low"":386.53,""left_idx"":37,""right_low"":405.91,""right_idx"":72,""separation_bars"":35,""structural_low"":386.53,""current_price"":416.08,""neckline_distance_pct"":-0.00026437223610833684,""base_bars"":35},""pattern_geometry_features"":{""low_similarity_pct"":0.048912220483569864,""bounce_pct"":0.07616485136988088,""right_bottom_reaction"":0.7296072507552755,""atr_pct"":0.028377344114659146},""_schema_version"":""1.0""}",,,,,,,,,,
20260508T195117Z-64671e,2026-05-08T19:51:17.654677+00:00,KEYS,bull_flag,absent,55.0,94.7,39.1,64.4,42.4,47.0,53.3,57.5,84.0,98.3,13.26,11.74,5.79,4.24,6.58,4.8,1.73,5.04,4.91,True,risk_unclear,359.85,367.12,347.1436,390.9,"{""trend"":{""T1_ema_stack"":{""value"":[true,true,true],""score"":100.0},""T2_ema50_slope"":{""value"":0.5410786743995788,""score"":100},""T3_high_proximity"":{""value"":0.981373404603469,""score"":90.68670230173448},""T4_rs_1m"":{""value"":0.030429636015062655,""score"":80.42963601506266},""T5_rs_3m"":{""value"":0.4910737761612576,""score"":100},""T6_adr_healthy"":{""value"":2.582736527789426,""score"":100.0},""_score"":94.69},""geometry"":{""sub_pole_impulse"":36.0,""sub_flag_tightness"":13.3,""sub_flag_shallowness"":0,""sub_flag_drift"":100,""sub_flag_duration"":100.0,""_score"":39.12},""compression"":{""VC1_atr_ratio"":{""value"":0.5969207504427249,""score"":100},""VC2_range_contraction"":{""value"":0.9574814439266643,""score"":7.08642601222261},""VC3_range_pct_rank"":{""score"":87.5},""_score"":64.36},""sr_quality"":{""SR1_touches"":{""value"":2,""score"":25.0},""SR2_tightness"":{""value"":0.8850000000000193,""score"":82.66335138826079},""SR3_recency"":{""value"":251,""score"":0.0},""SR4_price_location"":{""score"":30.0},""SR5_reaction"":{""value"":3.076030788992419,""score"":100},""_score"":42.4,""_levels_found"":3,""_target_level"":265.585},""volume"":{""V1_rvol_day"":{""value"":0.6849246588395065,""score"":12.328310589300433},""V2_rvol_sameslot"":{""value"":1.7197116875038543,""score"":81.31411250025695,""status"":""ok""},""V3_breakout_bar"":{""value"":1.7459589999163354,""score"":83.06393332775569},""V4_base_dryup"":{""value"":1.12544789500593,""score"":37.45521049940701},""V5_bo_expansion"":{""value"":0.6849246588395065,""score"":0},""_score"":46.99},""readiness"":{""_distance_atr"":0.712,""BR1_atr_distance"":{""score"":52.52827291625573},""BR2_compression"":{""score"":59.321626741664154},""BR3_retest"":{""score"":50.0},""BR4_bo_age"":{""score"":50.0},""_score"":53.34},""risk"":{""R1_stop_clarity"":{""score"":0},""R2_stop_distance_pct"":{""value"":3.5310407114075355,""score"":100.0},""R3_stop_distance_atr"":{""value"":1.2445607839131596,""score"":87.22803919565798},""R4_rr_potential"":{""value"":2.4436408280833724,""score"":72.18204140416861},""_score"":57.52},""market"":{""M1_spy_regime"":{""score"":100.0},""M3_earnings_risk"":{""value"":null,""score"":80.0},""M4_vix"":{""value"":null,""score"":60.0},""_score"":84.0},""liquidity"":{""L1_price"":{""value"":359.85,""score"":100.0},""L2_dollar_vol"":{""value"":261802689.37893018,""score"":100.0},""L3_spread_proxy"":{""value"":0.017173822426010857,""score"":82.82617757398914},""L4_volume_zscore"":{""value"":-1.1007746278493555,""score"":100.0},""_score"":98.28},""pattern_structure"":{""pole_low"":343.34,""pole_low_idx"":24,""peak_price"":367.12,""peak_idx"":48,""pole_gain"":0.06926079105260101,""flag_bars"":11,""flag_low"":352.43,""flag_high"":365.65,""structural_low"":352.43,""current_price"":359.48,""neckline_distance_pct"":0.021252920885723784,""base_bars"":11},""pattern_geometry_features"":{""pole_gain"":0.06926079105260101,""pullback_pct"":0.040014164305949,""flag_range_pct"":0.03601002397036383,""flag_drift_per_bar"":0.0002713515481959117,""atr_pct"":0.028371781893249154,""pole_atr_multiple"":2.4411857990872643},""_schema_version"":""1.0""}",,,,,,,,,,
20260508T195117Z-64671e,2026-05-08T19:51:17.654677+00:00,KEYS,double_bottom,forming,55.0,94.7,61.7,64.4,42.4,58.4,53.3,49.3,84.0,98.3,14.2,15.42,5.15,5.94,7.59,4.27,2.96,5.04,4.91,True,risk_unclear,359.85,367.12,338.1899,390.9,"{""trend"":{""T1_ema_stack"":{""value"":[true,true,true],""score"":100.0},""T2_ema50_slope"":{""value"":0.5410786743995788,""score"":100},""T3_high_proximity"":{""value"":0.981373404603469,""score"":90.68670230173448},""T4_rs_1m"":{""value"":0.030429636015062655,""score"":80.42963601506266},""T5_rs_3m"":{""value"":0.4910737761612576,""score"":100},""T6_adr_healthy"":{""value"":2.582736527789426,""score"":100.0},""_score"":94.69},""geometry"":{""sub_low_similarity"":47.7,""sub_bounce_quality"":56.1,""sub_separation_fit"":100.0,""sub_right_bottom_reaction"":7.7,""sub_base_context"":100.0,""_score"":61.69},""compression"":{""VC1_atr_ratio"":{""value"":0.5969207504427249,""score"":100},""VC2_range_contraction"":{""value"":0.9574814439266643,""score"":7.08642601222261},""VC3_range_pct_rank"":{""score"":87.5},""_score"":64.36},""sr_quality"":{""SR1_touches"":{""value"":2,""score"":25.0},""SR2_tightness"":{""value"":0.8850000000000193,""score"":82.66335138826079},""SR3_recency"":{""value"":251,""score"":0.0},""SR4_price_location"":{""score"":30.0},""SR5_reaction"":{""value"":3.076030788992419,""score"":100},""_score"":42.4,""_levels_found"":3,""_target_level"":265.585},""volume"":{""V1_rvol_day"":{""value"":0.6849246588395065,""score"":12.328310589300433},""V2_rvol_sameslot"":{""value"":1.7197116875038543,""score"":81.31411250025695,""status"":""ok""},""V3_breakout_bar"":{""value"":1.7459589999163354,""score"":83.06393332775569},""V4_base_dryup"":{""value"":0.554722119042868,""score"":94.5277880957132},""V5_bo_expansion"":{""value"":0.6849246588395065,""score"":0},""_score"":58.4},""readiness"":{""_distance_atr"":0.712,""BR1_atr_distance"":{""score"":52.52827291625573},""BR2_compression"":{""score"":59.321626741664154},""BR3_retest"":{""score"":50.0},""BR4_bo_age"":{""score"":50.0},""_score"":53.34},""risk"":{""R1_stop_clarity"":{""score"":0},""R2_stop_distance_pct"":{""value"":6.019202445463403,""score"":100.0},""R3_stop_distance_atr"":{""value"":2.1215454383905388,""score"":100.0},""R4_rr_potential"":{""value"":1.4335113872973777,""score"":21.675569364868885},""_score"":49.34},""market"":{""M1_spy_regime"":{""score"":100.0},""M3_earnings_risk"":{""value"":null,""score"":80.0},""M4_vix"":{""value"":null,""score"":60.0},""_score"":84.0},""liquidity"":{""L1_price"":{""value"":359.85,""score"":100.0},""L2_dollar_vol"":{""value"":261802689.37893018,""score"":100.0},""L3_spread_proxy"":{""value"":0.017173822426010857,""score"":82.82617757398914},""L4_volume_zscore"":{""value"":-1.1007746278493555,""score"":100.0},""_score"":98.28},""pattern_structure"":{""left_low"":343.34,""left_idx"":44,""right_low"":352.43,""right_idx"":73,""separation_bars"":29,""structural_low"":343.34,""current_price"":359.48,""neckline_distance_pct"":0.021252920885723784,""base_bars"":29},""pattern_geometry_features"":{""low_similarity_pct"":0.026129324345689042,""bounce_pct"":0.06926079105260101,""right_bottom_reaction"":0.07748184019370304,""atr_pct"":0.028371781893249154},""_schema_version"":""1.0""}",,,,,,,,,,
20260508T195117Z-64671e,2026-05-08T19:51:17.654677+00:00,KEYS,vcp,breakout_confirmed,55.0,94.7,39.1,64.4,42.4,53.6,50.8,22.4,84.0,98.3,14.2,9.78,7.72,5.09,6.96,3.56,1.12,5.04,4.91,True,risk_unclear,359.85,352.78,319.4059,246.66,"{""trend"":{""T1_ema_stack"":{""value"":[true,true,true],""score"":100.0},""T2_ema50_slope"":{""value"":0.5410786743995788,""score"":100},""T3_high_proximity"":{""value"":0.981373404603469,""score"":90.68670230173448},""T4_rs_1m"":{""value"":0.030429636015062655,""score"":80.42963601506266},""T5_rs_3m"":{""value"":0.4910737761612576,""score"":100},""T6_adr_healthy"":{""value"":2.582736527789426,""score"":100.0},""_score"":94.69},""geometry"":{""sub_contraction_count"":100.0,""sub_reduction_rate"":0,""sub_pivot_tightness"":27.4,""sub_volume_dryup"":0,""sub_base_depth"":0.0,""sub_base_duration"":100.0,""_score"":39.11},""compression"":{""VC1_atr_ratio"":{""value"":0.5969207504427249,""score"":100},""VC2_range_contraction"":{""value"":0.9574814439266643,""score"":7.08642601222261},""VC3_range_pct_rank"":{""score"":87.5},""_score"":64.36},""sr_quality"":{""SR1_touches"":{""value"":2,""score"":25.0},""SR2_tightness"":{""value"":0.8850000000000193,""score"":82.66335138826079},""SR3_recency"":{""value"":251,""score"":0.0},""SR4_price_location"":{""score"":30.0},""SR5_reaction"":{""value"":3.076030788992419,""score"":100},""_score"":42.4,""_levels_found"":3,""_target_level"":265.585},""volume"":{""V1_rvol_day"":{""value"":0.6849246588395065,""score"":12.328310589300433},""V2_rvol_sameslot"":{""value"":1.7197116875038543,""score"":81.31411250025695,""status"":""ok""},""V3_breakout_bar"":{""value"":1.7459589999163354,""score"":83.06393332775569},""V4_base_dryup"":{""value"":0.7966267281945644,""score"":70.33732718054357},""V5_bo_expansion"":{""value"":0.6849246588395065,""score"":0},""_score"":53.56},""readiness"":{""_distance_atr"":-0.692,""BR1_atr_distance"":{""score"":46.15027054406842},""BR2_compression"":{""score"":59.321626741664154},""BR3_retest"":{""score"":50.0},""BR4_bo_age"":{""score"":50.0},""_score"":50.79},""risk"":{""R1_stop_clarity"":{""score"":4.716016180871591},""R2_stop_distance_pct"":{""value"":11.239141308878715,""score"":19.021467278032134},""R3_stop_distance_atr"":{""value"":3.9613801315570463,""score"":100.0},""R4_rr_potential"":{""value"":-2.7986811409836516,""score"":0.0},""_score"":22.36},""market"":{""M1_spy_regime"":{""score"":100.0},""M3_earnings_risk"":{""value"":null,""score"":80.0},""M4_vix"":{""value"":null,""score"":60.0},""_score"":84.0},""liquidity"":{""L1_price"":{""value"":359.85,""score"":100.0},""L2_dollar_vol"":{""value"":261802689.37893018,""score"":100.0},""L3_spread_proxy"":{""value"":0.017173822426010857,""score"":82.82617757398914},""L4_volume_zscore"":{""value"":-1.1007746278493555,""score"":100.0},""_score"":98.28},""pattern_structure"":{""n_contractions"":5,""contractions_pct"":[5.34,2.56,16.5,11.76,8.08],""descending_strict"":false,""final_low"":324.27,""final_pivot"":352.78,""structural_low"":324.27,""dry_up_ratio"":1.1163531312411077,""current_price"":359.85,""neckline_distance_pct"":-0.019647075170209947,""base_bars"":70},""pattern_geometry_features"":{""contraction_count"":5.0,""first_contraction_pct"":0.05344029337611742,""last_contraction_pct"":0.08081523895912465,""dry_up_ratio"":1.1163531312411077,""near_monotone"":0.0,""base_depth_pct"":-0.4864542745817097},""_schema_version"":""1.0""}",,,,,,,,,,
20260508T195117Z-64671e,2026-05-08T19:51:17.654677+00:00,KEYS,ascending_triangle,forming,55.0,94.7,54.1,64.4,42.4,51.0,53.3,49.3,84.0,98.3,14.2,15.15,5.15,5.94,6.13,4.27,1.97,5.04,4.91,True,risk_unclear,359.85,367.12,338.1899,390.9,"{""trend"":{""T1_ema_stack"":{""value"":[true,true,true],""score"":100.0},""T2_ema50_slope"":{""value"":0.5410786743995788,""score"":100},""T3_high_proximity"":{""value"":0.981373404603469,""score"":90.68670230173448},""T4_rs_1m"":{""value"":0.030429636015062655,""score"":80.42963601506266},""T5_rs_3m"":{""value"":0.4910737761612576,""score"":100},""T6_adr_healthy"":{""value"":2.582736527789426,""score"":100.0},""_score"":94.69},""geometry"":{""sub_flat_top_quality"":66.7,""sub_hl_slope"":63.7,""sub_compression"":0,""sub_duration"":100.0,""_score"":54.12},""compression"":{""VC1_atr_ratio"":{""value"":0.5969207504427249,""score"":100},""VC2_range_contraction"":{""value"":0.9574814439266643,""score"":7.08642601222261},""VC3_range_pct_rank"":{""score"":87.5},""_score"":64.36},""sr_quality"":{""SR1_touches"":{""value"":2,""score"":25.0},""SR2_tightness"":{""value"":0.8850000000000193,""score"":82.66335138826079},""SR3_recency"":{""value"":251,""score"":0.0},""SR4_price_location"":{""score"":30.0},""SR5_reaction"":{""value"":3.076030788992419,""score"":100},""_score"":42.4,""_levels_found"":3,""_target_level"":265.585},""volume"":{""V1_rvol_day"":{""value"":0.6849246588395065,""score"":12.328310589300433},""V2_rvol_sameslot"":{""value"":1.7197116875038543,""score"":81.31411250025695,""status"":""ok""},""V3_breakout_bar"":{""value"":1.7459589999163354,""score"":83.06393332775569},""V4_base_dryup"":{""value"":0.9223917782062239,""score"":57.76082217937761},""V5_bo_expansion"":{""value"":0.6849246588395065,""score"":0},""_score"":51.05},""readiness"":{""_distance_atr"":0.712,""BR1_atr_distance"":{""score"":52.52827291625573},""BR2_compression"":{""score"":59.321626741664154},""BR3_retest"":{""score"":50.0},""BR4_bo_age"":{""score"":50.0},""_score"":53.34},""risk"":{""R1_stop_clarity"":{""score"":0},""R2_stop_distance_pct"":{""value"":6.019202445463403,""score"":100.0},""R3_stop_distance_atr"":{""value"":2.1215454383905388,""score"":100.0},""R4_rr_potential"":{""value"":1.4335113872973777,""score"":21.675569364868885},""_score"":49.34},""market"":{""M1_spy_regime"":{""score"":100.0},""M3_earnings_risk"":{""value"":null,""score"":80.0},""M4_vix"":{""value"":null,""score"":60.0},""_score"":84.0},""liquidity"":{""L1_price"":{""value"":359.85,""score"":100.0},""L2_dollar_vol"":{""value"":261802689.37893018,""score"":100.0},""L3_spread_proxy"":{""value"":0.017173822426010857,""score"":82.82617757398914},""L4_volume_zscore"":{""value"":-1.1007746278493555,""score"":100.0},""_score"":98.28},""pattern_structure"":{""top"":367.12,""top_touches"":3,""low_slope_per_bar"":0.6557613768961515,""lowest_low"":343.34,""structural_low"":343.34,""current_price"":359.48,""neckline_distance_pct"":0.021252920885723784,""base_bars"":46},""pattern_geometry_features"":{""top_touches"":3.0,""low_slope"":0.6557613768961515,""compression"":-0.06356467058841875,""atr_pct"":0.028371781893249154},""_schema_version"":""1.0""}",,,,,,,,,,
20260508T195117Z-64671e,2026-05-08T19:51:17.654677+00:00,CSCO,double_bottom,breakout_confirmed,55.0,98.1,71.0,16.4,38.5,34.4,38.4,45.0,84.0,96.0,14.71,17.75,1.31,5.39,4.48,3.07,2.7,5.04,4.8,True,risk_unclear,96.835,94.715,89.8221,98.24,"{""trend"":{""T1_ema_stack"":{""value"":[true,true,true],""score"":100.0},""T2_ema50_slope"":{""value"":0.30601978426543425,""score"":100},""T3_high_proximity"":{""value"":1.0,""score"":99.99999999999997},""T4_rs_1m"":{""value"":0.08043799115375272,""score"":100},""T5_rs_3m"":{""value"":0.07459722295808335,""score"":87.29861147904168},""T6_adr_healthy"":{""value"":2.2921041302534513,""score"":100.0},""_score"":98.09},""geometry"":{""sub_low_similarity"":90.8,""sub_bounce_quality"":12.4,""sub_separation_fit"":100.0,""sub_right_bottom_reaction"":41.8,""sub_base_context"":100.0,""_score"":70.99},""compression"":{""VC1_atr_ratio"":{""value"":0.8656921757294442,""score"":33.57695606763894},""VC2_range_contraction"":{""value"":0.9638669182272719,""score"":6.022180295454686},""VC3_range_pct_rank"":{""score"":3.3333333333333326},""_score"":16.37},""sr_quality"":{""SR1_touches"":{""value"":2,""score"":25.0},""SR2_tightness"":{""value"":0.5025000000000048,""score"":56.68103448275823},""SR3_recency"":{""value"":231,""score"":0.0},""SR4_price_location"":{""score"":30.0},""SR5_reaction"":{""value"":2.7661637931034453,""score"":100},""_score"":38.5,""_levels_found"":5,""_target_level"":85.2725},""volume"":{""V1_rvol_day"":{""value"":0.9318511584716249,""score"":28.790077231441664},""V2_rvol_sameslot"":{""value"":1.1806853627312088,""score"":45.37902418208059,""status"":""ok""},""V3_breakout_bar"":{""value"":0.8053377165385582,""score"":20.355847769237215},""V4_base_dryup"":{""value"":0.7741785081242729,""score"":72.58214918757271},""V5_bo_expansion"":{""value"":0.9318511584716248,""score"":0},""_score"":34.44},""readiness"":{""_distance_atr"":-0.914,""BR1_atr_distance"":{""score"":41.724137931034576},""BR2_compression"":{""score"":16.878508122963026},""BR3_retest"":{""score"":50.0},""BR4_bo_age"":{""score"":50.0},""_score"":38.41},""risk"":{""R1_stop_clarity"":{""score"":0},""R2_stop_distance_pct"":{""value"":7.242061238188673,""score"":100.0},""R3_stop_distance_atr"":{""value"":3.0227801724137917,""score"":100.0},""R4_rr_potential"":{""value"":0.20034650676971777,""score"":0.0},""_score"":45.0},""market"":{""M1_spy_regime"":{""score"":100.0},""M3_earnings_risk"":{""value"":null,""score"":80.0},""M4_vix"":{""value"":null,""score"":60.0},""_score"":84.0},""liquidity"":{""L1_price"":{""value"":96.835,""score"":100.0},""L2_dollar_vol"":{""value"":1582596762.1111226,""score"":100.0},""L3_spread_proxy"":{""value"":0.040068157174575264,""score"":59.93184282542474},""L4_volume_zscore"":{""value"":-0.35450588465413313,""score"":100.0},""_score"":95.99},""pattern_structure"":{""left_low"":91.19,""left_idx"":50,""right_low"":91.61,""right_idx"":71,""separation_bars"":21,""structural_low"":91.19,""current_price"":96.45,""neckline_distance_pct"":-0.017988595127008806,""base_bars"":21},""pattern_geometry_features"":{""low_similarity_pct"":0.004595185995623651,""bounce_pct"":0.03865555433709843,""right_bottom_reaction"":0.4181818181818276,""atr_pct"":0.02395827954768422},""_schema_version"":""1.0""}",,,,,,,,,,
20260508T195117Z-64671e,2026-05-08T19:51:17.654677+00:00,AVGO,vcp,absent,55.0,100.0,46.4,32.1,60.6,26.2,63.7,44.0,84.0,95.1,15.0,11.6,3.85,7.27,3.41,4.46,2.2,5.04,4.75,True,risk_unclear,428.175,429.31,388.7302,387.0,"{""trend"":{""T1_ema_stack"":{""value"":[true,true,true],""score"":100.0},""T2_ema50_slope"":{""value"":0.5495038353281168,""score"":100},""T3_high_proximity"":{""value"":1.0,""score"":99.99999999999997},""T4_rs_1m"":{""value"":0.12256857589079839,""score"":100},""T5_rs_3m"":{""value"":0.21906409944682514,""score"":100},""T6_adr_healthy"":{""value"":3.0314671322642206,""score"":100.0},""_score"":100.0},""geometry"":{""sub_contraction_count"":100.0,""sub_reduction_rate"":7.1,""sub_pivot_tightness"":27.6,""sub_volume_dryup"":36.6,""sub_base_depth"":0.0,""sub_base_duration"":100.0,""_score"":46.41},""compression"":{""VC1_atr_ratio"":{""value"":0.7184793027259394,""score"":70.38017431851515},""VC2_range_contraction"":{""value"":1.1238711010608327,""score"":0},""VC3_range_pct_rank"":{""score"":15.833333333333332},""_score"":32.11},""sr_quality"":{""SR1_touches"":{""value"":5,""score"":100},""SR2_tightness"":{""value"":3.5435157682731018,""score"":54.067641570295244},""SR3_recency"":{""value"":265,""score"":0.0},""SR4_price_location"":{""score"":30.0},""SR5_reaction"":{""value"":1.9977589916017728,""score"":99.88794958008864},""_score"":60.59,""_levels_found"":5,""_target_level"":355.776},""volume"":{""V1_rvol_day"":{""value"":0.7378418403907423,""score"":15.856122692716154},""V2_rvol_sameslot"":{""value"":0.9848900510959598,""score"":32.32600340639733,""status"":""ok""},""V3_breakout_bar"":{""value"":0.6361860795916061,""score"":9.07907197277374},""V4_base_dryup"":{""value"":0.7840158614396395,""score"":71.59841385603605},""V5_bo_expansion"":{""value"":0.7378418403907423,""score"":0},""_score"":26.23},""readiness"":{""_distance_atr"":0.074,""BR1_atr_distance"":{""score"":95.09590378342232},""BR2_compression"":{""score"":32.61100776190625},""BR3_retest"":{""score"":50.0},""BR4_bo_age"":{""score"":50.0},""_score"":63.69},""risk"":{""R1_stop_clarity"":{""score"":23.266016974221756},""R2_stop_distance_pct"":{""value"":9.212296374146097,""score"":69.69259064634757},""R3_stop_distance_atr"":{""value"":2.5564869943460953,""score"":100.0},""R4_rr_potential"":{""value"":-1.0438651531572631,""score"":0.0},""_score"":44.05},""market"":{""M1_spy_regime"":{""score"":100.0},""M3_earnings_risk"":{""value"":null,""score"":80.0},""M4_vix"":{""value"":null,""score"":60.0},""_score"":84.0},""liquidity"":{""L1_price"":{""value"":428.175,""score"":100.0},""L2_dollar_vol"":{""value"":6376425156.474316,""score"":100.0},""L3_spread_proxy"":{""value"":0.04904536696444211,""score"":50.95463303555789},""L4_volume_zscore"":{""value"":-1.2217239766277999,""score"":100.0},""_score"":95.1},""pattern_structure"":{""n_contractions"":5,""contractions_pct"":[10.23,9.68,12.64,11.19,8.07],""descending_strict"":false,""final_low"":394.65,""final_pivot"":429.31,""structural_low"":394.65,""dry_up_ratio"":0.8170480309236314,""current_price"":428.175,""neckline_distance_pct"":0.002650785309744826,""base_bars"":54},""pattern_geometry_features"":{""contraction_count"":5.0,""first_contraction_pct"":0.10225918147244133,""last_contraction_pct"":0.0807342013929329,""dry_up_ratio"":0.8170480309236314,""near_monotone"":0.0,""base_depth_pct"":-0.12008287449622525},""_schema_version"":""1.0""}",,,,,,,,,,
20260508T195117Z-64671e,2026-05-08T19:51:17.654677+00:00,UEC,double_bottom,forming,54.87,62.0,55.7,49.5,43.7,26.0,45.6,82.0,84.0,91.5,9.3,13.93,3.96,6.11,3.38,3.65,4.92,5.04,4.58,False,,15.01,16.19,14.0461,18.12,"{""trend"":{""T1_ema_stack"":{""value"":[true,true,true],""score"":100.0},""T2_ema50_slope"":{""value"":0.11985865240724772,""score"":69.97644206787461},""T3_high_proximity"":{""value"":0.8777777777777777,""score"":38.88888888888881},""T4_rs_1m"":{""value"":0.010957257493459105,""score"":60.9572574934591},""T5_rs_3m"":{""value"":-0.13591424988500644,""score"":0},""T6_adr_healthy"":{""value"":6.769224071056028,""score"":100.0},""_score"":62.02},""geometry"":{""sub_low_similarity"":8.2,""sub_bounce_quality"":100,""sub_separation_fit"":0.0,""sub_right_bottom_reaction"":88.3,""sub_base_context"":100.0,""_score"":55.7},""compression"":{""VC1_atr_ratio"":{""value"":0.6419638959504915,""score"":89.50902601237712},""VC2_range_contraction"":{""value"":1.1159755518830456,""score"":0},""VC3_range_pct_rank"":{""score"":55.00000000000001},""_score"":49.55},""sr_quality"":{""SR1_touches"":{""value"":2,""score"":25.0},""SR2_tightness"":{""value"":0.21999999999999975,""score"":61.89156417807038},""SR3_recency"":{""value"":238,""score"":0.0},""SR4_price_location"":{""score"":59.67384560843756},""SR5_reaction"":{""value"":1.595790750043304,""score"":79.7895375021652},""_score"":43.67,""_levels_found"":5,""_target_level"":15.4},""volume"":{""V1_rvol_day"":{""value"":0.6111069783535437,""score"":7.407131890236244},""V2_rvol_sameslot"":{""value"":0.9809547606938944,""score"":32.0636507129263,""status"":""ok""},""V3_breakout_bar"":{""value"":0.8210280873095187,""score"":21.401872487301247},""V4_base_dryup"":{""value"":0.861796952729373,""score"":63.820304727062705},""V5_bo_expansion"":{""value"":0.6111069783535437,""score"":0},""_score"":26.01},""readiness"":{""_distance_atr"":1.022,""BR1_atr_distance"":{""score"":31.866735954731723},""BR2_compression"":{""score"":61.40956561025879},""BR3_retest"":{""score"":50.0},""BR4_bo_age"":{""score"":50.0},""_score"":45.6},""risk"":{""R1_stop_clarity"":{""score"":62.94820717131464},""R2_stop_distance_pct"":{""value"":6.421718854097273,""score"":100.0},""R3_stop_distance_atr"":{""value"":0.8348345747445006,""score"":66.74172873722503},""R4_rr_potential"":{""value"":3.2264757754953863,""score"":100.0},""_score"":82.04},""market"":{""M1_spy_regime"":{""score"":100.0},""M3_earnings_risk"":{""value"":null,""score"":80.0},""M4_vix"":{""value"":null,""score"":60.0},""_score"":84.0},""liquidity"":{""L1_price"":{""value"":15.01,""score"":100.0},""L2_dollar_vol"":{""value"":80463314.29109947,""score"":95.27989586160768},""L3_spread_proxy"":{""value"":0.06595602931379083,""score"":34.04397068620918},""L4_volume_zscore"":{""value"":-1.726024054468387,""score"":100.0},""_score"":91.52},""pattern_structure"":{""left_low"":14.26,""left_idx"":27,""right_low"":14.93,""right_idx"":75,""separation_bars"":48,""structural_low"":14.26,""current_price"":15.0,""neckline_distance_pct"":0.07933333333333342,""base_bars"":48},""pattern_geometry_features"":{""low_similarity_pct"":0.045906132237067486,""bounce_pct"":0.13534361851332408,""right_bottom_reaction"":0.8833333333333331,""atr_pct"":0.07692205196535645},""_schema_version"":""1.0""}",,,,,,,,,,
20260508T195117Z-64671e,2026-05-08T19:51:17.654677+00:00,UEC,cup_with_handle,breakout_confirmed,54.84,62.0,57.4,49.5,43.7,24.1,72.8,39.6,84.0,91.5,8.68,17.23,3.96,5.24,3.14,5.83,1.98,4.2,4.58,False,,15.01,14.61,12.7755,17.565,"{""trend"":{""T1_ema_stack"":{""value"":[true,true,true],""score"":100.0},""T2_ema50_slope"":{""value"":0.11985865240724772,""score"":69.97644206787461},""T3_high_proximity"":{""value"":0.8777777777777777,""score"":38.88888888888881},""T4_rs_1m"":{""value"":0.010957257493459105,""score"":60.9572574934591},""T5_rs_3m"":{""value"":-0.13591424988500644,""score"":0},""T6_adr_healthy"":{""value"":6.769224071056028,""score"":100.0},""_score"":62.02},""geometry"":{""sub_cup_depth"":100.0,""sub_cup_duration"":84.0,""sub_rim_symmetry"":67.3,""sub_handle_shallowness"":6.5,""sub_handle_proportion"":65.1,""sub_u_shape"":23.8,""_score"":57.44},""compression"":{""VC1_atr_ratio"":{""value"":0.6419638959504915,""score"":89.50902601237712},""VC2_range_contraction"":{""value"":1.1159755518830456,""score"":0},""VC3_range_pct_rank"":{""score"":55.00000000000001},""_score"":49.55},""sr_quality"":{""SR1_touches"":{""value"":2,""score"":25.0},""SR2_tightness"":{""value"":0.21999999999999975,""score"":61.89156417807038},""SR3_recency"":{""value"":238,""score"":0.0},""SR4_price_location"":{""score"":59.67384560843756},""SR5_reaction"":{""value"":1.595790750043304,""score"":79.7895375021652},""_score"":43.67,""_levels_found"":5,""_target_level"":15.4},""volume"":{""V1_rvol_day"":{""value"":0.6111069783535437,""score"":7.407131890236244},""V2_rvol_sameslot"":{""value"":0.9809547606938944,""score"":32.0636507129263,""status"":""ok""},""V3_breakout_bar"":{""value"":0.8210280873095187,""score"":21.401872487301247},""V4_base_dryup"":{""value"":0.9555394113407147,""score"":54.44605886592853},""V5_bo_expansion"":{""value"":0.6111069783535437,""score"":0},""_score"":24.13},""readiness"":{""_distance_atr"":-0.346,""BR1_atr_distance"":{""score"":100.0},""BR2_compression"":{""score"":61.40956561025879},""BR3_retest"":{""score"":50.0},""BR4_bo_age"":{""score"":50.0},""_score"":72.85},""risk"":{""R1_stop_clarity"":{""score"":66.30001732201637},""R2_stop_distance_pct"":{""value"":14.887075283144563,""score"":0.0},""R3_stop_distance_atr"":{""value"":1.9353455742248382,""score"":100.0},""R4_rr_potential"":{""value"":1.1434069499451789,""score"":7.170347497258945},""_score"":39.64},""market"":{""M1_spy_regime"":{""score"":100.0},""M3_earnings_risk"":{""value"":null,""score"":80.0},""M4_vix"":{""value"":null,""score"":60.0},""_score"":84.0},""liquidity"":{""L1_price"":{""value"":15.01,""score"":100.0},""L2_dollar_vol"":{""value"":80463314.29109947,""score"":95.27989586160768},""L3_spread_proxy"":{""value"":0.06595602931379083,""score"":34.04397068620918},""L4_volume_zscore"":{""value"":-1.726024054468387,""score"":100.0},""_score"":91.52},""pattern_structure"":{""left_rim"":14.375,""left_rim_idx"":73,""cup_bottom"":11.42,""cup_bottom_idx"":83,""right_rim"":14.61,""right_rim_idx"":157,""handle_low"":12.97,""handle_bars"":22,""cup_bars"":84,""structural_low"":12.97,""current_price"":15.01,""neckline_distance_pct"":-0.026648900732844795,""base_bars"":106},""pattern_geometry_features"":{""cup_depth_pct"":0.20556521739130434,""rim_symmetry_pct"":0.016347826086956483,""handle_depth_pct"":0.11225188227241607,""handle_to_cup_ratio"":0.2619047619047619,""cup_duration_bars"":84.0,""atr_pct"":0.07692205196535645,""u_shape_score"":0.11904761904761904},""_schema_version"":""1.0""}",,,,,,,,,,
20260508T195117Z-64671e,2026-05-08T19:51:17.654677+00:00,RKLB,vcp,breakout_confirmed,54.82,100.0,47.3,4.2,36.9,70.9,38.3,39.6,84.0,82.5,15.0,11.83,0.5,4.43,9.22,2.68,1.98,5.04,4.12,False,,102.5376,93.1,72.8802,118.69,"{""trend"":{""T1_ema_stack"":{""value"":[true,true,true],""score"":100.0},""T2_ema50_slope"":{""value"":0.3564436879031887,""score"":100},""T3_high_proximity"":{""value"":1.0,""score"":99.99999999999997},""T4_rs_1m"":{""value"":0.452509947783593,""score"":100},""T5_rs_3m"":{""value"":0.350776169316118,""score"":100},""T6_adr_healthy"":{""value"":7.4842009612336975,""score"":100.0},""_score"":100.0},""geometry"":{""sub_contraction_count"":100.0,""sub_reduction_rate"":0,""sub_pivot_tightness"":0,""sub_volume_dryup"":15.5,""sub_base_depth"":100.0,""sub_base_duration"":100.0,""_score"":47.33},""compression"":{""VC1_atr_ratio"":{""value"":0.9642241085263766,""score"":8.943972868405842},""VC2_range_contraction"":{""value"":1.0858867481070626,""score"":0},""VC3_range_pct_rank"":{""score"":2.500000000000002},""_score"":4.2},""sr_quality"":{""SR1_touches"":{""value"":2,""score"":25.0},""SR2_tightness"":{""value"":1.6149999999999949,""score"":56.848756896851306},""SR3_recency"":{""value"":235,""score"":0.0},""SR4_price_location"":{""score"":30.0},""SR5_reaction"":{""value"":1.7848316032757534,""score"":89.24158016378767},""_score"":36.91,""_levels_found"":7,""_target_level"":91.485},""volume"":{""V1_rvol_day"":{""value"":2.7435847600643064,""score"":100},""V2_rvol_sameslot"":{""value"":2.9171359434422497,""score"":100,""status"":""ok""},""V3_breakout_bar"":{""value"":0.8055320960452571,""score"":20.36880640301714},""V4_base_dryup"":{""value"":0.9580037604748095,""score"":54.19962395251905},""V5_bo_expansion"":{""value"":2.7435847600643064,""score"":100},""_score"":70.93},""readiness"":{""_distance_atr"":-1.261,""BR1_atr_distance"":{""score"":34.783642606174766},""BR2_compression"":{""score"":27.639141146369173},""BR3_retest"":{""score"":50.0},""BR4_bo_age"":{""score"":50.0},""_score"":38.32},""risk"":{""R1_stop_clarity"":{""score"":70.34587792072477},""R2_stop_distance_pct"":{""value"":28.92348757919046,""score"":0.0},""R3_stop_distance_atr"":{""value"":3.962092367707372,""score"":100.0},""R4_rr_potential"":{""value"":0.5446321244746262,""score"":0.0},""_score"":39.62},""market"":{""M1_spy_regime"":{""score"":100.0},""M3_earnings_risk"":{""value"":null,""score"":80.0},""M4_vix"":{""value"":null,""score"":60.0},""_score"":84.0},""liquidity"":{""L1_price"":{""value"":102.5376,""score"":100.0},""L2_dollar_vol"":{""value"":6768697290.180669,""score"":100.0},""L3_spread_proxy"":{""value"":0.16901117248697062,""score"":0},""L4_volume_zscore"":{""value"":3.6399768322669117,""score"":70.0},""_score"":82.5},""pattern_structure"":{""n_contractions"":5,""contractions_pct"":[19.65,18.03,10.21,25.22,20.53],""descending_strict"":false,""final_low"":73.99,""final_pivot"":93.1,""structural_low"":73.99,""dry_up_ratio"":0.9225470358389829,""current_price"":102.5376,""neckline_distance_pct"":-0.09204038323502796,""base_bars"":70},""pattern_geometry_features"":{""contraction_count"":5.0,""first_contraction_pct"":0.19652540670817426,""last_contraction_pct"":0.20526315789473684,""dry_up_ratio"":0.9225470358389829,""near_monotone"":0.0,""base_depth_pct"":0.2569793131150834},""_schema_version"":""1.0""}",,,,,,,,,,
20260508T195117Z-64671e,2026-05-08T19:51:17.654677+00:00,TXN,vcp,breakout_confirmed,54.7,100.0,41.3,59.0,49.3,26.4,29.9,18.2,84.0,98.2,14.99,10.33,7.08,5.91,3.44,2.09,0.91,5.04,4.91,False,,289.24,198.97,182.1708,206.945,"{""trend"":{""T1_ema_stack"":{""value"":[true,true,true],""score"":100.0},""T2_ema50_slope"":{""value"":0.6440762946784538,""score"":100},""T3_high_proximity"":{""value"":0.9993090105030404,""score"":99.65450525152019},""T4_rs_1m"":{""value"":0.2615634407972647,""score"":100},""T5_rs_3m"":{""value"":0.23912205657377816,""score"":100},""T6_adr_healthy"":{""value"":3.1463031912650847,""score"":100.0},""_score"":99.95},""geometry"":{""sub_contraction_count"":100.0,""sub_reduction_rate"":0,""sub_pivot_tightness"":42.1,""sub_volume_dryup"":0,""sub_base_depth"":0.0,""sub_base_duration"":100.0,""_score"":41.31},""compression"":{""VC1_atr_ratio"":{""value"":0.5607731974325193,""score"":100},""VC2_range_contraction"":{""value"":1.0152486995623702,""score"":0},""VC3_range_pct_rank"":{""score"":75.83333333333333},""_score"":58.96},""sr_quality"":{""SR1_touches"":{""value"":4,""score"":75.0},""SR2_tightness"":{""value"":2.6941881894181074,""score"":53.52332370556046},""SR3_recency"":{""value"":275,""score"":0.0},""SR4_price_location"":{""score"":30.0},""SR5_reaction"":{""value"":1.4970387297065348,""score"":74.85193648532675},""_score"":49.26,""_levels_found"":5,""_target_level"":228.58},""volume"":{""V1_rvol_day"":{""value"":0.5064049393126601,""score"":0.42699595417733754},""V2_rvol_sameslot"":{""value"":0.8895213083611585,""score"":25.968087224077234,""status"":""ok""},""V3_breakout_bar"":{""value"":1.0547208823878458,""score"":36.98139215918972},""V4_base_dryup"":{""value"":0.903831183536362,""score"":59.616881646363794},""V5_bo_expansion"":{""value"":0.50640493931266,""score"":0},""_score"":26.45},""readiness"":{""_distance_atr"":-7.786,""BR1_atr_distance"":{""score"":0},""BR2_compression"":{""score"":49.6784347849098},""BR3_retest"":{""score"":50.0},""BR4_bo_age"":{""score"":50.0},""_score"":29.92},""risk"":{""R1_stop_clarity"":{""score"":52.143493923126876},""R2_stop_distance_pct"":{""value"":37.01741633245748,""score"":0.0},""R3_stop_distance_atr"":{""value"":9.235099847762429,""score"":0.0},""R4_rr_potential"":{""value"":-0.7686152433695318,""score"":0.0},""_score"":18.25},""market"":{""M1_spy_regime"":{""score"":100.0},""M3_earnings_risk"":{""value"":null,""score"":80.0},""M4_vix"":{""value"":null,""score"":60.0},""_score"":84.0},""liquidity"":{""L1_price"":{""value"":289.24,""score"":100.0},""L2_dollar_vol"":{""value"":1233183640.1334653,""score"":100.0},""L3_spread_proxy"":{""value"":0.01832353754667397,""score"":81.67646245332602},""L4_volume_zscore"":{""value"":-0.8585516325005602,""score"":100.0},""_score"":98.17},""pattern_structure"":{""n_contractions"":5,""contractions_pct"":[2.84,5.55,15.39,5.87,7.05],""descending_strict"":false,""final_low"":184.945,""final_pivot"":198.97,""structural_low"":184.945,""dry_up_ratio"":1.0376114557830631,""current_price"":289.24,""neckline_distance_pct"":-0.3120937629650118,""base_bars"":57},""pattern_geometry_features"":{""contraction_count"":5.0,""first_contraction_pct"":0.02840555670744345,""last_contraction_pct"":0.07048801326833194,""dry_up_ratio"":1.0376114557830631,""near_monotone"":0.0,""base_depth_pct"":0.04133837860252952},""_schema_version"":""1.0""}",,,,,,,,,,
20260508T195117Z-64671e,2026-05-08T19:51:17.654677+00:00,MSFT,vcp,forming,54.52,68.8,50.5,65.1,37.3,24.1,41.5,65.0,84.0,98.9,10.32,12.63,7.81,4.48,3.14,2.9,3.25,5.04,4.95,True,risk_unclear,414.55,429.92,392.0399,515.65,"{""trend"":{""T1_ema_stack"":{""value"":[true,true,false],""score"":66.66666666666666},""T2_ema50_slope"":{""value"":0.14693081907987757,""score"":74.48846984664627},""T3_high_proximity"":{""value"":0.9575672179617482,""score"":78.78360898087405},""T4_rs_1m"":{""value"":0.027321527563057613,""score"":77.32152756305761},""T5_rs_3m"":{""value"":-0.03362596380801808,""score"":33.187018095990965},""T6_adr_healthy"":{""value"":2.4107461818800466,""score"":100.0},""_score"":68.82},""geometry"":{""sub_contraction_count"":100.0,""sub_reduction_rate"":0,""sub_pivot_tightness"":36.9,""sub_volume_dryup"":0,""sub_base_depth"":100.0,""sub_base_duration"":100.0,""_score"":50.53},""compression"":{""VC1_atr_ratio"":{""value"":0.5837956292749387,""score"":100},""VC2_range_contraction"":{""value"":0.9558465476620894,""score"":7.358908722985095},""VC3_range_pct_rank"":{""score"":90.0},""_score"":65.08},""sr_quality"":{""SR1_touches"":{""value"":2,""score"":25.0},""SR2_tightness"":{""value"":1.8899999999999864,""score"":68.00338588509176},""SR3_recency"":{""value"":231,""score"":0.0},""SR4_price_location"":{""score"":18.43087339457059},""SR5_reaction"":{""value"":2.293932917151625,""score"":100},""_score"":37.31,""_levels_found"":6,""_target_level"":431.81},""volume"":{""V1_rvol_day"":{""value"":0.6036766014852276,""score"":6.911773432348507},""V2_rvol_sameslot"":{""value"":1.0430488476813895,""score"":36.203256512092636,""status"":""ok""},""V3_breakout_bar"":{""value"":0.9639254896856659,""score"":30.928365979044397},""V4_base_dryup"":{""value"":1.1116477594597802,""score"":38.83522405402198},""V5_bo_expansion"":{""value"":0.6036766014852276,""score"":0},""_score"":24.12},""readiness"":{""_distance_atr"":1.301,""BR1_atr_distance"":{""score"":13.2649102387754},""BR2_compression"":{""score"":74.64499791652256},""BR3_retest"":{""score"":50.0},""BR4_bo_age"":{""score"":50.0},""_score"":41.47},""risk"":{""R1_stop_clarity"":{""score"":0},""R2_stop_distance_pct"":{""value"":5.43002050416114,""score"":100.0},""R3_stop_distance_atr"":{""value"":1.9054195323246228,""score"":100.0},""R4_rr_potential"":{""value"":4.491307254727314,""score"":100.0},""_score"":65.0},""market"":{""M1_spy_regime"":{""score"":100.0},""M3_earnings_risk"":{""value"":null,""score"":80.0},""M4_vix"":{""value"":null,""score"":60.0},""_score"":84.0},""liquidity"":{""L1_price"":{""value"":414.55,""score"":100.0},""L2_dollar_vol"":{""value"":8816564386.902866,""score"":100.0},""L3_spread_proxy"":{""value"":0.01071040887709564,""score"":89.28959112290435},""L4_volume_zscore"":{""value"":-1.2955717790744903,""score"":100.0},""_score"":98.93},""pattern_structure"":{""n_contractions"":5,""contractions_pct"":[18.9,6.88,13.74,5.14,7.42],""descending_strict"":false,""final_low"":398.01,""final_pivot"":429.92,""structural_low"":398.01,""dry_up_ratio"":1.0160582697067035,""current_price"":414.55,""neckline_distance_pct"":0.03707634784706309,""base_bars"":64},""pattern_geometry_features"":{""contraction_count"":5.0,""first_contraction_pct"":0.1889858188282962,""last_contraction_pct"":0.07422311127651662,""dry_up_ratio"":1.0160582697067035,""near_monotone"":0.0,""base_depth_pct"":0.17722330177368012},""_schema_version"":""1.0""}",,,,,,,,,,
20260508T195117Z-64671e,2026-05-08T19:51:17.654677+00:00,MSFT,double_bottom,forming,54.51,68.8,54.1,65.1,37.3,27.1,43.1,54.4,84.0,98.9,10.32,13.53,5.21,5.22,3.52,3.45,3.26,5.04,4.95,True,risk_unclear,414.55,429.19,408.1446,444.02,"{""trend"":{""T1_ema_stack"":{""value"":[true,true,false],""score"":66.66666666666666},""T2_ema50_slope"":{""value"":0.14693081907987757,""score"":74.48846984664627},""T3_high_proximity"":{""value"":0.9575672179617482,""score"":78.78360898087405},""T4_rs_1m"":{""value"":0.027321527563057613,""score"":77.32152756305761},""T5_rs_3m"":{""value"":-0.03362596380801808,""score"":33.187018095990965},""T6_adr_healthy"":{""value"":2.4107461818800466,""score"":100.0},""_score"":68.82},""geometry"":{""sub_low_similarity"":63.9,""sub_bounce_quality"":8.3,""sub_separation_fit"":0.0,""sub_right_bottom_reaction"":88.6,""sub_base_context"":100.0,""_score"":54.12},""compression"":{""VC1_atr_ratio"":{""value"":0.5837956292749387,""score"":100},""VC2_range_contraction"":{""value"":0.9558465476620894,""score"":7.358908722985095},""VC3_range_pct_rank"":{""score"":90.0},""_score"":65.08},""sr_quality"":{""SR1_touches"":{""value"":2,""score"":25.0},""SR2_tightness"":{""value"":1.8899999999999864,""score"":68.00338588509176},""SR3_recency"":{""value"":231,""score"":0.0},""SR4_price_location"":{""score"":18.43087339457059},""SR5_reaction"":{""value"":2.293932917151625,""score"":100},""_score"":37.31,""_levels_found"":6,""_target_level"":431.81},""volume"":{""V1_rvol_day"":{""value"":0.6036766014852276,""score"":6.911773432348507},""V2_rvol_sameslot"":{""value"":1.0430488476813895,""score"":36.203256512092636,""status"":""ok""},""V3_breakout_bar"":{""value"":0.9639254896856659,""score"":30.928365979044397},""V4_base_dryup"":{""value"":0.9632057228821403,""score"":53.67942771178596},""V5_bo_expansion"":{""value"":0.6036766014852276,""score"":0},""_score"":27.09},""readiness"":{""_distance_atr"":1.239,""BR1_atr_distance"":{""score"":17.384403766797234},""BR2_compression"":{""score"":74.64499791652256},""BR3_retest"":{""score"":50.0},""BR4_bo_age"":{""score"":50.0},""_score"":43.12},""risk"":{""R1_stop_clarity"":{""score"":0},""R2_stop_distance_pct"":{""value"":1.5451453383186553,""score"":88.62863345796639},""R3_stop_distance_atr"":{""value"":0.5421987091313077,""score"":52.109935456565395},""R4_rr_potential"":{""value"":4.600805570300065,""score"":100.0},""_score"":54.41},""market"":{""M1_spy_regime"":{""score"":100.0},""M3_earnings_risk"":{""value"":null,""score"":80.0},""M4_vix"":{""value"":null,""score"":60.0},""_score"":84.0},""liquidity"":{""L1_price"":{""value"":414.55,""score"":100.0},""L2_dollar_vol"":{""value"":8816564386.902866,""score"":100.0},""L3_spread_proxy"":{""value"":0.01071040887709564,""score"":89.28959112290435},""L4_volume_zscore"":{""value"":-1.2955717790744903,""score"":100.0},""_score"":98.93},""pattern_structure"":{""left_low"":421.9,""left_idx"":26,""right_low"":414.36,""right_idx"":75,""separation_bars"":49,""structural_low"":414.36,""current_price"":414.83,""neckline_distance_pct"":0.03461658992840444,""base_bars"":49},""pattern_geometry_features"":{""low_similarity_pct"":0.018032669265539338,""bounce_pct"":0.03579013418283614,""right_bottom_reaction"":0.8858131487889324,""atr_pct"":0.028497768664817267},""_schema_version"":""1.0""}",,,,,,,,,,
20260508T195117Z-64671e,2026-05-08T19:51:17.654677+00:00,KLAC,ascending_triangle,setup,54.25,86.6,41.1,35.7,45.3,43.8,68.0,32.6,84.0,70.5,12.99,11.5,2.86,6.34,5.25,5.44,1.3,5.04,3.53,False,,1866.1,1824.79,1651.6381,1972.79,"{""trend"":{""T1_ema_stack"":{""value"":[true,true,true],""score"":100.0},""T2_ema50_slope"":{""value"":0.46193814918368703,""score"":100},""T3_high_proximity"":{""value"":0.9643927648578811,""score"":82.19638242894051},""T4_rs_1m"":{""value"":-0.0034823959115497516,""score"":46.51760408845025},""T5_rs_3m"":{""value"":0.226197715392908,""score"":100},""T6_adr_healthy"":{""value"":3.5698926196259375,""score"":100.0},""_score"":86.63},""geometry"":{""sub_flat_top_quality"":33.3,""sub_hl_slope"":53.6,""sub_compression"":0,""sub_duration"":100.0,""_score"":41.07},""compression"":{""VC1_atr_ratio"":{""value"":0.7056480374480337,""score"":73.58799063799157},""VC2_range_contraction"":{""value"":1.2328249597689342,""score"":0},""VC3_range_pct_rank"":{""score"":25.0},""_score"":35.69},""sr_quality"":{""SR1_touches"":{""value"":3,""score"":50.0},""SR2_tightness"":{""value"":19.994086742501274,""score"":51.82842156659553},""SR3_recency"":{""value"":229,""score"":0.0},""SR4_price_location"":{""score"":30.0},""SR5_reaction"":{""value"":2.9307381824622247,""score"":100},""_score"":45.27,""_levels_found"":6,""_target_level"":1673.287},""volume"":{""V1_rvol_day"":{""value"":0.8466671591576913,""score"":23.111143943846088},""V2_rvol_sameslot"":{""value"":1.5788516939411317,""score"":71.9234462627421,""status"":""ok""},""V3_breakout_bar"":{""value"":1.2146242679875412,""score"":47.641617865836075},""V4_base_dryup"":{""value"":0.8581039895870789,""score"":64.18960104129211},""V5_bo_expansion"":{""value"":0.8466671591576913,""score"":0},""_score"":43.76},""readiness"":{""_distance_atr"":-0.498,""BR1_atr_distance"":{""score"":100.0},""BR2_compression"":{""score"":41.939122222944846},""BR3_retest"":{""score"":50.0},""BR4_bo_age"":{""score"":50.0},""_score"":67.98},""risk"":{""R1_stop_clarity"":{""score"":39.40186763095686},""R2_stop_distance_pct"":{""value"":11.492516478216597,""score"":12.687088044585071},""R3_stop_distance_atr"":{""value"":2.583505303667501,""score"":100.0},""R4_rr_potential"":{""value"":0.49747775653338855,""score"":0.0},""_score"":32.6},""market"":{""M1_spy_regime"":{""score"":100.0},""M3_earnings_risk"":{""value"":null,""score"":80.0},""M4_vix"":{""value"":null,""score"":60.0},""_score"":84.0},""liquidity"":{""L1_price"":{""value"":1866.1,""score"":0.0},""L2_dollar_vol"":{""value"":1590235138.5472322,""score"":100.0},""L3_spread_proxy"":{""value"":0.0450458174803065,""score"":54.954182519693504},""L4_volume_zscore"":{""value"":-0.5013111044478502,""score"":100.0},""_score"":70.5},""pattern_structure"":{""top"":1824.79,""top_touches"":2,""low_slope_per_bar"":2.694193107221016,""lowest_low"":1676.79,""structural_low"":1676.79,""current_price"":1866.46,""neckline_distance_pct"":-0.02232568605809933,""base_bars"":34},""pattern_geometry_features"":{""top_touches"":2.0,""low_slope"":2.694193107221016,""compression"":-0.15967200683402494,""atr_pct"":0.044484199284987},""_schema_version"":""1.0""}",,,,,,,,,,
20260508T195117Z-64671e,2026-05-08T19:51:17.654677+00:00,BA,double_bottom,forming,54.24,66.0,51.7,54.6,42.5,23.8,67.7,45.0,84.0,97.1,9.89,12.93,4.37,5.95,3.1,5.41,2.7,5.04,4.86,True,risk_unclear,236.59,236.63,223.6639,246.19,"{""trend"":{""T1_ema_stack"":{""value"":[true,true,true],""score"":100.0},""T2_ema50_slope"":{""value"":0.141159703477654,""score"":73.52661724627566},""T3_high_proximity"":{""value"":0.9668178660455232,""score"":83.40893302276159},""T4_rs_1m"":{""value"":-0.00874816334097539,""score"":41.25183665902461},""T5_rs_3m"":{""value"":-0.09355447524904914,""score"":3.222762375475426},""T6_adr_healthy"":{""value"":2.707608175197961,""score"":100.0},""_score"":65.95},""geometry"":{""sub_low_similarity"":77.8,""sub_bounce_quality"":17.3,""sub_separation_fit"":0.0,""sub_right_bottom_reaction"":32.7,""sub_base_context"":100.0,""_score"":51.7},""compression"":{""VC1_atr_ratio"":{""value"":0.5569142616238738,""score"":100},""VC2_range_contraction"":{""value"":0.892376531056859,""score"":17.937244823856837},""VC3_range_pct_rank"":{""score"":33.333333333333336},""_score"":54.61},""sr_quality"":{""SR1_touches"":{""value"":2,""score"":25.0},""SR2_tightness"":{""value"":0.4749999999999943,""score"":85.94526048821743},""SR3_recency"":{""value"":233,""score"":0.0},""SR4_price_location"":{""score"":30.0},""SR5_reaction"":{""value"":1.946211560815807,""score"":97.31057804079035},""_score"":42.49,""_levels_found"":4,""_target_level"":235.975},""volume"":{""V1_rvol_day"":{""value"":0.853768492348544,""score"":23.5845661565696},""V2_rvol_sameslot"":{""value"":1.0114908563458636,""score"":34.09939042305757,""status"":""ok""},""V3_breakout_bar"":{""value"":0.5693936028285638,""score"":4.626240188570918},""V4_base_dryup"":{""value"":0.9441264904276349,""score"":55.58735095723652},""V5_bo_expansion"":{""value"":0.853768492348544,""score"":0},""_score"":23.81},""readiness"":{""_distance_atr"":0.006,""BR1_atr_distance"":{""score"":99.60548099616057},""BR2_compression"":{""score"":41.29698789479471},""BR3_retest"":{""score"":50.0},""BR4_bo_age"":{""score"":50.0},""_score"":67.67},""risk"":{""R1_stop_clarity"":{""score"":0},""R2_stop_distance_pct"":{""value"":5.463481127689253,""score"":100.0},""R3_stop_distance_atr"":{""value"":1.912339638592413,""score"":100.0},""R4_rr_potential"":{""value"":0.7426862808050403,""score"":0.0},""_score"":45.0},""market"":{""M1_spy_regime"":{""score"":100.0},""M3_earnings_risk"":{""value"":null,""score"":80.0},""M4_vix"":{""value"":null,""score"":60.0},""_score"":84.0},""liquidity"":{""L1_price"":{""value"":236.59,""score"":100.0},""L2_dollar_vol"":{""value"":1255154036.9140291,""score"":100.0},""L3_spread_proxy"":{""value"":0.028678304239401483,""score"":71.32169576059852},""L4_volume_zscore"":{""value"":-0.32405676182250015,""score"":100.0},""_score"":97.13},""pattern_structure"":{""left_low"":227.07,""left_idx"":28,""right_low"":229.6,""right_idx"":73,""separation_bars"":45,""structural_low"":227.07,""current_price"":236.735,""neckline_distance_pct"":-0.0004435339092234701,""base_bars"":45},""pattern_geometry_features"":{""low_similarity_pct"":0.01108021109334969,""bounce_pct"":0.04210155458669134,""right_bottom_reaction"":0.32706766917293095,""atr_pct"":0.02856961711942903},""_schema_version"":""1.0""}",,,,,,,,,,
20260508T195117Z-64671e,2026-05-08T19:51:17.654677+00:00,GOOG,vcp,breakout_confirmed,54.21,100.0,50.8,46.2,40.2,26.1,39.3,0.4,84.0,98.9,15.0,12.69,5.55,4.82,3.39,2.75,0.02,5.04,4.95,True,risk_unclear,396.66,339.985,324.6855,360.505,"{""trend"":{""T1_ema_stack"":{""value"":[true,true,true],""score"":100.0},""T2_ema50_slope"":{""value"":0.3744174949240964,""score"":100},""T3_high_proximity"":{""value"":1.0,""score"":99.99999999999997},""T4_rs_1m"":{""value"":0.16992108418291996,""score"":100},""T5_rs_3m"":{""value"":0.16061376309102537,""score"":100},""T6_adr_healthy"":{""value"":2.2020796240118483,""score"":100.0},""_score"":100.0},""geometry"":{""sub_contraction_count"":100.0,""sub_reduction_rate"":0,""sub_pivot_tightness"":99.3,""sub_volume_dryup"":0,""sub_base_depth"":8.6,""sub_base_duration"":100.0,""_score"":50.75},""compression"":{""VC1_atr_ratio"":{""value"":0.7771875891705631,""score"":55.70310270735923},""VC2_range_contraction"":{""value"":1.1202814536573926,""score"":0},""VC3_range_pct_rank"":{""score"":95.83333333333334},""_score"":46.24},""sr_quality"":{""SR1_touches"":{""value"":2,""score"":25.0},""SR2_tightness"":{""value"":0.6074999999999875,""score"":87.86603416913388},""SR3_recency"":{""value"":238,""score"":0.0},""SR4_price_location"":{""score"":30.0},""SR5_reaction"":{""value"":1.5986325213111257,""score"":79.93162606555629},""_score"":40.17,""_levels_found"":5,""_target_level"":340.5925},""volume"":{""V1_rvol_day"":{""value"":0.46176807779398843,""score"":0},""V2_rvol_sameslot"":{""value"":0.9606239377952579,""score"":30.70826251968386,""status"":""ok""},""V3_breakout_bar"":{""value"":0.963960512435793,""score"":30.930700829052864},""V4_base_dryup"":{""value"":0.8886953196727211,""score"":61.13046803272789},""V5_bo_expansion"":{""value"":0.46176807779398843,""score"":0},""_score"":26.1},""readiness"":{""_distance_atr"":-5.66,""BR1_atr_distance"":{""score"":0},""BR2_compression"":{""score"":87.18950605069536},""BR3_retest"":{""score"":50.0},""BR4_bo_age"":{""score"":50.0},""_score"":39.3},""risk"":{""R1_stop_clarity"":{""score"":1.241502300531053},""R2_stop_distance_pct"":{""value"":18.145124287803167,""score"":0.0},""R3_stop_distance_atr"":{""value"":7.187946641937447,""score"":0.0},""R4_rr_potential"":{""value"":-0.5023310355271906,""score"":0.0},""_score"":0.43},""market"":{""M1_spy_regime"":{""score"":100.0},""M3_earnings_risk"":{""value"":null,""score"":80.0},""M4_vix"":{""value"":null,""score"":60.0},""_score"":84.0},""liquidity"":{""L1_price"":{""value"":396.66,""score"":100.0},""L2_dollar_vol"":{""value"":3321802492.8264604,""score"":100.0},""L3_spread_proxy"":{""value"":0.010916149851257963,""score"":89.08385014874204},""L4_volume_zscore"":{""value"":-1.280643500099742,""score"":100.0},""_score"":98.91},""pattern_structure"":{""n_contractions"":5,""contractions_pct"":[12.35,7.99,3.63,12.62,3.05],""descending_strict"":false,""final_low"":329.63,""final_pivot"":339.985,""structural_low"":329.63,""dry_up_ratio"":1.2251830843601266,""current_price"":396.66,""neckline_distance_pct"":-0.14288055261432966,""base_bars"":53},""pattern_geometry_features"":{""contraction_count"":5.0,""first_contraction_pct"":0.1234613736969869,""last_contraction_pct"":0.030457226054090673,""dry_up_ratio"":1.2251830843601266,""near_monotone"":0.0,""base_depth_pct"":0.058603455661859157},""_schema_version"":""1.0""}",,,,,,,,,,
20260508T195117Z-64671e,2026-05-08T19:51:17.654677+00:00,AVGO,bull_flag,absent,54.17,100.0,38.5,32.1,60.6,25.9,49.2,60.1,84.0,95.1,14.0,11.56,2.89,6.06,3.63,4.43,1.8,5.04,4.75,True,risk_unclear,428.175,437.68,400.2055,477.86,"{""trend"":{""T1_ema_stack"":{""value"":[true,true,true],""score"":100.0},""T2_ema50_slope"":{""value"":0.5495038353281168,""score"":100},""T3_high_proximity"":{""value"":1.0,""score"":99.99999999999997},""T4_rs_1m"":{""value"":0.12256857589079839,""score"":100},""T5_rs_3m"":{""value"":0.21906409944682514,""score"":100},""T6_adr_healthy"":{""value"":3.0314671322642206,""score"":100.0},""_score"":100.0},""geometry"":{""sub_pole_impulse"":45.1,""sub_flag_tightness"":0,""sub_flag_shallowness"":0,""sub_flag_drift"":100,""sub_flag_duration"":100.0,""_score"":38.53},""compression"":{""VC1_atr_ratio"":{""value"":0.7184793027259394,""score"":70.38017431851515},""VC2_range_contraction"":{""value"":1.1238711010608327,""score"":0},""VC3_range_pct_rank"":{""score"":15.833333333333332},""_score"":32.11},""sr_quality"":{""SR1_touches"":{""value"":5,""score"":100},""SR2_tightness"":{""value"":3.5435157682731018,""score"":54.067641570295244},""SR3_recency"":{""value"":265,""score"":0.0},""SR4_price_location"":{""score"":30.0},""SR5_reaction"":{""value"":1.9977589916017728,""score"":99.88794958008864},""_score"":60.59,""_levels_found"":5,""_target_level"":355.776},""volume"":{""V1_rvol_day"":{""value"":0.7378418403907423,""score"":15.856122692716154},""V2_rvol_sameslot"":{""value"":0.9848900510959598,""score"":32.32600340639733,""status"":""ok""},""V3_breakout_bar"":{""value"":0.6361860795916061,""score"":9.07907197277374},""V4_base_dryup"":{""value"":0.7993808948187042,""score"":70.06191051812958},""V5_bo_expansion"":{""value"":0.7378418403907423,""score"":0},""_score"":25.92},""readiness"":{""_distance_atr"":0.616,""BR1_atr_distance"":{""score"":58.930894679672896},""BR2_compression"":{""score"":32.61100776190625},""BR3_retest"":{""score"":50.0},""BR4_bo_age"":{""score"":50.0},""_score"":49.23},""risk"":{""R1_stop_clarity"":{""score"":21.000843016917543},""R2_stop_distance_pct"":{""value"":6.5322590062474415,""score"":100.0},""R3_stop_distance_atr"":{""value"":1.8127548783643694,""score"":100.0},""R4_rr_potential"":{""value"":1.7763992920860234,""score"":38.81996460430117},""_score"":60.11},""market"":{""M1_spy_regime"":{""score"":100.0},""M3_earnings_risk"":{""value"":null,""score"":80.0},""M4_vix"":{""value"":null,""score"":60.0},""_score"":84.0},""liquidity"":{""L1_price"":{""value"":428.175,""score"":100.0},""L2_dollar_vol"":{""value"":6376425156.474316,""score"":100.0},""L3_spread_proxy"":{""value"":0.04904536696444211,""score"":50.95463303555789},""L4_volume_zscore"":{""value"":-1.2217239766277999,""score"":100.0},""_score"":95.1},""pattern_structure"":{""pole_low"":397.5,""pole_low_idx"":17,""peak_price"":437.68,""peak_idx"":42,""pole_gain"":0.10108176100628932,""flag_bars"":17,""flag_low"":406.3,""flag_high"":435.0,""structural_low"":406.3,""current_price"":427.68,""neckline_distance_pct"":0.023381967826412272,""base_bars"":17},""pattern_geometry_features"":{""pole_gain"":0.10108176100628932,""pullback_pct"":0.0716962164138183,""flag_range_pct"":0.06557302138548708,""flag_drift_per_bar"":0.0007671600720348306,""atr_pct"":0.03603498235868179,""pole_atr_multiple"":2.8051008878026},""_schema_version"":""1.0""}",,,,,,,,,,
20260508T195117Z-64671e,2026-05-08T19:51:17.654677+00:00,TSM,bull_flag,absent,54.17,95.2,31.0,45.2,42.9,55.7,39.8,65.2,84.0,96.1,13.33,9.31,4.07,4.29,7.8,3.58,1.96,5.04,4.8,True,risk_unclear,409.1081,420.0,394.8668,447.87,"{""trend"":{""T1_ema_stack"":{""value"":[true,true,true],""score"":100.0},""T2_ema50_slope"":{""value"":0.3322772581813386,""score"":100},""T3_high_proximity"":{""value"":0.9752278903456495,""score"":87.61394517282473},""T4_rs_1m"":{""value"":0.0354773912211912,""score"":85.4773912211912},""T5_rs_3m"":{""value"":0.105677864012091,""score"":100},""T6_adr_healthy"":{""value"":2.9854915029570455,""score"":100.0},""_score"":95.24},""geometry"":{""sub_pole_impulse"":23.1,""sub_flag_tightness"":0,""sub_flag_shallowness"":0,""sub_flag_drift"":94.0,""sub_flag_duration"":100.0,""_score"":31.03},""compression"":{""VC1_atr_ratio"":{""value"":0.5432723597647457,""score"":100},""VC2_range_contraction"":{""value"":1.1163446738549345,""score"":0},""VC3_range_pct_rank"":{""score"":20.833333333333336},""_score"":45.21},""sr_quality"":{""SR1_touches"":{""value"":2,""score"":25.0},""SR2_tightness"":{""value"":1.0800000000000125,""score"":85.70660828307706},""SR3_recency"":{""value"":241,""score"":0.0},""SR4_price_location"":{""score"":30.0},""SR5_reaction"":{""value"":2.6307119801215966,""score"":100},""_score"":42.86,""_levels_found"":5,""_target_level"":381.08},""volume"":{""V1_rvol_day"":{""value"":1.0952578125927368,""score"":39.683854172849124},""V2_rvol_sameslot"":{""value"":2.530169052229984,""score"":100,""status"":""ok""},""V3_breakout_bar"":{""value"":1.530453454391141,""score"":68.6968969594094},""V4_base_dryup"":{""value"":1.01929767961171,""score"":48.070232038829005},""V5_bo_expansion"":{""value"":1.0952578125927368,""score"":6.350520839515787},""_score"":55.68},""readiness"":{""_distance_atr"":0.721,""BR1_atr_distance"":{""score"":51.949940357545835},""BR2_compression"":{""score"":5.968082282889994},""BR3_retest"":{""score"":50.0},""BR4_bo_age"":{""score"":50.0},""_score"":39.77},""risk"":{""R1_stop_clarity"":{""score"":20.417571229444633},""R2_stop_distance_pct"":{""value"":3.481060384773601,""score"":100.0},""R3_stop_distance_atr"":{""value"":0.9423911086028326,""score"":72.11955543014163},""R4_rr_potential"":{""value"":2.7217950608441726,""score"":86.08975304220863},""_score"":65.18},""market"":{""M1_spy_regime"":{""score"":100.0},""M3_earnings_risk"":{""value"":null,""score"":80.0},""M4_vix"":{""value"":null,""score"":60.0},""_score"":84.0},""liquidity"":{""L1_price"":{""value"":409.1081,""score"":100.0},""L2_dollar_vol"":{""value"":6493411672.291707,""score"":100.0},""L3_spread_proxy"":{""value"":0.03940278865170356,""score"":60.59721134829644},""L4_volume_zscore"":{""value"":0.3207209540306835,""score"":100.0},""_score"":96.06},""pattern_structure"":{""pole_low"":392.13,""pole_low_idx"":24,""peak_price"":420.0,""peak_idx"":48,""pole_gain"":0.07107336852574403,""flag_bars"":11,""flag_low"":400.88,""flag_high"":419.8,""structural_low"":400.88,""current_price"":408.34,""neckline_distance_pct"":0.02855463584268018,""base_bars"":11},""pattern_geometry_features"":{""pole_gain"":0.07107336852574403,""pullback_pct"":0.045523809523809536,""flag_range_pct"":0.045047619047619086,""flag_drift_per_bar"":-0.0012065569244880643,""atr_pct"":0.036938595377184115,""pole_atr_multiple"":1.9240950501773535},""_schema_version"":""1.0""}",,,,,,,,,,
20260508T195117Z-64671e,2026-05-08T19:51:17.654677+00:00,UUUU,vcp,absent,54.14,81.0,45.0,42.6,51.5,27.7,44.1,64.2,84.0,90.0,12.15,11.25,5.12,6.18,3.6,3.09,3.21,5.04,4.5,False,,21.447,23.13,19.1681,27.5896,"{""trend"":{""T1_ema_stack"":{""value"":[true,true,true],""score"":100.0},""T2_ema50_slope"":{""value"":0.2844830644834034,""score"":97.41384408056723},""T3_high_proximity"":{""value"":0.9118626275510204,""score"":55.93131377551019},""T4_rs_1m"":{""value"":0.08682422336320661,""score"":100},""T5_rs_3m"":{""value"":-0.05635780973186644,""score"":21.82109513406678},""T6_adr_healthy"":{""value"":8.118802185747933,""score"":97.02994535630167},""_score"":81.0},""geometry"":{""sub_contraction_count"":100.0,""sub_reduction_rate"":0,""sub_pivot_tightness"":0,""sub_volume_dryup"":0,""sub_base_depth"":100.0,""sub_base_duration"":100.0,""_score"":45.0},""compression"":{""VC1_atr_ratio"":{""value"":0.6047097746561195,""score"":98.82255633597012},""VC2_range_contraction"":{""value"":1.0892084730494105,""score"":0},""VC3_range_pct_rank"":{""score"":12.5},""_score"":42.65},""sr_quality"":{""SR1_touches"":{""value"":3,""score"":50.0},""SR2_tightness"":{""value"":0.32484531703566244,""score"":65.32169388113576},""SR3_recency"":{""value"":234,""score"":0.0},""SR4_price_location"":{""score"":46.95611017967521},""SR5_reaction"":{""value"":2.132717214349166,""score"":100},""_score"":51.54,""_levels_found"":5,""_target_level"":23.5532},""volume"":{""V1_rvol_day"":{""value"":0.9591556261091473,""score"":30.610375073943153},""V2_rvol_sameslot"":{""value"":1.0368060697743564,""score"":35.78707131829042,""status"":""ok""},""V3_breakout_bar"":{""value"":0.5110465883561583,""score"":0.7364392237438899},""V4_base_dryup"":{""value"":0.7883750396316858,""score"":71.16249603683143},""V5_bo_expansion"":{""value"":0.9591556261091473,""score"":0},""_score"":27.7},""readiness"":{""_distance_atr"":0.898,""BR1_atr_distance"":{""score"":40.11172494252489},""BR2_compression"":{""score"":42.34962683179516},""BR3_retest"":{""score"":50.0},""BR4_bo_age"":{""score"":50.0},""_score"":44.13},""risk"":{""R1_stop_clarity"":{""score"":68.83871484290091},""R2_stop_distance_pct"":{""value"":10.625766045046198,""score"":34.35584887384504},""R3_stop_distance_atr"":{""value"":1.21640515923397,""score"":85.8202579616985},""R4_rr_potential"":{""value"":2.6954086363255354,""score"":84.77043181627677},""_score"":64.23},""market"":{""M1_spy_regime"":{""score"":100.0},""M3_earnings_risk"":{""value"":null,""score"":80.0},""M4_vix"":{""value"":null,""score"":60.0},""_score"":84.0},""liquidity"":{""L1_price"":{""value"":21.447009,""score"":100.0},""L2_dollar_vol"":{""value"":227921426.81661355,""score"":100.0},""L3_spread_proxy"":{""value"":0.1149157908219277,""score"":0},""L4_volume_zscore"":{""value"":-0.13860221182716842,""score"":100.0},""_score"":90.0},""pattern_structure"":{""n_contractions"":5,""contractions_pct"":[19.59,22.24,17.83,9.85,15.87],""descending_strict"":false,""final_low"":19.46,""final_pivot"":23.13,""structural_low"":19.46,""dry_up_ratio"":1.0713561408950905,""current_price"":21.447009,""neckline_distance_pct"":0.07847206106921471,""base_bars"":53},""pattern_geometry_features"":{""contraction_count"":5.0,""first_contraction_pct"":0.19593973143363594,""last_contraction_pct"":0.15866839602248156,""dry_up_ratio"":1.0713561408950905,""near_monotone"":0.0,""base_depth_pct"":0.1864412448368701},""_schema_version"":""1.0""}",,,,,,,,,,
20260508T195117Z-64671e,2026-05-08T19:51:17.654677+00:00,INTC,ascending_triangle,breakout_confirmed,53.89,100.0,55.0,0.0,43.8,32.5,30.9,35.8,84.0,90.0,15.0,15.4,0.0,6.13,3.9,2.48,1.43,5.04,4.5,False,,124.936,114.51,104.9814,122.4399,"{""trend"":{""T1_ema_stack"":{""value"":[true,true,true],""score"":100.0},""T2_ema50_slope"":{""value"":0.8700266597292668,""score"":100},""T3_high_proximity"":{""value"":1.0,""score"":99.99999999999997},""T4_rs_1m"":{""value"":0.9403744556065821,""score"":100},""T5_rs_3m"":{""value"":1.4025232790845672,""score"":100},""T6_adr_healthy"":{""value"":6.1852887702821135,""score"":100.0},""_score"":100.0},""geometry"":{""sub_flat_top_quality"":33.3,""sub_hl_slope"":100,""sub_compression"":0,""sub_duration"":100.0,""_score"":54.99},""compression"":{""VC1_atr_ratio"":{""value"":1.4250284006125438,""score"":0},""VC2_range_contraction"":{""value"":1.2778896940507107,""score"":0},""VC3_range_pct_rank"":{""score"":0.0},""_score"":0.0},""sr_quality"":{""SR1_touches"":{""value"":4,""score"":75.0},""SR2_tightness"":{""value"":1.7040406942030477,""score"":56.8713888038538},""SR3_recency"":{""value"":254,""score"":0.0},""SR4_price_location"":{""score"":30.0},""SR5_reaction"":{""value"":0.7054421996223443,""score"":35.27210998111722},""_score"":43.82,""_levels_found"":3,""_target_level"":48.8688},""volume"":{""V1_rvol_day"":{""value"":1.2993360152353266,""score"":53.28906768235511},""V2_rvol_sameslot"":{""value"":1.5639888406435125,""score"":70.93258937623416,""status"":""ok""},""V3_breakout_bar"":{""value"":0.7821146315132846,""score"":18.807642100885644},""V4_base_dryup"":{""value"":1.6492425861169036,""score"":0},""V5_bo_expansion"":{""value"":1.2993360152353264,""score"":19.95573434902176},""_score"":32.54},""readiness"":{""_distance_atr"":-1.319,""BR1_atr_distance"":{""score"":33.612197064265615},""BR2_compression"":{""score"":0},""BR3_retest"":{""score"":50.0},""BR4_bo_age"":{""score"":50.0},""_score"":30.94},""risk"":{""R1_stop_clarity"":{""score"":59.537483085494856},""R2_stop_distance_pct"":{""value"":15.971858791701358,""score"":0.0},""R3_stop_distance_atr"":{""value"":2.525216248048676,""score"":100.0},""R4_rr_potential"":{""value"":-0.1250889425178447,""score"":0.0},""_score"":35.84},""market"":{""M1_spy_regime"":{""score"":100.0},""M3_earnings_risk"":{""value"":null,""score"":80.0},""M4_vix"":{""value"":null,""score"":60.0},""_score"":84.0},""liquidity"":{""L1_price"":{""value"":124.936,""score"":100.0},""L2_dollar_vol"":{""value"":23745301288.42027,""score"":100.0},""L3_spread_proxy"":{""value"":0.15023692130370747,""score"":0},""L4_volume_zscore"":{""value"":0.8575052543467995,""score"":100.0},""_score"":90.0},""pattern_structure"":{""top"":114.51,""top_touches"":2,""low_slope_per_bar"":0.6448478213507621,""lowest_low"":106.5801,""structural_low"":106.5801,""current_price"":124.335,""neckline_distance_pct"":-0.07902038846664246,""base_bars"":30},""pattern_geometry_features"":{""top_touches"":2.0,""low_slope"":0.6448478213507621,""compression"":-0.74092609889958,""atr_pct"":0.06324946944264033},""_schema_version"":""1.0""}",,,,,,,,,,
20260508T195117Z-64671e,2026-05-08T19:51:17.654677+00:00,NXE,vcp,absent,53.84,61.0,46.1,57.1,52.0,31.8,35.9,78.8,84.0,89.0,9.15,11.52,6.85,6.25,4.13,2.51,3.94,5.04,4.45,False,,12.145,13.31,11.4457,15.13,"{""trend"":{""T1_ema_stack"":{""value"":[false,true,true],""score"":66.66666666666666},""T2_ema50_slope"":{""value"":0.1861657943932603,""score"":81.02763239887672},""T3_high_proximity"":{""value"":0.9131578947368421,""score"":56.578947368421005},""T4_rs_1m"":{""value"":-0.026857948574799284,""score"":23.142051425200716},""T5_rs_3m"":{""value"":0.0330348906191833,""score"":66.51744530959165},""T6_adr_healthy"":{""value"":5.091235409143047,""score"":100.0},""_score"":60.97},""geometry"":{""sub_contraction_count"":100.0,""sub_reduction_rate"":10.2,""sub_pivot_tightness"":0,""sub_volume_dryup"":0,""sub_base_depth"":85.4,""sub_base_duration"":100.0,""_score"":46.09},""compression"":{""VC1_atr_ratio"":{""value"":0.5974302072611825,""score"":100},""VC2_range_contraction"":{""value"":1.0557696635538112,""score"":0},""VC3_range_pct_rank"":{""score"":68.33333333333333},""_score"":57.08},""sr_quality"":{""SR1_touches"":{""value"":4,""score"":75.0},""SR2_tightness"":{""value"":0.0919238815542511,""score"":73.73308551450644},""SR3_recency"":{""value"":234,""score"":0.0},""SR4_price_location"":{""score"":13.942751615881727},""SR5_reaction"":{""value"":2.2323934319158263,""score"":100},""_score"":52.05,""_levels_found"":5,""_target_level"":13.31},""volume"":{""V1_rvol_day"":{""value"":0.667964549708255,""score"":11.197636647217003},""V2_rvol_sameslot"":{""value"":1.1446564379475248,""score"":42.977095863168316,""status"":""ok""},""V3_breakout_bar"":{""value"":0.8103107054561249,""score"":20.68738036374166},""V4_base_dryup"":{""value"":0.7104281530882268,""score"":78.95718469117732},""V5_bo_expansion"":{""value"":0.6679645497082549,""score"":0},""_score"":31.8},""readiness"":{""_distance_atr"":1.664,""BR1_atr_distance"":{""score"":0},""BR2_compression"":{""score"":73.65762487592872},""BR3_retest"":{""score"":50.0},""BR4_bo_age"":{""score"":50.0},""_score"":35.91},""risk"":{""R1_stop_clarity"":{""score"":50.194409576584995},""R2_stop_distance_pct"":{""value"":5.757925072046118,""score"":100.0},""R3_stop_distance_atr"":{""value"":0.9991121452407932,""score"":74.95560726203966},""R4_rr_potential"":{""value"":4.268554268554265,""score"":100.0},""_score"":78.81},""market"":{""M1_spy_regime"":{""score"":100.0},""M3_earnings_risk"":{""value"":null,""score"":80.0},""M4_vix"":{""value"":null,""score"":60.0},""_score"":84.0},""liquidity"":{""L1_price"":{""value"":12.145,""score"":100.0},""L2_dollar_vol"":{""value"":45102655.65251582,""score"":82.71010569841968},""L3_spread_proxy"":{""value"":0.04116920543433512,""score"":58.83079456566488},""L4_volume_zscore"":{""value"":-1.3748428709021785,""score"":100.0},""_score"":88.97},""pattern_structure"":{""n_contractions"":5,""contractions_pct"":[19.71,12.24,9.66,8.35,12.7],""descending_strict"":false,""final_low"":11.62,""final_pivot"":13.31,""structural_low"":11.62,""dry_up_ratio"":1.048053333800434,""current_price"":12.145,""neckline_distance_pct"":0.0959242486620009,""base_bars"":35},""pattern_geometry_features"":{""contraction_count"":5.0,""first_contraction_pct"":0.1970833333333333,""last_contraction_pct"":0.12697220135236673,""dry_up_ratio"":1.048053333800434,""near_monotone"":0.0,""base_depth_pct"":0.13541666666666669},""_schema_version"":""1.0""}",,,,,,,,,,
20260508T195117Z-64671e,2026-05-08T19:51:17.654677+00:00,QUBT,double_bottom,forming,53.78,73.4,57.7,40.5,47.7,13.7,45.5,56.0,84.0,92.3,11.01,14.41,3.24,6.68,1.78,3.64,3.36,5.04,4.61,False,,9.5393,9.88,8.5744,11.055,"{""trend"":{""T1_ema_stack"":{""value"":[true,true,false],""score"":66.66666666666666},""T2_ema50_slope"":{""value"":0.346001911164933,""score"":100},""T3_high_proximity"":{""value"":0.9119789674952199,""score"":55.989483747609924},""T4_rs_1m"":{""value"":0.32311236035100777,""score"":100},""T5_rs_3m"":{""value"":-0.055465021010367765,""score"":22.267489494816118},""T6_adr_healthy"":{""value"":7.662999062809036,""score"":100.0},""_score"":73.41},""geometry"":{""sub_low_similarity"":0.3,""sub_bounce_quality"":100,""sub_separation_fit"":60.0,""sub_right_bottom_reaction"":57.1,""sub_base_context"":100.0,""_score"":57.66},""compression"":{""VC1_atr_ratio"":{""value"":0.7257144697547712,""score"":68.5713825613072},""VC2_range_contraction"":{""value"":0.9430833256930663,""score"":9.486112384488951},""VC3_range_pct_rank"":{""score"":39.16666666666667},""_score"":40.54},""sr_quality"":{""SR1_touches"":{""value"":3,""score"":50.0},""SR2_tightness"":{""value"":0.016329931618554172,""score"":95.4929266397942},""SR3_recency"":{""value"":235,""score"":0.0},""SR4_price_location"":{""score"":13.661639962299917},""SR5_reaction"":{""value"":3.169454602805351,""score"":100},""_score"":47.74,""_levels_found"":5,""_target_level"":10.15},""volume"":{""V1_rvol_day"":{""value"":0.6719518013669238,""score"":11.463453424461585},""V2_rvol_sameslot"":{""value"":0.6621513609985015,""score"":10.81009073323343,""status"":""ok""},""V3_breakout_bar"":{""value"":0.5150315283622601,""score"":1.0021018908173382},""V4_base_dryup"":{""value"":1.0523193427481834,""score"":44.76806572518166},""V5_bo_expansion"":{""value"":0.6719518013669238,""score"":0},""_score"":13.66},""readiness"":{""_distance_atr"":0.47,""BR1_atr_distance"":{""score"":68.65551492211192},""BR2_compression"":{""score"":2.0060082677056945},""BR3_retest"":{""score"":50.0},""BR4_bo_age"":{""score"":50.0},""_score"":45.46},""risk"":{""R1_stop_clarity"":{""score"":63.96120218040581},""R2_stop_distance_pct"":{""value"":10.114735882087794,""score"":47.13160294780514},""R3_stop_distance_atr"":{""value"":1.3315311141558832,""score"":91.57655570779416},""R4_rr_potential"":{""value"":1.57087705661355,""score"":28.543852830677498},""_score"":55.97},""market"":{""M1_spy_regime"":{""score"":100.0},""M3_earnings_risk"":{""value"":null,""score"":80.0},""M4_vix"":{""value"":null,""score"":60.0},""_score"":84.0},""liquidity"":{""L1_price"":{""value"":9.5393,""score"":99.76965},""L2_dollar_vol"":{""value"":106120556.39735237,""score"":100.0},""L3_spread_proxy"":{""value"":0.0765255312234649,""score"":23.474468776535105},""L4_volume_zscore"":{""value"":-0.5959188930209822,""score"":100.0},""_score"":92.29},""pattern_structure"":{""left_low"":8.705,""left_idx"":20,""right_low"":9.15,""right_idx"":56,""separation_bars"":36,""structural_low"":8.705,""current_price"":9.54,""neckline_distance_pct"":0.03563941299790374,""base_bars"":36},""pattern_geometry_features"":{""low_similarity_pct"":0.04984598151778216,""bounce_pct"":0.1349798966111431,""right_bottom_reaction"":0.5714285714285708,""atr_pct"":0.07596319586193054},""_schema_version"":""1.0""}",,,,,,,,,,
20260508T195117Z-64671e,2026-05-08T19:51:17.654677+00:00,NNE,bull_flag,forming,53.76,53.5,63.1,36.6,40.8,29.4,44.1,82.4,84.0,87.8,7.49,18.92,3.29,4.08,4.11,3.97,2.47,5.04,4.39,False,,26.93,29.1599,25.4918,36.2198,"{""trend"":{""T1_ema_stack"":{""value"":[true,false,false],""score"":33.33333333333333},""T2_ema50_slope"":{""value"":0.03870492095863226,""score"":56.45082015977204},""T3_high_proximity"":{""value"":0.9263845889232886,""score"":63.19229446164426},""T4_rs_1m"":{""value"":0.19183468015638172,""score"":100},""T5_rs_3m"":{""value"":-0.14479541511835892,""score"":0},""T6_adr_healthy"":{""value"":8.495687489232298,""score"":87.60781276919256},""_score"":53.48},""geometry"":{""sub_pole_impulse"":58.8,""sub_flag_tightness"":58.0,""sub_flag_shallowness"":29.6,""sub_flag_drift"":100,""sub_flag_duration"":100.0,""_score"":63.06},""compression"":{""VC1_atr_ratio"":{""value"":0.7902299096152464,""score"":52.44252259618839},""VC2_range_contraction"":{""value"":1.045014815760978,""score"":0},""VC3_range_pct_rank"":{""score"":62.5},""_score"":36.6},""sr_quality"":{""SR1_touches"":{""value"":2,""score"":25.0},""SR2_tightness"":{""value"":0.02999999999999936,""score"":97.66281680657309},""SR3_recency"":{""value"":234,""score"":0.0},""SR4_price_location"":{""score"":14.553014553014437},""SR5_reaction"":{""value"":2.4871524483385135,""score"":100},""_score"":40.79,""_levels_found"":5,""_target_level"":28.3},""volume"":{""V1_rvol_day"":{""value"":0.7891821372990302,""score"":19.278809153268682},""V2_rvol_sameslot"":{""value"":1.2600599556825516,""score"":50.670663712170104,""status"":""ok""},""V3_breakout_bar"":{""value"":0.9269112462764918,""score"":28.46074975176612},""V4_base_dryup"":{""value"":1.0855409087211965,""score"":41.445909127880356},""V5_bo_expansion"":{""value"":0.7891821372990302,""score"":0},""_score"":29.39},""readiness"":{""_distance_atr"":0.869,""BR1_atr_distance"":{""score"":42.092391077524894},""BR2_compression"":{""score"":39.04905489394772},""BR3_retest"":{""score"":50.0},""BR4_bo_age"":{""score"":50.0},""_score"":44.1},""risk"":{""R1_stop_clarity"":{""score"":69.75684947705517},""R2_stop_distance_pct"":{""value"":5.34051243965838,""score"":100.0},""R3_stop_distance_atr"":{""value"":0.5602228114644409,""score"":53.01114057322205},""R4_rr_potential"":{""value"":6.4593241551939835,""score"":100.0},""_score"":82.37},""market"":{""M1_spy_regime"":{""score"":100.0},""M3_earnings_risk"":{""value"":null,""score"":80.0},""M4_vix"":{""value"":null,""score"":60.0},""_score"":84.0},""liquidity"":{""L1_price"":{""value"":26.93,""score"":100.0},""L2_dollar_vol"":{""value"":52833097.51389072,""score"":86.14530366869792},""L3_spread_proxy"":{""value"":0.06646862235425173,""score"":33.531377645748265},""L4_volume_zscore"":{""value"":-0.4290174484016574,""score"":100.0},""_score"":87.81},""pattern_structure"":{""pole_low"":22.1,""pole_low_idx"":36,""peak_price"":29.1599,""peak_idx"":47,""pole_gain"":0.31945248868778275,""flag_bars"":12,""flag_low"":25.88,""flag_high"":28.2282,""structural_low"":25.88,""current_price"":26.82,""neckline_distance_pct"":0.08724459358687547,""base_bars"":12},""pattern_geometry_features"":{""pole_gain"":0.31945248868778275,""pullback_pct"":0.11247980960154189,""flag_range_pct"":0.08052839687378907,""flag_drift_per_bar"":0.00013884325964865467,""atr_pct"":0.09532836454299505,""pole_atr_multiple"":3.351074889611718},""_schema_version"":""1.0""}",,,,,,,,,,
20260508T195117Z-64671e,2026-05-08T19:51:17.654677+00:00,QBTS,bull_flag,absent,53.68,80.0,45.8,63.3,42.9,24.1,35.3,80.3,84.0,95.1,11.21,13.73,5.69,4.29,3.37,3.18,2.41,5.04,4.76,False,,22.2999,24.04,21.0987,28.575,"{""trend"":{""T1_ema_stack"":{""value"":[true,true,false],""score"":66.66666666666666},""T2_ema50_slope"":{""value"":0.30181128211784136,""score"":100},""T3_high_proximity"":{""value"":0.9357910197230382,""score"":67.8955098615191},""T4_rs_1m"":{""value"":0.523915339127808,""score"":100},""T5_rs_3m"":{""value"":0.009194310909038439,""score"":54.59715545451922},""T6_adr_healthy"":{""value"":7.968415525634029,""score"":100.0},""_score"":80.04},""geometry"":{""sub_pole_impulse"":56.2,""sub_flag_tightness"":27.5,""sub_flag_shallowness"":6.3,""sub_flag_drift"":71.9,""sub_flag_duration"":100.0,""_score"":45.78},""compression"":{""VC1_atr_ratio"":{""value"":0.677428407405772,""score"":80.64289814855698},""VC2_range_contraction"":{""value"":0.8541086539559388,""score"":24.315224340676863},""VC3_range_pct_rank"":{""score"":90.0},""_score"":63.27},""sr_quality"":{""SR1_touches"":{""value"":2,""score"":25.0},""SR2_tightness"":{""value"":0.037499999999999645,""score"":95.29906876790835},""SR3_recency"":{""value"":314,""score"":0.0},""SR4_price_location"":{""score"":24.48283370835452},""SR5_reaction"":{""value"":3.983255730659025,""score"":100},""_score"":42.92,""_levels_found"":5,""_target_level"":24.7275},""volume"":{""V1_rvol_day"":{""value"":0.48346118734222776,""score"":0},""V2_rvol_sameslot"":{""value"":0.7269674752500255,""score"":15.131165016668366,""status"":""ok""},""V3_breakout_bar"":{""value"":0.7725336761847361,""score"":18.168911745649076},""V4_base_dryup"":{""value"":0.6739465394238467,""score"":82.60534605761532},""V5_bo_expansion"":{""value"":0.48346118734222776,""score"":0},""_score"":24.09},""readiness"":{""_distance_atr"":1.091,""BR1_atr_distance"":{""score"":27.288085004775624},""BR2_compression"":{""score"":27.45104391841443},""BR3_retest"":{""score"":50.0},""BR4_bo_age"":{""score"":50.0},""_score"":35.28},""risk"":{""R1_stop_clarity"":{""score"":59.722421203438294},""R2_stop_distance_pct"":{""value"":5.3865712402297765,""score"":100.0},""R3_stop_distance_atr"":{""value"":0.7529011461318051,""score"":62.64505730659026},""R4_rr_potential"":{""value"":5.224025974025972,""score"":100.0},""_score"":80.3},""market"":{""M1_spy_regime"":{""score"":100.0},""M3_earnings_risk"":{""value"":null,""score"":80.0},""M4_vix"":{""value"":null,""score"":60.0},""_score"":84.0},""liquidity"":{""L1_price"":{""value"":22.2999,""score"":100.0},""L2_dollar_vol"":{""value"":371983554.72010005,""score"":100.0},""L3_spread_proxy"":{""value"":0.048879142955798,""score"":51.120857044202005},""L4_volume_zscore"":{""value"":-0.787581735261718,""score"":100.0},""_score"":95.11},""pattern_structure"":{""pole_low"":19.505,""pole_low_idx"":21,""peak_price"":24.04,""peak_idx"":46,""pole_gain"":0.2325044860292233,""flag_bars"":13,""flag_low"":21.42,""flag_high"":23.85,""structural_low"":21.42,""current_price"":22.11,""neckline_distance_pct"":0.08729081863410221,""base_bars"":13},""pattern_geometry_features"":{""pole_gain"":0.2325044860292233,""pullback_pct"":0.10898502495840257,""flag_range_pct"":0.10108153078202994,""flag_drift_per_bar"":-0.005610061083195396,""atr_pct"":0.07154420295286397,""pole_atr_multiple"":3.2498018907612414},""_schema_version"":""1.0""}",,,,,,,,,,
20260508T195117Z-64671e,2026-05-08T19:51:17.654677+00:00,AMD,base_on_base,breakout_confirmed,53.62,100.0,54.8,2.3,40.9,26.1,32.2,27.5,84.0,93.1,18.0,13.69,0.23,4.09,3.13,2.57,1.38,5.88,4.66,False,,447.26,221.33,185.3967,236.58,"{""trend"":{""T1_ema_stack"":{""value"":[true,true,true],""score"":100.0},""T2_ema50_slope"":{""value"":0.75990496264493,""score"":100},""T3_high_proximity"":{""value"":1.0,""score"":99.99999999999997},""T4_rs_1m"":{""value"":0.8061799077849952,""score"":100},""T5_rs_3m"":{""value"":1.0786936872283628,""score"":100},""T6_adr_healthy"":{""value"":4.928108507025854,""score"":100.0},""_score"":100.0},""geometry"":{""sub_shallower_second"":0,""sub_second_base_depth"":100.0,""sub_rim_advance"":100,""sub_dry_up"":49.8,""sub_second_base_duration"":32.0,""_score"":54.76},""compression"":{""VC1_atr_ratio"":{""value"":1.5338883988572165,""score"":0},""VC2_range_contraction"":{""value"":1.3683939945156203,""score"":0},""VC3_range_pct_rank"":{""score"":9.166666666666668},""_score"":2.29},""sr_quality"":{""SR1_touches"":{""value"":2,""score"":25.0},""SR2_tightness"":{""value"":3.2150999999999783,""score"":75.60764923795936},""SR3_recency"":{""value"":292,""score"":0.0},""SR4_price_location"":{""score"":30.0},""SR5_reaction"":{""value"":1.938805337645531,""score"":96.94026688227655},""_score"":40.88,""_levels_found"":3,""_target_level"":263.7449},""volume"":{""V1_rvol_day"":{""value"":0.9743767922123621,""score"":31.62511948082414},""V2_rvol_sameslot"":{""value"":1.362058187241567,""score"":57.470545816104455,""status"":""ok""},""V3_breakout_bar"":{""value"":0.8106784060558004,""score"":20.711893737053362},""V4_base_dryup"":{""value"":1.3463458237352566,""score"":15.36541762647434},""V5_bo_expansion"":{""value"":0.974376792212362,""score"":0},""_score"":26.07},""readiness"":{""_distance_atr"":-8.57,""BR1_atr_distance"":{""score"":0},""BR2_compression"":{""score"":58.67089895625587},""BR3_retest"":{""score"":50.0},""BR4_bo_age"":{""score"":50.0},""_score"":32.17},""risk"":{""R1_stop_clarity"":{""score"":78.58016114383082},""R2_stop_distance_pct"":{""value"":58.54833877386755,""score"":0.0},""R3_stop_distance_atr"":{""value"":9.933534672802587,""score"":0.0},""R4_rr_potential"":{""value"":-0.8045419117531933,""score"":0.0},""_score"":27.5},""market"":{""M1_spy_regime"":{""score"":100.0},""M3_earnings_risk"":{""value"":null,""score"":80.0},""M4_vix"":{""value"":null,""score"":60.0},""_score"":84.0},""liquidity"":{""L1_price"":{""value"":447.26,""score"":100.0},""L2_dollar_vol"":{""value"":20066187021.36499,""score"":100.0},""L3_spread_proxy"":{""value"":0.06866252291731874,""score"":31.33747708268126},""L4_volume_zscore"":{""value"":-0.06875353711997763,""score"":100.0},""_score"":93.13},""pattern_structure"":{""first_base_low"":149.85,""first_base_top"":165.1,""first_base_bars"":10,""second_base_low"":188.22,""second_base_top"":221.33,""second_base_bars"":77,""structural_low"":188.22,""stacking_overlap_pct"":-0.14003634161114478,""current_price"":447.26,""neckline_distance_pct"":-0.5051424227518669,""base_bars"":77},""pattern_geometry_features"":{""first_base_depth_pct"":0.09236826165960024,""second_base_depth_pct"":0.14959562644015728,""second_dry_up_ratio"":0.7507574070998804,""rim_advance_pct"":0.3405814657783163,""atr_pct"":0.05894008598386366},""_schema_version"":""1.0""}",,,,,,,,,,
20260508T195117Z-64671e,2026-05-08T19:51:17.654677+00:00,NVDA,vcp,absent,53.48,98.8,35.0,43.5,49.7,17.6,70.6,31.5,84.0,97.7,14.83,8.75,5.22,5.96,2.28,4.94,1.58,5.04,4.89,True,risk_unclear,214.947,216.825,191.8189,219.7149,"{""trend"":{""T1_ema_stack"":{""value"":[true,true,true],""score"":100.0},""T2_ema50_slope"":{""value"":0.3047451269670289,""score"":100},""T3_high_proximity"":{""value"":0.9923226074511795,""score"":96.16130372558973},""T4_rs_1m"":{""value"":0.0848978535759386,""score"":100},""T5_rs_3m"":{""value"":0.09225071293697651,""score"":96.12535646848826},""T6_adr_healthy"":{""value"":2.993767262683591,""score"":100.0},""_score"":98.84},""geometry"":{""sub_contraction_count"":100.0,""sub_reduction_rate"":0,""sub_pivot_tightness"":0,""sub_volume_dryup"":0,""sub_base_depth"":0.0,""sub_base_duration"":100.0,""_score"":35.0},""compression"":{""VC1_atr_ratio"":{""value"":0.7253642778013136,""score"":68.6589305496716},""VC2_range_contraction"":{""value"":1.3642610918467064,""score"":0},""VC3_range_pct_rank"":{""score"":64.16666666666666},""_score"":43.51},""sr_quality"":{""SR1_touches"":{""value"":3,""score"":50.0},""SR2_tightness"":{""value"":0.6923362108750947,""score"":81.19064150865334},""SR3_recency"":{""value"":234,""score"":0.0},""SR4_price_location"":{""score"":30.0},""SR5_reaction"":{""value"":3.126320637489576,""score"":100},""_score"":49.68,""_levels_found"":5,""_target_level"":196.9502},""volume"":{""V1_rvol_day"":{""value"":0.6973439172834797,""score"":13.156261152231977},""V2_rvol_sameslot"":{""value"":0.7045565789622537,""score"":13.637105264150243,""status"":""ok""},""V3_breakout_bar"":{""value"":0.5509072173533446,""score"":3.393814490222972},""V4_base_dryup"":{""value"":0.9319233703164039,""score"":56.80766296835961},""V5_bo_expansion"":{""value"":0.6973439172834797,""score"":0},""_score"":17.57},""readiness"":{""_distance_atr"":0.255,""BR1_atr_distance"":{""score"":82.99286064974116},""BR2_compression"":{""score"":79.4626815080115},""BR3_retest"":{""score"":50.0},""BR4_bo_age"":{""score"":50.0},""_score"":70.56},""risk"":{""R1_stop_clarity"":{""score"":20.6396888881128},""R2_stop_distance_pct"":{""value"":10.759908256453912,""score"":31.002293588652208},""R3_stop_distance_atr"":{""value"":3.1417158115553048,""score"":100.0},""R4_rr_potential"":{""value"":0.20615182397170417,""score"":0.0},""_score"":31.52},""market"":{""M1_spy_regime"":{""score"":100.0},""M3_earnings_risk"":{""value"":null,""score"":80.0},""M4_vix"":{""value"":null,""score"":60.0},""_score"":84.0},""liquidity"":{""L1_price"":{""value"":214.947,""score"":100.0},""L2_dollar_vol"":{""value"":22283465539.810425,""score"":100.0},""L3_spread_proxy"":{""value"":0.022842840328080993,""score"":77.157159671919},""L4_volume_zscore"":{""value"":-1.1893836922914802,""score"":100.0},""_score"":97.72},""pattern_structure"":{""n_contractions"":5,""contractions_pct"":[11.63,4.95,9.09,9.35,10.19],""descending_strict"":false,""final_low"":194.74,""final_pivot"":216.825,""structural_low"":194.74,""dry_up_ratio"":1.0243773352179883,""current_price"":214.947,""neckline_distance_pct"":0.008737037502267935,""base_bars"":47},""pattern_geometry_features"":{""contraction_count"":5.0,""first_contraction_pct"":0.11632804550323614,""last_contraction_pct"":0.10185633575464074,""dry_up_ratio"":1.0243773352179883,""near_monotone"":0.0,""base_depth_pct"":0.014622787341389047},""_schema_version"":""1.0""}",,,,,,,,,,
20260508T195117Z-64671e,2026-05-08T19:51:17.654677+00:00,ORCL,vcp,breakout_confirmed,53.37,91.4,50.2,55.5,45.5,2.6,46.1,31.5,84.0,96.0,13.71,12.56,6.66,5.46,0.33,3.23,1.58,5.04,4.8,False,,195.5901,189.18,157.925,214.16,"{""trend"":{""T1_ema_stack"":{""value"":[true,true,false],""score"":66.66666666666666},""T2_ema50_slope"":{""value"":0.29255196283160684,""score"":98.75866047193448},""T3_high_proximity"":{""value"":1.0,""score"":99.99999999999997},""T4_rs_1m"":{""value"":0.33489484499726707,""score"":100},""T5_rs_3m"":{""value"":0.30243107746834386,""score"":100},""T6_adr_healthy"":{""value"":4.634092011881975,""score"":100.0},""_score"":91.42},""geometry"":{""sub_contraction_count"":100.0,""sub_reduction_rate"":7.0,""sub_pivot_tightness"":0,""sub_volume_dryup"":33.4,""sub_base_depth"":84.8,""sub_base_duration"":100.0,""_score"":50.24},""compression"":{""VC1_atr_ratio"":{""value"":0.6289879909043345,""score"":92.75300227391637},""VC2_range_contraction"":{""value"":0.9134634454916845,""score"":14.422759084719258},""VC3_range_pct_rank"":{""score"":53.333333333333336},""_score"":55.48},""sr_quality"":{""SR1_touches"":{""value"":2,""score"":25.0},""SR2_tightness"":{""value"":0.6600499999999982,""score"":85.81057477406515},""SR3_recency"":{""value"":309,""score"":0.0},""SR4_price_location"":{""score"":62.38638681551202},""SR5_reaction"":{""value"":1.267272281967358,""score"":63.363614098367904},""_score"":45.47,""_levels_found"":6,""_target_level"":201.0299},""volume"":{""V1_rvol_day"":{""value"":0.5188836465411115,""score"":1.2589097694074347},""V2_rvol_sameslot"":{""value"":0.6110196712713132,""score"":7.401311418087546,""status"":""ok""},""V3_breakout_bar"":{""value"":0.5503226139950992,""score"":3.3548409330066122},""V4_base_dryup"":{""value"":1.512363618611728,""score"":0},""V5_bo_expansion"":{""value"":0.5188836465411115,""score"":0},""_score"":2.57},""readiness"":{""_distance_atr"":-0.689,""BR1_atr_distance"":{""score"":46.21988718418828},""BR2_compression"":{""score"":40.65762184930609},""BR3_retest"":{""score"":50.0},""BR4_bo_age"":{""score"":50.0},""_score"":46.15},""risk"":{""R1_stop_clarity"":{""score"":48.29958609633769},""R2_stop_distance_pct"":{""value"":19.257135202650854,""score"":0.0},""R3_stop_distance_atr"":{""value"":4.048522162003629,""score"":97.57389189981853},""R4_rr_potential"":{""value"":0.4930273555988904,""score"":0.0},""_score"":31.54},""market"":{""M1_spy_regime"":{""score"":100.0},""M3_earnings_risk"":{""value"":null,""score"":80.0},""M4_vix"":{""value"":null,""score"":60.0},""_score"":84.0},""liquidity"":{""L1_price"":{""value"":195.5901,""score"":100.0},""L2_dollar_vol"":{""value"":3383818239.758851,""score"":100.0},""L3_spread_proxy"":{""value"":0.039828191713179716,""score"":60.17180828682029},""L4_volume_zscore"":{""value"":-1.408557972765796,""score"":100.0},""_score"":96.02},""pattern_structure"":{""n_contractions"":5,""contractions_pct"":[27.01,16.21,20.27,10.08,15.25],""descending_strict"":false,""final_low"":160.33,""final_pivot"":189.18,""structural_low"":160.33,""dry_up_ratio"":0.8328236694512913,""current_price"":195.5901,""neckline_distance_pct"":-0.032773131155411236,""base_bars"":66},""pattern_geometry_features"":{""contraction_count"":5.0,""first_contraction_pct"":0.27014192434299283,""last_contraction_pct"":0.1525002642985516,""dry_up_ratio"":0.8328236694512913,""near_monotone"":0.0,""base_depth_pct"":0.13480114402892446},""_schema_version"":""1.0""}",,,,,,,,,,
20260508T195117Z-64671e,2026-05-08T19:51:17.654677+00:00,RTX,ascending_triangle,forming,53.12,15.9,63.2,72.8,42.8,37.2,62.4,45.0,84.0,98.6,2.38,17.7,5.83,6.0,4.46,4.99,1.8,5.04,4.93,True,risk_unclear,176.875,178.09,169.3412,184.26,"{""trend"":{""T1_ema_stack"":{""value"":[false,false,true],""score"":33.33333333333333},""T2_ema50_slope"":{""value"":-0.30801565792565133,""score"":0},""T3_high_proximity"":{""value"":0.8336868401206636,""score"":16.843420060331795},""T4_rs_1m"":{""value"":-0.21337336707530363,""score"":0},""T5_rs_3m"":{""value"":-0.1767154092157981,""score"":0},""T6_adr_healthy"":{""value"":2.5257593030163443,""score"":100.0},""_score"":15.86},""geometry"":{""sub_flat_top_quality"":100,""sub_hl_slope"":12.2,""sub_compression"":58.2,""sub_duration"":100.0,""_score"":63.21},""compression"":{""VC1_atr_ratio"":{""value"":0.3431151016218282,""score"":100},""VC2_range_contraction"":{""value"":0.7977676278169414,""score"":33.705395363843095},""VC3_range_pct_rank"":{""score"":84.16666666666667},""_score"":72.84},""sr_quality"":{""SR1_touches"":{""value"":3,""score"":50.0},""SR2_tightness"":{""value"":1.011196918947488,""score"":59.18466864467009},""SR3_recency"":{""value"":305,""score"":0.0},""SR4_price_location"":{""score"":15.790350418530888},""SR5_reaction"":{""value"":2.5607944667564255,""score"":100},""_score"":42.83,""_levels_found"":8,""_target_level"":182.9413},""volume"":{""V1_rvol_day"":{""value"":0.7066835847431618,""score"":13.778905649544123},""V2_rvol_sameslot"":{""value"":1.1884281032177464,""score"":45.89520688118309,""status"":""ok""},""V3_breakout_bar"":{""value"":1.15381183017988,""score"":43.58745534532534},""V4_base_dryup"":{""value"":0.7835817999237545,""score"":71.64182000762455},""V5_bo_expansion"":{""value"":0.706683584743162,""score"":0},""_score"":37.16},""readiness"":{""_distance_atr"":0.245,""BR1_atr_distance"":{""score"":83.65282875256953},""BR2_compression"":{""score"":45.87483545954187},""BR3_retest"":{""score"":50.0},""BR4_bo_age"":{""score"":50.0},""_score"":62.43},""risk"":{""R1_stop_clarity"":{""score"":0},""R2_stop_distance_pct"":{""value"":4.259392226148417,""score"":100.0},""R3_stop_distance_atr"":{""value"":1.5204483795542167,""score"":100.0},""R4_rr_potential"":{""value"":0.9802490111232055,""score"":0.0},""_score"":45.0},""market"":{""M1_spy_regime"":{""score"":100.0},""M3_earnings_risk"":{""value"":null,""score"":80.0},""M4_vix"":{""value"":null,""score"":60.0},""_score"":84.0},""liquidity"":{""L1_price"":{""value"":176.875,""score"":100.0},""L2_dollar_vol"":{""value"":699064237.7434613,""score"":100.0},""L3_spread_proxy"":{""value"":0.014077738515901111,""score"":85.9222614840989},""L4_volume_zscore"":{""value"":-0.9356757312264703,""score"":100.0},""_score"":98.59},""pattern_structure"":{""top"":178.09,""top_touches"":4,""low_slope_per_bar"":0.06299078525640894,""lowest_low"":171.92,""structural_low"":171.92,""current_price"":176.71,""neckline_distance_pct"":0.00780940524022407,""base_bars"":29},""pattern_geometry_features"":{""top_touches"":4.0,""low_slope"":0.06299078525640894,""compression"":0.2912074847309626,""atr_pct"":0.02801405350832915},""_schema_version"":""1.0""}",,,,,,,,,,
20260508T195117Z-64671e,2026-05-08T19:51:17.654677+00:00,BABA,bull_flag,forming,52.92,37.1,59.1,56.4,48.4,29.6,47.5,58.7,84.0,96.8,5.2,17.74,5.08,4.84,4.14,4.28,1.76,5.04,4.84,True,risk_unclear,140.07,143.95,137.2794,156.54,"{""trend"":{""T1_ema_stack"":{""value"":[true,false,false],""score"":33.33333333333333},""T2_ema50_slope"":{""value"":-0.057365667559841065,""score"":40.43905540669316},""T3_high_proximity"":{""value"":0.8412107380938082,""score"":20.605369046904077},""T4_rs_1m"":{""value"":0.013175432855277114,""score"":63.175432855277116},""T5_rs_3m"":{""value"":-0.20513949931802467,""score"":0},""T6_adr_healthy"":{""value"":2.353784725538534,""score"":100.0},""_score"":37.15},""geometry"":{""sub_pole_impulse"":55.4,""sub_flag_tightness"":46.5,""sub_flag_shallowness"":33.6,""sub_flag_drift"":94.4,""sub_flag_duration"":100.0,""_score"":59.12},""compression"":{""VC1_atr_ratio"":{""value"":0.44188891757964827,""score"":100},""VC2_range_contraction"":{""value"":0.8403745596967349,""score"":26.60424005054418},""VC3_range_pct_rank"":{""score"":28.333333333333332},""_score"":56.39},""sr_quality"":{""SR1_touches"":{""value"":4,""score"":75.0},""SR2_tightness"":{""value"":1.0624264680437874,""score"":49.11367661560112},""SR3_recency"":{""value"":238,""score"":0.0},""SR4_price_location"":{""score"":14.26256077795775},""SR5_reaction"":{""value"":3.4889479230100795,""score"":100},""_score"":48.43,""_levels_found"":9,""_target_level"":145.36},""volume"":{""V1_rvol_day"":{""value"":0.8581965083427934,""score"":23.87976722285289},""V2_rvol_sameslot"":{""value"":1.0996933751572688,""score"":39.97955834381792,""status"":""ok""},""V3_breakout_bar"":{""value"":0.682354108908395,""score"":12.156940593893},""V4_base_dryup"":{""value"":0.8108507636330435,""score"":68.91492363669565},""V5_bo_expansion"":{""value"":0.8581965083427933,""score"":0},""_score"":29.59},""readiness"":{""_distance_atr"":0.929,""BR1_atr_distance"":{""score"":38.05408635479323},""BR2_compression"":{""score"":59.1659755917907},""BR3_retest"":{""score"":50.0},""BR4_bo_age"":{""score"":50.0},""_score"":47.51},""risk"":{""R1_stop_clarity"":{""score"":0},""R2_stop_distance_pct"":{""value"":1.9922538730634658,""score"":99.80634682658665},""R3_stop_distance_atr"":{""value"":0.6682854484122359,""score"":58.41427242061179},""R4_rr_potential"":{""value"":5.9020623174642965,""score"":100.0},""_score"":58.7},""market"":{""M1_spy_regime"":{""score"":100.0},""M3_earnings_risk"":{""value"":null,""score"":80.0},""M4_vix"":{""value"":null,""score"":60.0},""_score"":84.0},""liquidity"":{""L1_price"":{""value"":140.07,""score"":100.0},""L2_dollar_vol"":{""value"":1131152220.1227298,""score"":100.0},""L3_spread_proxy"":{""value"":0.03162704362104667,""score"":68.37295637895332},""L4_volume_zscore"":{""value"":-0.3997670690291895,""score"":100.0},""_score"":96.84},""pattern_structure"":{""pole_low"":131.36,""pole_low_idx"":25,""peak_price"":143.95,""peak_idx"":48,""pole_gain"":0.09584348355663805,""flag_bars"":11,""flag_low"":139.37,""flag_high"":143.8,""structural_low"":139.37,""current_price"":140.21,""neckline_distance_pct"":0.026674274302831327,""base_bars"":11},""pattern_geometry_features"":{""pole_gain"":0.09584348355663805,""pullback_pct"":0.03181660298714821,""flag_range_pct"":0.030774574505036522,""flag_drift_per_bar"":-0.0011280092847741354,""atr_pct"":0.02981142082020214,""pole_atr_multiple"":3.214992137902006},""_schema_version"":""1.0""}",,,,,,,,,,
20260508T195117Z-64671e,2026-05-08T19:51:17.654677+00:00,MRVL,vcp,absent,52.76,98.8,44.7,35.1,38.2,12.6,69.0,33.8,84.0,95.5,14.82,11.17,4.21,4.58,1.63,4.83,1.69,5.04,4.77,False,,169.435,170.84,144.6472,106.81,"{""trend"":{""T1_ema_stack"":{""value"":[true,true,true],""score"":100.0},""T2_ema50_slope"":{""value"":1.0707493528816832,""score"":100},""T3_high_proximity"":{""value"":0.9842288701713622,""score"":92.11443508568107},""T4_rs_1m"":{""value"":0.32891841560398594,""score"":100},""T5_rs_3m"":{""value"":1.0434948839035576,""score"":100},""T6_adr_healthy"":{""value"":5.154120748872408,""score"":100.0},""_score"":98.82},""geometry"":{""sub_contraction_count"":100.0,""sub_reduction_rate"":0,""sub_pivot_tightness"":0,""sub_volume_dryup"":64.6,""sub_base_depth"":0.0,""sub_base_duration"":100.0,""_score"":44.69},""compression"":{""VC1_atr_ratio"":{""value"":0.7718098372719943,""score"":57.04754068200143},""VC2_range_contraction"":{""value"":1.0038539757156242,""score"":0},""VC3_range_pct_rank"":{""score"":49.16666666666667},""_score"":35.11},""sr_quality"":{""SR1_touches"":{""value"":2,""score"":25.0},""SR2_tightness"":{""value"":1.0587499999999963,""score"":77.76250854206228},""SR3_recency"":{""value"":253,""score"":0.0},""SR4_price_location"":{""score"":30.0},""SR5_reaction"":{""value"":1.5386401262012328,""score"":76.93200631006164},""_score"":38.2,""_levels_found"":4,""_target_level"":101.7113},""volume"":{""V1_rvol_day"":{""value"":0.48782278280848185,""score"":0},""V2_rvol_sameslot"":{""value"":0.894298780409027,""score"":26.286585360601798,""status"":""ok""},""V3_breakout_bar"":{""value"":0.8407725071542949,""score"":22.71816714361966},""V4_base_dryup"":{""value"":1.4190445979514614,""score"":8.095540204853862},""V5_bo_expansion"":{""value"":0.48782278280848185,""score"":0},""_score"":12.56},""readiness"":{""_distance_atr"":0.148,""BR1_atr_distance"":{""score"":90.16334498279335},""BR2_compression"":{""score"":61.60012862356322},""BR3_retest"":{""score"":50.0},""BR4_bo_age"":{""score"":50.0},""_score"":68.97},""risk"":{""R1_stop_clarity"":{""score"":53.734465823874686},""R2_stop_distance_pct"":{""value"":14.629651488771515,""score"":0.0},""R3_stop_distance_atr"":{""value"":2.6031517302786207,""score"":100.0},""R4_rr_potential"":{""value"":-2.5264495567366927,""score"":0.0},""_score"":33.81},""market"":{""M1_spy_regime"":{""score"":100.0},""M3_earnings_risk"":{""value"":null,""score"":80.0},""M4_vix"":{""value"":null,""score"":60.0},""_score"":84.0},""liquidity"":{""L1_price"":{""value"":169.435,""score"":100.0},""L2_dollar_vol"":{""value"":2143368536.4675245,""score"":100.0},""L3_spread_proxy"":{""value"":0.04538554607961752,""score"":54.61445392038248},""L4_volume_zscore"":{""value"":-1.6957967013288104,""score"":100.0},""_score"":95.46},""pattern_structure"":{""n_contractions"":5,""contractions_pct"":[9.15,8.66,8.89,13.95,14.04],""descending_strict"":false,""final_low"":146.85,""final_pivot"":170.84,""structural_low"":146.85,""dry_up_ratio"":0.6771017891714923,""current_price"":169.435,""neckline_distance_pct"":0.00829226547053443,""base_bars"":40},""pattern_geometry_features"":{""contraction_count"":5.0,""first_contraction_pct"":0.09152378652499395,""last_contraction_pct"":0.14042378833996727,""dry_up_ratio"":0.6771017891714923,""near_monotone"":0.0,""base_depth_pct"":-0.7731224341946391},""_schema_version"":""1.0""}",,,,,,,,,,
20260508T195117Z-64671e,2026-05-08T19:51:17.654677+00:00,BA,cup_with_handle,setup,52.73,66.0,44.2,54.6,42.5,24.7,67.8,61.5,84.0,97.1,9.23,13.27,4.37,5.1,3.21,5.43,3.07,4.2,4.86,True,risk_unclear,236.59,236.45,217.7244,285.24,"{""trend"":{""T1_ema_stack"":{""value"":[true,true,true],""score"":100.0},""T2_ema50_slope"":{""value"":0.141159703477654,""score"":73.52661724627566},""T3_high_proximity"":{""value"":0.9668178660455232,""score"":83.40893302276159},""T4_rs_1m"":{""value"":-0.00874816334097539,""score"":41.25183665902461},""T5_rs_3m"":{""value"":-0.09355447524904914,""score"":3.222762375475426},""T6_adr_healthy"":{""value"":2.707608175197961,""score"":100.0},""_score"":65.95},""geometry"":{""sub_cup_depth"":100.0,""sub_cup_duration"":0.0,""sub_rim_symmetry"":3.4,""sub_handle_shallowness"":45.7,""sub_handle_proportion"":100.0,""sub_u_shape"":29.5,""_score"":44.24},""compression"":{""VC1_atr_ratio"":{""value"":0.5569142616238738,""score"":100},""VC2_range_contraction"":{""value"":0.892376531056859,""score"":17.937244823856837},""VC3_range_pct_rank"":{""score"":33.333333333333336},""_score"":54.61},""sr_quality"":{""SR1_touches"":{""value"":2,""score"":25.0},""SR2_tightness"":{""value"":0.4749999999999943,""score"":85.94526048821743},""SR3_recency"":{""value"":233,""score"":0.0},""SR4_price_location"":{""score"":30.0},""SR5_reaction"":{""value"":1.946211560815807,""score"":97.31057804079035},""_score"":42.49,""_levels_found"":4,""_target_level"":235.975},""volume"":{""V1_rvol_day"":{""value"":0.853768492348544,""score"":23.5845661565696},""V2_rvol_sameslot"":{""value"":1.0114908563458636,""score"":34.09939042305757,""status"":""ok""},""V3_breakout_bar"":{""value"":0.5693936028285638,""score"":4.626240188570918},""V4_base_dryup"":{""value"":0.9010705763054812,""score"":59.89294236945189},""V5_bo_expansion"":{""value"":0.853768492348544,""score"":0},""_score"":24.67},""readiness"":{""_distance_atr"":-0.021,""BR1_atr_distance"":{""score"":100.0},""BR2_compression"":{""score"":41.29698789479471},""BR3_retest"":{""score"":50.0},""BR4_bo_age"":{""score"":50.0},""_score"":67.82},""risk"":{""R1_stop_clarity"":{""score"":1.89495931522805},""R2_stop_distance_pct"":{""value"":7.973963396593263,""score"":100.0},""R3_stop_distance_atr"":{""value"":2.791064144563035,""score"":100.0},""R4_rr_potential"":{""value"":2.578767704181155,""score"":78.93838520905776},""_score"":61.45},""market"":{""M1_spy_regime"":{""score"":100.0},""M3_earnings_risk"":{""value"":null,""score"":80.0},""M4_vix"":{""value"":null,""score"":60.0},""_score"":84.0},""liquidity"":{""L1_price"":{""value"":236.59,""score"":100.0},""L2_dollar_vol"":{""value"":1255154036.9140291,""score"":100.0},""L3_spread_proxy"":{""value"":0.028678304239401483,""score"":71.32169576059852},""L4_volume_zscore"":{""value"":-0.32405676182250015,""score"":100.0},""_score"":97.13},""pattern_structure"":{""left_rim"":225.56,""left_rim_idx"":47,""cup_bottom"":176.77,""cup_bottom_idx"":65,""right_rim"":236.45,""right_rim_idx"":169,""handle_low"":221.04,""handle_bars"":10,""cup_bars"":122,""structural_low"":221.04,""current_price"":236.59,""neckline_distance_pct"":-0.0005917409865168215,""base_bars"":132},""pattern_geometry_features"":{""cup_depth_pct"":0.2163060826387657,""rim_symmetry_pct"":0.048279836850505346,""handle_depth_pct"":0.06517234087544935,""handle_to_cup_ratio"":0.08196721311475409,""cup_duration_bars"":122.0,""atr_pct"":0.02856961711942903,""u_shape_score"":0.14754098360655737},""_schema_version"":""1.0""}",,,,,,,,,,
20260508T195117Z-64671e,2026-05-08T19:51:17.654677+00:00,HON,breakout_retest_hold,forming,52.72,22.1,63.9,57.6,54.0,24.3,68.4,39.1,84.0,98.2,3.09,14.05,3.45,7.56,3.16,12.31,1.96,4.2,2.95,True,risk_unclear,213.13,213.2499,210.6274,214.2397,"{""trend"":{""T1_ema_stack"":{""value"":[false,false,true],""score"":33.33333333333333},""T2_ema50_slope"":{""value"":-0.1714985209758482,""score"":21.416913170691963},""T3_high_proximity"":{""value"":0.8592565715207224,""score"":29.628285760361194},""T4_rs_1m"":{""value"":-0.1810003621031856,""score"":0},""T5_rs_3m"":{""value"":-0.17297900480536732,""score"":0},""T6_adr_healthy"":{""value"":2.2090352127128754,""score"":100.0},""_score"":22.06},""geometry"":{""sub_retest_depth"":100.0,""sub_retest_timing"":0.0,""sub_retest_freshness"":75.0,""sub_hold_quality"":62.9,""_score"":63.87},""compression"":{""VC1_atr_ratio"":{""value"":0.49712462219856335,""score"":100},""VC2_range_contraction"":{""value"":0.8986215417976555,""score"":16.89640970039075},""VC3_range_pct_rank"":{""score"":46.666666666666664},""_score"":57.58},""sr_quality"":{""SR1_touches"":{""value"":4,""score"":75.0},""SR2_tightness"":{""value"":1.3000630398176845,""score"":53.13568220980917},""SR3_recency"":{""value"":246,""score"":0.0},""SR4_price_location"":{""score"":36.39770268082362},""SR5_reaction"":{""value"":1.9232724126743808,""score"":96.16362063371903},""_score"":53.99,""_levels_found"":7,""_target_level"":221.707},""volume"":{""V1_rvol_day"":{""value"":0.4225678432349301,""score"":0},""V2_rvol_sameslot"":{""value"":0.8710045003171868,""score"":24.73363335447912,""status"":""ok""},""V3_breakout_bar"":{""value"":0.9946631708534388,""score"":32.97754472356259},""V4_base_dryup"":{""value"":0.9454848729967428,""score"":55.45151270032572},""V5_bo_expansion"":{""value"":0.4225678432349301,""score"":0},""_score"":24.28},""readiness"":{""_distance_atr"":0.022,""BR1_atr_distance"":{""score"":98.55929250327432},""BR2_compression"":{""score"":21.406480149294303},""BR3_retest"":{""score"":95.53999495331819},""BR4_bo_age"":{""score"":30.0},""_score"":68.38},""risk"":{""R1_stop_clarity"":{""score"":23.30665801521168},""R2_stop_distance_pct"":{""value"":1.1741894618308137,""score"":79.35473654577035},""R3_stop_distance_atr"":{""value"":0.45105619840669275,""score"":47.55280992033464},""R4_rr_potential"":{""value"":0.44342770374218204,""score"":0.0},""_score"":39.1},""market"":{""M1_spy_regime"":{""score"":100.0},""M3_earnings_risk"":{""value"":null,""score"":80.0},""M4_vix"":{""value"":null,""score"":60.0},""_score"":84.0},""liquidity"":{""L1_price"":{""value"":213.13,""score"":100.0},""L2_dollar_vol"":{""value"":340014313.48218197,""score"":100.0},""L3_spread_proxy"":{""value"":0.018322150799981236,""score"":81.67784920001876},""L4_volume_zscore"":{""value"":-1.6854009805574561,""score"":100.0},""_score"":98.17},""pattern_structure"":{""level"":213.2499,""level_idx"":51,""breakout_idx"":62,""bo_peak_idx"":68,""bo_peak_price"":218.26,""retest_idx"":79,""retest_low"":212.755,""structural_low"":212.755,""current_price"":213.105,""neckline_distance_pct"":0.0006799465052439263,""base_bars"":28,""bars_since_breakout"":17},""pattern_geometry_features"":{""retest_depth_atr"":0.32980519616211995,""bars_breakout_to_retest"":17.0,""bars_since_retest"":0.0,""current_above_level_atr"":-0.09656248317618377,""bo_peak_excess_pct"":0.023494032119124063,""atr_pct"":0.026031999249284486},""_schema_version"":""1.0""}",,,,,,,,,,
20260508T195117Z-64671e,2026-05-08T19:51:17.654677+00:00,LRCX,vcp,setup,52.46,99.1,35.9,44.4,41.6,27.7,46.4,31.3,84.0,96.6,14.87,8.97,5.33,5.0,3.6,3.25,1.57,5.04,4.83,False,,293.775,275.84,237.976,290.92,"{""trend"":{""T1_ema_stack"":{""value"":[true,true,true],""score"":100.0},""T2_ema50_slope"":{""value"":0.37585054959100694,""score"":100},""T3_high_proximity"":{""value"":0.9885755628091664,""score"":94.28778140458316},""T4_rs_1m"":{""value"":0.051454400970417424,""score"":100},""T5_rs_3m"":{""value"":0.20464250579237664,""score"":100},""T6_adr_healthy"":{""value"":3.876329878572249,""score"":100.0},""_score"":99.14},""geometry"":{""sub_contraction_count"":100.0,""sub_reduction_rate"":0,""sub_pivot_tightness"":0,""sub_volume_dryup"":0,""sub_base_depth"":8.8,""sub_base_duration"":100.0,""_score"":35.88},""compression"":{""VC1_atr_ratio"":{""value"":0.7205839508780943,""score"":69.85401228047641},""VC2_range_contraction"":{""value"":1.0575972680279169,""score"":0},""VC3_range_pct_rank"":{""score"":65.83333333333333},""_score"":44.4},""sr_quality"":{""SR1_touches"":{""value"":2,""score"":25.0},""SR2_tightness"":{""value"":1.1699999999999875,""score"":83.05925279721438},""SR3_recency"":{""value"":233,""score"":0.0},""SR4_price_location"":{""score"":30.0},""SR5_reaction"":{""value"":1.8917167709777476,""score"":94.58583854888738},""_score"":41.65,""_levels_found"":8,""_target_level"":274.67},""volume"":{""V1_rvol_day"":{""value"":0.5474487994132303,""score"":3.163253294215355},""V2_rvol_sameslot"":{""value"":0.903194777715475,""score"":26.879651847698334,""status"":""ok""},""V3_breakout_bar"":{""value"":0.9663197025746953,""score"":31.087980171646358},""V4_base_dryup"":{""value"":0.8034992147738537,""score"":69.65007852261463},""V5_bo_expansion"":{""value"":0.5474487994132302,""score"":0},""_score"":27.71},""readiness"":{""_distance_atr"":-1.298,""BR1_atr_distance"":{""score"":34.03142725795185},""BR2_compression"":{""score"":61.15059664253638},""BR3_retest"":{""score"":50.0},""BR4_bo_age"":{""score"":50.0},""_score"":46.4},""risk"":{""R1_stop_clarity"":{""score"":47.52712148470456},""R2_stop_distance_pct"":{""value"":18.99378776274359,""score"":0.0},""R3_stop_distance_atr"":{""value"":4.039644244308738,""score"":98.01778778456311},""R4_rr_potential"":{""value"":-0.05116579150164016,""score"":0.0},""_score"":31.34},""market"":{""M1_spy_regime"":{""score"":100.0},""M3_earnings_risk"":{""value"":null,""score"":80.0},""M4_vix"":{""value"":null,""score"":60.0},""_score"":84.0},""liquidity"":{""L1_price"":{""value"":293.775,""score"":100.0},""L2_dollar_vol"":{""value"":1515947735.0279417,""score"":100.0},""L3_spread_proxy"":{""value"":0.03369925963747778,""score"":66.30074036252222},""L4_volume_zscore"":{""value"":-1.7607736803890395,""score"":100.0},""_score"":96.63},""pattern_structure"":{""n_contractions"":5,""contractions_pct"":[24.39,2.99,17.72,6.59,12.41],""descending_strict"":false,""final_low"":241.6,""final_pivot"":275.84,""structural_low"":241.6,""dry_up_ratio"":1.0444096029546257,""current_price"":293.775,""neckline_distance_pct"":-0.061050123393753736,""base_bars"":44},""pattern_geometry_features"":{""contraction_count"":5.0,""first_contraction_pct"":0.24388343462677262,""last_contraction_pct"":0.1241299303944315,""dry_up_ratio"":1.0444096029546257,""near_monotone"":0.0,""base_depth_pct"":0.05875019479507563},""_schema_version"":""1.0""}",,,,,,,,,,
20260508T195117Z-64671e,2026-05-08T19:51:17.654677+00:00,BABA,ascending_triangle,forming,52.39,37.1,58.0,56.4,48.4,29.2,47.5,52.7,84.0,96.8,5.57,16.23,4.51,6.78,3.51,3.8,2.11,5.04,4.84,True,risk_unclear,140.07,143.95,130.5519,155.36,"{""trend"":{""T1_ema_stack"":{""value"":[true,false,false],""score"":33.33333333333333},""T2_ema50_slope"":{""value"":-0.057365667559841065,""score"":40.43905540669316},""T3_high_proximity"":{""value"":0.8412107380938082,""score"":20.605369046904077},""T4_rs_1m"":{""value"":0.013175432855277114,""score"":63.175432855277116},""T5_rs_3m"":{""value"":-0.20513949931802467,""score"":0},""T6_adr_healthy"":{""value"":2.353784725538534,""score"":100.0},""_score"":37.15},""geometry"":{""sub_flat_top_quality"":66.7,""sub_hl_slope"":76.5,""sub_compression"":0,""sub_duration"":100.0,""_score"":57.96},""compression"":{""VC1_atr_ratio"":{""value"":0.44188891757964827,""score"":100},""VC2_range_contraction"":{""value"":0.8403745596967349,""score"":26.60424005054418},""VC3_range_pct_rank"":{""score"":28.333333333333332},""_score"":56.39},""sr_quality"":{""SR1_touches"":{""value"":4,""score"":75.0},""SR2_tightness"":{""value"":1.0624264680437874,""score"":49.11367661560112},""SR3_recency"":{""value"":238,""score"":0.0},""SR4_price_location"":{""score"":14.26256077795775},""SR5_reaction"":{""value"":3.4889479230100795,""score"":100},""_score"":48.43,""_levels_found"":9,""_target_level"":145.36},""volume"":{""V1_rvol_day"":{""value"":0.8581965083427934,""score"":23.87976722285289},""V2_rvol_sameslot"":{""value"":1.0996933751572688,""score"":39.97955834381792,""status"":""ok""},""V3_breakout_bar"":{""value"":0.682354108908395,""score"":12.156940593893},""V4_base_dryup"":{""value"":0.8284743049014284,""score"":67.15256950985716},""V5_bo_expansion"":{""value"":0.8581965083427933,""score"":0},""_score"":29.24},""readiness"":{""_distance_atr"":0.929,""BR1_atr_distance"":{""score"":38.05408635479323},""BR2_compression"":{""score"":59.1659755917907},""BR3_retest"":{""score"":50.0},""BR4_bo_age"":{""score"":50.0},""_score"":47.51},""risk"":{""R1_stop_clarity"":{""score"":4.777316300487712},""R2_stop_distance_pct"":{""value"":6.795245234525598,""score"":100.0},""R3_stop_distance_atr"":{""value"":2.2794100541228484,""score"":100.0},""R4_rr_potential"":{""value"":1.6064130446202483,""score"":30.320652231012414},""_score"":52.74},""market"":{""M1_spy_regime"":{""score"":100.0},""M3_earnings_risk"":{""value"":null,""score"":80.0},""M4_vix"":{""value"":null,""score"":60.0},""_score"":84.0},""liquidity"":{""L1_price"":{""value"":140.07,""score"":100.0},""L2_dollar_vol"":{""value"":1131152220.1227298,""score"":100.0},""L3_spread_proxy"":{""value"":0.03162704362104667,""score"":68.37295637895332},""L4_volume_zscore"":{""value"":-0.3997670690291895,""score"":100.0},""_score"":96.84},""pattern_structure"":{""top"":143.95,""top_touches"":3,""low_slope_per_bar"":0.30428990874932893,""lowest_low"":132.54,""structural_low"":132.54,""current_price"":140.21,""neckline_distance_pct"":0.026674274302831327,""base_bars"":31},""pattern_geometry_features"":{""top_touches"":3.0,""low_slope"":0.30428990874932893,""compression"":-0.22575669031829015,""atr_pct"":0.02981142082020214},""_schema_version"":""1.0""}",,,,,,,,,,
20260508T195117Z-64671e,2026-05-08T19:51:17.654677+00:00,TXN,bull_flag,absent,52.25,100.0,29.1,59.0,49.3,14.5,62.1,57.8,84.0,98.2,13.99,8.72,5.31,4.93,2.03,5.59,1.73,5.04,4.91,True,risk_unclear,289.24,292.64,276.785,309.7,"{""trend"":{""T1_ema_stack"":{""value"":[true,true,true],""score"":100.0},""T2_ema50_slope"":{""value"":0.6440762946784538,""score"":100},""T3_high_proximity"":{""value"":0.9993090105030404,""score"":99.65450525152019},""T4_rs_1m"":{""value"":0.2615634407972647,""score"":100},""T5_rs_3m"":{""value"":0.23912205657377816,""score"":100},""T6_adr_healthy"":{""value"":3.1463031912650847,""score"":100.0},""_score"":99.95},""geometry"":{""sub_pole_impulse"":13.6,""sub_flag_tightness"":0,""sub_flag_shallowness"":0,""sub_flag_drift"":100,""sub_flag_duration"":100.0,""_score"":29.08},""compression"":{""VC1_atr_ratio"":{""value"":0.5607731974325193,""score"":100},""VC2_range_contraction"":{""value"":1.0152486995623702,""score"":0},""VC3_range_pct_rank"":{""score"":75.83333333333333},""_score"":58.96},""sr_quality"":{""SR1_touches"":{""value"":4,""score"":75.0},""SR2_tightness"":{""value"":2.6941881894181074,""score"":53.52332370556046},""SR3_recency"":{""value"":275,""score"":0.0},""SR4_price_location"":{""score"":30.0},""SR5_reaction"":{""value"":1.4970387297065348,""score"":74.85193648532675},""_score"":49.26,""_levels_found"":5,""_target_level"":228.58},""volume"":{""V1_rvol_day"":{""value"":0.5064049393126601,""score"":0.42699595417733754},""V2_rvol_sameslot"":{""value"":0.8895213083611585,""score"":25.968087224077234,""status"":""ok""},""V3_breakout_bar"":{""value"":1.0547208823878458,""score"":36.98139215918972},""V4_base_dryup"":{""value"":1.547716088169618,""score"":0},""V5_bo_expansion"":{""value"":0.50640493931266,""score"":0},""_score"":14.52},""readiness"":{""_distance_atr"":0.293,""BR1_atr_distance"":{""score"":80.44918811762454},""BR2_compression"":{""score"":49.6784347849098},""BR3_retest"":{""score"":50.0},""BR4_bo_age"":{""score"":50.0},""_score"":62.1},""risk"":{""R1_stop_clarity"":{""score"":27.288230513929108},""R2_stop_distance_pct"":{""value"":4.3061125708754115,""score"":100.0},""R3_stop_distance_atr"":{""value"":1.074288361742597,""score"":78.71441808712984},""R4_rr_potential"":{""value"":1.6427137695704466,""score"":32.135688478522326},""_score"":57.79},""market"":{""M1_spy_regime"":{""score"":100.0},""M3_earnings_risk"":{""value"":null,""score"":80.0},""M4_vix"":{""value"":null,""score"":60.0},""_score"":84.0},""liquidity"":{""L1_price"":{""value"":289.24,""score"":100.0},""L2_dollar_vol"":{""value"":1233183640.1334653,""score"":100.0},""L3_spread_proxy"":{""value"":0.01832353754667397,""score"":81.67646245332602},""L4_volume_zscore"":{""value"":-0.8585516325005602,""score"":100.0},""_score"":98.17},""pattern_structure"":{""pole_low"":275.58,""pole_low_idx"":36,""peak_price"":292.64,""peak_idx"":47,""pole_gain"":0.06190579867914944,""flag_bars"":12,""flag_low"":281.0,""flag_high"":292.5,""structural_low"":281.0,""current_price"":289.12,""neckline_distance_pct"":0.012174875484227939,""base_bars"":12},""pattern_geometry_features"":{""pole_gain"":0.06190579867914944,""pullback_pct"":0.03977583378895567,""flag_range_pct"":0.039297430289775837,""flag_drift_per_bar"":0.002635438717342427,""atr_pct"":0.040083395894659896,""pole_atr_multiple"":1.5444249993648076},""_schema_version"":""1.0""}",,,,,,,,,,
20260508T195117Z-64671e,2026-05-08T19:51:17.654677+00:00,AMAT,vcp,breakout_confirmed,52.14,91.5,35.0,21.0,57.2,44.1,48.2,27.3,84.0,95.4,13.72,8.75,2.52,6.87,5.74,3.37,1.36,5.04,4.77,False,,434.12,420.4999,371.4139,439.3799,"{""trend"":{""T1_ema_stack"":{""value"":[true,true,true],""score"":100.0},""T2_ema50_slope"":{""value"":0.3382447950899864,""score"":100},""T3_high_proximity"":{""value"":1.0,""score"":99.99999999999997},""T4_rs_1m"":{""value"":0.007410688313119529,""score"":57.41068831311953},""T5_rs_3m"":{""value"":0.27901109953574754,""score"":100},""T6_adr_healthy"":{""value"":3.2309111617976853,""score"":100.0},""_score"":91.48},""geometry"":{""sub_contraction_count"":100.0,""sub_reduction_rate"":0,""sub_pivot_tightness"":0,""sub_volume_dryup"":0,""sub_base_depth"":0.0,""sub_base_duration"":100.0,""_score"":35.0},""compression"":{""VC1_atr_ratio"":{""value"":0.8506973301118389,""score"":37.32566747204027},""VC2_range_contraction"":{""value"":1.1173605211255415,""score"":0},""VC3_range_pct_rank"":{""score"":24.16666666666667},""_score"":20.97},""sr_quality"":{""SR1_touches"":{""value"":4,""score"":75.0},""SR2_tightness"":{""value"":1.5960028195463891,""score"":81.67844057627087},""SR3_recency"":{""value"":230,""score"":0.0},""SR4_price_location"":{""score"":30.0},""SR5_reaction"":{""value"":2.412162200944774,""score"":100},""_score"":57.25,""_levels_found"":4,""_target_level"":378.265},""volume"":{""V1_rvol_day"":{""value"":0.759003269749795,""score"":17.266884649986338},""V2_rvol_sameslot"":{""value"":1.5712175481945188,""score"":71.41450321296792,""status"":""ok""},""V3_breakout_bar"":{""value"":1.1873568135892776,""score"":45.82378757261851},""V4_base_dryup"":{""value"":0.7536520826698679,""score"":74.6347917330132},""V5_bo_expansion"":{""value"":0.759003269749795,""score"":0},""_score"":44.12},""readiness"":{""_distance_atr"":-0.782,""BR1_atr_distance"":{""score"":44.364597076460264},""BR2_compression"":{""score"":51.66905908212798},""BR3_retest"":{""score"":50.0},""BR4_bo_age"":{""score"":50.0},""_score"":48.16},""risk"":{""R1_stop_clarity"":{""score"":35.07050557214194},""R2_stop_distance_pct"":{""value"":14.444404772873861,""score"":0.0},""R3_stop_distance_atr"":{""value"":3.5992186455812747,""score"":100.0},""R4_rr_potential"":{""value"":0.08388185828959113,""score"":0.0},""_score"":27.27},""market"":{""M1_spy_regime"":{""score"":100.0},""M3_earnings_risk"":{""value"":null,""score"":80.0},""M4_vix"":{""value"":null,""score"":60.0},""_score"":84.0},""liquidity"":{""L1_price"":{""value"":434.12,""score"":100.0},""L2_dollar_vol"":{""value"":1914353954.1366847,""score"":100.0},""L3_spread_proxy"":{""value"":0.04639270247857745,""score"":53.60729752142255},""L4_volume_zscore"":{""value"":-0.9530016900353812,""score"":100.0},""_score"":95.36},""pattern_structure"":{""n_contractions"":5,""contractions_pct"":[20.03,4.84,15.61,6.78,10.33],""descending_strict"":false,""final_low"":377.07,""final_pivot"":420.4999,""structural_low"":377.07,""dry_up_ratio"":1.1581488450623667,""current_price"":434.12,""neckline_distance_pct"":-0.03137404404312167,""base_bars"":44},""pattern_geometry_features"":{""contraction_count"":5.0,""first_contraction_pct"":0.20025255714105308,""last_contraction_pct"":0.10328159412166335,""dry_up_ratio"":1.1581488450623667,""near_monotone"":0.0,""base_depth_pct"":0.047682788230837214},""_schema_version"":""1.0""}",,,,,,,,,,
20260508T195117Z-64671e,2026-05-08T19:51:17.654677+00:00,IONQ,bull_flag,absent,52.05,85.4,40.4,44.2,59.3,24.2,27.9,82.8,84.0,93.2,11.96,12.11,3.98,5.93,3.38,2.51,2.48,5.04,4.66,False,,48.485,53.485,45.0342,63.17,"{""trend"":{""T1_ema_stack"":{""value"":[true,true,false],""score"":66.66666666666666},""T2_ema50_slope"":{""value"":0.6519731750163094,""score"":100},""T3_high_proximity"":{""value"":0.9222940840783717,""score"":61.147042039185806},""T4_rs_1m"":{""value"":0.642809748344856,""score"":100},""T5_rs_3m"":{""value"":0.3186259342299871,""score"":100},""T6_adr_healthy"":{""value"":8.334603795487245,""score"":91.63490511281887},""_score"":85.42},""geometry"":{""sub_pole_impulse"":47.0,""sub_flag_tightness"":12.9,""sub_flag_shallowness"":0,""sub_flag_drift"":86.9,""sub_flag_duration"":100.0,""_score"":40.36},""compression"":{""VC1_atr_ratio"":{""value"":0.726530624242384,""score"":68.367343939404},""VC2_range_contraction"":{""value"":0.9429296694209635,""score"":9.511721763172758},""VC3_range_pct_rank"":{""score"":54.16666666666667},""_score"":44.22},""sr_quality"":{""SR1_touches"":{""value"":3,""score"":50.0},""SR2_tightness"":{""value"":1.059811303959343,""score"":43.09639761594811},""SR3_recency"":{""value"":235,""score"":0.0},""SR4_price_location"":{""score"":92.88685524126447},""SR5_reaction"":{""value"":1.9458948796176097,""score"":97.29474398088048},""_score"":59.28,""_levels_found"":7,""_target_level"":48.77},""volume"":{""V1_rvol_day"":{""value"":0.561715197396321,""score"":4.114346493088069},""V2_rvol_sameslot"":{""value"":0.8183481852574964,""score"":21.22321235049976,""status"":""ok""},""V3_breakout_bar"":{""value"":0.6942087843639068,""score"":12.947252290927116},""V4_base_dryup"":{""value"":0.707175174458342,""score"":79.2824825541658},""V5_bo_expansion"":{""value"":0.5617151973963209,""score"":0},""_score"":24.16},""readiness"":{""_distance_atr"":1.342,""BR1_atr_distance"":{""score"":10.512997028392306},""BR2_compression"":{""score"":24.72951299903094},""BR3_retest"":{""score"":50.0},""BR4_bo_age"":{""score"":50.0},""_score"":27.89},""risk"":{""R1_stop_clarity"":{""score"":63.17788801724284},""R2_stop_distance_pct"":{""value"":7.117252758585131,""score"":100.0},""R3_stop_distance_atr"":{""value"":0.9264052495632716,""score"":71.32026247816358},""R4_rr_potential"":{""value"":4.255534948417758,""score"":100.0},""_score"":82.81},""market"":{""M1_spy_regime"":{""score"":100.0},""M3_earnings_risk"":{""value"":null,""score"":80.0},""M4_vix"":{""value"":null,""score"":60.0},""_score"":84.0},""liquidity"":{""L1_price"":{""value"":48.485,""score"":100.0},""L2_dollar_vol"":{""value"":1064944561.0482625,""score"":100.0},""L3_spread_proxy"":{""value"":0.06764978859441066,""score"":32.350211405589334},""L4_volume_zscore"":{""value"":-0.7805110251719105,""score"":100.0},""_score"":93.24},""pattern_structure"":{""pole_low"":43.8,""pole_low_idx"":25,""peak_price"":53.485,""peak_idx"":47,""pole_gain"":0.22111872146118727,""flag_bars"":12,""flag_low"":45.72,""flag_high"":51.9,""structural_low"":45.72,""current_price"":48.29,""neckline_distance_pct"":0.10757920894595155,""base_bars"":12},""pattern_geometry_features"":{""pole_gain"":0.22111872146118727,""pullback_pct"":0.14518089183883334,""flag_range_pct"":0.11554641488267738,""flag_drift_per_bar"":-0.0026257517591126594,""atr_pct"":0.07682655902414591,""pole_atr_multiple"":2.8781546937653633},""_schema_version"":""1.0""}",,,,,,,,,,
20260508T195117Z-64671e,2026-05-08T19:51:17.654677+00:00,IONQ,vcp,absent,51.87,85.4,38.2,44.2,59.3,10.0,59.1,38.8,84.0,93.2,12.81,9.55,5.31,7.11,1.3,4.13,1.94,5.04,4.66,False,,48.485,49.13,39.1685,45.935,"{""trend"":{""T1_ema_stack"":{""value"":[true,true,false],""score"":66.66666666666666},""T2_ema50_slope"":{""value"":0.6519731750163094,""score"":100},""T3_high_proximity"":{""value"":0.9222940840783717,""score"":61.147042039185806},""T4_rs_1m"":{""value"":0.642809748344856,""score"":100},""T5_rs_3m"":{""value"":0.3186259342299871,""score"":100},""T6_adr_healthy"":{""value"":8.334603795487245,""score"":91.63490511281887},""_score"":85.42},""geometry"":{""sub_contraction_count"":100.0,""sub_reduction_rate"":0,""sub_pivot_tightness"":0,""sub_volume_dryup"":21.4,""sub_base_depth"":0.0,""sub_base_duration"":100.0,""_score"":38.21},""compression"":{""VC1_atr_ratio"":{""value"":0.726530624242384,""score"":68.367343939404},""VC2_range_contraction"":{""value"":0.9429296694209635,""score"":9.511721763172758},""VC3_range_pct_rank"":{""score"":54.16666666666667},""_score"":44.22},""sr_quality"":{""SR1_touches"":{""value"":3,""score"":50.0},""SR2_tightness"":{""value"":1.059811303959343,""score"":43.09639761594811},""SR3_recency"":{""value"":235,""score"":0.0},""SR4_price_location"":{""score"":92.88685524126447},""SR5_reaction"":{""value"":1.9458948796176097,""score"":97.29474398088048},""_score"":59.28,""_levels_found"":7,""_target_level"":48.77},""volume"":{""V1_rvol_day"":{""value"":0.561715197396321,""score"":4.114346493088069},""V2_rvol_sameslot"":{""value"":0.8183481852574964,""score"":21.22321235049976,""status"":""ok""},""V3_breakout_bar"":{""value"":0.6942087843639068,""score"":12.947252290927116},""V4_base_dryup"":{""value"":1.4137163401963189,""score"":8.628365980368116},""V5_bo_expansion"":{""value"":0.5617151973963209,""score"":0},""_score"":10.03},""readiness"":{""_distance_atr"":0.173,""BR1_atr_distance"":{""score"":88.45617661666255},""BR2_compression"":{""score"":24.72951299903094},""BR3_retest"":{""score"":50.0},""BR4_bo_age"":{""score"":50.0},""_score"":59.06},""risk"":{""R1_stop_clarity"":{""score"":67.97394394150629},""R2_stop_distance_pct"":{""value"":19.215169640094867,""score"":0.0},""R3_stop_distance_atr"":{""value"":2.501110278029725,""score"":100.0},""R4_rr_potential"":{""value"":-0.27370867200309107,""score"":0.0},""_score"":38.79},""market"":{""M1_spy_regime"":{""score"":100.0},""M3_earnings_risk"":{""value"":null,""score"":80.0},""M4_vix"":{""value"":null,""score"":60.0},""_score"":84.0},""liquidity"":{""L1_price"":{""value"":48.485,""score"":100.0},""L2_dollar_vol"":{""value"":1064944561.0482625,""score"":100.0},""L3_spread_proxy"":{""value"":0.06764978859441066,""score"":32.350211405589334},""L4_volume_zscore"":{""value"":-0.7805110251719105,""score"":100.0},""_score"":93.24},""pattern_structure"":{""n_contractions"":5,""contractions_pct"":[15.64,13.52,27.21,24.25,19.06],""descending_strict"":false,""final_low"":39.765,""final_pivot"":49.13,""structural_low"":39.765,""dry_up_ratio"":0.8928169674777862,""current_price"":48.485,""neckline_distance_pct"":0.013303083427864352,""base_bars"":54},""pattern_geometry_features"":{""contraction_count"":5.0,""first_contraction_pct"":0.1564123598578069,""last_contraction_pct"":0.1906167311215144,""dry_up_ratio"":0.8928169674777862,""near_monotone"":0.0,""base_depth_pct"":-0.08736669401148484},""_schema_version"":""1.0""}",,,,,,,,,,
20260508T195117Z-64671e,2026-05-08T19:51:17.654677+00:00,HON,ascending_triangle,forming,51.78,22.1,64.1,57.6,54.0,26.9,38.2,53.4,84.0,98.2,3.31,17.95,4.61,7.56,3.22,3.06,2.14,5.04,4.91,True,risk_unclear,213.13,218.26,205.4119,227.98,"{""trend"":{""T1_ema_stack"":{""value"":[false,false,true],""score"":33.33333333333333},""T2_ema50_slope"":{""value"":-0.1714985209758482,""score"":21.416913170691963},""T3_high_proximity"":{""value"":0.8592565715207224,""score"":29.628285760361194},""T4_rs_1m"":{""value"":-0.1810003621031856,""score"":0},""T5_rs_3m"":{""value"":-0.17297900480536732,""score"":0},""T6_adr_healthy"":{""value"":2.2090352127128754,""score"":100.0},""_score"":22.06},""geometry"":{""sub_flat_top_quality"":100,""sub_hl_slope"":9.3,""sub_compression"":65.2,""sub_duration"":100.0,""_score"":64.09},""compression"":{""VC1_atr_ratio"":{""value"":0.49712462219856335,""score"":100},""VC2_range_contraction"":{""value"":0.8986215417976555,""score"":16.89640970039075},""VC3_range_pct_rank"":{""score"":46.666666666666664},""_score"":57.58},""sr_quality"":{""SR1_touches"":{""value"":4,""score"":75.0},""SR2_tightness"":{""value"":1.3000630398176845,""score"":53.13568220980917},""SR3_recency"":{""value"":246,""score"":0.0},""SR4_price_location"":{""score"":36.39770268082362},""SR5_reaction"":{""value"":1.9232724126743808,""score"":96.16362063371903},""_score"":53.99,""_levels_found"":7,""_target_level"":221.707},""volume"":{""V1_rvol_day"":{""value"":0.4225678432349301,""score"":0},""V2_rvol_sameslot"":{""value"":0.8710045003171868,""score"":24.73363335447912,""status"":""ok""},""V3_breakout_bar"":{""value"":0.9946631708534388,""score"":32.97754472356259},""V4_base_dryup"":{""value"":0.8166396798458574,""score"":68.33603201541426},""V5_bo_expansion"":{""value"":0.4225678432349301,""score"":0},""_score"":26.86},""readiness"":{""_distance_atr"":0.925,""BR1_atr_distance"":{""score"":38.35838650373101},""BR2_compression"":{""score"":21.406480149294303},""BR3_retest"":{""score"":50.0},""BR4_bo_age"":{""score"":50.0},""_score"":38.19},""risk"":{""R1_stop_clarity"":{""score"":0},""R2_stop_distance_pct"":{""value"":3.6213109369868124,""score"":100.0},""R3_stop_distance_atr"":{""value"":1.3910998161565895,""score"":94.55499080782947},""R4_rr_potential"":{""value"":1.9240486648268367,""score"":46.202433241341836},""_score"":53.42},""market"":{""M1_spy_regime"":{""score"":100.0},""M3_earnings_risk"":{""value"":null,""score"":80.0},""M4_vix"":{""value"":null,""score"":60.0},""_score"":84.0},""liquidity"":{""L1_price"":{""value"":213.13,""score"":100.0},""L2_dollar_vol"":{""value"":340014313.48218197,""score"":100.0},""L3_spread_proxy"":{""value"":0.018322150799981236,""score"":81.67784920001876},""L4_volume_zscore"":{""value"":-1.6854009805574561,""score"":100.0},""_score"":98.17},""pattern_structure"":{""top"":218.26,""top_touches"":4,""low_slope_per_bar"":0.05845309232148287,""lowest_low"":208.54,""structural_low"":208.54,""current_price"":213.105,""neckline_distance_pct"":0.024189953309401477,""base_bars"":42},""pattern_geometry_features"":{""top_touches"":4.0,""low_slope"":0.05845309232148287,""compression"":0.3259668461922518,""atr_pct"":0.026031999249284486},""_schema_version"":""1.0""}",,,,,,,,,,
20260508T195117Z-64671e,2026-05-08T19:51:17.654677+00:00,VZ,vcp,forming,51.6,34.0,52.6,61.0,58.3,28.4,30.2,65.0,84.0,98.9,5.11,13.14,7.32,6.99,3.69,2.11,3.25,5.04,4.95,True,risk_unclear,47.175,48.65,45.5612,52.87,"{""trend"":{""T1_ema_stack"":{""value"":[false,false,true],""score"":33.33333333333333},""T2_ema50_slope"":{""value"":-0.06081715116840866,""score"":39.86380813859856},""T3_high_proximity"":{""value"":0.918158816660179,""score"":59.07940833008946},""T4_rs_1m"":{""value"":-0.09652624258699116,""score"":0},""T5_rs_3m"":{""value"":-0.04837721791842897,""score"":25.811391040785516},""T6_adr_healthy"":{""value"":2.1083145904250253,""score"":100.0},""_score"":34.04},""geometry"":{""sub_contraction_count"":100.0,""sub_reduction_rate"":0,""sub_pivot_tightness"":72.6,""sub_volume_dryup"":22.1,""sub_base_depth"":33.6,""sub_base_duration"":100.0,""_score"":52.56},""compression"":{""VC1_atr_ratio"":{""value"":0.3867543295389199,""score"":100},""VC2_range_contraction"":{""value"":1.01437024560248,""score"":0},""VC3_range_pct_rank"":{""score"":84.16666666666667},""_score"":61.04},""sr_quality"":{""SR1_touches"":{""value"":4,""score"":75.0},""SR2_tightness"":{""value"":0.17029386365926205,""score"":68.03065248099671},""SR3_recency"":{""value"":228,""score"":0.0},""SR4_price_location"":{""score"":42.225524800297194},""SR5_reaction"":{""value"":2.180020113979218,""score"":100},""_score"":58.26,""_levels_found"":6,""_target_level"":48.73},""volume"":{""V1_rvol_day"":{""value"":0.3163169857612749,""score"":0},""V2_rvol_sameslot"":{""value"":0.7559832738975387,""score"":17.065551593169246,""status"":""ok""},""V3_breakout_bar"":{""value"":1.1366887512748127,""score"":42.44591675165418},""V4_base_dryup"":{""value"":0.7808543213126716,""score"":71.91456786873283},""V5_bo_expansion"":{""value"":0.31631698576127487,""score"":0},""_score"":28.41},""readiness"":{""_distance_atr"":1.385,""BR1_atr_distance"":{""score"":7.699184266398291},""BR2_compression"":{""score"":38.3861831379422},""BR3_retest"":{""score"":50.0},""BR4_bo_age"":{""score"":50.0},""_score"":30.18},""risk"":{""R1_stop_clarity"":{""score"":0},""R2_stop_distance_pct"":{""value"":3.4209326974032823,""score"":100.0},""R3_stop_distance_atr"":{""value"":1.5148206503519948,""score"":100.0},""R4_rr_potential"":{""value"":3.5288832432264994,""score"":100.0},""_score"":65.0},""market"":{""M1_spy_regime"":{""score"":100.0},""M3_earnings_risk"":{""value"":null,""score"":80.0},""M4_vix"":{""value"":null,""score"":60.0},""_score"":84.0},""liquidity"":{""L1_price"":{""value"":47.175,""score"":100.0},""L2_dollar_vol"":{""value"":359560653.9324347,""score"":100.0},""L3_spread_proxy"":{""value"":0.01081081081081077,""score"":89.18918918918924},""L4_volume_zscore"":{""value"":-2.262021109301673,""score"":100.0},""_score"":98.92},""pattern_structure"":{""n_contractions"":5,""contractions_pct"":[3.18,3.12,5.33,14.34,4.92],""descending_strict"":false,""final_low"":46.255,""final_pivot"":48.65,""structural_low"":46.255,""dry_up_ratio"":0.8892717579909172,""current_price"":47.175,""neckline_distance_pct"":0.031266560678325415,""base_bars"":46},""pattern_geometry_features"":{""contraction_count"":5.0,""first_contraction_pct"":0.031797919762258625,""last_contraction_pct"":0.04922918807810886,""dry_up_ratio"":0.8892717579909172,""near_monotone"":0.0,""base_depth_pct"":0.083605745418524},""_schema_version"":""1.0""}",,,,,,,,,,
20260508T195117Z-64671e,2026-05-08T19:51:17.654677+00:00,GD,double_bottom,forming,51.51,37.9,59.5,59.0,46.1,17.6,56.7,49.7,84.0,98.6,5.68,14.88,4.72,6.46,2.28,4.54,2.98,5.04,4.93,True,risk_unclear,347.115,353.57,330.3986,371.7099,"{""trend"":{""T1_ema_stack"":{""value"":[true,false,true],""score"":66.66666666666666},""T2_ema50_slope"":{""value"":-0.14671549258412436,""score"":25.54741790264594},""T3_high_proximity"":{""value"":0.9480907899049492,""score"":74.04539495247458},""T4_rs_1m"":{""value"":-0.07451539296618237,""score"":0},""T5_rs_3m"":{""value"":-0.10303480426301159,""score"":0},""T6_adr_healthy"":{""value"":2.1068776477763658,""score"":100.0},""_score"":37.88},""geometry"":{""sub_low_similarity"":49.5,""sub_bounce_quality"":34.4,""sub_separation_fit"":53.3,""sub_right_bottom_reaction"":65.2,""sub_base_context"":100.0,""_score"":59.51},""compression"":{""VC1_atr_ratio"":{""value"":0.5458363512281774,""score"":100},""VC2_range_contraction"":{""value"":1.0302263374577965,""score"":0},""VC3_range_pct_rank"":{""score"":75.83333333333333},""_score"":58.96},""sr_quality"":{""SR1_touches"":{""value"":3,""score"":50.0},""SR2_tightness"":{""value"":2.052526897915502,""score"":56.07215694452565},""SR3_recency"":{""value"":227,""score"":0.0},""SR4_price_location"":{""score"":49.2647058823528},""SR5_reaction"":{""value"":1.3879090330268533,""score"":69.39545165134267},""_score"":46.14,""_levels_found"":5,""_target_level"":350.68},""volume"":{""V1_rvol_day"":{""value"":0.3570016235986469,""score"":0},""V2_rvol_sameslot"":{""value"":0.6484843733691199,""score"":9.898958224607995,""status"":""ok""},""V3_breakout_bar"":{""value"":0.9649350102795216,""score"":30.995667351968102},""V4_base_dryup"":{""value"":1.108326815648701,""score"":39.16731843512991},""V5_bo_expansion"":{""value"":0.3570016235986469,""score"":0},""_score"":17.56},""readiness"":{""_distance_atr"":0.691,""BR1_atr_distance"":{""score"":53.95038392090303},""BR2_compression"":{""score"":70.57637317889586},""BR3_retest"":{""score"":50.0},""BR4_bo_age"":{""score"":50.0},""_score"":56.72},""risk"":{""R1_stop_clarity"":{""score"":0},""R2_stop_distance_pct"":{""value"":4.815796349912862,""score"":100.0},""R3_stop_distance_atr"":{""value"":1.7888030259138035,""score"":100.0},""R4_rr_potential"":{""value"":1.4713078987361536,""score"":23.56539493680768},""_score"":49.71},""market"":{""M1_spy_regime"":{""score"":100.0},""M3_earnings_risk"":{""value"":null,""score"":80.0},""M4_vix"":{""value"":null,""score"":60.0},""_score"":84.0},""liquidity"":{""L1_price"":{""value"":347.115,""score"":100.0},""L2_dollar_vol"":{""value"":192535085.97720945,""score"":100.0},""L3_spread_proxy"":{""value"":0.013943505754577104,""score"":86.0564942454229},""L4_volume_zscore"":{""value"":-1.6943496201261978,""score"":100.0},""_score"":98.61},""pattern_structure"":{""left_low"":335.4301,""left_idx"":37,""right_low"":344.01,""right_idx"":74,""separation_bars"":37,""structural_low"":335.4301,""current_price"":346.64,""neckline_distance_pct"":0.019991922455573526,""base_bars"":37},""pattern_geometry_features"":{""low_similarity_pct"":0.02525579517605749,""bounce_pct"":0.05407952357286962,""right_bottom_reaction"":0.6524725274725299,""atr_pct"":0.02692189290910177},""_schema_version"":""1.0""}",,,,,,,,,,
20260508T195117Z-64671e,2026-05-08T19:51:17.654677+00:00,LRCX,breakout_retest_hold,setup,51.4,99.1,25.0,44.4,41.6,25.3,55.8,61.7,84.0,96.6,13.88,5.5,2.66,5.83,3.29,10.05,3.09,4.2,2.9,False,,293.775,280.0,280.3086,273.72,"{""trend"":{""T1_ema_stack"":{""value"":[true,true,true],""score"":100.0},""T2_ema50_slope"":{""value"":0.37585054959100694,""score"":100},""T3_high_proximity"":{""value"":0.9885755628091664,""score"":94.28778140458316},""T4_rs_1m"":{""value"":0.051454400970417424,""score"":100},""T5_rs_3m"":{""value"":0.20464250579237664,""score"":100},""T6_adr_healthy"":{""value"":3.876329878572249,""score"":100.0},""_score"":99.14},""geometry"":{""sub_retest_depth"":0.0,""sub_retest_timing"":100.0,""sub_retest_freshness"":25.0,""sub_hold_quality"":0.0,""_score"":25.0},""compression"":{""VC1_atr_ratio"":{""value"":0.7205839508780943,""score"":69.85401228047641},""VC2_range_contraction"":{""value"":1.0575972680279169,""score"":0},""VC3_range_pct_rank"":{""score"":65.83333333333333},""_score"":44.4},""sr_quality"":{""SR1_touches"":{""value"":2,""score"":25.0},""SR2_tightness"":{""value"":1.1699999999999875,""score"":83.05925279721438},""SR3_recency"":{""value"":233,""score"":0.0},""SR4_price_location"":{""score"":30.0},""SR5_reaction"":{""value"":1.8917167709777476,""score"":94.58583854888738},""_score"":41.65,""_levels_found"":8,""_target_level"":274.67},""volume"":{""V1_rvol_day"":{""value"":0.5474487994132303,""score"":3.163253294215355},""V2_rvol_sameslot"":{""value"":0.903194777715475,""score"":26.879651847698334,""status"":""ok""},""V3_breakout_bar"":{""value"":0.9663197025746953,""score"":31.087980171646358},""V4_base_dryup"":{""value"":0.9223760881609755,""score"":57.76239118390245},""V5_bo_expansion"":{""value"":0.5474487994132302,""score"":0},""_score"":25.33},""readiness"":{""_distance_atr"":-0.997,""BR1_atr_distance"":{""score"":40.054804041164616},""BR2_compression"":{""score"":61.15059664253638},""BR3_retest"":{""score"":100},""BR4_bo_age"":{""score"":30.0},""_score"":55.81},""risk"":{""R1_stop_clarity"":{""score"":59.00339176925792},""R2_stop_distance_pct"":{""value"":4.583916262445757,""score"":100.0},""R3_stop_distance_atr"":{""value"":0.9749182826136542,""score"":73.7459141306827},""R4_rr_potential"":{""value"":-1.489262163607194,""score"":0.0},""_score"":61.71},""market"":{""M1_spy_regime"":{""score"":100.0},""M3_earnings_risk"":{""value"":null,""score"":80.0},""M4_vix"":{""value"":null,""score"":60.0},""_score"":84.0},""liquidity"":{""L1_price"":{""value"":293.775,""score"":100.0},""L2_dollar_vol"":{""value"":1515947735.0279417,""score"":100.0},""L3_spread_proxy"":{""value"":0.03369925963747778,""score"":66.30074036252222},""L4_volume_zscore"":{""value"":-1.7607736803890395,""score"":100.0},""_score"":96.63},""pattern_structure"":{""level"":280.0,""level_idx"":58,""breakout_idx"":62,""bo_peak_idx"":68,""bo_peak_price"":297.995,""retest_idx"":70,""retest_low"":283.14,""structural_low"":283.14,""current_price"":293.47,""neckline_distance_pct"":-0.045899069751593094,""base_bars"":21,""bars_since_breakout"":17},""pattern_geometry_features"":{""retest_depth_atr"":-0.7070728906580901,""bars_breakout_to_retest"":8.0,""bars_since_retest"":9.0,""current_above_level_atr"":3.033207591453673,""bo_peak_excess_pct"":0.06426785714285715,""atr_pct"":0.04701846651348825},""_schema_version"":""1.0""}",,,,,,,,,,
20260508T195117Z-64671e,2026-05-08T19:51:17.654677+00:00,RGTI,vcp,absent,51.37,70.6,46.6,67.3,42.2,8.3,32.4,58.0,84.0,94.0,10.58,11.66,8.07,5.06,1.08,2.27,2.9,5.04,4.7,False,,18.4299,20.17,15.0705,31.3699,"{""trend"":{""T1_ema_stack"":{""value"":[true,true,false],""score"":66.66666666666666},""T2_ema50_slope"":{""value"":0.13720029899463126,""score"":72.86671649910521},""T3_high_proximity"":{""value"":0.9173668491786958,""score"":58.68342458934789},""T4_rs_1m"":{""value"":0.2040395231123664,""score"":100},""T5_rs_3m"":{""value"":-0.02640633844161111,""score"":36.796830779194444},""T6_adr_healthy"":{""value"":7.430980890826425,""score"":100.0},""_score"":70.56},""geometry"":{""sub_contraction_count"":100.0,""sub_reduction_rate"":11.9,""sub_pivot_tightness"":0,""sub_volume_dryup"":57.7,""sub_base_depth"":0.0,""sub_base_duration"":100.0,""_score"":46.63},""compression"":{""VC1_atr_ratio"":{""value"":0.5895954961290889,""score"":100},""VC2_range_contraction"":{""value"":0.8393449972635301,""score"":26.775833789411656},""VC3_range_pct_rank"":{""score"":71.66666666666667},""_score"":67.29},""sr_quality"":{""SR1_touches"":{""value"":2,""score"":25.0},""SR2_tightness"":{""value"":0.26500000000000057,""score"":60.35541212739689},""SR3_recency"":{""value"":313,""score"":0.0},""SR4_price_location"":{""score"":42.58916758916758},""SR5_reaction"":{""value"":3.7785780309142294,""score"":100},""_score"":42.2,""_levels_found"":4,""_target_level"":21.265},""volume"":{""V1_rvol_day"":{""value"":0.4428578260997353,""score"":0},""V2_rvol_sameslot"":{""value"":0.6361709424282089,""score"":9.078062828547262,""status"":""ok""},""V3_breakout_bar"":{""value"":0.6890869263278099,""score"":12.605795088520658},""V4_base_dryup"":{""value"":1.3329626776160834,""score"":16.703732238391652},""V5_bo_expansion"":{""value"":0.4428578260997354,""score"":0},""_score"":8.31},""readiness"":{""_distance_atr"":1.302,""BR1_atr_distance"":{""score"":13.225726594821893},""BR2_compression"":{""score"":38.3604425671343},""BR3_retest"":{""score"":50.0},""BR4_bo_age"":{""score"":50.0},""_score"":32.38},""risk"":{""R1_stop_clarity"":{""score"":65.66629088014193},""R2_stop_distance_pct"":{""value"":18.227988214803116,""score"":0.0},""R3_stop_distance_atr"":{""value"":2.5128684622494823,""score"":100.0},""R4_rr_potential"":{""value"":3.8518783116032638,""score"":100.0},""_score"":57.98},""market"":{""M1_spy_regime"":{""score"":100.0},""M3_earnings_risk"":{""value"":null,""score"":80.0},""M4_vix"":{""value"":null,""score"":60.0},""_score"":84.0},""liquidity"":{""L1_price"":{""value"":18.4299,""score"":100.0},""L2_dollar_vol"":{""value"":259357944.49223515,""score"":100.0},""L3_spread_proxy"":{""value"":0.059685619563860974,""score"":40.314380436139025},""L4_volume_zscore"":{""value"":-1.0540694181276378,""score"":100.0},""_score"":94.03},""pattern_structure"":{""n_contractions"":5,""contractions_pct"":[44.04,17.02,19.83,23.13,24.14],""descending_strict"":false,""final_low"":15.3,""final_pivot"":20.17,""structural_low"":15.3,""dry_up_ratio"":0.7116691087406203,""current_price"":18.4299,""neckline_distance_pct"":0.09441722418461314,""base_bars"":69},""pattern_geometry_features"":{""contraction_count"":5.0,""first_contraction_pct"":0.44037524669904415,""last_contraction_pct"":0.2414476945959346,""dry_up_ratio"":0.7116691087406203,""near_monotone"":0.0,""base_depth_pct"":0.42263933071445553},""_schema_version"":""1.0""}",,,,,,,,,,
20260508T195117Z-64671e,2026-05-08T19:51:17.654677+00:00,LEU,double_bottom,forming,51.37,34.2,52.1,42.3,68.0,24.4,31.5,80.4,84.0,95.0,5.13,13.02,3.38,9.53,3.17,2.52,4.83,5.04,4.75,False,,204.96,235.0,197.2463,269.7499,"{""trend"":{""T1_ema_stack"":{""value"":[false,false,false],""score"":0.0},""T2_ema50_slope"":{""value"":-0.024338830791054564,""score"":45.943528201490906},""T3_high_proximity"":{""value"":0.7419635099913119,""score"":0},""T4_rs_1m"":{""value"":0.053728233134545667,""score"":100},""T5_rs_3m"":{""value"":-0.2891303085922332,""score"":0},""T6_adr_healthy"":{""value"":7.439368828842789,""score"":100.0},""_score"":34.19},""geometry"":{""sub_low_similarity"":84.0,""sub_bounce_quality"":100,""sub_separation_fit"":0.0,""sub_right_bottom_reaction"":5.8,""sub_base_context"":30.0,""_score"":52.07},""compression"":{""VC1_atr_ratio"":{""value"":0.7831137123771988,""score"":54.22157190570028},""VC2_range_contraction"":{""value"":1.1292281228597931,""score"":0},""VC3_range_pct_rank"":{""score"":82.5},""_score"":42.31},""sr_quality"":{""SR1_touches"":{""value"":5,""score"":100},""SR2_tightness"":{""value"":4.098243953695287,""score"":55.208315656144414},""SR3_recency"":{""value"":239,""score"":0.0},""SR4_price_location"":{""score"":59.995662964123106},""SR5_reaction"":{""value"":1.9693757470105915,""score"":98.46878735052957},""_score"":68.05,""_levels_found"":7,""_target_level"":216.5821},""volume"":{""V1_rvol_day"":{""value"":0.6353457164431705,""score"":9.023047762878033},""V2_rvol_sameslot"":{""value"":0.8887307801789522,""score"":25.91538534526348,""status"":""ok""},""V3_breakout_bar"":{""value"":0.600692373712738,""score"":6.712824914182532},""V4_base_dryup"":{""value"":0.7132289246367105,""score"":78.67710753632895},""V5_bo_expansion"":{""value"":0.6353457164431706,""score"":0},""_score"":24.4},""readiness"":{""_distance_atr"":1.642,""BR1_atr_distance"":{""score"":0},""BR2_compression"":{""score"":56.116999447053416},""BR3_retest"":{""score"":50.0},""BR4_bo_age"":{""score"":50.0},""_score"":31.53},""risk"":{""R1_stop_clarity"":{""score"":67.1705514470245},""R2_stop_distance_pct"":{""value"":3.7634911690085855,""score"":100.0},""R3_stop_distance_atr"":{""value"":0.42153108383771576,""score"":46.07655419188579},""R4_rr_potential"":{""value"":8.399381278762728,""score"":100.0},""_score"":80.42},""market"":{""M1_spy_regime"":{""score"":100.0},""M3_earnings_risk"":{""value"":null,""score"":80.0},""M4_vix"":{""value"":null,""score"":60.0},""_score"":84.0},""liquidity"":{""L1_price"":{""value"":204.96,""score"":100.0},""L2_dollar_vol"":{""value"":121356901.7917469,""score"":100.0},""L3_spread_proxy"":{""value"":0.0500092701014832,""score"":49.990729898516804},""L4_volume_zscore"":{""value"":-1.03308177845276,""score"":100.0},""_score"":95.0},""pattern_structure"":{""left_low"":201.86,""left_idx"":27,""right_low"":200.2501,""right_idx"":74,""separation_bars"":47,""structural_low"":200.2501,""current_price"":204.495,""neckline_distance_pct"":0.14917235140223475,""base_bars"":47},""pattern_geometry_features"":{""low_similarity_pct"":0.00800725970325048,""bounce_pct"":0.1735324976117365,""right_bottom_reaction"":0.05755178099298532,""atr_pct"":0.08928146258503401},""_schema_version"":""1.0""}",,,,,,,,,,
20260508T195117Z-64671e,2026-05-08T19:51:17.654677+00:00,CW,ascending_triangle,absent,51.31,70.2,32.4,64.1,64.0,26.6,44.3,56.3,84.0,71.8,10.53,9.08,5.13,8.96,3.2,3.54,2.25,5.04,3.59,True,risk_unclear,727.825,750.0,694.5235,794.9,"{""trend"":{""T1_ema_stack"":{""value"":[true,true,true],""score"":100.0},""T2_ema50_slope"":{""value"":0.15482937204710118,""score"":75.80489534118354},""T3_high_proximity"":{""value"":0.9797210892595136,""score"":89.86054462975679},""T4_rs_1m"":{""value"":-0.07652168352394506,""score"":0},""T5_rs_3m"":{""value"":0.05384771754983175,""score"":76.92385877491589},""T6_adr_healthy"":{""value"":2.771756912090986,""score"":100.0},""_score"":70.18},""geometry"":{""sub_flat_top_quality"":33.3,""sub_hl_slope"":24.8,""sub_compression"":0,""sub_duration"":100.0,""_score"":32.43},""compression"":{""VC1_atr_ratio"":{""value"":0.4344385115157108,""score"":100},""VC2_range_contraction"":{""value"":0.8831890621067088,""score"":19.46848964888187},""VC3_range_pct_rank"":{""score"":69.16666666666667},""_score"":64.11},""sr_quality"":{""SR1_touches"":{""value"":5,""score"":100},""SR2_tightness"":{""value"":2.57040347027466,""score"":76.48808984357673},""SR3_recency"":{""value"":239,""score"":0.0},""SR4_price_location"":{""score"":30.0},""SR5_reaction"":{""value"":2.6184451971982257,""score"":100},""_score"":63.97,""_levels_found"":7,""_target_level"":713.366},""volume"":{""V1_rvol_day"":{""value"":0.5979864926921624,""score"":6.532432846144161},""V2_rvol_sameslot"":{""value"":0.9446496501784147,""score"":29.643310011894314,""status"":""ok""},""V3_breakout_bar"":{""value"":0.9404731853943106,""score"":29.364879026287372},""V4_base_dryup"":{""value"":0.8969791391907441,""score"":60.30208608092559},""V5_bo_expansion"":{""value"":0.5979864926921624,""score"":0},""_score"":26.64},""readiness"":{""_distance_atr"":1.014,""BR1_atr_distance"":{""score"":32.38718956665413},""BR2_compression"":{""score"":55.207579914510276},""BR3_retest"":{""score"":50.0},""BR4_bo_age"":{""score"":50.0},""_score"":44.26},""risk"":{""R1_stop_clarity"":{""score"":3.2549867578419764},""R2_stop_distance_pct"":{""value"":4.575481743550995,""score"":100.0},""R3_stop_distance_atr"":{""value"":1.5230719323423276,""score"":100.0},""R4_rr_potential"":{""value"":2.014173535726615,""score"":50.708676786330756},""_score"":56.28},""market"":{""M1_spy_regime"":{""score"":100.0},""M3_earnings_risk"":{""value"":null,""score"":80.0},""M4_vix"":{""value"":null,""score"":60.0},""_score"":84.0},""liquidity"":{""L1_price"":{""value"":727.825,""score"":0.0},""L2_dollar_vol"":{""value"":94527946.2626142,""score"":98.7780111203771},""L3_spread_proxy"":{""value"":0.026819496444887014,""score"":73.18050355511298},""L4_volume_zscore"":{""value"":-1.1285543557369653,""score"":100.0},""_score"":71.83},""pattern_structure"":{""top"":750.0,""top_touches"":2,""low_slope_per_bar"":0.5240849194729096,""lowest_low"":705.1,""structural_low"":705.1,""current_price"":728.52,""neckline_distance_pct"":0.029484434195354993,""base_bars"":41},""pattern_geometry_features"":{""top_touches"":2.0,""low_slope"":0.5240849194729096,""compression"":-0.05050158267490712,""atr_pct"":0.030041140187741334},""_schema_version"":""1.0""}",,,,,,,,,,
20260508T195117Z-64671e,2026-05-08T19:51:17.654677+00:00,VZ,ascending_triangle,forming,51.15,34.0,51.8,61.0,58.3,28.1,34.2,60.4,84.0,98.9,5.11,14.5,4.88,8.16,3.37,2.73,2.42,5.04,4.95,True,risk_unclear,47.175,48.49,46.2014,50.075,"{""trend"":{""T1_ema_stack"":{""value"":[false,false,true],""score"":33.33333333333333},""T2_ema50_slope"":{""value"":-0.06081715116840866,""score"":39.86380813859856},""T3_high_proximity"":{""value"":0.918158816660179,""score"":59.07940833008946},""T4_rs_1m"":{""value"":-0.09652624258699116,""score"":0},""T5_rs_3m"":{""value"":-0.04837721791842897,""score"":25.811391040785516},""T6_adr_healthy"":{""value"":2.1083145904250253,""score"":100.0},""_score"":34.04},""geometry"":{""sub_flat_top_quality"":66.7,""sub_hl_slope"":8.3,""sub_compression"":57.2,""sub_duration"":100.0,""_score"":51.8},""compression"":{""VC1_atr_ratio"":{""value"":0.3867543295389199,""score"":100},""VC2_range_contraction"":{""value"":1.01437024560248,""score"":0},""VC3_range_pct_rank"":{""score"":84.16666666666667},""_score"":61.04},""sr_quality"":{""SR1_touches"":{""value"":4,""score"":75.0},""SR2_tightness"":{""value"":0.17029386365926205,""score"":68.03065248099671},""SR3_recency"":{""value"":228,""score"":0.0},""SR4_price_location"":{""score"":42.225524800297194},""SR5_reaction"":{""value"":2.180020113979218,""score"":100},""_score"":58.26,""_levels_found"":6,""_target_level"":48.73},""volume"":{""V1_rvol_day"":{""value"":0.3163169857612749,""score"":0},""V2_rvol_sameslot"":{""value"":0.7559832738975387,""score"":17.065551593169246,""status"":""ok""},""V3_breakout_bar"":{""value"":1.1366887512748127,""score"":42.44591675165418},""V4_base_dryup"":{""value"":0.7981610548802871,""score"":70.18389451197129},""V5_bo_expansion"":{""value"":0.31631698576127487,""score"":0},""_score"":28.06},""readiness"":{""_distance_atr"":1.234,""BR1_atr_distance"":{""score"":17.711476142585383},""BR2_compression"":{""score"":38.3861831379422},""BR3_retest"":{""score"":50.0},""BR4_bo_age"":{""score"":50.0},""_score"":34.18},""risk"":{""R1_stop_clarity"":{""score"":0},""R2_stop_distance_pct"":{""value"":2.063751987281392,""score"":100.0},""R3_stop_distance_atr"":{""value"":0.9138484746899074,""score"":70.69242373449536},""R4_rr_potential"":{""value"":2.9787124772102973,""score"":98.93562386051487},""_score"":60.39},""market"":{""M1_spy_regime"":{""score"":100.0},""M3_earnings_risk"":{""value"":null,""score"":80.0},""M4_vix"":{""value"":null,""score"":60.0},""_score"":84.0},""liquidity"":{""L1_price"":{""value"":47.175,""score"":100.0},""L2_dollar_vol"":{""value"":359560653.9324347,""score"":100.0},""L3_spread_proxy"":{""value"":0.01081081081081077,""score"":89.18918918918924},""L4_volume_zscore"":{""value"":-2.262021109301673,""score"":100.0},""_score"":98.92},""pattern_structure"":{""top"":48.49,""top_touches"":3,""low_slope_per_bar"":0.011734382935500257,""lowest_low"":46.905,""structural_low"":46.905,""current_price"":47.28,""neckline_distance_pct"":0.025592216582064314,""base_bars"":49},""pattern_geometry_features"":{""top_touches"":3.0,""low_slope"":0.011734382935500257,""compression"":0.28623767542775624,""atr_pct"":0.02258308728896962},""_schema_version"":""1.0""}",,,,,,,,,,
20260508T195117Z-64671e,2026-05-08T19:51:17.654677+00:00,HEI,bull_flag,forming,51.07,16.8,63.7,45.8,62.9,21.4,47.3,68.0,84.0,97.0,2.36,19.12,4.12,6.29,3.0,4.25,2.04,5.04,4.85,True,risk_unclear,292.14,301.095,281.0599,337.2325,"{""trend"":{""T1_ema_stack"":{""value"":[true,false,false],""score"":33.33333333333333},""T2_ema50_slope"":{""value"":-0.26396407566531066,""score"":6.005987389114885},""T3_high_proximity"":{""value"":0.8307456065517829,""score"":15.37280327589141},""T4_rs_1m"":{""value"":-0.08754728208123541,""score"":0},""T5_rs_3m"":{""value"":-0.17275869212154316,""score"":0},""T6_adr_healthy"":{""value"":3.1723638203937368,""score"":100.0},""_score"":16.84},""geometry"":{""sub_pole_impulse"":70.7,""sub_flag_tightness"":53.2,""sub_flag_shallowness"":23.3,""sub_flag_drift"":97.1,""sub_flag_duration"":100.0,""_score"":63.73},""compression"":{""VC1_atr_ratio"":{""value"":0.612951399384236,""score"":96.76215015394098},""VC2_range_contraction"":{""value"":1.0534375198084789,""score"":0},""VC3_range_pct_rank"":{""score"":28.333333333333332},""_score"":45.79},""sr_quality"":{""SR1_touches"":{""value"":3,""score"":50.0},""SR2_tightness"":{""value"":1.207043369376411,""score"":76.8178471041599},""SR3_recency"":{""value"":259,""score"":0.0},""SR4_price_location"":{""score"":85.60069360133564},""SR5_reaction"":{""value"":2.6419150493838846,""score"":100},""_score"":62.92,""_levels_found"":5,""_target_level"":297.1383},""volume"":{""V1_rvol_day"":{""value"":0.9122259373639028,""score"":27.48172915759352},""V2_rvol_sameslot"":{""value"":0.99602222324359,""score"":33.06814821623934,""status"":""ok""},""V3_breakout_bar"":{""value"":0.7908552786151365,""score"":19.390351907675765},""V4_base_dryup"":{""value"":1.2780548056391825,""score"":22.194519436081748},""V5_bo_expansion"":{""value"":0.9122259373639028,""score"":0},""_score"":21.4},""readiness"":{""_distance_atr"":0.86,""BR1_atr_distance"":{""score"":42.67088644061495},""BR2_compression"":{""score"":50.7471393825869},""BR3_retest"":{""score"":50.0},""BR4_bo_age"":{""score"":50.0},""_score"":47.26},""risk"":{""R1_stop_clarity"":{""score"":17.797541391784563},""R2_stop_distance_pct"":{""value"":3.7927363592798033,""score"":100.0},""R3_stop_distance_atr"":{""value"":1.0640072213556788,""score"":78.20036106778394},""R4_rr_potential"":{""value"":4.069683486611134,""score"":100.0},""_score"":67.96},""market"":{""M1_spy_regime"":{""score"":100.0},""M3_earnings_risk"":{""value"":null,""score"":80.0},""M4_vix"":{""value"":null,""score"":60.0},""_score"":84.0},""liquidity"":{""L1_price"":{""value"":292.14,""score"":100.0},""L2_dollar_vol"":{""value"":186687519.3325764,""score"":100.0},""L3_spread_proxy"":{""value"":0.029814472513178737,""score"":70.18552748682126},""L4_volume_zscore"":{""value"":-0.20595829471903873,""score"":100.0},""_score"":97.02},""pattern_structure"":{""pole_low"":264.9575,""pole_low_idx"":24,""peak_price"":301.095,""peak_idx"":48,""pole_gain"":0.13638979836388873,""flag_bars"":11,""flag_low"":285.34,""flag_high"":296.87,""structural_low"":285.34,""current_price"":291.92,""neckline_distance_pct"":0.03142984379281999,""base_bars"":11},""pattern_geometry_features"":{""pole_gain"":0.13638979836388873,""pullback_pct"":0.052325677942177885,""flag_range_pct"":0.03829356183264428,""flag_drift_per_bar"":-0.0005895139390617464,""atr_pct"":0.03564577648681162,""pole_atr_multiple"":3.826254098135604},""_schema_version"":""1.0""}",,,,,,,,,,
20260508T195117Z-64671e,2026-05-08T19:51:17.654677+00:00,DELL,vcp,breakout_confirmed,51.07,100.0,43.4,6.9,46.0,54.1,17.5,21.6,84.0,90.0,15.0,10.84,0.83,5.51,7.04,1.23,1.08,5.04,4.5,False,,259.7,221.5,197.8274,148.72,"{""trend"":{""T1_ema_stack"":{""value"":[true,true,true],""score"":100.0},""T2_ema50_slope"":{""value"":0.639452692614715,""score"":100},""T3_high_proximity"":{""value"":1.0,""score"":99.99999999999997},""T4_rs_1m"":{""value"":0.34730536289640557,""score"":100},""T5_rs_3m"":{""value"":1.0783387760061054,""score"":100},""T6_adr_healthy"":{""value"":4.7613309666261605,""score"":100.0},""_score"":100.0},""geometry"":{""sub_contraction_count"":100.0,""sub_reduction_rate"":0,""sub_pivot_tightness"":9.6,""sub_volume_dryup"":46.1,""sub_base_depth"":0.0,""sub_base_duration"":100.0,""_score"":43.36},""compression"":{""VC1_atr_ratio"":{""value"":0.9306617339879999,""score"":17.334566503000026},""VC2_range_contraction"":{""value"":1.0883827906223928,""score"":0},""VC3_range_pct_rank"":{""score"":0.0},""_score"":6.93},""sr_quality"":{""SR1_touches"":{""value"":3,""score"":50.0},""SR2_tightness"":{""value"":1.6757684804292081,""score"":71.02173642119037},""SR3_recency"":{""value"":250,""score"":0.0},""SR4_price_location"":{""score"":30.0},""SR5_reaction"":{""value"":1.7056162200564016,""score"":85.28081100282007},""_score"":45.95,""_levels_found"":4,""_target_level"":155.63},""volume"":{""V1_rvol_day"":{""value"":1.6050441652780774,""score"":73.66961101853849},""V2_rvol_sameslot"":{""value"":1.9807660116235466,""score"":98.71773410823644,""status"":""ok""},""V3_breakout_bar"":{""value"":1.0169645700203822,""score"":34.46430466802548},""V4_base_dryup"":{""value"":1.2504961315733916,""score"":24.950386842660848},""V5_bo_expansion"":{""value"":1.6050441652780774,""score"":40.33627768520516},""_score"":54.13},""readiness"":{""_distance_atr"":-3.303,""BR1_atr_distance"":{""score"":0},""BR2_compression"":{""score"":0},""BR3_retest"":{""score"":50.0},""BR4_bo_age"":{""score"":50.0},""_score"":17.5},""risk"":{""R1_stop_clarity"":{""score"":47.90454774805056},""R2_stop_distance_pct"":{""value"":23.824643819792062,""score"":0.0},""R3_stop_distance_atr"":{""value"":5.349666532237891,""score"":32.516673388105445},""R4_rr_potential"":{""value"":-1.7936857348810302,""score"":0.0},""_score"":21.64},""market"":{""M1_spy_regime"":{""score"":100.0},""M3_earnings_risk"":{""value"":null,""score"":80.0},""M4_vix"":{""value"":null,""score"":60.0},""_score"":84.0},""liquidity"":{""L1_price"":{""value"":259.7,""score"":100.0},""L2_dollar_vol"":{""value"":2671049807.978623,""score"":100.0},""L3_spread_proxy"":{""value"":0.11705814401232194,""score"":0},""L4_volume_zscore"":{""value"":1.5421540045443045,""score"":100.0},""_score"":90.0},""pattern_structure"":{""n_contractions"":5,""contractions_pct"":[13.17,10.55,7.12,16.64,9.33],""descending_strict"":false,""final_low"":200.84,""final_pivot"":221.5,""structural_low"":200.84,""dry_up_ratio"":0.7693001134262217,""current_price"":259.7,""neckline_distance_pct"":-0.14709279938390446,""base_bars"":54},""pattern_geometry_features"":{""contraction_count"":5.0,""first_contraction_pct"":0.1316570357644854,""last_contraction_pct"":0.09327313769751691,""dry_up_ratio"":0.7693001134262217,""near_monotone"":0.0,""base_depth_pct"":-0.5683273465563017},""_schema_version"":""1.0""}",,,,,,,,,,
20260508T195117Z-64671e,2026-05-08T19:51:17.654677+00:00,BWXT,double_bottom,absent,50.87,46.4,45.0,46.5,57.5,26.7,42.5,70.6,84.0,95.1,6.95,11.25,3.72,8.05,3.47,3.4,4.24,5.04,4.75,False,,204.48,227.12,200.5164,250.67,"{""trend"":{""T1_ema_stack"":{""value"":[false,true,true],""score"":66.66666666666666},""T2_ema50_slope"":{""value"":0.15363198181651377,""score"":75.6053303027523},""T3_high_proximity"":{""value"":0.8576461706232699,""score"":28.823085311634912},""T4_rs_1m"":{""value"":-0.19594011881755635,""score"":0},""T5_rs_3m"":{""value"":-0.030086268734959898,""score"":34.95686563252005},""T6_adr_healthy"":{""value"":4.328621723660559,""score"":100.0},""_score"":46.35},""geometry"":{""sub_low_similarity"":18.9,""sub_bounce_quality"":100,""sub_separation_fit"":0.0,""sub_right_bottom_reaction"":88.9,""sub_base_context"":30.0,""_score"":45.0},""compression"":{""VC1_atr_ratio"":{""value"":0.5816784553865774,""score"":100},""VC2_range_contraction"":{""value"":1.2120850293077234,""score"":0},""VC3_range_pct_rank"":{""score"":25.83333333333333},""_score"":46.46},""sr_quality"":{""SR1_touches"":{""value"":6,""score"":100},""SR2_tightness"":{""value"":3.1328662921871078,""score"":39.73137794249144},""SR3_recency"":{""value"":235,""score"":0.0},""SR4_price_location"":{""score"":26.284875036742083},""SR5_reaction"":{""value"":2.0889685567085867,""score"":100},""_score"":57.53,""_levels_found"":7,""_target_level"":216.7685},""volume"":{""V1_rvol_day"":{""value"":0.6375615274218767,""score"":9.170768494791776},""V2_rvol_sameslot"":{""value"":1.0616753702146318,""score"":37.44502468097545,""status"":""ok""},""V3_breakout_bar"":{""value"":0.9875948846517064,""score"":32.50632564344709},""V4_base_dryup"":{""value"":1.0388689686445949,""score"":46.11310313554051},""V5_bo_expansion"":{""value"":0.6375615274218767,""score"":0},""_score"":26.67},""readiness"":{""_distance_atr"":2.178,""BR1_atr_distance"":{""score"":0},""BR2_compression"":{""score"":100},""BR3_retest"":{""score"":50.0},""BR4_bo_age"":{""score"":50.0},""_score"":42.5},""risk"":{""R1_stop_clarity"":{""score"":41.257227816374964},""R2_stop_distance_pct"":{""value"":1.9383558294209693,""score"":98.45889573552424},""R3_stop_distance_atr"":{""value"":0.38124464097264954,""score"":44.062232048632474},""R4_rr_potential"":{""value"":11.653694289210442,""score"":100.0},""_score"":70.59},""market"":{""M1_spy_regime"":{""score"":100.0},""M3_earnings_risk"":{""value"":null,""score"":80.0},""M4_vix"":{""value"":null,""score"":60.0},""_score"":84.0},""liquidity"":{""L1_price"":{""value"":204.48,""score"":100.0},""L2_dollar_vol"":{""value"":131023547.34238078,""score"":100.0},""L3_spread_proxy"":{""value"":0.04931240219092338,""score"":50.68759780907662},""L4_volume_zscore"":{""value"":-1.2030539869197234,""score"":100.0},""_score"":95.07},""pattern_structure"":{""left_low"":212.0001,""left_idx"":27,""right_low"":203.57,""right_idx"":73,""separation_bars"":46,""structural_low"":203.57,""current_price"":204.3,""neckline_distance_pct"":0.11169848262359272,""base_bars"":46},""pattern_geometry_features"":{""low_similarity_pct"":0.04057125380290839,""bounce_pct"":0.1156850223510341,""right_bottom_reaction"":0.8888888888888894,""atr_pct"":0.05084283478649676},""_schema_version"":""1.0""}",,,,,,,,,,
20260508T195117Z-64671e,2026-05-08T19:51:17.654677+00:00,NXE,ascending_triangle,absent,50.79,61.0,35.7,57.1,52.0,31.4,43.9,75.9,84.0,89.0,9.15,9.99,4.57,7.29,3.76,3.51,3.04,5.04,4.45,False,,12.145,12.985,11.6821,14.11,"{""trend"":{""T1_ema_stack"":{""value"":[false,true,true],""score"":66.66666666666666},""T2_ema50_slope"":{""value"":0.1861657943932603,""score"":81.02763239887672},""T3_high_proximity"":{""value"":0.9131578947368421,""score"":56.578947368421005},""T4_rs_1m"":{""value"":-0.026857948574799284,""score"":23.142051425200716},""T5_rs_3m"":{""value"":0.0330348906191833,""score"":66.51744530959165},""T6_adr_healthy"":{""value"":5.091235409143047,""score"":100.0},""_score"":60.97},""geometry"":{""sub_flat_top_quality"":33.3,""sub_hl_slope"":19.9,""sub_compression"":18.9,""sub_duration"":100.0,""_score"":35.68},""compression"":{""VC1_atr_ratio"":{""value"":0.5974302072611825,""score"":100},""VC2_range_contraction"":{""value"":1.0557696635538112,""score"":0},""VC3_range_pct_rank"":{""score"":68.33333333333333},""_score"":57.08},""sr_quality"":{""SR1_touches"":{""value"":4,""score"":75.0},""SR2_tightness"":{""value"":0.0919238815542511,""score"":73.73308551450644},""SR3_recency"":{""value"":234,""score"":0.0},""SR4_price_location"":{""score"":13.942751615881727},""SR5_reaction"":{""value"":2.2323934319158263,""score"":100},""_score"":52.05,""_levels_found"":5,""_target_level"":13.31},""volume"":{""V1_rvol_day"":{""value"":0.667964549708255,""score"":11.197636647217003},""V2_rvol_sameslot"":{""value"":1.1446564379475248,""score"":42.977095863168316,""status"":""ok""},""V3_breakout_bar"":{""value"":0.8103107054561249,""score"":20.68738036374166},""V4_base_dryup"":{""value"":0.7317026488799476,""score"":76.82973511200524},""V5_bo_expansion"":{""value"":0.6679645497082549,""score"":0},""_score"":31.37},""readiness"":{""_distance_atr"":1.2,""BR1_atr_distance"":{""score"":19.991019400136807},""BR2_compression"":{""score"":73.65762487592872},""BR3_retest"":{""score"":50.0},""BR4_bo_age"":{""score"":50.0},""_score"":43.91},""risk"":{""R1_stop_clarity"":{""score"":49.16572268315854},""R2_stop_distance_pct"":{""value"":3.8114450391107404,""score"":100.0},""R3_stop_distance_atr"":{""value"":0.6613599485656542,""score"":58.0679974282827},""R4_rr_potential"":{""value"":4.244977316915105,""score"":100.0},""_score"":75.92},""market"":{""M1_spy_regime"":{""score"":100.0},""M3_earnings_risk"":{""value"":null,""score"":80.0},""M4_vix"":{""value"":null,""score"":60.0},""_score"":84.0},""liquidity"":{""L1_price"":{""value"":12.145,""score"":100.0},""L2_dollar_vol"":{""value"":45102655.65251582,""score"":82.71010569841968},""L3_spread_proxy"":{""value"":0.04116920543433512,""score"":58.83079456566488},""L4_volume_zscore"":{""value"":-1.3748428709021785,""score"":100.0},""_score"":88.97},""pattern_structure"":{""top"":12.985,""top_touches"":2,""low_slope_per_bar"":0.007074636306135405,""lowest_low"":11.86,""structural_low"":11.86,""current_price"":12.135,""neckline_distance_pct"":0.07004532344458177,""base_bars"":42},""pattern_geometry_features"":{""top_touches"":2.0,""low_slope"":0.007074636306135405,""compression"":0.0945606537711805,""atr_pct"":0.05763041816150094},""_schema_version"":""1.0""}",,,,,,,,,,
20260508T195117Z-64671e,2026-05-08T19:51:17.654677+00:00,BABA,vcp,absent,50.69,37.1,50.0,56.4,48.4,29.8,48.6,57.7,84.0,96.8,5.57,12.5,6.77,5.81,3.87,3.4,2.88,5.04,4.84,True,risk_unclear,140.07,143.78,127.0157,195.58,"{""trend"":{""T1_ema_stack"":{""value"":[true,false,false],""score"":33.33333333333333},""T2_ema50_slope"":{""value"":-0.057365667559841065,""score"":40.43905540669316},""T3_high_proximity"":{""value"":0.8412107380938082,""score"":20.605369046904077},""T4_rs_1m"":{""value"":0.013175432855277114,""score"":63.175432855277116},""T5_rs_3m"":{""value"":-0.20513949931802467,""score"":0},""T6_adr_healthy"":{""value"":2.353784725538534,""score"":100.0},""_score"":37.15},""geometry"":{""sub_contraction_count"":100.0,""sub_reduction_rate"":0,""sub_pivot_tightness"":0,""sub_volume_dryup"":33.3,""sub_base_depth"":100.0,""sub_base_duration"":100.0,""_score"":49.99},""compression"":{""VC1_atr_ratio"":{""value"":0.44188891757964827,""score"":100},""VC2_range_contraction"":{""value"":0.8403745596967349,""score"":26.60424005054418},""VC3_range_pct_rank"":{""score"":28.333333333333332},""_score"":56.39},""sr_quality"":{""SR1_touches"":{""value"":4,""score"":75.0},""SR2_tightness"":{""value"":1.0624264680437874,""score"":49.11367661560112},""SR3_recency"":{""value"":238,""score"":0.0},""SR4_price_location"":{""score"":14.26256077795775},""SR5_reaction"":{""value"":3.4889479230100795,""score"":100},""_score"":48.43,""_levels_found"":9,""_target_level"":145.36},""volume"":{""V1_rvol_day"":{""value"":0.8581965083427934,""score"":23.87976722285289},""V2_rvol_sameslot"":{""value"":1.0996933751572688,""score"":39.97955834381792,""status"":""ok""},""V3_breakout_bar"":{""value"":0.682354108908395,""score"":12.156940593893},""V4_base_dryup"":{""value"":0.8025715965372578,""score"":69.74284034627422},""V5_bo_expansion"":{""value"":0.8581965083427933,""score"":0},""_score"":29.76},""readiness"":{""_distance_atr"":0.888,""BR1_atr_distance"":{""score"":40.76821143718612},""BR2_compression"":{""score"":59.1659755917907},""BR3_retest"":{""score"":50.0},""BR4_bo_age"":{""score"":50.0},""_score"":48.6},""risk"":{""R1_stop_clarity"":{""score"":7.356533400844057},""R2_stop_distance_pct"":{""value"":9.319804383522532,""score"":67.00489041193669},""R3_stop_distance_atr"":{""value"":3.1262530020732293,""score"":100.0},""R4_rr_potential"":{""value"":4.252255012735314,""score"":100.0},""_score"":57.68},""market"":{""M1_spy_regime"":{""score"":100.0},""M3_earnings_risk"":{""value"":null,""score"":80.0},""M4_vix"":{""value"":null,""score"":60.0},""_score"":84.0},""liquidity"":{""L1_price"":{""value"":140.07,""score"":100.0},""L2_dollar_vol"":{""value"":1131152220.1227298,""score"":100.0},""L3_spread_proxy"":{""value"":0.03162704362104667,""score"":68.37295637895332},""L4_volume_zscore"":{""value"":-0.3997670690291895,""score"":100.0},""_score"":96.84},""pattern_structure"":{""n_contractions"":5,""contractions_pct"":[13.3,9.15,12.93,6.69,10.31],""descending_strict"":false,""final_low"":128.95,""final_pivot"":143.78,""structural_low"":128.95,""dry_up_ratio"":0.8336490712923671,""current_price"":140.07,""neckline_distance_pct"":0.026486756621689214,""base_bars"":61},""pattern_geometry_features"":{""contraction_count"":5.0,""first_contraction_pct"":0.1330013831258644,""last_contraction_pct"":0.10314369175128678,""dry_up_ratio"":0.8336490712923671,""near_monotone"":0.0,""base_depth_pct"":0.2865836791147995},""_schema_version"":""1.0""}",,,,,,,,,,
20260508T195117Z-64671e,2026-05-08T19:51:17.654677+00:00,KLAC,vcp,absent,50.26,86.6,35.0,35.7,45.3,43.6,44.5,29.2,84.0,70.5,12.99,8.75,4.28,5.43,5.67,3.11,1.46,5.04,3.53,False,,1866.1,1939.36,1621.31,1870.705,"{""trend"":{""T1_ema_stack"":{""value"":[true,true,true],""score"":100.0},""T2_ema50_slope"":{""value"":0.46193814918368703,""score"":100},""T3_high_proximity"":{""value"":0.9643927648578811,""score"":82.19638242894051},""T4_rs_1m"":{""value"":-0.0034823959115497516,""score"":46.51760408845025},""T5_rs_3m"":{""value"":0.226197715392908,""score"":100},""T6_adr_healthy"":{""value"":3.5698926196259375,""score"":100.0},""_score"":86.63},""geometry"":{""sub_contraction_count"":100.0,""sub_reduction_rate"":0,""sub_pivot_tightness"":0,""sub_volume_dryup"":0,""sub_base_depth"":0.0,""sub_base_duration"":100.0,""_score"":35.0},""compression"":{""VC1_atr_ratio"":{""value"":0.7056480374480337,""score"":73.58799063799157},""VC2_range_contraction"":{""value"":1.2328249597689342,""score"":0},""VC3_range_pct_rank"":{""score"":25.0},""_score"":35.69},""sr_quality"":{""SR1_touches"":{""value"":3,""score"":50.0},""SR2_tightness"":{""value"":19.994086742501274,""score"":51.82842156659553},""SR3_recency"":{""value"":229,""score"":0.0},""SR4_price_location"":{""score"":30.0},""SR5_reaction"":{""value"":2.9307381824622247,""score"":100},""_score"":45.27,""_levels_found"":6,""_target_level"":1673.287},""volume"":{""V1_rvol_day"":{""value"":0.8466671591576913,""score"":23.111143943846088},""V2_rvol_sameslot"":{""value"":1.5788516939411317,""score"":71.9234462627421,""status"":""ok""},""V3_breakout_bar"":{""value"":1.2146242679875412,""score"":47.641617865836075},""V4_base_dryup"":{""value"":0.8662996696287568,""score"":63.370033037124315},""V5_bo_expansion"":{""value"":0.8466671591576913,""score"":0},""_score"":43.59},""readiness"":{""_distance_atr"":0.883,""BR1_atr_distance"":{""score"":41.1651074393321},""BR2_compression"":{""score"":41.939122222944846},""BR3_retest"":{""score"":50.0},""BR4_bo_age"":{""score"":50.0},""_score"":44.45},""risk"":{""R1_stop_clarity"":{""score"":40.514598799226285},""R2_stop_distance_pct"":{""value"":13.117732168694065,""score"":0.0},""R3_stop_distance_atr"":{""value"":2.948852037249365,""score"":100.0},""R4_rr_potential"":{""value"":0.018812042975611825,""score"":0.0},""_score"":29.18},""market"":{""M1_spy_regime"":{""score"":100.0},""M3_earnings_risk"":{""value"":null,""score"":80.0},""M4_vix"":{""value"":null,""score"":60.0},""_score"":84.0},""liquidity"":{""L1_price"":{""value"":1866.1,""score"":0.0},""L2_dollar_vol"":{""value"":1590235138.5472322,""score"":100.0},""L3_spread_proxy"":{""value"":0.0450458174803065,""score"":54.954182519693504},""L4_volume_zscore"":{""value"":-0.5013111044478502,""score"":100.0},""_score"":70.5},""pattern_structure"":{""n_contractions"":5,""contractions_pct"":[16.25,5.0,13.15,6.53,15.13],""descending_strict"":false,""final_low"":1646.0,""final_pivot"":1939.36,""structural_low"":1646.0,""dry_up_ratio"":1.409889157120496,""current_price"":1866.1,""neckline_distance_pct"":0.03925834628369326,""base_bars"":45},""pattern_geometry_features"":{""contraction_count"":5.0,""first_contraction_pct"":0.16250408122509663,""last_contraction_pct"":0.15126639716195028,""dry_up_ratio"":1.409889157120496,""near_monotone"":0.0,""base_depth_pct"":-0.043525671302093054},""_schema_version"":""1.0""}",,,,,,,,,,
20260508T195117Z-64671e,2026-05-08T19:51:17.654677+00:00,BA,ascending_triangle,absent,50.21,66.0,37.9,54.6,42.5,23.8,60.1,45.9,84.0,97.1,9.89,10.6,4.37,5.95,2.86,4.81,1.84,5.04,4.86,True,risk_unclear,236.59,238.535,218.2563,255.49,"{""trend"":{""T1_ema_stack"":{""value"":[true,true,true],""score"":100.0},""T2_ema50_slope"":{""value"":0.141159703477654,""score"":73.52661724627566},""T3_high_proximity"":{""value"":0.9668178660455232,""score"":83.40893302276159},""T4_rs_1m"":{""value"":-0.00874816334097539,""score"":41.25183665902461},""T5_rs_3m"":{""value"":-0.09355447524904914,""score"":3.222762375475426},""T6_adr_healthy"":{""value"":2.707608175197961,""score"":100.0},""_score"":65.95},""geometry"":{""sub_flat_top_quality"":33.3,""sub_hl_slope"":15.2,""sub_compression"":33.2,""sub_duration"":100.0,""_score"":37.85},""compression"":{""VC1_atr_ratio"":{""value"":0.5569142616238738,""score"":100},""VC2_range_contraction"":{""value"":0.892376531056859,""score"":17.937244823856837},""VC3_range_pct_rank"":{""score"":33.333333333333336},""_score"":54.61},""sr_quality"":{""SR1_touches"":{""value"":2,""score"":25.0},""SR2_tightness"":{""value"":0.4749999999999943,""score"":85.94526048821743},""SR3_recency"":{""value"":233,""score"":0.0},""SR4_price_location"":{""score"":30.0},""SR5_reaction"":{""value"":1.946211560815807,""score"":97.31057804079035},""_score"":42.49,""_levels_found"":4,""_target_level"":235.975},""volume"":{""V1_rvol_day"":{""value"":0.853768492348544,""score"":23.5845661565696},""V2_rvol_sameslot"":{""value"":1.0114908563458636,""score"":34.09939042305757,""status"":""ok""},""V3_breakout_bar"":{""value"":0.5693936028285638,""score"":4.626240188570918},""V4_base_dryup"":{""value"":0.9441264904276349,""score"":55.58735095723652},""V5_bo_expansion"":{""value"":0.853768492348544,""score"":0},""_score"":23.81},""readiness"":{""_distance_atr"":0.288,""BR1_atr_distance"":{""score"":80.81651343830364},""BR2_compression"":{""score"":41.29698789479471},""BR3_retest"":{""score"":50.0},""BR4_bo_age"":{""score"":50.0},""_score"":60.15},""risk"":{""R1_stop_clarity"":{""score"":1.6552890203951591},""R2_stop_distance_pct"":{""value"":7.749144088930214,""score"":100.0},""R3_stop_distance_atr"":{""value"":2.7123723977596947,""score"":100.0},""R4_rr_potential"":{""value"":1.0308884731396273,""score"":1.544423656981364},""_score"":45.89},""market"":{""M1_spy_regime"":{""score"":100.0},""M3_earnings_risk"":{""value"":null,""score"":80.0},""M4_vix"":{""value"":null,""score"":60.0},""_score"":84.0},""liquidity"":{""L1_price"":{""value"":236.59,""score"":100.0},""L2_dollar_vol"":{""value"":1255154036.9140291,""score"":100.0},""L3_spread_proxy"":{""value"":0.028678304239401483,""score"":71.32169576059852},""L4_volume_zscore"":{""value"":-0.32405676182250015,""score"":100.0},""_score"":97.13},""pattern_structure"":{""top"":238.535,""top_touches"":2,""low_slope_per_bar"":0.10098860323350253,""lowest_low"":221.58,""structural_low"":221.58,""current_price"":236.735,""neckline_distance_pct"":0.007603438443829526,""base_bars"":45},""pattern_geometry_features"":{""top_touches"":2.0,""low_slope"":0.10098860323350253,""compression"":0.16613186120383538,""atr_pct"":0.02856961711942903},""_schema_version"":""1.0""}",,,,,,,,,,
20260508T195117Z-64671e,2026-05-08T19:51:17.654677+00:00,CRM,vcp,forming,50.04,20.9,52.0,65.5,57.7,23.4,33.5,76.8,84.0,97.4,3.14,12.99,7.86,6.92,3.04,2.35,3.84,5.04,4.87,False,,181.215,193.56,168.0902,223.945,"{""trend"":{""T1_ema_stack"":{""value"":[false,false,false],""score"":0.0},""T2_ema50_slope"":{""value"":-0.20101245779969978,""score"":16.49792370005003},""T3_high_proximity"":{""value"":0.8966157043194299,""score"":48.30785215971495},""T4_rs_1m"":{""value"":-0.02319678885351628,""score"":26.80321114648372},""T5_rs_3m"":{""value"":-0.12002145862323232,""score"":0},""T6_adr_healthy"":{""value"":3.4245391327084573,""score"":100.0},""_score"":20.91},""geometry"":{""sub_contraction_count"":100.0,""sub_reduction_rate"":0,""sub_pivot_tightness"":0,""sub_volume_dryup"":46.3,""sub_base_depth"":100.0,""sub_base_duration"":100.0,""_score"":51.95},""compression"":{""VC1_atr_ratio"":{""value"":0.4777768918338725,""score"":100},""VC2_range_contraction"":{""value"":0.8442568076831986,""score"":25.957198719466913},""VC3_range_pct_rank"":{""score"":65.83333333333333},""_score"":65.54},""sr_quality"":{""SR1_touches"":{""value"":5,""score"":100},""SR2_tightness"":{""value"":1.5817913895327675,""score"":59.07146535741645},""SR3_recency"":{""value"":227,""score"":0.0},""SR4_price_location"":{""score"":15.228380574110737},""SR5_reaction"":{""value"":2.389052557261854,""score"":100},""_score"":57.67,""_levels_found"":8,""_target_level"":190.606},""volume"":{""V1_rvol_day"":{""value"":0.7443073905177546,""score"":16.28715936785031},""V2_rvol_sameslot"":{""value"":0.802371991140381,""score"":20.158132742692068,""status"":""ok""},""V3_breakout_bar"":{""value"":0.769332963199093,""score"":17.95553087993953},""V4_base_dryup"":{""value"":0.9200585138716552,""score"":57.994148612834486},""V5_bo_expansion"":{""value"":0.7443073905177545,""score"":0},""_score"":23.38},""readiness"":{""_distance_atr"":1.597,""BR1_atr_distance"":{""score"":0},""BR2_compression"":{""score"":64.00207477139107},""BR3_retest"":{""score"":50.0},""BR4_bo_age"":{""score"":50.0},""_score"":33.5},""risk"":{""R1_stop_clarity"":{""score"":33.76698264725049},""R2_stop_distance_pct"":{""value"":7.24263995806087,""score"":100.0},""R3_stop_distance_atr"":{""value"":1.6980013565787613,""score"":100.0},""R4_rr_potential"":{""value"":3.255681060591628,""score"":100.0},""_score"":76.82},""market"":{""M1_spy_regime"":{""score"":100.0},""M3_earnings_risk"":{""value"":null,""score"":80.0},""M4_vix"":{""value"":null,""score"":60.0},""_score"":84.0},""liquidity"":{""L1_price"":{""value"":181.215,""score"":100.0},""L2_dollar_vol"":{""value"":1689483934.289609,""score"":100.0},""L3_spread_proxy"":{""value"":0.026432690450569722,""score"":73.56730954943028},""L4_volume_zscore"":{""value"":-0.9222381076179166,""score"":100.0},""_score"":97.36},""pattern_structure"":{""n_contractions"":5,""contractions_pct"":[5.7,6.76,12.71,13.47,11.84],""descending_strict"":false,""final_low"":170.65,""final_pivot"":193.56,""structural_low"":170.65,""dry_up_ratio"":0.7683775970119144,""current_price"":181.215,""neckline_distance_pct"":0.06812349971028887,""base_bars"":39},""pattern_geometry_features"":{""contraction_count"":5.0,""first_contraction_pct"":0.056980127838436014,""last_contraction_pct"":0.11836123165943375,""dry_up_ratio"":0.7683775970119144,""near_monotone"":0.0,""base_depth_pct"":0.1511428358246076},""_schema_version"":""1.0""}",,,,,,,,,,
20260508T195117Z-64671e,2026-05-08T19:51:17.654677+00:00,CW,bull_flag,absent,49.94,70.2,32.7,64.1,64.0,26.4,44.3,60.8,84.0,71.8,9.83,9.8,5.77,6.4,3.7,3.98,1.82,5.04,3.59,True,risk_unclear,727.825,750.0,708.5203,794.9,"{""trend"":{""T1_ema_stack"":{""value"":[true,true,true],""score"":100.0},""T2_ema50_slope"":{""value"":0.15482937204710118,""score"":75.80489534118354},""T3_high_proximity"":{""value"":0.9797210892595136,""score"":89.86054462975679},""T4_rs_1m"":{""value"":-0.07652168352394506,""score"":0},""T5_rs_3m"":{""value"":0.05384771754983175,""score"":76.92385877491589},""T6_adr_healthy"":{""value"":2.771756912090986,""score"":100.0},""_score"":70.18},""geometry"":{""sub_pole_impulse"":28.0,""sub_flag_tightness"":0,""sub_flag_shallowness"":0,""sub_flag_drift"":95.2,""sub_flag_duration"":100.0,""_score"":32.68},""compression"":{""VC1_atr_ratio"":{""value"":0.4344385115157108,""score"":100},""VC2_range_contraction"":{""value"":0.8831890621067088,""score"":19.46848964888187},""VC3_range_pct_rank"":{""score"":69.16666666666667},""_score"":64.11},""sr_quality"":{""SR1_touches"":{""value"":5,""score"":100},""SR2_tightness"":{""value"":2.57040347027466,""score"":76.48808984357673},""SR3_recency"":{""value"":239,""score"":0.0},""SR4_price_location"":{""score"":30.0},""SR5_reaction"":{""value"":2.6184451971982257,""score"":100},""_score"":63.97,""_levels_found"":7,""_target_level"":713.366},""volume"":{""V1_rvol_day"":{""value"":0.5979864926921624,""score"":6.532432846144161},""V2_rvol_sameslot"":{""value"":0.9446496501784147,""score"":29.643310011894314,""status"":""ok""},""V3_breakout_bar"":{""value"":0.9404731853943106,""score"":29.364879026287372},""V4_base_dryup"":{""value"":0.9069035799593855,""score"":59.309642004061445},""V5_bo_expansion"":{""value"":0.5979864926921624,""score"":0},""_score"":26.44},""readiness"":{""_distance_atr"":1.014,""BR1_atr_distance"":{""score"":32.38718956665413},""BR2_compression"":{""score"":55.207579914510276},""BR3_retest"":{""score"":50.0},""BR4_bo_age"":{""score"":50.0},""_score"":44.26},""risk"":{""R1_stop_clarity"":{""score"":1.3052680822337805},""R2_stop_distance_pct"":{""value"":2.652375227561591,""score"":100.0},""R3_stop_distance_atr"":{""value"":0.88291430051777,""score"":69.14571502588849},""R4_rr_potential"":{""value"":3.474551468169555,""score"":100.0},""_score"":60.83},""market"":{""M1_spy_regime"":{""score"":100.0},""M3_earnings_risk"":{""value"":null,""score"":80.0},""M4_vix"":{""value"":null,""score"":60.0},""_score"":84.0},""liquidity"":{""L1_price"":{""value"":727.825,""score"":0.0},""L2_dollar_vol"":{""value"":94527946.2626142,""score"":98.7780111203771},""L3_spread_proxy"":{""value"":0.026819496444887014,""score"":73.18050355511298},""L4_volume_zscore"":{""value"":-1.1285543557369653,""score"":100.0},""_score"":71.83},""pattern_structure"":{""pole_low"":705.1,""pole_low_idx"":25,""peak_price"":750.0,""peak_idx"":48,""pole_gain"":0.06367891079279532,""flag_bars"":11,""flag_low"":719.31,""flag_high"":748.285,""structural_low"":719.31,""current_price"":728.52,""neckline_distance_pct"":0.029484434195354993,""base_bars"":11},""pattern_geometry_features"":{""pole_gain"":0.06367891079279532,""pullback_pct"":0.040920000000000074,""flag_range_pct"":0.03863333333333337,""flag_drift_per_bar"":-0.0009565495175772889,""atr_pct"":0.030041140187741334,""pole_atr_multiple"":2.1197234990028875},""_schema_version"":""1.0""}",,,,,,,,,,
20260508T195117Z-64671e,2026-05-08T19:51:17.654677+00:00,AMD,vcp,breakout_confirmed,49.75,100.0,47.6,2.3,40.9,33.4,32.2,27.3,84.0,93.1,15.0,11.91,0.27,4.91,4.34,2.25,1.37,5.04,4.66,False,,447.26,221.33,189.972,288.9948,"{""trend"":{""T1_ema_stack"":{""value"":[true,true,true],""score"":100.0},""T2_ema50_slope"":{""value"":0.75990496264493,""score"":100},""T3_high_proximity"":{""value"":1.0,""score"":99.99999999999997},""T4_rs_1m"":{""value"":0.8061799077849952,""score"":100},""T5_rs_3m"":{""value"":1.0786936872283628,""score"":100},""T6_adr_healthy"":{""value"":4.928108507025854,""score"":100.0},""_score"":100.0},""geometry"":{""sub_contraction_count"":100.0,""sub_reduction_rate"":10.6,""sub_pivot_tightness"":0,""sub_volume_dryup"":0,""sub_base_depth"":100.0,""sub_base_duration"":100.0,""_score"":47.65},""compression"":{""VC1_atr_ratio"":{""value"":1.5338883988572165,""score"":0},""VC2_range_contraction"":{""value"":1.3683939945156203,""score"":0},""VC3_range_pct_rank"":{""score"":9.166666666666668},""_score"":2.29},""sr_quality"":{""SR1_touches"":{""value"":2,""score"":25.0},""SR2_tightness"":{""value"":3.2150999999999783,""score"":75.60764923795936},""SR3_recency"":{""value"":292,""score"":0.0},""SR4_price_location"":{""score"":30.0},""SR5_reaction"":{""value"":1.938805337645531,""score"":96.94026688227655},""_score"":40.88,""_levels_found"":3,""_target_level"":263.7449},""volume"":{""V1_rvol_day"":{""value"":0.9743767922123621,""score"":31.62511948082414},""V2_rvol_sameslot"":{""value"":1.362058187241567,""score"":57.470545816104455,""status"":""ok""},""V3_breakout_bar"":{""value"":0.8106784060558004,""score"":20.711893737053362},""V4_base_dryup"":{""value"":0.9813970704866796,""score"":51.86029295133204},""V5_bo_expansion"":{""value"":0.974376792212362,""score"":0},""_score"":33.37},""readiness"":{""_distance_atr"":-8.57,""BR1_atr_distance"":{""score"":0},""BR2_compression"":{""score"":58.67089895625587},""BR3_retest"":{""score"":50.0},""BR4_bo_age"":{""score"":50.0},""_score"":32.17},""risk"":{""R1_stop_clarity"":{""score"":78.05155020191746},""R2_stop_distance_pct"":{""value"":57.52537114877252,""score"":0.0},""R3_stop_distance_atr"":{""value"":9.759974080207746,""score"":0.0},""R4_rr_potential"":{""value"":-0.6151286316432004,""score"":0.0},""_score"":27.32},""market"":{""M1_spy_regime"":{""score"":100.0},""M3_earnings_risk"":{""value"":null,""score"":80.0},""M4_vix"":{""value"":null,""score"":60.0},""_score"":84.0},""liquidity"":{""L1_price"":{""value"":447.26,""score"":100.0},""L2_dollar_vol"":{""value"":20066187021.36499,""score"":100.0},""L3_spread_proxy"":{""value"":0.06866252291731874,""score"":31.33747708268126},""L4_volume_zscore"":{""value"":-0.06875353711997763,""score"":100.0},""_score"":93.13},""pattern_structure"":{""n_contractions"":5,""contractions_pct"":[26.8,11.3,13.15,8.1,12.86],""descending_strict"":false,""final_low"":192.865,""final_pivot"":221.33,""structural_low"":192.865,""dry_up_ratio"":1.288731320888359,""current_price"":447.26,""neckline_distance_pct"":-0.5051424227518669,""base_bars"":41},""pattern_geometry_features"":{""contraction_count"":5.0,""first_contraction_pct"":0.2679532245447546,""last_contraction_pct"":0.12860886459133422,""dry_up_ratio"":1.288731320888359,""near_monotone"":0.0,""base_depth_pct"":0.2597200013203864},""_schema_version"":""1.0""}",,,,,,,,,,
20260508T195117Z-64671e,2026-05-08T19:51:17.654677+00:00,SMR,double_bottom,absent,49.72,36.5,42.7,56.2,46.2,35.0,41.4,83.6,84.0,93.7,5.47,10.68,4.5,6.46,4.55,3.31,5.02,5.04,4.69,False,,12.175,13.25,11.4063,14.92,"{""trend"":{""T1_ema_stack"":{""value"":[true,false,false],""score"":33.33333333333333},""T2_ema50_slope"":{""value"":-0.14939584872424946,""score"":25.100691879291755},""T3_high_proximity"":{""value"":0.688631221719457,""score"":0},""T4_rs_1m"":{""value"":0.22527574411730322,""score"":100},""T5_rs_3m"":{""value"":-0.3725320153887369,""score"":0},""T6_adr_healthy"":{""value"":9.502746051426248,""score"":62.43134871434379},""_score"":36.48},""geometry"":{""sub_low_similarity"":23.8,""sub_bounce_quality"":100,""sub_separation_fit"":20.0,""sub_right_bottom_reaction"":43.8,""sub_base_context"":30.0,""_score"":42.71},""compression"":{""VC1_atr_ratio"":{""value"":0.7032987289723998,""score"":74.17531775690006},""VC2_range_contraction"":{""value"":0.8306579072957292,""score"":28.223682117378466},""VC3_range_pct_rank"":{""score"":66.66666666666667},""_score"":56.22},""sr_quality"":{""SR1_touches"":{""value"":3,""score"":50.0},""SR2_tightness"":{""value"":0.2930986788703686,""score"":53.17004092321467},""SR3_recency"":{""value"":234,""score"":0.0},""SR4_price_location"":{""score"":32.78723313951023},""SR5_reaction"":{""value"":3.4230814588254987,""score"":100},""_score"":46.17,""_levels_found"":7,""_target_level"":14.2865},""volume"":{""V1_rvol_day"":{""value"":0.7730021001629394,""score"":18.200140010862622},""V2_rvol_sameslot"":{""value"":1.5702786146627457,""score"":71.35190764418304,""status"":""ok""},""V3_breakout_bar"":{""value"":1.0997877069755537,""score"":39.985847131703586},""V4_base_dryup"":{""value"":1.1444883622082427,""score"":35.55116377917574},""V5_bo_expansion"":{""value"":0.7730021001629394,""score"":0},""_score"":35.02},""readiness"":{""_distance_atr"":0.859,""BR1_atr_distance"":{""score"":42.7471478188756},""BR2_compression"":{""score"":27.04515899044574},""BR3_retest"":{""score"":50.0},""BR4_bo_age"":{""score"":50.0},""_score"":41.36},""risk"":{""R1_stop_clarity"":{""score"":72.24701277061956},""R2_stop_distance_pct"":{""value"":6.313757700205345,""score"":100.0},""R3_stop_distance_atr"":{""value"":0.6140967554180987,""score"":55.70483777090494},""R4_rr_potential"":{""value"":3.570963965135939,""score"":100.0},""_score"":83.64},""market"":{""M1_spy_regime"":{""score"":100.0},""M3_earnings_risk"":{""value"":null,""score"":80.0},""M4_vix"":{""value"":null,""score"":60.0},""_score"":84.0},""liquidity"":{""L1_price"":{""value"":12.175,""score"":100.0},""L2_dollar_vol"":{""value"":372513755.9257926,""score"":100.0},""L3_spread_proxy"":{""value"":0.06283367556468177,""score"":37.16632443531824},""L4_volume_zscore"":{""value"":-0.5512956167400576,""score"":100.0},""_score"":93.72},""pattern_structure"":{""left_low"":12.03,""left_idx"":14,""right_low"":11.58,""right_idx"":56,""separation_bars"":42,""structural_low"":11.58,""current_price"":12.105,""neckline_distance_pct"":0.09458901280462614,""base_bars"":42},""pattern_geometry_features"":{""low_similarity_pct"":0.03811944091486652,""bounce_pct"":0.14421416234887738,""right_bottom_reaction"":0.4382716049382719,""atr_pct"":0.10281372836608975},""_schema_version"":""1.0""}",,,,,,,,,,
20260508T195117Z-64671e,2026-05-08T19:51:17.654677+00:00,UEC,vcp,absent,49.66,62.0,42.3,49.5,43.7,25.4,50.5,43.0,84.0,91.5,9.3,10.57,5.95,5.24,3.31,3.53,2.15,5.04,4.58,False,,15.01,15.98,13.1694,17.79,"{""trend"":{""T1_ema_stack"":{""value"":[true,true,true],""score"":100.0},""T2_ema50_slope"":{""value"":0.11985865240724772,""score"":69.97644206787461},""T3_high_proximity"":{""value"":0.8777777777777777,""score"":38.88888888888881},""T4_rs_1m"":{""value"":0.010957257493459105,""score"":60.9572574934591},""T5_rs_3m"":{""value"":-0.13591424988500644,""score"":0},""T6_adr_healthy"":{""value"":6.769224071056028,""score"":100.0},""_score"":62.02},""geometry"":{""sub_contraction_count"":100.0,""sub_reduction_rate"":1.4,""sub_pivot_tightness"":0,""sub_volume_dryup"":0,""sub_base_depth"":69.2,""sub_base_duration"":100.0,""_score"":42.27},""compression"":{""VC1_atr_ratio"":{""value"":0.6419638959504915,""score"":89.50902601237712},""VC2_range_contraction"":{""value"":1.1159755518830456,""score"":0},""VC3_range_pct_rank"":{""score"":55.00000000000001},""_score"":49.55},""sr_quality"":{""SR1_touches"":{""value"":2,""score"":25.0},""SR2_tightness"":{""value"":0.21999999999999975,""score"":61.89156417807038},""SR3_recency"":{""value"":238,""score"":0.0},""SR4_price_location"":{""score"":59.67384560843756},""SR5_reaction"":{""value"":1.595790750043304,""score"":79.7895375021652},""_score"":43.67,""_levels_found"":5,""_target_level"":15.4},""volume"":{""V1_rvol_day"":{""value"":0.6111069783535437,""score"":7.407131890236244},""V2_rvol_sameslot"":{""value"":0.9809547606938944,""score"":32.0636507129263,""status"":""ok""},""V3_breakout_bar"":{""value"":0.8210280873095187,""score"":21.401872487301247},""V4_base_dryup"":{""value"":0.8907046782092747,""score"":60.92953217907253},""V5_bo_expansion"":{""value"":0.6111069783535437,""score"":0},""_score"":25.43},""readiness"":{""_distance_atr"":0.84,""BR1_atr_distance"":{""score"":43.99214735261848},""BR2_compression"":{""score"":61.40956561025879},""BR3_retest"":{""score"":50.0},""BR4_bo_age"":{""score"":50.0},""_score"":50.45},""risk"":{""R1_stop_clarity"":{""score"":65.26069634505461},""R2_stop_distance_pct"":{""value"":12.262158560959364,""score"":0.0},""R3_stop_distance_atr"":{""value"":1.594101853455742,""score"":100.0},""R4_rr_potential"":{""value"":1.5104180815517094,""score"":25.52090407758547},""_score"":42.95},""market"":{""M1_spy_regime"":{""score"":100.0},""M3_earnings_risk"":{""value"":null,""score"":80.0},""M4_vix"":{""value"":null,""score"":60.0},""_score"":84.0},""liquidity"":{""L1_price"":{""value"":15.01,""score"":100.0},""L2_dollar_vol"":{""value"":80463314.29109947,""score"":95.27989586160768},""L3_spread_proxy"":{""value"":0.06595602931379083,""score"":34.04397068620918},""L4_volume_zscore"":{""value"":-1.726024054468387,""score"":100.0},""_score"":91.52},""pattern_structure"":{""n_contractions"":5,""contractions_pct"":[21.74,11.56,12.83,11.23,16.33],""descending_strict"":false,""final_low"":13.37,""final_pivot"":15.98,""structural_low"":13.37,""dry_up_ratio"":1.1246900147698045,""current_price"":15.01,""neckline_distance_pct"":0.06462358427714861,""base_bars"":35},""pattern_geometry_features"":{""contraction_count"":5.0,""first_contraction_pct"":0.21739130434782603,""last_contraction_pct"":0.16332916145181484,""dry_up_ratio"":1.1246900147698045,""near_monotone"":0.0,""base_depth_pct"":0.119235836627141},""_schema_version"":""1.0""}",,,,,,,,,,
20260508T195117Z-64671e,2026-05-08T19:51:17.654677+00:00,APH,double_bottom,invalidated,49.58,42.5,43.9,39.4,49.2,73.0,21.4,21.7,84.0,92.8,6.38,10.98,3.15,6.89,9.48,1.71,1.3,5.04,4.64,False,,128.59,144.12,132.906,153.31,"{""trend"":{""T1_ema_stack"":{""value"":[false,true,true],""score"":66.66666666666666},""T2_ema50_slope"":{""value"":0.23223534839198126,""score"":88.70589139866354},""T3_high_proximity"":{""value"":0.8415025194686212,""score"":20.75125973431058},""T4_rs_1m"":{""value"":-0.1498867020723964,""score"":0},""T5_rs_3m"":{""value"":-0.1231373157517559,""score"":0},""T6_adr_healthy"":{""value"":3.5091186715214997,""score"":100.0},""_score"":42.52},""geometry"":{""sub_low_similarity"":23.5,""sub_bounce_quality"":54.4,""sub_separation_fit"":100.0,""sub_right_bottom_reaction"":33.4,""sub_base_context"":30.0,""_score"":43.94},""compression"":{""VC1_atr_ratio"":{""value"":0.6205322338700621,""score"":94.86694153248449},""VC2_range_contraction"":{""value"":1.420379004145326,""score"":0},""VC3_range_pct_rank"":{""score"":5.833333333333335},""_score"":39.41},""sr_quality"":{""SR1_touches"":{""value"":2,""score"":25.0},""SR2_tightness"":{""value"":0.44505000000000905,""score"":85.38867503303565},""SR3_recency"":{""value"":249,""score"":0.0},""SR4_price_location"":{""score"":55.66355715304717},""SR5_reaction"":{""value"":2.2103219875735602,""score"":100},""_score"":49.22,""_levels_found"":4,""_target_level"":130.175},""volume"":{""V1_rvol_day"":{""value"":1.5527135392325442,""score"":70.18090261550294},""V2_rvol_sameslot"":{""value"":3.912422047755655,""score"":100,""status"":""ok""},""V3_breakout_bar"":{""value"":2.286903728201175,""score"":100},""V4_base_dryup"":{""value"":1.0804966066630775,""score"":41.950339333692256},""V5_bo_expansion"":{""value"":1.5527135392325442,""score"":36.847569282169616},""_score"":72.95},""readiness"":{""_distance_atr"":2.549,""BR1_atr_distance"":{""score"":0},""BR2_compression"":{""score"":15.49104387017843},""BR3_retest"":{""score"":50.0},""BR4_bo_age"":{""score"":50.0},""_score"":21.37},""risk"":{""R1_stop_clarity"":{""score"":33.552204995198096},""R2_stop_distance_pct"":{""value"":-3.3564429582393576,""score"":0.0},""R3_stop_distance_atr"":{""value"":-0.7084957771448718,""score"":0.0},""R4_rr_potential"":{""value"":null,""score"":50.0},""_score"":21.74},""market"":{""M1_spy_regime"":{""score"":100.0},""M3_earnings_risk"":{""value"":null,""score"":80.0},""M4_vix"":{""value"":null,""score"":60.0},""_score"":84.0},""liquidity"":{""L1_price"":{""value"":128.59,""score"":100.0},""L2_dollar_vol"":{""value"":1676025649.2669175,""score"":100.0},""L3_spread_proxy"":{""value"":0.07208958705964702,""score"":27.910412940352984},""L4_volume_zscore"":{""value"":1.8456416922153394,""score"":100.0},""_score"":92.79},""pattern_structure"":{""left_low"":140.19,""left_idx"":51,""right_low"":134.93,""right_idx"":68,""separation_bars"":17,""structural_low"":134.93,""current_price"":128.77,""neckline_distance_pct"":0.11920478372291678,""base_bars"":17},""pattern_geometry_features"":{""low_similarity_pct"":0.03823785984297754,""bounce_pct"":0.0681093900541021,""right_bottom_reaction"":0.33373205741626305,""atr_pct"":0.0473742126137336},""_schema_version"":""1.0""}",,,,,,,,,,
20260508T195117Z-64671e,2026-05-08T19:51:17.654677+00:00,GD,vcp,absent,49.49,37.9,48.9,59.0,46.1,18.6,48.6,63.7,84.0,98.6,5.68,12.22,7.08,5.54,2.42,3.4,3.18,5.04,4.93,True,risk_unclear,347.115,356.42,332.7428,388.31,"{""trend"":{""T1_ema_stack"":{""value"":[true,false,true],""score"":66.66666666666666},""T2_ema50_slope"":{""value"":-0.14671549258412436,""score"":25.54741790264594},""T3_high_proximity"":{""value"":0.9480907899049492,""score"":74.04539495247458},""T4_rs_1m"":{""value"":-0.07451539296618237,""score"":0},""T5_rs_3m"":{""value"":-0.10303480426301159,""score"":0},""T6_adr_healthy"":{""value"":2.1068776477763658,""score"":100.0},""_score"":37.88},""geometry"":{""sub_contraction_count"":100.0,""sub_reduction_rate"":0,""sub_pivot_tightness"":68.3,""sub_volume_dryup"":0,""sub_base_depth"":36.3,""sub_base_duration"":100.0,""_score"":48.88},""compression"":{""VC1_atr_ratio"":{""value"":0.5458363512281774,""score"":100},""VC2_range_contraction"":{""value"":1.0302263374577965,""score"":0},""VC3_range_pct_rank"":{""score"":75.83333333333333},""_score"":58.96},""sr_quality"":{""SR1_touches"":{""value"":3,""score"":50.0},""SR2_tightness"":{""value"":2.052526897915502,""score"":56.07215694452565},""SR3_recency"":{""value"":227,""score"":0.0},""SR4_price_location"":{""score"":49.2647058823528},""SR5_reaction"":{""value"":1.3879090330268533,""score"":69.39545165134267},""_score"":46.14,""_levels_found"":5,""_target_level"":350.68},""volume"":{""V1_rvol_day"":{""value"":0.3570016235986469,""score"":0},""V2_rvol_sameslot"":{""value"":0.6484843733691199,""score"":9.898958224607995,""status"":""ok""},""V3_breakout_bar"":{""value"":0.9649350102795216,""score"":30.995667351968102},""V4_base_dryup"":{""value"":1.0545895461375292,""score"":44.54104538624708},""V5_bo_expansion"":{""value"":0.3570016235986469,""score"":0},""_score"":18.64},""readiness"":{""_distance_atr"":0.996,""BR1_atr_distance"":{""score"":33.61864018342389},""BR2_compression"":{""score"":70.57637317889586},""BR3_retest"":{""score"":50.0},""BR4_bo_age"":{""score"":50.0},""_score"":48.59},""risk"":{""R1_stop_clarity"":{""score"":0},""R2_stop_distance_pct"":{""value"":4.140457773360423,""score"":100.0},""R3_stop_distance_atr"":{""value"":1.5379519513505733,""score"":100.0},""R4_rr_potential"":{""value"":2.866307407033735,""score"":93.31537035168675},""_score"":63.66},""market"":{""M1_spy_regime"":{""score"":100.0},""M3_earnings_risk"":{""value"":null,""score"":80.0},""M4_vix"":{""value"":null,""score"":60.0},""_score"":84.0},""liquidity"":{""L1_price"":{""value"":347.115,""score"":100.0},""L2_dollar_vol"":{""value"":192535085.97720945,""score"":100.0},""L3_spread_proxy"":{""value"":0.013943505754577104,""score"":86.0564942454229},""L4_volume_zscore"":{""value"":-1.6943496201261978,""score"":100.0},""_score"":98.61},""pattern_structure"":{""n_contractions"":5,""contractions_pct"":[3.02,6.41,5.35,4.84,5.22],""descending_strict"":false,""final_low"":337.81,""final_pivot"":356.42,""structural_low"":337.81,""dry_up_ratio"":1.2473922674180242,""current_price"":347.115,""neckline_distance_pct"":0.0268066779021362,""base_bars"":49},""pattern_geometry_features"":{""contraction_count"":5.0,""first_contraction_pct"":0.03024073573167435,""last_contraction_pct"":0.0522136804893104,""dry_up_ratio"":1.2473922674180242,""near_monotone"":0.0,""base_depth_pct"":0.08625912902353255},""_schema_version"":""1.0""}",,,,,,,,,,
20260508T195117Z-64671e,2026-05-08T19:51:17.654677+00:00,ASML,vcp,breakout_confirmed,49.41,83.9,46.8,29.3,41.1,38.0,27.0,25.3,84.0,71.0,12.59,11.69,3.51,4.93,4.95,1.89,1.27,5.04,3.55,True,risk_unclear,1586.795,1480.17,1357.6255,1492.93,"{""trend"":{""T1_ema_stack"":{""value"":[true,true,true],""score"":100.0},""T2_ema50_slope"":{""value"":0.1476623465732796,""score"":74.6103910955466},""T3_high_proximity"":{""value"":1.0,""score"":99.99999999999997},""T4_rs_1m"":{""value"":0.011504718835303462,""score"":61.504718835303464},""T5_rs_3m"":{""value"":0.05593353249982691,""score"":77.96676624991346},""T6_adr_healthy"":{""value"":3.0940081277666254,""score"":100.0},""_score"":83.92},""geometry"":{""sub_contraction_count"":100.0,""sub_reduction_rate"":0,""sub_pivot_tightness"":44.6,""sub_volume_dryup"":33.7,""sub_base_depth"":0.0,""sub_base_duration"":100.0,""_score"":46.75},""compression"":{""VC1_atr_ratio"":{""value"":0.7919852458102042,""score"":52.00368854744893},""VC2_range_contraction"":{""value"":0.9190407365770131,""score"":13.493210570497812},""VC3_range_pct_rank"":{""score"":15.000000000000002},""_score"":29.27},""sr_quality"":{""SR1_touches"":{""value"":2,""score"":25.0},""SR2_tightness"":{""value"":7.6200000000000045,""score"":74.02183111024527},""SR3_recency"":{""value"":241,""score"":0.0},""SR4_price_location"":{""score"":30.0},""SR5_reaction"":{""value"":2.9291067264901587,""score"":100},""_score"":41.1,""_levels_found"":4,""_target_level"":1539.6},""volume"":{""V1_rvol_day"":{""value"":1.018435098096149,""score"":34.562339873076596},""V2_rvol_sameslot"":{""value"":1.333269810031743,""score"":55.551320668782864,""status"":""ok""},""V3_breakout_bar"":{""value"":1.168165083567236,""score"":44.544338904482395},""V4_base_dryup"":{""value"":1.0647928283373507,""score"":43.52071716626493},""V5_bo_expansion"":{""value"":1.018435098096149,""score"":1.229006539743264},""_score"":38.05},""readiness"":{""_distance_atr"":-1.818,""BR1_atr_distance"":{""score"":23.64931420117984},""BR2_compression"":{""score"":0},""BR3_retest"":{""score"":50.0},""BR4_bo_age"":{""score"":50.0},""_score"":26.96},""risk"":{""R1_stop_clarity"":{""score"":29.51631854183256},""R2_stop_distance_pct"":{""value"":14.442287756137384,""score"":0.0},""R3_stop_distance_atr"":{""value"":3.9064330547117105,""score"":100.0},""R4_rr_potential"":{""value"":-0.4095876632797991,""score"":0.0},""_score"":25.33},""market"":{""M1_spy_regime"":{""score"":100.0},""M3_earnings_risk"":{""value"":null,""score"":80.0},""M4_vix"":{""value"":null,""score"":60.0},""_score"":84.0},""liquidity"":{""L1_price"":{""value"":1586.795,""score"":0.0},""L2_dollar_vol"":{""value"":2962716537.3894243,""score"":100.0},""L3_spread_proxy"":{""value"":0.04042740240547762,""score"":59.572597594522385},""L4_volume_zscore"":{""value"":0.04579330922061525,""score"":100.0},""_score"":70.96},""pattern_structure"":{""n_contractions"":5,""contractions_pct"":[7.19,11.69,8.19,8.19,6.88],""descending_strict"":false,""final_low"":1378.3,""final_pivot"":1480.17,""structural_low"":1378.3,""dry_up_ratio"":0.83153478058639,""current_price"":1586.795,""neckline_distance_pct"":-0.06719519534659486,""base_bars"":25},""pattern_geometry_features"":{""contraction_count"":5.0,""first_contraction_pct"":0.07185887021408138,""last_contraction_pct"":0.06882317571630293,""dry_up_ratio"":0.83153478058639,""near_monotone"":0.0,""base_depth_pct"":0.009172860983710259},""_schema_version"":""1.0""}",,,,,,,,,,
20260508T195117Z-64671e,2026-05-08T19:51:17.654677+00:00,CSCO,vcp,breakout_confirmed,49.31,98.1,47.6,16.4,38.5,33.5,23.7,5.1,84.0,96.0,14.71,11.9,1.96,4.62,4.35,1.66,0.25,5.04,4.8,True,risk_unclear,96.835,90.45,84.4884,85.84,"{""trend"":{""T1_ema_stack"":{""value"":[true,true,true],""score"":100.0},""T2_ema50_slope"":{""value"":0.30601978426543425,""score"":100},""T3_high_proximity"":{""value"":1.0,""score"":99.99999999999997},""T4_rs_1m"":{""value"":0.08043799115375272,""score"":100},""T5_rs_3m"":{""value"":0.07459722295808335,""score"":87.29861147904168},""T6_adr_healthy"":{""value"":2.2921041302534513,""score"":100.0},""_score"":98.09},""geometry"":{""sub_contraction_count"":100.0,""sub_reduction_rate"":0,""sub_pivot_tightness"":69.0,""sub_volume_dryup"":15.1,""sub_base_depth"":0.0,""sub_base_duration"":100.0,""_score"":47.62},""compression"":{""VC1_atr_ratio"":{""value"":0.8656921757294442,""score"":33.57695606763894},""VC2_range_contraction"":{""value"":0.9638669182272719,""score"":6.022180295454686},""VC3_range_pct_rank"":{""score"":3.3333333333333326},""_score"":16.37},""sr_quality"":{""SR1_touches"":{""value"":2,""score"":25.0},""SR2_tightness"":{""value"":0.5025000000000048,""score"":56.68103448275823},""SR3_recency"":{""value"":231,""score"":0.0},""SR4_price_location"":{""score"":30.0},""SR5_reaction"":{""value"":2.7661637931034453,""score"":100},""_score"":38.5,""_levels_found"":5,""_target_level"":85.2725},""volume"":{""V1_rvol_day"":{""value"":0.9318511584716249,""score"":28.790077231441664},""V2_rvol_sameslot"":{""value"":1.1806853627312088,""score"":45.37902418208059,""status"":""ok""},""V3_breakout_bar"":{""value"":0.8053377165385582,""score"":20.355847769237215},""V4_base_dryup"":{""value"":0.8220801210018172,""score"":67.79198789981828},""V5_bo_expansion"":{""value"":0.9318511584716248,""score"":0},""_score"":33.48},""readiness"":{""_distance_atr"":-2.752,""BR1_atr_distance"":{""score"":4.956896551724242},""BR2_compression"":{""score"":16.878508122963026},""BR3_retest"":{""score"":50.0},""BR4_bo_age"":{""score"":50.0},""_score"":23.7},""risk"":{""R1_stop_clarity"":{""score"":0},""R2_stop_distance_pct"":{""value"":12.75016781122527,""score"":0.0},""R3_stop_distance_atr"":{""value"":5.3218211206896475,""score"":33.90894396551762},""R4_rr_potential"":{""value"":-0.8905267633867555,""score"":0.0},""_score"":5.09},""market"":{""M1_spy_regime"":{""score"":100.0},""M3_earnings_risk"":{""value"":null,""score"":80.0},""M4_vix"":{""value"":null,""score"":60.0},""_score"":84.0},""liquidity"":{""L1_price"":{""value"":96.835,""score"":100.0},""L2_dollar_vol"":{""value"":1582596762.1111226,""score"":100.0},""L3_spread_proxy"":{""value"":0.040068157174575264,""score"":59.93184282542474},""L4_volume_zscore"":{""value"":-0.35450588465413313,""score"":100.0},""_score"":95.99},""pattern_structure"":{""n_contractions"":5,""contractions_pct"":[7.35,4.17,8.18,4.59,5.17],""descending_strict"":false,""final_low"":85.775,""final_pivot"":90.45,""structural_low"":85.775,""dry_up_ratio"":0.9244101586916452,""current_price"":96.835,""neckline_distance_pct"":-0.06593690297929458,""base_bars"":37},""pattern_geometry_features"":{""contraction_count"":5.0,""first_contraction_pct"":0.07348364442801711,""last_contraction_pct"":0.0516860143725815,""dry_up_ratio"":0.9244101586916452,""near_monotone"":0.0,""base_depth_pct"":-0.05679788085997658},""_schema_version"":""1.0""}",,,,,,,,,,
20260508T195117Z-64671e,2026-05-08T19:51:17.654677+00:00,CCJ,vcp,absent,49.27,52.2,41.7,41.5,51.7,25.4,38.9,78.8,84.0,96.2,7.83,10.44,4.99,6.2,3.31,2.72,3.94,5.04,4.81,False,,116.49,131.2099,110.179,145.483,"{""trend"":{""T1_ema_stack"":{""value"":[false,true,true],""score"":66.66666666666666},""T2_ema50_slope"":{""value"":0.21239594944034984,""score"":85.39932490672498},""T3_high_proximity"":{""value"":0.9210880050604886,""score"":60.54400253024428},""T4_rs_1m"":{""value"":-0.07564178013999445,""score"":0},""T5_rs_3m"":{""value"":-0.04188627960403046,""score"":29.05686019798477},""T6_adr_healthy"":{""value"":5.044591981625072,""score"":100.0},""_score"":52.19},""geometry"":{""sub_contraction_count"":100.0,""sub_reduction_rate"":0,""sub_pivot_tightness"":0,""sub_volume_dryup"":2.8,""sub_base_depth"":63.2,""sub_base_duration"":100.0,""_score"":41.74},""compression"":{""VC1_atr_ratio"":{""value"":0.7574239246388732,""score"":60.6440188402817},""VC2_range_contraction"":{""value"":1.1624182662034475,""score"":0},""VC3_range_pct_rank"":{""score"":69.16666666666667},""_score"":41.55},""sr_quality"":{""SR1_touches"":{""value"":4,""score"":75.0},""SR2_tightness"":{""value"":1.7538868840022146,""score"":50.153842891996405},""SR3_recency"":{""value"":226,""score"":0.0},""SR4_price_location"":{""score"":32.44541932554627},""SR5_reaction"":{""value"":1.8049792531120328,""score"":90.24896265560164},""_score"":51.67,""_levels_found"":6,""_target_level"":122.144},""volume"":{""V1_rvol_day"":{""value"":0.517134030673777,""score"":1.1422687115851295},""V2_rvol_sameslot"":{""value"":0.7615043597808521,""score"":17.43362398539014,""status"":""ok""},""V3_breakout_bar"":{""value"":0.8772174381651533,""score"":25.14782921101022},""V4_base_dryup"":{""value"":0.7275904700393419,""score"":77.24095299606581},""V5_bo_expansion"":{""value"":0.5171340306737771,""score"":0},""_score"":25.45},""readiness"":{""_distance_atr"":2.092,""BR1_atr_distance"":{""score"":0},""BR2_compression"":{""score"":85.47933058655659},""BR3_retest"":{""score"":50.0},""BR4_bo_age"":{""score"":50.0},""_score"":38.87},""risk"":{""R1_stop_clarity"":{""score"":52.31474165861429},""R2_stop_distance_pct"":{""value"":5.417592497210058,""score"":100.0},""R3_stop_distance_atr"":{""value"":0.8967989399192855,""score"":69.83994699596427},""R4_rr_potential"":{""value"":4.594075998183163,""score"":100.0},""_score"":78.79},""market"":{""M1_spy_regime"":{""score"":100.0},""M3_earnings_risk"":{""value"":null,""score"":80.0},""M4_vix"":{""value"":null,""score"":60.0},""_score"":84.0},""liquidity"":{""L1_price"":{""value"":116.49,""score"":100.0},""L2_dollar_vol"":{""value"":193208031.83113015,""score"":100.0},""L3_spread_proxy"":{""value"":0.03764271611297112,""score"":62.357283887028885},""L4_volume_zscore"":{""value"":-1.7014478191444027,""score"":100.0},""_score"":96.24},""pattern_structure"":{""n_contractions"":5,""contractions_pct"":[15.61,14.15,9.68,2.8,14.75],""descending_strict"":false,""final_low"":111.8569,""final_pivot"":131.2099,""structural_low"":111.8569,""dry_up_ratio"":0.9859633614554019,""current_price"":116.49,""neckline_distance_pct"":0.12636191947806688,""base_bars"":41},""pattern_geometry_features"":{""contraction_count"":5.0,""first_contraction_pct"":0.1561087766590026,""last_contraction_pct"":0.1474964922616358,""dry_up_ratio"":0.9859633614554019,""near_monotone"":0.0,""base_depth_pct"":0.11316181717275826},""_schema_version"":""1.0""}",,,,,,,,,,
20260508T195117Z-64671e,2026-05-08T19:51:17.654677+00:00,RGTI,bull_flag,absent,49.21,70.6,35.4,67.3,42.2,21.4,36.8,80.1,84.0,94.0,9.88,10.61,6.06,4.22,2.99,3.31,2.4,5.04,4.7,False,,18.4299,19.95,17.4838,23.24,"{""trend"":{""T1_ema_stack"":{""value"":[true,true,false],""score"":66.66666666666666},""T2_ema50_slope"":{""value"":0.13720029899463126,""score"":72.86671649910521},""T3_high_proximity"":{""value"":0.9173668491786958,""score"":58.68342458934789},""T4_rs_1m"":{""value"":0.2040395231123664,""score"":100},""T5_rs_3m"":{""value"":-0.02640633844161111,""score"":36.796830779194444},""T6_adr_healthy"":{""value"":7.430980890826425,""score"":100.0},""_score"":70.56},""geometry"":{""sub_pole_impulse"":43.1,""sub_flag_tightness"":7.8,""sub_flag_shallowness"":0,""sub_flag_drift"":69.8,""sub_flag_duration"":100.0,""_score"":35.35},""compression"":{""VC1_atr_ratio"":{""value"":0.5895954961290889,""score"":100},""VC2_range_contraction"":{""value"":0.8393449972635301,""score"":26.775833789411656},""VC3_range_pct_rank"":{""score"":71.66666666666667},""_score"":67.29},""sr_quality"":{""SR1_touches"":{""value"":2,""score"":25.0},""SR2_tightness"":{""value"":0.26500000000000057,""score"":60.35541212739689},""SR3_recency"":{""value"":313,""score"":0.0},""SR4_price_location"":{""score"":42.58916758916758},""SR5_reaction"":{""value"":3.7785780309142294,""score"":100},""_score"":42.2,""_levels_found"":4,""_target_level"":21.265},""volume"":{""V1_rvol_day"":{""value"":0.4428578260997353,""score"":0},""V2_rvol_sameslot"":{""value"":0.6361709424282089,""score"":9.078062828547262,""status"":""ok""},""V3_breakout_bar"":{""value"":0.6890869263278099,""score"":12.605795088520658},""V4_base_dryup"":{""value"":0.6789606695368501,""score"":82.10393304631499},""V5_bo_expansion"":{""value"":0.4428578260997354,""score"":0},""_score"":21.39},""readiness"":{""_distance_atr"":1.137,""BR1_atr_distance"":{""score"":24.1965559432153},""BR2_compression"":{""score"":38.3604425671343},""BR3_retest"":{""score"":50.0},""BR4_bo_age"":{""score"":50.0},""_score"":36.77},""risk"":{""R1_stop_clarity"":{""score"":60.168409354413086},""R2_stop_distance_pct"":{""value"":5.133777177304268,""score"":100.0},""R3_stop_distance_atr"":{""value"":0.7077306946351571,""score"":60.386534731757855},""R4_rr_potential"":{""value"":5.083866194578029,""score"":100.0},""_score"":80.12},""market"":{""M1_spy_regime"":{""score"":100.0},""M3_earnings_risk"":{""value"":null,""score"":80.0},""M4_vix"":{""value"":null,""score"":60.0},""_score"":84.0},""liquidity"":{""L1_price"":{""value"":18.4299,""score"":100.0},""L2_dollar_vol"":{""value"":259357944.49223515,""score"":100.0},""L3_spread_proxy"":{""value"":0.059685619563860974,""score"":40.314380436139025},""L4_volume_zscore"":{""value"":-1.0540694181276378,""score"":100.0},""_score"":94.03},""pattern_structure"":{""pole_low"":16.66,""pole_low_idx"":21,""peak_price"":19.95,""peak_idx"":46,""pole_gain"":0.1974789915966386,""flag_bars"":13,""flag_low"":17.75,""flag_high"":19.9283,""structural_low"":17.75,""current_price"":18.345,""neckline_distance_pct"":0.08748977923139822,""base_bars"":13},""pattern_geometry_features"":{""pole_gain"":0.1974789915966386,""pullback_pct"":0.11027568922305761,""flag_range_pct"":0.10918796992481204,""flag_drift_per_bar"":-0.006033682861156276,""atr_pct"":0.07253856892487595,""pole_atr_multiple"":2.7223998835868444},""_schema_version"":""1.0""}",,,,,,,,,,
20260508T195117Z-64671e,2026-05-08T19:51:17.654677+00:00,QUBT,vcp,absent,49.17,73.4,47.8,40.5,47.7,4.7,34.8,58.4,84.0,92.3,11.01,11.94,4.86,5.73,0.61,2.44,2.92,5.04,4.61,False,,9.5393,10.17,7.8603,15.4969,"{""trend"":{""T1_ema_stack"":{""value"":[true,true,false],""score"":66.66666666666666},""T2_ema50_slope"":{""value"":0.346001911164933,""score"":100},""T3_high_proximity"":{""value"":0.9119789674952199,""score"":55.989483747609924},""T4_rs_1m"":{""value"":0.32311236035100777,""score"":100},""T5_rs_3m"":{""value"":-0.055465021010367765,""score"":22.267489494816118},""T6_adr_healthy"":{""value"":7.662999062809036,""score"":100.0},""_score"":73.41},""geometry"":{""sub_contraction_count"":100.0,""sub_reduction_rate"":23.8,""sub_pivot_tightness"":0,""sub_volume_dryup"":45.5,""sub_base_depth"":0.0,""sub_base_duration"":100.0,""_score"":47.77},""compression"":{""VC1_atr_ratio"":{""value"":0.7257144697547712,""score"":68.5713825613072},""VC2_range_contraction"":{""value"":0.9430833256930663,""score"":9.486112384488951},""VC3_range_pct_rank"":{""score"":39.16666666666667},""_score"":40.54},""sr_quality"":{""SR1_touches"":{""value"":3,""score"":50.0},""SR2_tightness"":{""value"":0.016329931618554172,""score"":95.4929266397942},""SR3_recency"":{""value"":235,""score"":0.0},""SR4_price_location"":{""score"":13.661639962299917},""SR5_reaction"":{""value"":3.169454602805351,""score"":100},""_score"":47.74,""_levels_found"":5,""_target_level"":10.15},""volume"":{""V1_rvol_day"":{""value"":0.6719518013669238,""score"":11.463453424461585},""V2_rvol_sameslot"":{""value"":0.6621513609985015,""score"":10.81009073323343,""status"":""ok""},""V3_breakout_bar"":{""value"":0.5150315283622601,""score"":1.0021018908173382},""V4_base_dryup"":{""value"":1.9001433777684125,""score"":0},""V5_bo_expansion"":{""value"":0.6719518013669238,""score"":0},""_score"":4.71},""readiness"":{""_distance_atr"":0.87,""BR1_atr_distance"":{""score"":41.97544250477257},""BR2_compression"":{""score"":2.0060082677056945},""BR3_retest"":{""score"":50.0},""BR4_bo_age"":{""score"":50.0},""_score"":34.79},""risk"":{""R1_stop_clarity"":{""score"":66.96271032735662},""R2_stop_distance_pct"":{""value"":17.60087218139696,""score"":0.0},""R3_stop_distance_atr"":{""value"":2.3170262890713573,""score"":100.0},""R4_rr_potential"":{""value"":3.548302561048242,""score"":100.0},""_score"":58.44},""market"":{""M1_spy_regime"":{""score"":100.0},""M3_earnings_risk"":{""value"":null,""score"":80.0},""M4_vix"":{""value"":null,""score"":60.0},""_score"":84.0},""liquidity"":{""L1_price"":{""value"":9.5393,""score"":99.76965},""L2_dollar_vol"":{""value"":106120556.39735237,""score"":100.0},""L3_spread_proxy"":{""value"":0.0765255312234649,""score"":23.474468776535105},""L4_volume_zscore"":{""value"":-0.5959188930209822,""score"":100.0},""_score"":92.29},""pattern_structure"":{""n_contractions"":5,""contractions_pct"":[42.14,21.18,21.06,19.84,21.53],""descending_strict"":false,""final_low"":7.98,""final_pivot"":10.17,""structural_low"":7.98,""dry_up_ratio"":0.7724212802805591,""current_price"":9.5393,""neckline_distance_pct"":0.06611596238717717,""base_bars"":71},""pattern_geometry_features"":{""contraction_count"":5.0,""first_contraction_pct"":0.42135283198941903,""last_contraction_pct"":0.21533923303834804,""dry_up_ratio"":0.7724212802805591,""near_monotone"":0.0,""base_depth_pct"":0.40031111678903425},""_schema_version"":""1.0""}",,,,,,,,,,
20260508T195117Z-64671e,2026-05-08T19:51:17.654677+00:00,GD,ascending_triangle,absent,49.03,37.9,48.6,59.0,46.1,17.1,56.7,49.8,84.0,98.6,5.68,13.62,4.72,6.46,2.05,4.54,1.99,5.04,4.93,True,risk_unclear,347.115,353.57,338.8499,363.13,"{""trend"":{""T1_ema_stack"":{""value"":[true,false,true],""score"":66.66666666666666},""T2_ema50_slope"":{""value"":-0.14671549258412436,""score"":25.54741790264594},""T3_high_proximity"":{""value"":0.9480907899049492,""score"":74.04539495247458},""T4_rs_1m"":{""value"":-0.07451539296618237,""score"":0},""T5_rs_3m"":{""value"":-0.10303480426301159,""score"":0},""T6_adr_healthy"":{""value"":2.1068776477763658,""score"":100.0},""_score"":37.88},""geometry"":{""sub_flat_top_quality"":100,""sub_hl_slope"":3.0,""sub_compression"":11.0,""sub_duration"":100.0,""_score"":48.65},""compression"":{""VC1_atr_ratio"":{""value"":0.5458363512281774,""score"":100},""VC2_range_contraction"":{""value"":1.0302263374577965,""score"":0},""VC3_range_pct_rank"":{""score"":75.83333333333333},""_score"":58.96},""sr_quality"":{""SR1_touches"":{""value"":3,""score"":50.0},""SR2_tightness"":{""value"":2.052526897915502,""score"":56.07215694452565},""SR3_recency"":{""value"":227,""score"":0.0},""SR4_price_location"":{""score"":49.2647058823528},""SR5_reaction"":{""value"":1.3879090330268533,""score"":69.39545165134267},""_score"":46.14,""_levels_found"":5,""_target_level"":350.68},""volume"":{""V1_rvol_day"":{""value"":0.3570016235986469,""score"":0},""V2_rvol_sameslot"":{""value"":0.6484843733691199,""score"":9.898958224607995,""status"":""ok""},""V3_breakout_bar"":{""value"":0.9649350102795216,""score"":30.995667351968102},""V4_base_dryup"":{""value"":1.1304860729918351,""score"":36.951392700816484},""V5_bo_expansion"":{""value"":0.3570016235986469,""score"":0},""_score"":17.12},""readiness"":{""_distance_atr"":0.691,""BR1_atr_distance"":{""score"":53.95038392090303},""BR2_compression"":{""score"":70.57637317889586},""BR3_retest"":{""score"":50.0},""BR4_bo_age"":{""score"":50.0},""_score"":56.72},""risk"":{""R1_stop_clarity"":{""score"":0},""R2_stop_distance_pct"":{""value"":2.381098483211617,""score"":100.0},""R3_stop_distance_atr"":{""value"":0.8844469039569703,""score"":69.22234519784851},""R4_rr_potential"":{""value"":1.9376538840795359,""score"":46.8826942039768},""_score"":49.76},""market"":{""M1_spy_regime"":{""score"":100.0},""M3_earnings_risk"":{""value"":null,""score"":80.0},""M4_vix"":{""value"":null,""score"":60.0},""_score"":84.0},""liquidity"":{""L1_price"":{""value"":347.115,""score"":100.0},""L2_dollar_vol"":{""value"":192535085.97720945,""score"":100.0},""L3_spread_proxy"":{""value"":0.013943505754577104,""score"":86.0564942454229},""L4_volume_zscore"":{""value"":-1.6943496201261978,""score"":100.0},""_score"":98.61},""pattern_structure"":{""top"":353.57,""top_touches"":4,""low_slope_per_bar"":0.031083333333335374,""lowest_low"":344.01,""structural_low"":344.01,""current_price"":346.64,""neckline_distance_pct"":0.019991922455573526,""base_bars"":24},""pattern_geometry_features"":{""top_touches"":4.0,""low_slope"":0.031083333333335374,""compression"":0.05508085377943939,""atr_pct"":0.02692189290910177},""_schema_version"":""1.0""}",,,,,,,,,,
20260508T195117Z-64671e,2026-05-08T19:51:17.654677+00:00,MU,vcp,breakout_confirmed,48.85,100.0,35.0,1.7,52.5,53.6,27.7,27.1,84.0,65.8,15.0,8.75,0.2,6.3,6.97,1.94,1.36,5.04,3.29,False,,737.72,471.34,306.8177,404.2199,"{""trend"":{""T1_ema_stack"":{""value"":[true,true,true],""score"":100.0},""T2_ema50_slope"":{""value"":0.5354400444816207,""score"":100},""T3_high_proximity"":{""value"":1.0,""score"":99.99999999999997},""T4_rs_1m"":{""value"":0.666319821950123,""score"":100},""T5_rs_3m"":{""value"":0.8020567789219093,""score"":100},""T6_adr_healthy"":{""value"":5.7387940094309435,""score"":100.0},""_score"":100.0},""geometry"":{""sub_contraction_count"":100.0,""sub_reduction_rate"":0,""sub_pivot_tightness"":0,""sub_volume_dryup"":0,""sub_base_depth"":0.0,""sub_base_duration"":100.0,""_score"":35.0},""compression"":{""VC1_atr_ratio"":{""value"":1.0736187580442584,""score"":0},""VC2_range_contraction"":{""value"":1.095600144773612,""score"":0},""VC3_range_pct_rank"":{""score"":6.666666666666665},""_score"":1.67},""sr_quality"":{""SR1_touches"":{""value"":4,""score"":75.0},""SR2_tightness"":{""value"":7.9966410918506945,""score"":61.61614688611004},""SR3_recency"":{""value"":237,""score"":0.0},""SR4_price_location"":{""score"":30.0},""SR5_reaction"":{""value"":1.7727522856985645,""score"":88.63761428492822},""_score"":52.54,""_levels_found"":4,""_target_level"":441.765},""volume"":{""V1_rvol_day"":{""value"":1.2739905549601669,""score"":51.59937033067779},""V2_rvol_sameslot"":{""value"":1.904787102963051,""score"":93.65247353087007,""status"":""ok""},""V3_breakout_bar"":{""value"":0.9592150230459786,""score"":30.614334869731906},""V4_base_dryup"":{""value"":0.7923168237560436,""score"":70.76831762439564},""V5_bo_expansion"":{""value"":1.273990554960167,""score"":18.26603699734447},""_score"":53.6},""readiness"":{""_distance_atr"":-6.393,""BR1_atr_distance"":{""score"":0},""BR2_compression"":{""score"":40.92720894676762},""BR3_retest"":{""score"":50.0},""BR4_bo_age"":{""score"":50.0},""_score"":27.73},""risk"":{""R1_stop_clarity"":{""score"":77.57273409713858},""R2_stop_distance_pct"":{""value"":58.410013284172855,""score"":0.0},""R3_stop_distance_atr"":{""value"":10.341649899534355,""score"":0.0},""R4_rr_potential"":{""value"":-0.7739574871197618,""score"":0.0},""_score"":27.15},""market"":{""M1_spy_regime"":{""score"":100.0},""M3_earnings_risk"":{""value"":null,""score"":80.0},""M4_vix"":{""value"":null,""score"":60.0},""_score"":84.0},""liquidity"":{""L1_price"":{""value"":737.72,""score"":0.0},""L2_dollar_vol"":{""value"":39549804924.79956,""score"":100.0},""L3_spread_proxy"":{""value"":0.09160643604619632,""score"":8.393563953803678},""L4_volume_zscore"":{""value"":1.2469551545971516,""score"":100.0},""_score"":65.84},""pattern_structure"":{""n_contractions"":5,""contractions_pct"":[8.61,16.26,20.11,18.13,33.91],""descending_strict"":false,""final_low"":311.49,""final_pivot"":471.34,""structural_low"":311.49,""dry_up_ratio"":1.0310804280340446,""current_price"":737.72,""neckline_distance_pct"":-0.3610855066963076,""base_bars"":81},""pattern_geometry_features"":{""contraction_count"":5.0,""first_contraction_pct"":0.08609857433341826,""last_contraction_pct"":0.339139474689184,""dry_up_ratio"":1.0310804280340446,""near_monotone"":0.0,""base_depth_pct"":-0.27466598791422353},""_schema_version"":""1.0""}",,,,,,,,,,
20260508T195117Z-64671e,2026-05-08T19:51:17.654677+00:00,HII,double_bottom,forming,48.8,13.3,55.8,61.0,62.2,3.3,58.7,70.2,84.0,98.0,2.0,13.94,4.88,8.71,0.43,4.69,4.21,5.04,4.9,False,,315.24,325.89,306.3351,340.7799,"{""trend"":{""T1_ema_stack"":{""value"":[false,false,true],""score"":33.33333333333333},""T2_ema50_slope"":{""value"":-0.37466199468486866,""score"":0},""T3_high_proximity"":{""value"":0.6947744253190223,""score"":0},""T4_rs_1m"":{""value"":-0.3023483108539723,""score"":0},""T5_rs_3m"":{""value"":-0.27453739962720114,""score"":0},""T6_adr_healthy"":{""value"":3.2716732966402526,""score"":100.0},""_score"":13.33},""geometry"":{""sub_low_similarity"":91.6,""sub_bounce_quality"":25.5,""sub_separation_fit"":100.0,""sub_right_bottom_reaction"":14.5,""sub_base_context"":30.0,""_score"":55.75},""compression"":{""VC1_atr_ratio"":{""value"":0.4959256547468129,""score"":100},""VC2_range_contraction"":{""value"":1.1719479925646696,""score"":0},""VC3_range_pct_rank"":{""score"":84.16666666666667},""_score"":61.04},""sr_quality"":{""SR1_touches"":{""value"":3,""score"":50.0},""SR2_tightness"":{""value"":0.8716778201963284,""score"":88.40172585932314},""SR3_recency"":{""value"":320,""score"":0.0},""SR4_price_location"":{""score"":82.9889452261724},""SR5_reaction"":{""value"":1.7603404609059041,""score"":88.0170230452952},""_score"":62.21,""_levels_found"":8,""_target_level"":318.7667},""volume"":{""V1_rvol_day"":{""value"":0.6492618224416752,""score"":9.950788162778345},""V2_rvol_sameslot"":{""value"":0.5461001458582627,""score"":3.0733430572175147,""status"":""ok""},""V3_breakout_bar"":{""value"":0.5429875692642882,""score"":2.8658379509525433},""V4_base_dryup"":{""value"":1.6358436159274332,""score"":0},""V5_bo_expansion"":{""value"":0.649261822441675,""score"":0},""_score"":3.32},""readiness"":{""_distance_atr"":0.709,""BR1_atr_distance"":{""score"":52.76480341081849},""BR2_compression"":{""score"":80.31334573062186},""BR3_retest"":{""score"":50.0},""BR4_bo_age"":{""score"":50.0},""_score"":58.68},""risk"":{""R1_stop_clarity"":{""score"":37.92894001652735},""R2_stop_distance_pct"":{""value"":2.824800628092898,""score"":100.0},""R3_stop_distance_atr"":{""value"":0.5924292576898601,""score"":54.62146288449301},""R4_rr_potential"":{""value"":2.8680721510507268,""score"":93.40360755253634},""_score"":70.15},""market"":{""M1_spy_regime"":{""score"":100.0},""M3_earnings_risk"":{""value"":null,""score"":80.0},""M4_vix"":{""value"":null,""score"":60.0},""_score"":84.0},""liquidity"":{""L1_price"":{""value"":315.24,""score"":100.0},""L2_dollar_vol"":{""value"":113536048.08039516,""score"":100.0},""L3_spread_proxy"":{""value"":0.020492323309224653,""score"":79.50767669077536},""L4_volume_zscore"":{""value"":-0.6015448242760686,""score"":100.0},""_score"":97.95},""pattern_structure"":{""left_low"":311.0001,""left_idx"":62,""right_low"":312.305,""right_idx"":72,""separation_bars"":10,""structural_low"":311.0001,""current_price"":315.1,""neckline_distance_pct"":0.03424309742938738,""base_bars"":10},""pattern_geometry_features"":{""low_similarity_pct"":0.004187034567822506,""bounce_pct"":0.047877476566727833,""right_bottom_reaction"":0.14530892448512361,""atr_pct"":0.04768165298094876},""_schema_version"":""1.0""}",,,,,,,,,,
20260508T195117Z-64671e,2026-05-08T19:51:17.654677+00:00,BA,breakout_retest_hold,breakout_confirmed,48.8,66.0,40.0,54.6,42.5,20.3,53.5,43.3,84.0,97.1,9.23,8.8,3.28,5.95,2.63,9.63,2.17,4.2,2.91,False,,236.59,232.08,233.3232,224.88,"{""trend"":{""T1_ema_stack"":{""value"":[true,true,true],""score"":100.0},""T2_ema50_slope"":{""value"":0.141159703477654,""score"":73.52661724627566},""T3_high_proximity"":{""value"":0.9668178660455232,""score"":83.40893302276159},""T4_rs_1m"":{""value"":-0.00874816334097539,""score"":41.25183665902461},""T5_rs_3m"":{""value"":-0.09355447524904914,""score"":3.222762375475426},""T6_adr_healthy"":{""value"":2.707608175197961,""score"":100.0},""_score"":65.95},""geometry"":{""sub_retest_depth"":0.0,""sub_retest_timing"":100.0,""sub_retest_freshness"":100.0,""sub_hold_quality"":0.0,""_score"":40.0},""compression"":{""VC1_atr_ratio"":{""value"":0.5569142616238738,""score"":100},""VC2_range_contraction"":{""value"":0.892376531056859,""score"":17.937244823856837},""VC3_range_pct_rank"":{""score"":33.333333333333336},""_score"":54.61},""sr_quality"":{""SR1_touches"":{""value"":2,""score"":25.0},""SR2_tightness"":{""value"":0.4749999999999943,""score"":85.94526048821743},""SR3_recency"":{""value"":233,""score"":0.0},""SR4_price_location"":{""score"":30.0},""SR5_reaction"":{""value"":1.946211560815807,""score"":97.31057804079035},""_score"":42.49,""_levels_found"":4,""_target_level"":235.975},""volume"":{""V1_rvol_day"":{""value"":0.853768492348544,""score"":23.5845661565696},""V2_rvol_sameslot"":{""value"":1.0114908563458636,""score"":34.09939042305757,""status"":""ok""},""V3_breakout_bar"":{""value"":0.5693936028285638,""score"":4.626240188570918},""V4_base_dryup"":{""value"":1.1217640644895113,""score"":37.82359355104887},""V5_bo_expansion"":{""value"":0.853768492348544,""score"":0},""_score"":20.26},""readiness"":{""_distance_atr"":-0.667,""BR1_atr_distance"":{""score"":46.65539469512842},""BR2_compression"":{""score"":41.29698789479471},""BR3_retest"":{""score"":100},""BR4_bo_age"":{""score"":30},""_score"":53.49},""risk"":{""R1_stop_clarity"":{""score"":30.264820881327495},""R2_stop_distance_pct"":{""value"":1.3807853248235298,""score"":84.51963312058824},""R3_stop_distance_atr"":{""value"":0.48330550565359665,""score"":49.16527528267983},""R4_rr_potential"":{""value"":-3.5845475694869653,""score"":0.0},""_score"":43.32},""market"":{""M1_spy_regime"":{""score"":100.0},""M3_earnings_risk"":{""value"":null,""score"":80.0},""M4_vix"":{""value"":null,""score"":60.0},""_score"":84.0},""liquidity"":{""L1_price"":{""value"":236.59,""score"":100.0},""L2_dollar_vol"":{""value"":1255154036.9140291,""score"":100.0},""L3_spread_proxy"":{""value"":0.028678304239401483,""score"":71.32169576059852},""L4_volume_zscore"":{""value"":-0.32405676182250015,""score"":100.0},""_score"":97.13},""pattern_structure"":{""level"":232.08,""level_idx"":62,""breakout_idx"":69,""bo_peak_idx"":75,""bo_peak_price"":238.535,""retest_idx"":76,""retest_low"":235.68,""structural_low"":235.68,""current_price"":236.735,""neckline_distance_pct"":-0.019663336642237104,""base_bars"":17,""bars_since_breakout"":10},""pattern_geometry_features"":{""retest_depth_atr"":-1.4577048668253545,""bars_breakout_to_retest"":7.0,""bars_since_retest"":3.0,""current_above_level_atr"":1.884893376408899,""bo_peak_excess_pct"":0.027813684936228815,""atr_pct"":0.02856961711942903},""_schema_version"":""1.0""}",,,,,,,,,,
20260508T195117Z-64671e,2026-05-08T19:51:17.654677+00:00,TMUS,vcp,absent,48.75,14.6,47.3,73.7,57.2,22.7,37.4,69.5,84.0,98.6,2.19,11.83,8.85,6.87,2.95,2.62,3.48,5.04,4.93,True,risk_unclear,193.49,206.78,179.2798,249.0599,"{""trend"":{""T1_ema_stack"":{""value"":[false,false,false],""score"":0.0},""T2_ema50_slope"":{""value"":-0.2030003738684095,""score"":16.166604355265086},""T3_high_proximity"":{""value"":0.8716551040634292,""score"":35.82755203171456},""T4_rs_1m"":{""value"":-0.10436621760325737,""score"":0},""T5_rs_3m"":{""value"":-0.08681352890047578,""score"":6.593235549762113},""T6_adr_healthy"":{""value"":2.750787242535686,""score"":100.0},""_score"":14.6},""geometry"":{""sub_contraction_count"":100.0,""sub_reduction_rate"":0,""sub_pivot_tightness"":0,""sub_volume_dryup"":15.5,""sub_base_depth"":100.0,""sub_base_duration"":100.0,""_score"":47.33},""compression"":{""VC1_atr_ratio"":{""value"":0.4757080598011981,""score"":100},""VC2_range_contraction"":{""value"":0.8002674906058175,""score"":33.28875156569709},""VC3_range_pct_rank"":{""score"":88.33333333333333},""_score"":73.73},""sr_quality"":{""SR1_touches"":{""value"":3,""score"":50.0},""SR2_tightness"":{""value"":0.6571952187558615,""score"":79.05811578441124},""SR3_recency"":{""value"":307,""score"":0.0},""SR4_price_location"":{""score"":81.08306787552073},""SR5_reaction"":{""value"":1.3468503942981922,""score"":67.34251971490961},""_score"":57.23,""_levels_found"":7,""_target_level"":194.7767},""volume"":{""V1_rvol_day"":{""value"":0.2727628753709891,""score"":0},""V2_rvol_sameslot"":{""value"":0.5179707374088277,""score"":1.1980491605885137,""status"":""ok""},""V3_breakout_bar"":{""value"":1.155432039904027,""score"":43.69546932693513},""V4_base_dryup"":{""value"":0.9240341860957514,""score"":57.59658139042486},""V5_bo_expansion"":{""value"":0.2727628753709891,""score"":0},""_score"":22.68},""readiness"":{""_distance_atr"":2.117,""BR1_atr_distance"":{""score"":0},""BR2_compression"":{""score"":79.7625108028746},""BR3_retest"":{""score"":50.0},""BR4_bo_age"":{""score"":50.0},""_score"":37.44},""risk"":{""R1_stop_clarity"":{""score"":13.002280662620976},""R2_stop_distance_pct"":{""value"":7.344126311437297,""score"":100.0},""R3_stop_distance_atr"":{""value"":2.264070914495641,""score"":100.0},""R4_rr_potential"":{""value"":3.9105780023433874,""score"":100.0},""_score"":69.55},""market"":{""M1_spy_regime"":{""score"":100.0},""M3_earnings_risk"":{""value"":null,""score"":80.0},""M4_vix"":{""value"":null,""score"":60.0},""_score"":84.0},""liquidity"":{""L1_price"":{""value"":193.49,""score"":100.0},""L2_dollar_vol"":{""value"":334353754.70876944,""score"":100.0},""L3_spread_proxy"":{""value"":0.01418264509793791,""score"":85.81735490206209},""L4_volume_zscore"":{""value"":-1.739798183322843,""score"":100.0},""_score"":98.58},""pattern_structure"":{""n_contractions"":5,""contractions_pct"":[5.46,5.6,7.02,13.2,11.98],""descending_strict"":false,""final_low"":182.01,""final_pivot"":206.78,""structural_low"":182.01,""dry_up_ratio"":0.9225665149557278,""current_price"":193.49,""neckline_distance_pct"":0.06868572019225795,""base_bars"":48},""pattern_geometry_features"":{""contraction_count"":5.0,""first_contraction_pct"":0.054594076683791834,""last_contraction_pct"":0.11978914788664285,""dry_up_ratio"":0.9225665149557278,""near_monotone"":0.0,""base_depth_pct"":0.18850559030968403},""_schema_version"":""1.0""}",,,,,,,,,,
20260508T195117Z-64671e,2026-05-08T19:51:17.654677+00:00,QCOM,vcp,breakout_confirmed,48.74,90.8,56.5,0.8,36.9,30.6,23.4,25.5,84.0,91.1,13.62,14.11,0.1,4.43,3.98,1.64,1.28,5.04,4.56,False,,218.515,138.5,130.0693,184.7692,"{""trend"":{""T1_ema_stack"":{""value"":[true,true,false],""score"":66.66666666666666},""T2_ema50_slope"":{""value"":0.27383881206582905,""score"":95.63980201097151},""T3_high_proximity"":{""value"":1.0,""score"":99.99999999999997},""T4_rs_1m"":{""value"":0.6266251959616733,""score"":100},""T5_rs_3m"":{""value"":0.523995716180627,""score"":100},""T6_adr_healthy"":{""value"":5.698155490628211,""score"":100.0},""_score"":90.79},""geometry"":{""sub_contraction_count"":100.0,""sub_reduction_rate"":0,""sub_pivot_tightness"":76.3,""sub_volume_dryup"":0,""sub_base_depth"":100.0,""sub_base_duration"":100.0,""_score"":56.45},""compression"":{""VC1_atr_ratio"":{""value"":1.5002896089620805,""score"":0},""VC2_range_contraction"":{""value"":3.5220422026607694,""score"":0},""VC3_range_pct_rank"":{""score"":3.3333333333333326},""_score"":0.83},""sr_quality"":{""SR1_touches"":{""value"":2,""score"":25.0},""SR2_tightness"":{""value"":0.5049999999999955,""score"":93.0928093898714},""SR3_recency"":{""value"":308,""score"":0.0},""SR4_price_location"":{""score"":30.0},""SR5_reaction"":{""value"":1.0555691788845123,""score"":52.77845894422561},""_score"":36.88,""_levels_found"":5,""_target_level"":183.945},""volume"":{""V1_rvol_day"":{""value"":1.3409131213280099,""score"":56.060874755200665},""V2_rvol_sameslot"":{""value"":1.6970489144234533,""score"":79.80326096156355,""status"":""ok""},""V3_breakout_bar"":{""value"":0.4145531713175034,""score"":0},""V4_base_dryup"":{""value"":1.7676475156475666,""score"":0},""V5_bo_expansion"":{""value"":1.3409131213280094,""score"":22.727541421867294},""_score"":30.58},""readiness"":{""_distance_atr"":-5.472,""BR1_atr_distance"":{""score"":0},""BR2_compression"":{""score"":23.423303382608303},""BR3_retest"":{""score"":50.0},""BR4_bo_age"":{""score"":50.0},""_score"":23.36},""risk"":{""R1_stop_clarity"":{""score"":72.9080835623518},""R2_stop_distance_pct"":{""value"":40.47582545820652,""score"":0.0},""R3_stop_distance_atr"":{""value"":6.048630236690956,""score"":0.0},""R4_rr_potential"":{""value"":-0.38154235788604896,""score"":0.0},""_score"":25.52},""market"":{""M1_spy_regime"":{""score"":100.0},""M3_earnings_risk"":{""value"":null,""score"":80.0},""M4_vix"":{""value"":null,""score"":60.0},""_score"":84.0},""liquidity"":{""L1_price"":{""value"":218.515,""score"":100.0},""L2_dollar_vol"":{""value"":6832092849.050478,""score"":100.0},""L3_spread_proxy"":{""value"":0.08887261744045039,""score"":11.127382559549616},""L4_volume_zscore"":{""value"":0.5006012639000617,""score"":100.0},""_score"":91.11},""pattern_structure"":{""n_contractions"":5,""contractions_pct"":[4.1,16.92,3.35,6.33,4.66],""descending_strict"":false,""final_low"":132.05,""final_pivot"":138.5,""structural_low"":132.05,""dry_up_ratio"":3.3476404394261703,""current_price"":218.515,""neckline_distance_pct"":-0.36617623504107266,""base_bars"":83},""pattern_geometry_features"":{""contraction_count"":5.0,""first_contraction_pct"":0.040989416731344715,""last_contraction_pct"":0.04657039711191328,""dry_up_ratio"":3.3476404394261703,""near_monotone"":0.0,""base_depth_pct"":0.2594740218664058},""_schema_version"":""1.0""}",,,,,,,,,,
20260508T195117Z-64671e,2026-05-08T19:51:17.654677+00:00,APH,vcp,invalidated,48.58,42.5,38.2,39.4,49.2,75.4,21.4,20.5,84.0,92.8,6.38,9.56,4.73,5.91,9.81,1.5,1.02,5.04,4.64,True,risk_unclear,128.59,155.4569,140.1251,156.4979,"{""trend"":{""T1_ema_stack"":{""value"":[false,true,true],""score"":66.66666666666666},""T2_ema50_slope"":{""value"":0.23223534839198126,""score"":88.70589139866354},""T3_high_proximity"":{""value"":0.8415025194686212,""score"":20.75125973431058},""T4_rs_1m"":{""value"":-0.1498867020723964,""score"":0},""T5_rs_3m"":{""value"":-0.1231373157517559,""score"":0},""T6_adr_healthy"":{""value"":3.5091186715214997,""score"":100.0},""_score"":42.52},""geometry"":{""sub_contraction_count"":100.0,""sub_reduction_rate"":0,""sub_pivot_tightness"":21.6,""sub_volume_dryup"":0,""sub_base_depth"":0.0,""sub_base_duration"":100.0,""_score"":38.24},""compression"":{""VC1_atr_ratio"":{""value"":0.6205322338700621,""score"":94.86694153248449},""VC2_range_contraction"":{""value"":1.420379004145326,""score"":0},""VC3_range_pct_rank"":{""score"":5.833333333333335},""_score"":39.41},""sr_quality"":{""SR1_touches"":{""value"":2,""score"":25.0},""SR2_tightness"":{""value"":0.44505000000000905,""score"":85.38867503303565},""SR3_recency"":{""value"":249,""score"":0.0},""SR4_price_location"":{""score"":55.66355715304717},""SR5_reaction"":{""value"":2.2103219875735602,""score"":100},""_score"":49.22,""_levels_found"":4,""_target_level"":130.175},""volume"":{""V1_rvol_day"":{""value"":1.5527135392325442,""score"":70.18090261550294},""V2_rvol_sameslot"":{""value"":3.912422047755655,""score"":100,""status"":""ok""},""V3_breakout_bar"":{""value"":2.286903728201175,""score"":100},""V4_base_dryup"":{""value"":0.9568033842908331,""score"":54.319661570916686},""V5_bo_expansion"":{""value"":1.5527135392325442,""score"":36.847569282169616},""_score"":75.43},""readiness"":{""_distance_atr"":4.41,""BR1_atr_distance"":{""score"":0},""BR2_compression"":{""score"":15.49104387017843},""BR3_retest"":{""score"":50.0},""BR4_bo_age"":{""score"":50.0},""_score"":21.37},""risk"":{""R1_stop_clarity"":{""score"":29.942956573126693},""R2_stop_distance_pct"":{""value"":-8.9704603779454,""score"":0.0},""R3_stop_distance_atr"":{""value"":-1.8935323423918815,""score"":0.0},""R4_rr_potential"":{""value"":null,""score"":50.0},""_score"":20.48},""market"":{""M1_spy_regime"":{""score"":100.0},""M3_earnings_risk"":{""value"":null,""score"":80.0},""M4_vix"":{""value"":null,""score"":60.0},""_score"":84.0},""liquidity"":{""L1_price"":{""value"":128.59,""score"":100.0},""L2_dollar_vol"":{""value"":1676025649.2669175,""score"":100.0},""L3_spread_proxy"":{""value"":0.07208958705964702,""score"":27.910412940352984},""L4_volume_zscore"":{""value"":1.8456416922153394,""score"":100.0},""_score"":92.79},""pattern_structure"":{""n_contractions"":5,""contractions_pct"":[8.85,16.19,17.17,13.57,8.49],""descending_strict"":false,""final_low"":142.259,""final_pivot"":155.4569,""structural_low"":142.259,""dry_up_ratio"":1.363094531600733,""current_price"":128.59,""neckline_distance_pct"":0.20893459833579583,""base_bars"":78},""pattern_geometry_features"":{""contraction_count"":5.0,""first_contraction_pct"":0.08848499651081648,""last_contraction_pct"":0.0848974860556206,""dry_up_ratio"":1.363094531600733,""near_monotone"":0.0,""base_depth_pct"":0.007264480111654048},""_schema_version"":""1.0""}",,,,,,,,,,
20260508T195117Z-64671e,2026-05-08T19:51:17.654677+00:00,AVGO,breakout_retest_hold,breakout_confirmed,48.52,100.0,15.0,32.1,60.6,21.3,44.0,61.6,84.0,95.1,14.0,3.3,1.93,8.48,2.77,7.92,3.08,4.2,2.85,False,,428.175,403.75,402.237,398.65,"{""trend"":{""T1_ema_stack"":{""value"":[true,true,true],""score"":100.0},""T2_ema50_slope"":{""value"":0.5495038353281168,""score"":100},""T3_high_proximity"":{""value"":1.0,""score"":99.99999999999997},""T4_rs_1m"":{""value"":0.12256857589079839,""score"":100},""T5_rs_3m"":{""value"":0.21906409944682514,""score"":100},""T6_adr_healthy"":{""value"":3.0314671322642206,""score"":100.0},""_score"":100.0},""geometry"":{""sub_retest_depth"":0.0,""sub_retest_timing"":0.0,""sub_retest_freshness"":75.0,""sub_hold_quality"":0.0,""_score"":15.0},""compression"":{""VC1_atr_ratio"":{""value"":0.7184793027259394,""score"":70.38017431851515},""VC2_range_contraction"":{""value"":1.1238711010608327,""score"":0},""VC3_range_pct_rank"":{""score"":15.833333333333332},""_score"":32.11},""sr_quality"":{""SR1_touches"":{""value"":5,""score"":100},""SR2_tightness"":{""value"":3.5435157682731018,""score"":54.067641570295244},""SR3_recency"":{""value"":265,""score"":0.0},""SR4_price_location"":{""score"":30.0},""SR5_reaction"":{""value"":1.9977589916017728,""score"":99.88794958008864},""_score"":60.59,""_levels_found"":5,""_target_level"":355.776},""volume"":{""V1_rvol_day"":{""value"":0.7378418403907423,""score"":15.856122692716154},""V2_rvol_sameslot"":{""value"":0.9848900510959598,""score"":32.32600340639733,""status"":""ok""},""V3_breakout_bar"":{""value"":0.6361860795916061,""score"":9.07907197277374},""V4_base_dryup"":{""value"":1.0317688443401736,""score"":46.82311556598264},""V5_bo_expansion"":{""value"":0.7378418403907423,""score"":0},""_score"":21.27},""readiness"":{""_distance_atr"":-1.583,""BR1_atr_distance"":{""score"":28.33941407315127},""BR2_compression"":{""score"":32.61100776190625},""BR3_retest"":{""score"":100},""BR4_bo_age"":{""score"":30.0},""_score"":43.99},""risk"":{""R1_stop_clarity"":{""score"":47.3338953446117},""R2_stop_distance_pct"":{""value"":6.057803468208089,""score"":100.0},""R3_stop_distance_atr"":{""value"":1.6810896167258986,""score"":100.0},""R4_rr_potential"":{""value"":-1.138291310047037,""score"":0.0},""_score"":61.57},""market"":{""M1_spy_regime"":{""score"":100.0},""M3_earnings_risk"":{""value"":null,""score"":80.0},""M4_vix"":{""value"":null,""score"":60.0},""_score"":84.0},""liquidity"":{""L1_price"":{""value"":428.175,""score"":100.0},""L2_dollar_vol"":{""value"":6376425156.474316,""score"":100.0},""L3_spread_proxy"":{""value"":0.04904536696444211,""score"":50.95463303555789},""L4_volume_zscore"":{""value"":-1.2217239766277999,""score"":100.0},""_score"":95.1},""pattern_structure"":{""level"":403.75,""level_idx"":32,""breakout_idx"":38,""bo_peak_idx"":62,""bo_peak_price"":437.68,""retest_idx"":72,""retest_low"":406.3,""structural_low"":406.3,""current_price"":427.68,""neckline_distance_pct"":-0.05595304900860458,""base_bars"":47,""bars_since_breakout"":41},""pattern_geometry_features"":{""retest_depth_atr"":-0.4392548662548925,""bars_breakout_to_retest"":34.0,""bars_since_retest"":7.0,""current_above_level_atr"":4.122105470384131,""bo_peak_excess_pct"":0.08403715170278639,""atr_pct"":0.03603498235868179},""_schema_version"":""1.0""}",,,,,,,,,,
20260508T195117Z-64671e,2026-05-08T19:51:17.654677+00:00,COF,ascending_triangle,absent,48.47,18.5,47.2,68.1,56.8,31.7,36.7,60.1,84.0,97.9,2.77,13.22,5.44,7.95,3.8,2.94,2.41,5.04,4.9,True,risk_unclear,190.1534,196.0,186.0172,203.15,"{""trend"":{""T1_ema_stack"":{""value"":[false,false,false],""score"":0.0},""T2_ema50_slope"":{""value"":-0.016395180539582326,""score"":47.267469910069615},""T3_high_proximity"":{""value"":0.8536245286406896,""score"":26.81226432034478},""T4_rs_1m"":{""value"":-0.1073663260443597,""score"":0},""T5_rs_3m"":{""value"":-0.213546106075566,""score"":0},""T6_adr_healthy"":{""value"":2.3819896109458805,""score"":100.0},""_score"":18.48},""geometry"":{""sub_flat_top_quality"":66.7,""sub_hl_slope"":5.3,""sub_compression"":42.5,""sub_duration"":100.0,""_score"":47.23},""compression"":{""VC1_atr_ratio"":{""value"":0.2631980198493374,""score"":100},""VC2_range_contraction"":{""value"":0.7939994700034358,""score"":34.333421666094026},""VC3_range_pct_rank"":{""score"":64.16666666666666},""_score"":68.06},""sr_quality"":{""SR1_touches"":{""value"":2,""score"":25.0},""SR2_tightness"":{""value"":0.4399000000000086,""score"":81.87580929958763},""SR3_recency"":{""value"":242,""score"":0.0},""SR4_price_location"":{""score"":88.06504505317682},""SR5_reaction"":{""value"":3.7842642731018286,""score"":100},""_score"":56.8,""_levels_found"":7,""_target_level"":190.5501},""volume"":{""V1_rvol_day"":{""value"":0.6563656047058303,""score"":10.42437364705535},""V2_rvol_sameslot"":{""value"":1.0407288758423408,""score"":36.048591722822714,""status"":""ok""},""V3_breakout_bar"":{""value"":1.0112642492880586,""score"":34.08428328587057},""V4_base_dryup"":{""value"":0.8075131540495583,""score"":69.24868459504418},""V5_bo_expansion"":{""value"":0.65636560470583,""score"":0},""_score"":31.67},""readiness"":{""_distance_atr"":1.204,""BR1_atr_distance"":{""score"":19.70531685305086},""BR2_compression"":{""score"":45.44218642774221},""BR3_retest"":{""score"":50.0},""BR4_bo_age"":{""score"":50.0},""_score"":36.74},""risk"":{""R1_stop_clarity"":{""score"":0},""R2_stop_distance_pct"":{""value"":2.1751648931862455,""score"":100.0},""R3_stop_distance_atr"":{""value"":0.8520615067686907,""score"":67.60307533843454},""R4_rr_potential"":{""value"":3.1421974541542146,""score"":100.0},""_score"":60.14},""market"":{""M1_spy_regime"":{""score"":100.0},""M3_earnings_risk"":{""value"":null,""score"":80.0},""M4_vix"":{""value"":null,""score"":60.0},""_score"":84.0},""liquidity"":{""L1_price"":{""value"":190.1534,""score"":100.0},""L2_dollar_vol"":{""value"":515966179.79427123,""score"":100.0},""L3_spread_proxy"":{""value"":0.02103564806098655,""score"":78.96435193901345},""L4_volume_zscore"":{""value"":-1.4481180651106809,""score"":100.0},""_score"":97.9},""pattern_structure"":{""top"":196.0,""top_touches"":3,""low_slope_per_bar"":0.030130407124682155,""lowest_low"":188.85,""structural_low"":188.85,""current_price"":189.74,""neckline_distance_pct"":0.032992516074628386,""base_bars"":36},""pattern_geometry_features"":{""top_touches"":3.0,""low_slope"":0.030130407124682155,""compression"":0.21237617027892297,""atr_pct"":0.025528261468297245},""_schema_version"":""1.0""}",,,,,,,,,,
20260508T195117Z-64671e,2026-05-08T19:51:17.654677+00:00,ARM,bull_flag,absent,48.46,92.7,42.0,12.0,33.7,19.3,39.6,79.6,84.0,94.9,12.98,12.61,1.08,3.37,2.7,3.56,2.39,5.04,4.74,False,,214.14,239.5,207.0765,280.65,"{""trend"":{""T1_ema_stack"":{""value"":[true,true,true],""score"":100.0},""T2_ema50_slope"":{""value"":0.9132956307581528,""score"":100},""T3_high_proximity"":{""value"":0.902402022756005,""score"":51.201011378002484},""T4_rs_1m"":{""value"":0.34568968259307686,""score"":100},""T5_rs_3m"":{""value"":0.6640679972469525,""score"":100},""T6_adr_healthy"":{""value"":6.261054849091739,""score"":100.0},""_score"":92.68},""geometry"":{""sub_pole_impulse"":35.8,""sub_flag_tightness"":26.2,""sub_flag_shallowness"":0,""sub_flag_drift"":98.2,""sub_flag_duration"":100.0,""_score"":42.02},""compression"":{""VC1_atr_ratio"":{""value"":0.9697347531359078,""score"":7.566311716023039},""VC2_range_contraction"":{""value"":1.1318845854418735,""score"":0},""VC3_range_pct_rank"":{""score"":35.83333333333333},""_score"":11.98},""sr_quality"":{""SR1_touches"":{""value"":2,""score"":25.0},""SR2_tightness"":{""value"":4.159999999999997,""score"":54.42044944066444},""SR3_recency"":{""value"":249,""score"":0.0},""SR4_price_location"":{""score"":30.0},""SR5_reaction"":{""value"":1.4101173454294447,""score"":70.50586727147223},""_score"":33.74,""_levels_found"":4,""_target_level"":162.53},""volume"":{""V1_rvol_day"":{""value"":0.9372607164655639,""score"":29.15071443103759},""V2_rvol_sameslot"":{""value"":1.410255003305357,""score"":60.68366688702379,""status"":""ok""},""V3_breakout_bar"":{""value"":0.5786982105792495,""score"":5.246547371949969},""V4_base_dryup"":{""value"":1.9348153677860107,""score"":0},""V5_bo_expansion"":{""value"":0.9372607164655639,""score"":0},""_score"":19.28},""readiness"":{""_distance_atr"":1.389,""BR1_atr_distance"":{""score"":7.380015850580818},""BR2_compression"":{""score"":76.42022751438678},""BR3_retest"":{""score"":50.0},""BR4_bo_age"":{""score"":50.0},""_score"":39.56},""risk"":{""R1_stop_clarity"":{""score"":65.44883805015951},""R2_stop_distance_pct"":{""value"":3.2985196600354856,""score"":100.0},""R3_stop_distance_atr"":{""value"":0.3869577841326184,""score"":44.34788920663092},""R4_rr_potential"":{""value"":9.416078545186856,""score"":100.0},""_score"":79.56},""market"":{""M1_spy_regime"":{""score"":100.0},""M3_earnings_risk"":{""value"":null,""score"":80.0},""M4_vix"":{""value"":null,""score"":60.0},""_score"":84.0},""liquidity"":{""L1_price"":{""value"":214.14,""score"":100.0},""L2_dollar_vol"":{""value"":2120627698.4561262,""score"":100.0},""L3_spread_proxy"":{""value"":0.05136826375268516,""score"":48.63173624731484},""L4_volume_zscore"":{""value"":-0.10174190445996177,""score"":100.0},""_score"":94.86},""pattern_structure"":{""pole_low"":198.35,""pole_low_idx"":32,""peak_price"":239.5,""peak_idx"":47,""pole_gain"":0.20746155785228135,""flag_bars"":12,""flag_low"":210.23,""flag_high"":232.23,""structural_low"":210.23,""current_price"":214.64,""neckline_distance_pct"":0.11582184122251218,""base_bars"":12},""pattern_geometry_features"":{""pole_gain"":0.20746155785228135,""pullback_pct"":0.12221294363256789,""flag_range_pct"":0.0918580375782881,""flag_drift_per_bar"":-0.0003617962358178448,""atr_pct"":0.08524236480806949,""pole_atr_multiple"":2.433784636540749},""_schema_version"":""1.0""}",,,,,,,,,,
20260508T195117Z-64671e,2026-05-08T19:51:17.654677+00:00,COF,vcp,absent,48.31,18.5,48.0,68.1,56.8,27.2,28.9,61.0,84.0,97.9,2.77,12.01,8.17,6.82,3.54,2.02,3.05,5.04,4.9,True,risk_unclear,190.1534,210.84,185.4361,249.0799,"{""trend"":{""T1_ema_stack"":{""value"":[false,false,false],""score"":0.0},""T2_ema50_slope"":{""value"":-0.016395180539582326,""score"":47.267469910069615},""T3_high_proximity"":{""value"":0.8536245286406896,""score"":26.81226432034478},""T4_rs_1m"":{""value"":-0.1073663260443597,""score"":0},""T5_rs_3m"":{""value"":-0.213546106075566,""score"":0},""T6_adr_healthy"":{""value"":2.3819896109458805,""score"":100.0},""_score"":18.48},""geometry"":{""sub_contraction_count"":100.0,""sub_reduction_rate"":0,""sub_pivot_tightness"":0,""sub_volume_dryup"":20.2,""sub_base_depth"":100.0,""sub_base_duration"":100.0,""_score"":48.03},""compression"":{""VC1_atr_ratio"":{""value"":0.2631980198493374,""score"":100},""VC2_range_contraction"":{""value"":0.7939994700034358,""score"":34.333421666094026},""VC3_range_pct_rank"":{""score"":64.16666666666666},""_score"":68.06},""sr_quality"":{""SR1_touches"":{""value"":2,""score"":25.0},""SR2_tightness"":{""value"":0.4399000000000086,""score"":81.87580929958763},""SR3_recency"":{""value"":242,""score"":0.0},""SR4_price_location"":{""score"":88.06504505317682},""SR5_reaction"":{""value"":3.7842642731018286,""score"":100},""_score"":56.8,""_levels_found"":7,""_target_level"":190.5501},""volume"":{""V1_rvol_day"":{""value"":0.6563656047058303,""score"":10.42437364705535},""V2_rvol_sameslot"":{""value"":1.0407288758423408,""score"":36.048591722822714,""status"":""ok""},""V3_breakout_bar"":{""value"":1.0112642492880586,""score"":34.08428328587057},""V4_base_dryup"":{""value"":1.029421925032125,""score"":47.0578074967875},""V5_bo_expansion"":{""value"":0.65636560470583,""score"":0},""_score"":27.23},""readiness"":{""_distance_atr"":4.262,""BR1_atr_distance"":{""score"":0},""BR2_compression"":{""score"":45.44218642774221},""BR3_retest"":{""score"":50.0},""BR4_bo_age"":{""score"":50.0},""_score"":28.86},""risk"":{""R1_stop_clarity"":{""score"":0},""R2_stop_distance_pct"":{""value"":2.480786564952308,""score"":100.0},""R3_stop_distance_atr"":{""value"":0.9717804590935893,""score"":73.58902295467946},""R4_rr_potential"":{""value"":12.491573569626633,""score"":100.0},""_score"":61.04},""market"":{""M1_spy_regime"":{""score"":100.0},""M3_earnings_risk"":{""value"":null,""score"":80.0},""M4_vix"":{""value"":null,""score"":60.0},""_score"":84.0},""liquidity"":{""L1_price"":{""value"":190.1534,""score"":100.0},""L2_dollar_vol"":{""value"":515966179.79427123,""score"":100.0},""L3_spread_proxy"":{""value"":0.02103564806098655,""score"":78.96435193901345},""L4_volume_zscore"":{""value"":-1.4481180651106809,""score"":100.0},""_score"":97.9},""pattern_structure"":{""n_contractions"":5,""contractions_pct"":[10.71,10.56,4.42,8.38,10.71],""descending_strict"":false,""final_low"":188.26,""final_pivot"":210.84,""structural_low"":188.26,""dry_up_ratio"":0.8989117214582536,""current_price"":190.1534,""neckline_distance_pct"":0.10878900929460109,""base_bars"":55},""pattern_geometry_features"":{""contraction_count"":5.0,""first_contraction_pct"":0.10710777355751587,""last_contraction_pct"":0.10709542781255935,""dry_up_ratio"":0.8989117214582536,""near_monotone"":0.0,""base_depth_pct"":0.16882965511243053},""_schema_version"":""1.0""}",,,,,,,,,,
20260508T195117Z-64671e,2026-05-08T19:51:17.654677+00:00,ACN,double_bottom,absent,48.24,5.0,40.5,44.0,61.5,54.8,61.2,56.8,84.0,95.2,0.75,10.13,3.52,8.61,7.13,4.9,3.41,5.04,4.76,True,risk_unclear,180.575,183.9,169.9322,195.28,"{""trend"":{""T1_ema_stack"":{""value"":[false,false,false],""score"":0.0},""T2_ema50_slope"":{""value"":-0.45083360423638547,""score"":0},""T3_high_proximity"":{""value"":0.749709374740513,""score"":0},""T4_rs_1m"":{""value"":-0.11318726826536829,""score"":0},""T5_rs_3m"":{""value"":-0.3165985367345492,""score"":0},""T6_adr_healthy"":{""value"":3.231928984312127,""score"":100.0},""_score"":5.0},""geometry"":{""sub_low_similarity"":42.4,""sub_bounce_quality"":51.4,""sub_separation_fit"":0.0,""sub_right_bottom_reaction"":76.7,""sub_base_context"":30.0,""_score"":40.51},""compression"":{""VC1_atr_ratio"":{""value"":0.2678403081476792,""score"":100},""VC2_range_contraction"":{""value"":0.9958774496515953,""score"":0.6870917247341162},""VC3_range_pct_rank"":{""score"":15.000000000000002},""_score"":43.99},""sr_quality"":{""SR1_touches"":{""value"":4,""score"":75.0},""SR2_tightness"":{""value"":1.9601849402543559,""score"":41.58852066545132},""SR3_recency"":{""value"":228,""score"":0.0},""SR4_price_location"":{""score"":70.94601066377192},""SR5_reaction"":{""value"":2.681906707959516,""score"":100},""_score"":61.47,""_levels_found"":4,""_target_level"":187.075},""volume"":{""V1_rvol_day"":{""value"":0.7810872894464757,""score"":18.739152629765044},""V2_rvol_sameslot"":{""value"":2.090902384981336,""score"":100,""status"":""ok""},""V3_breakout_bar"":{""value"":1.941626717040049,""score"":96.10844780266993},""V4_base_dryup"":{""value"":1.148485072813835,""score"":35.15149271861651},""V5_bo_expansion"":{""value"":0.7810872894464757,""score"":0},""_score"":54.81},""readiness"":{""_distance_atr"":0.495,""BR1_atr_distance"":{""score"":66.97281554086875},""BR2_compression"":{""score"":67.76896502974802},""BR3_retest"":{""score"":50.0},""BR4_bo_age"":{""score"":50.0},""_score"":61.23},""risk"":{""R1_stop_clarity"":{""score"":22.886242457136902},""R2_stop_distance_pct"":{""value"":5.893839125017303,""score"":100.0},""R3_stop_distance_atr"":{""value"":1.5857220395261957,""score"":100.0},""R4_rr_potential"":{""value"":1.3816852707934022,""score"":19.08426353967011},""_score"":56.83},""market"":{""M1_spy_regime"":{""score"":100.0},""M3_earnings_risk"":{""value"":null,""score"":80.0},""M4_vix"":{""value"":null,""score"":60.0},""_score"":84.0},""liquidity"":{""L1_price"":{""value"":180.575,""score"":100.0},""L2_dollar_vol"":{""value"":720111348.3817008,""score"":100.0},""L3_spread_proxy"":{""value"":0.047736397618717855,""score"":52.26360238128215},""L4_volume_zscore"":{""value"":-1.0466303200310938,""score"":100.0},""_score"":95.23},""pattern_structure"":{""left_low"":177.565,""left_idx"":26,""right_low"":172.52,""right_idx"":74,""separation_bars"":48,""structural_low"":172.52,""current_price"":180.43,""neckline_distance_pct"":0.01923183506068835,""base_bars"":48},""pattern_geometry_features"":{""low_similarity_pct"":0.028821571903966104,""bounce_pct"":0.0659633665661952,""right_bottom_reaction"":0.7666068222621162,""atr_pct"":0.03716817309784221},""_schema_version"":""1.0""}",,,,,,,,,,
20260508T195117Z-64671e,2026-05-08T19:51:17.654677+00:00,RTX,breakout_retest_hold,breakout_confirmed,48.14,15.9,53.8,72.8,42.8,31.9,54.6,51.7,84.0,98.6,2.22,11.83,4.37,6.0,4.15,9.83,2.58,4.2,2.96,True,risk_unclear,176.875,174.15,171.9432,175.09,"{""trend"":{""T1_ema_stack"":{""value"":[false,false,true],""score"":33.33333333333333},""T2_ema50_slope"":{""value"":-0.30801565792565133,""score"":0},""T3_high_proximity"":{""value"":0.8336868401206636,""score"":16.843420060331795},""T4_rs_1m"":{""value"":-0.21337336707530363,""score"":0},""T5_rs_3m"":{""value"":-0.1767154092157981,""score"":0},""T6_adr_healthy"":{""value"":2.5257593030163443,""score"":100.0},""_score"":15.86},""geometry"":{""sub_retest_depth"":100.0,""sub_retest_timing"":100.0,""sub_retest_freshness"":0.0,""sub_hold_quality"":12.6,""_score"":53.78},""compression"":{""VC1_atr_ratio"":{""value"":0.3431151016218282,""score"":100},""VC2_range_contraction"":{""value"":0.7977676278169414,""score"":33.705395363843095},""VC3_range_pct_rank"":{""score"":84.16666666666667},""_score"":72.84},""sr_quality"":{""SR1_touches"":{""value"":3,""score"":50.0},""SR2_tightness"":{""value"":1.011196918947488,""score"":59.18466864467009},""SR3_recency"":{""value"":305,""score"":0.0},""SR4_price_location"":{""score"":15.790350418530888},""SR5_reaction"":{""value"":2.5607944667564255,""score"":100},""_score"":42.83,""_levels_found"":8,""_target_level"":182.9413},""volume"":{""V1_rvol_day"":{""value"":0.7066835847431618,""score"":13.778905649544123},""V2_rvol_sameslot"":{""value"":1.1884281032177464,""score"":45.89520688118309,""status"":""ok""},""V3_breakout_bar"":{""value"":1.15381183017988,""score"":43.58745534532534},""V4_base_dryup"":{""value"":1.0446717476951326,""score"":45.532825230486736},""V5_bo_expansion"":{""value"":0.706683584743162,""score"":0},""_score"":31.94},""readiness"":{""_distance_atr"":-0.55,""BR1_atr_distance"":{""score"":49.0009773705561},""BR2_compression"":{""score"":45.87483545954187},""BR3_retest"":{""score"":95.25730216895538},""BR4_bo_age"":{""score"":30.0},""_score"":54.62},""risk"":{""R1_stop_clarity"":{""score"":29.896871549291433},""R2_stop_distance_pct"":{""value"":2.788296819787975,""score"":100.0},""R3_stop_distance_atr"":{""value"":0.9953207303466304,""score"":74.76603651733151},""R4_rr_potential"":{""value"":-0.3619368182002521,""score"":0.0},""_score"":51.68},""market"":{""M1_spy_regime"":{""score"":100.0},""M3_earnings_risk"":{""value"":null,""score"":80.0},""M4_vix"":{""value"":null,""score"":60.0},""_score"":84.0},""liquidity"":{""L1_price"":{""value"":176.875,""score"":100.0},""L2_dollar_vol"":{""value"":699064237.7434613,""score"":100.0},""L3_spread_proxy"":{""value"":0.014077738515901111,""score"":85.9222614840989},""L4_volume_zscore"":{""value"":-0.9356757312264703,""score"":100.0},""_score"":98.59},""pattern_structure"":{""level"":174.15,""level_idx"":56,""breakout_idx"":62,""bo_peak_idx"":66,""bo_peak_price"":178.09,""retest_idx"":68,""retest_low"":173.68,""structural_low"":173.68,""current_price"":176.71,""neckline_distance_pct"":-0.014487012619546161,""base_bars"":23,""bars_since_breakout"":17},""pattern_geometry_features"":{""retest_depth_atr"":0.3119991654733565,""bars_breakout_to_retest"":6.0,""bars_since_retest"":11.0,""current_above_level_atr"":1.6993997098123304,""bo_peak_excess_pct"":0.022624174562159045,""atr_pct"":0.02801405350832915},""_schema_version"":""1.0""}",,,,,,,,,,
20260508T195117Z-64671e,2026-05-08T19:51:17.654677+00:00,LEU,vcp,absent,47.94,34.2,41.6,42.3,68.0,24.4,34.3,76.0,84.0,95.0,5.13,10.41,5.08,8.17,3.17,2.4,3.8,5.04,4.75,False,,204.96,230.49,186.6575,255.4299,"{""trend"":{""T1_ema_stack"":{""value"":[false,false,false],""score"":0.0},""T2_ema50_slope"":{""value"":-0.024338830791054564,""score"":45.943528201490906},""T3_high_proximity"":{""value"":0.7419635099913119,""score"":0},""T4_rs_1m"":{""value"":0.053728233134545667,""score"":100},""T5_rs_3m"":{""value"":-0.2891303085922332,""score"":0},""T6_adr_healthy"":{""value"":7.439368828842789,""score"":100.0},""_score"":34.19},""geometry"":{""sub_contraction_count"":100.0,""sub_reduction_rate"":0,""sub_pivot_tightness"":0,""sub_volume_dryup"":0,""sub_base_depth"":66.3,""sub_base_duration"":100.0,""_score"":41.63},""compression"":{""VC1_atr_ratio"":{""value"":0.7831137123771988,""score"":54.22157190570028},""VC2_range_contraction"":{""value"":1.1292281228597931,""score"":0},""VC3_range_pct_rank"":{""score"":82.5},""_score"":42.31},""sr_quality"":{""SR1_touches"":{""value"":5,""score"":100},""SR2_tightness"":{""value"":4.098243953695287,""score"":55.208315656144414},""SR3_recency"":{""value"":239,""score"":0.0},""SR4_price_location"":{""score"":59.995662964123106},""SR5_reaction"":{""value"":1.9693757470105915,""score"":98.46878735052957},""_score"":68.05,""_levels_found"":7,""_target_level"":216.5821},""volume"":{""V1_rvol_day"":{""value"":0.6353457164431705,""score"":9.023047762878033},""V2_rvol_sameslot"":{""value"":0.8887307801789522,""score"":25.91538534526348,""status"":""ok""},""V3_breakout_bar"":{""value"":0.600692373712738,""score"":6.712824914182532},""V4_base_dryup"":{""value"":0.7132289246367105,""score"":78.67710753632895},""V5_bo_expansion"":{""value"":0.6353457164431706,""score"":0},""_score"":24.4},""readiness"":{""_distance_atr"":1.395,""BR1_atr_distance"":{""score"":6.9901064765769405},""BR2_compression"":{""score"":56.116999447053416},""BR3_retest"":{""score"":50.0},""BR4_bo_age"":{""score"":50.0},""_score"":34.33},""risk"":{""R1_stop_clarity"":{""score"":68.93294684602466},""R2_stop_distance_pct"":{""value"":8.929791178766592,""score"":76.75522053083519},""R3_stop_distance_atr"":{""value"":1.0001842398428034,""score"":75.00921199214017},""R4_rr_potential"":{""value"":2.757541319491871,""score"":87.87706597459355},""_score"":75.98},""market"":{""M1_spy_regime"":{""score"":100.0},""M3_earnings_risk"":{""value"":null,""score"":80.0},""M4_vix"":{""value"":null,""score"":60.0},""_score"":84.0},""liquidity"":{""L1_price"":{""value"":204.96,""score"":100.0},""L2_dollar_vol"":{""value"":121356901.7917469,""score"":100.0},""L3_spread_proxy"":{""value"":0.0500092701014832,""score"":49.990729898516804},""L4_volume_zscore"":{""value"":-1.03308177845276,""score"":100.0},""_score"":95.0},""pattern_structure"":{""n_contractions"":5,""contractions_pct"":[11.86,14.06,27.31,9.95,17.78],""descending_strict"":false,""final_low"":189.5,""final_pivot"":230.49,""structural_low"":189.5,""dry_up_ratio"":1.03006962950583,""current_price"":204.96,""neckline_distance_pct"":0.12456088992974239,""base_bars"":47},""pattern_geometry_features"":{""contraction_count"":5.0,""first_contraction_pct"":0.11863417209204069,""last_contraction_pct"":0.17783851794004082,""dry_up_ratio"":1.03006962950583,""near_monotone"":0.0,""base_depth_pct"":0.11630251646265455},""_schema_version"":""1.0""}",,,,,,,,,,
20260508T195117Z-64671e,2026-05-08T19:51:17.654677+00:00,VZ,double_bottom,absent,47.76,34.0,39.1,61.0,58.3,28.1,34.2,57.9,84.0,98.9,5.11,9.78,4.88,8.16,3.65,2.73,3.47,5.04,4.95,True,risk_unclear,47.175,48.49,45.901,50.38,"{""trend"":{""T1_ema_stack"":{""value"":[false,false,true],""score"":33.33333333333333},""T2_ema50_slope"":{""value"":-0.06081715116840866,""score"":39.86380813859856},""T3_high_proximity"":{""value"":0.918158816660179,""score"":59.07940833008946},""T4_rs_1m"":{""value"":-0.09652624258699116,""score"":0},""T5_rs_3m"":{""value"":-0.04837721791842897,""score"":25.811391040785516},""T6_adr_healthy"":{""value"":2.1083145904250253,""score"":100.0},""_score"":34.04},""geometry"":{""sub_low_similarity"":85.0,""sub_bounce_quality"":15.1,""sub_separation_fit"":0.0,""sub_right_bottom_reaction"":30.6,""sub_base_context"":30.0,""_score"":39.11},""compression"":{""VC1_atr_ratio"":{""value"":0.3867543295389199,""score"":100},""VC2_range_contraction"":{""value"":1.01437024560248,""score"":0},""VC3_range_pct_rank"":{""score"":84.16666666666667},""_score"":61.04},""sr_quality"":{""SR1_touches"":{""value"":4,""score"":75.0},""SR2_tightness"":{""value"":0.17029386365926205,""score"":68.03065248099671},""SR3_recency"":{""value"":228,""score"":0.0},""SR4_price_location"":{""score"":42.225524800297194},""SR5_reaction"":{""value"":2.180020113979218,""score"":100},""_score"":58.26,""_levels_found"":6,""_target_level"":48.73},""volume"":{""V1_rvol_day"":{""value"":0.3163169857612749,""score"":0},""V2_rvol_sameslot"":{""value"":0.7559832738975387,""score"":17.065551593169246,""status"":""ok""},""V3_breakout_bar"":{""value"":1.1366887512748127,""score"":42.44591675165418},""V4_base_dryup"":{""value"":0.7981610548802871,""score"":70.18389451197129},""V5_bo_expansion"":{""value"":0.31631698576127487,""score"":0},""_score"":28.06},""readiness"":{""_distance_atr"":1.234,""BR1_atr_distance"":{""score"":17.711476142585383},""BR2_compression"":{""score"":38.3861831379422},""BR3_retest"":{""score"":50.0},""BR4_bo_age"":{""score"":50.0},""_score"":34.18},""risk"":{""R1_stop_clarity"":{""score"":0},""R2_stop_distance_pct"":{""value"":2.7005829358770406,""score"":100.0},""R3_stop_distance_atr"":{""value"":1.1958431109621142,""score"":84.79215554810571},""R4_rr_potential"":{""value"":2.515698587127175,""score"":75.78492935635875},""_score"":57.88},""market"":{""M1_spy_regime"":{""score"":100.0},""M3_earnings_risk"":{""value"":null,""score"":80.0},""M4_vix"":{""value"":null,""score"":60.0},""_score"":84.0},""liquidity"":{""L1_price"":{""value"":47.175,""score"":100.0},""L2_dollar_vol"":{""value"":359560653.9324347,""score"":100.0},""L3_spread_proxy"":{""value"":0.01081081081081077,""score"":89.18918918918924},""L4_volume_zscore"":{""value"":-2.262021109301673,""score"":100.0},""_score"":98.92},""pattern_structure"":{""left_low"":46.6,""left_idx"":26,""right_low"":46.95,""right_idx"":75,""separation_bars"":49,""structural_low"":46.6,""current_price"":47.28,""neckline_distance_pct"":0.025592216582064314,""base_bars"":49},""pattern_geometry_features"":{""low_similarity_pct"":0.007482629609834343,""bounce_pct"":0.0405579399141631,""right_bottom_reaction"":0.30583333333332174,""atr_pct"":0.02258308728896962},""_schema_version"":""1.0""}",,,,,,,,,,
20260508T195117Z-64671e,2026-05-08T19:51:17.654677+00:00,NNE,vcp,absent,47.67,53.5,45.0,36.6,40.8,29.8,52.7,42.4,84.0,87.8,8.02,11.25,4.39,4.89,3.87,3.69,2.12,5.04,4.39,False,,26.93,28.33,21.4434,33.11,"{""trend"":{""T1_ema_stack"":{""value"":[true,false,false],""score"":33.33333333333333},""T2_ema50_slope"":{""value"":0.03870492095863226,""score"":56.45082015977204},""T3_high_proximity"":{""value"":0.9263845889232886,""score"":63.19229446164426},""T4_rs_1m"":{""value"":0.19183468015638172,""score"":100},""T5_rs_3m"":{""value"":-0.14479541511835892,""score"":0},""T6_adr_healthy"":{""value"":8.495687489232298,""score"":87.60781276919256},""_score"":53.48},""geometry"":{""sub_contraction_count"":100.0,""sub_reduction_rate"":0,""sub_pivot_tightness"":0,""sub_volume_dryup"":0,""sub_base_depth"":100.0,""sub_base_duration"":100.0,""_score"":45.0},""compression"":{""VC1_atr_ratio"":{""value"":0.7902299096152464,""score"":52.44252259618839},""VC2_range_contraction"":{""value"":1.045014815760978,""score"":0},""VC3_range_pct_rank"":{""score"":62.5},""_score"":36.6},""sr_quality"":{""SR1_touches"":{""value"":2,""score"":25.0},""SR2_tightness"":{""value"":0.02999999999999936,""score"":97.66281680657309},""SR3_recency"":{""value"":234,""score"":0.0},""SR4_price_location"":{""score"":14.553014553014437},""SR5_reaction"":{""value"":2.4871524483385135,""score"":100},""_score"":40.79,""_levels_found"":5,""_target_level"":28.3},""volume"":{""V1_rvol_day"":{""value"":0.7891821372990302,""score"":19.278809153268682},""V2_rvol_sameslot"":{""value"":1.2600599556825516,""score"":50.670663712170104,""status"":""ok""},""V3_breakout_bar"":{""value"":0.9269112462764918,""score"":28.46074975176612},""V4_base_dryup"":{""value"":1.0671060886766692,""score"":43.28939113233308},""V5_bo_expansion"":{""value"":0.7891821372990302,""score"":0},""_score"":29.76},""readiness"":{""_distance_atr"":0.545,""BR1_atr_distance"":{""score"":63.643816991136354},""BR2_compression"":{""score"":39.04905489394772},""BR3_retest"":{""score"":50.0},""BR4_bo_age"":{""score"":50.0},""_score"":52.72},""risk"":{""R1_stop_clarity"":{""score"":74.55976093954756},""R2_stop_distance_pct"":{""value"":20.373375417749724,""score"":0.0},""R3_stop_distance_atr"":{""value"":2.13717874164944,""score"":100.0},""R4_rr_potential"":{""value"":1.1263909013861166,""score"":6.319545069305832},""_score"":42.36},""market"":{""M1_spy_regime"":{""score"":100.0},""M3_earnings_risk"":{""value"":null,""score"":80.0},""M4_vix"":{""value"":null,""score"":60.0},""_score"":84.0},""liquidity"":{""L1_price"":{""value"":26.93,""score"":100.0},""L2_dollar_vol"":{""value"":52833097.51389072,""score"":86.14530366869792},""L3_spread_proxy"":{""value"":0.06646862235425173,""score"":33.531377645748265},""L4_volume_zscore"":{""value"":-0.4290174484016574,""score"":100.0},""_score"":87.81},""pattern_structure"":{""n_contractions"":5,""contractions_pct"":[11.11,21.97,16.31,12.0,23.16],""descending_strict"":false,""final_low"":21.77,""final_pivot"":28.33,""structural_low"":21.77,""dry_up_ratio"":1.283604148445709,""current_price"":26.93,""neckline_distance_pct"":0.05198663200891194,""base_bars"":49},""pattern_geometry_features"":{""contraction_count"":5.0,""first_contraction_pct"":0.11111111111111108,""last_contraction_pct"":0.2315566537239675,""dry_up_ratio"":1.283604148445709,""near_monotone"":0.0,""base_depth_pct"":0.18003766478342753},""_schema_version"":""1.0""}",,,,,,,,,,
20260508T195117Z-64671e,2026-05-08T19:51:17.654677+00:00,OKLO,vcp,absent,47.48,70.7,39.9,40.3,46.6,15.7,33.2,47.0,84.0,94.4,10.6,9.98,4.84,5.59,2.04,2.32,2.35,5.04,4.72,False,,71.775,81.5,62.252,88.45,"{""trend"":{""T1_ema_stack"":{""value"":[true,true,false],""score"":66.66666666666666},""T2_ema50_slope"":{""value"":0.3502768921270871,""score"":100},""T3_high_proximity"":{""value"":0.9014694800301432,""score"":50.73474001507156},""T4_rs_1m"":{""value"":0.41927732042761123,""score"":100},""T5_rs_3m"":{""value"":-0.05756201820488571,""score"":21.218990897557145},""T6_adr_healthy"":{""value"":9.445404178300706,""score"":63.86489554248236},""_score"":70.65},""geometry"":{""sub_contraction_count"":100.0,""sub_reduction_rate"":0,""sub_pivot_tightness"":0,""sub_volume_dryup"":0,""sub_base_depth"":49.1,""sub_base_duration"":100.0,""_score"":39.91},""compression"":{""VC1_atr_ratio"":{""value"":0.8656350747563907,""score"":33.59123131090233},""VC2_range_contraction"":{""value"":0.8892769149005736,""score"":18.45384751657107},""VC3_range_pct_rank"":{""score"":81.66666666666667},""_score"":40.31},""sr_quality"":{""SR1_touches"":{""value"":3,""score"":50.0},""SR2_tightness"":{""value"":0.8901529206952153,""score"":74.92274697709425},""SR3_recency"":{""value"":238,""score"":0.0},""SR4_price_location"":{""score"":29.866575436195724},""SR5_reaction"":{""value"":1.7196565717543677,""score"":85.98282858771839},""_score"":46.6,""_levels_found"":7,""_target_level"":75.1917},""volume"":{""V1_rvol_day"":{""value"":0.5144970777187468,""score"":0.9664718479164502},""V2_rvol_sameslot"":{""value"":0.7311241686151226,""score"":15.408277907674842,""status"":""ok""},""V3_breakout_bar"":{""value"":0.7143735694805556,""score"":14.291571298703708},""V4_base_dryup"":{""value"":1.0588802155970714,""score"":44.111978440292866},""V5_bo_expansion"":{""value"":0.5144970777187468,""score"":0},""_score"":15.67},""readiness"":{""_distance_atr"":1.37,""BR1_atr_distance"":{""score"":8.676258510245887},""BR2_compression"":{""score"":48.92114798501984},""BR3_retest"":{""score"":50.0},""BR4_bo_age"":{""score"":50.0},""_score"":33.2},""risk"":{""R1_stop_clarity"":{""score"":73.29308783579836},""R2_stop_distance_pct"":{""value"":13.267850923023342,""score"":0.0},""R3_stop_distance_atr"":{""value"":1.341402555589094,""score"":92.07012777945471},""R4_rr_potential"":{""value"":1.7510238370261464,""score"":37.55119185130732},""_score"":46.97},""market"":{""M1_spy_regime"":{""score"":100.0},""M3_earnings_risk"":{""value"":null,""score"":80.0},""M4_vix"":{""value"":null,""score"":60.0},""_score"":84.0},""liquidity"":{""L1_price"":{""value"":71.775,""score"":100.0},""L2_dollar_vol"":{""value"":611987535.5685672,""score"":100.0},""L3_spread_proxy"":{""value"":0.05572971090212469,""score"":44.27028909787531},""L4_volume_zscore"":{""value"":-1.2827222759034325,""score"":100.0},""_score"":94.43},""pattern_structure"":{""n_contractions"":5,""contractions_pct"":[14.3,14.67,20.04,22.15,22.45],""descending_strict"":false,""final_low"":63.2,""final_pivot"":81.5,""structural_low"":63.2,""dry_up_ratio"":1.0375147548134638,""current_price"":71.775,""neckline_distance_pct"":0.13549285963079058,""base_bars"":49},""pattern_geometry_features"":{""contraction_count"":5.0,""first_contraction_pct"":0.1429793300071277,""last_contraction_pct"":0.22453987730061345,""dry_up_ratio"":1.0375147548134638,""near_monotone"":0.0,""base_depth_pct"":0.09907341411261586},""_schema_version"":""1.0""}",,,,,,,,,,
20260508T195117Z-64671e,2026-05-08T19:51:17.654677+00:00,IONQ,breakout_retest_hold,setup,47.41,85.4,20.0,44.2,59.3,12.0,45.6,66.7,84.0,93.2,11.96,4.4,2.65,8.3,1.55,8.21,3.33,4.2,2.8,False,,48.485,44.27,45.2628,41.37,"{""trend"":{""T1_ema_stack"":{""value"":[true,true,false],""score"":66.66666666666666},""T2_ema50_slope"":{""value"":0.6519731750163094,""score"":100},""T3_high_proximity"":{""value"":0.9222940840783717,""score"":61.147042039185806},""T4_rs_1m"":{""value"":0.642809748344856,""score"":100},""T5_rs_3m"":{""value"":0.3186259342299871,""score"":100},""T6_adr_healthy"":{""value"":8.334603795487245,""score"":91.63490511281887},""_score"":85.42},""geometry"":{""sub_retest_depth"":0.0,""sub_retest_timing"":0.0,""sub_retest_freshness"":100.0,""sub_hold_quality"":0.0,""_score"":20.0},""compression"":{""VC1_atr_ratio"":{""value"":0.726530624242384,""score"":68.367343939404},""VC2_range_contraction"":{""value"":0.9429296694209635,""score"":9.511721763172758},""VC3_range_pct_rank"":{""score"":54.16666666666667},""_score"":44.22},""sr_quality"":{""SR1_touches"":{""value"":3,""score"":50.0},""SR2_tightness"":{""value"":1.059811303959343,""score"":43.09639761594811},""SR3_recency"":{""value"":235,""score"":0.0},""SR4_price_location"":{""score"":92.88685524126447},""SR5_reaction"":{""value"":1.9458948796176097,""score"":97.29474398088048},""_score"":59.28,""_levels_found"":7,""_target_level"":48.77},""volume"":{""V1_rvol_day"":{""value"":0.561715197396321,""score"":4.114346493088069},""V2_rvol_sameslot"":{""value"":0.8183481852574964,""score"":21.22321235049976,""status"":""ok""},""V3_breakout_bar"":{""value"":0.6942087843639068,""score"":12.947252290927116},""V4_base_dryup"":{""value"":1.3174632140302822,""score"":18.25367859697178},""V5_bo_expansion"":{""value"":0.5617151973963209,""score"":0},""_score"":11.96},""readiness"":{""_distance_atr"":-1.132,""BR1_atr_distance"":{""score"":37.36873694848043},""BR2_compression"":{""score"":24.72951299903094},""BR3_retest"":{""score"":100},""BR4_bo_age"":{""score"":30.0},""_score"":45.63},""risk"":{""R1_stop_clarity"":{""score"":75.45192534482857},""R2_stop_distance_pct"":{""value"":6.645766731978964,""score"":100.0},""R3_stop_distance_atr"":{""value"":0.865035062925343,""score"":68.25175314626715},""R4_rr_potential"":{""value"":-2.2081186766805243,""score"":0.0},""_score"":66.65},""market"":{""M1_spy_regime"":{""score"":100.0},""M3_earnings_risk"":{""value"":null,""score"":80.0},""M4_vix"":{""value"":null,""score"":60.0},""_score"":84.0},""liquidity"":{""L1_price"":{""value"":48.485,""score"":100.0},""L2_dollar_vol"":{""value"":1064944561.0482625,""score"":100.0},""L3_spread_proxy"":{""value"":0.06764978859441066,""score"":32.350211405589334},""L4_volume_zscore"":{""value"":-0.7805110251719105,""score"":100.0},""_score"":93.24},""pattern_structure"":{""level"":44.27,""level_idx"":29,""breakout_idx"":39,""bo_peak_idx"":67,""bo_peak_price"":53.485,""retest_idx"":77,""retest_low"":45.72,""structural_low"":45.72,""current_price"":48.29,""neckline_distance_pct"":-0.08324704907848408,""base_bars"":50,""bars_since_breakout"":40},""pattern_geometry_features"":{""retest_depth_atr"":-0.8908005752026547,""bars_breakout_to_retest"":38.0,""bars_since_retest"":2.0,""current_above_level_atr"":2.46966780159633,""bo_peak_excess_pct"":0.20815450643776814,""atr_pct"":0.07682655902414591},""_schema_version"":""1.0""}",,,,,,,,,,
20260508T195117Z-64671e,2026-05-08T19:51:17.654677+00:00,MRVL,high_tight_pullback,absent,47.32,98.8,29.3,35.1,38.2,22.5,55.1,73.1,84.0,95.5,11.86,10.24,3.51,3.06,3.15,4.96,0.73,5.04,4.77,False,,169.435,175.8,156.1718,197.78,"{""trend"":{""T1_ema_stack"":{""value"":[true,true,true],""score"":100.0},""T2_ema50_slope"":{""value"":1.0707493528816832,""score"":100},""T3_high_proximity"":{""value"":0.9842288701713622,""score"":92.11443508568107},""T4_rs_1m"":{""value"":0.32891841560398594,""score"":100},""T5_rs_3m"":{""value"":1.0434948839035576,""score"":100},""T6_adr_healthy"":{""value"":5.154120748872408,""score"":100.0},""_score"":98.82},""geometry"":{""sub_pole_impulse"":38.6,""sub_flag_tightness"":14.0,""sub_flag_shallowness"":0,""sub_flag_drift"":94.6,""sub_flag_duration"":0.0,""_score"":29.27},""compression"":{""VC1_atr_ratio"":{""value"":0.7718098372719943,""score"":57.04754068200143},""VC2_range_contraction"":{""value"":1.0038539757156242,""score"":0},""VC3_range_pct_rank"":{""score"":49.16666666666667},""_score"":35.11},""sr_quality"":{""SR1_touches"":{""value"":2,""score"":25.0},""SR2_tightness"":{""value"":1.0587499999999963,""score"":77.76250854206228},""SR3_recency"":{""value"":253,""score"":0.0},""SR4_price_location"":{""score"":30.0},""SR5_reaction"":{""value"":1.5386401262012328,""score"":76.93200631006164},""_score"":38.2,""_levels_found"":4,""_target_level"":101.7113},""volume"":{""V1_rvol_day"":{""value"":0.48782278280848185,""score"":0},""V2_rvol_sameslot"":{""value"":0.894298780409027,""score"":26.286585360601798,""status"":""ok""},""V3_breakout_bar"":{""value"":0.8407725071542949,""score"":22.71816714361966},""V4_base_dryup"":{""value"":0.9217430018708064,""score"":57.82569981291936},""V5_bo_expansion"":{""value"":0.48782278280848185,""score"":0},""_score"":22.5},""readiness"":{""_distance_atr"":0.668,""BR1_atr_distance"":{""score"":55.437502359771976},""BR2_compression"":{""score"":61.60012862356322},""BR3_retest"":{""score"":50.0},""BR4_bo_age"":{""score"":50.0},""_score"":55.08},""risk"":{""R1_stop_clarity"":{""score"":50.04834563415278},""R2_stop_distance_pct"":{""value"":7.827928114026027,""score"":100.0},""R3_stop_distance_atr"":{""value"":1.3928756013199217,""score"":94.64378006599608},""R4_rr_potential"":{""value"":2.137108174844026,""score"":56.8554087422013},""_score"":73.08},""market"":{""M1_spy_regime"":{""score"":100.0},""M3_earnings_risk"":{""value"":null,""score"":80.0},""M4_vix"":{""value"":null,""score"":60.0},""_score"":84.0},""liquidity"":{""L1_price"":{""value"":169.435,""score"":100.0},""L2_dollar_vol"":{""value"":2143368536.4675245,""score"":100.0},""L3_spread_proxy"":{""value"":0.04538554607961752,""score"":54.61445392038248},""L4_volume_zscore"":{""value"":-1.6957967013288104,""score"":100.0},""_score"":95.46},""pattern_structure"":{""pole_low"":153.82,""pole_low_idx"":17,""peak_price"":175.8,""peak_idx"":42,""pole_gain"":0.14289429202964515,""flag_bars"":17,""flag_low"":158.55,""flag_high"":171.5193,""structural_low"":158.55,""current_price"":169.54,""neckline_distance_pct"":0.036923439896189805,""base_bars"":17},""pattern_geometry_features"":{""pole_gain"":0.14289429202964515,""pullback_pct"":0.09812286689419794,""flag_range_pct"":0.07377303754266197,""flag_drift_per_bar"":-0.001082080230936285,""atr_pct"":0.05619976476440608,""pole_atr_multiple"":2.5426137036101393},""_schema_version"":""1.0""}",,,,,,,,,,
20260508T195117Z-64671e,2026-05-08T19:51:17.654677+00:00,CRM,double_bottom,absent,47.27,20.9,43.4,65.5,57.7,18.5,42.1,71.5,84.0,97.4,3.14,10.85,5.24,8.07,2.4,3.37,4.29,5.04,4.87,False,,181.215,190.31,174.2268,203.74,"{""trend"":{""T1_ema_stack"":{""value"":[false,false,false],""score"":0.0},""T2_ema50_slope"":{""value"":-0.20101245779969978,""score"":16.49792370005003},""T3_high_proximity"":{""value"":0.8966157043194299,""score"":48.30785215971495},""T4_rs_1m"":{""value"":-0.02319678885351628,""score"":26.80321114648372},""T5_rs_3m"":{""value"":-0.12002145862323232,""score"":0},""T6_adr_healthy"":{""value"":3.4245391327084573,""score"":100.0},""_score"":20.91},""geometry"":{""sub_low_similarity"":56.7,""sub_bounce_quality"":65.6,""sub_separation_fit"":0.0,""sub_right_bottom_reaction"":48.4,""sub_base_context"":30.0,""_score"":43.39},""compression"":{""VC1_atr_ratio"":{""value"":0.4777768918338725,""score"":100},""VC2_range_contraction"":{""value"":0.8442568076831986,""score"":25.957198719466913},""VC3_range_pct_rank"":{""score"":65.83333333333333},""_score"":65.54},""sr_quality"":{""SR1_touches"":{""value"":5,""score"":100},""SR2_tightness"":{""value"":1.5817913895327675,""score"":59.07146535741645},""SR3_recency"":{""value"":227,""score"":0.0},""SR4_price_location"":{""score"":15.228380574110737},""SR5_reaction"":{""value"":2.389052557261854,""score"":100},""_score"":57.67,""_levels_found"":8,""_target_level"":190.606},""volume"":{""V1_rvol_day"":{""value"":0.7443073905177546,""score"":16.28715936785031},""V2_rvol_sameslot"":{""value"":0.802371991140381,""score"":20.158132742692068,""status"":""ok""},""V3_breakout_bar"":{""value"":0.769332963199093,""score"":17.95553087993953},""V4_base_dryup"":{""value"":1.1651367361324387,""score"":33.48632638675613},""V5_bo_expansion"":{""value"":0.7443073905177545,""score"":0},""_score"":18.48},""readiness"":{""_distance_atr"":1.177,""BR1_atr_distance"":{""score"":21.556233639580043},""BR2_compression"":{""score"":64.00207477139107},""BR3_retest"":{""score"":50.0},""BR4_bo_age"":{""score"":50.0},""_score"":42.12},""risk"":{""R1_stop_clarity"":{""score"":31.348982658339935},""R2_stop_distance_pct"":{""value"":3.8563032861518116,""score"":100.0},""R3_stop_distance_atr"":{""value"":0.904091360219715,""score"":70.20456801098575},""R4_rr_potential"":{""value"":3.2232906900203178,""score"":100.0},""_score"":71.5},""market"":{""M1_spy_regime"":{""score"":100.0},""M3_earnings_risk"":{""value"":null,""score"":80.0},""M4_vix"":{""value"":null,""score"":60.0},""_score"":84.0},""liquidity"":{""L1_price"":{""value"":181.215,""score"":100.0},""L2_dollar_vol"":{""value"":1689483934.289609,""score"":100.0},""L3_spread_proxy"":{""value"":0.026432690450569722,""score"":73.56730954943028},""L4_volume_zscore"":{""value"":-0.9222381076179166,""score"":100.0},""_score"":97.36},""pattern_structure"":{""left_low"":180.75,""left_idx"":25,""right_low"":176.88,""right_idx"":74,""separation_bars"":49,""structural_low"":176.88,""current_price"":181.33,""neckline_distance_pct"":0.04952296917222737,""base_bars"":49},""pattern_geometry_features"":{""low_similarity_pct"":0.02164247965774686,""bounce_pct"":0.0759271822704659,""right_bottom_reaction"":0.4838865769863558,""atr_pct"":0.04265391149423927},""_schema_version"":""1.0""}",,,,,,,,,,
20260508T195117Z-64671e,2026-05-08T19:51:17.654677+00:00,ACN,vcp,absent,47.26,5.0,38.6,44.0,61.5,64.5,34.4,72.0,84.0,95.2,0.75,9.65,5.28,7.38,8.39,2.41,3.6,5.04,4.76,True,risk_unclear,180.575,199.65,171.2324,299.08,"{""trend"":{""T1_ema_stack"":{""value"":[false,false,false],""score"":0.0},""T2_ema50_slope"":{""value"":-0.45083360423638547,""score"":0},""T3_high_proximity"":{""value"":0.749709374740513,""score"":0},""T4_rs_1m"":{""value"":-0.11318726826536829,""score"":0},""T5_rs_3m"":{""value"":-0.3165985367345492,""score"":0},""T6_adr_healthy"":{""value"":3.231928984312127,""score"":100.0},""_score"":5.0},""geometry"":{""sub_contraction_count"":100.0,""sub_reduction_rate"":0,""sub_pivot_tightness"":0,""sub_volume_dryup"":0.0,""sub_base_depth"":36.1,""sub_base_duration"":100.0,""_score"":38.61},""compression"":{""VC1_atr_ratio"":{""value"":0.2678403081476792,""score"":100},""VC2_range_contraction"":{""value"":0.9958774496515953,""score"":0.6870917247341162},""VC3_range_pct_rank"":{""score"":15.000000000000002},""_score"":43.99},""sr_quality"":{""SR1_touches"":{""value"":4,""score"":75.0},""SR2_tightness"":{""value"":1.9601849402543559,""score"":41.58852066545132},""SR3_recency"":{""value"":228,""score"":0.0},""SR4_price_location"":{""score"":70.94601066377192},""SR5_reaction"":{""value"":2.681906707959516,""score"":100},""_score"":61.47,""_levels_found"":4,""_target_level"":187.075},""volume"":{""V1_rvol_day"":{""value"":0.7810872894464757,""score"":18.739152629765044},""V2_rvol_sameslot"":{""value"":2.090902384981336,""score"":100,""status"":""ok""},""V3_breakout_bar"":{""value"":1.941626717040049,""score"":96.10844780266993},""V4_base_dryup"":{""value"":0.6614253193582327,""score"":83.85746806417673},""V5_bo_expansion"":{""value"":0.7810872894464757,""score"":0},""_score"":64.55},""readiness"":{""_distance_atr"":2.842,""BR1_atr_distance"":{""score"":0},""BR2_compression"":{""score"":67.76896502974802},""BR3_retest"":{""score"":50.0},""BR4_bo_age"":{""score"":50.0},""_score"":34.44},""risk"":{""R1_stop_clarity"":{""score"":22.296222981386563},""R2_stop_distance_pct"":{""value"":5.173805897826375,""score"":100.0},""R3_stop_distance_atr"":{""value"":1.3919989783212507,""score"":94.59994891606254},""R4_rr_potential"":{""value"":12.68437051784303,""score"":100.0},""_score"":71.99},""market"":{""M1_spy_regime"":{""score"":100.0},""M3_earnings_risk"":{""value"":null,""score"":80.0},""M4_vix"":{""value"":null,""score"":60.0},""_score"":84.0},""liquidity"":{""L1_price"":{""value"":180.575,""score"":100.0},""L2_dollar_vol"":{""value"":720111348.3817008,""score"":100.0},""L3_spread_proxy"":{""value"":0.047736397618717855,""score"":52.26360238128215},""L4_volume_zscore"":{""value"":-1.0466303200310938,""score"":100.0},""_score"":95.23},""pattern_structure"":{""n_contractions"":5,""contractions_pct"":[5.59,6.48,9.28,12.2,12.93],""descending_strict"":false,""final_low"":173.84,""final_pivot"":199.65,""structural_low"":173.84,""dry_up_ratio"":0.9997524846718888,""current_price"":180.575,""neckline_distance_pct"":0.10563477779316084,""base_bars"":80},""pattern_geometry_features"":{""contraction_count"":5.0,""first_contraction_pct"":0.055878801185640516,""last_contraction_pct"":0.1292762334084648,""dry_up_ratio"":0.9997524846718888,""near_monotone"":0.0,""base_depth_pct"":0.36385259999268116},""_schema_version"":""1.0""}",,,,,,,,,,
20260508T195117Z-64671e,2026-05-08T19:51:17.654677+00:00,MRVL,breakout_retest_hold,breakout_confirmed,47.17,98.8,20.0,35.1,38.2,10.9,53.6,66.9,84.0,95.5,13.83,4.4,2.11,5.35,1.42,9.65,3.35,4.2,2.86,False,,169.435,157.21,156.9645,154.53,"{""trend"":{""T1_ema_stack"":{""value"":[true,true,true],""score"":100.0},""T2_ema50_slope"":{""value"":1.0707493528816832,""score"":100},""T3_high_proximity"":{""value"":0.9842288701713622,""score"":92.11443508568107},""T4_rs_1m"":{""value"":0.32891841560398594,""score"":100},""T5_rs_3m"":{""value"":1.0434948839035576,""score"":100},""T6_adr_healthy"":{""value"":5.154120748872408,""score"":100.0},""_score"":98.82},""geometry"":{""sub_retest_depth"":0.0,""sub_retest_timing"":0.0,""sub_retest_freshness"":100.0,""sub_hold_quality"":0.0,""_score"":20.0},""compression"":{""VC1_atr_ratio"":{""value"":0.7718098372719943,""score"":57.04754068200143},""VC2_range_contraction"":{""value"":1.0038539757156242,""score"":0},""VC3_range_pct_rank"":{""score"":49.16666666666667},""_score"":35.11},""sr_quality"":{""SR1_touches"":{""value"":2,""score"":25.0},""SR2_tightness"":{""value"":1.0587499999999963,""score"":77.76250854206228},""SR3_recency"":{""value"":253,""score"":0.0},""SR4_price_location"":{""score"":30.0},""SR5_reaction"":{""value"":1.5386401262012328,""score"":76.93200631006164},""_score"":38.2,""_levels_found"":4,""_target_level"":101.7113},""volume"":{""V1_rvol_day"":{""value"":0.48782278280848185,""score"":0},""V2_rvol_sameslot"":{""value"":0.894298780409027,""score"":26.286585360601798,""status"":""ok""},""V3_breakout_bar"":{""value"":0.8407725071542949,""score"":22.71816714361966},""V4_base_dryup"":{""value"":1.993988120331259,""score"":0},""V5_bo_expansion"":{""value"":0.48782278280848185,""score"":0},""_score"":10.94},""readiness"":{""_distance_atr"":-1.284,""BR1_atr_distance"":{""score"":34.32317987501399},""BR2_compression"":{""score"":61.60012862356322},""BR3_retest"":{""score"":100},""BR4_bo_age"":{""score"":30.0},""_score"":53.63},""risk"":{""R1_stop_clarity"":{""score"":66.69889708943538},""R2_stop_distance_pct"":{""value"":7.360049576533766,""score"":100.0},""R3_stop_distance_atr"":{""value"":1.3096228440435087,""score"":90.48114220217543},""R4_rr_potential"":{""value"":-1.1952207209013284,""score"":0.0},""_score"":66.92},""market"":{""M1_spy_regime"":{""score"":100.0},""M3_earnings_risk"":{""value"":null,""score"":80.0},""M4_vix"":{""value"":null,""score"":60.0},""_score"":84.0},""liquidity"":{""L1_price"":{""value"":169.435,""score"":100.0},""L2_dollar_vol"":{""value"":2143368536.4675245,""score"":100.0},""L3_spread_proxy"":{""value"":0.04538554607961752,""score"":54.61445392038248},""L4_volume_zscore"":{""value"":-1.6957967013288104,""score"":100.0},""_score"":95.46},""pattern_structure"":{""level"":157.21,""level_idx"":32,""breakout_idx"":38,""bo_peak_idx"":62,""bo_peak_price"":175.8,""retest_idx"":73,""retest_low"":158.55,""structural_low"":158.55,""current_price"":169.54,""neckline_distance_pct"":-0.07272620030671219,""base_bars"":47,""bars_since_breakout"":41},""pattern_geometry_features"":{""retest_depth_atr"":-0.43341550361449327,""bars_breakout_to_retest"":35.0,""bars_since_retest"":6.0,""current_above_level_atr"":3.9880695220646873,""bo_peak_excess_pct"":0.1182494752242224,""atr_pct"":0.05619976476440608},""_schema_version"":""1.0""}",,,,,,,,,,
20260508T195117Z-64671e,2026-05-08T19:51:17.654677+00:00,RTX,base_on_base,invalidated,47.12,15.9,60.9,72.8,42.8,32.1,29.0,10.0,84.0,98.6,2.85,15.21,7.28,4.28,3.85,2.32,0.5,5.88,4.93,True,risk_unclear,176.875,205.36,182.7865,226.62,"{""trend"":{""T1_ema_stack"":{""value"":[false,false,true],""score"":33.33333333333333},""T2_ema50_slope"":{""value"":-0.30801565792565133,""score"":0},""T3_high_proximity"":{""value"":0.8336868401206636,""score"":16.843420060331795},""T4_rs_1m"":{""value"":-0.21337336707530363,""score"":0},""T5_rs_3m"":{""value"":-0.1767154092157981,""score"":0},""T6_adr_healthy"":{""value"":2.5257593030163443,""score"":100.0},""_score"":15.86},""geometry"":{""sub_shallower_second"":29.6,""sub_second_base_depth"":100.0,""sub_rim_advance"":92.3,""sub_dry_up"":0,""sub_second_base_duration"":100.0,""_score"":60.86},""compression"":{""VC1_atr_ratio"":{""value"":0.3431151016218282,""score"":100},""VC2_range_contraction"":{""value"":0.7977676278169414,""score"":33.705395363843095},""VC3_range_pct_rank"":{""score"":84.16666666666667},""_score"":72.84},""sr_quality"":{""SR1_touches"":{""value"":3,""score"":50.0},""SR2_tightness"":{""value"":1.011196918947488,""score"":59.18466864467009},""SR3_recency"":{""value"":305,""score"":0.0},""SR4_price_location"":{""score"":15.790350418530888},""SR5_reaction"":{""value"":2.5607944667564255,""score"":100},""_score"":42.83,""_levels_found"":8,""_target_level"":182.9413},""volume"":{""V1_rvol_day"":{""value"":0.7066835847431618,""score"":13.778905649544123},""V2_rvol_sameslot"":{""value"":1.1884281032177464,""score"":45.89520688118309,""status"":""ok""},""V3_breakout_bar"":{""value"":1.15381183017988,""score"":43.58745534532534},""V4_base_dryup"":{""value"":1.0366861334301787,""score"":46.33138665698213},""V5_bo_expansion"":{""value"":0.706683584743162,""score"":0},""_score"":32.1},""readiness"":{""_distance_atr"":5.749,""BR1_atr_distance"":{""score"":0},""BR2_compression"":{""score"":45.87483545954187},""BR3_retest"":{""score"":50.0},""BR4_bo_age"":{""score"":50.0},""_score"":28.97},""risk"":{""R1_stop_clarity"":{""score"":0},""R2_stop_distance_pct"":{""value"":-3.3421625441696126,""score"":0.0},""R3_stop_distance_atr"":{""value"":-1.1930306848225014,""score"":0.0},""R4_rr_potential"":{""value"":null,""score"":50.0},""_score"":10.0},""market"":{""M1_spy_regime"":{""score"":100.0},""M3_earnings_risk"":{""value"":null,""score"":80.0},""M4_vix"":{""value"":null,""score"":60.0},""_score"":84.0},""liquidity"":{""L1_price"":{""value"":176.875,""score"":100.0},""L2_dollar_vol"":{""value"":699064237.7434613,""score"":100.0},""L3_spread_proxy"":{""value"":0.014077738515901111,""score"":85.9222614840989},""L4_volume_zscore"":{""value"":-0.9356757312264703,""score"":100.0},""_score"":98.59},""pattern_structure"":{""first_base_low"":166.74,""first_base_top"":188.0,""first_base_bars"":20,""second_base_low"":185.57,""second_base_top"":205.36,""second_base_bars"":55,""structural_low"":185.57,""stacking_overlap_pct"":0.012925531914893653,""current_price"":176.875,""neckline_distance_pct"":0.1610459363957598,""base_bars"":55},""pattern_geometry_features"":{""first_base_depth_pct"":0.11308510638297868,""second_base_depth_pct"":0.09636735488897555,""second_dry_up_ratio"":1.8246647246793473,""rim_advance_pct"":0.09234042553191496,""atr_pct"":0.02801405350832915},""_schema_version"":""1.0""}",,,,,,,,,,
20260508T195117Z-64671e,2026-05-08T19:51:17.654677+00:00,ASTS,double_bottom,absent,47.07,13.3,40.0,52.6,50.6,51.8,65.0,38.5,84.0,90.0,2.0,10.01,4.21,7.08,6.73,5.2,2.31,5.04,4.5,False,,74.565,74.61,64.025,84.22,"{""trend"":{""T1_ema_stack"":{""value"":[false,false,true],""score"":33.33333333333333},""T2_ema50_slope"":{""value"":-0.5579863301574025,""score"":0},""T3_high_proximity"":{""value"":0.7108875965296978,""score"":0},""T4_rs_1m"":{""value"":-0.2699245145763408,""score"":0},""T5_rs_3m"":{""value"":-0.33451811172579826,""score"":0},""T6_adr_healthy"":{""value"":7.853010195324125,""score"":100.0},""_score"":13.33},""geometry"":{""sub_low_similarity"":24.8,""sub_bounce_quality"":100,""sub_separation_fit"":26.7,""sub_right_bottom_reaction"":17.3,""sub_base_context"":30.0,""_score"":40.04},""compression"":{""VC1_atr_ratio"":{""value"":0.6048894236402643,""score"":98.77764408993391},""VC2_range_contraction"":{""value"":0.8581166083314979,""score"":23.647231944750345},""VC3_range_pct_rank"":{""score"":19.166666666666664},""_score"":52.58},""sr_quality"":{""SR1_touches"":{""value"":3,""score"":50.0},""SR2_tightness"":{""value"":0.6666499997916594,""score"":77.43278631356985},""SR3_recency"":{""value"":272,""score"":0.0},""SR4_price_location"":{""score"":35.78415904070686},""SR5_reaction"":{""value"":2.7459343745138862,""score"":100},""_score"":50.56,""_levels_found"":9,""_target_level"":77.9567},""volume"":{""V1_rvol_day"":{""value"":0.9649636208628377,""score"":30.99757472418918},""V2_rvol_sameslot"":{""value"":2.179106431538006,""score"":100,""status"":""ok""},""V3_breakout_bar"":{""value"":1.465801630666412,""score"":64.3867753777608},""V4_base_dryup"":{""value"":1.0249429918744302,""score"":47.50570081255698},""V5_bo_expansion"":{""value"":0.9649636208628378,""score"":0},""_score"":51.8},""readiness"":{""_distance_atr"":0.008,""BR1_atr_distance"":{""score"":99.49222499752156},""BR2_compression"":{""score"":30.6351797861905},""BR3_retest"":{""score"":50.0},""BR4_bo_age"":{""score"":50.0},""_score"":64.96},""risk"":{""R1_stop_clarity"":{""score"":66.99462483890252},""R2_stop_distance_pct"":{""value"":14.13531817877019,""score"":0.0},""R3_stop_distance_atr"":{""value"":1.7839828420408677,""score"":100.0},""R4_rr_potential"":{""value"":0.9160341555977237,""score"":0.0},""_score"":38.45},""market"":{""M1_spy_regime"":{""score"":100.0},""M3_earnings_risk"":{""value"":null,""score"":80.0},""M4_vix"":{""value"":null,""score"":60.0},""_score"":84.0},""liquidity"":{""L1_price"":{""value"":74.565,""score"":100.0},""L2_dollar_vol"":{""value"":1336123340.4879045,""score"":100.0},""L3_spread_proxy"":{""value"":0.12029772681553007,""score"":0},""L4_volume_zscore"":{""value"":-0.09213103291944888,""score"":100.0},""_score"":90.0},""pattern_structure"":{""left_low"":67.49,""left_idx"":32,""right_low"":65.0,""right_idx"":73,""separation_bars"":41,""structural_low"":65.0,""current_price"":73.98,""neckline_distance_pct"":0.008515815085158088,""base_bars"":41},""pattern_geometry_features"":{""low_similarity_pct"":0.037587742471129816,""bounce_pct"":0.14784615384615385,""right_bottom_reaction"":0.1730769230769286,""atr_pct"":0.07923460834746289},""_schema_version"":""1.0""}",,,,,,,,,,
20260508T195117Z-64671e,2026-05-08T19:51:17.654677+00:00,UUUU,bull_flag,absent,46.94,81.0,29.1,42.6,51.5,24.5,28.1,79.0,84.0,90.0,11.34,8.74,3.84,5.15,3.43,2.53,2.37,5.04,4.5,False,,21.447,25.79,20.9017,30.93,"{""trend"":{""T1_ema_stack"":{""value"":[true,true,true],""score"":100.0},""T2_ema50_slope"":{""value"":0.2844830644834034,""score"":97.41384408056723},""T3_high_proximity"":{""value"":0.9118626275510204,""score"":55.93131377551019},""T4_rs_1m"":{""value"":0.08682422336320661,""score"":100},""T5_rs_3m"":{""value"":-0.05635780973186644,""score"":21.82109513406678},""T6_adr_healthy"":{""value"":8.118802185747933,""score"":97.02994535630167},""_score"":81.0},""geometry"":{""sub_pole_impulse"":46.2,""sub_flag_tightness"":1.6,""sub_flag_shallowness"":0,""sub_flag_drift"":32.4,""sub_flag_duration"":100.0,""_score"":29.12},""compression"":{""VC1_atr_ratio"":{""value"":0.6047097746561195,""score"":98.82255633597012},""VC2_range_contraction"":{""value"":1.0892084730494105,""score"":0},""VC3_range_pct_rank"":{""score"":12.5},""_score"":42.65},""sr_quality"":{""SR1_touches"":{""value"":3,""score"":50.0},""SR2_tightness"":{""value"":0.32484531703566244,""score"":65.32169388113576},""SR3_recency"":{""value"":234,""score"":0.0},""SR4_price_location"":{""score"":46.95611017967521},""SR5_reaction"":{""value"":2.132717214349166,""score"":100},""_score"":51.54,""_levels_found"":5,""_target_level"":23.5532},""volume"":{""V1_rvol_day"":{""value"":0.9591556261091473,""score"":30.610375073943153},""V2_rvol_sameslot"":{""value"":1.0368060697743564,""score"":35.78707131829042,""status"":""ok""},""V3_breakout_bar"":{""value"":0.5110465883561583,""score"":0.7364392237438899},""V4_base_dryup"":{""value"":0.9464550172355208,""score"":55.35449827644791},""V5_bo_expansion"":{""value"":0.9591556261091473,""score"":0},""_score"":24.53},""readiness"":{""_distance_atr"":2.318,""BR1_atr_distance"":{""score"":0},""BR2_compression"":{""score"":42.34962683179516},""BR3_retest"":{""score"":50.0},""BR4_bo_age"":{""score"":50.0},""_score"":28.09},""risk"":{""R1_stop_clarity"":{""score"":66.02042800443782},""R2_stop_distance_pct"":{""value"":2.5425876400760736,""score"":100.0},""R3_stop_distance_atr"":{""value"":0.29106764727188317,""score"":39.55338236359416},""R4_rr_potential"":{""value"":17.390123764691108,""score"":100.0},""_score"":79.04},""market"":{""M1_spy_regime"":{""score"":100.0},""M3_earnings_risk"":{""value"":null,""score"":80.0},""M4_vix"":{""value"":null,""score"":60.0},""_score"":84.0},""liquidity"":{""L1_price"":{""value"":21.447009,""score"":100.0},""L2_dollar_vol"":{""value"":227921426.81661355,""score"":100.0},""L3_spread_proxy"":{""value"":0.1149157908219277,""score"":0},""L4_volume_zscore"":{""value"":-0.13860221182716842,""score"":100.0},""_score"":90.0},""pattern_structure"":{""pole_low"":20.65,""pole_low_idx"":41,""peak_price"":25.79,""peak_idx"":49,""pole_gain"":0.24891041162227606,""flag_bars"":10,""flag_low"":21.22,""flag_high"":25.01,""structural_low"":21.22,""current_price"":21.47,""neckline_distance_pct"":0.20121099208197488,""base_bars"":10},""pattern_geometry_features"":{""pole_gain"":0.24891041162227606,""pullback_pct"":0.1772004652966266,""flag_range_pct"":0.146956184567662,""flag_drift_per_bar"":-0.01352822684224641,""atr_pct"":0.08735383900983916,""pole_atr_multiple"":2.8494501723529275},""_schema_version"":""1.0""}",,,,,,,,,,
20260508T195117Z-64671e,2026-05-08T19:51:17.654677+00:00,RTX,vcp,absent,46.93,15.9,45.0,72.8,42.8,32.1,29.0,65.0,84.0,98.6,2.38,11.25,8.74,5.14,4.17,2.03,3.25,5.04,4.93,True,risk_unclear,176.875,205.36,169.0556,240.2099,"{""trend"":{""T1_ema_stack"":{""value"":[false,false,true],""score"":33.33333333333333},""T2_ema50_slope"":{""value"":-0.30801565792565133,""score"":0},""T3_high_proximity"":{""value"":0.8336868401206636,""score"":16.843420060331795},""T4_rs_1m"":{""value"":-0.21337336707530363,""score"":0},""T5_rs_3m"":{""value"":-0.1767154092157981,""score"":0},""T6_adr_healthy"":{""value"":2.5257593030163443,""score"":100.0},""_score"":15.86},""geometry"":{""sub_contraction_count"":100.0,""sub_reduction_rate"":0,""sub_pivot_tightness"":0,""sub_volume_dryup"":0,""sub_base_depth"":100.0,""sub_base_duration"":100.0,""_score"":45.0},""compression"":{""VC1_atr_ratio"":{""value"":0.3431151016218282,""score"":100},""VC2_range_contraction"":{""value"":0.7977676278169414,""score"":33.705395363843095},""VC3_range_pct_rank"":{""score"":84.16666666666667},""_score"":72.84},""sr_quality"":{""SR1_touches"":{""value"":3,""score"":50.0},""SR2_tightness"":{""value"":1.011196918947488,""score"":59.18466864467009},""SR3_recency"":{""value"":305,""score"":0.0},""SR4_price_location"":{""score"":15.790350418530888},""SR5_reaction"":{""value"":2.5607944667564255,""score"":100},""_score"":42.83,""_levels_found"":8,""_target_level"":182.9413},""volume"":{""V1_rvol_day"":{""value"":0.7066835847431618,""score"":13.778905649544123},""V2_rvol_sameslot"":{""value"":1.1884281032177464,""score"":45.89520688118309,""status"":""ok""},""V3_breakout_bar"":{""value"":1.15381183017988,""score"":43.58745534532534},""V4_base_dryup"":{""value"":1.0366861334301787,""score"":46.33138665698213},""V5_bo_expansion"":{""value"":0.706683584743162,""score"":0},""_score"":32.1},""readiness"":{""_distance_atr"":5.749,""BR1_atr_distance"":{""score"":0},""BR2_compression"":{""score"":45.87483545954187},""BR3_retest"":{""score"":50.0},""BR4_bo_age"":{""score"":50.0},""_score"":28.97},""risk"":{""R1_stop_clarity"":{""score"":0},""R2_stop_distance_pct"":{""value"":4.420834770318027,""score"":100.0},""R3_stop_distance_atr"":{""value"":1.5780775063500263,""score"":100.0},""R4_rr_potential"":{""value"":8.099763771970082,""score"":100.0},""_score"":65.0},""market"":{""M1_spy_regime"":{""score"":100.0},""M3_earnings_risk"":{""value"":null,""score"":80.0},""M4_vix"":{""value"":null,""score"":60.0},""_score"":84.0},""liquidity"":{""L1_price"":{""value"":176.875,""score"":100.0},""L2_dollar_vol"":{""value"":699064237.7434613,""score"":100.0},""L3_spread_proxy"":{""value"":0.014077738515901111,""score"":85.9222614840989},""L4_volume_zscore"":{""value"":-0.9356757312264703,""score"":100.0},""_score"":98.59},""pattern_structure"":{""n_contractions"":5,""contractions_pct"":[6.49,6.83,6.72,12.88,16.42],""descending_strict"":false,""final_low"":171.6301,""final_pivot"":205.36,""structural_low"":171.6301,""dry_up_ratio"":1.1286153203445524,""current_price"":176.875,""neckline_distance_pct"":0.1610459363957598,""base_bars"":55},""pattern_geometry_features"":{""contraction_count"":5.0,""first_contraction_pct"":0.06489732661758997,""last_contraction_pct"":0.16424766264121549,""dry_up_ratio"":1.1286153203445524,""near_monotone"":0.0,""base_depth_pct"":0.16878099573808597},""_schema_version"":""1.0""}",,,,,,,,,,
20260508T195117Z-64671e,2026-05-08T19:51:17.654677+00:00,IR,double_bottom,forming,46.84,9.9,62.9,39.1,50.2,29.8,26.1,60.3,84.0,97.0,1.49,15.72,3.13,7.03,3.87,2.09,3.62,5.04,4.85,True,risk_unclear,76.02,80.4,74.8501,84.81,"{""trend"":{""T1_ema_stack"":{""value"":[false,false,false],""score"":0.0},""T2_ema50_slope"":{""value"":-0.15158858243815837,""score"":24.735236260306937},""T3_high_proximity"":{""value"":0.7697448359659781,""score"":0},""T4_rs_1m"":{""value"":-0.21037214148387995,""score"":0},""T5_rs_3m"":{""value"":-0.29527903934476885,""score"":0},""T6_adr_healthy"":{""value"":3.2693320659760583,""score"":100.0},""_score"":9.95},""geometry"":{""sub_low_similarity"":78.5,""sub_bounce_quality"":40.0,""sub_separation_fit"":100.0,""sub_right_bottom_reaction"":68.9,""sub_base_context"":30.0,""_score"":62.88},""compression"":{""VC1_atr_ratio"":{""value"":0.7213486184709977,""score"":69.66284538225057},""VC2_range_contraction"":{""value"":1.053320325607219,""score"":0},""VC3_range_pct_rank"":{""score"":44.99999999999999},""_score"":39.12},""sr_quality"":{""SR1_touches"":{""value"":4,""score"":75.0},""SR2_tightness"":{""value"":0.34932076949417,""score"":75.3813703855103},""SR3_recency"":{""value"":310,""score"":0.0},""SR4_price_location"":{""score"":14.145383104125624},""SR5_reaction"":{""value"":1.7147621444752064,""score"":85.73810722376032},""_score"":50.2,""_levels_found"":5,""_target_level"":78.205},""volume"":{""V1_rvol_day"":{""value"":0.3660511513716978,""score"":0},""V2_rvol_sameslot"":{""value"":0.9228298935134479,""score"":28.188659567563196,""status"":""ok""},""V3_breakout_bar"":{""value"":1.5143280817852844,""score"":67.62187211901896},""V4_base_dryup"":{""value"":1.1385366739166713,""score"":36.14633260833286},""V5_bo_expansion"":{""value"":0.3660511513716978,""score"":0},""_score"":29.77},""readiness"":{""_distance_atr"":1.543,""BR1_atr_distance"":{""score"":0},""BR2_compression"":{""score"":34.57532253380524},""BR3_retest"":{""score"":50.0},""BR4_bo_age"":{""score"":50.0},""_score"":26.14},""risk"":{""R1_stop_clarity"":{""score"":19.66826076013119},""R2_stop_distance_pct"":{""value"":1.538871349644826,""score"":88.47178374112066},""R3_stop_distance_atr"":{""value"":0.4122300528567821,""score"":45.611502642839106},""R4_rr_potential"":{""value"":7.5137838184382995,""score"":100.0},""_score"":60.27},""market"":{""M1_spy_regime"":{""score"":100.0},""M3_earnings_risk"":{""value"":null,""score"":80.0},""M4_vix"":{""value"":null,""score"":60.0},""_score"":84.0},""liquidity"":{""L1_price"":{""value"":76.02,""score"":100.0},""L2_dollar_vol"":{""value"":109802782.0276044,""score"":100.0},""L3_spread_proxy"":{""value"":0.029597474348855565,""score"":70.40252565114443},""L4_volume_zscore"":{""value"":-1.782117666160527,""score"":100.0},""_score"":97.04},""pattern_structure"":{""left_low"":76.81,""left_idx"":33,""right_low"":75.99,""right_idx"":61,""separation_bars"":28,""structural_low"":75.99,""current_price"":76.01,""neckline_distance_pct"":0.057755558479147484,""base_bars"":28},""pattern_geometry_features"":{""low_similarity_pct"":0.010732984293193814,""bounce_pct"":0.05803395183576801,""right_bottom_reaction"":0.6891891891892068,""atr_pct"":0.03733040177396926},""_schema_version"":""1.0""}",,,,,,,,,,
20260508T195117Z-64671e,2026-05-08T19:51:17.654677+00:00,SMR,vcp,absent,46.77,36.5,44.1,56.2,46.2,27.9,24.3,58.7,84.0,93.7,5.47,11.02,6.75,5.54,3.63,1.7,2.94,5.04,4.69,False,,12.175,14.198,10.6676,20.623,"{""trend"":{""T1_ema_stack"":{""value"":[true,false,false],""score"":33.33333333333333},""T2_ema50_slope"":{""value"":-0.14939584872424946,""score"":25.100691879291755},""T3_high_proximity"":{""value"":0.688631221719457,""score"":0},""T4_rs_1m"":{""value"":0.22527574411730322,""score"":100},""T5_rs_3m"":{""value"":-0.3725320153887369,""score"":0},""T6_adr_healthy"":{""value"":9.502746051426248,""score"":62.43134871434379},""_score"":36.48},""geometry"":{""sub_contraction_count"":100.0,""sub_reduction_rate"":0,""sub_pivot_tightness"":0,""sub_volume_dryup"":42.1,""sub_base_depth"":27.6,""sub_base_duration"":100.0,""_score"":44.08},""compression"":{""VC1_atr_ratio"":{""value"":0.7032987289723998,""score"":74.17531775690006},""VC2_range_contraction"":{""value"":0.8306579072957292,""score"":28.223682117378466},""VC3_range_pct_rank"":{""score"":66.66666666666667},""_score"":56.22},""sr_quality"":{""SR1_touches"":{""value"":3,""score"":50.0},""SR2_tightness"":{""value"":0.2930986788703686,""score"":53.17004092321467},""SR3_recency"":{""value"":234,""score"":0.0},""SR4_price_location"":{""score"":32.78723313951023},""SR5_reaction"":{""value"":3.4230814588254987,""score"":100},""_score"":46.17,""_levels_found"":7,""_target_level"":14.2865},""volume"":{""V1_rvol_day"":{""value"":0.7730021001629394,""score"":18.200140010862622},""V2_rvol_sameslot"":{""value"":1.5702786146627457,""score"":71.35190764418304,""status"":""ok""},""V3_breakout_bar"":{""value"":1.0997877069755537,""score"":39.985847131703586},""V4_base_dryup"":{""value"":1.8722105050482432,""score"":0},""V5_bo_expansion"":{""value"":0.7730021001629394,""score"":0},""_score"":27.91},""readiness"":{""_distance_atr"":1.616,""BR1_atr_distance"":{""score"":0},""BR2_compression"":{""score"":27.04515899044574},""BR3_retest"":{""score"":50.0},""BR4_bo_age"":{""score"":50.0},""_score"":24.26},""risk"":{""R1_stop_clarity"":{""score"":74.0444860367712},""R2_stop_distance_pct"":{""value"":12.38151950718686,""score"":0.0},""R3_stop_distance_atr"":{""value"":1.204267144471201,""score"":85.21335722356005},""R4_rr_potential"":{""value"":5.604165975654247,""score"":100.0},""_score"":58.7},""market"":{""M1_spy_regime"":{""score"":100.0},""M3_earnings_risk"":{""value"":null,""score"":80.0},""M4_vix"":{""value"":null,""score"":60.0},""_score"":84.0},""liquidity"":{""L1_price"":{""value"":12.175,""score"":100.0},""L2_dollar_vol"":{""value"":372513755.9257926,""score"":100.0},""L3_spread_proxy"":{""value"":0.06283367556468177,""score"":37.16632443531824},""L4_volume_zscore"":{""value"":-0.5512956167400576,""score"":100.0},""_score"":93.72},""pattern_structure"":{""n_contractions"":5,""contractions_pct"":[18.98,17.14,29.84,16.87,23.72],""descending_strict"":false,""final_low"":10.83,""final_pivot"":14.198,""structural_low"":10.83,""dry_up_ratio"":0.789423955536803,""current_price"":12.175,""neckline_distance_pct"":0.16616016427104718,""base_bars"":87},""pattern_geometry_features"":{""contraction_count"":5.0,""first_contraction_pct"":0.1898000579542161,""last_contraction_pct"":0.23721650936751656,""dry_up_ratio"":0.789423955536803,""near_monotone"":0.0,""base_depth_pct"":0.372355838887279},""_schema_version"":""1.0""}",,,,,,,,,,
20260508T195117Z-64671e,2026-05-08T19:51:17.654677+00:00,QUBT,breakout_retest_hold,breakout_confirmed,46.73,73.4,30.2,40.5,47.7,19.5,44.4,64.1,84.0,92.3,10.28,6.64,2.43,6.68,2.53,7.99,3.21,4.2,2.77,False,,9.5393,9.12,9.1278,8.92,"{""trend"":{""T1_ema_stack"":{""value"":[true,true,false],""score"":66.66666666666666},""T2_ema50_slope"":{""value"":0.346001911164933,""score"":100},""T3_high_proximity"":{""value"":0.9119789674952199,""score"":55.989483747609924},""T4_rs_1m"":{""value"":0.32311236035100777,""score"":100},""T5_rs_3m"":{""value"":-0.055465021010367765,""score"":22.267489494816118},""T6_adr_healthy"":{""value"":7.662999062809036,""score"":100.0},""_score"":73.41},""geometry"":{""sub_retest_depth"":4.1,""sub_retest_timing"":0.0,""sub_retest_freshness"":100.0,""sub_hold_quality"":29.9,""_score"":30.2},""compression"":{""VC1_atr_ratio"":{""value"":0.7257144697547712,""score"":68.5713825613072},""VC2_range_contraction"":{""value"":0.9430833256930663,""score"":9.486112384488951},""VC3_range_pct_rank"":{""score"":39.16666666666667},""_score"":40.54},""sr_quality"":{""SR1_touches"":{""value"":3,""score"":50.0},""SR2_tightness"":{""value"":0.016329931618554172,""score"":95.4929266397942},""SR3_recency"":{""value"":235,""score"":0.0},""SR4_price_location"":{""score"":13.661639962299917},""SR5_reaction"":{""value"":3.169454602805351,""score"":100},""_score"":47.74,""_levels_found"":5,""_target_level"":10.15},""volume"":{""V1_rvol_day"":{""value"":0.6719518013669238,""score"":11.463453424461585},""V2_rvol_sameslot"":{""value"":0.6621513609985015,""score"":10.81009073323343,""status"":""ok""},""V3_breakout_bar"":{""value"":0.5150315283622601,""score"":1.0021018908173382},""V4_base_dryup"":{""value"":0.760997462525963,""score"":73.9002537474037},""V5_bo_expansion"":{""value"":0.6719518013669238,""score"":0},""_score"":19.49},""readiness"":{""_distance_atr"":-0.579,""BR1_atr_distance"":{""score"":48.42728858835469},""BR2_compression"":{""score"":2.0060082677056945},""BR3_retest"":{""score"":100},""BR4_bo_age"":{""score"":30.0},""_score"":44.37},""risk"":{""R1_stop_clarity"":{""score"":74.55273092884107},""R2_stop_distance_pct"":{""value"":4.313733712117243,""score"":100.0},""R3_stop_distance_atr"":{""value"":0.5678715413656127,""score"":53.39357706828063},""R4_rr_potential"":{""value"":-1.50498177399758,""score"":0.0},""_score"":64.1},""market"":{""M1_spy_regime"":{""score"":100.0},""M3_earnings_risk"":{""value"":null,""score"":80.0},""M4_vix"":{""value"":null,""score"":60.0},""_score"":84.0},""liquidity"":{""L1_price"":{""value"":9.5393,""score"":99.76965},""L2_dollar_vol"":{""value"":106120556.39735237,""score"":100.0},""L3_spread_proxy"":{""value"":0.0765255312234649,""score"":23.474468776535105},""L4_volume_zscore"":{""value"":-0.5959188930209822,""score"":100.0},""_score"":92.29},""pattern_structure"":{""level"":9.12,""level_idx"":25,""breakout_idx"":47,""bo_peak_idx"":66,""bo_peak_price"":10.385,""retest_idx"":78,""retest_low"":9.22,""structural_low"":9.22,""current_price"":9.54,""neckline_distance_pct"":-0.0440251572327044,""base_bars"":54,""bars_since_breakout"":32},""pattern_geometry_features"":{""retest_depth_atr"":-0.371559754770567,""bars_breakout_to_retest"":31.0,""bars_since_retest"":1.0,""current_above_level_atr"":1.5605509700363591,""bo_peak_excess_pct"":0.13870614035087728,""atr_pct"":0.07596319586193054},""_schema_version"":""1.0""}",,,,,,,,,,
20260508T195117Z-64671e,2026-05-08T19:51:17.654677+00:00,HON,vcp,absent,46.63,22.1,47.5,57.6,54.0,25.1,22.9,65.0,84.0,98.2,3.31,11.88,6.91,6.48,3.26,1.6,3.25,5.04,4.91,True,risk_unclear,213.13,236.45,204.7126,276.8,"{""trend"":{""T1_ema_stack"":{""value"":[false,false,true],""score"":33.33333333333333},""T2_ema50_slope"":{""value"":-0.1714985209758482,""score"":21.416913170691963},""T3_high_proximity"":{""value"":0.8592565715207224,""score"":29.628285760361194},""T4_rs_1m"":{""value"":-0.1810003621031856,""score"":0},""T5_rs_3m"":{""value"":-0.17297900480536732,""score"":0},""T6_adr_healthy"":{""value"":2.2090352127128754,""score"":100.0},""_score"":22.06},""geometry"":{""sub_contraction_count"":100.0,""sub_reduction_rate"":0,""sub_pivot_tightness"":0,""sub_volume_dryup"":16.7,""sub_base_depth"":100.0,""sub_base_duration"":100.0,""_score"":47.5},""compression"":{""VC1_atr_ratio"":{""value"":0.49712462219856335,""score"":100},""VC2_range_contraction"":{""value"":0.8986215417976555,""score"":16.89640970039075},""VC3_range_pct_rank"":{""score"":46.666666666666664},""_score"":57.58},""sr_quality"":{""SR1_touches"":{""value"":4,""score"":75.0},""SR2_tightness"":{""value"":1.3000630398176845,""score"":53.13568220980917},""SR3_recency"":{""value"":246,""score"":0.0},""SR4_price_location"":{""score"":36.39770268082362},""SR5_reaction"":{""value"":1.9232724126743808,""score"":96.16362063371903},""_score"":53.99,""_levels_found"":7,""_target_level"":221.707},""volume"":{""V1_rvol_day"":{""value"":0.4225678432349301,""score"":0},""V2_rvol_sameslot"":{""value"":0.8710045003171868,""score"":24.73363335447912,""status"":""ok""},""V3_breakout_bar"":{""value"":0.9946631708534388,""score"":32.97754472356259},""V4_base_dryup"":{""value"":0.9042189332855657,""score"":59.57810667144343},""V5_bo_expansion"":{""value"":0.4225678432349301,""score"":0},""_score"":25.11},""readiness"":{""_distance_atr"":4.203,""BR1_atr_distance"":{""score"":0},""BR2_compression"":{""score"":21.406480149294303},""BR3_retest"":{""score"":50.0},""BR4_bo_age"":{""score"":50.0},""_score"":22.85},""risk"":{""R1_stop_clarity"":{""score"":0},""R2_stop_distance_pct"":{""value"":3.94944400131374,""score"":100.0},""R3_stop_distance_atr"":{""value"":1.517149706211018,""score"":100.0},""R4_rr_potential"":{""value"":7.5640484944965705,""score"":100.0},""_score"":65.0},""market"":{""M1_spy_regime"":{""score"":100.0},""M3_earnings_risk"":{""value"":null,""score"":80.0},""M4_vix"":{""value"":null,""score"":60.0},""_score"":84.0},""liquidity"":{""L1_price"":{""value"":213.13,""score"":100.0},""L2_dollar_vol"":{""value"":340014313.48218197,""score"":100.0},""L3_spread_proxy"":{""value"":0.018322150799981236,""score"":81.67784920001876},""L4_volume_zscore"":{""value"":-1.6854009805574561,""score"":100.0},""_score"":98.17},""pattern_structure"":{""n_contractions"":5,""contractions_pct"":[7.01,10.37,2.86,3.34,12.1],""descending_strict"":false,""final_low"":207.83,""final_pivot"":236.45,""structural_low"":207.83,""dry_up_ratio"":0.9165045688794877,""current_price"":213.13,""neckline_distance_pct"":0.10941678787594424,""base_bars"":37},""pattern_geometry_features"":{""contraction_count"":5.0,""first_contraction_pct"":0.07007011040373928,""last_contraction_pct"":0.12104038908860215,""dry_up_ratio"":0.9165045688794877,""near_monotone"":0.0,""base_depth_pct"":0.16258360867112576},""_schema_version"":""1.0""}",,,,,,,,,,
20260508T195117Z-64671e,2026-05-08T19:51:17.654677+00:00,OKLO,bull_flag,absent,46.58,70.7,32.9,40.3,46.6,19.2,40.7,81.4,84.0,94.4,9.89,9.86,3.63,4.66,2.68,3.66,2.44,5.04,4.72,False,,71.775,79.5,68.95,92.92,"{""trend"":{""T1_ema_stack"":{""value"":[true,true,false],""score"":66.66666666666666},""T2_ema50_slope"":{""value"":0.3502768921270871,""score"":100},""T3_high_proximity"":{""value"":0.9014694800301432,""score"":50.73474001507156},""T4_rs_1m"":{""value"":0.41927732042761123,""score"":100},""T5_rs_3m"":{""value"":-0.05756201820488571,""score"":21.218990897557145},""T6_adr_healthy"":{""value"":9.445404178300706,""score"":63.86489554248236},""_score"":70.65},""geometry"":{""sub_pole_impulse"":26.3,""sub_flag_tightness"":12.8,""sub_flag_shallowness"":0,""sub_flag_drift"":78.4,""sub_flag_duration"":100.0,""_score"":32.85},""compression"":{""VC1_atr_ratio"":{""value"":0.8656350747563907,""score"":33.59123131090233},""VC2_range_contraction"":{""value"":0.8892769149005736,""score"":18.45384751657107},""VC3_range_pct_rank"":{""score"":81.66666666666667},""_score"":40.31},""sr_quality"":{""SR1_touches"":{""value"":3,""score"":50.0},""SR2_tightness"":{""value"":0.8901529206952153,""score"":74.92274697709425},""SR3_recency"":{""value"":238,""score"":0.0},""SR4_price_location"":{""score"":29.866575436195724},""SR5_reaction"":{""value"":1.7196565717543677,""score"":85.98282858771839},""_score"":46.6,""_levels_found"":7,""_target_level"":75.1917},""volume"":{""V1_rvol_day"":{""value"":0.5144970777187468,""score"":0.9664718479164502},""V2_rvol_sameslot"":{""value"":0.7311241686151226,""score"":15.408277907674842,""status"":""ok""},""V3_breakout_bar"":{""value"":0.7143735694805556,""score"":14.291571298703708},""V4_base_dryup"":{""value"":0.8837591459459176,""score"":61.62408540540824},""V5_bo_expansion"":{""value"":0.5144970777187468,""score"":0},""_score"":19.17},""readiness"":{""_distance_atr"":1.088,""BR1_atr_distance"":{""score"":27.45749069322875},""BR2_compression"":{""score"":48.92114798501984},""BR3_retest"":{""score"":50.0},""BR4_bo_age"":{""score"":50.0},""_score"":40.71},""risk"":{""R1_stop_clarity"":{""score"":70.41955931180208},""R2_stop_distance_pct"":{""value"":3.93591083246256,""score"":100.0},""R3_stop_distance_atr"":{""value"":0.3979273568769498,""score"":44.89636784384749},""R4_rr_potential"":{""value"":7.484955752212381,""score"":100.0},""_score"":81.38},""market"":{""M1_spy_regime"":{""score"":100.0},""M3_earnings_risk"":{""value"":null,""score"":80.0},""M4_vix"":{""value"":null,""score"":60.0},""_score"":84.0},""liquidity"":{""L1_price"":{""value"":71.775,""score"":100.0},""L2_dollar_vol"":{""value"":611987535.5685672,""score"":100.0},""L3_spread_proxy"":{""value"":0.05572971090212469,""score"":44.27028909787531},""L4_volume_zscore"":{""value"":-1.2827222759034325,""score"":100.0},""_score"":94.43},""pattern_structure"":{""pole_low"":66.08,""pole_low_idx"":36,""peak_price"":79.5,""peak_idx"":48,""pole_gain"":0.20308716707021796,""flag_bars"":11,""flag_low"":70.0,""flag_high"":78.45,""structural_low"":70.0,""current_price"":71.5401,""neckline_distance_pct"":0.11126487103037325,""base_bars"":11},""pattern_geometry_features"":{""pole_gain"":0.20308716707021796,""pullback_pct"":0.11949685534591195,""flag_range_pct"":0.10628930817610066,""flag_drift_per_bar"":-0.004316269667450327,""atr_pct"":0.09891028511718165,""pole_atr_multiple"":2.0532462001258533},""_schema_version"":""1.0""}",,,,,,,,,,
20260508T195117Z-64671e,2026-05-08T19:51:17.654677+00:00,NXE,bull_flag,absent,46.52,61.0,28.1,57.1,52.0,25.3,43.9,74.3,84.0,89.0,8.54,8.43,5.14,5.21,3.54,3.95,2.23,5.04,4.45,False,,12.145,12.985,11.8102,14.11,"{""trend"":{""T1_ema_stack"":{""value"":[false,true,true],""score"":66.66666666666666},""T2_ema50_slope"":{""value"":0.1861657943932603,""score"":81.02763239887672},""T3_high_proximity"":{""value"":0.9131578947368421,""score"":56.578947368421005},""T4_rs_1m"":{""value"":-0.026857948574799284,""score"":23.142051425200716},""T5_rs_3m"":{""value"":0.0330348906191833,""score"":66.51744530959165},""T6_adr_healthy"":{""value"":5.091235409143047,""score"":100.0},""_score"":60.97},""geometry"":{""sub_pole_impulse"":16.1,""sub_flag_tightness"":0,""sub_flag_shallowness"":0,""sub_flag_drift"":88.4,""sub_flag_duration"":100.0,""_score"":28.09},""compression"":{""VC1_atr_ratio"":{""value"":0.5974302072611825,""score"":100},""VC2_range_contraction"":{""value"":1.0557696635538112,""score"":0},""VC3_range_pct_rank"":{""score"":68.33333333333333},""_score"":57.08},""sr_quality"":{""SR1_touches"":{""value"":4,""score"":75.0},""SR2_tightness"":{""value"":0.0919238815542511,""score"":73.73308551450644},""SR3_recency"":{""value"":234,""score"":0.0},""SR4_price_location"":{""score"":13.942751615881727},""SR5_reaction"":{""value"":2.2323934319158263,""score"":100},""_score"":52.05,""_levels_found"":5,""_target_level"":13.31},""volume"":{""V1_rvol_day"":{""value"":0.667964549708255,""score"":11.197636647217003},""V2_rvol_sameslot"":{""value"":1.1446564379475248,""score"":42.977095863168316,""status"":""ok""},""V3_breakout_bar"":{""value"":0.8103107054561249,""score"":20.68738036374166},""V4_base_dryup"":{""value"":1.0352564783677944,""score"":46.47435216322056},""V5_bo_expansion"":{""value"":0.6679645497082549,""score"":0},""_score"":25.3},""readiness"":{""_distance_atr"":1.2,""BR1_atr_distance"":{""score"":19.991019400136807},""BR2_compression"":{""score"":73.65762487592872},""BR3_retest"":{""score"":50.0},""BR4_bo_age"":{""score"":50.0},""_score"":43.91},""risk"":{""R1_stop_clarity"":{""score"":48.608517282552135},""R2_stop_distance_pct"":{""value"":2.757101687937418,""score"":100.0},""R3_stop_distance_atr"":{""value"":0.4784108420332884,""score"":48.920542101664424},""R4_rr_potential"":{""value"":5.868299238464994,""score"":100.0},""_score"":74.35},""market"":{""M1_spy_regime"":{""score"":100.0},""M3_earnings_risk"":{""value"":null,""score"":80.0},""M4_vix"":{""value"":null,""score"":60.0},""_score"":84.0},""liquidity"":{""L1_price"":{""value"":12.145,""score"":100.0},""L2_dollar_vol"":{""value"":45102655.65251582,""score"":82.71010569841968},""L3_spread_proxy"":{""value"":0.04116920543433512,""score"":58.83079456566488},""L4_volume_zscore"":{""value"":-1.3748428709021785,""score"":100.0},""_score"":88.97},""pattern_structure"":{""pole_low"":11.86,""pole_low_idx"":42,""peak_price"":12.985,""peak_idx"":49,""pole_gain"":0.0948566610455312,""flag_bars"":10,""flag_low"":11.99,""flag_high"":12.845,""structural_low"":11.99,""current_price"":12.135,""neckline_distance_pct"":0.07004532344458177,""base_bars"":10},""pattern_geometry_features"":{""pole_gain"":0.0948566610455312,""pullback_pct"":0.07662687716596067,""flag_range_pct"":0.06584520600693111,""flag_drift_per_bar"":-0.002327452522755333,""atr_pct"":0.05763041816150094,""pole_atr_multiple"":1.6459478183848861},""_schema_version"":""1.0""}",,,,,,,,,,
20260508T195117Z-64671e,2026-05-08T19:51:17.654677+00:00,ARM,vcp,absent,46.13,92.7,35.0,12.0,33.7,22.7,42.2,46.1,84.0,94.9,13.9,8.75,1.44,4.05,2.95,2.96,2.3,5.04,4.74,False,,214.14,237.68,191.0014,174.17,"{""trend"":{""T1_ema_stack"":{""value"":[true,true,true],""score"":100.0},""T2_ema50_slope"":{""value"":0.9132956307581528,""score"":100},""T3_high_proximity"":{""value"":0.902402022756005,""score"":51.201011378002484},""T4_rs_1m"":{""value"":0.34568968259307686,""score"":100},""T5_rs_3m"":{""value"":0.6640679972469525,""score"":100},""T6_adr_healthy"":{""value"":6.261054849091739,""score"":100.0},""_score"":92.68},""geometry"":{""sub_contraction_count"":100.0,""sub_reduction_rate"":0,""sub_pivot_tightness"":0,""sub_volume_dryup"":0,""sub_base_depth"":0.0,""sub_base_duration"":100.0,""_score"":35.0},""compression"":{""VC1_atr_ratio"":{""value"":0.9697347531359078,""score"":7.566311716023039},""VC2_range_contraction"":{""value"":1.1318845854418735,""score"":0},""VC3_range_pct_rank"":{""score"":35.83333333333333},""_score"":11.98},""sr_quality"":{""SR1_touches"":{""value"":2,""score"":25.0},""SR2_tightness"":{""value"":4.159999999999997,""score"":54.42044944066444},""SR3_recency"":{""value"":249,""score"":0.0},""SR4_price_location"":{""score"":30.0},""SR5_reaction"":{""value"":1.4101173454294447,""score"":70.50586727147223},""_score"":33.74,""_levels_found"":4,""_target_level"":162.53},""volume"":{""V1_rvol_day"":{""value"":0.9372607164655639,""score"":29.15071443103759},""V2_rvol_sameslot"":{""value"":1.410255003305357,""score"":60.68366688702379,""status"":""ok""},""V3_breakout_bar"":{""value"":0.5786982105792495,""score"":5.246547371949969},""V4_base_dryup"":{""value"":1.328724274507328,""score"":17.1275725492672},""V5_bo_expansion"":{""value"":0.9372607164655639,""score"":0},""_score"":22.7},""readiness"":{""_distance_atr"":1.29,""BR1_atr_distance"":{""score"":14.027033640483907},""BR2_compression"":{""score"":76.42022751438678},""BR3_retest"":{""score"":50.0},""BR4_bo_age"":{""score"":50.0},""_score"":42.22},""risk"":{""R1_stop_clarity"":{""score"":68.13101929461268},""R2_stop_distance_pct"":{""value"":10.805384328009707,""score"":29.865391799757333},""R3_stop_distance_atr"":{""value"":1.2676072927280888,""score"":88.38036463640444},""R4_rr_potential"":{""value"":-1.7274127920168203,""score"":0.0},""_score"":46.06},""market"":{""M1_spy_regime"":{""score"":100.0},""M3_earnings_risk"":{""value"":null,""score"":80.0},""M4_vix"":{""value"":null,""score"":60.0},""_score"":84.0},""liquidity"":{""L1_price"":{""value"":214.14,""score"":100.0},""L2_dollar_vol"":{""value"":2120627698.4561262,""score"":100.0},""L3_spread_proxy"":{""value"":0.05136826375268516,""score"":48.63173624731484},""L4_volume_zscore"":{""value"":-0.10174190445996177,""score"":100.0},""_score"":94.86},""pattern_structure"":{""n_contractions"":5,""contractions_pct"":[6.51,17.12,18.41,13.13,18.42],""descending_strict"":false,""final_low"":193.91,""final_pivot"":237.68,""structural_low"":193.91,""dry_up_ratio"":1.4252914199847617,""current_price"":214.14,""neckline_distance_pct"":0.10992808443074634,""base_bars"":49},""pattern_geometry_features"":{""contraction_count"":5.0,""first_contraction_pct"":0.06510736196319025,""last_contraction_pct"":0.18415516661056888,""dry_up_ratio"":1.4252914199847617,""near_monotone"":0.0,""base_depth_pct"":-0.48703987730061343},""_schema_version"":""1.0""}",,,,,,,,,,
20260508T195117Z-64671e,2026-05-08T19:51:17.654677+00:00,ASTS,vcp,absent,45.93,13.3,37.3,52.6,50.6,53.8,25.2,78.4,84.0,90.0,2.0,9.34,6.31,6.07,7.0,1.76,3.92,5.04,4.5,False,,74.565,104.15,72.3975,160.54,"{""trend"":{""T1_ema_stack"":{""value"":[false,false,true],""score"":33.33333333333333},""T2_ema50_slope"":{""value"":-0.5579863301574025,""score"":0},""T3_high_proximity"":{""value"":0.7108875965296978,""score"":0},""T4_rs_1m"":{""value"":-0.2699245145763408,""score"":0},""T5_rs_3m"":{""value"":-0.33451811172579826,""score"":0},""T6_adr_healthy"":{""value"":7.853010195324125,""score"":100.0},""_score"":13.33},""geometry"":{""sub_contraction_count"":100.0,""sub_reduction_rate"":0,""sub_pivot_tightness"":0,""sub_volume_dryup"":15.6,""sub_base_depth"":0.0,""sub_base_duration"":100.0,""_score"":37.34},""compression"":{""VC1_atr_ratio"":{""value"":0.6048894236402643,""score"":98.77764408993391},""VC2_range_contraction"":{""value"":0.8581166083314979,""score"":23.647231944750345},""VC3_range_pct_rank"":{""score"":19.166666666666664},""_score"":52.58},""sr_quality"":{""SR1_touches"":{""value"":3,""score"":50.0},""SR2_tightness"":{""value"":0.6666499997916594,""score"":77.43278631356985},""SR3_recency"":{""value"":272,""score"":0.0},""SR4_price_location"":{""score"":35.78415904070686},""SR5_reaction"":{""value"":2.7459343745138862,""score"":100},""_score"":50.56,""_levels_found"":9,""_target_level"":77.9567},""volume"":{""V1_rvol_day"":{""value"":0.9649636208628377,""score"":30.99757472418918},""V2_rvol_sameslot"":{""value"":2.179106431538006,""score"":100,""status"":""ok""},""V3_breakout_bar"":{""value"":1.465801630666412,""score"":64.3867753777608},""V4_base_dryup"":{""value"":0.9230851754147328,""score"":57.69148245852672},""V5_bo_expansion"":{""value"":0.9649636208628378,""score"":0},""_score"":53.83},""readiness"":{""_distance_atr"":5.008,""BR1_atr_distance"":{""score"":0},""BR2_compression"":{""score"":30.6351797861905},""BR3_retest"":{""score"":50.0},""BR4_bo_age"":{""score"":50.0},""_score"":25.16},""risk"":{""R1_stop_clarity"":{""score"":62.6785373178355},""R2_stop_distance_pct"":{""value"":2.906859786763232,""score"":100.0},""R3_stop_distance_atr"":{""value"":0.3668674392906633,""score"":43.34337196453316},""R4_rr_potential"":{""value"":39.6655132641291,""score"":100.0},""_score"":78.44},""market"":{""M1_spy_regime"":{""score"":100.0},""M3_earnings_risk"":{""value"":null,""score"":80.0},""M4_vix"":{""value"":null,""score"":60.0},""_score"":84.0},""liquidity"":{""L1_price"":{""value"":74.565,""score"":100.0},""L2_dollar_vol"":{""value"":1336123340.4879045,""score"":100.0},""L3_spread_proxy"":{""value"":0.12029772681553007,""score"":0},""L4_volume_zscore"":{""value"":-0.09213103291944888,""score"":100.0},""_score"":90.0},""pattern_structure"":{""n_contractions"":5,""contractions_pct"":[29.67,12.88,21.33,27.06,29.43],""descending_strict"":false,""final_low"":73.5,""final_pivot"":104.15,""structural_low"":73.5,""dry_up_ratio"":0.9220901893677419,""current_price"":74.565,""neckline_distance_pct"":0.39676792060618266,""base_bars"":54},""pattern_geometry_features"":{""contraction_count"":5.0,""first_contraction_pct"":0.2967126029717453,""last_contraction_pct"":0.2942870859337494,""dry_up_ratio"":0.9220901893677419,""near_monotone"":0.0,""base_depth_pct"":0.43413657710370307},""_schema_version"":""1.0""}",,,,,,,,,,
20260508T195117Z-64671e,2026-05-08T19:51:17.654677+00:00,QUBT,bull_flag,absent,45.77,73.4,33.0,40.5,47.7,19.2,26.9,80.1,84.0,92.3,10.28,9.91,3.65,4.77,2.69,2.42,2.4,5.04,4.61,False,,9.5393,10.385,9.0817,12.0378,"{""trend"":{""T1_ema_stack"":{""value"":[true,true,false],""score"":66.66666666666666},""T2_ema50_slope"":{""value"":0.346001911164933,""score"":100},""T3_high_proximity"":{""value"":0.9119789674952199,""score"":55.989483747609924},""T4_rs_1m"":{""value"":0.32311236035100777,""score"":100},""T5_rs_3m"":{""value"":-0.055465021010367765,""score"":22.267489494816118},""T6_adr_healthy"":{""value"":7.662999062809036,""score"":100.0},""_score"":73.41},""geometry"":{""sub_pole_impulse"":37.3,""sub_flag_tightness"":1.6,""sub_flag_shallowness"":0,""sub_flag_drift"":76.3,""sub_flag_duration"":100.0,""_score"":33.03},""compression"":{""VC1_atr_ratio"":{""value"":0.7257144697547712,""score"":68.5713825613072},""VC2_range_contraction"":{""value"":0.9430833256930663,""score"":9.486112384488951},""VC3_range_pct_rank"":{""score"":39.16666666666667},""_score"":40.54},""sr_quality"":{""SR1_touches"":{""value"":3,""score"":50.0},""SR2_tightness"":{""value"":0.016329931618554172,""score"":95.4929266397942},""SR3_recency"":{""value"":235,""score"":0.0},""SR4_price_location"":{""score"":13.661639962299917},""SR5_reaction"":{""value"":3.169454602805351,""score"":100},""_score"":47.74,""_levels_found"":5,""_target_level"":10.15},""volume"":{""V1_rvol_day"":{""value"":0.6719518013669238,""score"":11.463453424461585},""V2_rvol_sameslot"":{""value"":0.6621513609985015,""score"":10.81009073323343,""status"":""ok""},""V3_breakout_bar"":{""value"":0.5150315283622601,""score"":1.0021018908173382},""V4_base_dryup"":{""value"":0.7761789583938054,""score"":72.38210416061946},""V5_bo_expansion"":{""value"":0.6719518013669238,""score"":0},""_score"":19.18},""readiness"":{""_distance_atr"":1.167,""BR1_atr_distance"":{""score"":22.195388816055413},""BR2_compression"":{""score"":2.0060082677056945},""BR3_retest"":{""score"":50.0},""BR4_bo_age"":{""score"":50.0},""_score"":26.88},""risk"":{""R1_stop_clarity"":{""score"":61.82909639326136},""R2_stop_distance_pct"":{""value"":4.7969976832681755,""score"":100.0},""R3_stop_distance_atr"":{""value"":0.6314897140435113,""score"":56.57448570217556},""R4_rr_potential"":{""value"":5.460008741258724,""score"":100.0},""_score"":80.13},""market"":{""M1_spy_regime"":{""score"":100.0},""M3_earnings_risk"":{""value"":null,""score"":80.0},""M4_vix"":{""value"":null,""score"":60.0},""_score"":84.0},""liquidity"":{""L1_price"":{""value"":9.5393,""score"":99.76965},""L2_dollar_vol"":{""value"":106120556.39735237,""score"":100.0},""L3_spread_proxy"":{""value"":0.0765255312234649,""score"":23.474468776535105},""L4_volume_zscore"":{""value"":-0.5959188930209822,""score"":100.0},""_score"":92.29},""pattern_structure"":{""pole_low"":8.7322,""pole_low_idx"":21,""peak_price"":10.385,""peak_idx"":46,""pole_gain"":0.18927647099241876,""flag_bars"":13,""flag_low"":9.22,""flag_high"":10.38,""structural_low"":9.22,""current_price"":9.54,""neckline_distance_pct"":0.08857442348008393,""base_bars"":13},""pattern_geometry_features"":{""pole_gain"":0.18927647099241876,""pullback_pct"":0.11218103033220984,""flag_range_pct"":0.11169956668271547,""flag_drift_per_bar"":-0.00473713917110139,""atr_pct"":0.07596319586193054,""pole_atr_multiple"":2.4916865179875343},""_schema_version"":""1.0""}",,,,,,,,,,
20260508T195117Z-64671e,2026-05-08T19:51:17.654677+00:00,INTC,vcp,breakout_confirmed,45.69,100.0,35.0,0.0,43.8,34.1,17.5,29.6,84.0,90.0,15.0,8.75,0.0,5.26,4.43,1.23,1.48,5.04,4.5,False,,124.936,47.845,40.0206,45.115,"{""trend"":{""T1_ema_stack"":{""value"":[true,true,true],""score"":100.0},""T2_ema50_slope"":{""value"":0.8700266597292668,""score"":100},""T3_high_proximity"":{""value"":1.0,""score"":99.99999999999997},""T4_rs_1m"":{""value"":0.9403744556065821,""score"":100},""T5_rs_3m"":{""value"":1.4025232790845672,""score"":100},""T6_adr_healthy"":{""value"":6.1852887702821135,""score"":100.0},""_score"":100.0},""geometry"":{""sub_contraction_count"":100.0,""sub_reduction_rate"":0,""sub_pivot_tightness"":0,""sub_volume_dryup"":0,""sub_base_depth"":0.0,""sub_base_duration"":100.0,""_score"":35.0},""compression"":{""VC1_atr_ratio"":{""value"":1.4250284006125438,""score"":0},""VC2_range_contraction"":{""value"":1.2778896940507107,""score"":0},""VC3_range_pct_rank"":{""score"":0.0},""_score"":0.0},""sr_quality"":{""SR1_touches"":{""value"":4,""score"":75.0},""SR2_tightness"":{""value"":1.7040406942030477,""score"":56.8713888038538},""SR3_recency"":{""value"":254,""score"":0.0},""SR4_price_location"":{""score"":30.0},""SR5_reaction"":{""value"":0.7054421996223443,""score"":35.27210998111722},""_score"":43.82,""_levels_found"":3,""_target_level"":48.8688},""volume"":{""V1_rvol_day"":{""value"":1.2993360152353266,""score"":53.28906768235511},""V2_rvol_sameslot"":{""value"":1.5639888406435125,""score"":70.93258937623416,""status"":""ok""},""V3_breakout_bar"":{""value"":0.7821146315132846,""score"":18.807642100885644},""V4_base_dryup"":{""value"":1.4216018586772337,""score"":7.839814132276629},""V5_bo_expansion"":{""value"":1.2993360152353264,""score"":19.95573434902176},""_score"":34.11},""readiness"":{""_distance_atr"":-9.756,""BR1_atr_distance"":{""score"":0},""BR2_compression"":{""score"":0},""BR3_retest"":{""score"":50.0},""BR4_bo_age"":{""score"":50.0},""_score"":17.5},""risk"":{""R1_stop_clarity"":{""score"":84.57505611050894},""R2_stop_distance_pct"":{""value"":67.96715918550298,""score"":0.0},""R3_stop_distance_atr"":{""value"":10.745886057928287,""score"":0.0},""R4_rr_potential"":{""value"":-0.9400056173523194,""score"":0.0},""_score"":29.6},""market"":{""M1_spy_regime"":{""score"":100.0},""M3_earnings_risk"":{""value"":null,""score"":80.0},""M4_vix"":{""value"":null,""score"":60.0},""_score"":84.0},""liquidity"":{""L1_price"":{""value"":124.936,""score"":100.0},""L2_dollar_vol"":{""value"":23745301288.42027,""score"":100.0},""L3_spread_proxy"":{""value"":0.15023692130370747,""score"":0},""L4_volume_zscore"":{""value"":0.8575052543467995,""score"":100.0},""_score"":90.0},""pattern_structure"":{""n_contractions"":5,""contractions_pct"":[7.78,22.57,16.72,10.28,15.08],""descending_strict"":false,""final_low"":40.63,""final_pivot"":47.845,""structural_low"":40.63,""dry_up_ratio"":1.3862960666478379,""current_price"":124.936,""neckline_distance_pct"":-0.6170439264903631,""base_bars"":66},""pattern_geometry_features"":{""contraction_count"":5.0,""first_contraction_pct"":0.07783641160949857,""last_contraction_pct"":0.15079945657853477,""dry_up_ratio"":1.3862960666478379,""near_monotone"":0.0,""base_depth_pct"":-0.0720316622691294},""_schema_version"":""1.0""}",,,,,,,,,,
20260508T195117Z-64671e,2026-05-08T19:51:17.654677+00:00,LMT,double_bottom,forming,45.67,13.3,53.6,68.5,36.4,19.8,45.7,59.4,84.0,97.5,2.0,13.39,5.48,5.1,2.58,3.65,3.56,5.04,4.87,True,risk_unclear,508.25,524.5,494.4158,547.055,"{""trend"":{""T1_ema_stack"":{""value"":[false,false,true],""score"":33.33333333333333},""T2_ema50_slope"":{""value"":-0.48746757631958565,""score"":0},""T3_high_proximity"":{""value"":0.7510713757942958,""score"":0},""T4_rs_1m"":{""value"":-0.269191112173925,""score"":0},""T5_rs_3m"":{""value"":-0.25200389140662294,""score"":0},""T6_adr_healthy"":{""value"":2.505533355882026,""score"":100.0},""_score"":13.33},""geometry"":{""sub_low_similarity"":89.8,""sub_bounce_quality"":21.3,""sub_separation_fit"":26.7,""sub_right_bottom_reaction"":82.4,""sub_base_context"":30.0,""_score"":53.56},""compression"":{""VC1_atr_ratio"":{""value"":0.2923497475842455,""score"":100},""VC2_range_contraction"":{""value"":0.8585715104270926,""score"":23.57141492881791},""VC3_range_pct_rank"":{""score"":80.83333333333333},""_score"":68.46},""sr_quality"":{""SR1_touches"":{""value"":2,""score"":25.0},""SR2_tightness"":{""value"":0.5600000000000023,""score"":92.73894564674782},""SR3_recency"":{""value"":251,""score"":0.0},""SR4_price_location"":{""score"":0},""SR5_reaction"":{""value"":3.0240346456022014,""score"":100},""_score"":36.41,""_levels_found"":4,""_target_level"":594.44},""volume"":{""V1_rvol_day"":{""value"":0.4677762309282447,""score"":0},""V2_rvol_sameslot"":{""value"":0.713766526248394,""score"":14.251101749892934,""status"":""ok""},""V3_breakout_bar"":{""value"":0.7255339695158135,""score"":15.035597967720902},""V4_base_dryup"":{""value"":0.8400984540468769,""score"":65.9901545953123},""V5_bo_expansion"":{""value"":0.4677762309282447,""score"":0},""_score"":19.81},""readiness"":{""_distance_atr"":1.054,""BR1_atr_distance"":{""score"":29.76658735693603},""BR2_compression"":{""score"":65.10854325794568},""BR3_retest"":{""score"":50.0},""BR4_bo_age"":{""score"":50.0},""_score"":45.68},""risk"":{""R1_stop_clarity"":{""score"":2.375448374736891},""R2_stop_distance_pct"":{""value"":2.721923266109201,""score"":100.0},""R3_stop_distance_atr"":{""value"":0.8968812197089483,""score"":69.84406098544741},""R4_rr_potential"":{""value"":2.8050100566170384,""score"":90.25050283085191},""_score"":59.36},""market"":{""M1_spy_regime"":{""score"":100.0},""M3_earnings_risk"":{""value"":null,""score"":80.0},""M4_vix"":{""value"":null,""score"":60.0},""_score"":84.0},""liquidity"":{""L1_price"":{""value"":508.25,""score"":95.875},""L2_dollar_vol"":{""value"":383384658.8019502,""score"":100.0},""L3_spread_proxy"":{""value"":0.014756320708312887,""score"":85.24367929168712},""L4_volume_zscore"":{""value"":-1.241917246507256,""score"":100.0},""_score"":97.49},""pattern_structure"":{""left_low"":501.945,""left_idx"":33,""right_low"":504.5001,""right_idx"":74,""separation_bars"":41,""structural_low"":501.945,""current_price"":508.8,""neckline_distance_pct"":0.030856918238993686,""base_bars"":41},""pattern_geometry_features"":{""low_similarity_pct"":0.005077475164815213,""bounce_pct"":0.04493520206397117,""right_bottom_reaction"":0.8240954399183713,""atr_pct"":0.03034875974984187},""_schema_version"":""1.0""}",,,,,,,,,,
20260508T195117Z-64671e,2026-05-08T19:51:17.654677+00:00,BWXT,vcp,invalidated,45.65,46.4,35.0,46.5,57.5,27.1,42.5,23.5,84.0,95.1,6.95,8.75,5.58,6.9,3.52,2.98,1.18,5.04,4.75,False,,204.48,241.82,209.6671,248.8101,"{""trend"":{""T1_ema_stack"":{""value"":[false,true,true],""score"":66.66666666666666},""T2_ema50_slope"":{""value"":0.15363198181651377,""score"":75.6053303027523},""T3_high_proximity"":{""value"":0.8576461706232699,""score"":28.823085311634912},""T4_rs_1m"":{""value"":-0.19594011881755635,""score"":0},""T5_rs_3m"":{""value"":-0.030086268734959898,""score"":34.95686563252005},""T6_adr_healthy"":{""value"":4.328621723660559,""score"":100.0},""_score"":46.35},""geometry"":{""sub_contraction_count"":100.0,""sub_reduction_rate"":0,""sub_pivot_tightness"":0,""sub_volume_dryup"":0,""sub_base_depth"":0.0,""sub_base_duration"":100.0,""_score"":35.0},""compression"":{""VC1_atr_ratio"":{""value"":0.5816784553865774,""score"":100},""VC2_range_contraction"":{""value"":1.2120850293077234,""score"":0},""VC3_range_pct_rank"":{""score"":25.83333333333333},""_score"":46.46},""sr_quality"":{""SR1_touches"":{""value"":6,""score"":100},""SR2_tightness"":{""value"":3.1328662921871078,""score"":39.73137794249144},""SR3_recency"":{""value"":235,""score"":0.0},""SR4_price_location"":{""score"":26.284875036742083},""SR5_reaction"":{""value"":2.0889685567085867,""score"":100},""_score"":57.53,""_levels_found"":7,""_target_level"":216.7685},""volume"":{""V1_rvol_day"":{""value"":0.6375615274218767,""score"":9.170768494791776},""V2_rvol_sameslot"":{""value"":1.0616753702146318,""score"":37.44502468097545,""status"":""ok""},""V3_breakout_bar"":{""value"":0.9875948846517064,""score"":32.50632564344709},""V4_base_dryup"":{""value"":1.0183793160390362,""score"":48.16206839609638},""V5_bo_expansion"":{""value"":0.6375615274218767,""score"":0},""_score"":27.08},""readiness"":{""_distance_atr"":3.592,""BR1_atr_distance"":{""score"":0},""BR2_compression"":{""score"":100},""BR3_retest"":{""score"":50.0},""BR4_bo_age"":{""score"":50.0},""_score"":42.5},""risk"":{""R1_stop_clarity"":{""score"":38.57647744261702},""R2_stop_distance_pct"":{""value"":-2.536727308294217,""score"":0.0},""R3_stop_distance_atr"":{""value"":-0.49893506507783103,""score"":0.053246746108448484},""R4_rr_potential"":{""value"":null,""score"":50.0},""_score"":23.51},""market"":{""M1_spy_regime"":{""score"":100.0},""M3_earnings_risk"":{""value"":null,""score"":80.0},""M4_vix"":{""value"":null,""score"":60.0},""_score"":84.0},""liquidity"":{""L1_price"":{""value"":204.48,""score"":100.0},""L2_dollar_vol"":{""value"":131023547.34238078,""score"":100.0},""L3_spread_proxy"":{""value"":0.04931240219092338,""score"":50.68759780907662},""L4_volume_zscore"":{""value"":-1.2030539869197234,""score"":100.0},""_score"":95.07},""pattern_structure"":{""n_contractions"":5,""contractions_pct"":[16.53,13.4,7.35,14.98,11.98],""descending_strict"":false,""final_low"":212.86,""final_pivot"":241.82,""structural_low"":212.86,""dry_up_ratio"":1.0514111282808836,""current_price"":204.48,""neckline_distance_pct"":0.1826095461658842,""base_bars"":57},""pattern_geometry_features"":{""contraction_count"":5.0,""first_contraction_pct"":0.16529444380511996,""last_contraction_pct"":0.11975849805640551,""dry_up_ratio"":1.0514111282808836,""near_monotone"":0.0,""base_depth_pct"":0.03179484566984497},""_schema_version"":""1.0""}",,,,,,,,,,
20260508T195117Z-64671e,2026-05-08T19:51:17.654677+00:00,TMUS,double_bottom,absent,45.47,14.6,36.4,73.7,57.2,23.3,47.1,58.4,84.0,98.6,2.19,9.1,5.9,8.01,3.03,3.77,3.51,5.04,4.93,True,risk_unclear,193.49,200.63,180.8854,217.62,"{""trend"":{""T1_ema_stack"":{""value"":[false,false,false],""score"":0.0},""T2_ema50_slope"":{""value"":-0.2030003738684095,""score"":16.166604355265086},""T3_high_proximity"":{""value"":0.8716551040634292,""score"":35.82755203171456},""T4_rs_1m"":{""value"":-0.10436621760325737,""score"":0},""T5_rs_3m"":{""value"":-0.08681352890047578,""score"":6.593235549762113},""T6_adr_healthy"":{""value"":2.750787242535686,""score"":100.0},""_score"":14.6},""geometry"":{""sub_low_similarity"":11.2,""sub_bounce_quality"":89.3,""sub_separation_fit"":13.3,""sub_right_bottom_reaction"":48.0,""sub_base_context"":30.0,""_score"":36.41},""compression"":{""VC1_atr_ratio"":{""value"":0.4757080598011981,""score"":100},""VC2_range_contraction"":{""value"":0.8002674906058175,""score"":33.28875156569709},""VC3_range_pct_rank"":{""score"":88.33333333333333},""_score"":73.73},""sr_quality"":{""SR1_touches"":{""value"":3,""score"":50.0},""SR2_tightness"":{""value"":0.6571952187558615,""score"":79.05811578441124},""SR3_recency"":{""value"":307,""score"":0.0},""SR4_price_location"":{""score"":81.08306787552073},""SR5_reaction"":{""value"":1.3468503942981922,""score"":67.34251971490961},""_score"":57.23,""_levels_found"":7,""_target_level"":194.7767},""volume"":{""V1_rvol_day"":{""value"":0.2727628753709891,""score"":0},""V2_rvol_sameslot"":{""value"":0.5179707374088277,""score"":1.1980491605885137,""status"":""ok""},""V3_breakout_bar"":{""value"":1.155432039904027,""score"":43.69546932693513},""V4_base_dryup"":{""value"":0.8941060128592472,""score"":60.58939871407528},""V5_bo_expansion"":{""value"":0.2727628753709891,""score"":0},""_score"":23.28},""readiness"":{""_distance_atr"":1.138,""BR1_atr_distance"":{""score"":24.160001456710816},""BR2_compression"":{""score"":79.7625108028746},""BR3_retest"":{""score"":50.0},""BR4_bo_age"":{""score"":50.0},""_score"":47.1},""risk"":{""R1_stop_clarity"":{""score"":12.22316807254387},""R2_stop_distance_pct"":{""value"":6.5143418264509965,""score"":100.0},""R3_stop_distance_atr"":{""value"":2.0082622807536707,""score"":100.0},""R4_rr_potential"":{""value"":1.9143804642749418,""score"":45.71902321374709},""_score"":58.42},""market"":{""M1_spy_regime"":{""score"":100.0},""M3_earnings_risk"":{""value"":null,""score"":80.0},""M4_vix"":{""value"":null,""score"":60.0},""_score"":84.0},""liquidity"":{""L1_price"":{""value"":193.49,""score"":100.0},""L2_dollar_vol"":{""value"":334353754.70876944,""score"":100.0},""L3_spread_proxy"":{""value"":0.01418264509793791,""score"":85.81735490206209},""L4_volume_zscore"":{""value"":-1.739798183322843,""score"":100.0},""_score"":98.58},""pattern_structure"":{""left_low"":183.64,""left_idx"":25,""right_low"":191.98,""right_idx"":68,""separation_bars"":43,""structural_low"":183.64,""current_price"":193.875,""neckline_distance_pct"":0.03484203739522886,""base_bars"":43},""pattern_geometry_features"":{""low_similarity_pct"":0.04440658111921625,""bounce_pct"":0.09251796994118934,""right_bottom_reaction"":0.48009950248756267,""atr_pct"":0.03243770442178629},""_schema_version"":""1.0""}",,,,,,,,,,
20260508T195117Z-64671e,2026-05-08T19:51:17.654677+00:00,UEC,high_tight_pullback,absent,45.43,62.0,34.2,49.5,43.7,22.0,45.6,77.2,84.0,91.5,7.44,11.97,4.96,3.49,3.08,4.1,0.77,5.04,4.58,False,,15.01,16.19,14.706,18.25,"{""trend"":{""T1_ema_stack"":{""value"":[true,true,true],""score"":100.0},""T2_ema50_slope"":{""value"":0.11985865240724772,""score"":69.97644206787461},""T3_high_proximity"":{""value"":0.8777777777777777,""score"":38.88888888888881},""T4_rs_1m"":{""value"":0.010957257493459105,""score"":60.9572574934591},""T5_rs_3m"":{""value"":-0.13591424988500644,""score"":0},""T6_adr_healthy"":{""value"":6.769224071056028,""score"":100.0},""_score"":62.02},""geometry"":{""sub_pole_impulse"":22.4,""sub_flag_tightness"":20.2,""sub_flag_shallowness"":0,""sub_flag_drift"":82.8,""sub_flag_duration"":100.0,""_score"":34.19},""compression"":{""VC1_atr_ratio"":{""value"":0.6419638959504915,""score"":89.50902601237712},""VC2_range_contraction"":{""value"":1.1159755518830456,""score"":0},""VC3_range_pct_rank"":{""score"":55.00000000000001},""_score"":49.55},""sr_quality"":{""SR1_touches"":{""value"":2,""score"":25.0},""SR2_tightness"":{""value"":0.21999999999999975,""score"":61.89156417807038},""SR3_recency"":{""value"":238,""score"":0.0},""SR4_price_location"":{""score"":59.67384560843756},""SR5_reaction"":{""value"":1.595790750043304,""score"":79.7895375021652},""_score"":43.67,""_levels_found"":5,""_target_level"":15.4},""volume"":{""V1_rvol_day"":{""value"":0.6111069783535437,""score"":7.407131890236244},""V2_rvol_sameslot"":{""value"":0.9809547606938944,""score"":32.0636507129263,""status"":""ok""},""V3_breakout_bar"":{""value"":0.8210280873095187,""score"":21.401872487301247},""V4_base_dryup"":{""value"":1.0618156137794295,""score"":43.81843862205705},""V5_bo_expansion"":{""value"":0.6111069783535437,""score"":0},""_score"":22.01},""readiness"":{""_distance_atr"":1.022,""BR1_atr_distance"":{""score"":31.866735954731723},""BR2_compression"":{""score"":61.40956561025879},""BR3_retest"":{""score"":50.0},""BR4_bo_age"":{""score"":50.0},""_score"":45.6},""risk"":{""R1_stop_clarity"":{""score"":61.20734453490382},""R2_stop_distance_pct"":{""value"":2.0249833444370444,""score"":100.0},""R3_stop_distance_atr"":{""value"":0.2632513424562622,""score"":38.16256712281311},""R4_rr_potential"":{""value"":10.659647968415845,""score"":100.0},""_score"":77.15},""market"":{""M1_spy_regime"":{""score"":100.0},""M3_earnings_risk"":{""value"":null,""score"":80.0},""M4_vix"":{""value"":null,""score"":60.0},""_score"":84.0},""liquidity"":{""L1_price"":{""value"":15.01,""score"":100.0},""L2_dollar_vol"":{""value"":80463314.29109947,""score"":95.27989586160768},""L3_spread_proxy"":{""value"":0.06595602931379083,""score"":34.04397068620918},""L4_volume_zscore"":{""value"":-1.726024054468387,""score"":100.0},""_score"":91.52},""pattern_structure"":{""pole_low"":14.13,""pole_low_idx"":41,""peak_price"":16.19,""peak_idx"":49,""pole_gain"":0.14578910120311397,""flag_bars"":10,""flag_low"":14.93,""flag_high"":16.06,""structural_low"":14.93,""current_price"":15.0,""neckline_distance_pct"":0.07933333333333342,""base_bars"":10},""pattern_geometry_features"":{""pole_gain"":0.14578910120311397,""pullback_pct"":0.0778258184064238,""flag_range_pct"":0.06979617047560216,""flag_drift_per_bar"":-0.0034326868686868576,""atr_pct"":0.07692205196535645,""pole_atr_multiple"":1.89528356925233},""_schema_version"":""1.0""}",,,,,,,,,,
20260508T195117Z-64671e,2026-05-08T19:51:17.654677+00:00,ANET,vcp,invalidated,45.18,46.9,35.5,37.8,39.1,51.8,31.1,25.7,84.0,96.2,7.03,8.88,4.53,4.69,6.74,2.18,1.29,5.04,4.81,False,,142.36,179.8,159.8162,169.35,"{""trend"":{""T1_ema_stack"":{""value"":[false,true,true],""score"":66.66666666666666},""T2_ema50_slope"":{""value"":0.6778645021694042,""score"":100},""T3_high_proximity"":{""value"":0.8009902661340237,""score"":0.49513306701182147},""T4_rs_1m"":{""value"":-0.10912936092479086,""score"":0},""T5_rs_3m"":{""value"":-0.03163493121766181,""score"":34.1825343911691},""T6_adr_healthy"":{""value"":4.156062551596915,""score"":100.0},""_score"":46.87},""geometry"":{""sub_contraction_count"":100.0,""sub_reduction_rate"":0,""sub_pivot_tightness"":3.4,""sub_volume_dryup"":0,""sub_base_depth"":0.0,""sub_base_duration"":100.0,""_score"":35.51},""compression"":{""VC1_atr_ratio"":{""value"":0.7452671179721536,""score"":63.68322050696159},""VC2_range_contraction"":{""value"":1.2196671015651717,""score"":0},""VC3_range_pct_rank"":{""score"":49.16666666666667},""_score"":37.76},""sr_quality"":{""SR1_touches"":{""value"":2,""score"":25.0},""SR2_tightness"":{""value"":1.5150000000000006,""score"":65.7419745608722},""SR3_recency"":{""value"":281,""score"":0.0},""SR4_price_location"":{""score"":26.874279123414198},""SR5_reaction"":{""value"":2.547869977791237,""score"":100},""_score"":39.08,""_levels_found"":6,""_target_level"":150.285},""volume"":{""V1_rvol_day"":{""value"":1.565650120734256,""score"":71.04334138228373},""V2_rvol_sameslot"":{""value"":3.0552388331316007,""score"":100,""status"":""ok""},""V3_breakout_bar"":{""value"":1.2164277026911694,""score"":47.76184684607796},""V4_base_dryup"":{""value"":1.5001985653391718,""score"":0},""V5_bo_expansion"":{""value"":1.565650120734256,""score"":37.71000804895039},""_score"":51.81},""readiness"":{""_distance_atr"":4.233,""BR1_atr_distance"":{""score"":0},""BR2_compression"":{""score"":54.35106798791389},""BR3_retest"":{""score"":50.0},""BR4_bo_age"":{""score"":50.0},""_score"":31.09},""risk"":{""R1_stop_clarity"":{""score"":44.96668685645058},""R2_stop_distance_pct"":{""value"":-12.262046923293045,""score"":0.0},""R3_stop_distance_atr"":{""value"":-1.9736523319200459,""score"":0.0},""R4_rr_potential"":{""value"":null,""score"":50.0},""_score"":25.74},""market"":{""M1_spy_regime"":{""score"":100.0},""M3_earnings_risk"":{""value"":null,""score"":80.0},""M4_vix"":{""value"":null,""score"":60.0},""_score"":84.0},""liquidity"":{""L1_price"":{""value"":142.36,""score"":100.0},""L2_dollar_vol"":{""value"":2242606378.6076994,""score"":100.0},""L3_spread_proxy"":{""value"":0.03786175892104534,""score"":62.138241078954664},""L4_volume_zscore"":{""value"":0.816241531047201,""score"":100.0},""_score"":96.21},""pattern_structure"":{""n_contractions"":5,""contractions_pct"":[17.43,16.39,7.94,16.49,9.76],""descending_strict"":false,""final_low"":162.25,""final_pivot"":179.8,""structural_low"":162.25,""dry_up_ratio"":1.7950058659474244,""current_price"":142.36,""neckline_distance_pct"":0.26299522337735315,""base_bars"":62},""pattern_geometry_features"":{""contraction_count"":5.0,""first_contraction_pct"":0.17430830039525697,""last_contraction_pct"":0.09760845383759739,""dry_up_ratio"":1.7950058659474244,""near_monotone"":0.0,""base_depth_pct"":-0.06884057971014484},""_schema_version"":""1.0""}",,,,,,,,,,
20260508T195117Z-64671e,2026-05-08T19:51:17.654677+00:00,BWXT,bull_flag,absent,45.18,46.4,30.3,46.5,57.5,27.9,42.5,71.2,84.0,95.1,6.49,9.09,4.18,5.75,3.91,3.82,2.14,5.04,4.75,False,,204.48,227.12,200.326,248.33,"{""trend"":{""T1_ema_stack"":{""value"":[false,true,true],""score"":66.66666666666666},""T2_ema50_slope"":{""value"":0.15363198181651377,""score"":75.6053303027523},""T3_high_proximity"":{""value"":0.8576461706232699,""score"":28.823085311634912},""T4_rs_1m"":{""value"":-0.19594011881755635,""score"":0},""T5_rs_3m"":{""value"":-0.030086268734959898,""score"":34.95686563252005},""T6_adr_healthy"":{""value"":4.328621723660559,""score"":100.0},""_score"":46.35},""geometry"":{""sub_pole_impulse"":25.6,""sub_flag_tightness"":8.4,""sub_flag_shallowness"":0,""sub_flag_drift"":95.1,""sub_flag_duration"":62.5,""_score"":30.29},""compression"":{""VC1_atr_ratio"":{""value"":0.5816784553865774,""score"":100},""VC2_range_contraction"":{""value"":1.2120850293077234,""score"":0},""VC3_range_pct_rank"":{""score"":25.83333333333333},""_score"":46.46},""sr_quality"":{""SR1_touches"":{""value"":6,""score"":100},""SR2_tightness"":{""value"":3.1328662921871078,""score"":39.73137794249144},""SR3_recency"":{""value"":235,""score"":0.0},""SR4_price_location"":{""score"":26.284875036742083},""SR5_reaction"":{""value"":2.0889685567085867,""score"":100},""_score"":57.53,""_levels_found"":7,""_target_level"":216.7685},""volume"":{""V1_rvol_day"":{""value"":0.6375615274218767,""score"":9.170768494791776},""V2_rvol_sameslot"":{""value"":1.0616753702146318,""score"":37.44502468097545,""status"":""ok""},""V3_breakout_bar"":{""value"":0.9875948846517064,""score"":32.50632564344709},""V4_base_dryup"":{""value"":0.9759582801950187,""score"":52.40417198049813},""V5_bo_expansion"":{""value"":0.6375615274218767,""score"":0},""_score"":27.93},""readiness"":{""_distance_atr"":2.178,""BR1_atr_distance"":{""score"":0},""BR2_compression"":{""score"":100},""BR3_retest"":{""score"":50.0},""BR4_bo_age"":{""score"":50.0},""_score"":42.5},""risk"":{""R1_stop_clarity"":{""score"":41.313035902735166},""R2_stop_distance_pct"":{""value"":2.0315184859154867,""score"":100.0},""R3_stop_distance_atr"":{""value"":0.39956829599419447,""score"":44.97841479970972},""R4_rr_potential"":{""value"":10.555965998475262,""score"":100.0},""_score"":71.21},""market"":{""M1_spy_regime"":{""score"":100.0},""M3_earnings_risk"":{""value"":null,""score"":80.0},""M4_vix"":{""value"":null,""score"":60.0},""_score"":84.0},""liquidity"":{""L1_price"":{""value"":204.48,""score"":100.0},""L2_dollar_vol"":{""value"":131023547.34238078,""score"":100.0},""L3_spread_proxy"":{""value"":0.04931240219092338,""score"":50.68759780907662},""L4_volume_zscore"":{""value"":-1.2030539869197234,""score"":100.0},""_score"":95.07},""pattern_structure"":{""pole_low"":205.91,""pole_low_idx"":17,""peak_price"":227.12,""peak_idx"":36,""pole_gain"":0.10300616774318881,""flag_bars"":23,""flag_low"":203.3766,""flag_high"":216.23,""structural_low"":203.3766,""current_price"":204.3,""neckline_distance_pct"":0.11169848262359272,""base_bars"":23},""pattern_geometry_features"":{""pole_gain"":0.10300616774318881,""pullback_pct"":0.10454121169425858,""flag_range_pct"":0.05659299048960899,""flag_drift_per_bar"":-0.0009839357954182562,""atr_pct"":0.05084283478649676,""pole_atr_multiple"":2.0259721586284565},""_schema_version"":""1.0""}",,,,,,,,,,
20260508T195117Z-64671e,2026-05-08T19:51:17.654677+00:00,HEI,vcp,breakout_confirmed,45.16,16.8,48.5,45.8,62.9,21.9,44.4,32.0,84.0,97.0,2.53,12.14,5.49,7.55,2.85,3.11,1.6,5.04,4.85,True,risk_unclear,292.14,279.4,252.2683,363.398,"{""trend"":{""T1_ema_stack"":{""value"":[true,false,false],""score"":33.33333333333333},""T2_ema50_slope"":{""value"":-0.26396407566531066,""score"":6.005987389114885},""T3_high_proximity"":{""value"":0.8307456065517829,""score"":15.37280327589141},""T4_rs_1m"":{""value"":-0.08754728208123541,""score"":0},""T5_rs_3m"":{""value"":-0.17275869212154316,""score"":0},""T6_adr_healthy"":{""value"":3.1723638203937368,""score"":100.0},""_score"":16.84},""geometry"":{""sub_contraction_count"":100.0,""sub_reduction_rate"":0,""sub_pivot_tightness"":23.7,""sub_volume_dryup"":0,""sub_base_depth"":100.0,""sub_base_duration"":100.0,""_score"":48.55},""compression"":{""VC1_atr_ratio"":{""value"":0.612951399384236,""score"":96.76215015394098},""VC2_range_contraction"":{""value"":1.0534375198084789,""score"":0},""VC3_range_pct_rank"":{""score"":28.333333333333332},""_score"":45.79},""sr_quality"":{""SR1_touches"":{""value"":3,""score"":50.0},""SR2_tightness"":{""value"":1.207043369376411,""score"":76.8178471041599},""SR3_recency"":{""value"":259,""score"":0.0},""SR4_price_location"":{""score"":85.60069360133564},""SR5_reaction"":{""value"":2.6419150493838846,""score"":100},""_score"":62.92,""_levels_found"":5,""_target_level"":297.1383},""volume"":{""V1_rvol_day"":{""value"":0.9122259373639028,""score"":27.48172915759352},""V2_rvol_sameslot"":{""value"":0.99602222324359,""score"":33.06814821623934,""status"":""ok""},""V3_breakout_bar"":{""value"":0.7908552786151365,""score"":19.390351907675765},""V4_base_dryup"":{""value"":1.2512567964813917,""score"":24.87432035186083},""V5_bo_expansion"":{""value"":0.9122259373639028,""score"":0},""_score"":21.93},""readiness"":{""_distance_atr"":-1.223,""BR1_atr_distance"":{""score"":35.531895921388184},""BR2_compression"":{""score"":50.7471393825869},""BR3_retest"":{""score"":50.0},""BR4_bo_age"":{""score"":50.0},""_score"":44.4},""risk"":{""R1_stop_clarity"":{""score"":26.218295107064833},""R2_stop_distance_pct"":{""value"":13.648131033066335,""score"":0.0},""R3_stop_distance_atr"":{""value"":3.82882135787277,""score"":100.0},""R4_rr_potential"":{""value"":1.7871846286772683,""score"":39.359231433863414},""_score"":32.05},""market"":{""M1_spy_regime"":{""score"":100.0},""M3_earnings_risk"":{""value"":null,""score"":80.0},""M4_vix"":{""value"":null,""score"":60.0},""_score"":84.0},""liquidity"":{""L1_price"":{""value"":292.14,""score"":100.0},""L2_dollar_vol"":{""value"":186687519.3325764,""score"":100.0},""L3_spread_proxy"":{""value"":0.029814472513178737,""score"":70.18552748682126},""L4_volume_zscore"":{""value"":-0.20595829471903873,""score"":100.0},""_score"":97.02},""pattern_structure"":{""n_contractions"":5,""contractions_pct"":[5.86,5.52,16.21,8.43,8.34],""descending_strict"":false,""final_low"":256.11,""final_pivot"":279.4,""structural_low"":256.11,""dry_up_ratio"":1.325383414058702,""current_price"":292.14,""neckline_distance_pct"":-0.043609228452112035,""base_bars"":85},""pattern_geometry_features"":{""contraction_count"":5.0,""first_contraction_pct"":0.058593152763239904,""last_contraction_pct"":0.08335719398711512,""dry_up_ratio"":1.325383414058702,""near_monotone"":0.0,""base_depth_pct"":0.24697449045597278},""_schema_version"":""1.0""}",,,,,,,,,,
20260508T195117Z-64671e,2026-05-08T19:51:17.654677+00:00,IBM,double_bottom,absent,45.14,7.1,46.2,63.1,52.4,21.6,49.2,58.2,84.0,97.4,1.06,11.54,5.05,7.33,2.81,3.94,3.49,5.04,4.87,True,risk_unclear,229.445,235.95,221.4575,247.07,"{""trend"":{""T1_ema_stack"":{""value"":[false,false,false],""score"":0.0},""T2_ema50_slope"":{""value"":-0.23735385095925254,""score"":10.441024840124577},""T3_high_proximity"":{""value"":0.7742626712559898,""score"":0},""T4_rs_1m"":{""value"":-0.11647640274815085,""score"":0},""T5_rs_3m"":{""value"":-0.2995014121699434,""score"":0},""T6_adr_healthy"":{""value"":2.4235223064284765,""score"":100.0},""_score"":7.09},""geometry"":{""sub_low_similarity"":79.7,""sub_bounce_quality"":27.8,""sub_separation_fit"":0.0,""sub_right_bottom_reaction"":71.3,""sub_base_context"":30.0,""_score"":46.16},""compression"":{""VC1_atr_ratio"":{""value"":0.461871115594463,""score"":100},""VC2_range_contraction"":{""value"":0.7962390404965133,""score"":33.96015991724779},""VC3_range_pct_rank"":{""score"":44.99999999999999},""_score"":63.14},""sr_quality"":{""SR1_touches"":{""value"":3,""score"":50.0},""SR2_tightness"":{""value"":2.234357973905604,""score"":42.74803887319326},""SR3_recency"":{""value"":228,""score"":0.0},""SR4_price_location"":{""score"":63.861838101034564},""SR5_reaction"":{""value"":2.2147159747267384,""score"":100},""_score"":52.38,""_levels_found"":6,""_target_level"":233.4033},""volume"":{""V1_rvol_day"":{""value"":0.5196025873948364,""score"":1.306839159655763},""V2_rvol_sameslot"":{""value"":0.8052948044674334,""score"":20.35298696449556,""status"":""ok""},""V3_breakout_bar"":{""value"":0.9761702436298897,""score"":31.74468290865931},""V4_base_dryup"":{""value"":1.0332272511151357,""score"":46.67727488848643},""V5_bo_expansion"":{""value"":0.5196025873948364,""score"":0},""_score"":21.6},""readiness"":{""_distance_atr"":0.833,""BR1_atr_distance"":{""score"":44.43981798808938},""BR2_compression"":{""score"":55.851681010227104},""BR3_retest"":{""score"":50.0},""BR4_bo_age"":{""score"":50.0},""_score"":49.24},""risk"":{""R1_stop_clarity"":{""score"":13.586194084826005},""R2_stop_distance_pct"":{""value"":3.4812046459935915,""score"":100.0},""R3_stop_distance_atr"":{""value"":1.023330151754886,""score"":76.1665075877443},""R4_rr_potential"":{""value"":2.2065865827016107,""score"":60.329329135080535},""_score"":58.25},""market"":{""M1_spy_regime"":{""score"":100.0},""M3_earnings_risk"":{""value"":null,""score"":80.0},""M4_vix"":{""value"":null,""score"":60.0},""_score"":84.0},""liquidity"":{""L1_price"":{""value"":229.445,""score"":100.0},""L2_dollar_vol"":{""value"":792281389.4452507,""score"":100.0},""L3_spread_proxy"":{""value"":0.025605264878293274,""score"":74.39473512170673},""L4_volume_zscore"":{""value"":-0.7436184618935796,""score"":100.0},""_score"":97.44},""pattern_structure"":{""left_low"":227.12,""left_idx"":25,""right_low"":224.83,""right_idx"":74,""separation_bars"":49,""structural_low"":224.83,""current_price"":229.15,""neckline_distance_pct"":0.029674885446214196,""base_bars"":49},""pattern_geometry_features"":{""low_similarity_pct"":0.010133864365527124,""bounce_pct"":0.04945959169150014,""right_bottom_reaction"":0.7128309572301431,""atr_pct"":0.034018392207282776},""_schema_version"":""1.0""}",,,,,,,,,,
20260508T195117Z-64671e,2026-05-08T19:51:17.654677+00:00,COF,double_bottom,absent,45.03,18.5,33.9,68.1,56.8,30.3,36.7,59.7,84.0,97.9,2.77,8.47,5.44,7.95,3.93,2.94,3.58,5.04,4.9,True,risk_unclear,190.1534,196.0,186.3127,202.85,"{""trend"":{""T1_ema_stack"":{""value"":[false,false,false],""score"":0.0},""T2_ema50_slope"":{""value"":-0.016395180539582326,""score"":47.267469910069615},""T3_high_proximity"":{""value"":0.8536245286406896,""score"":26.81226432034478},""T4_rs_1m"":{""value"":-0.1073663260443597,""score"":0},""T5_rs_3m"":{""value"":-0.213546106075566,""score"":0},""T6_adr_healthy"":{""value"":2.3819896109458805,""score"":100.0},""_score"":18.48},""geometry"":{""sub_low_similarity"":74.3,""sub_bounce_quality"":8.9,""sub_separation_fit"":0.0,""sub_right_bottom_reaction"":25.5,""sub_base_context"":30.0,""_score"":33.89},""compression"":{""VC1_atr_ratio"":{""value"":0.2631980198493374,""score"":100},""VC2_range_contraction"":{""value"":0.7939994700034358,""score"":34.333421666094026},""VC3_range_pct_rank"":{""score"":64.16666666666666},""_score"":68.06},""sr_quality"":{""SR1_touches"":{""value"":2,""score"":25.0},""SR2_tightness"":{""value"":0.4399000000000086,""score"":81.87580929958763},""SR3_recency"":{""value"":242,""score"":0.0},""SR4_price_location"":{""score"":88.06504505317682},""SR5_reaction"":{""value"":3.7842642731018286,""score"":100},""_score"":56.8,""_levels_found"":7,""_target_level"":190.5501},""volume"":{""V1_rvol_day"":{""value"":0.6563656047058303,""score"":10.42437364705535},""V2_rvol_sameslot"":{""value"":1.0407288758423408,""score"":36.048591722822714,""status"":""ok""},""V3_breakout_bar"":{""value"":1.0112642492880586,""score"":34.08428328587057},""V4_base_dryup"":{""value"":0.8776660885923063,""score"":62.23339114076937},""V5_bo_expansion"":{""value"":0.65636560470583,""score"":0},""_score"":30.26},""readiness"":{""_distance_atr"":1.204,""BR1_atr_distance"":{""score"":19.70531685305086},""BR2_compression"":{""score"":45.44218642774221},""BR3_retest"":{""score"":50.0},""BR4_bo_age"":{""score"":50.0},""_score"":36.74},""risk"":{""R1_stop_clarity"":{""score"":0},""R2_stop_distance_pct"":{""value"":2.0197640431357056,""score"":100.0},""R3_stop_distance_atr"":{""value"":0.7911874632136575,""score"":64.55937316068288},""R4_rr_potential"":{""value"":3.3058466665798636,""score"":100.0},""_score"":59.68},""market"":{""M1_spy_regime"":{""score"":100.0},""M3_earnings_risk"":{""value"":null,""score"":80.0},""M4_vix"":{""value"":null,""score"":60.0},""_score"":84.0},""liquidity"":{""L1_price"":{""value"":190.1534,""score"":100.0},""L2_dollar_vol"":{""value"":515966179.79427123,""score"":100.0},""L3_spread_proxy"":{""value"":0.02103564806098655,""score"":78.96435193901345},""L4_volume_zscore"":{""value"":-1.4481180651106809,""score"":100.0},""_score"":97.9},""pattern_structure"":{""left_low"":191.6,""left_idx"":26,""right_low"":189.15,""right_idx"":74,""separation_bars"":48,""structural_low"":189.15,""current_price"":189.74,""neckline_distance_pct"":0.032992516074628386,""base_bars"":48},""pattern_geometry_features"":{""low_similarity_pct"":0.012869336835193637,""bounce_pct"":0.03621464446206711,""right_bottom_reaction"":0.25499999999999545,""atr_pct"":0.025528261468297245},""_schema_version"":""1.0""}",,,,,,,,,,
20260508T195117Z-64671e,2026-05-08T19:51:17.654677+00:00,HEI,base_on_base,invalidated,44.92,16.8,55.0,45.8,62.9,28.9,30.2,13.0,84.0,97.0,3.03,13.75,4.58,6.29,3.47,2.42,0.65,5.88,4.85,True,risk_unclear,292.14,354.7,312.3498,374.6603,"{""trend"":{""T1_ema_stack"":{""value"":[true,false,false],""score"":33.33333333333333},""T2_ema50_slope"":{""value"":-0.26396407566531066,""score"":6.005987389114885},""T3_high_proximity"":{""value"":0.8307456065517829,""score"":15.37280327589141},""T4_rs_1m"":{""value"":-0.08754728208123541,""score"":0},""T5_rs_3m"":{""value"":-0.17275869212154316,""score"":0},""T6_adr_healthy"":{""value"":3.1723638203937368,""score"":100.0},""_score"":16.84},""geometry"":{""sub_shallower_second"":0,""sub_second_base_depth"":100.0,""sub_rim_advance"":100,""sub_dry_up"":0,""sub_second_base_duration"":100.0,""_score"":55.0},""compression"":{""VC1_atr_ratio"":{""value"":0.612951399384236,""score"":96.76215015394098},""VC2_range_contraction"":{""value"":1.0534375198084789,""score"":0},""VC3_range_pct_rank"":{""score"":28.333333333333332},""_score"":45.79},""sr_quality"":{""SR1_touches"":{""value"":3,""score"":50.0},""SR2_tightness"":{""value"":1.207043369376411,""score"":76.8178471041599},""SR3_recency"":{""value"":259,""score"":0.0},""SR4_price_location"":{""score"":85.60069360133564},""SR5_reaction"":{""value"":2.6419150493838846,""score"":100},""_score"":62.92,""_levels_found"":5,""_target_level"":297.1383},""volume"":{""V1_rvol_day"":{""value"":0.9122259373639028,""score"":27.48172915759352},""V2_rvol_sameslot"":{""value"":0.99602222324359,""score"":33.06814821623934,""status"":""ok""},""V3_breakout_bar"":{""value"":0.7908552786151365,""score"":19.390351907675765},""V4_base_dryup"":{""value"":0.9035915805686722,""score"":59.640841943132784},""V5_bo_expansion"":{""value"":0.9122259373639028,""score"":0},""_score"":28.89},""readiness"":{""_distance_atr"":6.008,""BR1_atr_distance"":{""score"":0},""BR2_compression"":{""score"":50.7471393825869},""BR3_retest"":{""score"":50.0},""BR4_bo_age"":{""score"":50.0},""_score"":30.19},""risk"":{""R1_stop_clarity"":{""score"":8.646086351720086},""R2_stop_distance_pct"":{""value"":-6.9178489765181155,""score"":0.0},""R3_stop_distance_atr"":{""value"":-1.9407205167988444,""score"":0.0},""R4_rr_potential"":{""value"":null,""score"":50.0},""_score"":13.03},""market"":{""M1_spy_regime"":{""score"":100.0},""M3_earnings_risk"":{""value"":null,""score"":80.0},""M4_vix"":{""value"":null,""score"":60.0},""_score"":84.0},""liquidity"":{""L1_price"":{""value"":292.14,""score"":100.0},""L2_dollar_vol"":{""value"":186687519.3325764,""score"":100.0},""L3_spread_proxy"":{""value"":0.029814472513178737,""score"":70.18552748682126},""L4_volume_zscore"":{""value"":-0.20595829471903873,""score"":100.0},""_score"":97.02},""pattern_structure"":{""first_base_low"":298.5847,""first_base_top"":318.545,""first_base_bars"":69,""second_base_low"":317.1064,""second_base_top"":354.7,""second_base_bars"":32,""structural_low"":317.1064,""stacking_overlap_pct"":0.0045161594123279535,""current_price"":292.14,""neckline_distance_pct"":0.21414390360785926,""base_bars"":32},""pattern_geometry_features"":{""first_base_depth_pct"":0.06266084854573142,""second_base_depth_pct"":0.10598703129405126,""second_dry_up_ratio"":1.4867862301912005,""rim_advance_pct"":0.11350044734652866,""atr_pct"":0.03564577648681162},""_schema_version"":""1.0""}",,,,,,,,,,
20260508T195117Z-64671e,2026-05-08T19:51:17.654677+00:00,ARM,breakout_retest_hold,breakout_confirmed,44.88,92.7,10.0,12.0,33.7,21.5,62.6,63.2,84.0,94.9,12.98,2.2,0.72,4.72,2.79,11.27,3.16,4.2,2.85,False,,214.14,202.7242,208.1277,187.7126,"{""trend"":{""T1_ema_stack"":{""value"":[true,true,true],""score"":100.0},""T2_ema50_slope"":{""value"":0.9132956307581528,""score"":100},""T3_high_proximity"":{""value"":0.902402022756005,""score"":51.201011378002484},""T4_rs_1m"":{""value"":0.34568968259307686,""score"":100},""T5_rs_3m"":{""value"":0.6640679972469525,""score"":100},""T6_adr_healthy"":{""value"":6.261054849091739,""score"":100.0},""_score"":92.68},""geometry"":{""sub_retest_depth"":0.0,""sub_retest_timing"":0.0,""sub_retest_freshness"":50.0,""sub_hold_quality"":0.0,""_score"":10.0},""compression"":{""VC1_atr_ratio"":{""value"":0.9697347531359078,""score"":7.566311716023039},""VC2_range_contraction"":{""value"":1.1318845854418735,""score"":0},""VC3_range_pct_rank"":{""score"":35.83333333333333},""_score"":11.98},""sr_quality"":{""SR1_touches"":{""value"":2,""score"":25.0},""SR2_tightness"":{""value"":4.159999999999997,""score"":54.42044944066444},""SR3_recency"":{""value"":249,""score"":0.0},""SR4_price_location"":{""score"":30.0},""SR5_reaction"":{""value"":1.4101173454294447,""score"":70.50586727147223},""_score"":33.74,""_levels_found"":4,""_target_level"":162.53},""volume"":{""V1_rvol_day"":{""value"":0.9372607164655639,""score"":29.15071443103759},""V2_rvol_sameslot"":{""value"":1.410255003305357,""score"":60.68366688702379,""status"":""ok""},""V3_breakout_bar"":{""value"":0.5786982105792495,""score"":5.246547371949969},""V4_base_dryup"":{""value"":1.3896922740190178,""score"":11.03077259809821},""V5_bo_expansion"":{""value"":0.9372607164655639,""score"":0},""_score"":21.48},""readiness"":{""_distance_atr"":-0.625,""BR1_atr_distance"":{""score"":47.4921386231908},""BR2_compression"":{""score"":76.42022751438678},""BR3_retest"":{""score"":100},""BR4_bo_age"":{""score"":30.0},""_score"":62.6},""risk"":{""R1_stop_clarity"":{""score"":76.96589203343946},""R2_stop_distance_pct"":{""value"":2.8076492014569956,""score"":100.0},""R3_stop_distance_atr"":{""value"":0.3293725142162186,""score"":41.46862571081093},""R4_rr_potential"":{""value"":-4.395555777323143,""score"":0.0},""_score"":63.16},""market"":{""M1_spy_regime"":{""score"":100.0},""M3_earnings_risk"":{""value"":null,""score"":80.0},""M4_vix"":{""value"":null,""score"":60.0},""_score"":84.0},""liquidity"":{""L1_price"":{""value"":214.14,""score"":100.0},""L2_dollar_vol"":{""value"":2120627698.4561262,""score"":100.0},""L3_spread_proxy"":{""value"":0.05136826375268516,""score"":48.63173624731484},""L4_volume_zscore"":{""value"":-0.10174190445996177,""score"":100.0},""_score"":94.86},""pattern_structure"":{""level"":202.7242,""level_idx"":32,""breakout_idx"":37,""bo_peak_idx"":67,""bo_peak_price"":239.5,""retest_idx"":71,""retest_low"":210.23,""structural_low"":210.23,""current_price"":214.64,""neckline_distance_pct"":-0.05551528140141628,""base_bars"":47,""bars_since_breakout"":42},""pattern_geometry_features"":{""retest_depth_atr"":-1.3953913305597572,""bars_breakout_to_retest"":34.0,""bars_since_retest"":8.0,""current_above_level_atr"":2.2152474108934364,""bo_peak_excess_pct"":0.18140804107255082,""atr_pct"":0.08524236480806949},""_schema_version"":""1.0""}",,,,,,,,,,
20260508T195117Z-64671e,2026-05-08T19:51:17.654677+00:00,RTX,double_bottom,absent,44.83,15.9,34.5,72.8,42.8,33.8,62.4,44.1,84.0,98.6,2.38,8.62,5.83,6.0,4.39,4.99,2.64,5.04,4.93,True,risk_unclear,176.875,178.09,170.0553,183.535,"{""trend"":{""T1_ema_stack"":{""value"":[false,false,true],""score"":33.33333333333333},""T2_ema50_slope"":{""value"":-0.30801565792565133,""score"":0},""T3_high_proximity"":{""value"":0.8336868401206636,""score"":16.843420060331795},""T4_rs_1m"":{""value"":-0.21337336707530363,""score"":0},""T5_rs_3m"":{""value"":-0.1767154092157981,""score"":0},""T6_adr_healthy"":{""value"":2.5257593030163443,""score"":100.0},""_score"":15.86},""geometry"":{""sub_low_similarity"":77.5,""sub_bounce_quality"":2.2,""sub_separation_fit"":0.0,""sub_right_bottom_reaction"":32.0,""sub_base_context"":30.0,""_score"":34.49},""compression"":{""VC1_atr_ratio"":{""value"":0.3431151016218282,""score"":100},""VC2_range_contraction"":{""value"":0.7977676278169414,""score"":33.705395363843095},""VC3_range_pct_rank"":{""score"":84.16666666666667},""_score"":72.84},""sr_quality"":{""SR1_touches"":{""value"":3,""score"":50.0},""SR2_tightness"":{""value"":1.011196918947488,""score"":59.18466864467009},""SR3_recency"":{""value"":305,""score"":0.0},""SR4_price_location"":{""score"":15.790350418530888},""SR5_reaction"":{""value"":2.5607944667564255,""score"":100},""_score"":42.83,""_levels_found"":8,""_target_level"":182.9413},""volume"":{""V1_rvol_day"":{""value"":0.7066835847431618,""score"":13.778905649544123},""V2_rvol_sameslot"":{""value"":1.1884281032177464,""score"":45.89520688118309,""status"":""ok""},""V3_breakout_bar"":{""value"":1.15381183017988,""score"":43.58745534532534},""V4_base_dryup"":{""value"":0.951567040198067,""score"":54.8432959801933},""V5_bo_expansion"":{""value"":0.706683584743162,""score"":0},""_score"":33.8},""readiness"":{""_distance_atr"":0.245,""BR1_atr_distance"":{""score"":83.65282875256953},""BR2_compression"":{""score"":45.87483545954187},""BR3_retest"":{""score"":50.0},""BR4_bo_age"":{""score"":50.0},""_score"":62.43},""risk"":{""R1_stop_clarity"":{""score"":0},""R2_stop_distance_pct"":{""value"":3.8556466431095346,""score"":100.0},""R3_stop_distance_atr"":{""value"":1.376325865145925,""score"":93.81629325729625},""R4_rr_potential"":{""value"":0.9765861276380483,""score"":0.0},""_score"":44.07},""market"":{""M1_spy_regime"":{""score"":100.0},""M3_earnings_risk"":{""value"":null,""score"":80.0},""M4_vix"":{""value"":null,""score"":60.0},""_score"":84.0},""liquidity"":{""L1_price"":{""value"":176.875,""score"":100.0},""L2_dollar_vol"":{""value"":699064237.7434613,""score"":100.0},""L3_spread_proxy"":{""value"":0.014077738515901111,""score"":85.9222614840989},""L4_volume_zscore"":{""value"":-0.9356757312264703,""score"":100.0},""_score"":98.59},""pattern_structure"":{""left_low"":172.645,""left_idx"":24,""right_low"":174.6,""right_idx"":74,""separation_bars"":50,""structural_low"":172.645,""current_price"":176.71,""neckline_distance_pct"":0.00780940524022407,""base_bars"":50},""pattern_geometry_features"":{""low_similarity_pct"":0.011260061339976006,""bounce_pct"":0.03153870659445679,""right_bottom_reaction"":0.3196347031963552,""atr_pct"":0.02801405350832915},""_schema_version"":""1.0""}",,,,,,,,,,
20260508T195117Z-64671e,2026-05-08T19:51:17.654677+00:00,RGTI,breakout_retest_hold,setup,44.62,70.6,20.0,67.3,42.2,8.3,50.4,64.3,84.0,94.0,9.88,4.4,4.04,5.91,1.08,9.08,3.21,4.2,2.82,False,,18.4299,17.15,17.5725,15.95,"{""trend"":{""T1_ema_stack"":{""value"":[true,true,false],""score"":66.66666666666666},""T2_ema50_slope"":{""value"":0.13720029899463126,""score"":72.86671649910521},""T3_high_proximity"":{""value"":0.9173668491786958,""score"":58.68342458934789},""T4_rs_1m"":{""value"":0.2040395231123664,""score"":100},""T5_rs_3m"":{""value"":-0.02640633844161111,""score"":36.796830779194444},""T6_adr_healthy"":{""value"":7.430980890826425,""score"":100.0},""_score"":70.56},""geometry"":{""sub_retest_depth"":0.0,""sub_retest_timing"":0.0,""sub_retest_freshness"":100.0,""sub_hold_quality"":0.0,""_score"":20.0},""compression"":{""VC1_atr_ratio"":{""value"":0.5895954961290889,""score"":100},""VC2_range_contraction"":{""value"":0.8393449972635301,""score"":26.775833789411656},""VC3_range_pct_rank"":{""score"":71.66666666666667},""_score"":67.29},""sr_quality"":{""SR1_touches"":{""value"":2,""score"":25.0},""SR2_tightness"":{""value"":0.26500000000000057,""score"":60.35541212739689},""SR3_recency"":{""value"":313,""score"":0.0},""SR4_price_location"":{""score"":42.58916758916758},""SR5_reaction"":{""value"":3.7785780309142294,""score"":100},""_score"":42.2,""_levels_found"":4,""_target_level"":21.265},""volume"":{""V1_rvol_day"":{""value"":0.4428578260997353,""score"":0},""V2_rvol_sameslot"":{""value"":0.6361709424282089,""score"":9.078062828547262,""status"":""ok""},""V3_breakout_bar"":{""value"":0.6890869263278099,""score"":12.605795088520658},""V4_base_dryup"":{""value"":1.3329626776160834,""score"":16.703732238391652},""V5_bo_expansion"":{""value"":0.4428578260997354,""score"":0},""_score"":8.31},""readiness"":{""_distance_atr"":-0.957,""BR1_atr_distance"":{""score"":40.85241206862465},""BR2_compression"":{""score"":38.3604425671343},""BR3_retest"":{""score"":100},""BR4_bo_age"":{""score"":30.0},""_score"":50.43},""risk"":{""R1_stop_clarity"":{""score"":73.44560623627557},""R2_stop_distance_pct"":{""value"":4.652222746732203,""score"":100.0},""R3_stop_distance_atr"":{""value"":0.6413447102258447,""score"":57.06723551129224},""R4_rr_potential"":{""value"":-2.8923489619780836,""score"":0.0},""_score"":64.27},""market"":{""M1_spy_regime"":{""score"":100.0},""M3_earnings_risk"":{""value"":null,""score"":80.0},""M4_vix"":{""value"":null,""score"":60.0},""_score"":84.0},""liquidity"":{""L1_price"":{""value"":18.4299,""score"":100.0},""L2_dollar_vol"":{""value"":259357944.49223515,""score"":100.0},""L3_spread_proxy"":{""value"":0.059685619563860974,""score"":40.314380436139025},""L4_volume_zscore"":{""value"":-1.0540694181276378,""score"":100.0},""_score"":94.03},""pattern_structure"":{""level"":17.15,""level_idx"":14,""breakout_idx"":42,""bo_peak_idx"":66,""bo_peak_price"":19.95,""retest_idx"":76,""retest_low"":17.75,""structural_low"":17.75,""current_price"":18.345,""neckline_distance_pct"":-0.06514036522213139,""base_bars"":65,""bars_since_breakout"":37},""pattern_geometry_features"":{""retest_depth_atr"":-1.1996058437941846,""bars_breakout_to_retest"":34.0,""bars_since_retest"":3.0,""current_above_level_atr"":2.3892149722234124,""bo_peak_excess_pct"":0.16326530612244902,""atr_pct"":0.07253856892487595},""_schema_version"":""1.0""}",,,,,,,,,,
20260508T195117Z-64671e,2026-05-08T19:51:17.654677+00:00,IBM,vcp,absent,44.33,7.1,47.4,63.1,52.4,15.2,31.5,69.5,84.0,97.4,1.06,11.84,7.58,6.29,1.98,2.2,3.48,5.04,4.87,True,risk_unclear,229.445,258.5,218.404,356.67,"{""trend"":{""T1_ema_stack"":{""value"":[false,false,false],""score"":0.0},""T2_ema50_slope"":{""value"":-0.23735385095925254,""score"":10.441024840124577},""T3_high_proximity"":{""value"":0.7742626712559898,""score"":0},""T4_rs_1m"":{""value"":-0.11647640274815085,""score"":0},""T5_rs_3m"":{""value"":-0.2995014121699434,""score"":0},""T6_adr_healthy"":{""value"":2.4235223064284765,""score"":100.0},""_score"":7.09},""geometry"":{""sub_contraction_count"":100.0,""sub_reduction_rate"":0,""sub_pivot_tightness"":0,""sub_volume_dryup"":20.3,""sub_base_depth"":93.1,""sub_base_duration"":100.0,""_score"":47.36},""compression"":{""VC1_atr_ratio"":{""value"":0.461871115594463,""score"":100},""VC2_range_contraction"":{""value"":0.7962390404965133,""score"":33.96015991724779},""VC3_range_pct_rank"":{""score"":44.99999999999999},""_score"":63.14},""sr_quality"":{""SR1_touches"":{""value"":3,""score"":50.0},""SR2_tightness"":{""value"":2.234357973905604,""score"":42.74803887319326},""SR3_recency"":{""value"":228,""score"":0.0},""SR4_price_location"":{""score"":63.861838101034564},""SR5_reaction"":{""value"":2.2147159747267384,""score"":100},""_score"":52.38,""_levels_found"":6,""_target_level"":233.4033},""volume"":{""V1_rvol_day"":{""value"":0.5196025873948364,""score"":1.306839159655763},""V2_rvol_sameslot"":{""value"":0.8052948044674334,""score"":20.35298696449556,""status"":""ok""},""V3_breakout_bar"":{""value"":0.9761702436298897,""score"":31.74468290865931},""V4_base_dryup"":{""value"":1.3535989236362502,""score"":14.640107636374978},""V5_bo_expansion"":{""value"":0.5196025873948364,""score"":0},""_score"":15.2},""readiness"":{""_distance_atr"":3.722,""BR1_atr_distance"":{""score"":0},""BR2_compression"":{""score"":55.851681010227104},""BR3_retest"":{""score"":50.0},""BR4_bo_age"":{""score"":50.0},""_score"":31.46},""risk"":{""R1_stop_clarity"":{""score"":14.777684536887975},""R2_stop_distance_pct"":{""value"":4.812024668221147,""score"":100.0},""R3_stop_distance_atr"":{""value"":1.4145361835151549,""score"":95.72680917575774},""R4_rr_potential"":{""value"":11.523012059650652,""score"":100.0},""_score"":69.53},""market"":{""M1_spy_regime"":{""score"":100.0},""M3_earnings_risk"":{""value"":null,""score"":80.0},""M4_vix"":{""value"":null,""score"":60.0},""_score"":84.0},""liquidity"":{""L1_price"":{""value"":229.445,""score"":100.0},""L2_dollar_vol"":{""value"":792281389.4452507,""score"":100.0},""L3_spread_proxy"":{""value"":0.025605264878293274,""score"":74.39473512170673},""L4_volume_zscore"":{""value"":-0.7436184618935796,""score"":100.0},""_score"":97.44},""pattern_structure"":{""n_contractions"":5,""contractions_pct"":[12.8,6.02,9.5,7.8,14.22],""descending_strict"":false,""final_low"":221.73,""final_pivot"":258.5,""structural_low"":221.73,""dry_up_ratio"":0.8982848548583623,""current_price"":229.445,""neckline_distance_pct"":0.12663165464490403,""base_bars"":58},""pattern_geometry_features"":{""contraction_count"":5.0,""first_contraction_pct"":0.12797749296655206,""last_contraction_pct"":0.14224371373307548,""dry_up_ratio"":0.8982848548583623,""near_monotone"":0.0,""base_depth_pct"":0.3068771491090966},""_schema_version"":""1.0""}",,,,,,,,,,
20260508T195117Z-64671e,2026-05-08T19:51:17.654677+00:00,IR,base_on_base,forming,44.29,9.9,55.0,39.1,50.2,33.2,26.1,60.0,84.0,97.0,1.79,13.75,3.91,5.02,3.99,2.09,3.0,5.88,4.85,True,risk_unclear,76.02,89.1,74.8698,97.52,"{""trend"":{""T1_ema_stack"":{""value"":[false,false,false],""score"":0.0},""T2_ema50_slope"":{""value"":-0.15158858243815837,""score"":24.735236260306937},""T3_high_proximity"":{""value"":0.7697448359659781,""score"":0},""T4_rs_1m"":{""value"":-0.21037214148387995,""score"":0},""T5_rs_3m"":{""value"":-0.29527903934476885,""score"":0},""T6_adr_healthy"":{""value"":3.2693320659760583,""score"":100.0},""_score"":9.95},""geometry"":{""sub_shallower_second"":0,""sub_second_base_depth"":100.0,""sub_rim_advance"":100,""sub_dry_up"":0,""sub_second_base_duration"":100.0,""_score"":55.0},""compression"":{""VC1_atr_ratio"":{""value"":0.7213486184709977,""score"":69.66284538225057},""VC2_range_contraction"":{""value"":1.053320325607219,""score"":0},""VC3_range_pct_rank"":{""score"":44.99999999999999},""_score"":39.12},""sr_quality"":{""SR1_touches"":{""value"":4,""score"":75.0},""SR2_tightness"":{""value"":0.34932076949417,""score"":75.3813703855103},""SR3_recency"":{""value"":310,""score"":0.0},""SR4_price_location"":{""score"":14.145383104125624},""SR5_reaction"":{""value"":1.7147621444752064,""score"":85.73810722376032},""_score"":50.2,""_levels_found"":5,""_target_level"":78.205},""volume"":{""V1_rvol_day"":{""value"":0.3660511513716978,""score"":0},""V2_rvol_sameslot"":{""value"":0.9228298935134479,""score"":28.188659567563196,""status"":""ok""},""V3_breakout_bar"":{""value"":1.5143280817852844,""score"":67.62187211901896},""V4_base_dryup"":{""value"":0.9646893155846649,""score"":53.53106844153351},""V5_bo_expansion"":{""value"":0.3660511513716978,""score"":0},""_score"":33.25},""readiness"":{""_distance_atr"":4.609,""BR1_atr_distance"":{""score"":0},""BR2_compression"":{""score"":34.57532253380524},""BR3_retest"":{""score"":50.0},""BR4_bo_age"":{""score"":50.0},""_score"":26.14},""risk"":{""R1_stop_clarity"":{""score"":19.64711804681562},""R2_stop_distance_pct"":{""value"":1.5129571165482723,""score"":87.82392791370681},""R3_stop_distance_atr"":{""value"":0.40528819531839794,""score"":45.2644097659199},""R4_rr_potential"":{""value"":18.693213928618064,""score"":100.0},""_score"":60.01},""market"":{""M1_spy_regime"":{""score"":100.0},""M3_earnings_risk"":{""value"":null,""score"":80.0},""M4_vix"":{""value"":null,""score"":60.0},""_score"":84.0},""liquidity"":{""L1_price"":{""value"":76.02,""score"":100.0},""L2_dollar_vol"":{""value"":109802782.0276044,""score"":100.0},""L3_spread_proxy"":{""value"":0.029597474348855565,""score"":70.40252565114443},""L4_volume_zscore"":{""value"":-1.782117666160527,""score"":100.0},""_score"":97.04},""pattern_structure"":{""first_base_low"":72.45,""first_base_top"":80.87,""first_base_bars"":76,""second_base_low"":76.01,""second_base_top"":89.1,""second_base_bars"":57,""structural_low"":76.01,""stacking_overlap_pct"":0.06009645109434895,""current_price"":76.02,""neckline_distance_pct"":0.17205998421468033,""base_bars"":57},""pattern_geometry_features"":{""first_base_depth_pct"":0.10411771979720541,""second_base_depth_pct"":0.14691358024691348,""second_dry_up_ratio"":1.2190288599810337,""rim_advance_pct"":0.10176827006306405,""atr_pct"":0.03733040177396926},""_schema_version"":""1.0""}",,,,,,,,,,
20260508T195117Z-64671e,2026-05-08T19:51:17.654677+00:00,LHX,base_on_base,invalidated,44.15,14.8,55.0,61.4,55.0,20.4,29.6,10.0,84.0,98.2,2.66,13.75,6.14,5.5,2.45,2.36,0.5,5.88,4.91,True,risk_unclear,300.05,364.27,324.3413,391.96,"{""trend"":{""T1_ema_stack"":{""value"":[false,false,true],""score"":33.33333333333333},""T2_ema50_slope"":{""value"":-0.2572950252588239,""score"":7.11749579019601},""T3_high_proximity"":{""value"":0.7927763686324244,""score"":0},""T4_rs_1m"":{""value"":-0.24566530909163686,""score"":0},""T5_rs_3m"":{""value"":-0.20893637318408076,""score"":0},""T6_adr_healthy"":{""value"":2.490670680962243,""score"":100.0},""_score"":14.76},""geometry"":{""sub_shallower_second"":0,""sub_second_base_depth"":100.0,""sub_rim_advance"":100,""sub_dry_up"":0,""sub_second_base_duration"":100.0,""_score"":55.0},""compression"":{""VC1_atr_ratio"":{""value"":0.3518718173194122,""score"":100},""VC2_range_contraction"":{""value"":0.9503891246108189,""score"":8.26847923153018},""VC3_range_pct_rank"":{""score"":74.16666666666667},""_score"":61.44},""sr_quality"":{""SR1_touches"":{""value"":5,""score"":100},""SR2_tightness"":{""value"":3.0025184828739913,""score"":34.58341437111776},""SR3_recency"":{""value"":251,""score"":0.0},""SR4_price_location"":{""score"":19.074269229637142},""SR5_reaction"":{""value"":3.180490150612069,""score"":100},""_score"":54.96,""_levels_found"":8,""_target_level"":334.4141},""volume"":{""V1_rvol_day"":{""value"":0.42287540294121695,""score"":0},""V2_rvol_sameslot"":{""value"":0.7062853512828543,""score"":13.752356752190288,""status"":""ok""},""V3_breakout_bar"":{""value"":1.0173318151706146,""score"":34.48878767804097},""V4_base_dryup"":{""value"":1.0489673772914814,""score"":45.103262270851864},""V5_bo_expansion"":{""value"":0.42287540294121684,""score"":0},""_score"":20.39},""readiness"":{""_distance_atr"":6.996,""BR1_atr_distance"":{""score"":0},""BR2_compression"":{""score"":48.21055029645176},""BR3_retest"":{""score"":50.0},""BR4_bo_age"":{""score"":50.0},""_score"":29.55},""risk"":{""R1_stop_clarity"":{""score"":0},""R2_stop_distance_pct"":{""value"":-8.095748208631894,""score"":0.0},""R3_stop_distance_atr"":{""value"":-2.646200889230569,""score"":0.0},""R4_rr_potential"":{""value"":null,""score"":50.0},""_score"":10.0},""market"":{""M1_spy_regime"":{""score"":100.0},""M3_earnings_risk"":{""value"":null,""score"":80.0},""M4_vix"":{""value"":null,""score"":60.0},""_score"":84.0},""liquidity"":{""L1_price"":{""value"":300.05,""score"":100.0},""L2_dollar_vol"":{""value"":197234392.58224353,""score"":100.0},""L3_spread_proxy"":{""value"":0.017680719880019936,""score"":82.31928011998006},""L4_volume_zscore"":{""value"":-1.5861874408584078,""score"":100.0},""_score"":98.23},""pattern_structure"":{""first_base_low"":272.14,""first_base_top"":299.83,""first_base_bars"":60,""second_base_low"":329.2805,""second_base_top"":364.27,""second_base_bars"":59,""structural_low"":329.2805,""stacking_overlap_pct"":-0.09822399359637139,""current_price"":300.05,""neckline_distance_pct"":0.2140309948341942,""base_bars"":59},""pattern_geometry_features"":{""first_base_depth_pct"":0.0923523329886936,""second_base_depth_pct"":0.09605375133829293,""second_dry_up_ratio"":1.3139386898997694,""rim_advance_pct"":0.21492178901377448,""atr_pct"":0.030593853405384803},""_schema_version"":""1.0""}",,,,,,,,,,
20260508T195117Z-64671e,2026-05-08T19:51:17.654677+00:00,CCJ,bull_flag,absent,44.14,52.2,28.0,41.5,51.7,21.9,47.7,77.1,84.0,96.2,7.31,8.41,3.74,5.17,3.06,4.29,2.31,5.04,4.81,False,,116.49,124.7199,111.6005,137.5829,"{""trend"":{""T1_ema_stack"":{""value"":[false,true,true],""score"":66.66666666666666},""T2_ema50_slope"":{""value"":0.21239594944034984,""score"":85.39932490672498},""T3_high_proximity"":{""value"":0.9210880050604886,""score"":60.54400253024428},""T4_rs_1m"":{""value"":-0.07564178013999445,""score"":0},""T5_rs_3m"":{""value"":-0.04188627960403046,""score"":29.05686019798477},""T6_adr_healthy"":{""value"":5.044591981625072,""score"":100.0},""_score"":52.19},""geometry"":{""sub_pole_impulse"":22.6,""sub_flag_tightness"":0,""sub_flag_shallowness"":0,""sub_flag_drift"":100,""sub_flag_duration"":62.5,""_score"":28.03},""compression"":{""VC1_atr_ratio"":{""value"":0.7574239246388732,""score"":60.6440188402817},""VC2_range_contraction"":{""value"":1.1624182662034475,""score"":0},""VC3_range_pct_rank"":{""score"":69.16666666666667},""_score"":41.55},""sr_quality"":{""SR1_touches"":{""value"":4,""score"":75.0},""SR2_tightness"":{""value"":1.7538868840022146,""score"":50.153842891996405},""SR3_recency"":{""value"":226,""score"":0.0},""SR4_price_location"":{""score"":32.44541932554627},""SR5_reaction"":{""value"":1.8049792531120328,""score"":90.24896265560164},""_score"":51.67,""_levels_found"":6,""_target_level"":122.144},""volume"":{""V1_rvol_day"":{""value"":0.517134030673777,""score"":1.1422687115851295},""V2_rvol_sameslot"":{""value"":0.7615043597808521,""score"":17.43362398539014,""status"":""ok""},""V3_breakout_bar"":{""value"":0.8772174381651533,""score"":25.14782921101022},""V4_base_dryup"":{""value"":0.9057450684248547,""score"":59.42549315751453},""V5_bo_expansion"":{""value"":0.5171340306737771,""score"":0},""_score"":21.89},""readiness"":{""_distance_atr"":1.169,""BR1_atr_distance"":{""score"":22.034331836525894},""BR2_compression"":{""score"":85.47933058655659},""BR3_retest"":{""score"":50.0},""BR4_bo_age"":{""score"":50.0},""_score"":47.68},""risk"":{""R1_stop_clarity"":{""score"":51.69953958960949},""R2_stop_distance_pct"":{""value"":4.197355996222851,""score"":100.0},""R3_stop_distance_atr"":{""value"":0.6948075939294035,""score"":59.74037969647017},""R4_rr_potential"":{""value"":4.313917578484509,""score"":100.0},""_score"":77.06},""market"":{""M1_spy_regime"":{""score"":100.0},""M3_earnings_risk"":{""value"":null,""score"":80.0},""M4_vix"":{""value"":null,""score"":60.0},""_score"":84.0},""liquidity"":{""L1_price"":{""value"":116.49,""score"":100.0},""L2_dollar_vol"":{""value"":193208031.83113015,""score"":100.0},""L3_spread_proxy"":{""value"":0.03764271611297112,""score"":62.357283887028885},""L4_volume_zscore"":{""value"":-1.7014478191444027,""score"":100.0},""_score"":96.24},""pattern_structure"":{""pole_low"":111.8569,""pole_low_idx"":12,""peak_price"":124.7199,""peak_idx"":36,""pole_gain"":0.1149951411133332,""flag_bars"":23,""flag_low"":113.3,""flag_high"":124.57,""structural_low"":113.3,""current_price"":116.33,""neckline_distance_pct"":0.07212155076076676,""base_bars"":23},""pattern_geometry_features"":{""pole_gain"":0.1149951411133332,""pullback_pct"":0.09156437745700564,""flag_range_pct"":0.09036248425471795,""flag_drift_per_bar"":7.767105912747577e-05,""atr_pct"":0.060410335651128855,""pole_atr_multiple"":1.9035673262508077},""_schema_version"":""1.0""}",,,,,,,,,,
20260508T195117Z-64671e,2026-05-08T19:51:17.654677+00:00,MMM,double_bottom,absent,44.06,11.7,44.7,62.4,41.6,26.9,44.4,55.3,84.0,98.3,1.75,11.18,4.99,5.83,3.5,3.55,3.32,5.04,4.91,True,risk_unclear,143.285,147.32,140.9535,151.54,"{""trend"":{""T1_ema_stack"":{""value"":[false,false,false],""score"":0.0},""T2_ema50_slope"":{""value"":-0.1467252723168037,""score"":25.54578794719938},""T3_high_proximity"":{""value"":0.8206001947196608,""score"":10.300097359830396},""T4_rs_1m"":{""value"":-0.13180424016448145,""score"":0},""T5_rs_3m"":{""value"":-0.23713967403159308,""score"":0},""T6_adr_healthy"":{""value"":2.5034821587905247,""score"":100.0},""_score"":11.65},""geometry"":{""sub_low_similarity"":93.2,""sub_bounce_quality"":0,""sub_separation_fit"":0.0,""sub_right_bottom_reaction"":71.6,""sub_base_context"":30.0,""_score"":44.7},""compression"":{""VC1_atr_ratio"":{""value"":0.5145034479759125,""score"":100},""VC2_range_contraction"":{""value"":0.8986280777618916,""score"":16.895320373018073},""VC3_range_pct_rank"":{""score"":65.83333333333333},""_score"":62.37},""sr_quality"":{""SR1_touches"":{""value"":3,""score"":50.0},""SR2_tightness"":{""value"":0.8074789298936614,""score"":60.19883491499556},""SR3_recency"":{""value"":249,""score"":0.0},""SR4_price_location"":{""score"":17.87148594377507},""SR5_reaction"":{""value"":1.7526935288998733,""score"":87.63467644499366},""_score"":41.64,""_levels_found"":5,""_target_level"":148.0567},""volume"":{""V1_rvol_day"":{""value"":0.4154446483520923,""score"":0},""V2_rvol_sameslot"":{""value"":0.8644145592309653,""score"":24.29430394873102,""status"":""ok""},""V3_breakout_bar"":{""value"":1.2543680148098724,""score"":50.29120098732483},""V4_base_dryup"":{""value"":1.024392651871703,""score"":47.56073481282969},""V5_bo_expansion"":{""value"":0.4154446483520923,""score"":0},""_score"":26.94},""readiness"":{""_distance_atr"":0.994,""BR1_atr_distance"":{""score"":33.70406947165699},""BR2_compression"":{""score"":53.63969297345067},""BR3_retest"":{""score"":50.0},""BR4_bo_age"":{""score"":50.0},""_score"":44.39},""risk"":{""R1_stop_clarity"":{""score"":0},""R2_stop_distance_pct"":{""value"":1.6271766060648396,""score"":90.67941515162099},""R3_stop_distance_atr"":{""value"":0.5746058067911978,""score"":53.73029033955989},""R4_rr_potential"":{""value"":3.5406390735577853,""score"":100.0},""_score"":55.26},""market"":{""M1_spy_regime"":{""score"":100.0},""M3_earnings_risk"":{""value"":null,""score"":80.0},""M4_vix"":{""value"":null,""score"":60.0},""_score"":84.0},""liquidity"":{""L1_price"":{""value"":143.285,""score"":100.0},""L2_dollar_vol"":{""value"":230473529.81155285,""score"":100.0},""L3_spread_proxy"":{""value"":0.017447744006699933,""score"":82.55225599330007},""L4_volume_zscore"":{""value"":-1.5649187428130444,""score"":100.0},""_score"":98.26},""pattern_structure"":{""left_low"":143.59,""left_idx"":12,""right_low"":143.1,""right_idx"":60,""separation_bars"":48,""structural_low"":143.1,""current_price"":143.2075,""neckline_distance_pct"":0.02871707138243446,""base_bars"":48},""pattern_geometry_features"":{""low_similarity_pct"":0.003418326415291842,""bounce_pct"":0.029489867225716275,""right_bottom_reaction"":0.7155963302752356,""atr_pct"":0.02831813717914843},""_schema_version"":""1.0""}",,,,,,,,,,
20260508T195117Z-64671e,2026-05-08T19:51:17.654677+00:00,MMM,vcp,absent,43.93,11.7,46.7,62.4,41.6,25.5,30.9,51.8,84.0,98.3,1.75,11.68,7.48,5.0,3.31,2.16,2.59,5.04,4.91,True,risk_unclear,143.285,158.1435,141.4361,187.6135,"{""trend"":{""T1_ema_stack"":{""value"":[false,false,false],""score"":0.0},""T2_ema50_slope"":{""value"":-0.1467252723168037,""score"":25.54578794719938},""T3_high_proximity"":{""value"":0.8206001947196608,""score"":10.300097359830396},""T4_rs_1m"":{""value"":-0.13180424016448145,""score"":0},""T5_rs_3m"":{""value"":-0.23713967403159308,""score"":0},""T6_adr_healthy"":{""value"":2.5034821587905247,""score"":100.0},""_score"":11.65},""geometry"":{""sub_contraction_count"":100.0,""sub_reduction_rate"":0,""sub_pivot_tightness"":11.4,""sub_volume_dryup"":0,""sub_base_depth"":100.0,""sub_base_duration"":100.0,""_score"":46.71},""compression"":{""VC1_atr_ratio"":{""value"":0.5145034479759125,""score"":100},""VC2_range_contraction"":{""value"":0.8986280777618916,""score"":16.895320373018073},""VC3_range_pct_rank"":{""score"":65.83333333333333},""_score"":62.37},""sr_quality"":{""SR1_touches"":{""value"":3,""score"":50.0},""SR2_tightness"":{""value"":0.8074789298936614,""score"":60.19883491499556},""SR3_recency"":{""value"":249,""score"":0.0},""SR4_price_location"":{""score"":17.87148594377507},""SR5_reaction"":{""value"":1.7526935288998733,""score"":87.63467644499366},""_score"":41.64,""_levels_found"":5,""_target_level"":148.0567},""volume"":{""V1_rvol_day"":{""value"":0.4154446483520923,""score"":0},""V2_rvol_sameslot"":{""value"":0.8644145592309653,""score"":24.29430394873102,""status"":""ok""},""V3_breakout_bar"":{""value"":1.2543680148098724,""score"":50.29120098732483},""V4_base_dryup"":{""value"":1.0971711302989537,""score"":40.28288697010463},""V5_bo_expansion"":{""value"":0.4154446483520923,""score"":0},""_score"":25.49},""readiness"":{""_distance_atr"":3.662,""BR1_atr_distance"":{""score"":0},""BR2_compression"":{""score"":53.63969297345067},""BR3_retest"":{""score"":50.0},""BR4_bo_age"":{""score"":50.0},""_score"":30.91},""risk"":{""R1_stop_clarity"":{""score"":0},""R2_stop_distance_pct"":{""value"":1.2903304602714862,""score"":82.25826150678715},""R3_stop_distance_atr"":{""value"":0.45565513441385497,""score"":47.782756720692745},""R4_rr_potential"":{""value"":23.976255510182018,""score"":100.0},""_score"":51.84},""market"":{""M1_spy_regime"":{""score"":100.0},""M3_earnings_risk"":{""value"":null,""score"":80.0},""M4_vix"":{""value"":null,""score"":60.0},""_score"":84.0},""liquidity"":{""L1_price"":{""value"":143.285,""score"":100.0},""L2_dollar_vol"":{""value"":230473529.81155285,""score"":100.0},""L3_spread_proxy"":{""value"":0.017447744006699933,""score"":82.55225599330007},""L4_volume_zscore"":{""value"":-1.5649187428130444,""score"":100.0},""_score"":98.26},""pattern_structure"":{""n_contractions"":5,""contractions_pct"":[11.55,8.35,8.4,4.97,9.2],""descending_strict"":false,""final_low"":143.59,""final_pivot"":158.1435,""structural_low"":143.59,""dry_up_ratio"":1.0118541677331467,""current_price"":143.285,""neckline_distance_pct"":0.10369892172942033,""base_bars"":67},""pattern_geometry_features"":{""contraction_count"":5.0,""first_contraction_pct"":0.11550907199815098,""last_contraction_pct"":0.09202717784796711,""dry_up_ratio"":1.0118541677331467,""near_monotone"":0.0,""base_depth_pct"":0.1702877614700104},""_schema_version"":""1.0""}",,,,,,,,,,
20260508T195117Z-64671e,2026-05-08T19:51:17.654677+00:00,CRM,ascending_triangle,absent,43.35,20.9,29.2,65.5,57.7,21.5,42.1,71.5,84.0,97.4,3.14,8.17,5.24,8.07,2.58,3.37,2.86,5.04,4.87,False,,181.215,190.31,174.2268,203.74,"{""trend"":{""T1_ema_stack"":{""value"":[false,false,false],""score"":0.0},""T2_ema50_slope"":{""value"":-0.20101245779969978,""score"":16.49792370005003},""T3_high_proximity"":{""value"":0.8966157043194299,""score"":48.30785215971495},""T4_rs_1m"":{""value"":-0.02319678885351628,""score"":26.80321114648372},""T5_rs_3m"":{""value"":-0.12002145862323232,""score"":0},""T6_adr_healthy"":{""value"":3.4245391327084573,""score"":100.0},""_score"":20.91},""geometry"":{""sub_flat_top_quality"":33.3,""sub_hl_slope"":14.0,""sub_compression"":0,""sub_duration"":100.0,""_score"":29.19},""compression"":{""VC1_atr_ratio"":{""value"":0.4777768918338725,""score"":100},""VC2_range_contraction"":{""value"":0.8442568076831986,""score"":25.957198719466913},""VC3_range_pct_rank"":{""score"":65.83333333333333},""_score"":65.54},""sr_quality"":{""SR1_touches"":{""value"":5,""score"":100},""SR2_tightness"":{""value"":1.5817913895327675,""score"":59.07146535741645},""SR3_recency"":{""value"":227,""score"":0.0},""SR4_price_location"":{""score"":15.228380574110737},""SR5_reaction"":{""value"":2.389052557261854,""score"":100},""_score"":57.67,""_levels_found"":8,""_target_level"":190.606},""volume"":{""V1_rvol_day"":{""value"":0.7443073905177546,""score"":16.28715936785031},""V2_rvol_sameslot"":{""value"":0.802371991140381,""score"":20.158132742692068,""status"":""ok""},""V3_breakout_bar"":{""value"":0.769332963199093,""score"":17.95553087993953},""V4_base_dryup"":{""value"":1.012426084512465,""score"":48.75739154875349},""V5_bo_expansion"":{""value"":0.7443073905177545,""score"":0},""_score"":21.53},""readiness"":{""_distance_atr"":1.177,""BR1_atr_distance"":{""score"":21.556233639580043},""BR2_compression"":{""score"":64.00207477139107},""BR3_retest"":{""score"":50.0},""BR4_bo_age"":{""score"":50.0},""_score"":42.12},""risk"":{""R1_stop_clarity"":{""score"":31.348982658339935},""R2_stop_distance_pct"":{""value"":3.8563032861518116,""score"":100.0},""R3_stop_distance_atr"":{""value"":0.904091360219715,""score"":70.20456801098575},""R4_rr_potential"":{""value"":3.2232906900203178,""score"":100.0},""_score"":71.5},""market"":{""M1_spy_regime"":{""score"":100.0},""M3_earnings_risk"":{""value"":null,""score"":80.0},""M4_vix"":{""value"":null,""score"":60.0},""_score"":84.0},""liquidity"":{""L1_price"":{""value"":181.215,""score"":100.0},""L2_dollar_vol"":{""value"":1689483934.289609,""score"":100.0},""L3_spread_proxy"":{""value"":0.026432690450569722,""score"":73.56730954943028},""L4_volume_zscore"":{""value"":-0.9222381076179166,""score"":100.0},""_score"":97.36},""pattern_structure"":{""top"":190.31,""top_touches"":2,""low_slope_per_bar"":0.0742724222086623,""lowest_low"":176.88,""structural_low"":176.88,""current_price"":181.33,""neckline_distance_pct"":0.04952296917222737,""base_bars"":42},""pattern_geometry_features"":{""top_touches"":2.0,""low_slope"":0.0742724222086623,""compression"":-0.01494062073917557,""atr_pct"":0.04265391149423927},""_schema_version"":""1.0""}",,,,,,,,,,
20260508T195117Z-64671e,2026-05-08T19:51:17.654677+00:00,SMR,bull_flag,absent,43.27,36.5,23.6,56.2,46.2,42.3,36.0,83.4,84.0,93.7,5.11,7.09,5.06,4.62,5.92,3.24,2.5,5.04,4.69,False,,12.175,13.5,11.4457,15.42,"{""trend"":{""T1_ema_stack"":{""value"":[true,false,false],""score"":33.33333333333333},""T2_ema50_slope"":{""value"":-0.14939584872424946,""score"":25.100691879291755},""T3_high_proximity"":{""value"":0.688631221719457,""score"":0},""T4_rs_1m"":{""value"":0.22527574411730322,""score"":100},""T5_rs_3m"":{""value"":-0.3725320153887369,""score"":0},""T6_adr_healthy"":{""value"":9.502746051426248,""score"":62.43134871434379},""_score"":36.48},""geometry"":{""sub_pole_impulse"":15.3,""sub_flag_tightness"":0,""sub_flag_shallowness"":0,""sub_flag_drift"":60.4,""sub_flag_duration"":100.0,""_score"":23.65},""compression"":{""VC1_atr_ratio"":{""value"":0.7032987289723998,""score"":74.17531775690006},""VC2_range_contraction"":{""value"":0.8306579072957292,""score"":28.223682117378466},""VC3_range_pct_rank"":{""score"":66.66666666666667},""_score"":56.22},""sr_quality"":{""SR1_touches"":{""value"":3,""score"":50.0},""SR2_tightness"":{""value"":0.2930986788703686,""score"":53.17004092321467},""SR3_recency"":{""value"":234,""score"":0.0},""SR4_price_location"":{""score"":32.78723313951023},""SR5_reaction"":{""value"":3.4230814588254987,""score"":100},""_score"":46.17,""_levels_found"":7,""_target_level"":14.2865},""volume"":{""V1_rvol_day"":{""value"":0.7730021001629394,""score"":18.200140010862622},""V2_rvol_sameslot"":{""value"":1.5702786146627457,""score"":71.35190764418304,""status"":""ok""},""V3_breakout_bar"":{""value"":1.0997877069755537,""score"":39.985847131703586},""V4_base_dryup"":{""value"":0.7795810761013602,""score"":72.04189238986399},""V5_bo_expansion"":{""value"":0.7730021001629394,""score"":0},""_score"":42.32},""readiness"":{""_distance_atr"":1.059,""BR1_atr_distance"":{""score"":29.43253103256758},""BR2_compression"":{""score"":27.04515899044574},""BR3_retest"":{""score"":50.0},""BR4_bo_age"":{""score"":50.0},""_score"":36.03},""risk"":{""R1_stop_clarity"":{""score"":72.15114752975808},""R2_stop_distance_pct"":{""value"":5.990143737166341,""score"":100.0},""R3_stop_distance_atr"":{""value"":0.5826210013352675,""score"":54.13105006676338},""R4_rr_potential"":{""value"":4.449472096530906,""score"":100.0},""_score"":83.37},""market"":{""M1_spy_regime"":{""score"":100.0},""M3_earnings_risk"":{""value"":null,""score"":80.0},""M4_vix"":{""value"":null,""score"":60.0},""_score"":84.0},""liquidity"":{""L1_price"":{""value"":12.175,""score"":100.0},""L2_dollar_vol"":{""value"":372513755.9257926,""score"":100.0},""L3_spread_proxy"":{""value"":0.06283367556468177,""score"":37.16632443531824},""L4_volume_zscore"":{""value"":-0.5512956167400576,""score"":100.0},""_score"":93.72},""pattern_structure"":{""pole_low"":11.58,""pole_low_idx"":36,""peak_price"":13.5,""peak_idx"":47,""pole_gain"":0.16580310880829016,""flag_bars"":12,""flag_low"":11.62,""flag_high"":13.23,""structural_low"":11.62,""current_price"":12.105,""neckline_distance_pct"":0.1152416356877323,""base_bars"":12},""pattern_geometry_features"":{""pole_gain"":0.16580310880829016,""pullback_pct"":0.1392592592592593,""flag_range_pct"":0.11925925925925934,""flag_drift_per_bar"":-0.007926765510408643,""atr_pct"":0.10281372836608975,""pole_atr_multiple"":1.6126553471333476},""_schema_version"":""1.0""}",,,,,,,,,,
20260508T195117Z-64671e,2026-05-08T19:51:17.654677+00:00,TCEHY,vcp,absent,43.18,7.3,48.3,60.5,53.1,13.7,27.4,54.5,84.0,98.3,1.09,12.08,7.26,6.37,1.78,1.92,2.73,5.04,4.91,True,risk_unclear,59.84,67.87,59.0015,76.98,"{""trend"":{""T1_ema_stack"":{""value"":[false,false,false],""score"":0.0},""T2_ema50_slope"":{""value"":-0.25222759877029793,""score"":7.962066871617004},""T3_high_proximity"":{""value"":0.8090859924283398,""score"":4.54299621416987},""T4_rs_1m"":{""value"":-0.16140373560309695,""score"":0},""T5_rs_3m"":{""value"":-0.23001554361607002,""score"":0},""T6_adr_healthy"":{""value"":1.6385913262367202,""score"":100.0},""_score"":7.27},""geometry"":{""sub_contraction_count"":100.0,""sub_reduction_rate"":0,""sub_pivot_tightness"":0,""sub_volume_dryup"":34.1,""sub_base_depth"":82.0,""sub_base_duration"":100.0,""_score"":48.32},""compression"":{""VC1_atr_ratio"":{""value"":0.26580964815372654,""score"":100},""VC2_range_contraction"":{""value"":0.7624693841877811,""score"":39.58843596870315},""VC3_range_pct_rank"":{""score"":26.66666666666667},""_score"":60.52},""sr_quality"":{""SR1_touches"":{""value"":3,""score"":50.0},""SR2_tightness"":{""value"":0.3039005685344374,""score"":49.01608197145448},""SR3_recency"":{""value"":228,""score"":0.0},""SR4_price_location"":{""score"":62.92390653085691},""SR5_reaction"":{""value"":2.7122029159177177,""score"":100},""_score"":53.08,""_levels_found"":9,""_target_level"":61.3133},""volume"":{""V1_rvol_day"":{""value"":0.7699226994220479,""score"":17.99484662813653},""V2_rvol_sameslot"":{""value"":0.8458490242203354,""score"":23.056601614689022,""status"":""ok""},""V3_breakout_bar"":{""value"":0.7363980217222056,""score"":15.759868114813704},""V4_base_dryup"":{""value"":1.4233366425806604,""score"":7.666335741933963},""V5_bo_expansion"":{""value"":0.7699226994220479,""score"":0},""_score"":13.68},""readiness"":{""_distance_atr"":6.736,""BR1_atr_distance"":{""score"":0},""BR2_compression"":{""score"":39.70042759622292},""BR3_retest"":{""score"":50.0},""BR4_bo_age"":{""score"":50.0},""_score"":27.43},""risk"":{""R1_stop_clarity"":{""score"":0},""R2_stop_distance_pct"":{""value"":1.4012366310160482,""score"":85.03091577540121},""R3_stop_distance_atr"":{""value"":0.7033553025763957,""score"":60.16776512881978},""R4_rr_potential"":{""value"":20.44126416219433,""score"":100.0},""_score"":54.53},""market"":{""M1_spy_regime"":{""score"":100.0},""M3_earnings_risk"":{""value"":null,""score"":80.0},""M4_vix"":{""value"":null,""score"":60.0},""_score"":84.0},""liquidity"":{""L1_price"":{""value"":59.84,""score"":100.0},""L2_dollar_vol"":{""value"":185359845.44,""score"":100.0},""L3_spread_proxy"":{""value"":0.017379679144385013,""score"":82.62032085561499},""L4_volume_zscore"":{""value"":-0.5611424610956718,""score"":100.0},""_score"":98.26},""pattern_structure"":{""n_contractions"":5,""contractions_pct"":[8.29,12.19,4.82,4.57,11.74],""descending_strict"":false,""final_low"":59.9,""final_pivot"":67.87,""structural_low"":59.9,""dry_up_ratio"":0.8293970721287326,""current_price"":59.84,""neckline_distance_pct"":0.13419117647058826,""base_bars"":47},""pattern_geometry_features"":{""contraction_count"":5.0,""first_contraction_pct"":0.08288653818287213,""last_contraction_pct"":0.1174303816119052,""dry_up_ratio"":0.8293970721287326,""near_monotone"":0.0,""base_depth_pct"":0.13200985364439946},""_schema_version"":""1.0""}",,,,,,,,,,
20260508T195117Z-64671e,2026-05-08T19:51:17.654677+00:00,HII,vcp,invalidated,43.06,13.3,45.0,61.0,62.2,11.0,37.6,20.4,84.0,98.0,2.0,11.25,7.32,7.47,1.43,2.63,1.02,5.04,4.9,True,risk_unclear,315.24,403.9499,346.7692,488.0443,"{""trend"":{""T1_ema_stack"":{""value"":[false,false,true],""score"":33.33333333333333},""T2_ema50_slope"":{""value"":-0.37466199468486866,""score"":0},""T3_high_proximity"":{""value"":0.6947744253190223,""score"":0},""T4_rs_1m"":{""value"":-0.3023483108539723,""score"":0},""T5_rs_3m"":{""value"":-0.27453739962720114,""score"":0},""T6_adr_healthy"":{""value"":3.2716732966402526,""score"":100.0},""_score"":13.33},""geometry"":{""sub_contraction_count"":100.0,""sub_reduction_rate"":0,""sub_pivot_tightness"":0,""sub_volume_dryup"":0,""sub_base_depth"":100.0,""sub_base_duration"":100.0,""_score"":45.0},""compression"":{""VC1_atr_ratio"":{""value"":0.4959256547468129,""score"":100},""VC2_range_contraction"":{""value"":1.1719479925646696,""score"":0},""VC3_range_pct_rank"":{""score"":84.16666666666667},""_score"":61.04},""sr_quality"":{""SR1_touches"":{""value"":3,""score"":50.0},""SR2_tightness"":{""value"":0.8716778201963284,""score"":88.40172585932314},""SR3_recency"":{""value"":320,""score"":0.0},""SR4_price_location"":{""score"":82.9889452261724},""SR5_reaction"":{""value"":1.7603404609059041,""score"":88.0170230452952},""_score"":62.21,""_levels_found"":8,""_target_level"":318.7667},""volume"":{""V1_rvol_day"":{""value"":0.6492618224416752,""score"":9.950788162778345},""V2_rvol_sameslot"":{""value"":0.5461001458582627,""score"":3.0733430572175147,""status"":""ok""},""V3_breakout_bar"":{""value"":0.5429875692642882,""score"":2.8658379509525433},""V4_base_dryup"":{""value"":1.1169243613982602,""score"":38.30756386017398},""V5_bo_expansion"":{""value"":0.649261822441675,""score"":0},""_score"":10.98},""readiness"":{""_distance_atr"":5.902,""BR1_atr_distance"":{""score"":0},""BR2_compression"":{""score"":80.31334573062186},""BR3_retest"":{""score"":50.0},""BR4_bo_age"":{""score"":50.0},""_score"":37.58},""risk"":{""R1_stop_clarity"":{""score"":29.73598186244469},""R2_stop_distance_pct"":{""value"":-10.001665397792154,""score"":0.0},""R3_stop_distance_atr"":{""value"":-2.0975920029006394,""score"":0.0},""R4_rr_potential"":{""value"":null,""score"":50.0},""_score"":20.41},""market"":{""M1_spy_regime"":{""score"":100.0},""M3_earnings_risk"":{""value"":null,""score"":80.0},""M4_vix"":{""value"":null,""score"":60.0},""_score"":84.0},""liquidity"":{""L1_price"":{""value"":315.24,""score"":100.0},""L2_dollar_vol"":{""value"":113536048.08039516,""score"":100.0},""L3_spread_proxy"":{""value"":0.020492323309224653,""score"":79.50767669077536},""L4_volume_zscore"":{""value"":-0.6015448242760686,""score"":100.0},""_score"":97.95},""pattern_structure"":{""n_contractions"":5,""contractions_pct"":[19.38,10.64,15.44,6.65,12.85],""descending_strict"":false,""final_low"":352.05,""final_pivot"":403.9499,""structural_low"":352.05,""dry_up_ratio"":1.6981845391593493,""current_price"":315.24,""neckline_distance_pct"":0.28140432686207334,""base_bars"":61},""pattern_geometry_features"":{""contraction_count"":5.0,""first_contraction_pct"":0.19378765381373694,""last_contraction_pct"":0.12848103192994972,""dry_up_ratio"":1.6981845391593493,""near_monotone"":0.0,""base_depth_pct"":0.1928132059015317},""_schema_version"":""1.0""}",,,,,,,,,,
20260508T195117Z-64671e,2026-05-08T19:51:17.654677+00:00,LHX,vcp,invalidated,42.9,14.8,46.0,61.4,55.0,20.7,29.6,10.0,84.0,98.2,2.21,11.5,7.37,6.6,2.7,2.07,0.5,5.04,4.91,True,risk_unclear,300.05,364.27,339.7265,381.605,"{""trend"":{""T1_ema_stack"":{""value"":[false,false,true],""score"":33.33333333333333},""T2_ema50_slope"":{""value"":-0.2572950252588239,""score"":7.11749579019601},""T3_high_proximity"":{""value"":0.7927763686324244,""score"":0},""T4_rs_1m"":{""value"":-0.24566530909163686,""score"":0},""T5_rs_3m"":{""value"":-0.20893637318408076,""score"":0},""T6_adr_healthy"":{""value"":2.490670680962243,""score"":100.0},""_score"":14.76},""geometry"":{""sub_contraction_count"":100.0,""sub_reduction_rate"":3.9,""sub_pivot_tightness"":66.9,""sub_volume_dryup"":0,""sub_base_depth"":0.0,""sub_base_duration"":100.0,""_score"":46.01},""compression"":{""VC1_atr_ratio"":{""value"":0.3518718173194122,""score"":100},""VC2_range_contraction"":{""value"":0.9503891246108189,""score"":8.26847923153018},""VC3_range_pct_rank"":{""score"":74.16666666666667},""_score"":61.44},""sr_quality"":{""SR1_touches"":{""value"":5,""score"":100},""SR2_tightness"":{""value"":3.0025184828739913,""score"":34.58341437111776},""SR3_recency"":{""value"":251,""score"":0.0},""SR4_price_location"":{""score"":19.074269229637142},""SR5_reaction"":{""value"":3.180490150612069,""score"":100},""_score"":54.96,""_levels_found"":8,""_target_level"":334.4141},""volume"":{""V1_rvol_day"":{""value"":0.42287540294121695,""score"":0},""V2_rvol_sameslot"":{""value"":0.7062853512828543,""score"":13.752356752190288,""status"":""ok""},""V3_breakout_bar"":{""value"":1.0173318151706146,""score"":34.48878767804097},""V4_base_dryup"":{""value"":1.0318359593691642,""score"":46.81640406308358},""V5_bo_expansion"":{""value"":0.42287540294121684,""score"":0},""_score"":20.74},""readiness"":{""_distance_atr"":6.996,""BR1_atr_distance"":{""score"":0},""BR2_compression"":{""score"":48.21055029645176},""BR3_retest"":{""score"":50.0},""BR4_bo_age"":{""score"":50.0},""_score"":29.55},""risk"":{""R1_stop_clarity"":{""score"":0},""R2_stop_distance_pct"":{""value"":-13.223296117313774,""score"":0.0},""R3_stop_distance_atr"":{""value"":-4.322206798240836,""score"":0.0},""R4_rr_potential"":{""value"":null,""score"":50.0},""_score"":10.0},""market"":{""M1_spy_regime"":{""score"":100.0},""M3_earnings_risk"":{""value"":null,""score"":80.0},""M4_vix"":{""value"":null,""score"":60.0},""_score"":84.0},""liquidity"":{""L1_price"":{""value"":300.05,""score"":100.0},""L2_dollar_vol"":{""value"":197234392.58224353,""score"":100.0},""L3_spread_proxy"":{""value"":0.017680719880019936,""score"":82.31928011998006},""L4_volume_zscore"":{""value"":-1.5861874408584078,""score"":100.0},""_score"":98.23},""pattern_structure"":{""n_contractions"":5,""contractions_pct"":[9.1,6.32,4.73,8.9,5.32],""descending_strict"":false,""final_low"":344.9,""final_pivot"":364.27,""structural_low"":344.9,""dry_up_ratio"":1.2735367487285938,""current_price"":300.05,""neckline_distance_pct"":0.2140309948341942,""base_bars"":34},""pattern_geometry_features"":{""contraction_count"":5.0,""first_contraction_pct"":0.09097547172415696,""last_contraction_pct"":0.053174842836357664,""dry_up_ratio"":1.2735367487285938,""near_monotone"":0.0,""base_depth_pct"":0.047855673802918094},""_schema_version"":""1.0""}",,,,,,,,,,
20260508T195117Z-64671e,2026-05-08T19:51:17.654677+00:00,LEU,bull_flag,absent,42.59,34.2,31.7,42.3,68.0,18.8,31.5,80.4,84.0,95.0,4.79,9.52,3.81,6.8,2.63,2.84,2.41,5.04,4.75,False,,204.96,235.0,197.2463,271.7,"{""trend"":{""T1_ema_stack"":{""value"":[false,false,false],""score"":0.0},""T2_ema50_slope"":{""value"":-0.024338830791054564,""score"":45.943528201490906},""T3_high_proximity"":{""value"":0.7419635099913119,""score"":0},""T4_rs_1m"":{""value"":0.053728233134545667,""score"":100},""T5_rs_3m"":{""value"":-0.2891303085922332,""score"":0},""T6_adr_healthy"":{""value"":7.439368828842789,""score"":100.0},""_score"":34.19},""geometry"":{""sub_pole_impulse"":26.8,""sub_flag_tightness"":5.2,""sub_flag_shallowness"":0,""sub_flag_drift"":82.6,""sub_flag_duration"":100.0,""_score"":31.73},""compression"":{""VC1_atr_ratio"":{""value"":0.7831137123771988,""score"":54.22157190570028},""VC2_range_contraction"":{""value"":1.1292281228597931,""score"":0},""VC3_range_pct_rank"":{""score"":82.5},""_score"":42.31},""sr_quality"":{""SR1_touches"":{""value"":5,""score"":100},""SR2_tightness"":{""value"":4.098243953695287,""score"":55.208315656144414},""SR3_recency"":{""value"":239,""score"":0.0},""SR4_price_location"":{""score"":59.995662964123106},""SR5_reaction"":{""value"":1.9693757470105915,""score"":98.46878735052957},""_score"":68.05,""_levels_found"":7,""_target_level"":216.5821},""volume"":{""V1_rvol_day"":{""value"":0.6353457164431705,""score"":9.023047762878033},""V2_rvol_sameslot"":{""value"":0.8887307801789522,""score"":25.91538534526348,""status"":""ok""},""V3_breakout_bar"":{""value"":0.600692373712738,""score"":6.712824914182532},""V4_base_dryup"":{""value"":0.9936635119835155,""score"":50.63364880164845},""V5_bo_expansion"":{""value"":0.6353457164431706,""score"":0},""_score"":18.79},""readiness"":{""_distance_atr"":1.642,""BR1_atr_distance"":{""score"":0},""BR2_compression"":{""score"":56.116999447053416},""BR3_retest"":{""score"":50.0},""BR4_bo_age"":{""score"":50.0},""_score"":31.53},""risk"":{""R1_stop_clarity"":{""score"":67.1705514470245},""R2_stop_distance_pct"":{""value"":3.7634911690085855,""score"":100.0},""R3_stop_distance_atr"":{""value"":0.42153108383771576,""score"":46.07655419188579},""R4_rr_potential"":{""value"":8.652192803888017,""score"":100.0},""_score"":80.42},""market"":{""M1_spy_regime"":{""score"":100.0},""M3_earnings_risk"":{""value"":null,""score"":80.0},""M4_vix"":{""value"":null,""score"":60.0},""_score"":84.0},""liquidity"":{""L1_price"":{""value"":204.96,""score"":100.0},""L2_dollar_vol"":{""value"":121356901.7917469,""score"":100.0},""L3_spread_proxy"":{""value"":0.0500092701014832,""score"":49.990729898516804},""L4_volume_zscore"":{""value"":-1.03308177845276,""score"":100.0},""_score"":95.0},""pattern_structure"":{""pole_low"":198.3,""pole_low_idx"":42,""peak_price"":235.0,""peak_idx"":48,""pole_gain"":0.18507312153303068,""flag_bars"":11,""flag_low"":200.2501,""flag_high"":224.9799,""structural_low"":200.2501,""current_price"":204.495,""neckline_distance_pct"":0.14917235140223475,""base_bars"":11},""pattern_geometry_features"":{""pole_gain"":0.18507312153303068,""pullback_pct"":0.147871914893617,""flag_range_pct"":0.10523319148936162,""flag_drift_per_bar"":-0.0034876691806200524,""atr_pct"":0.08928146258503401,""pole_atr_multiple"":2.072917671535255},""_schema_version"":""1.0""}",,,,,,,,,,
20260508T195117Z-64671e,2026-05-08T19:51:17.654677+00:00,HON,double_bottom,absent,42.25,22.1,28.8,57.6,54.0,25.8,38.2,53.9,84.0,98.2,3.31,7.19,4.61,7.56,3.35,3.06,3.23,5.04,4.91,True,risk_unclear,213.13,218.26,207.3622,226.0,"{""trend"":{""T1_ema_stack"":{""value"":[false,false,true],""score"":33.33333333333333},""T2_ema50_slope"":{""value"":-0.1714985209758482,""score"":21.416913170691963},""T3_high_proximity"":{""value"":0.8592565715207224,""score"":29.628285760361194},""T4_rs_1m"":{""value"":-0.1810003621031856,""score"":0},""T5_rs_3m"":{""value"":-0.17297900480536732,""score"":0},""T6_adr_healthy"":{""value"":2.2090352127128754,""score"":100.0},""_score"":22.06},""geometry"":{""sub_low_similarity"":67.1,""sub_bounce_quality"":9.7,""sub_separation_fit"":0.0,""sub_right_bottom_reaction"":4.7,""sub_base_context"":30.0,""_score"":28.77},""compression"":{""VC1_atr_ratio"":{""value"":0.49712462219856335,""score"":100},""VC2_range_contraction"":{""value"":0.8986215417976555,""score"":16.89640970039075},""VC3_range_pct_rank"":{""score"":46.666666666666664},""_score"":57.58},""sr_quality"":{""SR1_touches"":{""value"":4,""score"":75.0},""SR2_tightness"":{""value"":1.3000630398176845,""score"":53.13568220980917},""SR3_recency"":{""value"":246,""score"":0.0},""SR4_price_location"":{""score"":36.39770268082362},""SR5_reaction"":{""value"":1.9232724126743808,""score"":96.16362063371903},""_score"":53.99,""_levels_found"":7,""_target_level"":221.707},""volume"":{""V1_rvol_day"":{""value"":0.4225678432349301,""score"":0},""V2_rvol_sameslot"":{""value"":0.8710045003171868,""score"":24.73363335447912,""status"":""ok""},""V3_breakout_bar"":{""value"":0.9946631708534388,""score"":32.97754472356259},""V4_base_dryup"":{""value"":0.8719923890677592,""score"":62.800761093224075},""V5_bo_expansion"":{""value"":0.4225678432349301,""score"":0},""_score"":25.75},""readiness"":{""_distance_atr"":0.925,""BR1_atr_distance"":{""score"":38.35838650373101},""BR2_compression"":{""score"":21.406480149294303},""BR3_retest"":{""score"":50.0},""BR4_bo_age"":{""score"":50.0},""_score"":38.19},""risk"":{""R1_stop_clarity"":{""score"":0},""R2_stop_distance_pct"":{""value"":2.7062356308356375,""score"":100.0},""R3_stop_distance_atr"":{""value"":1.0395804044554975,""score"":76.97902022277488},""R4_rr_potential"":{""value"":2.231353375637156,""score"":61.5676687818578},""_score"":53.86},""market"":{""M1_spy_regime"":{""score"":100.0},""M3_earnings_risk"":{""value"":null,""score"":80.0},""M4_vix"":{""value"":null,""score"":60.0},""_score"":84.0},""liquidity"":{""L1_price"":{""value"":213.13,""score"":100.0},""L2_dollar_vol"":{""value"":340014313.48218197,""score"":100.0},""L3_spread_proxy"":{""value"":0.018322150799981236,""score"":81.67784920001876},""L4_volume_zscore"":{""value"":-1.6854009805574561,""score"":100.0},""_score"":98.17},""pattern_structure"":{""left_low"":210.52,""left_idx"":22,""right_low"":214.01,""right_idx"":68,""separation_bars"":46,""structural_low"":210.52,""current_price"":213.105,""neckline_distance_pct"":0.024189953309401477,""base_bars"":46},""pattern_geometry_features"":{""low_similarity_pct"":0.016441712010929643,""bounce_pct"":0.036766102983089397,""right_bottom_reaction"":0.047058823529415775,""atr_pct"":0.026031999249284486},""_schema_version"":""1.0""}",,,,,,,,,,
20260508T195117Z-64671e,2026-05-08T19:51:17.654677+00:00,LMT,vcp,invalidated,41.79,13.3,46.9,68.5,36.4,20.8,33.8,10.0,84.0,97.5,2.0,11.72,8.22,4.37,2.7,2.36,0.5,5.04,4.87,True,risk_unclear,508.25,637.92,596.4175,679.01,"{""trend"":{""T1_ema_stack"":{""value"":[false,false,true],""score"":33.33333333333333},""T2_ema50_slope"":{""value"":-0.48746757631958565,""score"":0},""T3_high_proximity"":{""value"":0.7510713757942958,""score"":0},""T4_rs_1m"":{""value"":-0.269191112173925,""score"":0},""T5_rs_3m"":{""value"":-0.25200389140662294,""score"":0},""T6_adr_healthy"":{""value"":2.505533355882026,""score"":100.0},""_score"":13.33},""geometry"":{""sub_contraction_count"":100.0,""sub_reduction_rate"":0,""sub_pivot_tightness"":70.3,""sub_volume_dryup"":0,""sub_base_depth"":13.5,""sub_base_duration"":100.0,""_score"":46.9},""compression"":{""VC1_atr_ratio"":{""value"":0.2923497475842455,""score"":100},""VC2_range_contraction"":{""value"":0.8585715104270926,""score"":23.57141492881791},""VC3_range_pct_rank"":{""score"":80.83333333333333},""_score"":68.46},""sr_quality"":{""SR1_touches"":{""value"":2,""score"":25.0},""SR2_tightness"":{""value"":0.5600000000000023,""score"":92.73894564674782},""SR3_recency"":{""value"":251,""score"":0.0},""SR4_price_location"":{""score"":0},""SR5_reaction"":{""value"":3.0240346456022014,""score"":100},""_score"":36.41,""_levels_found"":4,""_target_level"":594.44},""volume"":{""V1_rvol_day"":{""value"":0.4677762309282447,""score"":0},""V2_rvol_sameslot"":{""value"":0.713766526248394,""score"":14.251101749892934,""status"":""ok""},""V3_breakout_bar"":{""value"":0.7255339695158135,""score"":15.035597967720902},""V4_base_dryup"":{""value"":0.7916331946761394,""score"":70.83668053238607},""V5_bo_expansion"":{""value"":0.4677762309282447,""score"":0},""_score"":20.78},""readiness"":{""_distance_atr"":8.407,""BR1_atr_distance"":{""score"":0},""BR2_compression"":{""score"":65.10854325794568},""BR3_retest"":{""score"":50.0},""BR4_bo_age"":{""score"":50.0},""_score"":33.78},""risk"":{""R1_stop_clarity"":{""score"":0},""R2_stop_distance_pct"":{""value"":-17.347270044269557,""score"":0.0},""R3_stop_distance_atr"":{""value"":-5.7159733008067795,""score"":0.0},""R4_rr_potential"":{""value"":null,""score"":50.0},""_score"":10.0},""market"":{""M1_spy_regime"":{""score"":100.0},""M3_earnings_risk"":{""value"":null,""score"":80.0},""M4_vix"":{""value"":null,""score"":60.0},""_score"":84.0},""liquidity"":{""L1_price"":{""value"":508.25,""score"":95.875},""L2_dollar_vol"":{""value"":383384658.8019502,""score"":100.0},""L3_spread_proxy"":{""value"":0.014756320708312887,""score"":85.24367929168712},""L4_volume_zscore"":{""value"":-1.241917246507256,""score"":100.0},""_score"":97.49},""pattern_structure"":{""n_contractions"":5,""contractions_pct"":[7.98,5.33,10.51,6.17,5.08],""descending_strict"":false,""final_low"":605.5,""final_pivot"":637.92,""structural_low"":605.5,""dry_up_ratio"":1.0808572003813943,""current_price"":508.25,""neckline_distance_pct"":0.2551303492375798,""base_bars"":44},""pattern_geometry_features"":{""contraction_count"":5.0,""first_contraction_pct"":0.0797878098949876,""last_contraction_pct"":0.05082141961374461,""dry_up_ratio"":1.0808572003813943,""near_monotone"":0.0,""base_depth_pct"":0.06354877124607561},""_schema_version"":""1.0""}",,,,,,,,,,
20260508T195117Z-64671e,2026-05-08T19:51:17.654677+00:00,CRM,bull_flag,absent,41.0,20.9,24.3,65.5,57.7,23.3,42.1,71.5,84.0,97.4,2.93,7.3,5.9,5.77,3.26,3.79,2.15,5.04,4.87,False,,181.215,190.31,174.2268,207.62,"{""trend"":{""T1_ema_stack"":{""value"":[false,false,false],""score"":0.0},""T2_ema50_slope"":{""value"":-0.20101245779969978,""score"":16.49792370005003},""T3_high_proximity"":{""value"":0.8966157043194299,""score"":48.30785215971495},""T4_rs_1m"":{""value"":-0.02319678885351628,""score"":26.80321114648372},""T5_rs_3m"":{""value"":-0.12002145862323232,""score"":0},""T6_adr_healthy"":{""value"":3.4245391327084573,""score"":100.0},""_score"":20.91},""geometry"":{""sub_pole_impulse"":33.6,""sub_flag_tightness"":0,""sub_flag_shallowness"":0,""sub_flag_drift"":95.1,""sub_flag_duration"":0.0,""_score"":24.34},""compression"":{""VC1_atr_ratio"":{""value"":0.4777768918338725,""score"":100},""VC2_range_contraction"":{""value"":0.8442568076831986,""score"":25.957198719466913},""VC3_range_pct_rank"":{""score"":65.83333333333333},""_score"":65.54},""sr_quality"":{""SR1_touches"":{""value"":5,""score"":100},""SR2_tightness"":{""value"":1.5817913895327675,""score"":59.07146535741645},""SR3_recency"":{""value"":227,""score"":0.0},""SR4_price_location"":{""score"":15.228380574110737},""SR5_reaction"":{""value"":2.389052557261854,""score"":100},""_score"":57.67,""_levels_found"":8,""_target_level"":190.606},""volume"":{""V1_rvol_day"":{""value"":0.7443073905177546,""score"":16.28715936785031},""V2_rvol_sameslot"":{""value"":0.802371991140381,""score"":20.158132742692068,""status"":""ok""},""V3_breakout_bar"":{""value"":0.769332963199093,""score"":17.95553087993953},""V4_base_dryup"":{""value"":0.9228334824449942,""score"":57.71665175550058},""V5_bo_expansion"":{""value"":0.7443073905177545,""score"":0},""_score"":23.32},""readiness"":{""_distance_atr"":1.177,""BR1_atr_distance"":{""score"":21.556233639580043},""BR2_compression"":{""score"":64.00207477139107},""BR3_retest"":{""score"":50.0},""BR4_bo_age"":{""score"":50.0},""_score"":42.12},""risk"":{""R1_stop_clarity"":{""score"":31.348982658339935},""R2_stop_distance_pct"":{""value"":3.8563032861518116,""score"":100.0},""R3_stop_distance_atr"":{""value"":0.904091360219715,""score"":70.20456801098575},""R4_rr_potential"":{""value"":3.7785123493889667,""score"":100.0},""_score"":71.5},""market"":{""M1_spy_regime"":{""score"":100.0},""M3_earnings_risk"":{""value"":null,""score"":80.0},""M4_vix"":{""value"":null,""score"":60.0},""_score"":84.0},""liquidity"":{""L1_price"":{""value"":181.215,""score"":100.0},""L2_dollar_vol"":{""value"":1689483934.289609,""score"":100.0},""L3_spread_proxy"":{""value"":0.026432690450569722,""score"":73.56730954943028},""L4_volume_zscore"":{""value"":-0.9222381076179166,""score"":100.0},""_score"":97.36},""pattern_structure"":{""pole_low"":173.0,""pole_low_idx"":18,""peak_price"":190.31,""peak_idx"":31,""pole_gain"":0.10005780346820811,""flag_bars"":28,""flag_low"":176.88,""flag_high"":188.58,""structural_low"":176.88,""current_price"":181.33,""neckline_distance_pct"":0.04952296917222737,""base_bars"":28},""pattern_geometry_features"":{""pole_gain"":0.10005780346820811,""pullback_pct"":0.07056907151489679,""flag_range_pct"":0.061478640113499114,""flag_drift_per_bar"":-0.0009872916141635594,""atr_pct"":0.04265391149423927,""pole_atr_multiple"":2.3458060459876386},""_schema_version"":""1.0""}",,,,,,,,,,
20260508T195117Z-64671e,2026-05-08T19:51:17.654677+00:00,IR,vcp,invalidated,40.58,9.9,49.2,39.1,50.2,28.1,26.1,14.2,84.0,97.0,1.49,12.29,4.69,6.02,3.65,1.83,0.71,5.04,4.85,True,risk_unclear,76.02,87.52,81.8732,95.25,"{""trend"":{""T1_ema_stack"":{""value"":[false,false,false],""score"":0.0},""T2_ema50_slope"":{""value"":-0.15158858243815837,""score"":24.735236260306937},""T3_high_proximity"":{""value"":0.7697448359659781,""score"":0},""T4_rs_1m"":{""value"":-0.21037214148387995,""score"":0},""T5_rs_3m"":{""value"":-0.29527903934476885,""score"":0},""T6_adr_healthy"":{""value"":3.2693320659760583,""score"":100.0},""_score"":9.95},""geometry"":{""sub_contraction_count"":100.0,""sub_reduction_rate"":0,""sub_pivot_tightness"":71.0,""sub_volume_dryup"":0,""sub_base_depth"":35.1,""sub_base_duration"":100.0,""_score"":49.16},""compression"":{""VC1_atr_ratio"":{""value"":0.7213486184709977,""score"":69.66284538225057},""VC2_range_contraction"":{""value"":1.053320325607219,""score"":0},""VC3_range_pct_rank"":{""score"":44.99999999999999},""_score"":39.12},""sr_quality"":{""SR1_touches"":{""value"":4,""score"":75.0},""SR2_tightness"":{""value"":0.34932076949417,""score"":75.3813703855103},""SR3_recency"":{""value"":310,""score"":0.0},""SR4_price_location"":{""score"":14.145383104125624},""SR5_reaction"":{""value"":1.7147621444752064,""score"":85.73810722376032},""_score"":50.2,""_levels_found"":5,""_target_level"":78.205},""volume"":{""V1_rvol_day"":{""value"":0.3660511513716978,""score"":0},""V2_rvol_sameslot"":{""value"":0.9228298935134479,""score"":28.188659567563196,""status"":""ok""},""V3_breakout_bar"":{""value"":1.5143280817852844,""score"":67.62187211901896},""V4_base_dryup"":{""value"":1.2235248415628681,""score"":27.647515843713194},""V5_bo_expansion"":{""value"":0.3660511513716978,""score"":0},""_score"":28.07},""readiness"":{""_distance_atr"":4.052,""BR1_atr_distance"":{""score"":0},""BR2_compression"":{""score"":34.57532253380524},""BR3_retest"":{""score"":50.0},""BR4_bo_age"":{""score"":50.0},""_score"":26.14},""risk"":{""R1_stop_clarity"":{""score"":12.130883463377288},""R2_stop_distance_pct"":{""value"":-7.699552749276509,""score"":0.0},""R3_stop_distance_atr"":{""value"":-2.062542159577146,""score"":0.0},""R4_rr_potential"":{""value"":null,""score"":50.0},""_score"":14.25},""market"":{""M1_spy_regime"":{""score"":100.0},""M3_earnings_risk"":{""value"":null,""score"":80.0},""M4_vix"":{""value"":null,""score"":60.0},""_score"":84.0},""liquidity"":{""L1_price"":{""value"":76.02,""score"":100.0},""L2_dollar_vol"":{""value"":109802782.0276044,""score"":100.0},""L3_spread_proxy"":{""value"":0.029597474348855565,""score"":70.40252565114443},""L4_volume_zscore"":{""value"":-1.782117666160527,""score"":100.0},""_score"":97.04},""pattern_structure"":{""n_contractions"":5,""contractions_pct"":[6.52,21.0,6.98,7.4,5.03],""descending_strict"":false,""final_low"":83.12,""final_pivot"":87.52,""structural_low"":83.12,""dry_up_ratio"":1.200990972522969,""current_price"":76.02,""neckline_distance_pct"":0.15127598000526177,""base_bars"":63},""pattern_geometry_features"":{""contraction_count"":5.0,""first_contraction_pct"":0.06516235553109508,""last_contraction_pct"":0.050274223034734826,""dry_up_ratio"":1.200990972522969,""near_monotone"":0.0,""base_depth_pct"":0.08508530544854144},""_schema_version"":""1.0""}",,,,,,,,,,
20260508T195117Z-64671e,2026-05-08T19:51:17.654677+00:00,NOC,vcp,invalidated,40.51,13.3,47.0,61.7,39.3,17.2,32.4,10.0,84.0,91.9,2.0,11.74,7.41,4.71,2.24,2.27,0.5,5.04,4.59,True,risk_unclear,549.27,708.55,655.025,630.8411,"{""trend"":{""T1_ema_stack"":{""value"":[false,false,true],""score"":33.33333333333333},""T2_ema50_slope"":{""value"":-0.5431327924418903,""score"":0},""T3_high_proximity"":{""value"":0.7151766881070806,""score"":0},""T4_rs_1m"":{""value"":-0.2884776209149492,""score"":0},""T5_rs_3m"":{""value"":-0.2924650049939951,""score"":0},""T6_adr_healthy"":{""value"":2.479671755539023,""score"":100.0},""_score"":13.33},""geometry"":{""sub_contraction_count"":100.0,""sub_reduction_rate"":0,""sub_pivot_tightness"":55.0,""sub_volume_dryup"":24.9,""sub_base_depth"":0.0,""sub_base_duration"":100.0,""_score"":46.98},""compression"":{""VC1_atr_ratio"":{""value"":0.3034233464420202,""score"":100},""VC2_range_contraction"":{""value"":0.8814171095433208,""score"":19.763815076113207},""VC3_range_pct_rank"":{""score"":59.166666666666664},""_score"":61.71},""sr_quality"":{""SR1_touches"":{""value"":2,""score"":25.0},""SR2_tightness"":{""value"":3.454999999999984,""score"":59.61257462530811},""SR3_recency"":{""value"":310,""score"":0.0},""SR4_price_location"":{""score"":31.281003793405198},""SR5_reaction"":{""value"":3.040486369139563,""score"":100},""_score"":39.26,""_levels_found"":7,""_target_level"":561.045},""volume"":{""V1_rvol_day"":{""value"":0.5187117691206359,""score"":1.2474512747090585},""V2_rvol_sameslot"":{""value"":0.6963006573838102,""score"":13.086710492254014,""status"":""ok""},""V3_breakout_bar"":{""value"":0.8480797496524671,""score"":23.20531664349781},""V4_base_dryup"":{""value"":1.0712845400827524,""score"":42.87154599172476},""V5_bo_expansion"":{""value"":0.5187117691206359,""score"":0},""_score"":17.24},""readiness"":{""_distance_atr"":9.31,""BR1_atr_distance"":{""score"":0},""BR2_compression"":{""score"":59.66457849009379},""BR3_retest"":{""score"":50.0},""BR4_bo_age"":{""score"":50.0},""_score"":32.42},""risk"":{""R1_stop_clarity"":{""score"":0},""R2_stop_distance_pct"":{""value"":-19.25373677790522,""score"":0.0},""R3_stop_distance_atr"":{""value"":-6.181146411722952,""score"":0.0},""R4_rr_potential"":{""value"":null,""score"":50.0},""_score"":10.0},""market"":{""M1_spy_regime"":{""score"":100.0},""M3_earnings_risk"":{""value"":null,""score"":80.0},""M4_vix"":{""value"":null,""score"":60.0},""_score"":84.0},""liquidity"":{""L1_price"":{""value"":549.27,""score"":75.36500000000001},""L2_dollar_vol"":{""value"":232725558.59230697,""score"":100.0},""L3_spread_proxy"":{""value"":0.019644073042401712,""score"":80.35592695759829},""L4_volume_zscore"":{""value"":-1.2533681538362214,""score"":100.0},""_score"":91.88},""pattern_structure"":{""n_contractions"":5,""contractions_pct"":[3.88,5.71,7.31,10.54,6.15],""descending_strict"":false,""final_low"":665.0,""final_pivot"":708.55,""structural_low"":665.0,""dry_up_ratio"":0.8757187789124178,""current_price"":549.27,""neckline_distance_pct"":0.28998488903453673,""base_bars"":72},""pattern_geometry_features"":{""contraction_count"":5.0,""first_contraction_pct"":0.038807160537593755,""last_contraction_pct"":0.06146355232517106,""dry_up_ratio"":0.8757187789124178,""near_monotone"":0.0,""base_depth_pct"":-0.13231751681576642},""_schema_version"":""1.0""}",,,,,,,,,,
20260508T195117Z-64671e,2026-05-08T19:51:17.654677+00:00,ANET,bull_flag,absent,40.08,46.9,11.4,37.8,39.1,56.0,31.1,77.2,84.0,96.2,6.56,3.41,3.4,3.91,7.84,2.8,2.32,5.04,4.81,False,,142.36,179.1,136.521,195.95,"{""trend"":{""T1_ema_stack"":{""value"":[false,true,true],""score"":66.66666666666666},""T2_ema50_slope"":{""value"":0.6778645021694042,""score"":100},""T3_high_proximity"":{""value"":0.8009902661340237,""score"":0.49513306701182147},""T4_rs_1m"":{""value"":-0.10912936092479086,""score"":0},""T5_rs_3m"":{""value"":-0.03163493121766181,""score"":34.1825343911691},""T6_adr_healthy"":{""value"":4.156062551596915,""score"":100.0},""_score"":46.87},""geometry"":{""sub_pole_impulse"":16.8,""sub_flag_tightness"":0,""sub_flag_shallowness"":0,""sub_flag_drift"":42.2,""sub_flag_duration"":0.0,""_score"":11.37},""compression"":{""VC1_atr_ratio"":{""value"":0.7452671179721536,""score"":63.68322050696159},""VC2_range_contraction"":{""value"":1.2196671015651717,""score"":0},""VC3_range_pct_rank"":{""score"":49.16666666666667},""_score"":37.76},""sr_quality"":{""SR1_touches"":{""value"":2,""score"":25.0},""SR2_tightness"":{""value"":1.5150000000000006,""score"":65.7419745608722},""SR3_recency"":{""value"":281,""score"":0.0},""SR4_price_location"":{""score"":26.874279123414198},""SR5_reaction"":{""value"":2.547869977791237,""score"":100},""_score"":39.08,""_levels_found"":6,""_target_level"":150.285},""volume"":{""V1_rvol_day"":{""value"":1.565650120734256,""score"":71.04334138228373},""V2_rvol_sameslot"":{""value"":3.0552388331316007,""score"":100,""status"":""ok""},""V3_breakout_bar"":{""value"":1.2164277026911694,""score"":47.76184684607796},""V4_base_dryup"":{""value"":1.291857625385533,""score"":20.81423746144671},""V5_bo_expansion"":{""value"":1.565650120734256,""score"":37.71000804895039},""_score"":55.97},""readiness"":{""_distance_atr"":4.154,""BR1_atr_distance"":{""score"":0},""BR2_compression"":{""score"":54.35106798791389},""BR3_retest"":{""score"":50.0},""BR4_bo_age"":{""score"":50.0},""_score"":31.09},""risk"":{""R1_stop_clarity"":{""score"":52.98849182313734},""R2_stop_distance_pct"":{""value"":4.101573475695439,""score"":100.0},""R3_stop_distance_atr"":{""value"":0.6601736321421389,""score"":58.00868160710695},""R4_rr_potential"":{""value"":9.177941428326722,""score"":100.0},""_score"":77.25},""market"":{""M1_spy_regime"":{""score"":100.0},""M3_earnings_risk"":{""value"":null,""score"":80.0},""M4_vix"":{""value"":null,""score"":60.0},""_score"":84.0},""liquidity"":{""L1_price"":{""value"":142.36,""score"":100.0},""L2_dollar_vol"":{""value"":2242606378.6076994,""score"":100.0},""L3_spread_proxy"":{""value"":0.03786175892104534,""score"":62.138241078954664},""L4_volume_zscore"":{""value"":0.816241531047201,""score"":100.0},""_score"":96.21},""pattern_structure"":{""pole_low"":162.25,""pole_low_idx"":7,""peak_price"":179.1,""peak_idx"":30,""pole_gain"":0.10385208012326654,""flag_bars"":29,""flag_low"":138.6,""flag_high"":177.22,""structural_low"":138.6,""current_price"":142.15,""neckline_distance_pct"":0.2599366865986633,""base_bars"":29},""pattern_geometry_features"":{""pole_gain"":0.10385208012326654,""pullback_pct"":0.22613065326633167,""flag_range_pct"":0.21563372417643778,""flag_drift_per_bar"":-0.01156023384719881,""atr_pct"":0.06212870790350421,""pole_atr_multiple"":1.6715634950040388},""_schema_version"":""1.0""}",,,,,,,,,,
20260508T195117Z-64671e,2026-05-08T19:51:17.654677+00:00,TCEHY,double_bottom,absent,39.49,7.3,33.0,60.5,53.1,13.0,33.4,59.1,84.0,98.3,1.09,8.26,4.84,7.43,1.69,2.67,3.55,5.04,4.91,True,risk_unclear,59.84,61.36,58.6666,63.16,"{""trend"":{""T1_ema_stack"":{""value"":[false,false,false],""score"":0.0},""T2_ema50_slope"":{""value"":-0.25222759877029793,""score"":7.962066871617004},""T3_high_proximity"":{""value"":0.8090859924283398,""score"":4.54299621416987},""T4_rs_1m"":{""value"":-0.16140373560309695,""score"":0},""T5_rs_3m"":{""value"":-0.23001554361607002,""score"":0},""T6_adr_healthy"":{""value"":1.6385913262367202,""score"":100.0},""_score"":7.27},""geometry"":{""sub_low_similarity"":75.3,""sub_bounce_quality"":0.3,""sub_separation_fit"":0.0,""sub_right_bottom_reaction"":29.2,""sub_base_context"":30.0,""_score"":33.03},""compression"":{""VC1_atr_ratio"":{""value"":0.26580964815372654,""score"":100},""VC2_range_contraction"":{""value"":0.7624693841877811,""score"":39.58843596870315},""VC3_range_pct_rank"":{""score"":26.66666666666667},""_score"":60.52},""sr_quality"":{""SR1_touches"":{""value"":3,""score"":50.0},""SR2_tightness"":{""value"":0.3039005685344374,""score"":49.01608197145448},""SR3_recency"":{""value"":228,""score"":0.0},""SR4_price_location"":{""score"":62.92390653085691},""SR5_reaction"":{""value"":2.7122029159177177,""score"":100},""_score"":53.08,""_levels_found"":9,""_target_level"":61.3133},""volume"":{""V1_rvol_day"":{""value"":0.7699226994220479,""score"":17.99484662813653},""V2_rvol_sameslot"":{""value"":0.8458490242203354,""score"":23.056601614689022,""status"":""ok""},""V3_breakout_bar"":{""value"":0.7363980217222056,""score"":15.759868114813704},""V4_base_dryup"":{""value"":1.45642696798667,""score"":4.357303201333011},""V5_bo_expansion"":{""value"":0.7699226994220479,""score"":0},""_score"":13.02},""readiness"":{""_distance_atr"":1.275,""BR1_atr_distance"":{""score"":14.999001398042992},""BR2_compression"":{""score"":39.70042759622292},""BR3_retest"":{""score"":50.0},""BR4_bo_age"":{""score"":50.0},""_score"":33.42},""risk"":{""R1_stop_clarity"":{""score"":0},""R2_stop_distance_pct"":{""value"":1.960895721925135,""score"":99.02239304812838},""R3_stop_distance_atr"":{""value"":0.9842780107849016,""score"":74.21390053924509},""R4_rr_potential"":{""value"":2.829384694051466,""score"":91.46923470257332},""_score"":59.13},""market"":{""M1_spy_regime"":{""score"":100.0},""M3_earnings_risk"":{""value"":null,""score"":80.0},""M4_vix"":{""value"":null,""score"":60.0},""_score"":84.0},""liquidity"":{""L1_price"":{""value"":59.84,""score"":100.0},""L2_dollar_vol"":{""value"":185359845.44,""score"":100.0},""L3_spread_proxy"":{""value"":0.017379679144385013,""score"":82.62032085561499},""L4_volume_zscore"":{""value"":-0.5611424610956718,""score"":100.0},""_score"":98.26},""pattern_structure"":{""left_low"":60.3,""left_idx"":26,""right_low"":59.56,""right_idx"":76,""separation_bars"":50,""structural_low"":59.56,""current_price"":59.9,""neckline_distance_pct"":0.024373956594323887,""base_bars"":50},""pattern_geometry_features"":{""low_similarity_pct"":0.012347739028866926,""bounce_pct"":0.030221625251846827,""right_bottom_reaction"":0.29166666666667407,""atr_pct"":0.019922173414820478},""_schema_version"":""1.0""}",,,,,,,,,,
20260508T195117Z-64671e,2026-05-08T19:51:17.654677+00:00,NOC,double_bottom,absent,37.24,13.3,24.6,61.7,39.3,21.2,32.4,61.1,84.0,91.9,2.0,6.15,4.94,5.5,2.75,2.59,3.67,5.04,4.59,True,risk_unclear,549.27,582.99,536.0765,621.7399,"{""trend"":{""T1_ema_stack"":{""value"":[false,false,true],""score"":33.33333333333333},""T2_ema50_slope"":{""value"":-0.5431327924418903,""score"":0},""T3_high_proximity"":{""value"":0.7151766881070806,""score"":0},""T4_rs_1m"":{""value"":-0.2884776209149492,""score"":0},""T5_rs_3m"":{""value"":-0.2924650049939951,""score"":0},""T6_adr_healthy"":{""value"":2.479671755539023,""score"":100.0},""_score"":13.33},""geometry"":{""sub_low_similarity"":9.1,""sub_bounce_quality"":58.9,""sub_separation_fit"":0.0,""sub_right_bottom_reaction"":27.3,""sub_base_context"":30.0,""_score"":24.61},""compression"":{""VC1_atr_ratio"":{""value"":0.3034233464420202,""score"":100},""VC2_range_contraction"":{""value"":0.8814171095433208,""score"":19.763815076113207},""VC3_range_pct_rank"":{""score"":59.166666666666664},""_score"":61.71},""sr_quality"":{""SR1_touches"":{""value"":2,""score"":25.0},""SR2_tightness"":{""value"":3.454999999999984,""score"":59.61257462530811},""SR3_recency"":{""value"":310,""score"":0.0},""SR4_price_location"":{""score"":31.281003793405198},""SR5_reaction"":{""value"":3.040486369139563,""score"":100},""_score"":39.26,""_levels_found"":7,""_target_level"":561.045},""volume"":{""V1_rvol_day"":{""value"":0.5187117691206359,""score"":1.2474512747090585},""V2_rvol_sameslot"":{""value"":0.6963006573838102,""score"":13.086710492254014,""status"":""ok""},""V3_breakout_bar"":{""value"":0.8480797496524671,""score"":23.20531664349781},""V4_base_dryup"":{""value"":0.873713523875224,""score"":62.62864761247759},""V5_bo_expansion"":{""value"":0.5187117691206359,""score"":0},""_score"":21.19},""readiness"":{""_distance_atr"":1.971,""BR1_atr_distance"":{""score"":0},""BR2_compression"":{""score"":59.66457849009379},""BR3_retest"":{""score"":50.0},""BR4_bo_age"":{""score"":50.0},""_score"":32.42},""risk"":{""R1_stop_clarity"":{""score"":4.571100905940568},""R2_stop_distance_pct"":{""value"":2.402006572359682,""score"":100.0},""R3_stop_distance_atr"":{""value"":0.7711310524777697,""score"":63.556552623888486},""R4_rr_potential"":{""value"":5.492848126784229,""score"":100.0},""_score"":61.13},""market"":{""M1_spy_regime"":{""score"":100.0},""M3_earnings_risk"":{""value"":null,""score"":80.0},""M4_vix"":{""value"":null,""score"":60.0},""_score"":84.0},""liquidity"":{""L1_price"":{""value"":549.27,""score"":75.36500000000001},""L2_dollar_vol"":{""value"":232725558.59230697,""score"":100.0},""L3_spread_proxy"":{""value"":0.019644073042401712,""score"":80.35592695759829},""L4_volume_zscore"":{""value"":-1.2533681538362214,""score"":100.0},""_score"":91.88},""pattern_structure"":{""left_low"":569.56,""left_idx"":24,""right_low"":544.2401,""right_idx"":74,""separation_bars"":50,""structural_low"":544.2401,""current_price"":549.01,""neckline_distance_pct"":0.06189322598859769,""base_bars"":50},""pattern_geometry_features"":{""low_similarity_pct"":0.045465788699426336,""bounce_pct"":0.07120000896663077,""right_bottom_reaction"":0.27339456343432966,""atr_pct"":0.031149135605960148},""_schema_version"":""1.0""}",,,,,,,,,,
20260508T195117Z-64671e,2026-05-08T19:51:17.654677+00:00,IR,bull_flag,absent,36.41,9.9,28.2,39.1,50.2,27.2,27.5,61.5,84.0,97.0,1.39,8.45,3.52,5.02,3.8,2.48,1.85,5.04,4.85,True,risk_unclear,76.02,80.13,74.7516,84.91,"{""trend"":{""T1_ema_stack"":{""value"":[false,false,false],""score"":0.0},""T2_ema50_slope"":{""value"":-0.15158858243815837,""score"":24.735236260306937},""T3_high_proximity"":{""value"":0.7697448359659781,""score"":0},""T4_rs_1m"":{""value"":-0.21037214148387995,""score"":0},""T5_rs_3m"":{""value"":-0.29527903934476885,""score"":0},""T6_adr_healthy"":{""value"":3.2693320659760583,""score"":100.0},""_score"":9.95},""geometry"":{""sub_pole_impulse"":17.5,""sub_flag_tightness"":0,""sub_flag_shallowness"":0,""sub_flag_drift"":86.2,""sub_flag_duration"":100.0,""_score"":28.18},""compression"":{""VC1_atr_ratio"":{""value"":0.7213486184709977,""score"":69.66284538225057},""VC2_range_contraction"":{""value"":1.053320325607219,""score"":0},""VC3_range_pct_rank"":{""score"":44.99999999999999},""_score"":39.12},""sr_quality"":{""SR1_touches"":{""value"":4,""score"":75.0},""SR2_tightness"":{""value"":0.34932076949417,""score"":75.3813703855103},""SR3_recency"":{""value"":310,""score"":0.0},""SR4_price_location"":{""score"":14.145383104125624},""SR5_reaction"":{""value"":1.7147621444752064,""score"":85.73810722376032},""_score"":50.2,""_levels_found"":5,""_target_level"":78.205},""volume"":{""V1_rvol_day"":{""value"":0.3660511513716978,""score"":0},""V2_rvol_sameslot"":{""value"":0.9228298935134479,""score"":28.188659567563196,""status"":""ok""},""V3_breakout_bar"":{""value"":1.5143280817852844,""score"":67.62187211901896},""V4_base_dryup"":{""value"":1.2692282557480978,""score"":23.077174425190222},""V5_bo_expansion"":{""value"":0.3660511513716978,""score"":0},""_score"":27.16},""readiness"":{""_distance_atr"":1.448,""BR1_atr_distance"":{""score"":3.448275862068982},""BR2_compression"":{""score"":34.57532253380524},""BR3_retest"":{""score"":50.0},""BR4_bo_age"":{""score"":50.0},""_score"":27.52},""risk"":{""R1_stop_clarity"":{""score"":19.773974326705073},""R2_stop_distance_pct"":{""value"":1.6684425151275957,""score"":91.71106287818989},""R3_stop_distance_atr"":{""value"":0.44693934054870305,""score"":47.34696702743515},""R4_rr_potential"":{""value"":7.009106319233661,""score"":100.0},""_score"":61.54},""market"":{""M1_spy_regime"":{""score"":100.0},""M3_earnings_risk"":{""value"":null,""score"":80.0},""M4_vix"":{""value"":null,""score"":60.0},""_score"":84.0},""liquidity"":{""L1_price"":{""value"":76.02,""score"":100.0},""L2_dollar_vol"":{""value"":109802782.0276044,""score"":100.0},""L3_spread_proxy"":{""value"":0.029597474348855565,""score"":70.40252565114443},""L4_volume_zscore"":{""value"":-1.782117666160527,""score"":100.0},""_score"":97.04},""pattern_structure"":{""pole_low"":75.35,""pole_low_idx"":35,""peak_price"":80.13,""peak_idx"":43,""pole_gain"":0.06343729263437295,""flag_bars"":16,""flag_low"":75.89,""flag_high"":79.88,""structural_low"":75.89,""current_price"":76.01,""neckline_distance_pct"":0.05420339429022484,""base_bars"":16},""pattern_geometry_features"":{""pole_gain"":0.06343729263437295,""pullback_pct"":0.052914014726070074,""flag_range_pct"":0.04979408461250462,""flag_drift_per_bar"":-0.002759795537738837,""atr_pct"":0.03733040177396926,""pole_atr_multiple"":1.6993466349083923},""_schema_version"":""1.0""}",,,,,,,,,,
