run_id,asof,ticker,pattern,pattern_state,final_score,trend,geometry,compression,sr_quality,volume,readiness,risk,market,liquidity,comp_trend,comp_geometry,comp_compression,comp_sr,comp_volume,comp_readiness,comp_risk,comp_market,comp_liquidity,veto_triggered,veto_reasons,price,trigger,invalid_below,measured_move_target,features_json,note,ret_1h,ret_eod,ret_1d,ret_3d,ret_5d,max_dd_5d,max_fav_5d,touched_invalid_5d,post_hoc_tag
20260623T215729Z-42792d,2026-06-23T21:57:29.965335+00:00,AMD,breakout_retest_hold,breakout_confirmed,73.93,100.0,99.9,22.7,57.5,19.9,88.6,62.6,84.0,88.6,14.0,21.99,1.36,8.06,2.59,15.95,3.13,4.2,2.66,False,,551.63,539.6199,531.4221,545.2797,"{""trend"":{""T1_ema_stack"":{""value"":[true,true,true],""score"":100.0},""T2_ema50_slope"":{""value"":0.8688983267458298,""score"":100},""T3_high_proximity"":{""value"":1.0,""score"":99.99999999999997},""T4_rs_1m"":{""value"":0.22823631947772038,""score"":100},""T5_rs_3m"":{""value"":1.592189055505804,""score"":100},""T6_adr_healthy"":{""value"":5.779527555736194,""score"":100.0},""_score"":100.0},""geometry"":{""sub_retest_depth"":99.8,""sub_retest_timing"":100.0,""sub_retest_freshness"":100.0,""sub_hold_quality"":100.0,""_score"":99.94},""compression"":{""VC1_atr_ratio"":{""value"":0.8705089367345619,""score"":32.37276581635953},""VC2_range_contraction"":{""value"":1.1086428171651281,""score"":0},""VC3_range_pct_rank"":{""score"":39.16666666666667},""_score"":22.74},""sr_quality"":{""SR1_touches"":{""value"":2,""score"":25.0},""SR2_tightness"":{""value"":5.964999999999975,""score"":67.44691168605601},""SR3_recency"":{""value"":226,""score"":0.0},""SR4_price_location"":{""score"":99.7315181419254},""SR5_reaction"":{""value"":2.97998556141311,""score"":100},""_score"":57.55,""_levels_found"":4,""_target_level"":552.405},""volume"":{""V1_rvol_day"":{""value"":0.8149386969875971,""score"":20.995913132506473},""V2_rvol_sameslot"":{""value"":0.6658574643958797,""score"":11.057164293058646,""status"":""ok""},""V3_breakout_bar"":{""value"":0.6555830495227113,""score"":10.372203301514087},""V4_base_dryup"":{""value"":0.955528014524824,""score"":54.447198547517594},""V5_bo_expansion"":{""value"":0.8149386969875971,""score"":0},""_score"":19.89},""readiness"":{""_distance_atr"":-0.328,""BR1_atr_distance"":{""score"":100.0},""BR2_compression"":{""score"":69.47628101299817},""BR3_retest"":{""score"":96.13906183488547},""BR4_bo_age"":{""score"":80},""_score"":88.6},""risk"":{""R1_stop_clarity"":{""score"":70.70549492700427},""R2_stop_distance_pct"":{""value"":3.663306926744375,""score"":100.0},""R3_stop_distance_atr"":{""value"":0.5514078401838655,""score"":52.57039200919327},""R4_rr_potential"":{""value"":-0.3142483880066625,""score"":0.0},""_score"":62.63},""market"":{""M1_spy_regime"":{""score"":100.0},""M3_earnings_risk"":{""value"":null,""score"":80.0},""M4_vix"":{""value"":null,""score"":60.0},""_score"":84.0},""liquidity"":{""L1_price"":{""value"":551.63,""score"":74.185},""L2_dollar_vol"":{""value"":14333137459.800026,""score"":100.0},""L3_spread_proxy"":{""value"":0.049453075430995454,""score"":50.546924569004545},""L4_volume_zscore"":{""value"":-0.9832467508550852,""score"":100.0},""_score"":88.6},""pattern_structure"":{""level"":539.6199,""level_idx"":69,""breakout_idx"":74,""bo_peak_idx"":74,""bo_peak_price"":562.9899,""retest_idx"":76,""retest_low"":536.79,""structural_low"":536.79,""current_price"":544.115,""neckline_distance_pct"":-0.008261305054997527,""base_bars"":10,""bars_since_breakout"":5},""pattern_geometry_features"":{""retest_depth_atr"":0.29886371951381174,""bars_breakout_to_retest"":2.0,""bars_since_retest"":3.0,""current_above_level_atr"":0.4747243031861542,""bo_peak_excess_pct"":0.04330826198218413,""atr_pct"":0.06643552484714137},""_schema_version"":""1.0""}",,,,,,,,,,
20260623T215729Z-42792d,2026-06-23T21:57:29.965335+00:00,KLAC,breakout_retest_hold,setup,72.69,100.0,99.3,19.6,56.7,14.1,87.1,61.9,84.0,97.2,14.0,21.85,1.17,7.94,1.83,15.68,3.09,4.2,2.92,False,,269.16,265.43,261.2016,268.61,"{""trend"":{""T1_ema_stack"":{""value"":[true,true,true],""score"":100.0},""T2_ema50_slope"":{""value"":0.5297504938338382,""score"":100},""T3_high_proximity"":{""value"":1.0,""score"":99.99999999999997},""T4_rs_1m"":{""value"":0.4670096829433117,""score"":100},""T5_rs_3m"":{""value"":0.6482520331108776,""score"":100},""T6_adr_healthy"":{""value"":5.9391662447294395,""score"":100.0},""_score"":100.0},""geometry"":{""sub_retest_depth"":100.0,""sub_retest_timing"":100.0,""sub_retest_freshness"":100.0,""sub_hold_quality"":97.8,""_score"":99.34},""compression"":{""VC1_atr_ratio"":{""value"":1.0168413087433343,""score"":0},""VC2_range_contraction"":{""value"":1.6931374088704123,""score"":0},""VC3_range_pct_rank"":{""score"":78.33333333333333},""_score"":19.58},""sr_quality"":{""SR1_touches"":{""value"":5,""score"":100},""SR2_tightness"":{""value"":5.050906176123246,""score"":44.47622959496476},""SR3_recency"":{""value"":232,""score"":0.0},""SR4_price_location"":{""score"":30.0},""SR5_reaction"":{""value"":1.6752407626827863,""score"":83.76203813413932},""_score"":56.74,""_levels_found"":4,""_target_level"":189.244},""volume"":{""V1_rvol_day"":{""value"":0.9052694088164684,""score"":27.017960587764563},""V2_rvol_sameslot"":{""value"":0.6246050583986361,""score"":8.307003893242408,""status"":""ok""},""V3_breakout_bar"":{""value"":0.615851097436134,""score"":7.723406495742265},""V4_base_dryup"":{""value"":1.2460558875868737,""score"":25.394411241312625},""V5_bo_expansion"":{""value"":0.9052694088164682,""score"":0},""_score"":14.07},""readiness"":{""_distance_atr"":-0.205,""BR1_atr_distance"":{""score"":100.0},""BR2_compression"":{""score"":63.93490014062888},""BR3_retest"":{""score"":95.63034870052921},""BR4_bo_age"":{""score"":80},""_score"":87.11},""risk"":{""R1_stop_clarity"":{""score"":70.99650820497247},""R2_stop_distance_pct"":{""value"":2.9567543468569024,""score"":100.0},""R3_stop_distance_atr"":{""value"":0.4374268289522989,""score"":46.871341447614945},""R4_rr_potential"":{""value"":-0.06910936871732405,""score"":0.0},""_score"":61.88},""market"":{""M1_spy_regime"":{""score"":100.0},""M3_earnings_risk"":{""value"":null,""score"":80.0},""M4_vix"":{""value"":null,""score"":60.0},""_score"":84.0},""liquidity"":{""L1_price"":{""value"":269.16,""score"":100.0},""L2_dollar_vol"":{""value"":3154512635.6773934,""score"":100.0},""L3_spread_proxy"":{""value"":0.027957348788824405,""score"":72.0426512111756},""L4_volume_zscore"":{""value"":-0.25960028346885505,""score"":100.0},""_score"":97.2},""pattern_structure"":{""level"":265.43,""level_idx"":50,""breakout_idx"":74,""bo_peak_idx"":74,""bo_peak_price"":269.9,""retest_idx"":76,""retest_low"":263.84,""structural_low"":263.84,""current_price"":266.195,""neckline_distance_pct"":-0.0028738330922819227,""base_bars"":29,""bars_since_breakout"":5},""pattern_geometry_features"":{""retest_depth_atr"":0.37920989420964596,""bars_breakout_to_retest"":2.0,""bars_since_retest"":3.0,""current_above_level_atr"":0.18245004344048313,""bo_peak_excess_pct"":0.016840598274497874,""atr_pct"":0.06759426151200558},""_schema_version"":""1.0""}",,,,,,,,,,
20260623T215729Z-42792d,2026-06-23T21:57:29.965335+00:00,APH,breakout_retest_hold,retest_hold,72.3,98.9,88.0,68.6,60.8,21.1,76.9,55.5,84.0,97.2,13.84,19.35,4.12,8.51,2.75,13.85,2.77,4.2,2.92,False,,165.96,164.09,162.4095,164.17,"{""trend"":{""T1_ema_stack"":{""value"":[true,true,true],""score"":100.0},""T2_ema50_slope"":{""value"":0.2661591722107564,""score"":94.35986203512607},""T3_high_proximity"":{""value"":1.0,""score"":99.99999999999997},""T4_rs_1m"":{""value"":0.3444839448173975,""score"":100},""T5_rs_3m"":{""value"":0.161712008756697,""score"":100},""T6_adr_healthy"":{""value"":3.9649686363638295,""score"":100.0},""_score"":98.87},""geometry"":{""sub_retest_depth"":59.9,""sub_retest_timing"":100.0,""sub_retest_freshness"":100.0,""sub_hold_quality"":100.0,""_score"":87.97},""compression"":{""VC1_atr_ratio"":{""value"":0.5992322201669642,""score"":100},""VC2_range_contraction"":{""value"":0.8420411325295466,""score"":26.326477911742234},""VC3_range_pct_rank"":{""score"":77.5},""_score"":68.59},""sr_quality"":{""SR1_touches"":{""value"":5,""score"":100},""SR2_tightness"":{""value"":1.4909434334004792,""score"":55.02917576730213},""SR3_recency"":{""value"":234,""score"":0.0},""SR4_price_location"":{""score"":30.0},""SR5_reaction"":{""value"":2.4355113648605,""score"":100},""_score"":60.75,""_levels_found"":4,""_target_level"":154.525},""volume"":{""V1_rvol_day"":{""value"":0.7908208481312556,""score"":19.38805654208371},""V2_rvol_sameslot"":{""value"":0.5079244822617403,""score"":0.5282988174493501,""status"":""ok""},""V3_breakout_bar"":{""value"":0.7017035712980811,""score"":13.446904753205411},""V4_base_dryup"":{""value"":0.8106319832475436,""score"":68.93680167524565},""V5_bo_expansion"":{""value"":0.7908208481312556,""score"":0},""_score"":21.13},""readiness"":{""_distance_atr"":-0.282,""BR1_atr_distance"":{""score"":100.0},""BR2_compression"":{""score"":43.95237203747179},""BR3_retest"":{""score"":99.69837337067764},""BR4_bo_age"":{""score"":40},""_score"":76.93},""risk"":{""R1_stop_clarity"":{""score"":50.51815145965733},""R2_stop_distance_pct"":{""value"":2.1393709327548804,""score"":100.0},""R3_stop_distance_atr"":{""value"":0.5354626737046215,""score"":51.77313368523107},""R4_rr_potential"":{""value"":-0.5041543444585328,""score"":0.0},""_score"":55.45},""market"":{""M1_spy_regime"":{""score"":100.0},""M3_earnings_risk"":{""value"":null,""score"":80.0},""M4_vix"":{""value"":null,""score"":60.0},""_score"":84.0},""liquidity"":{""L1_price"":{""value"":165.96,""score"":100.0},""L2_dollar_vol"":{""value"":1424741580.1384254,""score"":100.0},""L3_spread_proxy"":{""value"":0.02832007712701849,""score"":71.6799228729815},""L4_volume_zscore"":{""value"":-0.6839747191791105,""score"":100.0},""_score"":97.17},""pattern_structure"":{""level"":164.09,""level_idx"":62,""breakout_idx"":70,""bo_peak_idx"":74,""bo_peak_price"":168.75,""retest_idx"":75,""retest_low"":164.05,""structural_low"":164.05,""current_price"":165.3,""neckline_distance_pct"":-0.00732002419842715,""base_bars"":17,""bars_since_breakout"":9},""pattern_geometry_features"":{""retest_depth_atr"":0.019454577036647186,""bars_breakout_to_retest"":5.0,""bars_since_retest"":4.0,""current_above_level_atr"":0.5885009553586983,""bo_peak_excess_pct"":0.028399049302212178,""atr_pct"":0.03995368935716005},""_schema_version"":""1.0""}",,,,,,,,,,
20260623T215729Z-42792d,2026-06-23T21:57:29.965335+00:00,BELFB,double_bottom,candidate,70.52,100.0,78.0,62.5,51.8,39.2,63.9,63.6,84.0,94.3,15.0,19.49,5.0,7.25,5.09,5.12,3.82,5.04,4.72,False,,304.33,311.67,287.9648,330.99,"{""trend"":{""T1_ema_stack"":{""value"":[true,true,true],""score"":100.0},""T2_ema50_slope"":{""value"":0.2997924240569805,""score"":99.96540400949675},""T3_high_proximity"":{""value"":1.0,""score"":99.99999999999997},""T4_rs_1m"":{""value"":0.1903860909167634,""score"":100},""T5_rs_3m"":{""value"":0.34341544908449295,""score"":100},""T6_adr_healthy"":{""value"":5.407456804428808,""score"":100.0},""_score"":99.99},""geometry"":{""sub_low_similarity"":95.2,""sub_bounce_quality"":51.6,""sub_separation_fit"":100.0,""sub_right_bottom_reaction"":27.2,""sub_base_context"":100.0,""_score"":77.96},""compression"":{""VC1_atr_ratio"":{""value"":0.46664751818411426,""score"":100},""VC2_range_contraction"":{""value"":1.1412011716093726,""score"":0},""VC3_range_pct_rank"":{""score"":90.0},""_score"":62.5},""sr_quality"":{""SR1_touches"":{""value"":4,""score"":75.0},""SR2_tightness"":{""value"":3.502759733677852,""score"":56.68391649454148},""SR3_recency"":{""value"":234,""score"":0.0},""SR4_price_location"":{""score"":30.0},""SR5_reaction"":{""value"":1.767369203475099,""score"":88.36846017375495},""_score"":51.76,""_levels_found"":6,""_target_level"":282.1488},""volume"":{""V1_rvol_day"":{""value"":0.8959853970081078,""score"":26.399026467207182},""V2_rvol_sameslot"":{""value"":1.2023182395433736,""score"":46.82121596955824,""status"":""ok""},""V3_breakout_bar"":{""value"":1.2462961800066874,""score"":49.75307866711249},""V4_base_dryup"":{""value"":0.8954428062967679,""score"":60.455719370323216},""V5_bo_expansion"":{""value"":0.895985397008108,""score"":0},""_score"":39.17},""readiness"":{""_distance_atr"":0.454,""BR1_atr_distance"":{""score"":69.74385179080554},""BR2_compression"":{""score"":74.18411112177527},""BR3_retest"":{""score"":50.0},""BR4_bo_age"":{""score"":50.0},""_score"":63.94},""risk"":{""R1_stop_clarity"":{""score"":45.770800844263334},""R2_stop_distance_pct"":{""value"":5.37746853744289,""score"":100.0},""R3_stop_distance_atr"":{""value"":1.0118857550691747,""score"":75.59428775345873},""R4_rr_potential"":{""value"":1.62906157864989,""score"":31.453078932494506},""_score"":63.65},""market"":{""M1_spy_regime"":{""score"":100.0},""M3_earnings_risk"":{""value"":null,""score"":80.0},""M4_vix"":{""value"":null,""score"":60.0},""_score"":84.0},""liquidity"":{""L1_price"":{""value"":304.33,""score"":100.0},""L2_dollar_vol"":{""value"":72229095.88329995,""score"":92.93560893396618},""L3_spread_proxy"":{""value"":0.028620247757368766,""score"":71.37975224263124},""L4_volume_zscore"":{""value"":-0.44979664927032026,""score"":100.0},""_score"":94.31},""pattern_structure"":{""left_low"":292.35,""left_idx"":51,""right_low"":293.05,""right_idx"":73,""separation_bars"":22,""structural_low"":292.35,""current_price"":302.29,""neckline_distance_pct"":0.031029805815607513,""base_bars"":22},""pattern_geometry_features"":{""low_similarity_pct"":0.002391527160915574,""bounce_pct"":0.06608517188301691,""right_bottom_reaction"":0.2724458204334384,""atr_pct"":0.05314304021480444},""_schema_version"":""1.0""}",,,,,,,,,,
20260623T215729Z-42792d,2026-06-23T21:57:29.965335+00:00,JCI,breakout_retest_hold,breakout_confirmed,70.25,85.3,72.8,42.0,53.9,62.3,78.7,56.5,84.0,97.5,11.95,16.02,2.52,7.55,8.1,14.16,2.82,4.2,2.92,False,,148.21,146.28,143.3619,149.22,"{""trend"":{""T1_ema_stack"":{""value"":[true,true,true],""score"":100.0},""T2_ema50_slope"":{""value"":0.09686062244075762,""score"":66.14343707345961},""T3_high_proximity"":{""value"":1.0,""score"":99.99999999999997},""T4_rs_1m"":{""value"":0.07169857655711054,""score"":100},""T5_rs_3m"":{""value"":-0.005026458243721166,""score"":47.48677087813942},""T6_adr_healthy"":{""value"":3.1869086914924725,""score"":100.0},""_score"":85.35},""geometry"":{""sub_retest_depth"":95.2,""sub_retest_timing"":0.0,""sub_retest_freshness"":100.0,""sub_hold_quality"":80.9,""_score"":72.83},""compression"":{""VC1_atr_ratio"":{""value"":0.6888545048576773,""score"":77.78637378558068},""VC2_range_contraction"":{""value"":1.1872170607067984,""score"":0},""VC3_range_pct_rank"":{""score"":43.333333333333336},""_score"":41.95},""sr_quality"":{""SR1_touches"":{""value"":4,""score"":75.0},""SR2_tightness"":{""value"":0.9380931456950297,""score"":64.56888635967313},""SR3_recency"":{""value"":234,""score"":0.0},""SR4_price_location"":{""score"":30.0},""SR5_reaction"":{""value"":1.9003996800401444,""score"":95.01998400200722},""_score"":53.94,""_levels_found"":6,""_target_level"":147.0175},""volume"":{""V1_rvol_day"":{""value"":1.3361637041364711,""score"":55.74424694243141},""V2_rvol_sameslot"":{""value"":2.3942287051335307,""score"":100,""status"":""ok""},""V3_breakout_bar"":{""value"":1.8134119205382213,""score"":87.56079470254808},""V4_base_dryup"":{""value"":1.2042125926831968,""score"":29.578740731680313},""V5_bo_expansion"":{""value"":1.3361637041364707,""score"":22.410913609098046},""_score"":62.32},""readiness"":{""_distance_atr"":-0.364,""BR1_atr_distance"":{""score"":100.0},""BR2_compression"":{""score"":67.87366187298082},""BR3_retest"":{""score"":86.11978530855488},""BR4_bo_age"":{""score"":30.0},""_score"":78.69},""risk"":{""R1_stop_clarity"":{""score"":45.30628872195418},""R2_stop_distance_pct"":{""value"":3.271101814992252,""score"":100.0},""R3_stop_distance_atr"":{""value"":0.9155465149060591,""score"":70.77732574530296},""R4_rr_potential"":{""value"":0.2083290361172392,""score"":0.0},""_score"":56.47},""market"":{""M1_spy_regime"":{""score"":100.0},""M3_earnings_risk"":{""value"":null,""score"":80.0},""M4_vix"":{""value"":null,""score"":60.0},""_score"":84.0},""liquidity"":{""L1_price"":{""value"":148.21,""score"":100.0},""L2_dollar_vol"":{""value"":846427259.1571523,""score"":100.0},""L3_spread_proxy"":{""value"":0.025099520950003364,""score"":74.90047904999663},""L4_volume_zscore"":{""value"":1.1567045117070507,""score"":100.0},""_score"":97.49},""pattern_structure"":{""level"":146.28,""level_idx"":44,""breakout_idx"":50,""bo_peak_idx"":68,""bo_peak_price"":149.38,""retest_idx"":73,""retest_low"":144.81,""structural_low"":144.81,""current_price"":147.92,""neckline_distance_pct"":-0.01108707409410483,""base_bars"":35,""bars_since_breakout"":29},""pattern_geometry_features"":{""retest_depth_atr"":1.0335216572504689,""bars_breakout_to_retest"":23.0,""bars_since_retest"":6.0,""current_above_level_atr"":1.1530445699937115,""bo_peak_excess_pct"":0.021192234071643383,""atr_pct"":0.03572840660452831},""_schema_version"":""1.0""}",,,,,,,,,,
20260623T215729Z-42792d,2026-06-23T21:57:29.965335+00:00,AMAT,breakout_retest_hold,setup,68.52,100.0,82.3,26.6,39.4,34.8,83.7,62.6,84.0,79.3,14.0,18.1,1.6,5.52,4.52,15.07,3.13,4.2,2.38,False,,640.18,623.35,614.4781,628.68,"{""trend"":{""T1_ema_stack"":{""value"":[true,true,true],""score"":100.0},""T2_ema50_slope"":{""value"":0.5493098540226031,""score"":100},""T3_high_proximity"":{""value"":1.0,""score"":99.99999999999997},""T4_rs_1m"":{""value"":0.49554135169180213,""score"":100},""T5_rs_3m"":{""value"":0.6451795439049837,""score"":100},""T6_adr_healthy"":{""value"":5.305587491074217,""score"":100.0},""_score"":100.0},""geometry"":{""sub_retest_depth"":97.6,""sub_retest_timing"":40.0,""sub_retest_freshness"":75.0,""sub_hold_quality"":100.0,""_score"":82.28},""compression"":{""VC1_atr_ratio"":{""value"":0.8942554709181921,""score"":26.436132270451967},""VC2_range_contraction"":{""value"":1.326702342447612,""score"":0},""VC3_range_pct_rank"":{""score"":64.16666666666666},""_score"":26.62},""sr_quality"":{""SR1_touches"":{""value"":2,""score"":25.0},""SR2_tightness"":{""value"":7.342499999999973,""score"":62.93637510212837},""SR3_recency"":{""value"":232,""score"":0.0},""SR4_price_location"":{""score"":30.0},""SR5_reaction"":{""value"":2.3923516138965075,""score"":100},""_score"":39.44,""_levels_found"":5,""_target_level"":445.5625},""volume"":{""V1_rvol_day"":{""value"":1.1222087540197643,""score"":41.48058360131762},""V2_rvol_sameslot"":{""value"":1.3242317517909432,""score"":54.94878345272954,""status"":""ok""},""V3_breakout_bar"":{""value"":1.096232486905091,""score"":39.7488324603394},""V4_base_dryup"":{""value"":1.2844217776144884,""score"":21.557822238551154},""V5_bo_expansion"":{""value"":1.1222087540197643,""score"":8.147250267984285},""_score"":34.76},""readiness"":{""_distance_atr"":-0.425,""BR1_atr_distance"":{""score"":100.0},""BR2_compression"":{""score"":79.55108314515732},""BR3_retest"":{""score"":96.63688933085355},""BR4_bo_age"":{""score"":30.0},""_score"":83.72},""risk"":{""R1_stop_clarity"":{""score"":68.6689328978745},""R2_stop_distance_pct"":{""value"":4.014784904245687,""score"":100.0},""R3_stop_distance_atr"":{""value"":0.6486916769365794,""score"":57.43458384682897},""R4_rr_potential"":{""value"":-0.4474386085048258,""score"":0.0},""_score"":62.65},""market"":{""M1_spy_regime"":{""score"":100.0},""M3_earnings_risk"":{""value"":null,""score"":80.0},""M4_vix"":{""value"":null,""score"":60.0},""_score"":84.0},""liquidity"":{""L1_price"":{""value"":640.18,""score"":29.910000000000025},""L2_dollar_vol"":{""value"":6873815546.80779,""score"":100.0},""L3_spread_proxy"":{""value"":0.03201443344059484,""score"":67.98556655940516},""L4_volume_zscore"":{""value"":0.3975552842857875,""score"":100.0},""_score"":79.28},""pattern_structure"":{""level"":623.35,""level_idx"":62,""breakout_idx"":68,""bo_peak_idx"":74,""bo_peak_price"":639.52,""retest_idx"":79,""retest_low"":620.685,""structural_low"":620.685,""current_price"":625.515,""neckline_distance_pct"":-0.003461148014036376,""base_bars"":17,""bars_since_breakout"":11},""pattern_geometry_features"":{""retest_depth_atr"":0.2833825132254114,""bars_breakout_to_retest"":11.0,""bars_since_retest"":0.0,""current_above_level_atr"":0.23021506233883213,""bo_peak_excess_pct"":0.025940482874789377,""atr_pct"":0.061890495083971916},""_schema_version"":""1.0""}",,,,,,,,,,
20260623T215729Z-42792d,2026-06-23T21:57:29.965335+00:00,AOSL,breakout_retest_hold,retest_hold,66.1,91.4,72.4,50.0,43.0,28.4,81.6,65.0,84.0,84.4,12.79,15.93,3.0,6.01,3.69,14.69,3.25,4.2,2.53,False,,49.36,47.7825,47.619,47.1475,"{""trend"":{""T1_ema_stack"":{""value"":[true,true,true],""score"":100.0},""T2_ema50_slope"":{""value"":0.6306404679575346,""score"":100},""T3_high_proximity"":{""value"":0.9257314328582146,""score"":62.865716429107266},""T4_rs_1m"":{""value"":0.21152745910831605,""score"":100},""T5_rs_3m"":{""value"":1.2230568967534385,""score"":100},""T6_adr_healthy"":{""value"":10.45501935034868,""score"":38.624516241283004},""_score"":91.36},""geometry"":{""sub_retest_depth"":22.8,""sub_retest_timing"":100.0,""sub_retest_freshness"":100.0,""sub_hold_quality"":85.3,""_score"":72.43},""compression"":{""VC1_atr_ratio"":{""value"":0.5952739147507145,""score"":100},""VC2_range_contraction"":{""value"":1.0197807106760135,""score"":0},""VC3_range_pct_rank"":{""score"":40.0},""_score"":50.0},""sr_quality"":{""SR1_touches"":{""value"":3,""score"":50.0},""SR2_tightness"":{""value"":1.2428326096283275,""score"":54.64144124504771},""SR3_recency"":{""value"":236,""score"":0.0},""SR4_price_location"":{""score"":30.0},""SR5_reaction"":{""value"":1.6344054066383826,""score"":81.72027033191912},""_score"":42.95,""_levels_found"":3,""_target_level"":44.2333},""volume"":{""V1_rvol_day"":{""value"":0.6627249902479962,""score"":10.84833268319975},""V2_rvol_sameslot"":{""value"":0.7815353667301831,""score"":18.769024448678874,""status"":""ok""},""V3_breakout_bar"":{""value"":1.091448660142024,""score"":39.429910676134924},""V4_base_dryup"":{""value"":0.8715176479980171,""score"":62.84823520019829},""V5_bo_expansion"":{""value"":0.6627249902479962,""score"":0},""_score"":28.35},""readiness"":{""_distance_atr"":-0.288,""BR1_atr_distance"":{""score"":100.0},""BR2_compression"":{""score"":68.45915115567863},""BR3_retest"":{""score"":100},""BR4_bo_age"":{""score"":30.0},""_score"":81.61},""risk"":{""R1_stop_clarity"":{""score"":82.44536988158309},""R2_stop_distance_pct"":{""value"":3.527147487844408,""score"":100.0},""R3_stop_distance_atr"":{""value"":0.3176986594195814,""score"":40.88493297097907},""R4_rr_potential"":{""value"":-1.2708213670304458,""score"":0.0},""_score"":64.99},""market"":{""M1_spy_regime"":{""score"":100.0},""M3_earnings_risk"":{""value"":null,""score"":80.0},""M4_vix"":{""value"":null,""score"":60.0},""_score"":84.0},""liquidity"":{""L1_price"":{""value"":49.36,""score"":100.0},""L2_dollar_vol"":{""value"":35581268.33531432,""score"":77.56107124755633},""L3_spread_proxy"":{""value"":0.06604538087520255,""score"":33.954619124797446},""L4_volume_zscore"":{""value"":-0.6549514381613912,""score"":100.0},""_score"":84.42},""pattern_structure"":{""level"":47.7825,""level_idx"":62,""breakout_idx"":68,""bo_peak_idx"":74,""bo_peak_price"":51.36,""retest_idx"":75,""retest_low"":48.1,""structural_low"":48.1,""current_price"":49.26,""neckline_distance_pct"":-0.029993909866017035,""base_bars"":17,""bars_since_breakout"":11},""pattern_geometry_features"":{""retest_depth_atr"":-0.24013916726544077,""bars_breakout_to_retest"":7.0,""bars_since_retest"":4.0,""current_above_level_atr"":1.1174980145974351,""bo_peak_excess_pct"":0.07487050698477478,""atr_pct"":0.11102179323917573},""_schema_version"":""1.0""}",,,,,,,,,,
20260623T215729Z-42792d,2026-06-23T21:57:29.965335+00:00,NVT,base_on_base,setup,65.73,100.0,75.1,46.2,33.8,49.1,35.8,30.7,84.0,95.6,18.0,18.78,4.62,3.38,5.89,2.86,1.53,5.88,4.78,False,,184.34,178.0,149.917,211.989,"{""trend"":{""T1_ema_stack"":{""value"":[true,true,true],""score"":100.0},""T2_ema50_slope"":{""value"":0.34881043099380005,""score"":100},""T3_high_proximity"":{""value"":1.0,""score"":99.99999999999997},""T4_rs_1m"":{""value"":0.1346493688776904,""score"":100},""T5_rs_3m"":{""value"":0.4372982795101139,""score"":100},""T6_adr_healthy"":{""value"":4.191015395293051,""score"":100.0},""_score"":100.0},""geometry"":{""sub_shallower_second"":76.1,""sub_second_base_depth"":100.0,""sub_rim_advance"":100,""sub_dry_up"":35.5,""sub_second_base_duration"":60.0,""_score"":75.12},""compression"":{""VC1_atr_ratio"":{""value"":0.597759183980622,""score"":100},""VC2_range_contraction"":{""value"":1.1046939527360398,""score"":0},""VC3_range_pct_rank"":{""score"":25.0},""_score"":46.25},""sr_quality"":{""SR1_touches"":{""value"":2,""score"":25.0},""SR2_tightness"":{""value"":2.005499999999998,""score"":52.68441022348394},""SR3_recency"":{""value"":240,""score"":0.0},""SR4_price_location"":{""score"":30.0},""SR5_reaction"":{""value"":1.4556238345732255,""score"":72.78119172866127},""_score"":33.82,""_levels_found"":7,""_target_level"":172.9945},""volume"":{""V1_rvol_day"":{""value"":1.4021632266934871,""score"":60.14421511289915},""V2_rvol_sameslot"":{""value"":1.6752198369197393,""score"":78.34798912798261,""status"":""ok""},""V3_breakout_bar"":{""value"":1.1203152134505818,""score"":41.35434756337212},""V4_base_dryup"":{""value"":1.1484890955694944,""score"":35.15109044305056},""V5_bo_expansion"":{""value"":1.4021632266934871,""score"":26.81088177956581},""_score"":49.09},""readiness"":{""_distance_atr"":-0.748,""BR1_atr_distance"":{""score"":45.042092287054984},""BR2_compression"":{""score"":1.0061267064127208},""BR3_retest"":{""score"":50.0},""BR4_bo_age"":{""score"":50.0},""_score"":35.77},""risk"":{""R1_stop_clarity"":{""score"":46.13737648477335},""R2_stop_distance_pct"":{""value"":18.673646522729754,""score"":0.0},""R3_stop_distance_atr"":{""value"":4.060694457434595,""score"":96.96527712827026},""R4_rr_potential"":{""value"":0.803212968073671,""score"":0.0},""_score"":30.69},""market"":{""M1_spy_regime"":{""score"":100.0},""M3_earnings_risk"":{""value"":null,""score"":80.0},""M4_vix"":{""value"":null,""score"":60.0},""_score"":84.0},""liquidity"":{""L1_price"":{""value"":184.34,""score"":100.0},""L2_dollar_vol"":{""value"":514353291.0437782,""score"":100.0},""L3_spread_proxy"":{""value"":0.04394000216990339,""score"":56.05999783009661},""L4_volume_zscore"":{""value"":1.1857809042912992,""score"":100.0},""_score"":95.61},""pattern_structure"":{""first_base_low"":111.32,""first_base_top"":145.309,""first_base_bars"":20,""second_base_low"":152.2,""second_base_top"":178.0,""second_base_bars"":15,""structural_low"":152.2,""stacking_overlap_pct"":-0.04742307771714065,""current_price"":184.34,""neckline_distance_pct"":-0.0343929695128567,""base_bars"":15},""pattern_geometry_features"":{""first_base_depth_pct"":0.23390842962239095,""second_base_depth_pct"":0.14494382022471916,""second_dry_up_ratio"":0.8223733340305216,""rim_advance_pct"":0.22497574135118956,""atr_pct"":0.045986337357987565},""_schema_version"":""1.0""}",,,,,,,,,,
20260623T215729Z-42792d,2026-06-23T21:57:29.965335+00:00,KEYS,base_on_base,breakout_confirmed,65.14,94.2,80.0,56.0,47.1,18.4,44.4,26.4,84.0,98.0,16.96,20.0,5.61,4.71,2.21,3.55,1.32,5.88,4.9,False,,373.34,355.49,319.4059,429.13,"{""trend"":{""T1_ema_stack"":{""value"":[true,true,true],""score"":100.0},""T2_ema50_slope"":{""value"":0.12621738768304494,""score"":71.0362312805075},""T3_high_proximity"":{""value"":1.0,""score"":99.99999999999997},""T4_rs_1m"":{""value"":0.08714604514471125,""score"":100},""T5_rs_3m"":{""value"":0.19748352622912102,""score"":100},""T6_adr_healthy"":{""value"":3.537193127532231,""score"":100.0},""_score"":94.21},""geometry"":{""sub_shallower_second"":100,""sub_second_base_depth"":100.0,""sub_rim_advance"":100,""sub_dry_up"":0,""sub_second_base_duration"":100.0,""_score"":80.0},""compression"":{""VC1_atr_ratio"":{""value"":0.6458308254979447,""score"":88.54229362551382},""VC2_range_contraction"":{""value"":0.99983274050296,""score"":0.02787658283999924},""VC3_range_pct_rank"":{""score"":82.5},""_score"":56.05},""sr_quality"":{""SR1_touches"":{""value"":3,""score"":50.0},""SR2_tightness"":{""value"":2.5675453041551117,""score"":63.91232465165737},""SR3_recency"":{""value"":234,""score"":0.0},""SR4_price_location"":{""score"":30.0},""SR5_reaction"":{""value"":2.387764909349867,""score"":100},""_score"":47.09,""_levels_found"":6,""_target_level"":355.7733},""volume"":{""V1_rvol_day"":{""value"":0.9206304820965385,""score"":28.042032139769233},""V2_rvol_sameslot"":{""value"":0.8399397456380001,""score"":22.662649709200007,""status"":""ok""},""V3_breakout_bar"":{""value"":0.998323307267791,""score"":33.22155381785273},""V4_base_dryup"":{""value"":1.6371157167533683,""score"":0},""V5_bo_expansion"":{""value"":0.9206304820965383,""score"":0},""_score"":18.45},""readiness"":{""_distance_atr"":-1.254,""BR1_atr_distance"":{""score"":34.91125068268711},""BR2_compression"":{""score"":51.83772769185674},""BR3_retest"":{""score"":50.0},""BR4_bo_age"":{""score"":50.0},""_score"":44.42},""risk"":{""R1_stop_clarity"":{""score"":31.634212259452937},""R2_stop_distance_pct"":{""value"":14.446362564954201,""score"":0.0},""R3_stop_distance_atr"":{""value"":3.790302129180454,""score"":100.0},""R4_rr_potential"":{""value"":1.034411471046584,""score"":1.7205735523291965},""_score"":26.42},""market"":{""M1_spy_regime"":{""score"":100.0},""M3_earnings_risk"":{""value"":null,""score"":80.0},""M4_vix"":{""value"":null,""score"":60.0},""_score"":84.0},""liquidity"":{""L1_price"":{""value"":373.34,""score"":100.0},""L2_dollar_vol"":{""value"":557775119.7342697,""score"":100.0},""L3_spread_proxy"":{""value"":0.019802057106123098,""score"":80.1979428938769},""L4_volume_zscore"":{""value"":-0.22197759340504056,""score"":100.0},""_score"":98.02},""pattern_structure"":{""first_base_low"":228.35,""first_base_top"":301.99,""first_base_bars"":20,""second_base_low"":324.27,""second_base_top"":355.49,""second_base_bars"":27,""structural_low"":324.27,""stacking_overlap_pct"":-0.07377727739329108,""current_price"":373.34,""neckline_distance_pct"":-0.04781164622060312,""base_bars"":27},""pattern_geometry_features"":{""first_base_depth_pct"":0.24384913407728737,""second_base_depth_pct"":0.08782244226279227,""second_dry_up_ratio"":1.2751374644527897,""rim_advance_pct"":0.17715818404582934,""atr_pct"":0.038114013270171214},""_schema_version"":""1.0""}",,,,,,,,,,
20260623T215729Z-42792d,2026-06-23T21:57:29.965335+00:00,INTC,high_tight_pullback,candidate,64.98,100.0,71.7,43.0,39.1,22.9,73.4,78.8,84.0,96.3,12.0,25.09,4.3,3.13,3.21,6.61,0.79,5.04,4.81,False,,140.94,141.45,135.3685,164.84,"{""trend"":{""T1_ema_stack"":{""value"":[true,true,true],""score"":100.0},""T2_ema50_slope"":{""value"":0.5878480783172354,""score"":100},""T3_high_proximity"":{""value"":1.0,""score"":99.99999999999997},""T4_rs_1m"":{""value"":0.18053190155036725,""score"":100},""T5_rs_3m"":{""value"":2.064933395455941,""score"":100},""T6_adr_healthy"":{""value"":6.9178167804901225,""score"":100.0},""_score"":100.0},""geometry"":{""sub_pole_impulse"":42.6,""sub_flag_tightness"":78.6,""sub_flag_shallowness"":71.3,""sub_flag_drift"":100,""sub_flag_duration"":100.0,""_score"":71.69},""compression"":{""VC1_atr_ratio"":{""value"":0.7807287597325645,""score"":54.817810066858875},""VC2_range_contraction"":{""value"":1.0014478683298693,""score"":0},""VC3_range_pct_rank"":{""score"":84.16666666666667},""_score"":42.97},""sr_quality"":{""SR1_touches"":{""value"":2,""score"":25.0},""SR2_tightness"":{""value"":2.0350000000000037,""score"":60.57235816462867},""SR3_recency"":{""value"":232,""score"":0.0},""SR4_price_location"":{""score"":30.0},""SR5_reaction"":{""value"":2.5424532185978346,""score"":100},""_score"":39.09,""_levels_found"":3,""_target_level"":100.365},""volume"":{""V1_rvol_day"":{""value"":0.9603087952227483,""score"":30.687253014849887},""V2_rvol_sameslot"":{""value"":0.8942143752254558,""score"":26.28095834836372,""status"":""ok""},""V3_breakout_bar"":{""value"":0.5837143292747846,""score"":5.580955284985642},""V4_base_dryup"":{""value"":0.9929052502521364,""score"":50.70947497478636},""V5_bo_expansion"":{""value"":0.9603087952227485,""score"":0},""_score"":22.93},""readiness"":{""_distance_atr"":0.049,""BR1_atr_distance"":{""score"":96.70629036264718},""BR2_compression"":{""score"":68.97070090646376},""BR3_retest"":{""score"":50.0},""BR4_bo_age"":{""score"":50.0},""_score"":73.43},""risk"":{""R1_stop_clarity"":{""score"":60.05989569458163},""R2_stop_distance_pct"":{""value"":3.9530651340996164,""score"":100.0},""R3_stop_distance_atr"":{""value"":0.5397276046773444,""score"":51.986380233867216},""R4_rr_potential"":{""value"":4.289727090793238,""score"":100.0},""_score"":78.82},""market"":{""M1_spy_regime"":{""score"":100.0},""M3_earnings_risk"":{""value"":null,""score"":80.0},""M4_vix"":{""value"":null,""score"":60.0},""_score"":84.0},""liquidity"":{""L1_price"":{""value"":140.94,""score"":100.0},""L2_dollar_vol"":{""value"":17926236582.263515,""score"":100.0},""L3_spread_proxy"":{""value"":0.03717894139350064,""score"":62.821058606499356},""L4_volume_zscore"":{""value"":-0.1370857252629307,""score"":100.0},""_score"":96.28},""pattern_structure"":{""pole_low"":118.06,""pole_low_idx"":42,""peak_price"":141.45,""peak_idx"":54,""pole_gain"":0.19811960020328634,""flag_bars"":5,""flag_low"":137.43,""flag_high"":141.03,""structural_low"":137.43,""current_price"":140.67,""neckline_distance_pct"":0.0055448923011303134,""base_bars"":5},""pattern_geometry_features"":{""pole_gain"":0.19811960020328634,""pullback_pct"":0.02841993637327665,""flag_range_pct"":0.025450689289501553,""flag_drift_per_bar"":0.003550934811971107,""atr_pct"":0.07324185570354153,""pole_atr_multiple"":2.7050051954610224},""_schema_version"":""1.0""}",,,,,,,,,,
20260623T215729Z-42792d,2026-06-23T21:57:29.965335+00:00,TXN,bull_flag,candidate,64.64,100.0,70.8,37.3,48.9,19.7,70.9,69.3,84.0,97.6,14.0,21.25,3.36,4.89,2.76,6.38,2.08,5.04,4.88,False,,332.28,334.03,323.1095,368.825,"{""trend"":{""T1_ema_stack"":{""value"":[true,true,true],""score"":100.0},""T2_ema50_slope"":{""value"":0.3678600797194473,""score"":100},""T3_high_proximity"":{""value"":1.0,""score"":99.99999999999997},""T4_rs_1m"":{""value"":0.08563533713316773,""score"":100},""T5_rs_3m"":{""value"":0.6273544099162831,""score"":100},""T6_adr_healthy"":{""value"":3.9066991709840933,""score"":100.0},""_score"":100.0},""geometry"":{""sub_pole_impulse"":43.3,""sub_flag_tightness"":78.8,""sub_flag_shallowness"":69.1,""sub_flag_drift"":95.6,""sub_flag_duration"":100.0,""_score"":70.85},""compression"":{""VC1_atr_ratio"":{""value"":0.7750890460030638,""score"":56.227738499234036},""VC2_range_contraction"":{""value"":1.126510747489374,""score"":0},""VC3_range_pct_rank"":{""score"":59.166666666666664},""_score"":37.28},""sr_quality"":{""SR1_touches"":{""value"":3,""score"":50.0},""SR2_tightness"":{""value"":1.6820886487406745,""score"":76.21768029334548},""SR3_recency"":{""value"":236,""score"":0.0},""SR4_price_location"":{""score"":30.0},""SR5_reaction"":{""value"":2.0261741867842455,""score"":100},""_score"":48.93,""_levels_found"":5,""_target_level"":289.9033},""volume"":{""V1_rvol_day"":{""value"":0.9691103183775941,""score"":31.274021225172937},""V2_rvol_sameslot"":{""value"":0.8286977224255477,""score"":21.913181495036515,""status"":""ok""},""V3_breakout_bar"":{""value"":0.8668290627761206,""score"":24.455270851741375},""V4_base_dryup"":{""value"":1.3534696602010683,""score"":14.653033979893166},""V5_bo_expansion"":{""value"":0.9691103183775941,""score"":0},""_score"":19.68},""readiness"":{""_distance_atr"":0.124,""BR1_atr_distance"":{""score"":91.75250374629893},""BR2_compression"":{""score"":66.94674752139042},""BR3_retest"":{""score"":50.0},""BR4_bo_age"":{""score"":50.0},""_score"":70.94},""risk"":{""R1_stop_clarity"":{""score"":30.431897814531055},""R2_stop_distance_pct"":{""value"":2.759856145419531,""score"":100.0},""R3_stop_distance_atr"":{""value"":0.6482850173121694,""score"":57.41425086560847},""R4_rr_potential"":{""value"":3.9850825204869875,""score"":100.0},""_score"":69.26},""market"":{""M1_spy_regime"":{""score"":100.0},""M3_earnings_risk"":{""value"":null,""score"":80.0},""M4_vix"":{""value"":null,""score"":60.0},""_score"":84.0},""liquidity"":{""L1_price"":{""value"":332.28,""score"":100.0},""L2_dollar_vol"":{""value"":2975438508.8983493,""score"":100.0},""L3_spread_proxy"":{""value"":0.024045985313590805,""score"":75.9540146864092},""L4_volume_zscore"":{""value"":-0.07293802497941244,""score"":100.0},""_score"":97.6},""pattern_structure"":{""pole_low"":299.235,""pole_low_idx"":29,""peak_price"":334.03,""peak_idx"":54,""pole_gain"":0.11627984694303793,""flag_bars"":5,""flag_low"":328.03,""flag_high"":332.97,""structural_low"":328.03,""current_price"":329.17,""neckline_distance_pct"":0.014764407449038359,""base_bars"":5},""pattern_geometry_features"":{""pole_gain"":0.11627984694303793,""pullback_pct"":0.01796245846181481,""flag_range_pct"":0.01478909080022769,""flag_drift_per_bar"":-0.0008870796245100656,""atr_pct"":0.04257164783573233,""pole_atr_multiple"":2.7313917326319452},""_schema_version"":""1.0""}",,,,,,,,,,
20260623T215729Z-42792d,2026-06-23T21:57:29.965335+00:00,NNE,double_bottom,candidate,64.63,66.8,88.3,48.2,58.0,21.2,47.5,74.0,84.0,90.6,10.02,22.07,3.86,8.12,2.76,3.8,4.44,5.04,4.53,False,,25.64,28.6955,25.3342,31.671,"{""trend"":{""T1_ema_stack"":{""value"":[true,true,false],""score"":66.66666666666666},""T2_ema50_slope"":{""value"":0.05374571853186251,""score"":58.95761975531042},""T3_high_proximity"":{""value"":0.8387307818122343,""score"":19.365390906117106},""T4_rs_1m"":{""value"":0.050473908196753126,""score"":100},""T5_rs_3m"":{""value"":0.06742546325211118,""score"":83.71273162605559},""T6_adr_healthy"":{""value"":9.712603419473172,""score"":57.184914513170696},""_score"":66.78},""geometry"":{""sub_low_similarity"":77.6,""sub_bounce_quality"":100,""sub_separation_fit"":80.0,""sub_right_bottom_reaction"":86.7,""sub_base_context"":100.0,""_score"":88.28},""compression"":{""VC1_atr_ratio"":{""value"":0.6528498347965203,""score"":86.78754130086993},""VC2_range_contraction"":{""value"":0.9857737635204866,""score"":2.3710394132522294},""VC3_range_pct_rank"":{""score"":50.83333333333333},""_score"":48.25},""sr_quality"":{""SR1_touches"":{""value"":3,""score"":50.0},""SR2_tightness"":{""value"":0.2762044331448884,""score"":80.47473256433703},""SR3_recency"":{""value"":230,""score"":0.0},""SR4_price_location"":{""score"":80.66002798123608},""SR5_reaction"":{""value"":1.4385692068429237,""score"":71.92846034214618},""_score"":58.03,""_levels_found"":5,""_target_level"":26.4233},""volume"":{""V1_rvol_day"":{""value"":0.925281087987938,""score"":28.3520725325292},""V2_rvol_sameslot"":{""value"":0.6708531630439509,""score"":11.390210869596729,""status"":""ok""},""V3_breakout_bar"":{""value"":0.48771706322222047,""score"":0},""V4_base_dryup"":{""value"":0.837177219344338,""score"":66.2822780655662},""V5_bo_expansion"":{""value"":0.9252810879879381,""score"":0},""_score"":21.2},""readiness"":{""_distance_atr"":1.08,""BR1_atr_distance"":{""score"":28.00084829633822},""BR2_compression"":{""score"":75.03735835171504},""BR3_retest"":{""score"":50.0},""BR4_bo_age"":{""score"":50.0},""_score"":47.46},""risk"":{""R1_stop_clarity"":{""score"":72.72727272727275},""R2_stop_distance_pct"":{""value"":1.1926677067082736,""score"":79.81669266770683},""R3_stop_distance_atr"":{""value"":0.10808709175738773,""score"":30.404354587869385},""R4_rr_potential"":{""value"":19.722040549378583,""score"":100.0},""_score"":73.96},""market"":{""M1_spy_regime"":{""score"":100.0},""M3_earnings_risk"":{""value"":null,""score"":80.0},""M4_vix"":{""value"":null,""score"":60.0},""_score"":84.0},""liquidity"":{""L1_price"":{""value"":25.64,""score"":100.0},""L2_dollar_vol"":{""value"":81394586.27800465,""score"":95.5297760013536},""L3_spread_proxy"":{""value"":0.07585803432137286,""score"":24.14196567862713},""L4_volume_zscore"":{""value"":-0.19780821595728706,""score"":100.0},""_score"":90.63},""pattern_structure"":{""left_low"":26.01,""left_idx"":68,""right_low"":25.72,""right_idx"":75,""separation_bars"":7,""structural_low"":25.72,""current_price"":26.05,""neckline_distance_pct"":0.10155470249520147,""base_bars"":7},""pattern_geometry_features"":{""low_similarity_pct"":0.011212062632901709,""bounce_pct"":0.1156881804043546,""right_bottom_reaction"":0.8671328671328687,""atr_pct"":0.11034321372854915},""_schema_version"":""1.0""}",,,,,,,,,,
20260623T215729Z-42792d,2026-06-23T21:57:29.965335+00:00,AOSL,double_bottom,setup,63.23,91.4,67.4,50.0,43.0,28.6,74.6,61.8,84.0,84.4,13.7,16.86,4.0,6.01,3.72,5.97,3.71,5.04,4.22,False,,49.36,49.3,45.1524,52.76,"{""trend"":{""T1_ema_stack"":{""value"":[true,true,true],""score"":100.0},""T2_ema50_slope"":{""value"":0.6306404679575346,""score"":100},""T3_high_proximity"":{""value"":0.9257314328582146,""score"":62.865716429107266},""T4_rs_1m"":{""value"":0.21152745910831605,""score"":100},""T5_rs_3m"":{""value"":1.2230568967534385,""score"":100},""T6_adr_healthy"":{""value"":10.45501935034868,""score"":38.624516241283004},""_score"":91.36},""geometry"":{""sub_low_similarity"":56.4,""sub_bounce_quality"":65.0,""sub_separation_fit"":100.0,""sub_right_bottom_reaction"":16.8,""sub_base_context"":100.0,""_score"":67.44},""compression"":{""VC1_atr_ratio"":{""value"":0.5952739147507145,""score"":100},""VC2_range_contraction"":{""value"":1.0197807106760135,""score"":0},""VC3_range_pct_rank"":{""score"":40.0},""_score"":50.0},""sr_quality"":{""SR1_touches"":{""value"":3,""score"":50.0},""SR2_tightness"":{""value"":1.2428326096283275,""score"":54.64144124504771},""SR3_recency"":{""value"":236,""score"":0.0},""SR4_price_location"":{""score"":30.0},""SR5_reaction"":{""value"":1.6344054066383826,""score"":81.72027033191912},""_score"":42.95,""_levels_found"":3,""_target_level"":44.2333},""volume"":{""V1_rvol_day"":{""value"":0.6627249902479962,""score"":10.84833268319975},""V2_rvol_sameslot"":{""value"":0.7815353667301831,""score"":18.769024448678874,""status"":""ok""},""V3_breakout_bar"":{""value"":1.091448660142024,""score"":39.429910676134924},""V4_base_dryup"":{""value"":0.8596704601851239,""score"":64.03295398148761},""V5_bo_expansion"":{""value"":0.6627249902479962,""score"":0},""_score"":28.59},""readiness"":{""_distance_atr"":-0.011,""BR1_atr_distance"":{""score"":100.0},""BR2_compression"":{""score"":68.45915115567863},""BR3_retest"":{""score"":50.0},""BR4_bo_age"":{""score"":50.0},""_score"":74.61},""risk"":{""R1_stop_clarity"":{""score"":74.90527303654162},""R2_stop_distance_pct"":{""value"":8.524311183144246,""score"":86.89222042139386},""R3_stop_distance_atr"":{""value"":0.7678052150337914,""score"":63.39026075168957},""R4_rr_potential"":{""value"":0.8080616028139538,""score"":0.0},""_score"":61.79},""market"":{""M1_spy_regime"":{""score"":100.0},""M3_earnings_risk"":{""value"":null,""score"":80.0},""M4_vix"":{""value"":null,""score"":60.0},""_score"":84.0},""liquidity"":{""L1_price"":{""value"":49.36,""score"":100.0},""L2_dollar_vol"":{""value"":35581268.33531432,""score"":77.56107124755633},""L3_spread_proxy"":{""value"":0.06604538087520255,""score"":33.954619124797446},""L4_volume_zscore"":{""value"":-0.6549514381613912,""score"":100.0},""_score"":84.42},""pattern_structure"":{""left_low"":45.84,""left_idx"":56,""right_low"":46.85,""right_idx"":72,""separation_bars"":16,""structural_low"":45.84,""current_price"":49.26,""neckline_distance_pct"":0.0008120178643929994,""base_bars"":16},""pattern_geometry_features"":{""low_similarity_pct"":0.021793073686481777,""bounce_pct"":0.07547993019197194,""right_bottom_reaction"":0.16783216783216787,""atr_pct"":0.11102179323917573},""_schema_version"":""1.0""}",,,,,,,,,,
20260623T215729Z-42792d,2026-06-23T21:57:29.965335+00:00,MU,high_tight_pullback,setup,62.92,100.0,74.4,22.4,39.2,24.0,74.8,80.0,84.0,71.3,12.0,26.04,2.25,3.13,3.37,6.74,0.8,5.04,3.56,False,,1211.38,1204.5,1154.4052,1420.44,"{""trend"":{""T1_ema_stack"":{""value"":[true,true,true],""score"":100.0},""T2_ema50_slope"":{""value"":1.0013364807533054,""score"":100},""T3_high_proximity"":{""value"":1.0,""score"":99.99999999999997},""T4_rs_1m"":{""value"":0.6506772307982442,""score"":100},""T5_rs_3m"":{""value"":1.7167192696150828,""score"":100},""T6_adr_healthy"":{""value"":6.788550103553495,""score"":100.0},""_score"":100.0},""geometry"":{""sub_pole_impulse"":47.0,""sub_flag_tightness"":80.9,""sub_flag_shallowness"":75.3,""sub_flag_drift"":100,""sub_flag_duration"":100.0,""_score"":74.39},""compression"":{""VC1_atr_ratio"":{""value"":0.9921182282087155,""score"":1.970442947821116},""VC2_range_contraction"":{""value"":1.068792954179801,""score"":0},""VC3_range_pct_rank"":{""score"":86.66666666666667},""_score"":22.45},""sr_quality"":{""SR1_touches"":{""value"":2,""score"":25.0},""SR2_tightness"":{""value"":17.840000000000032,""score"":61.184805225069695},""SR3_recency"":{""value"":230,""score"":0.0},""SR4_price_location"":{""score"":30.0},""SR5_reaction"":{""value"":2.2381284070236913,""score"":100},""_score"":39.18,""_levels_found"":3,""_target_level"":836.51},""volume"":{""V1_rvol_day"":{""value"":0.9664146864410093,""score"":31.094312429400617},""V2_rvol_sameslot"":{""value"":0.7021301845629788,""score"":13.475345637531921,""status"":""ok""},""V3_breakout_bar"":{""value"":0.6841076372181265,""score"":12.273842481208435},""V4_base_dryup"":{""value"":0.8969011608105087,""score"":60.309883918949126},""V5_bo_expansion"":{""value"":0.9664146864410093,""score"":0},""_score"":24.04},""readiness"":{""_distance_atr"":-0.075,""BR1_atr_distance"":{""score"":100.0},""BR2_compression"":{""score"":69.38163071930656},""BR3_retest"":{""score"":50.0},""BR4_bo_age"":{""score"":50.0},""_score"":74.85},""risk"":{""R1_stop_clarity"":{""score"":61.75098706701534},""R2_stop_distance_pct"":{""value"":4.703295002393975,""score"":100.0},""R3_stop_distance_atr"":{""value"":0.6198113758079683,""score"":55.99056879039841},""R4_rr_potential"":{""value"":3.669343143522716,""score"":100.0},""_score"":80.01},""market"":{""M1_spy_regime"":{""score"":100.0},""M3_earnings_risk"":{""value"":null,""score"":80.0},""M4_vix"":{""value"":null,""score"":60.0},""_score"":84.0},""liquidity"":{""L1_price"":{""value"":1211.38,""score"":0.0},""L2_dollar_vol"":{""value"":64373722007.29074,""score"":100.0},""L3_spread_proxy"":{""value"":0.037139460780267135,""score"":62.860539219732864},""L4_volume_zscore"":{""value"":-0.14838682851363244,""score"":100.0},""_score"":71.29},""pattern_structure"":{""pole_low"":988.56,""pole_low_idx"":29,""peak_price"":1204.5,""peak_idx"":54,""pole_gain"":0.21843894149065313,""flag_bars"":5,""flag_low"":1171.985,""flag_high"":1202.13,""structural_low"":1171.985,""current_price"":1189.38,""neckline_distance_pct"":0.012712505675225656,""base_bars"":5},""pattern_geometry_features"":{""pole_gain"":0.21843894149065313,""pullback_pct"":0.026994603569946117,""flag_range_pct"":0.025026982150269994,""flag_drift_per_bar"":0.0009975785703474694,""atr_pct"":0.07588268279624416,""pole_atr_multiple"":2.8786402040791423},""_schema_version"":""1.0""}",,,,,,,,,,
20260623T215729Z-42792d,2026-06-23T21:57:29.965335+00:00,AMAT,bull_flag,setup,62.79,100.0,63.4,26.6,39.4,37.5,77.4,73.4,84.0,79.3,14.0,19.03,2.4,3.94,5.25,6.97,2.2,5.04,3.96,False,,640.18,639.52,611.3747,713.96,"{""trend"":{""T1_ema_stack"":{""value"":[true,true,true],""score"":100.0},""T2_ema50_slope"":{""value"":0.5493098540226031,""score"":100},""T3_high_proximity"":{""value"":1.0,""score"":99.99999999999997},""T4_rs_1m"":{""value"":0.49554135169180213,""score"":100},""T5_rs_3m"":{""value"":0.6451795439049837,""score"":100},""T6_adr_healthy"":{""value"":5.305587491074217,""score"":100.0},""_score"":100.0},""geometry"":{""sub_pole_impulse"":28.2,""sub_flag_tightness"":77.8,""sub_flag_shallowness"":55.3,""sub_flag_drift"":96.4,""sub_flag_duration"":100.0,""_score"":63.43},""compression"":{""VC1_atr_ratio"":{""value"":0.8942554709181921,""score"":26.436132270451967},""VC2_range_contraction"":{""value"":1.326702342447612,""score"":0},""VC3_range_pct_rank"":{""score"":64.16666666666666},""_score"":26.62},""sr_quality"":{""SR1_touches"":{""value"":2,""score"":25.0},""SR2_tightness"":{""value"":7.342499999999973,""score"":62.93637510212837},""SR3_recency"":{""value"":232,""score"":0.0},""SR4_price_location"":{""score"":30.0},""SR5_reaction"":{""value"":2.3923516138965075,""score"":100},""_score"":39.44,""_levels_found"":5,""_target_level"":445.5625},""volume"":{""V1_rvol_day"":{""value"":1.1222087540197643,""score"":41.48058360131762},""V2_rvol_sameslot"":{""value"":1.3242317517909432,""score"":54.94878345272954,""status"":""ok""},""V3_breakout_bar"":{""value"":1.096232486905091,""score"":39.7488324603394},""V4_base_dryup"":{""value"":1.1460289239021733,""score"":35.39710760978268},""V5_bo_expansion"":{""value"":1.1222087540197643,""score"":8.147250267984285},""_score"":37.52},""readiness"":{""_distance_atr"":-0.017,""BR1_atr_distance"":{""score"":100.0},""BR2_compression"":{""score"":79.55108314515732},""BR3_retest"":{""score"":50.0},""BR4_bo_age"":{""score"":50.0},""_score"":77.39},""risk"":{""R1_stop_clarity"":{""score"":53.00339934681173},""R2_stop_distance_pct"":{""value"":4.49955871786061,""score"":100.0},""R3_stop_distance_atr"":{""value"":0.7270193446918932,""score"":61.350967234594656},""R4_rr_potential"":{""value"":2.5613364218879995,""score"":78.06682109439997},""_score"":73.37},""market"":{""M1_spy_regime"":{""score"":100.0},""M3_earnings_risk"":{""value"":null,""score"":80.0},""M4_vix"":{""value"":null,""score"":60.0},""_score"":84.0},""liquidity"":{""L1_price"":{""value"":640.18,""score"":29.910000000000025},""L2_dollar_vol"":{""value"":6873815546.80779,""score"":100.0},""L3_spread_proxy"":{""value"":0.03201443344059484,""score"":67.98556655940516},""L4_volume_zscore"":{""value"":0.3975552842857875,""score"":100.0},""_score"":79.28},""pattern_structure"":{""pole_low"":565.08,""pole_low_idx"":29,""peak_price"":639.52,""peak_idx"":54,""pole_gain"":0.13173355984993265,""flag_bars"":5,""flag_low"":620.685,""flag_high"":631.89,""structural_low"":620.685,""current_price"":625.515,""neckline_distance_pct"":0.02238955100996778,""base_bars"":5},""pattern_geometry_features"":{""pole_gain"":0.13173355984993265,""pullback_pct"":0.029451776332249244,""flag_range_pct"":0.017520953214911247,""flag_drift_per_bar"":-0.0007274006218876627,""atr_pct"":0.061890495083971916,""pole_atr_multiple"":2.1284942004616205},""_schema_version"":""1.0""}",,,,,,,,,,
20260623T215729Z-42792d,2026-06-23T21:57:29.965335+00:00,BWXT,breakout_retest_hold,breakout_failed,62.77,46.0,82.2,55.0,55.0,32.4,75.7,45.9,84.0,96.7,6.44,18.09,3.3,7.7,4.21,13.63,2.3,4.2,2.9,False,,210.0,210.93,208.0683,212.45,"{""trend"":{""T1_ema_stack"":{""value"":[true,false,true],""score"":66.66666666666666},""T2_ema50_slope"":{""value"":-0.2516604438316271,""score"":8.056592694728813},""T3_high_proximity"":{""value"":0.8807985907222549,""score"":40.39929536112741},""T4_rs_1m"":{""value"":0.03198220896478188,""score"":81.98220896478188},""T5_rs_3m"":{""value"":-0.096426270846792,""score"":1.7868645766039961},""T6_adr_healthy"":{""value"":3.5530634218742083,""score"":100.0},""_score"":46.0},""geometry"":{""sub_retest_depth"":93.5,""sub_retest_timing"":100.0,""sub_retest_freshness"":75.0,""sub_hold_quality"":63.9,""_score"":82.22},""compression"":{""VC1_atr_ratio"":{""value"":0.4903286915462002,""score"":100},""VC2_range_contraction"":{""value"":1.181648144769623,""score"":0},""VC3_range_pct_rank"":{""score"":60.0},""_score"":55.0},""sr_quality"":{""SR1_touches"":{""value"":3,""score"":50.0},""SR2_tightness"":{""value"":1.3883157669957082,""score"":63.532380376395025},""SR3_recency"":{""value"":263,""score"":0.0},""SR4_price_location"":{""score"":61.96084636202123},""SR5_reaction"":{""value"":2.039450070593975,""score"":100},""_score"":55.02,""_levels_found"":7,""_target_level"":213.8466},""volume"":{""V1_rvol_day"":{""value"":1.08120762355643,""score"":38.747174903762},""V2_rvol_sameslot"":{""value"":1.1156289144272624,""score"":41.04192762848416,""status"":""ok""},""V3_breakout_bar"":{""value"":0.8622943887560651,""score"":24.15295925040434},""V4_base_dryup"":{""value"":1.0211979803021922,""score"":47.88020196978078},""V5_bo_expansion"":{""value"":1.08120762355643,""score"":5.413841570428671},""_score"":32.38},""readiness"":{""_distance_atr"":0.122,""BR1_atr_distance"":{""score"":91.85706713698039},""BR2_compression"":{""score"":25.997603398742577},""BR3_retest"":{""score"":95.00917018072983},""BR4_bo_age"":{""score"":90},""_score"":75.74},""risk"":{""R1_stop_clarity"":{""score"":44.793541941264095},""R2_stop_distance_pct"":{""value"":0.9198571428571458,""score"":72.99642857142865},""R3_stop_distance_atr"":{""value"":0.2537048937337889,""score"":37.685244686689444},""R4_rr_potential"":{""value"":1.2683128850235736,""score"":13.415644251178682},""_score"":45.91},""market"":{""M1_spy_regime"":{""score"":100.0},""M3_earnings_risk"":{""value"":null,""score"":80.0},""M4_vix"":{""value"":null,""score"":60.0},""_score"":84.0},""liquidity"":{""L1_price"":{""value"":210.0,""score"":100.0},""L2_dollar_vol"":{""value"":232239408.30195,""score"":100.0},""L3_spread_proxy"":{""value"":0.03314285714285704,""score"":66.85714285714295},""L4_volume_zscore"":{""value"":0.20391615233217925,""score"":100.0},""_score"":96.69},""pattern_structure"":{""level"":210.93,""level_idx"":68,""breakout_idx"":75,""bo_peak_idx"":75,""bo_peak_price"":214.51,""retest_idx"":79,""retest_low"":210.17,""structural_low"":210.17,""current_price"":210.665,""neckline_distance_pct"":0.001257921344314503,""base_bars"":11,""bars_since_breakout"":4},""pattern_geometry_features"":{""retest_depth_atr"":0.25420428563579195,""bars_breakout_to_retest"":4.0,""bars_since_retest"":0.0,""current_above_level_atr"":-0.08863702064932488,""bo_peak_excess_pct"":0.016972455316929713,""atr_pct"":0.03625697278911564},""_schema_version"":""1.0""}",,,,,,,,,,
20260623T215729Z-42792d,2026-06-23T21:57:29.965335+00:00,AXTI,double_bottom,candidate,62.29,51.7,87.3,54.0,41.4,57.5,25.4,59.5,84.0,90.0,7.75,21.82,4.32,5.8,7.47,2.03,3.57,5.04,4.5,False,,92.44,116.7499,79.785,152.4998,"{""trend"":{""T1_ema_stack"":{""value"":[false,true,true],""score"":66.66666666666666},""T2_ema50_slope"":{""value"":0.38275380152803506,""score"":100},""T3_high_proximity"":{""value"":0.6563942341830575,""score"":0},""T4_rs_1m"":{""value"":-0.12057295796980139,""score"":0},""T5_rs_3m"":{""value"":0.5565368726105533,""score"":100},""T6_adr_healthy"":{""value"":14.4964326060338,""score"":0.0},""_score"":51.67},""geometry"":{""sub_low_similarity"":80.3,""sub_bounce_quality"":100,""sub_separation_fit"":73.3,""sub_right_bottom_reaction"":81.3,""sub_base_context"":100.0,""_score"":87.28},""compression"":{""VC1_atr_ratio"":{""value"":0.6224915371630015,""score"":94.37711570924961},""VC2_range_contraction"":{""value"":0.9791434238309185,""score"":3.4760960281802573},""VC3_range_pct_rank"":{""score"":60.0},""_score"":53.97},""sr_quality"":{""SR1_touches"":{""value"":2,""score"":25.0},""SR2_tightness"":{""value"":1.5655000000000001,""score"":77.60171689171062},""SR3_recency"":{""value"":236,""score"":0.0},""SR4_price_location"":{""score"":30.0},""SR5_reaction"":{""value"":1.9690244120540108,""score"":98.45122060270054},""_score"":41.41,""_levels_found"":6,""_target_level"":91.6655},""volume"":{""V1_rvol_day"":{""value"":1.2787678530942634,""score"":51.91785687295089},""V2_rvol_sameslot"":{""value"":1.9928823335150367,""score"":99.52548890100245,""status"":""ok""},""V3_breakout_bar"":{""value"":1.0224114853238095,""score"":34.82743235492063},""V4_base_dryup"":{""value"":0.7167637632700352,""score"":78.32362367299648},""V5_bo_expansion"":{""value"":1.2787678530942632,""score"":18.58452353961755},""_score"":57.45},""readiness"":{""_distance_atr"":1.739,""BR1_atr_distance"":{""score"":0},""BR2_compression"":{""score"":31.57305443751348},""BR3_retest"":{""score"":50.0},""BR4_bo_age"":{""score"":50.0},""_score"":25.39},""risk"":{""R1_stop_clarity"":{""score"":82.61647142984883},""R2_stop_distance_pct"":{""value"":13.689961055819994,""score"":0.0},""R3_stop_distance_atr"":{""value"":0.9053026915854423,""score"":70.26513457927211},""R4_rr_potential"":{""value"":4.745934413275385,""score"":100.0},""_score"":59.46},""market"":{""M1_spy_regime"":{""score"":100.0},""M3_earnings_risk"":{""value"":null,""score"":80.0},""M4_vix"":{""value"":null,""score"":60.0},""_score"":84.0},""liquidity"":{""L1_price"":{""value"":92.44,""score"":100.0},""L2_dollar_vol"":{""value"":1106967688.6495802,""score"":100.0},""L3_spread_proxy"":{""value"":0.12321505841627002,""score"":0},""L4_volume_zscore"":{""value"":1.1442811546308351,""score"":100.0},""_score"":90.0},""pattern_structure"":{""left_low"":81.8,""left_idx"":39,""right_low"":81.0,""right_idx"":73,""separation_bars"":34,""structural_low"":81.0,""current_price"":91.935,""neckline_distance_pct"":0.2699178767607548,""base_bars"":34},""pattern_geometry_features"":{""low_similarity_pct"":0.009828009828009793,""bounce_pct"":0.44135679012345674,""right_bottom_reaction"":0.8133971291866029,""atr_pct"":0.1512197100822155},""_schema_version"":""1.0""}",,,,,,,,,,
20260623T215729Z-42792d,2026-06-23T21:57:29.965335+00:00,AMAT,double_bottom,setup,62.01,100.0,61.6,26.6,39.4,38.8,77.4,62.0,84.0,79.3,15.0,15.41,2.13,5.52,5.04,6.19,3.72,5.04,3.96,False,,640.18,638.9,588.2912,680.55,"{""trend"":{""T1_ema_stack"":{""value"":[true,true,true],""score"":100.0},""T2_ema50_slope"":{""value"":0.5493098540226031,""score"":100},""T3_high_proximity"":{""value"":1.0,""score"":99.99999999999997},""T4_rs_1m"":{""value"":0.49554135169180213,""score"":100},""T5_rs_3m"":{""value"":0.6451795439049837,""score"":100},""T6_adr_healthy"":{""value"":5.305587491074217,""score"":100.0},""_score"":100.0},""geometry"":{""sub_low_similarity"":49.6,""sub_bounce_quality"":56.8,""sub_separation_fit"":73.3,""sub_right_bottom_reaction"":29.3,""sub_base_context"":100.0,""_score"":61.63},""compression"":{""VC1_atr_ratio"":{""value"":0.8942554709181921,""score"":26.436132270451967},""VC2_range_contraction"":{""value"":1.326702342447612,""score"":0},""VC3_range_pct_rank"":{""score"":64.16666666666666},""_score"":26.62},""sr_quality"":{""SR1_touches"":{""value"":2,""score"":25.0},""SR2_tightness"":{""value"":7.342499999999973,""score"":62.93637510212837},""SR3_recency"":{""value"":232,""score"":0.0},""SR4_price_location"":{""score"":30.0},""SR5_reaction"":{""value"":2.3923516138965075,""score"":100},""_score"":39.44,""_levels_found"":5,""_target_level"":445.5625},""volume"":{""V1_rvol_day"":{""value"":1.1222087540197643,""score"":41.48058360131762},""V2_rvol_sameslot"":{""value"":1.3242317517909432,""score"":54.94878345272954,""status"":""ok""},""V3_breakout_bar"":{""value"":1.096232486905091,""score"":39.7488324603394},""V4_base_dryup"":{""value"":1.0826125678840186,""score"":41.73874321159814},""V5_bo_expansion"":{""value"":1.1222087540197643,""score"":8.147250267984285},""_score"":38.79},""readiness"":{""_distance_atr"":-0.032,""BR1_atr_distance"":{""score"":100.0},""BR2_compression"":{""score"":79.55108314515732},""BR3_retest"":{""score"":50.0},""BR4_bo_age"":{""score"":50.0},""_score"":77.39},""risk"":{""R1_stop_clarity"":{""score"":54.7778345857938},""R2_stop_distance_pct"":{""value"":8.105337561310876,""score"":97.36656096722811},""R3_stop_distance_atr"":{""value"":1.3096255814909379,""score"":90.48127907454689},""R4_rr_potential"":{""value"":0.7780106477801072,""score"":0.0},""_score"":61.95},""market"":{""M1_spy_regime"":{""score"":100.0},""M3_earnings_risk"":{""value"":null,""score"":80.0},""M4_vix"":{""value"":null,""score"":60.0},""_score"":84.0},""liquidity"":{""L1_price"":{""value"":640.18,""score"":29.910000000000025},""L2_dollar_vol"":{""value"":6873815546.80779,""score"":100.0},""L3_spread_proxy"":{""value"":0.03201443344059484,""score"":67.98556655940516},""L4_volume_zscore"":{""value"":0.3975552842857875,""score"":100.0},""_score"":79.28},""pattern_structure"":{""left_low"":597.25,""left_idx"":66,""right_low"":612.5,""right_idx"":72,""separation_bars"":6,""structural_low"":597.25,""current_price"":625.515,""neckline_distance_pct"":0.021398367744978122,""base_bars"":6},""pattern_geometry_features"":{""low_similarity_pct"":0.02521182062409589,""bounce_pct"":0.0697362913352867,""right_bottom_reaction"":0.2930769230769189,""atr_pct"":0.061890495083971916},""_schema_version"":""1.0""}",,,,,,,,,,
20260623T215729Z-42792d,2026-06-23T21:57:29.965335+00:00,KLAC,bull_flag,candidate,61.79,100.0,64.7,19.6,56.7,15.7,72.4,77.3,84.0,97.2,14.0,19.41,1.76,5.67,2.2,6.52,2.32,5.04,4.86,False,,269.16,269.9,259.8824,301.9733,"{""trend"":{""T1_ema_stack"":{""value"":[true,true,true],""score"":100.0},""T2_ema50_slope"":{""value"":0.5297504938338382,""score"":100},""T3_high_proximity"":{""value"":1.0,""score"":99.99999999999997},""T4_rs_1m"":{""value"":0.4670096829433117,""score"":100},""T5_rs_3m"":{""value"":0.6482520331108776,""score"":100},""T6_adr_healthy"":{""value"":5.9391662447294395,""score"":100.0},""_score"":100.0},""geometry"":{""sub_pole_impulse"":24.9,""sub_flag_tightness"":77.3,""sub_flag_shallowness"":66.7,""sub_flag_drift"":97.1,""sub_flag_duration"":100.0,""_score"":64.7},""compression"":{""VC1_atr_ratio"":{""value"":1.0168413087433343,""score"":0},""VC2_range_contraction"":{""value"":1.6931374088704123,""score"":0},""VC3_range_pct_rank"":{""score"":78.33333333333333},""_score"":19.58},""sr_quality"":{""SR1_touches"":{""value"":5,""score"":100},""SR2_tightness"":{""value"":5.050906176123246,""score"":44.47622959496476},""SR3_recency"":{""value"":232,""score"":0.0},""SR4_price_location"":{""score"":30.0},""SR5_reaction"":{""value"":1.6752407626827863,""score"":83.76203813413932},""_score"":56.74,""_levels_found"":4,""_target_level"":189.244},""volume"":{""V1_rvol_day"":{""value"":0.9052694088164684,""score"":27.017960587764563},""V2_rvol_sameslot"":{""value"":0.6246050583986361,""score"":8.307003893242408,""status"":""ok""},""V3_breakout_bar"":{""value"":0.615851097436134,""score"":7.723406495742265},""V4_base_dryup"":{""value"":1.162906370868681,""score"":33.70936291313188},""V5_bo_expansion"":{""value"":0.9052694088164682,""score"":0},""_score"":15.74},""readiness"":{""_distance_atr"":0.041,""BR1_atr_distance"":{""score"":97.28843441374582},""BR2_compression"":{""score"":63.93490014062888},""BR3_retest"":{""score"":50.0},""BR4_bo_age"":{""score"":50.0},""_score"":72.4},""risk"":{""R1_stop_clarity"":{""score"":56.494762307458394},""R2_stop_distance_pct"":{""value"":3.446871749145513,""score"":100.0},""R3_stop_distance_atr"":{""value"":0.5099355584398693,""score"":50.49677792199346},""R4_rr_potential"":{""value"":3.5368306458566594,""score"":100.0},""_score"":77.35},""market"":{""M1_spy_regime"":{""score"":100.0},""M3_earnings_risk"":{""value"":null,""score"":80.0},""M4_vix"":{""value"":null,""score"":60.0},""_score"":84.0},""liquidity"":{""L1_price"":{""value"":269.16,""score"":100.0},""L2_dollar_vol"":{""value"":3154512635.6773934,""score"":100.0},""L3_spread_proxy"":{""value"":0.027957348788824405,""score"":72.0426512111756},""L4_volume_zscore"":{""value"":-0.25960028346885505,""score"":100.0},""_score"":97.2},""pattern_structure"":{""pole_low"":237.8267,""pole_low_idx"":41,""peak_price"":269.9,""peak_idx"":54,""pole_gain"":0.1348599631580474,""flag_bars"":5,""flag_low"":263.84,""flag_high"":268.8,""structural_low"":263.84,""current_price"":266.195,""neckline_distance_pct"":0.013918368113600872,""base_bars"":5},""pattern_geometry_features"":{""pole_gain"":0.1348599631580474,""pullback_pct"":0.02245276028158578,""flag_range_pct"":0.018377176732123145,""flag_drift_per_bar"":-0.0005766449407389991,""atr_pct"":0.06759426151200558,""pole_atr_multiple"":1.9951392343282663},""_schema_version"":""1.0""}",,,,,,,,,,
20260623T215729Z-42792d,2026-06-23T21:57:29.965335+00:00,DIOD,high_tight_pullback,candidate,61.65,100.0,63.9,55.2,37.9,17.1,63.5,77.0,84.0,96.3,12.0,22.36,5.52,3.04,2.4,5.71,0.77,5.04,4.81,False,,122.76,125.99,119.5888,143.5099,"{""trend"":{""T1_ema_stack"":{""value"":[true,true,true],""score"":100.0},""T2_ema50_slope"":{""value"":0.38936109727607676,""score"":100},""T3_high_proximity"":{""value"":1.0,""score"":99.99999999999997},""T4_rs_1m"":{""value"":0.2593768819448723,""score"":100},""T5_rs_3m"":{""value"":0.7481669223821961,""score"":100},""T6_adr_healthy"":{""value"":6.492893677765268,""score"":100.0},""_score"":100.0},""geometry"":{""sub_pole_impulse"":31.1,""sub_flag_tightness"":74.3,""sub_flag_shallowness"":55.0,""sub_flag_drift"":99.9,""sub_flag_duration"":100.0,""_score"":63.89},""compression"":{""VC1_atr_ratio"":{""value"":0.6146454621311908,""score"":96.33863446720231},""VC2_range_contraction"":{""value"":1.0557388949822004,""score"":0},""VC3_range_pct_rank"":{""score"":66.66666666666667},""_score"":55.2},""sr_quality"":{""SR1_touches"":{""value"":2,""score"":25.0},""SR2_tightness"":{""value"":2.0799999999999983,""score"":52.90879555997219},""SR3_recency"":{""value"":234,""score"":0.0},""SR4_price_location"":{""score"":30.0},""SR5_reaction"":{""value"":2.4185182280317186,""score"":100},""_score"":37.94,""_levels_found"":5,""_target_level"":119.88},""volume"":{""V1_rvol_day"":{""value"":1.2217473371056542,""score"":48.11648914037694},""V2_rvol_sameslot"":{""value"":0.8190745529981882,""score"":21.271636866545883,""status"":""ok""},""V3_breakout_bar"":{""value"":0.5607982249741559,""score"":4.053214998277058},""V4_base_dryup"":{""value"":1.6281950490921657,""score"":0},""V5_bo_expansion"":{""value"":1.2217473371056544,""score"":14.783155807043627},""_score"":17.11},""readiness"":{""_distance_atr"":0.366,""BR1_atr_distance"":{""score"":75.6242643683831},""BR2_compression"":{""score"":62.9118026043055},""BR3_retest"":{""score"":50.0},""BR4_bo_age"":{""score"":50.0},""_score"":63.48},""risk"":{""R1_stop_clarity"":{""score"":58.769160112520744},""R2_stop_distance_pct"":{""value"":2.583211143695024,""score"":100.0},""R3_stop_distance_atr"":{""value"":0.35897421384614153,""score"":42.94871069230708},""R4_rr_potential"":{""value"":6.5433360137489265,""score"":100.0},""_score"":77.01},""market"":{""M1_spy_regime"":{""score"":100.0},""M3_earnings_risk"":{""value"":null,""score"":80.0},""M4_vix"":{""value"":null,""score"":60.0},""_score"":84.0},""liquidity"":{""L1_price"":{""value"":122.76,""score"":100.0},""L2_dollar_vol"":{""value"":104152979.23028065,""score"":100.0},""L3_spread_proxy"":{""value"":0.037308569566634066,""score"":62.69143043336594},""L4_volume_zscore"":{""value"":0.44974098834200266,""score"":100.0},""_score"":96.27},""pattern_structure"":{""pole_low"":108.4701,""pole_low_idx"":29,""peak_price"":125.99,""peak_idx"":54,""pole_gain"":0.16151824327625763,""flag_bars"":5,""flag_low"":121.41,""flag_high"":124.55,""structural_low"":121.41,""current_price"":122.295,""neckline_distance_pct"":0.030213827221063763,""base_bars"":5},""pattern_geometry_features"":{""pole_gain"":0.16151824327625763,""pullback_pct"":0.03635209143582823,""flag_range_pct"":0.02492261290578618,""flag_drift_per_bar"":-2.453084754083927e-05,""atr_pct"":0.07196091095284643,""pole_atr_multiple"":2.24452749607485},""_schema_version"":""1.0""}",,,,,,,,,,
20260623T215729Z-42792d,2026-06-23T21:57:29.965335+00:00,IONQ,double_bottom,candidate,61.62,76.0,76.4,46.4,45.9,38.4,33.4,63.2,84.0,90.0,11.4,19.1,3.72,6.42,4.99,2.67,3.79,5.04,4.5,False,,58.32,63.56,52.1268,74.1994,"{""trend"":{""T1_ema_stack"":{""value"":[false,true,true],""score"":66.66666666666666},""T2_ema50_slope"":{""value"":0.7878254953626658,""score"":100},""T3_high_proximity"":{""value"":0.8092132648813655,""score"":4.606632440682712},""T4_rs_1m"":{""value"":0.10725619361388872,""score"":100},""T5_rs_3m"":{""value"":0.7214903557056294,""score"":100},""T6_adr_healthy"":{""value"":9.087908374421554,""score"":72.80229063946115},""_score"":76.0},""geometry"":{""sub_low_similarity"":87.0,""sub_bounce_quality"":100,""sub_separation_fit"":40.0,""sub_right_bottom_reaction"":28.6,""sub_base_context"":100.0,""_score"":76.39},""compression"":{""VC1_atr_ratio"":{""value"":0.46549947961918964,""score"":100},""VC2_range_contraction"":{""value"":0.9538180286896708,""score"":7.6969952183882},""VC3_range_pct_rank"":{""score"":15.000000000000002},""_score"":46.44},""sr_quality"":{""SR1_touches"":{""value"":3,""score"":50.0},""SR2_tightness"":{""value"":0.667303475855544,""score"":76.95422873965134},""SR3_recency"":{""value"":230,""score"":0.0},""SR4_price_location"":{""score"":30.0},""SR5_reaction"":{""value"":1.5754135646236351,""score"":78.77067823118176},""_score"":45.86,""_levels_found"":5,""_target_level"":53.3737},""volume"":{""V1_rvol_day"":{""value"":0.9596071455352577,""score"":30.640476369017183},""V2_rvol_sameslot"":{""value"":1.3717885210036806,""score"":58.11923473357871,""status"":""ok""},""V3_breakout_bar"":{""value"":1.3287176042137898,""score"":55.24784028091933},""V4_base_dryup"":{""value"":1.160372203841694,""score"":33.96277961583061},""V5_bo_expansion"":{""value"":0.9596071455352577,""score"":0},""_score"":38.36},""readiness"":{""_distance_atr"":0.905,""BR1_atr_distance"":{""score"":39.6776999902971},""BR2_compression"":{""score"":0},""BR3_retest"":{""score"":50.0},""BR4_bo_age"":{""score"":50.0},""_score"":33.37},""risk"":{""R1_stop_clarity"":{""score"":72.5852759646551},""R2_stop_distance_pct"":{""value"":10.619356995884779,""score"":34.51607510288053},""R3_stop_distance_atr"":{""value"":1.0694330476740233,""score"":78.47165238370117},""R4_rr_potential"":{""value"":2.5640019576281032,""score"":78.20009788140516},""_score"":63.17},""market"":{""M1_spy_regime"":{""score"":100.0},""M3_earnings_risk"":{""value"":null,""score"":80.0},""M4_vix"":{""value"":null,""score"":60.0},""_score"":84.0},""liquidity"":{""L1_price"":{""value"":58.32,""score"":100.0},""L2_dollar_vol"":{""value"":1635582840.760329,""score"":100.0},""L3_spread_proxy"":{""value"":0.11076817558299042,""score"":0},""L4_volume_zscore"":{""value"":-0.15960690466912386,""score"":100.0},""_score"":90.0},""pattern_structure"":{""left_low"":53.2646,""left_idx"":29,""right_low"":52.9206,""right_idx"":68,""separation_bars"":39,""structural_low"":52.9206,""current_price"":59.04,""neckline_distance_pct"":0.07655826558265588,""base_bars"":39},""pattern_geometry_features"":{""low_similarity_pct"":0.006479245695256988,""bounce_pct"":0.2010445837726708,""right_bottom_reaction"":0.2857932253964741,""atr_pct"":0.09929894179894179},""_schema_version"":""1.0""}",,,,,,,,,,
20260623T215729Z-42792d,2026-06-23T21:57:29.965335+00:00,NNE,breakout_retest_hold,candidate,61.56,66.8,69.4,48.2,58.0,11.3,81.9,56.0,84.0,90.6,9.35,15.27,2.9,8.12,1.47,14.73,2.8,4.2,2.72,False,,25.64,25.77,25.4628,25.87,"{""trend"":{""T1_ema_stack"":{""value"":[true,true,false],""score"":66.66666666666666},""T2_ema50_slope"":{""value"":0.05374571853186251,""score"":58.95761975531042},""T3_high_proximity"":{""value"":0.8387307818122343,""score"":19.365390906117106},""T4_rs_1m"":{""value"":0.050473908196753126,""score"":100},""T5_rs_3m"":{""value"":0.06742546325211118,""score"":83.71273162605559},""T6_adr_healthy"":{""value"":9.712603419473172,""score"":57.184914513170696},""_score"":66.78},""geometry"":{""sub_retest_depth"":64.7,""sub_retest_timing"":0.0,""sub_retest_freshness"":100.0,""sub_hold_quality"":100.0,""_score"":69.41},""compression"":{""VC1_atr_ratio"":{""value"":0.6528498347965203,""score"":86.78754130086993},""VC2_range_contraction"":{""value"":0.9857737635204866,""score"":2.3710394132522294},""VC3_range_pct_rank"":{""score"":50.83333333333333},""_score"":48.25},""sr_quality"":{""SR1_touches"":{""value"":3,""score"":50.0},""SR2_tightness"":{""value"":0.2762044331448884,""score"":80.47473256433703},""SR3_recency"":{""value"":230,""score"":0.0},""SR4_price_location"":{""score"":80.66002798123608},""SR5_reaction"":{""value"":1.4385692068429237,""score"":71.92846034214618},""_score"":58.03,""_levels_found"":5,""_target_level"":26.4233},""volume"":{""V1_rvol_day"":{""value"":0.925281087987938,""score"":28.3520725325292},""V2_rvol_sameslot"":{""value"":0.6708531630439509,""score"":11.390210869596729,""status"":""ok""},""V3_breakout_bar"":{""value"":0.48771706322222047,""score"":0},""V4_base_dryup"":{""value"":1.3320822247633304,""score"":16.791777523666966},""V5_bo_expansion"":{""value"":0.9252810879879381,""score"":0},""_score"":11.31},""readiness"":{""_distance_atr"":0.046,""BR1_atr_distance"":{""score"":96.93670766765636},""BR2_compression"":{""score"":75.03735835171504},""BR3_retest"":{""score"":99.1163579810547},""BR4_bo_age"":{""score"":30.0},""_score"":81.86},""risk"":{""R1_stop_clarity"":{""score"":81.81818181818176},""R2_stop_distance_pct"":{""value"":0.6911076443057826,""score"":67.27769110764457},""R3_stop_distance_atr"":{""value"":0.06263254630284273,""score"":28.13162731514214},""R4_rr_potential"":{""value"":1.297968397291179,""score"":14.898419864558953},""_score"":56.02},""market"":{""M1_spy_regime"":{""score"":100.0},""M3_earnings_risk"":{""value"":null,""score"":80.0},""M4_vix"":{""value"":null,""score"":60.0},""_score"":84.0},""liquidity"":{""L1_price"":{""value"":25.64,""score"":100.0},""L2_dollar_vol"":{""value"":81394586.27800465,""score"":95.5297760013536},""L3_spread_proxy"":{""value"":0.07585803432137286,""score"":24.14196567862713},""L4_volume_zscore"":{""value"":-0.19780821595728706,""score"":100.0},""_score"":90.63},""pattern_structure"":{""level"":25.77,""level_idx"":56,""breakout_idx"":62,""bo_peak_idx"":69,""bo_peak_price"":28.6955,""retest_idx"":75,""retest_low"":25.72,""structural_low"":25.72,""current_price"":26.05,""neckline_distance_pct"":-0.010748560460652635,""base_bars"":23,""bars_since_breakout"":17},""pattern_geometry_features"":{""retest_depth_atr"":0.053203213474094596,""bars_breakout_to_retest"":13.0,""bars_since_retest"":4.0,""current_above_level_atr"":0.2979379954549267,""bo_peak_excess_pct"":0.11352347691113697,""atr_pct"":0.11034321372854915},""_schema_version"":""1.0""}",,,,,,,,,,
20260623T215729Z-42792d,2026-06-23T21:57:29.965335+00:00,HPE,ascending_triangle,candidate,61.25,89.7,67.4,52.1,43.6,10.6,56.2,76.1,84.0,96.0,13.45,18.88,4.17,6.1,1.27,4.5,3.04,5.04,4.8,False,,48.4,50.45,46.2261,53.97,"{""trend"":{""T1_ema_stack"":{""value"":[true,true,true],""score"":100.0},""T2_ema50_slope"":{""value"":1.1905126985899872,""score"":100},""T3_high_proximity"":{""value"":0.8619768477292965,""score"":30.98842386464823},""T4_rs_1m"":{""value"":0.4277165750321801,""score"":100},""T5_rs_3m"":{""value"":1.0837026477934397,""score"":100},""T6_adr_healthy"":{""value"":6.532857793704359,""score"":100.0},""_score"":89.65},""geometry"":{""sub_flat_top_quality"":66.7,""sub_hl_slope"":52.2,""sub_compression"":67.1,""sub_duration"":100.0,""_score"":67.44},""compression"":{""VC1_atr_ratio"":{""value"":0.5263171600226513,""score"":100},""VC2_range_contraction"":{""value"":0.9599313957435986,""score"":6.678100709400225},""VC3_range_pct_rank"":{""score"":39.16666666666667},""_score"":52.13},""sr_quality"":{""SR1_touches"":{""value"":4,""score"":75.0},""SR2_tightness"":{""value"":1.0211903287340716,""score"":48.91247665317595},""SR3_recency"":{""value"":270,""score"":0.0},""SR4_price_location"":{""score"":30.0},""SR5_reaction"":{""value"":0.8313932816740601,""score"":41.569664083703},""_score"":43.57,""_levels_found"":2,""_target_level"":25.0912},""volume"":{""V1_rvol_day"":{""value"":0.5313149645610977,""score"":2.087664304073182},""V2_rvol_sameslot"":{""value"":0.7266288445434325,""score"":15.108589636228832,""status"":""ok""},""V3_breakout_bar"":{""value"":0.9292389055548814,""score"":28.615927036992094},""V4_base_dryup"":{""value"":2.448865097111643,""score"":0},""V5_bo_expansion"":{""value"":0.5313149645610976,""score"":0},""_score"":10.59},""readiness"":{""_distance_atr"":0.513,""BR1_atr_distance"":{""score"":65.81459240452648},""BR2_compression"":{""score"":49.50597019550106},""BR3_retest"":{""score"":50.0},""BR4_bo_age"":{""score"":50.0},""_score"":56.2},""risk"":{""R1_stop_clarity"":{""score"":64.78319364365828},""R2_stop_distance_pct"":{""value"":4.491632231404955,""score"":100.0},""R3_stop_distance_atr"":{""value"":0.5437856110403374,""score"":52.18928055201687},""R4_rr_potential"":{""value"":2.562156443340469,""score"":78.10782216702346},""_score"":76.12},""market"":{""M1_spy_regime"":{""score"":100.0},""M3_earnings_risk"":{""value"":null,""score"":80.0},""M4_vix"":{""value"":null,""score"":60.0},""_score"":84.0},""liquidity"":{""L1_price"":{""value"":48.4,""score"":100.0},""L2_dollar_vol"":{""value"":1126656690.7912447,""score"":100.0},""L3_spread_proxy"":{""value"":0.03966942148760334,""score"":60.330578512396656},""L4_volume_zscore"":{""value"":-0.5807557660486506,""score"":100.0},""_score"":96.03},""pattern_structure"":{""top"":50.45,""top_touches"":3,""low_slope_per_bar"":0.07345770816158322,""lowest_low"":46.93,""structural_low"":46.93,""current_price"":47.825,""neckline_distance_pct"":0.05488761108207004,""base_bars"":29},""pattern_geometry_features"":{""top_touches"":3.0,""low_slope"":0.07345770816158322,""compression"":0.3354903490309782,""atr_pct"":0.08259932113341208},""_schema_version"":""1.0""}",,,,,,,,,,
20260623T215729Z-42792d,2026-06-23T21:57:29.965335+00:00,AMD,ascending_triangle,candidate,60.72,100.0,60.9,22.7,57.5,20.4,66.6,38.5,84.0,88.6,15.0,17.06,1.82,8.06,2.45,5.33,1.54,5.04,4.43,False,,551.63,562.9899,451.1497,667.9598,"{""trend"":{""T1_ema_stack"":{""value"":[true,true,true],""score"":100.0},""T2_ema50_slope"":{""value"":0.8688983267458298,""score"":100},""T3_high_proximity"":{""value"":1.0,""score"":99.99999999999997},""T4_rs_1m"":{""value"":0.22823631947772038,""score"":100},""T5_rs_3m"":{""value"":1.592189055505804,""score"":100},""T6_adr_healthy"":{""value"":5.779527555736194,""score"":100.0},""_score"":100.0},""geometry"":{""sub_flat_top_quality"":33.3,""sub_hl_slope"":100,""sub_compression"":23.8,""sub_duration"":100.0,""_score"":60.94},""compression"":{""VC1_atr_ratio"":{""value"":0.8705089367345619,""score"":32.37276581635953},""VC2_range_contraction"":{""value"":1.1086428171651281,""score"":0},""VC3_range_pct_rank"":{""score"":39.16666666666667},""_score"":22.74},""sr_quality"":{""SR1_touches"":{""value"":2,""score"":25.0},""SR2_tightness"":{""value"":5.964999999999975,""score"":67.44691168605601},""SR3_recency"":{""value"":226,""score"":0.0},""SR4_price_location"":{""score"":99.7315181419254},""SR5_reaction"":{""value"":2.97998556141311,""score"":100},""_score"":57.55,""_levels_found"":4,""_target_level"":552.405},""volume"":{""V1_rvol_day"":{""value"":0.8149386969875971,""score"":20.995913132506473},""V2_rvol_sameslot"":{""value"":0.6658574643958797,""score"":11.057164293058646,""status"":""ok""},""V3_breakout_bar"":{""value"":0.6555830495227113,""score"":10.372203301514087},""V4_base_dryup"":{""value"":0.930360196765869,""score"":56.9639803234131},""V5_bo_expansion"":{""value"":0.8149386969875971,""score"":0},""_score"":20.4},""readiness"":{""_distance_atr"":0.31,""BR1_atr_distance"":{""score"":79.3350193943797},""BR2_compression"":{""score"":69.47628101299817},""BR3_retest"":{""score"":50.0},""BR4_bo_age"":{""score"":50.0},""_score"":66.6},""risk"":{""R1_stop_clarity"":{""score"":62.50637340431015},""R2_stop_distance_pct"":{""value"":18.21516233707376,""score"":0.0},""R3_stop_distance_atr"":{""value"":2.7417804523986593,""score"":100.0},""R4_rr_potential"":{""value"":1.1577373873286614,""score"":7.88686936643307},""_score"":38.45},""market"":{""M1_spy_regime"":{""score"":100.0},""M3_earnings_risk"":{""value"":null,""score"":80.0},""M4_vix"":{""value"":null,""score"":60.0},""_score"":84.0},""liquidity"":{""L1_price"":{""value"":551.63,""score"":74.185},""L2_dollar_vol"":{""value"":14333137459.800026,""score"":100.0},""L3_spread_proxy"":{""value"":0.049453075430995454,""score"":50.546924569004545},""L4_volume_zscore"":{""value"":-0.9832467508550852,""score"":100.0},""_score"":88.6},""pattern_structure"":{""top"":562.9899,""top_touches"":2,""low_slope_per_bar"":2.0463072584171393,""lowest_low"":458.02,""structural_low"":458.02,""current_price"":544.115,""neckline_distance_pct"":0.03468917416355003,""base_bars"":33},""pattern_geometry_features"":{""top_touches"":2.0,""low_slope"":2.0463072584171393,""compression"":0.11894468814356451,""atr_pct"":0.06643552484714137},""_schema_version"":""1.0""}",,,,,,,,,,
20260623T215729Z-42792d,2026-06-23T21:57:29.965335+00:00,HPE,double_bottom,forming,59.64,89.7,63.3,52.1,43.6,10.6,56.2,73.2,84.0,96.0,13.45,15.82,4.17,6.1,1.38,4.5,4.39,5.04,4.8,False,,48.4,50.45,45.044,55.17,"{""trend"":{""T1_ema_stack"":{""value"":[true,true,true],""score"":100.0},""T2_ema50_slope"":{""value"":1.1905126985899872,""score"":100},""T3_high_proximity"":{""value"":0.8619768477292965,""score"":30.98842386464823},""T4_rs_1m"":{""value"":0.4277165750321801,""score"":100},""T5_rs_3m"":{""value"":1.0837026477934397,""score"":100},""T6_adr_healthy"":{""value"":6.532857793704359,""score"":100.0},""_score"":89.65},""geometry"":{""sub_low_similarity"":48.2,""sub_bounce_quality"":100,""sub_separation_fit"":26.7,""sub_right_bottom_reaction"":32.0,""sub_base_context"":100.0,""_score"":63.27},""compression"":{""VC1_atr_ratio"":{""value"":0.5263171600226513,""score"":100},""VC2_range_contraction"":{""value"":0.9599313957435986,""score"":6.678100709400225},""VC3_range_pct_rank"":{""score"":39.16666666666667},""_score"":52.13},""sr_quality"":{""SR1_touches"":{""value"":4,""score"":75.0},""SR2_tightness"":{""value"":1.0211903287340716,""score"":48.91247665317595},""SR3_recency"":{""value"":270,""score"":0.0},""SR4_price_location"":{""score"":30.0},""SR5_reaction"":{""value"":0.8313932816740601,""score"":41.569664083703},""_score"":43.57,""_levels_found"":2,""_target_level"":25.0912},""volume"":{""V1_rvol_day"":{""value"":0.5313149645610977,""score"":2.087664304073182},""V2_rvol_sameslot"":{""value"":0.7266288445434325,""score"":15.108589636228832,""status"":""ok""},""V3_breakout_bar"":{""value"":0.9292389055548814,""score"":28.615927036992094},""V4_base_dryup"":{""value"":1.5430852286072474,""score"":0},""V5_bo_expansion"":{""value"":0.5313149645610976,""score"":0},""_score"":10.59},""readiness"":{""_distance_atr"":0.513,""BR1_atr_distance"":{""score"":65.81459240452648},""BR2_compression"":{""score"":49.50597019550106},""BR3_retest"":{""score"":50.0},""BR4_bo_age"":{""score"":50.0},""_score"":56.2},""risk"":{""R1_stop_clarity"":{""score"":65.68368730714883},""R2_stop_distance_pct"":{""value"":6.933780991735537,""score"":100.0},""R3_stop_distance_atr"":{""value"":0.8394476972197256,""score"":66.97238486098628},""R4_rr_potential"":{""value"":2.0173125344537346,""score"":50.86562672268673},""_score"":73.21},""market"":{""M1_spy_regime"":{""score"":100.0},""M3_earnings_risk"":{""value"":null,""score"":80.0},""M4_vix"":{""value"":null,""score"":60.0},""_score"":84.0},""liquidity"":{""L1_price"":{""value"":48.4,""score"":100.0},""L2_dollar_vol"":{""value"":1126656690.7912447,""score"":100.0},""L3_spread_proxy"":{""value"":0.03966942148760334,""score"":60.330578512396656},""L4_volume_zscore"":{""value"":-0.5807557660486506,""score"":100.0},""_score"":96.03},""pattern_structure"":{""left_low"":45.73,""left_idx"":29,""right_low"":46.93,""right_idx"":70,""separation_bars"":41,""structural_low"":45.73,""current_price"":47.825,""neckline_distance_pct"":0.05488761108207004,""base_bars"":41},""pattern_geometry_features"":{""low_similarity_pct"":0.025901143967191946,""bounce_pct"":0.10321452000874713,""right_bottom_reaction"":0.31979695431471866,""atr_pct"":0.08259932113341208},""_schema_version"":""1.0""}",,,,,,,,,,
20260623T215729Z-42792d,2026-06-23T21:57:29.965335+00:00,BELFB,vcp,breakout_confirmed,59.64,100.0,49.0,62.5,51.8,29.2,49.6,33.2,84.0,94.3,15.0,12.25,7.5,6.21,3.79,3.47,1.66,5.04,4.72,False,,304.33,283.225,255.2825,250.845,"{""trend"":{""T1_ema_stack"":{""value"":[true,true,true],""score"":100.0},""T2_ema50_slope"":{""value"":0.2997924240569805,""score"":99.96540400949675},""T3_high_proximity"":{""value"":1.0,""score"":99.99999999999997},""T4_rs_1m"":{""value"":0.1903860909167634,""score"":100},""T5_rs_3m"":{""value"":0.34341544908449295,""score"":100},""T6_adr_healthy"":{""value"":5.407456804428808,""score"":100.0},""_score"":99.99},""geometry"":{""sub_contraction_count"":100.0,""sub_reduction_rate"":13.8,""sub_pivot_tightness"":21.6,""sub_volume_dryup"":48.8,""sub_base_depth"":0.0,""sub_base_duration"":100.0,""_score"":49.01},""compression"":{""VC1_atr_ratio"":{""value"":0.46664751818411426,""score"":100},""VC2_range_contraction"":{""value"":1.1412011716093726,""score"":0},""VC3_range_pct_rank"":{""score"":90.0},""_score"":62.5},""sr_quality"":{""SR1_touches"":{""value"":4,""score"":75.0},""SR2_tightness"":{""value"":3.502759733677852,""score"":56.68391649454148},""SR3_recency"":{""value"":234,""score"":0.0},""SR4_price_location"":{""score"":30.0},""SR5_reaction"":{""value"":1.767369203475099,""score"":88.36846017375495},""_score"":51.76,""_levels_found"":6,""_target_level"":282.1488},""volume"":{""V1_rvol_day"":{""value"":0.8959853970081078,""score"":26.399026467207182},""V2_rvol_sameslot"":{""value"":1.2023182395433736,""score"":46.82121596955824,""status"":""ok""},""V3_breakout_bar"":{""value"":1.2462961800066874,""score"":49.75307866711249},""V4_base_dryup"":{""value"":1.3953688987491217,""score"":10.463110125087823},""V5_bo_expansion"":{""value"":0.895985397008108,""score"":0},""_score"":29.17},""readiness"":{""_distance_atr"":-1.305,""BR1_atr_distance"":{""score"":33.90098060129242},""BR2_compression"":{""score"":74.18411112177527},""BR3_retest"":{""score"":50.0},""BR4_bo_age"":{""score"":50.0},""_score"":49.61},""risk"":{""R1_stop_clarity"":{""score"":51.925494971122504},""R2_stop_distance_pct"":{""value"":16.116567541813158,""score"":0.0},""R3_stop_distance_atr"":{""value"":3.0326769933880158,""score"":100.0},""R4_rr_potential"":{""value"":-1.090472408917469,""score"":0.0},""_score"":33.17},""market"":{""M1_spy_regime"":{""score"":100.0},""M3_earnings_risk"":{""value"":null,""score"":80.0},""M4_vix"":{""value"":null,""score"":60.0},""_score"":84.0},""liquidity"":{""L1_price"":{""value"":304.33,""score"":100.0},""L2_dollar_vol"":{""value"":72229095.88329995,""score"":92.93560893396618},""L3_spread_proxy"":{""value"":0.028620247757368766,""score"":71.37975224263124},""L4_volume_zscore"":{""value"":-0.44979664927032026,""score"":100.0},""_score"":94.31},""pattern_structure"":{""n_contractions"":5,""contractions_pct"":[16.5,13.39,19.87,8.46,8.49],""descending_strict"":false,""final_low"":259.17,""final_pivot"":283.225,""structural_low"":259.17,""dry_up_ratio"":0.7560504553243116,""current_price"":304.33,""neckline_distance_pct"":-0.0693490618736239,""base_bars"":50},""pattern_geometry_features"":{""contraction_count"":5.0,""first_contraction_pct"":0.16504255037700066,""last_contraction_pct"":0.08493247418130463,""dry_up_ratio"":0.7560504553243116,""near_monotone"":0.0,""base_depth_pct"":-0.1427752546408573},""_schema_version"":""1.0""}",,,,,,,,,,
20260623T215729Z-42792d,2026-06-23T21:57:29.965335+00:00,AMAT,ascending_triangle,setup,58.9,100.0,55.3,26.6,39.4,34.7,77.4,34.9,84.0,79.3,15.0,15.49,2.13,5.52,4.17,6.19,1.4,5.04,3.96,False,,640.18,639.52,563.4298,707.03,"{""trend"":{""T1_ema_stack"":{""value"":[true,true,true],""score"":100.0},""T2_ema50_slope"":{""value"":0.5493098540226031,""score"":100},""T3_high_proximity"":{""value"":1.0,""score"":99.99999999999997},""T4_rs_1m"":{""value"":0.49554135169180213,""score"":100},""T5_rs_3m"":{""value"":0.6451795439049837,""score"":100},""T6_adr_healthy"":{""value"":5.305587491074217,""score"":100.0},""_score"":100.0},""geometry"":{""sub_flat_top_quality"":33.3,""sub_hl_slope"":100,""sub_compression"":1.3,""sub_duration"":100.0,""_score"":55.31},""compression"":{""VC1_atr_ratio"":{""value"":0.8942554709181921,""score"":26.436132270451967},""VC2_range_contraction"":{""value"":1.326702342447612,""score"":0},""VC3_range_pct_rank"":{""score"":64.16666666666666},""_score"":26.62},""sr_quality"":{""SR1_touches"":{""value"":2,""score"":25.0},""SR2_tightness"":{""value"":7.342499999999973,""score"":62.93637510212837},""SR3_recency"":{""value"":232,""score"":0.0},""SR4_price_location"":{""score"":30.0},""SR5_reaction"":{""value"":2.3923516138965075,""score"":100},""_score"":39.44,""_levels_found"":5,""_target_level"":445.5625},""volume"":{""V1_rvol_day"":{""value"":1.1222087540197643,""score"":41.48058360131762},""V2_rvol_sameslot"":{""value"":1.3242317517909432,""score"":54.94878345272954,""status"":""ok""},""V3_breakout_bar"":{""value"":1.096232486905091,""score"":39.7488324603394},""V4_base_dryup"":{""value"":1.285912940011304,""score"":21.408705998869593},""V5_bo_expansion"":{""value"":1.1222087540197643,""score"":8.147250267984285},""_score"":34.73},""readiness"":{""_distance_atr"":-0.017,""BR1_atr_distance"":{""score"":100.0},""BR2_compression"":{""score"":79.55108314515732},""BR3_retest"":{""score"":50.0},""BR4_bo_age"":{""score"":50.0},""_score"":77.39},""risk"":{""R1_stop_clarity"":{""score"":56.688939575420555},""R2_stop_distance_pct"":{""value"":11.988839076509725,""score"":0.27902308725686886},""R3_stop_distance_atr"":{""value"":1.937105053085047,""score"":100.0},""R4_rr_potential"":{""value"":0.8710080696910697,""score"":0.0},""_score"":34.92},""market"":{""M1_spy_regime"":{""score"":100.0},""M3_earnings_risk"":{""value"":null,""score"":80.0},""M4_vix"":{""value"":null,""score"":60.0},""_score"":84.0},""liquidity"":{""L1_price"":{""value"":640.18,""score"":29.910000000000025},""L2_dollar_vol"":{""value"":6873815546.80779,""score"":100.0},""L3_spread_proxy"":{""value"":0.03201443344059484,""score"":67.98556655940516},""L4_volume_zscore"":{""value"":0.3975552842857875,""score"":100.0},""_score"":79.28},""pattern_structure"":{""top"":639.52,""top_touches"":2,""low_slope_per_bar"":3.410596072931274,""lowest_low"":572.01,""structural_low"":572.01,""current_price"":625.515,""neckline_distance_pct"":0.02238955100996778,""base_bars"":43},""pattern_geometry_features"":{""top_touches"":2.0,""low_slope"":3.410596072931274,""compression"":0.006494494623917602,""atr_pct"":0.061890495083971916},""_schema_version"":""1.0""}",,,,,,,,,,
20260623T215729Z-42792d,2026-06-23T21:57:29.965335+00:00,AOSL,inverse_head_shoulders,setup,58.61,91.4,60.2,50.0,43.0,28.6,74.6,39.6,84.0,84.4,10.96,16.86,4.0,6.01,4.0,5.97,2.38,4.2,4.22,False,,49.36,49.13,42.68,54.93,"{""trend"":{""T1_ema_stack"":{""value"":[true,true,true],""score"":100.0},""T2_ema50_slope"":{""value"":0.6306404679575346,""score"":100},""T3_high_proximity"":{""value"":0.9257314328582146,""score"":62.865716429107266},""T4_rs_1m"":{""value"":0.21152745910831605,""score"":100},""T5_rs_3m"":{""value"":1.2230568967534385,""score"":100},""T6_adr_healthy"":{""value"":10.45501935034868,""score"":38.624516241283004},""_score"":91.36},""geometry"":{""sub_head_depth"":85.1,""sub_shoulder_price_sym"":72.8,""sub_shoulder_time_sym"":20.0,""sub_right_shoulder_reaction"":16.8,""sub_base_context"":100.0,""_score"":60.22},""compression"":{""VC1_atr_ratio"":{""value"":0.5952739147507145,""score"":100},""VC2_range_contraction"":{""value"":1.0197807106760135,""score"":0},""VC3_range_pct_rank"":{""score"":40.0},""_score"":50.0},""sr_quality"":{""SR1_touches"":{""value"":3,""score"":50.0},""SR2_tightness"":{""value"":1.2428326096283275,""score"":54.64144124504771},""SR3_recency"":{""value"":236,""score"":0.0},""SR4_price_location"":{""score"":30.0},""SR5_reaction"":{""value"":1.6344054066383826,""score"":81.72027033191912},""_score"":42.95,""_levels_found"":3,""_target_level"":44.2333},""volume"":{""V1_rvol_day"":{""value"":0.6627249902479962,""score"":10.84833268319975},""V2_rvol_sameslot"":{""value"":0.7815353667301831,""score"":18.769024448678874,""status"":""ok""},""V3_breakout_bar"":{""value"":1.091448660142024,""score"":39.429910676134924},""V4_base_dryup"":{""value"":0.8596704601851239,""score"":64.03295398148761},""V5_bo_expansion"":{""value"":0.6627249902479962,""score"":0},""_score"":28.59},""readiness"":{""_distance_atr"":-0.042,""BR1_atr_distance"":{""score"":100.0},""BR2_compression"":{""score"":68.45915115567863},""BR3_retest"":{""score"":50.0},""BR4_bo_age"":{""score"":50.0},""_score"":74.61},""risk"":{""R1_stop_clarity"":{""score"":76.27935167262973},""R2_stop_distance_pct"":{""value"":13.533123987034045,""score"":0.0},""R3_stop_distance_atr"":{""value"":1.2189610338827312,""score"":85.94805169413657},""R4_rr_potential"":{""value"":0.8338385766360531,""score"":0.0},""_score"":39.59},""market"":{""M1_spy_regime"":{""score"":100.0},""M3_earnings_risk"":{""value"":null,""score"":80.0},""M4_vix"":{""value"":null,""score"":60.0},""_score"":84.0},""liquidity"":{""L1_price"":{""value"":49.36,""score"":100.0},""L2_dollar_vol"":{""value"":35581268.33531432,""score"":77.56107124755633},""L3_spread_proxy"":{""value"":0.06604538087520255,""score"":33.954619124797446},""L4_volume_zscore"":{""value"":-0.6549514381613912,""score"":100.0},""_score"":84.42},""pattern_structure"":{""left_shoulder"":45.84,""left_shoulder_idx"":76,""head"":43.33,""head_idx"":86,""right_shoulder"":46.85,""right_shoulder_idx"":92,""left_to_head_bars"":10,""head_to_right_bars"":6,""structural_low"":43.33,""current_price"":49.26,""neckline_distance_pct"":-0.0026390580592772117,""base_bars"":16},""pattern_geometry_features"":{""head_depth_pct"":0.0650555615492502,""shoulder_price_asymmetry"":0.021793073686481777,""shoulder_time_asymmetry"":0.4,""right_shoulder_reaction"":0.16783216783216787,""atr_pct"":0.11102179323917573},""_schema_version"":""1.0""}",,,,,,,,,,
20260623T215729Z-42792d,2026-06-23T21:57:29.965335+00:00,RTX,breakout_retest_hold,forming,58.55,53.9,74.0,26.8,38.1,34.3,77.2,46.2,84.0,97.4,7.54,16.29,1.61,5.34,4.45,13.89,2.31,4.2,2.92,False,,181.83,182.3,179.1603,184.96,"{""trend"":{""T1_ema_stack"":{""value"":[true,false,true],""score"":66.66666666666666},""T2_ema50_slope"":{""value"":-0.05841854061933785,""score"":40.26357656344369},""T3_high_proximity"":{""value"":0.8936013367407117,""score"":46.800668370355844},""T4_rs_1m"":{""value"":0.03568384368003219,""score"":85.6838436800322},""T5_rs_3m"":{""value"":-0.23014856855138122,""score"":0},""T6_adr_healthy"":{""value"":2.5163452294583255,""score"":100.0},""_score"":53.88},""geometry"":{""sub_retest_depth"":100.0,""sub_retest_timing"":0.0,""sub_retest_freshness"":100.0,""sub_hold_quality"":80.1,""_score"":74.03},""compression"":{""VC1_atr_ratio"":{""value"":0.8157675971502463,""score"":46.05810071243843},""VC2_range_contraction"":{""value"":1.356415335640041,""score"":0},""VC3_range_pct_rank"":{""score"":33.333333333333336},""_score"":26.76},""sr_quality"":{""SR1_touches"":{""value"":2,""score"":25.0},""SR2_tightness"":{""value"":0.5999999999999943,""score"":77.12851189657752},""SR3_recency"":{""value"":279,""score"":0.0},""SR4_price_location"":{""score"":16.312787619267596},""SR5_reaction"":{""value"":2.940892178631766,""score"":100},""_score"":38.15,""_levels_found"":6,""_target_level"":184.97},""volume"":{""V1_rvol_day"":{""value"":1.0885665608024118,""score"":39.23777072016079},""V2_rvol_sameslot"":{""value"":0.9173648986143396,""score"":27.824326574289305,""status"":""ok""},""V3_breakout_bar"":{""value"":0.9336507219290875,""score"":28.91004812860583},""V4_base_dryup"":{""value"":0.8635190763239606,""score"":63.64809236760394},""V5_bo_expansion"":{""value"":1.0885665608024115,""score"":5.904437386827436},""_score"":34.26},""readiness"":{""_distance_atr"":0.09,""BR1_atr_distance"":{""score"":94.02800032855076},""BR2_compression"":{""score"":70.45938173233876},""BR3_retest"":{""score"":87.32538367601981},""BR4_bo_age"":{""score"":30.0},""_score"":77.19},""risk"":{""R1_stop_clarity"":{""score"":31.01577996539355},""R2_stop_distance_pct"":{""value"":1.4682395644283153,""score"":86.70598911070788},""R3_stop_distance_atr"":{""value"":0.5088334315808974,""score"":50.441671579044865},""R4_rr_potential"":{""value"":1.1724163763718833,""score"":8.620818818594167},""_score"":46.16},""market"":{""M1_spy_regime"":{""score"":100.0},""M3_earnings_risk"":{""value"":null,""score"":80.0},""M4_vix"":{""value"":null,""score"":60.0},""_score"":84.0},""liquidity"":{""L1_price"":{""value"":181.83,""score"":100.0},""L2_dollar_vol"":{""value"":1154943838.5872786,""score"":100.0},""L3_spread_proxy"":{""value"":0.02606830556013864,""score"":73.93169443986136},""L4_volume_zscore"":{""value"":0.36968062766002213,""score"":100.0},""_score"":97.39},""pattern_structure"":{""level"":182.3,""level_idx"":20,""breakout_idx"":41,""bo_peak_idx"":68,""bo_peak_price"":194.17,""retest_idx"":78,""retest_low"":180.97,""structural_low"":180.97,""current_price"":182.3841,""neckline_distance_pct"":-0.0004611147572621631,""base_bars"":59,""bars_since_breakout"":38},""pattern_geometry_features"":{""retest_depth_atr"":0.6409947467347898,""bars_breakout_to_retest"":37.0,""bars_since_retest"":1.0,""current_above_level_atr"":0.04053207383487313,""bo_peak_excess_pct"":0.06511245200219405,""atr_pct"":0.028855013709823144},""_schema_version"":""1.0""}",,,,,,,,,,
20260623T215729Z-42792d,2026-06-23T21:57:29.965335+00:00,BELFB,bull_flag,absent,58.55,100.0,36.0,62.5,51.8,38.8,63.9,66.9,84.0,94.3,14.0,10.8,5.62,5.18,5.43,5.75,2.01,5.04,4.72,False,,304.33,311.67,288.6542,335.55,"{""trend"":{""T1_ema_stack"":{""value"":[true,true,true],""score"":100.0},""T2_ema50_slope"":{""value"":0.2997924240569805,""score"":99.96540400949675},""T3_high_proximity"":{""value"":1.0,""score"":99.99999999999997},""T4_rs_1m"":{""value"":0.1903860909167634,""score"":100},""T5_rs_3m"":{""value"":0.34341544908449295,""score"":100},""T6_adr_healthy"":{""value"":5.407456804428808,""score"":100.0},""_score"":99.99},""geometry"":{""sub_pole_impulse"":14.0,""sub_flag_tightness"":27.2,""sub_flag_shallowness"":0,""sub_flag_drift"":100,""sub_flag_duration"":100.0,""_score"":36.0},""compression"":{""VC1_atr_ratio"":{""value"":0.46664751818411426,""score"":100},""VC2_range_contraction"":{""value"":1.1412011716093726,""score"":0},""VC3_range_pct_rank"":{""score"":90.0},""_score"":62.5},""sr_quality"":{""SR1_touches"":{""value"":4,""score"":75.0},""SR2_tightness"":{""value"":3.502759733677852,""score"":56.68391649454148},""SR3_recency"":{""value"":234,""score"":0.0},""SR4_price_location"":{""score"":30.0},""SR5_reaction"":{""value"":1.767369203475099,""score"":88.36846017375495},""_score"":51.76,""_levels_found"":6,""_target_level"":282.1488},""volume"":{""V1_rvol_day"":{""value"":0.8959853970081078,""score"":26.399026467207182},""V2_rvol_sameslot"":{""value"":1.2023182395433736,""score"":46.82121596955824,""status"":""ok""},""V3_breakout_bar"":{""value"":1.2462961800066874,""score"":49.75307866711249},""V4_base_dryup"":{""value"":0.9138049675101247,""score"":58.61950324898753},""V5_bo_expansion"":{""value"":0.895985397008108,""score"":0},""_score"":38.81},""readiness"":{""_distance_atr"":0.454,""BR1_atr_distance"":{""score"":69.74385179080554},""BR2_compression"":{""score"":74.18411112177527},""BR3_retest"":{""score"":50.0},""BR4_bo_age"":{""score"":50.0},""_score"":63.94},""risk"":{""R1_stop_clarity"":{""score"":45.64095497660763},""R2_stop_distance_pct"":{""value"":5.150905267308512,""score"":100.0},""R3_stop_distance_atr"":{""value"":0.9692530285223665,""score"":73.46265142611831},""R4_rr_potential"":{""value"":1.9916112466708158,""score"":49.58056233354079},""_score"":66.91},""market"":{""M1_spy_regime"":{""score"":100.0},""M3_earnings_risk"":{""value"":null,""score"":80.0},""M4_vix"":{""value"":null,""score"":60.0},""_score"":84.0},""liquidity"":{""L1_price"":{""value"":304.33,""score"":100.0},""L2_dollar_vol"":{""value"":72229095.88329995,""score"":92.93560893396618},""L3_spread_proxy"":{""value"":0.028620247757368766,""score"":71.37975224263124},""L4_volume_zscore"":{""value"":-0.44979664927032026,""score"":100.0},""_score"":94.31},""pattern_structure"":{""pole_low"":287.79,""pole_low_idx"":23,""peak_price"":311.67,""peak_idx"":48,""pole_gain"":0.0829771708537475,""flag_bars"":11,""flag_low"":293.05,""flag_high"":304.3499,""structural_low"":293.05,""current_price"":302.29,""neckline_distance_pct"":0.031029805815607513,""base_bars"":11},""pattern_geometry_features"":{""pole_gain"":0.0829771708537475,""pullback_pct"":0.05974267654891393,""flag_range_pct"":0.036255975871915744,""flag_drift_per_bar"":0.0023242280892219556,""atr_pct"":0.05314304021480444,""pole_atr_multiple"":1.5613929974339698},""_schema_version"":""1.0""}",,,,,,,,,,
20260623T215729Z-42792d,2026-06-23T21:57:29.965335+00:00,INTC,double_bottom,setup,58.37,100.0,64.6,43.0,39.1,20.1,44.6,38.0,84.0,96.3,15.0,16.16,3.44,5.47,2.61,3.56,2.28,5.04,4.81,False,,140.94,122.64,116.309,127.1998,"{""trend"":{""T1_ema_stack"":{""value"":[true,true,true],""score"":100.0},""T2_ema50_slope"":{""value"":0.5878480783172354,""score"":100},""T3_high_proximity"":{""value"":1.0,""score"":99.99999999999997},""T4_rs_1m"":{""value"":0.18053190155036725,""score"":100},""T5_rs_3m"":{""value"":2.064933395455941,""score"":100},""T6_adr_healthy"":{""value"":6.9178167804901225,""score"":100.0},""_score"":100.0},""geometry"":{""sub_low_similarity"":64.9,""sub_bounce_quality"":12.3,""sub_separation_fit"":86.7,""sub_right_bottom_reaction"":64.7,""sub_base_context"":100.0,""_score"":64.64},""compression"":{""VC1_atr_ratio"":{""value"":0.7807287597325645,""score"":54.817810066858875},""VC2_range_contraction"":{""value"":1.0014478683298693,""score"":0},""VC3_range_pct_rank"":{""score"":84.16666666666667},""_score"":42.97},""sr_quality"":{""SR1_touches"":{""value"":2,""score"":25.0},""SR2_tightness"":{""value"":2.0350000000000037,""score"":60.57235816462867},""SR3_recency"":{""value"":232,""score"":0.0},""SR4_price_location"":{""score"":30.0},""SR5_reaction"":{""value"":2.5424532185978346,""score"":100},""_score"":39.09,""_levels_found"":3,""_target_level"":100.365},""volume"":{""V1_rvol_day"":{""value"":0.9603087952227483,""score"":30.687253014849887},""V2_rvol_sameslot"":{""value"":0.8942143752254558,""score"":26.28095834836372,""status"":""ok""},""V3_breakout_bar"":{""value"":0.5837143292747846,""score"":5.580955284985642},""V4_base_dryup"":{""value"":1.1371653399895907,""score"":36.283466001040935},""V5_bo_expansion"":{""value"":0.9603087952227485,""score"":0},""_score"":20.05},""readiness"":{""_distance_atr"":-1.773,""BR1_atr_distance"":{""score"":24.54418449202487},""BR2_compression"":{""score"":68.97070090646376},""BR3_retest"":{""score"":50.0},""BR4_bo_age"":{""score"":50.0},""_score"":44.56},""risk"":{""R1_stop_clarity"":{""score"":65.68336240700978},""R2_stop_distance_pct"":{""value"":17.476233148857663,""score"":0.0},""R3_stop_distance_atr"":{""value"":2.386099175257874,""score"":100.0},""R4_rr_potential"":{""value"":-0.5578416761997067,""score"":0.0},""_score"":37.99},""market"":{""M1_spy_regime"":{""score"":100.0},""M3_earnings_risk"":{""value"":null,""score"":80.0},""M4_vix"":{""value"":null,""score"":60.0},""_score"":84.0},""liquidity"":{""L1_price"":{""value"":140.94,""score"":100.0},""L2_dollar_vol"":{""value"":17926236582.263515,""score"":100.0},""L3_spread_proxy"":{""value"":0.03717894139350064,""score"":62.821058606499356},""L4_volume_zscore"":{""value"":-0.1370857252629307,""score"":100.0},""_score"":96.28},""pattern_structure"":{""left_low"":118.0802,""left_idx"":58,""right_low"":120.17,""right_idx"":66,""separation_bars"":8,""structural_low"":118.0802,""current_price"":140.67,""neckline_distance_pct"":-0.12817231819151198,""base_bars"":8},""pattern_geometry_features"":{""low_similarity_pct"":0.017542902377416656,""bounce_pct"":0.0386161270052049,""right_bottom_reaction"":0.6465822784810096,""atr_pct"":0.07324185570354153},""_schema_version"":""1.0""}",,,,,,,,,,
20260623T215729Z-42792d,2026-06-23T21:57:29.965335+00:00,DELL,breakout_retest_hold,setup,58.26,92.4,62.0,44.0,36.7,1.7,75.7,61.3,84.0,93.0,12.93,13.64,2.64,5.14,0.22,13.63,3.06,4.2,2.79,False,,418.71,415.91,410.3389,418.7626,"{""trend"":{""T1_ema_stack"":{""value"":[true,true,true],""score"":100.0},""T2_ema50_slope"":{""value"":1.3188158701140322,""score"":100},""T3_high_proximity"":{""value"":0.898596446046871,""score"":49.29822302343545},""T4_rs_1m"":{""value"":0.7193468374327496,""score"":100},""T5_rs_3m"":{""value"":1.5078694044491103,""score"":100},""T6_adr_healthy"":{""value"":7.098799461563058,""score"":100.0},""_score"":92.39},""geometry"":{""sub_retest_depth"":77.7,""sub_retest_timing"":0.0,""sub_retest_freshness"":75.0,""sub_hold_quality"":79.0,""_score"":62.01},""compression"":{""VC1_atr_ratio"":{""value"":0.5825196581222785,""score"":100},""VC2_range_contraction"":{""value"":1.1368974959057256,""score"":0},""VC3_range_pct_rank"":{""score"":15.833333333333332},""_score"":43.96},""sr_quality"":{""SR1_touches"":{""value"":2,""score"":25.0},""SR2_tightness"":{""value"":1.7249999999999943,""score"":88.70966950187206},""SR3_recency"":{""value"":247,""score"":0.0},""SR4_price_location"":{""score"":30.0},""SR5_reaction"":{""value"":1.1251059783351884,""score"":56.25529891675942},""_score"":36.74,""_levels_found"":5,""_target_level"":262.265},""volume"":{""V1_rvol_day"":{""value"":0.5563372778227222,""score"":3.7558185215148163},""V2_rvol_sameslot"":{""value"":0.4766282017443646,""score"":0,""status"":""ok""},""V3_breakout_bar"":{""value"":0.5574189625939424,""score"":3.827930839596161},""V4_base_dryup"":{""value"":1.650889105025581,""score"":0},""V5_bo_expansion"":{""value"":0.5563372778227221,""score"":0},""_score"":1.71},""readiness"":{""_distance_atr"":-0.092,""BR1_atr_distance"":{""score"":100.0},""BR2_compression"":{""score"":46.67986715849776},""BR3_retest"":{""score"":97.66617414645214},""BR4_bo_age"":{""score"":30.0},""_score"":75.7},""risk"":{""R1_stop_clarity"":{""score"":72.87154806326421},""R2_stop_distance_pct"":{""value"":1.9992684674356898,""score"":99.98171168589225},""R3_stop_distance_atr"":{""value"":0.27395044456552836,""score"":38.69752222827641},""R4_rr_potential"":{""value"":0.00628349530059033,""score"":0.0},""_score"":61.3},""market"":{""M1_spy_regime"":{""score"":100.0},""M3_earnings_risk"":{""value"":null,""score"":80.0},""M4_vix"":{""value"":null,""score"":60.0},""_score"":84.0},""liquidity"":{""L1_price"":{""value"":418.71,""score"":100.0},""L2_dollar_vol"":{""value"":3072024919.830659,""score"":100.0},""L3_spread_proxy"":{""value"":0.07049342026701058,""score"":29.506579732989422},""L4_volume_zscore"":{""value"":-0.6870986872747814,""score"":100.0},""_score"":92.95},""pattern_structure"":{""level"":415.91,""level_idx"":50,""breakout_idx"":64,""bo_peak_idx"":74,""bo_peak_price"":444.0,""retest_idx"":79,""retest_low"":414.4837,""structural_low"":414.4837,""current_price"":416.23,""neckline_distance_pct"":-0.0007688057083823683,""base_bars"":29,""bars_since_breakout"":15},""pattern_geometry_features"":{""retest_depth_atr"":0.1436440242080369,""bars_breakout_to_retest"":15.0,""bars_since_retest"":0.0,""current_above_level_atr"":0.03222750315261164,""bo_peak_excess_pct"":0.0675386501887427,""atr_pct"":0.07297920142478428},""_schema_version"":""1.0""}",,,,,,,,,,
20260623T215729Z-42792d,2026-06-23T21:57:29.965335+00:00,NXE,ascending_triangle,forming,58.2,19.8,79.9,62.3,69.4,15.1,47.8,76.0,84.0,88.6,2.98,22.38,4.98,9.71,1.82,3.83,3.04,5.04,4.43,False,,10.45,10.91,10.1603,11.505,"{""trend"":{""T1_ema_stack"":{""value"":[false,false,true],""score"":33.33333333333333},""T2_ema50_slope"":{""value"":-0.3302020859483936,""score"":0},""T3_high_proximity"":{""value"":0.7977099236641221,""score"":0},""T4_rs_1m"":{""value"":-0.01745610657545471,""score"":32.54389342454529},""T5_rs_3m"":{""value"":-0.2196764703635058,""score"":0},""T6_adr_healthy"":{""value"":5.270676974568989,""score"":100.0},""_score"":19.84},""geometry"":{""sub_flat_top_quality"":66.7,""sub_hl_slope"":87.9,""sub_compression"":74.2,""sub_duration"":100.0,""_score"":79.93},""compression"":{""VC1_atr_ratio"":{""value"":0.5328717264720985,""score"":100},""VC2_range_contraction"":{""value"":1.0544415467295492,""score"":0},""VC3_range_pct_rank"":{""score"":89.16666666666666},""_score"":62.29},""sr_quality"":{""SR1_touches"":{""value"":4,""score"":75.0},""SR2_tightness"":{""value"":0.14579337262029438,""score"":56.90411687251129},""SR3_recency"":{""value"":242,""score"":0.0},""SR4_price_location"":{""score"":93.28037245048772},""SR5_reaction"":{""value"":2.098285545373928,""score"":100},""_score"":69.36,""_levels_found"":5,""_target_level"":10.6015},""volume"":{""V1_rvol_day"":{""value"":0.5177717549612493,""score"":1.1847836640832852},""V2_rvol_sameslot"":{""value"":0.4422552255400488,""score"":0,""status"":""ok""},""V3_breakout_bar"":{""value"":0.6108446445065123,""score"":7.389642967100822},""V4_base_dryup"":{""value"":0.8470181978197295,""score"":65.29818021802706},""V5_bo_expansion"":{""value"":0.5177717549612492,""score"":0},""_score"":15.14},""readiness"":{""_distance_atr"":0.68,""BR1_atr_distance"":{""score"":54.675337471672016},""BR2_compression"":{""score"":33.81250562235694},""BR3_retest"":{""score"":50.0},""BR4_bo_age"":{""score"":50.0},""_score"":47.82},""risk"":{""R1_stop_clarity"":{""score"":54.26396689328973},""R2_stop_distance_pct"":{""value"":2.7724880382775186,""score"":100.0},""R3_stop_distance_atr"":{""value"":0.4282072125332554,""score"":46.41036062666277},""R4_rr_potential"":{""value"":3.6413840711019034,""score"":100.0},""_score"":75.95},""market"":{""M1_spy_regime"":{""score"":100.0},""M3_earnings_risk"":{""value"":null,""score"":80.0},""M4_vix"":{""value"":null,""score"":60.0},""_score"":84.0},""liquidity"":{""L1_price"":{""value"":10.45,""score"":100.0},""L2_dollar_vol"":{""value"":37759856.26641965,""score"":78.85151662396628},""L3_spread_proxy"":{""value"":0.029186602870813372,""score"":70.81339712918663},""L4_volume_zscore"":{""value"":-1.1428979610290777,""score"":100.0},""_score"":88.62},""pattern_structure"":{""top"":10.91,""top_touches"":3,""low_slope_per_bar"":0.027193278544173752,""lowest_low"":10.315,""structural_low"":10.315,""current_price"":10.495,""neckline_distance_pct"":0.03954263935207251,""base_bars"":45},""pattern_geometry_features"":{""top_touches"":3.0,""low_slope"":0.027193278544173752,""compression"":0.3709290305182251,""atr_pct"":0.06474641148325361},""_schema_version"":""1.0""}",,,,,,,,,,
20260623T215729Z-42792d,2026-06-23T21:57:29.965335+00:00,APH,vcp,breakout_confirmed,57.94,98.9,46.8,68.6,60.8,17.5,35.5,24.4,84.0,97.2,14.83,11.71,8.23,7.29,2.28,2.49,1.22,5.04,4.86,False,,165.96,151.92,136.127,167.77,"{""trend"":{""T1_ema_stack"":{""value"":[true,true,true],""score"":100.0},""T2_ema50_slope"":{""value"":0.2661591722107564,""score"":94.35986203512607},""T3_high_proximity"":{""value"":1.0,""score"":99.99999999999997},""T4_rs_1m"":{""value"":0.3444839448173975,""score"":100},""T5_rs_3m"":{""value"":0.161712008756697,""score"":100},""T6_adr_healthy"":{""value"":3.9649686363638295,""score"":100.0},""_score"":98.87},""geometry"":{""sub_contraction_count"":100.0,""sub_reduction_rate"":0,""sub_pivot_tightness"":13.9,""sub_volume_dryup"":29.8,""sub_base_depth"":52.9,""sub_base_duration"":100.0,""_score"":46.84},""compression"":{""VC1_atr_ratio"":{""value"":0.5992322201669642,""score"":100},""VC2_range_contraction"":{""value"":0.8420411325295466,""score"":26.326477911742234},""VC3_range_pct_rank"":{""score"":77.5},""_score"":68.59},""sr_quality"":{""SR1_touches"":{""value"":5,""score"":100},""SR2_tightness"":{""value"":1.4909434334004792,""score"":55.02917576730213},""SR3_recency"":{""value"":234,""score"":0.0},""SR4_price_location"":{""score"":30.0},""SR5_reaction"":{""value"":2.4355113648605,""score"":100},""_score"":60.75,""_levels_found"":4,""_target_level"":154.525},""volume"":{""V1_rvol_day"":{""value"":0.7908208481312556,""score"":19.38805654208371},""V2_rvol_sameslot"":{""value"":0.5079244822617403,""score"":0.5282988174493501,""status"":""ok""},""V3_breakout_bar"":{""value"":0.7017035712980811,""score"":13.446904753205411},""V4_base_dryup"":{""value"":0.9916281139607278,""score"":50.83718860392722},""V5_bo_expansion"":{""value"":0.7908208481312556,""score"":0},""_score"":17.51},""readiness"":{""_distance_atr"":-2.117,""BR1_atr_distance"":{""score"":17.651621243132524},""BR2_compression"":{""score"":43.95237203747179},""BR3_retest"":{""score"":50.0},""BR4_bo_age"":{""score"":50.0},""_score"":35.55},""risk"":{""R1_stop_clarity"":{""score"":37.47279974146264},""R2_stop_distance_pct"":{""value"":17.976018317666924,""score"":0.0},""R3_stop_distance_atr"":{""value"":4.499213616287844,""score"":75.0393191856078},""R4_rr_potential"":{""value"":0.06067106895049109,""score"":0.0},""_score"":24.37},""market"":{""M1_spy_regime"":{""score"":100.0},""M3_earnings_risk"":{""value"":null,""score"":80.0},""M4_vix"":{""value"":null,""score"":60.0},""_score"":84.0},""liquidity"":{""L1_price"":{""value"":165.96,""score"":100.0},""L2_dollar_vol"":{""value"":1424741580.1384254,""score"":100.0},""L3_spread_proxy"":{""value"":0.02832007712701849,""score"":71.6799228729815},""L4_volume_zscore"":{""value"":-0.6839747191791105,""score"":100.0},""_score"":97.17},""pattern_structure"":{""n_contractions"":5,""contractions_pct"":[17.17,13.57,8.49,21.62,9.03],""descending_strict"":false,""final_low"":138.2,""final_pivot"":151.92,""structural_low"":138.2,""dry_up_ratio"":0.8511305071891581,""current_price"":165.96,""neckline_distance_pct"":-0.08459869848156194,""base_bars"":70},""pattern_geometry_features"":{""contraction_count"":5.0,""first_contraction_pct"":0.17169750081142496,""last_contraction_pct"":0.09031068983675619,""dry_up_ratio"":0.8511305071891581,""near_monotone"":0.0,""base_depth_pct"":0.10288867250892582},""_schema_version"":""1.0""}",,,,,,,,,,
20260623T215729Z-42792d,2026-06-23T21:57:29.965335+00:00,DIOD,vcp,setup,57.67,100.0,43.7,55.2,37.9,28.2,73.2,38.5,84.0,96.3,15.0,10.92,6.62,4.55,3.67,5.13,1.92,5.04,4.81,False,,122.76,121.96,95.6632,97.15,"{""trend"":{""T1_ema_stack"":{""value"":[true,true,true],""score"":100.0},""T2_ema50_slope"":{""value"":0.38936109727607676,""score"":100},""T3_high_proximity"":{""value"":1.0,""score"":99.99999999999997},""T4_rs_1m"":{""value"":0.2593768819448723,""score"":100},""T5_rs_3m"":{""value"":0.7481669223821961,""score"":100},""T6_adr_healthy"":{""value"":6.492893677765268,""score"":100.0},""_score"":100.0},""geometry"":{""sub_contraction_count"":100.0,""sub_reduction_rate"":0,""sub_pivot_tightness"":0,""sub_volume_dryup"":57.9,""sub_base_depth"":0.0,""sub_base_duration"":100.0,""_score"":43.69},""compression"":{""VC1_atr_ratio"":{""value"":0.6146454621311908,""score"":96.33863446720231},""VC2_range_contraction"":{""value"":1.0557388949822004,""score"":0},""VC3_range_pct_rank"":{""score"":66.66666666666667},""_score"":55.2},""sr_quality"":{""SR1_touches"":{""value"":2,""score"":25.0},""SR2_tightness"":{""value"":2.0799999999999983,""score"":52.90879555997219},""SR3_recency"":{""value"":234,""score"":0.0},""SR4_price_location"":{""score"":30.0},""SR5_reaction"":{""value"":2.4185182280317186,""score"":100},""_score"":37.94,""_levels_found"":5,""_target_level"":119.88},""volume"":{""V1_rvol_day"":{""value"":1.2217473371056542,""score"":48.11648914037694},""V2_rvol_sameslot"":{""value"":0.8190745529981882,""score"":21.271636866545883,""status"":""ok""},""V3_breakout_bar"":{""value"":0.5607982249741559,""score"":4.053214998277058},""V4_base_dryup"":{""value"":0.9445749438635231,""score"":55.542505613647684},""V5_bo_expansion"":{""value"":1.2217473371056544,""score"":14.783155807043627},""_score"":28.22},""readiness"":{""_distance_atr"":-0.091,""BR1_atr_distance"":{""score"":100.0},""BR2_compression"":{""score"":62.9118026043055},""BR3_retest"":{""score"":50.0},""BR4_bo_age"":{""score"":50.0},""_score"":73.23},""risk"":{""R1_stop_clarity"":{""score"":67.01804489027276},""R2_stop_distance_pct"":{""value"":22.072987943955685,""score"":0.0},""R3_stop_distance_atr"":{""value"":3.0673580492080452,""score"":100.0},""R4_rr_potential"":{""value"":-0.9451300522570936,""score"":0.0},""_score"":38.46},""market"":{""M1_spy_regime"":{""score"":100.0},""M3_earnings_risk"":{""value"":null,""score"":80.0},""M4_vix"":{""value"":null,""score"":60.0},""_score"":84.0},""liquidity"":{""L1_price"":{""value"":122.76,""score"":100.0},""L2_dollar_vol"":{""value"":104152979.23028065,""score"":100.0},""L3_spread_proxy"":{""value"":0.037308569566634066,""score"":62.69143043336594},""L4_volume_zscore"":{""value"":0.44974098834200266,""score"":100.0},""_score"":96.27},""pattern_structure"":{""n_contractions"":5,""contractions_pct"":[19.33,14.96,11.96,22.73,20.37],""descending_strict"":false,""final_low"":97.12,""final_pivot"":121.96,""structural_low"":97.12,""dry_up_ratio"":0.7103630768931963,""current_price"":122.76,""neckline_distance_pct"":-0.006516780710329189,""base_bars"":69},""pattern_geometry_features"":{""contraction_count"":5.0,""first_contraction_pct"":0.1932651085603651,""last_contraction_pct"":0.20367333551984249,""dry_up_ratio"":0.7103630768931963,""near_monotone"":0.0,""base_depth_pct"":-0.3431060710828378},""_schema_version"":""1.0""}",,,,,,,,,,
20260623T215729Z-42792d,2026-06-23T21:57:29.965335+00:00,AOSL,high_tight_pullback,forming,57.18,91.4,55.0,50.0,43.0,18.7,64.9,82.2,84.0,84.4,10.96,19.24,5.0,3.44,2.62,5.84,0.82,5.04,4.22,False,,49.36,51.36,47.3785,59.39,"{""trend"":{""T1_ema_stack"":{""value"":[true,true,true],""score"":100.0},""T2_ema50_slope"":{""value"":0.6306404679575346,""score"":100},""T3_high_proximity"":{""value"":0.9257314328582146,""score"":62.865716429107266},""T4_rs_1m"":{""value"":0.21152745910831605,""score"":100},""T5_rs_3m"":{""value"":1.2230568967534385,""score"":100},""T6_adr_healthy"":{""value"":10.45501935034868,""score"":38.624516241283004},""_score"":91.36},""geometry"":{""sub_pole_impulse"":16.7,""sub_flag_tightness"":74.6,""sub_flag_shallowness"":31.5,""sub_flag_drift"":100,""sub_flag_duration"":100.0,""_score"":54.96},""compression"":{""VC1_atr_ratio"":{""value"":0.5952739147507145,""score"":100},""VC2_range_contraction"":{""value"":1.0197807106760135,""score"":0},""VC3_range_pct_rank"":{""score"":40.0},""_score"":50.0},""sr_quality"":{""SR1_touches"":{""value"":3,""score"":50.0},""SR2_tightness"":{""value"":1.2428326096283275,""score"":54.64144124504771},""SR3_recency"":{""value"":236,""score"":0.0},""SR4_price_location"":{""score"":30.0},""SR5_reaction"":{""value"":1.6344054066383826,""score"":81.72027033191912},""_score"":42.95,""_levels_found"":3,""_target_level"":44.2333},""volume"":{""V1_rvol_day"":{""value"":0.6627249902479962,""score"":10.84833268319975},""V2_rvol_sameslot"":{""value"":0.7815353667301831,""score"":18.769024448678874,""status"":""ok""},""V3_breakout_bar"":{""value"":1.091448660142024,""score"":39.429910676134924},""V4_base_dryup"":{""value"":1.3520197909970957,""score"":14.798020900290425},""V5_bo_expansion"":{""value"":0.6627249902479962,""score"":0},""_score"":18.74},""readiness"":{""_distance_atr"":0.365,""BR1_atr_distance"":{""score"":75.66925832513257},""BR2_compression"":{""score"":68.45915115567863},""BR3_retest"":{""score"":50.0},""BR4_bo_age"":{""score"":50.0},""_score"":64.88},""risk"":{""R1_stop_clarity"":{""score"":73.66805482237476},""R2_stop_distance_pct"":{""value"":4.014384116693673,""score"":100.0},""R3_stop_distance_atr"":{""value"":0.36158523471562304,""score"":43.07926173578115},""R4_rr_potential"":{""value"":5.061821852132232,""score"":100.0},""_score"":82.25},""market"":{""M1_spy_regime"":{""score"":100.0},""M3_earnings_risk"":{""value"":null,""score"":80.0},""M4_vix"":{""value"":null,""score"":60.0},""_score"":84.0},""liquidity"":{""L1_price"":{""value"":49.36,""score"":100.0},""L2_dollar_vol"":{""value"":35581268.33531432,""score"":77.56107124755633},""L3_spread_proxy"":{""value"":0.06604538087520255,""score"":33.954619124797446},""L4_volume_zscore"":{""value"":-0.6549514381613912,""score"":100.0},""_score"":84.42},""pattern_structure"":{""pole_low"":43.33,""pole_low_idx"":46,""peak_price"":51.36,""peak_idx"":54,""pole_gain"":0.18532194784214173,""flag_bars"":5,""flag_low"":48.1,""flag_high"":49.55,""structural_low"":48.1,""current_price"":49.26,""neckline_distance_pct"":0.04263093788063341,""base_bars"":5},""pattern_geometry_features"":{""pole_gain"":0.18532194784214173,""pullback_pct"":0.06347352024922115,""flag_range_pct"":0.028232087227414247,""flag_drift_per_bar"":0.004344295574502516,""atr_pct"":0.11102179323917573,""pole_atr_multiple"":1.6692393667511765},""_schema_version"":""1.0""}",,,,,,,,,,
20260623T215729Z-42792d,2026-06-23T21:57:29.965335+00:00,AMD,bull_flag,absent,57.06,100.0,49.7,22.7,57.5,18.2,66.6,77.3,84.0,88.6,14.0,14.92,2.05,5.75,2.55,5.99,2.32,5.04,4.43,False,,551.63,562.9899,528.7381,618.679,"{""trend"":{""T1_ema_stack"":{""value"":[true,true,true],""score"":100.0},""T2_ema50_slope"":{""value"":0.8688983267458298,""score"":100},""T3_high_proximity"":{""value"":1.0,""score"":99.99999999999997},""T4_rs_1m"":{""value"":0.22823631947772038,""score"":100},""T5_rs_3m"":{""value"":1.592189055505804,""score"":100},""T6_adr_healthy"":{""value"":5.779527555736194,""score"":100.0},""_score"":100.0},""geometry"":{""sub_pole_impulse"":16.3,""sub_flag_tightness"":67.2,""sub_flag_shallowness"":15.2,""sub_flag_drift"":100,""sub_flag_duration"":100.0,""_score"":49.73},""compression"":{""VC1_atr_ratio"":{""value"":0.8705089367345619,""score"":32.37276581635953},""VC2_range_contraction"":{""value"":1.1086428171651281,""score"":0},""VC3_range_pct_rank"":{""score"":39.16666666666667},""_score"":22.74},""sr_quality"":{""SR1_touches"":{""value"":2,""score"":25.0},""SR2_tightness"":{""value"":5.964999999999975,""score"":67.44691168605601},""SR3_recency"":{""value"":226,""score"":0.0},""SR4_price_location"":{""score"":99.7315181419254},""SR5_reaction"":{""value"":2.97998556141311,""score"":100},""_score"":57.55,""_levels_found"":4,""_target_level"":552.405},""volume"":{""V1_rvol_day"":{""value"":0.8149386969875971,""score"":20.995913132506473},""V2_rvol_sameslot"":{""value"":0.6658574643958797,""score"":11.057164293058646,""status"":""ok""},""V3_breakout_bar"":{""value"":0.6555830495227113,""score"":10.372203301514087},""V4_base_dryup"":{""value"":1.0389404330782595,""score"":46.105956692174054},""V5_bo_expansion"":{""value"":0.8149386969875971,""score"":0},""_score"":18.22},""readiness"":{""_distance_atr"":0.31,""BR1_atr_distance"":{""score"":79.3350193943797},""BR2_compression"":{""score"":69.47628101299817},""BR3_retest"":{""score"":50.0},""BR4_bo_age"":{""score"":50.0},""_score"":66.6},""risk"":{""R1_stop_clarity"":{""score"":56.05824239050578},""R2_stop_distance_pct"":{""value"":4.149855881659825,""score"":100.0},""R3_stop_distance_atr"":{""value"":0.6246441028663579,""score"":56.23220514331789},""R4_rr_potential"":{""value"":2.928946328059979,""score"":96.44731640299895},""_score"":77.34},""market"":{""M1_spy_regime"":{""score"":100.0},""M3_earnings_risk"":{""value"":null,""score"":80.0},""M4_vix"":{""value"":null,""score"":60.0},""_score"":84.0},""liquidity"":{""L1_price"":{""value"":551.63,""score"":74.185},""L2_dollar_vol"":{""value"":14333137459.800026,""score"":100.0},""L3_spread_proxy"":{""value"":0.049453075430995454,""score"":50.546924569004545},""L4_volume_zscore"":{""value"":-0.9832467508550852,""score"":100.0},""_score"":88.6},""pattern_structure"":{""pole_low"":507.3008,""pole_low_idx"":42,""peak_price"":562.9899,""peak_idx"":54,""pole_gain"":0.10977530490785754,""flag_bars"":5,""flag_low"":536.79,""flag_high"":548.9499,""structural_low"":536.79,""current_price"":544.115,""neckline_distance_pct"":0.03468917416355003,""base_bars"":5},""pattern_geometry_features"":{""pole_gain"":0.10977530490785754,""pullback_pct"":0.04653706931509796,""flag_range_pct"":0.021598788894791884,""flag_drift_per_bar"":0.0002490282385157645,""atr_pct"":0.06643552484714137,""pole_atr_multiple"":1.6523585109086563},""_schema_version"":""1.0""}",,,,,,,,,,
20260623T215729Z-42792d,2026-06-23T21:57:29.965335+00:00,ARQQ,breakout_retest_hold,setup,56.57,69.8,66.8,0.8,37.3,22.3,77.7,67.1,84.0,79.9,9.77,14.7,0.05,5.22,2.9,13.98,3.35,4.2,2.4,False,,21.42,20.2798,20.0871,20.2594,"{""trend"":{""T1_ema_stack"":{""value"":[true,true,false],""score"":66.66666666666666},""T2_ema50_slope"":{""value"":0.06626620954518896,""score"":61.044368257531495},""T3_high_proximity"":{""value"":0.878589007383101,""score"":39.29450369155047},""T4_rs_1m"":{""value"":0.6321275486739231,""score"":100},""T5_rs_3m"":{""value"":0.4272595864748603,""score"":100},""T6_adr_healthy"":{""value"":12.827260475718766,""score"":0.0},""_score"":69.77},""geometry"":{""sub_retest_depth"":56.0,""sub_retest_timing"":0.0,""sub_retest_freshness"":100.0,""sub_hold_quality"":100.0,""_score"":66.8},""compression"":{""VC1_atr_ratio"":{""value"":1.0053539022458269,""score"":0},""VC2_range_contraction"":{""value"":1.5739024264031605,""score"":0},""VC3_range_pct_rank"":{""score"":3.3333333333333326},""_score"":0.83},""sr_quality"":{""SR1_touches"":{""value"":2,""score"":25.0},""SR2_tightness"":{""value"":0.5257500000000004,""score"":58.50913610728264},""SR3_recency"":{""value"":329,""score"":0.0},""SR4_price_location"":{""score"":30.946395006701632},""SR5_reaction"":{""value"":1.7719933145622475,""score"":88.59966572811237},""_score"":37.3,""_levels_found"":4,""_target_level"":28.6758},""volume"":{""V1_rvol_day"":{""value"":1.095673845077559,""score"":39.71158967183726},""V2_rvol_sameslot"":{""value"":1.3024733651983629,""score"":53.49822434655752,""status"":""ok""},""V3_breakout_bar"":{""value"":0.6647502265417906,""score"":10.983348436119373},""V4_base_dryup"":{""value"":2.9566329297465623,""score"":0},""V5_bo_expansion"":{""value"":1.095673845077559,""score"":6.378256338503929},""_score"":22.34},""readiness"":{""_distance_atr"":-0.45,""BR1_atr_distance"":{""score"":100.0},""BR2_compression"":{""score"":52.6709663937939},""BR3_retest"":{""score"":100},""BR4_bo_age"":{""score"":30.0},""_score"":77.67},""risk"":{""R1_stop_clarity"":{""score"":83.98764377777968},""R2_stop_distance_pct"":{""value"":6.222689075630262,""score"":100.0},""R3_stop_distance_atr"":{""value"":0.5259455300295103,""score"":51.29727650147551},""R4_rr_potential"":{""value"":-0.8707329882211668,""score"":0.0},""_score"":67.09},""market"":{""M1_spy_regime"":{""score"":100.0},""M3_earnings_risk"":{""value"":null,""score"":80.0},""M4_vix"":{""value"":null,""score"":60.0},""_score"":84.0},""liquidity"":{""L1_price"":{""value"":21.42,""score"":100.0},""L2_dollar_vol"":{""value"":31419365.906827085,""score"":74.85987080167638},""L3_spread_proxy"":{""value"":0.19140989729225028,""score"":0},""L4_volume_zscore"":{""value"":0.09804545797429827,""score"":100.0},""_score"":79.94},""pattern_structure"":{""level"":20.2798,""level_idx"":56,""breakout_idx"":61,""bo_peak_idx"":73,""bo_peak_price"":25.345,""retest_idx"":78,""retest_low"":20.29,""structural_low"":20.29,""current_price"":21.05,""neckline_distance_pct"":-0.03658907363420423,""base_bars"":23,""bars_since_breakout"":18},""pattern_geometry_features"":{""retest_depth_atr"":-0.007777862503946971,""bars_breakout_to_retest"":17.0,""bars_since_retest"":1.0,""current_above_level_atr"":0.5873048726020973,""bo_peak_excess_pct"":0.24976577678280834,""atr_pct"":0.11831432573029212},""_schema_version"":""1.0""}",,,,,,,,,,
20260623T215729Z-42792d,2026-06-23T21:57:29.965335+00:00,INTC,breakout_retest_hold,setup,56.41,100.0,43.0,43.0,39.1,17.1,69.0,63.0,84.0,96.3,14.0,9.47,2.58,5.47,2.23,12.42,3.15,4.2,2.89,False,,140.94,135.48,136.0557,131.58,"{""trend"":{""T1_ema_stack"":{""value"":[true,true,true],""score"":100.0},""T2_ema50_slope"":{""value"":0.5878480783172354,""score"":100},""T3_high_proximity"":{""value"":1.0,""score"":99.99999999999997},""T4_rs_1m"":{""value"":0.18053190155036725,""score"":100},""T5_rs_3m"":{""value"":2.064933395455941,""score"":100},""T6_adr_healthy"":{""value"":6.9178167804901225,""score"":100.0},""_score"":100.0},""geometry"":{""sub_retest_depth"":0.0,""sub_retest_timing"":100.0,""sub_retest_freshness"":100.0,""sub_hold_quality"":10.1,""_score"":43.03},""compression"":{""VC1_atr_ratio"":{""value"":0.7807287597325645,""score"":54.817810066858875},""VC2_range_contraction"":{""value"":1.0014478683298693,""score"":0},""VC3_range_pct_rank"":{""score"":84.16666666666667},""_score"":42.97},""sr_quality"":{""SR1_touches"":{""value"":2,""score"":25.0},""SR2_tightness"":{""value"":2.0350000000000037,""score"":60.57235816462867},""SR3_recency"":{""value"":232,""score"":0.0},""SR4_price_location"":{""score"":30.0},""SR5_reaction"":{""value"":2.5424532185978346,""score"":100},""_score"":39.09,""_levels_found"":3,""_target_level"":100.365},""volume"":{""V1_rvol_day"":{""value"":0.9603087952227483,""score"":30.687253014849887},""V2_rvol_sameslot"":{""value"":0.8942143752254558,""score"":26.28095834836372,""status"":""ok""},""V3_breakout_bar"":{""value"":0.5837143292747846,""score"":5.580955284985642},""V4_base_dryup"":{""value"":1.2817499117918445,""score"":21.825008820815555},""V5_bo_expansion"":{""value"":0.9603087952227485,""score"":0},""_score"":17.15},""readiness"":{""_distance_atr"":-0.529,""BR1_atr_distance"":{""score"":49.42137963532544},""BR2_compression"":{""score"":68.97070090646376},""BR3_retest"":{""score"":100},""BR4_bo_age"":{""score"":80},""_score"":69.01},""risk"":{""R1_stop_clarity"":{""score"":73.37326379638775},""R2_stop_distance_pct"":{""value"":3.4655172413793074,""score"":100.0},""R3_stop_distance_atr"":{""value"":0.47316076416831376,""score"":48.65803820841569},""R4_rr_potential"":{""value"":-1.916344204901429,""score"":0.0},""_score"":62.98},""market"":{""M1_spy_regime"":{""score"":100.0},""M3_earnings_risk"":{""value"":null,""score"":80.0},""M4_vix"":{""value"":null,""score"":60.0},""_score"":84.0},""liquidity"":{""L1_price"":{""value"":140.94,""score"":100.0},""L2_dollar_vol"":{""value"":17926236582.263515,""score"":100.0},""L3_spread_proxy"":{""value"":0.03717894139350064,""score"":62.821058606499356},""L4_volume_zscore"":{""value"":-0.1370857252629307,""score"":100.0},""_score"":96.28},""pattern_structure"":{""level"":135.48,""level_idx"":68,""breakout_idx"":74,""bo_peak_idx"":74,""bo_peak_price"":141.45,""retest_idx"":76,""retest_low"":137.43,""structural_low"":137.43,""current_price"":140.67,""neckline_distance_pct"":-0.03689486031136702,""base_bars"":11,""bars_since_breakout"":5},""pattern_geometry_features"":{""retest_depth_atr"":-0.645929108688818,""bars_breakout_to_retest"":2.0,""bars_since_retest"":3.0,""current_above_level_atr"":1.719165166202531,""bo_peak_excess_pct"":0.04406554472984942,""atr_pct"":0.07324185570354153},""_schema_version"":""1.0""}",,,,,,,,,,
20260623T215729Z-42792d,2026-06-23T21:57:29.965335+00:00,TXN,double_bottom,breakout_confirmed,55.77,100.0,50.4,37.3,48.9,20.1,50.9,28.9,84.0,97.6,15.0,12.61,2.98,6.85,2.61,4.07,1.73,5.04,4.88,False,,332.28,319.215,280.6955,353.46,"{""trend"":{""T1_ema_stack"":{""value"":[true,true,true],""score"":100.0},""T2_ema50_slope"":{""value"":0.3678600797194473,""score"":100},""T3_high_proximity"":{""value"":1.0,""score"":99.99999999999997},""T4_rs_1m"":{""value"":0.08563533713316773,""score"":100},""T5_rs_3m"":{""value"":0.6273544099162831,""score"":100},""T6_adr_healthy"":{""value"":3.9066991709840933,""score"":100.0},""_score"":100.0},""geometry"":{""sub_low_similarity"":2.3,""sub_bounce_quality"":100,""sub_separation_fit"":0.0,""sub_right_bottom_reaction"":65.0,""sub_base_context"":100.0,""_score"":50.44},""compression"":{""VC1_atr_ratio"":{""value"":0.7750890460030638,""score"":56.227738499234036},""VC2_range_contraction"":{""value"":1.126510747489374,""score"":0},""VC3_range_pct_rank"":{""score"":59.166666666666664},""_score"":37.28},""sr_quality"":{""SR1_touches"":{""value"":3,""score"":50.0},""SR2_tightness"":{""value"":1.6820886487406745,""score"":76.21768029334548},""SR3_recency"":{""value"":236,""score"":0.0},""SR4_price_location"":{""score"":30.0},""SR5_reaction"":{""value"":2.0261741867842455,""score"":100},""_score"":48.93,""_levels_found"":5,""_target_level"":289.9033},""volume"":{""V1_rvol_day"":{""value"":0.9691103183775941,""score"":31.274021225172937},""V2_rvol_sameslot"":{""value"":0.8286977224255477,""score"":21.913181495036515,""status"":""ok""},""V3_breakout_bar"":{""value"":0.8668290627761206,""score"":24.455270851741375},""V4_base_dryup"":{""value"":1.3346028841530748,""score"":16.539711584692512},""V5_bo_expansion"":{""value"":0.9691103183775941,""score"":0},""_score"":20.06},""readiness"":{""_distance_atr"":-0.924,""BR1_atr_distance"":{""score"":41.527964819210666},""BR2_compression"":{""score"":66.94674752139042},""BR3_retest"":{""score"":50.0},""BR4_bo_age"":{""score"":50.0},""_score"":50.85},""risk"":{""R1_stop_clarity"":{""score"":39.563996952129656},""R2_stop_distance_pct"":{""value"":15.52442217407004,""score"":0.0},""R3_stop_distance_atr"":{""value"":3.6466575674901835,""score"":100.0},""R4_rr_potential"":{""value"":0.41058805398127896,""score"":0.0},""_score"":28.85},""market"":{""M1_spy_regime"":{""score"":100.0},""M3_earnings_risk"":{""value"":null,""score"":80.0},""M4_vix"":{""value"":null,""score"":60.0},""_score"":84.0},""liquidity"":{""L1_price"":{""value"":332.28,""score"":100.0},""L2_dollar_vol"":{""value"":2975438508.8983493,""score"":100.0},""L3_spread_proxy"":{""value"":0.024045985313590805,""score"":75.9540146864092},""L4_volume_zscore"":{""value"":-0.07293802497941244,""score"":100.0},""_score"":97.6},""pattern_structure"":{""left_low"":284.97,""left_idx"":19,""right_low"":299.2401,""right_idx"":66,""separation_bars"":47,""structural_low"":284.97,""current_price"":329.17,""neckline_distance_pct"":-0.030242731719172588,""base_bars"":47},""pattern_geometry_features"":{""low_similarity_pct"":0.04885263024381111,""bounce_pct"":0.12017054426781747,""right_bottom_reaction"":0.6504876724946139,""atr_pct"":0.04257164783573233},""_schema_version"":""1.0""}",,,,,,,,,,
20260623T215729Z-42792d,2026-06-23T21:57:29.965335+00:00,DELL,double_bottom,forming,55.74,92.4,58.6,44.0,36.7,1.7,54.1,72.1,84.0,93.0,13.86,14.66,3.52,5.14,0.22,4.33,4.33,5.04,4.65,False,,418.71,436.0,388.1885,477.9,"{""trend"":{""T1_ema_stack"":{""value"":[true,true,true],""score"":100.0},""T2_ema50_slope"":{""value"":1.3188158701140322,""score"":100},""T3_high_proximity"":{""value"":0.898596446046871,""score"":49.29822302343545},""T4_rs_1m"":{""value"":0.7193468374327496,""score"":100},""T5_rs_3m"":{""value"":1.5078694044491103,""score"":100},""T6_adr_healthy"":{""value"":7.098799461563058,""score"":100.0},""_score"":92.39},""geometry"":{""sub_low_similarity"":1.3,""sub_bounce_quality"":100,""sub_separation_fit"":100.0,""sub_right_bottom_reaction"":21.7,""sub_base_context"":100.0,""_score"":58.65},""compression"":{""VC1_atr_ratio"":{""value"":0.5825196581222785,""score"":100},""VC2_range_contraction"":{""value"":1.1368974959057256,""score"":0},""VC3_range_pct_rank"":{""score"":15.833333333333332},""_score"":43.96},""sr_quality"":{""SR1_touches"":{""value"":2,""score"":25.0},""SR2_tightness"":{""value"":1.7249999999999943,""score"":88.70966950187206},""SR3_recency"":{""value"":247,""score"":0.0},""SR4_price_location"":{""score"":30.0},""SR5_reaction"":{""value"":1.1251059783351884,""score"":56.25529891675942},""_score"":36.74,""_levels_found"":5,""_target_level"":262.265},""volume"":{""V1_rvol_day"":{""value"":0.5563372778227222,""score"":3.7558185215148163},""V2_rvol_sameslot"":{""value"":0.4766282017443646,""score"":0,""status"":""ok""},""V3_breakout_bar"":{""value"":0.5574189625939424,""score"":3.827930839596161},""V4_base_dryup"":{""value"":1.9070979807739887,""score"":0},""V5_bo_expansion"":{""value"":0.5563372778227221,""score"":0},""_score"":1.71},""readiness"":{""_distance_atr"":0.566,""BR1_atr_distance"":{""score"":62.27829675118203},""BR2_compression"":{""score"":46.67986715849776},""BR3_retest"":{""score"":50.0},""BR4_bo_age"":{""score"":50.0},""_score"":54.08},""risk"":{""R1_stop_clarity"":{""score"":61.30852826685018},""R2_stop_distance_pct"":{""value"":7.289412720021005,""score"":100.0},""R3_stop_distance_atr"":{""value"":0.9988342675322102,""score"":74.94171337661051},""R4_rr_potential"":{""value"":1.939288698130829,""score"":46.964434906541456},""_score"":72.09},""market"":{""M1_spy_regime"":{""score"":100.0},""M3_earnings_risk"":{""value"":null,""score"":80.0},""M4_vix"":{""value"":null,""score"":60.0},""_score"":84.0},""liquidity"":{""L1_price"":{""value"":418.71,""score"":100.0},""L2_dollar_vol"":{""value"":3072024919.830659,""score"":100.0},""L3_spread_proxy"":{""value"":0.07049342026701058,""score"":29.506579732989422},""L4_volume_zscore"":{""value"":-0.6870986872747814,""score"":100.0},""_score"":92.95},""pattern_structure"":{""left_low"":394.1,""left_idx"":50,""right_low"":414.05,""right_idx"":73,""separation_bars"":23,""structural_low"":394.1,""current_price"":416.23,""neckline_distance_pct"":0.047497777670999164,""base_bars"":23},""pattern_geometry_features"":{""low_similarity_pct"":0.04937202252057164,""bounce_pct"":0.10631819335194106,""right_bottom_reaction"":0.21658031088082694,""atr_pct"":0.07297920142478428},""_schema_version"":""1.0""}",,,,,,,,,,
20260623T215729Z-42792d,2026-06-23T21:57:29.965335+00:00,KEYS,breakout_retest_hold,setup,55.58,94.2,41.4,56.0,47.1,19.1,60.7,55.6,84.0,98.0,13.19,9.1,3.36,6.59,2.48,10.93,2.78,4.2,2.94,False,,373.34,363.9999,363.8943,356.8597,"{""trend"":{""T1_ema_stack"":{""value"":[true,true,true],""score"":100.0},""T2_ema50_slope"":{""value"":0.12621738768304494,""score"":71.0362312805075},""T3_high_proximity"":{""value"":1.0,""score"":99.99999999999997},""T4_rs_1m"":{""value"":0.08714604514471125,""score"":100},""T5_rs_3m"":{""value"":0.19748352622912102,""score"":100},""T6_adr_healthy"":{""value"":3.537193127532231,""score"":100.0},""_score"":94.21},""geometry"":{""sub_retest_depth"":0.0,""sub_retest_timing"":100.0,""sub_retest_freshness"":100.0,""sub_hold_quality"":4.6,""_score"":41.38},""compression"":{""VC1_atr_ratio"":{""value"":0.6458308254979447,""score"":88.54229362551382},""VC2_range_contraction"":{""value"":0.99983274050296,""score"":0.02787658283999924},""VC3_range_pct_rank"":{""score"":82.5},""_score"":56.05},""sr_quality"":{""SR1_touches"":{""value"":3,""score"":50.0},""SR2_tightness"":{""value"":2.5675453041551117,""score"":63.91232465165737},""SR3_recency"":{""value"":234,""score"":0.0},""SR4_price_location"":{""score"":30.0},""SR5_reaction"":{""value"":2.387764909349867,""score"":100},""_score"":47.09,""_levels_found"":6,""_target_level"":355.7733},""volume"":{""V1_rvol_day"":{""value"":0.9206304820965385,""score"":28.042032139769233},""V2_rvol_sameslot"":{""value"":0.8399397456380001,""score"":22.662649709200007,""status"":""ok""},""V3_breakout_bar"":{""value"":0.998323307267791,""score"":33.22155381785273},""V4_base_dryup"":{""value"":1.468394878115062,""score"":3.1605121884937972},""V5_bo_expansion"":{""value"":0.9206304820965383,""score"":0},""_score"":19.08},""readiness"":{""_distance_atr"":-0.656,""BR1_atr_distance"":{""score"":46.8721889356508},""BR2_compression"":{""score"":51.83772769185674},""BR3_retest"":{""score"":100},""BR4_bo_age"":{""score"":60},""_score"":60.71},""risk"":{""R1_stop_clarity"":{""score"":48.336853856780216},""R2_stop_distance_pct"":{""value"":2.530053034767233,""score"":100.0},""R3_stop_distance_atr"":{""value"":0.6638117630995588,""score"":58.19058815497794},""R4_rr_potential"":{""value"":-1.7447409932561808,""score"":0.0},""_score"":55.65},""market"":{""M1_spy_regime"":{""score"":100.0},""M3_earnings_risk"":{""value"":null,""score"":80.0},""M4_vix"":{""value"":null,""score"":60.0},""_score"":84.0},""liquidity"":{""L1_price"":{""value"":373.34,""score"":100.0},""L2_dollar_vol"":{""value"":557775119.7342697,""score"":100.0},""L3_spread_proxy"":{""value"":0.019802057106123098,""score"":80.1979428938769},""L4_volume_zscore"":{""value"":-0.22197759340504056,""score"":100.0},""_score"":98.02},""pattern_structure"":{""level"":363.9999,""level_idx"":56,""breakout_idx"":72,""bo_peak_idx"":74,""bo_peak_price"":374.9629,""retest_idx"":76,""retest_low"":367.57,""structural_low"":367.57,""current_price"":370.89,""neckline_distance_pct"":-0.018577206179729737,""base_bars"":23,""bars_since_breakout"":7},""pattern_geometry_features"":{""retest_depth_atr"":-0.9136014593816931,""bars_breakout_to_retest"":4.0,""bars_since_retest"":3.0,""current_above_level_atr"":1.7632014272109533,""bo_peak_excess_pct"":0.030118140142346095,""atr_pct"":0.038114013270171214},""_schema_version"":""1.0""}",,,,,,,,,,
20260623T215729Z-42792d,2026-06-23T21:57:29.965335+00:00,UEC,ascending_triangle,forming,55.2,13.3,71.4,50.8,72.3,22.9,41.2,78.7,84.0,96.2,2.0,19.98,4.06,10.12,2.75,3.29,3.15,5.04,4.81,False,,11.47,12.405,11.2585,13.38,"{""trend"":{""T1_ema_stack"":{""value"":[false,false,true],""score"":33.33333333333333},""T2_ema50_slope"":{""value"":-0.514355851224187,""score"":0},""T3_high_proximity"":{""value"":0.6964177292046145,""score"":0},""T4_rs_1m"":{""value"":-0.10462824455245845,""score"":0},""T5_rs_3m"":{""value"":-0.1990224648071911,""score"":0},""T6_adr_healthy"":{""value"":7.524207350343605,""score"":100.0},""_score"":13.33},""geometry"":{""sub_flat_top_quality"":33.3,""sub_hl_slope"":100,""sub_compression"":65.5,""sub_duration"":100.0,""_score"":71.36},""compression"":{""VC1_atr_ratio"":{""value"":0.7274857160977666,""score"":68.12857097555836},""VC2_range_contraction"":{""value"":1.1205783119090038,""score"":0},""VC3_range_pct_rank"":{""score"":94.16666666666667},""_score"":50.79},""sr_quality"":{""SR1_touches"":{""value"":6,""score"":100},""SR2_tightness"":{""value"":0.2848598583319328,""score"":51.5188152535931},""SR3_recency"":{""value"":225,""score"":0.0},""SR4_price_location"":{""score"":81.51277360061759},""SR5_reaction"":{""value"":1.8899604301022979,""score"":94.49802150511489},""_score"":72.28,""_levels_found"":6,""_target_level"":12.1942},""volume"":{""V1_rvol_day"":{""value"":0.8454129869276189,""score"":23.02753246184126},""V2_rvol_sameslot"":{""value"":0.8509751897288218,""score"":23.39834598192145,""status"":""ok""},""V3_breakout_bar"":{""value"":0.9196594019539822,""score"":27.977293463598812},""V4_base_dryup"":{""value"":1.1694698573099616,""score"":33.05301426900384},""V5_bo_expansion"":{""value"":0.8454129869276189,""score"":0},""_score"":22.89},""readiness"":{""_distance_atr"":0.796,""BR1_atr_distance"":{""score"":46.95648121696184},""BR2_compression"":{""score"":19.584564815640636},""BR3_retest"":{""score"":50.0},""BR4_bo_age"":{""score"":50.0},""_score"":41.18},""risk"":{""R1_stop_clarity"":{""score"":70.8203915657158},""R2_stop_distance_pct"":{""value"":1.843504795117707,""score"":96.08761987794267},""R3_stop_distance_atr"":{""value"":0.1799366638503768,""score"":33.996833192518835},""R4_rr_potential"":{""value"":9.032868290375923,""score"":100.0},""_score"":78.71},""market"":{""M1_spy_regime"":{""score"":100.0},""M3_earnings_risk"":{""value"":null,""score"":80.0},""M4_vix"":{""value"":null,""score"":60.0},""_score"":84.0},""liquidity"":{""L1_price"":{""value"":11.47,""score"":100.0},""L2_dollar_vol"":{""value"":123543817.46572453,""score"":100.0},""L3_spread_proxy"":{""value"":0.037925021795989576,""score"":62.07497820401042},""L4_volume_zscore"":{""value"":-0.29653955783542213,""score"":100.0},""_score"":96.21},""pattern_structure"":{""top"":12.405,""top_touches"":2,""low_slope_per_bar"":0.05965490399584858,""lowest_low"":11.43,""structural_low"":11.43,""current_price"":11.5,""neckline_distance_pct"":0.07869565217391299,""base_bars"":37},""pattern_geometry_features"":{""top_touches"":2.0,""low_slope"":0.05965490399584858,""compression"":0.327348552857354,""atr_pct"":0.10245298293685391},""_schema_version"":""1.0""}",,,,,,,,,,
20260623T215729Z-42792d,2026-06-23T21:57:29.965335+00:00,KEYS,vcp,breakout_confirmed,55.19,94.2,42.6,56.0,47.1,29.3,44.4,23.5,84.0,98.0,14.13,10.64,6.73,5.65,3.81,3.11,1.18,5.04,4.9,False,,373.34,355.49,310.2849,342.47,"{""trend"":{""T1_ema_stack"":{""value"":[true,true,true],""score"":100.0},""T2_ema50_slope"":{""value"":0.12621738768304494,""score"":71.0362312805075},""T3_high_proximity"":{""value"":1.0,""score"":99.99999999999997},""T4_rs_1m"":{""value"":0.08714604514471125,""score"":100},""T5_rs_3m"":{""value"":0.19748352622912102,""score"":100},""T6_adr_healthy"":{""value"":3.537193127532231,""score"":100.0},""_score"":94.21},""geometry"":{""sub_contraction_count"":100.0,""sub_reduction_rate"":0,""sub_pivot_tightness"":0,""sub_volume_dryup"":50.4,""sub_base_depth"":0.0,""sub_base_duration"":100.0,""_score"":42.56},""compression"":{""VC1_atr_ratio"":{""value"":0.6458308254979447,""score"":88.54229362551382},""VC2_range_contraction"":{""value"":0.99983274050296,""score"":0.02787658283999924},""VC3_range_pct_rank"":{""score"":82.5},""_score"":56.05},""sr_quality"":{""SR1_touches"":{""value"":3,""score"":50.0},""SR2_tightness"":{""value"":2.5675453041551117,""score"":63.91232465165737},""SR3_recency"":{""value"":234,""score"":0.0},""SR4_price_location"":{""score"":30.0},""SR5_reaction"":{""value"":2.387764909349867,""score"":100},""_score"":47.09,""_levels_found"":6,""_target_level"":355.7733},""volume"":{""V1_rvol_day"":{""value"":0.9206304820965385,""score"":28.042032139769233},""V2_rvol_sameslot"":{""value"":0.8399397456380001,""score"":22.662649709200007,""status"":""ok""},""V3_breakout_bar"":{""value"":0.998323307267791,""score"":33.22155381785273},""V4_base_dryup"":{""value"":0.9569395525066395,""score"":54.306044749336046},""V5_bo_expansion"":{""value"":0.9206304820965383,""score"":0},""_score"":29.31},""readiness"":{""_distance_atr"":-1.254,""BR1_atr_distance"":{""score"":34.91125068268711},""BR2_compression"":{""score"":51.83772769185674},""BR3_retest"":{""score"":50.0},""BR4_bo_age"":{""score"":50.0},""_score"":44.42},""risk"":{""R1_stop_clarity"":{""score"":33.58649645002754},""R2_stop_distance_pct"":{""value"":16.88947072373707,""score"":0.0},""R3_stop_distance_atr"":{""value"":4.431302105085614,""score"":78.43489474571932},""R4_rr_potential"":{""value"":-0.4895714307237389,""score"":0.0},""_score"":23.52},""market"":{""M1_spy_regime"":{""score"":100.0},""M3_earnings_risk"":{""value"":null,""score"":80.0},""M4_vix"":{""value"":null,""score"":60.0},""_score"":84.0},""liquidity"":{""L1_price"":{""value"":373.34,""score"":100.0},""L2_dollar_vol"":{""value"":557775119.7342697,""score"":100.0},""L3_spread_proxy"":{""value"":0.019802057106123098,""score"":80.1979428938769},""L4_volume_zscore"":{""value"":-0.22197759340504056,""score"":100.0},""_score"":98.02},""pattern_structure"":{""n_contractions"":5,""contractions_pct"":[11.76,8.08,11.8,9.17,11.39],""descending_strict"":false,""final_low"":315.01,""final_pivot"":355.49,""structural_low"":315.01,""dry_up_ratio"":0.7480874110033576,""current_price"":373.34,""neckline_distance_pct"":-0.04781164622060312,""base_bars"":53},""pattern_geometry_features"":{""contraction_count"":5.0,""first_contraction_pct"":0.11761978873472625,""last_contraction_pct"":0.11387099496469666,""dry_up_ratio"":0.7480874110033576,""near_monotone"":0.0,""base_depth_pct"":-0.043114010397695225},""_schema_version"":""1.0""}",,,,,,,,,,
20260623T215729Z-42792d,2026-06-23T21:57:29.965335+00:00,APH,ascending_triangle,forming,55.0,98.9,62.6,68.6,60.8,12.9,57.3,58.0,84.0,97.2,14.83,17.54,5.49,8.51,1.55,4.58,2.32,5.04,4.86,True,risk_unclear,165.96,168.75,154.709,180.435,"{""trend"":{""T1_ema_stack"":{""value"":[true,true,true],""score"":100.0},""T2_ema50_slope"":{""value"":0.2661591722107564,""score"":94.35986203512607},""T3_high_proximity"":{""value"":1.0,""score"":99.99999999999997},""T4_rs_1m"":{""value"":0.3444839448173975,""score"":100},""T5_rs_3m"":{""value"":0.161712008756697,""score"":100},""T6_adr_healthy"":{""value"":3.9649686363638295,""score"":100.0},""_score"":98.87},""geometry"":{""sub_flat_top_quality"":33.3,""sub_hl_slope"":90.8,""sub_compression"":41.6,""sub_duration"":100.0,""_score"":62.63},""compression"":{""VC1_atr_ratio"":{""value"":0.5992322201669642,""score"":100},""VC2_range_contraction"":{""value"":0.8420411325295466,""score"":26.326477911742234},""VC3_range_pct_rank"":{""score"":77.5},""_score"":68.59},""sr_quality"":{""SR1_touches"":{""value"":5,""score"":100},""SR2_tightness"":{""value"":1.4909434334004792,""score"":55.02917576730213},""SR3_recency"":{""value"":234,""score"":0.0},""SR4_price_location"":{""score"":30.0},""SR5_reaction"":{""value"":2.4355113648605,""score"":100},""_score"":60.75,""_levels_found"":4,""_target_level"":154.525},""volume"":{""V1_rvol_day"":{""value"":0.7908208481312556,""score"":19.38805654208371},""V2_rvol_sameslot"":{""value"":0.5079244822617403,""score"":0.5282988174493501,""status"":""ok""},""V3_breakout_bar"":{""value"":0.7017035712980811,""score"":13.446904753205411},""V4_base_dryup"":{""value"":1.2232491083608967,""score"":27.67508916391033},""V5_bo_expansion"":{""value"":0.7908208481312556,""score"":0},""_score"":12.88},""readiness"":{""_distance_atr"":0.421,""BR1_atr_distance"":{""score"":71.94872347301526},""BR2_compression"":{""score"":43.95237203747179},""BR3_retest"":{""score"":50.0},""BR4_bo_age"":{""score"":50.0},""_score"":57.27},""risk"":{""R1_stop_clarity"":{""score"":28.93752019821173},""R2_stop_distance_pct"":{""value"":6.779329356471445,""score"":100.0},""R3_stop_distance_atr"":{""value"":1.6967968329203946,""score"":100.0},""R4_rr_potential"":{""value"":1.2865551652190126,""score"":14.32775826095063},""_score"":57.99},""market"":{""M1_spy_regime"":{""score"":100.0},""M3_earnings_risk"":{""value"":null,""score"":80.0},""M4_vix"":{""value"":null,""score"":60.0},""_score"":84.0},""liquidity"":{""L1_price"":{""value"":165.96,""score"":100.0},""L2_dollar_vol"":{""value"":1424741580.1384254,""score"":100.0},""L3_spread_proxy"":{""value"":0.02832007712701849,""score"":71.6799228729815},""L4_volume_zscore"":{""value"":-0.6839747191791105,""score"":100.0},""_score"":97.17},""pattern_structure"":{""top"":168.75,""top_touches"":2,""low_slope_per_bar"":0.42803213443396254,""lowest_low"":157.065,""structural_low"":157.065,""current_price"":165.3,""neckline_distance_pct"":0.02087114337568051,""base_bars"":44},""pattern_geometry_features"":{""top_touches"":2.0,""low_slope"":0.42803213443396254,""compression"":0.20820409963745712,""atr_pct"":0.03995368935716005},""_schema_version"":""1.0""}",,,,,,,,,,
20260623T215729Z-42792d,2026-06-23T21:57:29.965335+00:00,APH,bull_flag,forming,55.0,98.9,62.8,68.6,60.8,20.5,57.3,67.7,84.0,97.2,13.84,18.84,6.17,6.08,2.87,5.15,2.03,5.04,4.86,True,risk_unclear,165.96,168.75,161.5893,183.82,"{""trend"":{""T1_ema_stack"":{""value"":[true,true,true],""score"":100.0},""T2_ema50_slope"":{""value"":0.2661591722107564,""score"":94.35986203512607},""T3_high_proximity"":{""value"":1.0,""score"":99.99999999999997},""T4_rs_1m"":{""value"":0.3444839448173975,""score"":100},""T5_rs_3m"":{""value"":0.161712008756697,""score"":100},""T6_adr_healthy"":{""value"":3.9649686363638295,""score"":100.0},""_score"":98.87},""geometry"":{""sub_pole_impulse"":36.4,""sub_flag_tightness"":73.0,""sub_flag_shallowness"":43.2,""sub_flag_drift"":100,""sub_flag_duration"":100.0,""_score"":62.81},""compression"":{""VC1_atr_ratio"":{""value"":0.5992322201669642,""score"":100},""VC2_range_contraction"":{""value"":0.8420411325295466,""score"":26.326477911742234},""VC3_range_pct_rank"":{""score"":77.5},""_score"":68.59},""sr_quality"":{""SR1_touches"":{""value"":5,""score"":100},""SR2_tightness"":{""value"":1.4909434334004792,""score"":55.02917576730213},""SR3_recency"":{""value"":234,""score"":0.0},""SR4_price_location"":{""score"":30.0},""SR5_reaction"":{""value"":2.4355113648605,""score"":100},""_score"":60.75,""_levels_found"":4,""_target_level"":154.525},""volume"":{""V1_rvol_day"":{""value"":0.7908208481312556,""score"":19.38805654208371},""V2_rvol_sameslot"":{""value"":0.5079244822617403,""score"":0.5282988174493501,""status"":""ok""},""V3_breakout_bar"":{""value"":0.7017035712980811,""score"":13.446904753205411},""V4_base_dryup"":{""value"":0.8413412022989345,""score"":65.86587977010655},""V5_bo_expansion"":{""value"":0.7908208481312556,""score"":0},""_score"":20.52},""readiness"":{""_distance_atr"":0.421,""BR1_atr_distance"":{""score"":71.94872347301526},""BR2_compression"":{""score"":43.95237203747179},""BR3_retest"":{""score"":50.0},""BR4_bo_age"":{""score"":50.0},""_score"":57.27},""risk"":{""R1_stop_clarity"":{""score"":25.777227189486425},""R2_stop_distance_pct"":{""value"":2.633616534104595,""score"":100.0},""R3_stop_distance_atr"":{""value"":0.6591672950554761,""score"":57.958364752773804},""R4_rr_potential"":{""value"":4.086255219355955,""score"":100.0},""_score"":67.72},""market"":{""M1_spy_regime"":{""score"":100.0},""M3_earnings_risk"":{""value"":null,""score"":80.0},""M4_vix"":{""value"":null,""score"":60.0},""_score"":84.0},""liquidity"":{""L1_price"":{""value"":165.96,""score"":100.0},""L2_dollar_vol"":{""value"":1424741580.1384254,""score"":100.0},""L3_spread_proxy"":{""value"":0.02832007712701849,""score"":71.6799228729815},""L4_volume_zscore"":{""value"":-0.6839747191791105,""score"":100.0},""_score"":97.17},""pattern_structure"":{""pole_low"":153.68,""pole_low_idx"":29,""peak_price"":168.75,""peak_idx"":54,""pole_gain"":0.09806090577824045,""flag_bars"":5,""flag_low"":164.05,""flag_high"":166.73,""structural_low"":164.05,""current_price"":165.3,""neckline_distance_pct"":0.02087114337568051,""base_bars"":5},""pattern_geometry_features"":{""pole_gain"":0.09806090577824045,""pullback_pct"":0.027851851851851784,""flag_range_pct"":0.015881481481481354,""flag_drift_per_bar"":0.0008832425892317292,""atr_pct"":0.03995368935716005,""pole_atr_multiple"":2.454364224080525},""_schema_version"":""1.0""}",,,,,,,,,,
20260623T215729Z-42792d,2026-06-23T21:57:29.965335+00:00,APH,double_bottom,forming,55.0,98.9,51.8,68.6,60.8,22.1,66.9,55.1,84.0,97.2,14.83,12.96,5.49,8.51,2.87,5.35,3.31,5.04,4.86,True,risk_unclear,165.96,166.35,154.709,175.635,"{""trend"":{""T1_ema_stack"":{""value"":[true,true,true],""score"":100.0},""T2_ema50_slope"":{""value"":0.2661591722107564,""score"":94.35986203512607},""T3_high_proximity"":{""value"":1.0,""score"":99.99999999999997},""T4_rs_1m"":{""value"":0.3444839448173975,""score"":100},""T5_rs_3m"":{""value"":0.161712008756697,""score"":100},""T6_adr_healthy"":{""value"":3.9649686363638295,""score"":100.0},""_score"":98.87},""geometry"":{""sub_low_similarity"":28.4,""sub_bounce_quality"":41.6,""sub_separation_fit"":100.0,""sub_right_bottom_reaction"":0,""sub_base_context"":100.0,""_score"":51.84},""compression"":{""VC1_atr_ratio"":{""value"":0.5992322201669642,""score"":100},""VC2_range_contraction"":{""value"":0.8420411325295466,""score"":26.326477911742234},""VC3_range_pct_rank"":{""score"":77.5},""_score"":68.59},""sr_quality"":{""SR1_touches"":{""value"":5,""score"":100},""SR2_tightness"":{""value"":1.4909434334004792,""score"":55.02917576730213},""SR3_recency"":{""value"":234,""score"":0.0},""SR4_price_location"":{""score"":30.0},""SR5_reaction"":{""value"":2.4355113648605,""score"":100},""_score"":60.75,""_levels_found"":4,""_target_level"":154.525},""volume"":{""V1_rvol_day"":{""value"":0.7908208481312556,""score"":19.38805654208371},""V2_rvol_sameslot"":{""value"":0.5079244822617403,""score"":0.5282988174493501,""status"":""ok""},""V3_breakout_bar"":{""value"":0.7017035712980811,""score"":13.446904753205411},""V4_base_dryup"":{""value"":0.7641655400520383,""score"":73.58344599479616},""V5_bo_expansion"":{""value"":0.7908208481312556,""score"":0},""_score"":22.06},""readiness"":{""_distance_atr"":0.059,""BR1_atr_distance"":{""score"":96.07885381880871},""BR2_compression"":{""score"":43.95237203747179},""BR3_retest"":{""score"":50.0},""BR4_bo_age"":{""score"":50.0},""_score"":66.92},""risk"":{""R1_stop_clarity"":{""score"":28.93752019821173},""R2_stop_distance_pct"":{""value"":6.779329356471445,""score"":100.0},""R3_stop_distance_atr"":{""value"":1.6967968329203946,""score"":100.0},""R4_rr_potential"":{""value"":0.85992547312566,""score"":0.0},""_score"":55.13},""market"":{""M1_spy_regime"":{""score"":100.0},""M3_earnings_risk"":{""value"":null,""score"":80.0},""M4_vix"":{""value"":null,""score"":60.0},""_score"":84.0},""liquidity"":{""L1_price"":{""value"":165.96,""score"":100.0},""L2_dollar_vol"":{""value"":1424741580.1384254,""score"":100.0},""L3_spread_proxy"":{""value"":0.02832007712701849,""score"":71.6799228729815},""L4_volume_zscore"":{""value"":-0.6839747191791105,""score"":100.0},""_score"":97.17},""pattern_structure"":{""left_low"":157.065,""left_idx"":57,""right_low"":162.79,""right_idx"":73,""separation_bars"":16,""structural_low"":157.065,""current_price"":165.3,""neckline_distance_pct"":0.006352087114337464,""base_bars"":16},""pattern_geometry_features"":{""low_similarity_pct"":0.03579747072892401,""bounce_pct"":0.059115652755228704,""right_bottom_reaction"":0.0,""atr_pct"":0.03995368935716005},""_schema_version"":""1.0""}",,,,,,,,,,
20260623T215729Z-42792d,2026-06-23T21:57:29.965335+00:00,BWXT,double_bottom,breakout_failed,55.0,46.0,60.6,55.0,55.0,34.2,60.7,44.4,84.0,96.7,6.9,15.16,4.4,7.7,4.45,4.86,2.66,5.04,4.83,True,risk_unclear,210.0,210.93,190.696,228.26,"{""trend"":{""T1_ema_stack"":{""value"":[true,false,true],""score"":66.66666666666666},""T2_ema50_slope"":{""value"":-0.2516604438316271,""score"":8.056592694728813},""T3_high_proximity"":{""value"":0.8807985907222549,""score"":40.39929536112741},""T4_rs_1m"":{""value"":0.03198220896478188,""score"":81.98220896478188},""T5_rs_3m"":{""value"":-0.096426270846792,""score"":1.7868645766039961},""T6_adr_healthy"":{""value"":3.5530634218742083,""score"":100.0},""_score"":46.0},""geometry"":{""sub_low_similarity"":2.8,""sub_bounce_quality"":85.0,""sub_separation_fit"":100.0,""sub_right_bottom_reaction"":52.0,""sub_base_context"":100.0,""_score"":60.64},""compression"":{""VC1_atr_ratio"":{""value"":0.4903286915462002,""score"":100},""VC2_range_contraction"":{""value"":1.181648144769623,""score"":0},""VC3_range_pct_rank"":{""score"":60.0},""_score"":55.0},""sr_quality"":{""SR1_touches"":{""value"":3,""score"":50.0},""SR2_tightness"":{""value"":1.3883157669957082,""score"":63.532380376395025},""SR3_recency"":{""value"":263,""score"":0.0},""SR4_price_location"":{""score"":61.96084636202123},""SR5_reaction"":{""value"":2.039450070593975,""score"":100},""_score"":55.02,""_levels_found"":7,""_target_level"":213.8466},""volume"":{""V1_rvol_day"":{""value"":1.08120762355643,""score"":38.747174903762},""V2_rvol_sameslot"":{""value"":1.1156289144272624,""score"":41.04192762848416,""status"":""ok""},""V3_breakout_bar"":{""value"":0.8622943887560651,""score"":24.15295925040434},""V4_base_dryup"":{""value"":0.9306265958383978,""score"":56.93734041616022},""V5_bo_expansion"":{""value"":1.08120762355643,""score"":5.413841570428671},""_score"":34.2},""readiness"":{""_distance_atr"":0.122,""BR1_atr_distance"":{""score"":91.85706713698039},""BR2_compression"":{""score"":25.997603398742577},""BR3_retest"":{""score"":50.0},""BR4_bo_age"":{""score"":50.0},""_score"":60.74},""risk"":{""R1_stop_clarity"":{""score"":23.719106341262147},""R2_stop_distance_pct"":{""value"":9.192380952380953,""score"":70.19047619047618},""R3_stop_distance_atr"":{""value"":2.5353415481891832,""score"":100.0},""R4_rr_potential"":{""value"":0.9459179444674688,""score"":0.0},""_score"":44.36},""market"":{""M1_spy_regime"":{""score"":100.0},""M3_earnings_risk"":{""value"":null,""score"":80.0},""M4_vix"":{""value"":null,""score"":60.0},""_score"":84.0},""liquidity"":{""L1_price"":{""value"":210.0,""score"":100.0},""L2_dollar_vol"":{""value"":232239408.30195,""score"":100.0},""L3_spread_proxy"":{""value"":0.03314285714285704,""score"":66.85714285714295},""L4_volume_zscore"":{""value"":0.20391615233217925,""score"":100.0},""_score"":96.69},""pattern_structure"":{""left_low"":193.6,""left_idx"":51,""right_low"":203.24,""right_idx"":73,""separation_bars"":22,""structural_low"":193.6,""current_price"":210.665,""neckline_distance_pct"":0.001257921344314503,""base_bars"":22},""pattern_geometry_features"":{""low_similarity_pct"":0.04858381211571421,""bounce_pct"":0.08951446280991743,""right_bottom_reaction"":0.5198825303595583,""atr_pct"":0.03625697278911564},""_schema_version"":""1.0""}",,,,,,,,,,
20260623T215729Z-42792d,2026-06-23T21:57:29.965335+00:00,KEYS,double_bottom,setup,55.0,94.2,66.1,56.0,47.1,32.6,47.4,54.0,84.0,98.0,14.13,16.52,4.48,6.59,4.24,3.79,3.24,5.04,4.9,True,risk_unclear,373.34,360.74,343.3316,372.92,"{""trend"":{""T1_ema_stack"":{""value"":[true,true,true],""score"":100.0},""T2_ema50_slope"":{""value"":0.12621738768304494,""score"":71.0362312805075},""T3_high_proximity"":{""value"":1.0,""score"":99.99999999999997},""T4_rs_1m"":{""value"":0.08714604514471125,""score"":100},""T5_rs_3m"":{""value"":0.19748352622912102,""score"":100},""T6_adr_healthy"":{""value"":3.537193127532231,""score"":100.0},""_score"":94.21},""geometry"":{""sub_low_similarity"":77.0,""sub_bounce_quality"":7.1,""sub_separation_fit"":93.3,""sub_right_bottom_reaction"":50.5,""sub_base_context"":100.0,""_score"":66.09},""compression"":{""VC1_atr_ratio"":{""value"":0.6458308254979447,""score"":88.54229362551382},""VC2_range_contraction"":{""value"":0.99983274050296,""score"":0.02787658283999924},""VC3_range_pct_rank"":{""score"":82.5},""_score"":56.05},""sr_quality"":{""SR1_touches"":{""value"":3,""score"":50.0},""SR2_tightness"":{""value"":2.5675453041551117,""score"":63.91232465165737},""SR3_recency"":{""value"":234,""score"":0.0},""SR4_price_location"":{""score"":30.0},""SR5_reaction"":{""value"":2.387764909349867,""score"":100},""_score"":47.09,""_levels_found"":6,""_target_level"":355.7733},""volume"":{""V1_rvol_day"":{""value"":0.9206304820965385,""score"":28.042032139769233},""V2_rvol_sameslot"":{""value"":0.8399397456380001,""score"":22.662649709200007,""status"":""ok""},""V3_breakout_bar"":{""value"":0.998323307267791,""score"":33.22155381785273},""V4_base_dryup"":{""value"":0.7907929163557443,""score"":70.92070836442556},""V5_bo_expansion"":{""value"":0.9206304820965383,""score"":0},""_score"":32.63},""readiness"":{""_distance_atr"":-0.885,""BR1_atr_distance"":{""score"":42.290294599543856},""BR2_compression"":{""score"":51.83772769185674},""BR3_retest"":{""score"":50.0},""BR4_bo_age"":{""score"":50.0},""_score"":47.38},""risk"":{""R1_stop_clarity"":{""score"":26.51315578115434},""R2_stop_distance_pct"":{""value"":8.037820753200835,""score"":99.05448116997913},""R3_stop_distance_atr"":{""value"":2.1088885854724184,""score"":100.0},""R4_rr_potential"":{""value"":-0.013996081097291396,""score"":0.0},""_score"":54.0},""market"":{""M1_spy_regime"":{""score"":100.0},""M3_earnings_risk"":{""value"":null,""score"":80.0},""M4_vix"":{""value"":null,""score"":60.0},""_score"":84.0},""liquidity"":{""L1_price"":{""value"":373.34,""score"":100.0},""L2_dollar_vol"":{""value"":557775119.7342697,""score"":100.0},""L3_spread_proxy"":{""value"":0.019802057106123098,""score"":80.1979428938769},""L4_volume_zscore"":{""value"":-0.22197759340504056,""score"":100.0},""_score"":98.02},""pattern_structure"":{""left_low"":352.595,""left_idx"":57,""right_low"":348.56,""right_idx"":66,""separation_bars"":9,""structural_low"":348.56,""current_price"":370.89,""neckline_distance_pct"":-0.02736660465367084,""base_bars"":9},""pattern_geometry_features"":{""low_similarity_pct"":0.011509580620547596,""bounce_pct"":0.03494376864815242,""right_bottom_reaction"":0.505132360886009,""atr_pct"":0.038114013270171214},""_schema_version"":""1.0""}",,,,,,,,,,
20260623T215729Z-42792d,2026-06-23T21:57:29.965335+00:00,CARR,double_bottom,forming,55.0,97.3,75.3,58.1,53.4,25.7,60.6,51.3,84.0,98.4,14.59,18.84,4.65,7.48,3.34,4.85,3.08,5.04,4.92,True,risk_unclear,71.85,72.89,69.8562,74.86,"{""trend"":{""T1_ema_stack"":{""value"":[true,true,true],""score"":100.0},""T2_ema50_slope"":{""value"":0.24230569039600433,""score"":90.38428173266739},""T3_high_proximity"":{""value"":1.0,""score"":99.99999999999997},""T4_rs_1m"":{""value"":0.12565854983190938,""score"":100},""T5_rs_3m"":{""value"":0.08955939704830596,""score"":94.77969852415298},""T6_adr_healthy"":{""value"":3.2313677471484272,""score"":100.0},""_score"":97.29},""geometry"":{""sub_low_similarity"":91.0,""sub_bounce_quality"":0,""sub_separation_fit"":100.0,""sub_right_bottom_reaction"":87.0,""sub_base_context"":100.0,""_score"":75.35},""compression"":{""VC1_atr_ratio"":{""value"":0.6460790604606728,""score"":88.48023488483182},""VC2_range_contraction"":{""value"":1.0539779056934648,""score"":0},""VC3_range_pct_rank"":{""score"":90.83333333333333},""_score"":58.1},""sr_quality"":{""SR1_touches"":{""value"":4,""score"":75.0},""SR2_tightness"":{""value"":0.5604183705054636,""score"":57.45196753212316},""SR3_recency"":{""value"":235,""score"":0.0},""SR4_price_location"":{""score"":30.0},""SR5_reaction"":{""value"":1.9758676789587857,""score"":98.79338394793929},""_score"":53.44,""_levels_found"":6,""_target_level"":68.9625},""volume"":{""V1_rvol_day"":{""value"":0.7305985655490099,""score"":15.373237703267328},""V2_rvol_sameslot"":{""value"":0.5747057294588149,""score"":4.980381963920996,""status"":""ok""},""V3_breakout_bar"":{""value"":1.0402800098040006,""score"":36.01866732026671},""V4_base_dryup"":{""value"":0.8673672078842543,""score"":63.26327921157458},""V5_bo_expansion"":{""value"":0.7305985655490101,""score"":0},""_score"":25.73},""readiness"":{""_distance_atr"":0.395,""BR1_atr_distance"":{""score"":73.68040491684728},""BR2_compression"":{""score"":54.57614414306138},""BR3_retest"":{""score"":50.0},""BR4_bo_age"":{""score"":50.0},""_score"":60.62},""risk"":{""R1_stop_clarity"":{""score"":19.234273318872},""R2_stop_distance_pct"":{""value"":2.774947807933185,""score"":100.0},""R3_stop_distance_atr"":{""value"":0.7568655097613856,""score"":62.843275488069274},""R4_rr_potential"":{""value"":1.509680008024885,""score"":25.484000401244245},""_score"":51.26},""market"":{""M1_spy_regime"":{""score"":100.0},""M3_earnings_risk"":{""value"":null,""score"":80.0},""M4_vix"":{""value"":null,""score"":60.0},""_score"":84.0},""liquidity"":{""L1_price"":{""value"":71.85,""score"":100.0},""L2_dollar_vol"":{""value"":357034643.37573326,""score"":100.0},""L3_spread_proxy"":{""value"":0.016283924843423826,""score"":83.71607515657618},""L4_volume_zscore"":{""value"":-0.8712413007894818,""score"":100.0},""_score"":98.37},""pattern_structure"":{""left_low"":70.92,""left_idx"":62,""right_low"":71.24,""right_idx"":75,""separation_bars"":13,""structural_low"":70.92,""current_price"":71.71,""neckline_distance_pct"":0.016455166643425,""base_bars"":13},""pattern_geometry_features"":{""low_similarity_pct"":0.004501969611705025,""bounce_pct"":0.027777777777777762,""right_bottom_reaction"":0.8700000000000045,""atr_pct"":0.0366636842628492},""_schema_version"":""1.0""}",,,,,,,,,,
20260623T215729Z-42792d,2026-06-23T21:57:29.965335+00:00,KEYS,bull_flag,forming,55.0,94.2,59.2,56.0,47.1,27.7,67.4,62.4,84.0,98.0,13.19,17.77,5.04,4.71,3.88,6.07,1.87,5.04,4.9,True,risk_unclear,373.34,374.9629,362.0564,401.3658,"{""trend"":{""T1_ema_stack"":{""value"":[true,true,true],""score"":100.0},""T2_ema50_slope"":{""value"":0.12621738768304494,""score"":71.0362312805075},""T3_high_proximity"":{""value"":1.0,""score"":99.99999999999997},""T4_rs_1m"":{""value"":0.08714604514471125,""score"":100},""T5_rs_3m"":{""value"":0.19748352622912102,""score"":100},""T6_adr_healthy"":{""value"":3.537193127532231,""score"":100.0},""_score"":94.21},""geometry"":{""sub_pole_impulse"":24.7,""sub_flag_tightness"":69.3,""sub_flag_shallowness"":47.9,""sub_flag_drift"":99.4,""sub_flag_duration"":100.0,""_score"":59.22},""compression"":{""VC1_atr_ratio"":{""value"":0.6458308254979447,""score"":88.54229362551382},""VC2_range_contraction"":{""value"":0.99983274050296,""score"":0.02787658283999924},""VC3_range_pct_rank"":{""score"":82.5},""_score"":56.05},""sr_quality"":{""SR1_touches"":{""value"":3,""score"":50.0},""SR2_tightness"":{""value"":2.5675453041551117,""score"":63.91232465165737},""SR3_recency"":{""value"":234,""score"":0.0},""SR4_price_location"":{""score"":30.0},""SR5_reaction"":{""value"":2.387764909349867,""score"":100},""_score"":47.09,""_levels_found"":6,""_target_level"":355.7733},""volume"":{""V1_rvol_day"":{""value"":0.9206304820965385,""score"":28.042032139769233},""V2_rvol_sameslot"":{""value"":0.8399397456380001,""score"":22.662649709200007,""status"":""ok""},""V3_breakout_bar"":{""value"":0.998323307267791,""score"":33.22155381785273},""V4_base_dryup"":{""value"":1.0364834990471063,""score"":46.351650095289365},""V5_bo_expansion"":{""value"":0.9206304820965383,""score"":0},""_score"":27.72},""readiness"":{""_distance_atr"":0.114,""BR1_atr_distance"":{""score"":92.39653944592575},""BR2_compression"":{""score"":51.83772769185674},""BR3_retest"":{""score"":50.0},""BR4_bo_age"":{""score"":50.0},""_score"":67.42},""risk"":{""R1_stop_clarity"":{""score"":22.505280785170328},""R2_stop_distance_pct"":{""value"":3.0223254941876014,""score"":100.0},""R3_stop_distance_atr"":{""value"":0.7929696284576082,""score"":64.64848142288041},""R4_rr_potential"":{""value"":2.483775053063976,""score"":74.1887526531988},""_score"":62.41},""market"":{""M1_spy_regime"":{""score"":100.0},""M3_earnings_risk"":{""value"":null,""score"":80.0},""M4_vix"":{""value"":null,""score"":60.0},""_score"":84.0},""liquidity"":{""L1_price"":{""value"":373.34,""score"":100.0},""L2_dollar_vol"":{""value"":557775119.7342697,""score"":100.0},""L3_spread_proxy"":{""value"":0.019802057106123098,""score"":80.1979428938769},""L4_volume_zscore"":{""value"":-0.22197759340504056,""score"":100.0},""_score"":98.02},""pattern_structure"":{""pole_low"":348.56,""pole_low_idx"":46,""peak_price"":374.9629,""peak_idx"":54,""pole_gain"":0.07574850814780809,""flag_bars"":5,""flag_low"":367.57,""flag_high"":372.81,""structural_low"":367.57,""current_price"":370.89,""neckline_distance_pct"":0.010981423063442002,""base_bars"":5},""pattern_geometry_features"":{""pole_gain"":0.07574850814780809,""pullback_pct"":0.019716350604286444,""flag_range_pct"":0.013974715898559588,""flag_drift_per_bar"":-0.00011054490549769765,""atr_pct"":0.038114013270171214,""pole_atr_multiple"":1.9874188427984407},""_schema_version"":""1.0""}",,,,,,,,,,
20260623T215729Z-42792d,2026-06-23T21:57:29.965335+00:00,BWXT,bull_flag,forming,55.0,46.0,66.4,55.0,55.0,32.3,48.2,58.4,84.0,96.7,6.44,19.93,4.95,5.5,4.52,4.34,1.75,5.04,4.83,True,risk_unclear,210.0,214.51,207.0174,235.42,"{""trend"":{""T1_ema_stack"":{""value"":[true,false,true],""score"":66.66666666666666},""T2_ema50_slope"":{""value"":-0.2516604438316271,""score"":8.056592694728813},""T3_high_proximity"":{""value"":0.8807985907222549,""score"":40.39929536112741},""T4_rs_1m"":{""value"":0.03198220896478188,""score"":81.98220896478188},""T5_rs_3m"":{""value"":-0.096426270846792,""score"":1.7868645766039961},""T6_adr_healthy"":{""value"":3.5530634218742083,""score"":100.0},""_score"":46.0},""geometry"":{""sub_pole_impulse"":49.5,""sub_flag_tightness"":69.8,""sub_flag_shallowness"":62.5,""sub_flag_drift"":85.9,""sub_flag_duration"":87.5,""_score"":66.44},""compression"":{""VC1_atr_ratio"":{""value"":0.4903286915462002,""score"":100},""VC2_range_contraction"":{""value"":1.181648144769623,""score"":0},""VC3_range_pct_rank"":{""score"":60.0},""_score"":55.0},""sr_quality"":{""SR1_touches"":{""value"":3,""score"":50.0},""SR2_tightness"":{""value"":1.3883157669957082,""score"":63.532380376395025},""SR3_recency"":{""value"":263,""score"":0.0},""SR4_price_location"":{""score"":61.96084636202123},""SR5_reaction"":{""value"":2.039450070593975,""score"":100},""_score"":55.02,""_levels_found"":7,""_target_level"":213.8466},""volume"":{""V1_rvol_day"":{""value"":1.08120762355643,""score"":38.747174903762},""V2_rvol_sameslot"":{""value"":1.1156289144272624,""score"":41.04192762848416,""status"":""ok""},""V3_breakout_bar"":{""value"":0.8622943887560651,""score"":24.15295925040434},""V4_base_dryup"":{""value"":1.0259874710973178,""score"":47.40125289026822},""V5_bo_expansion"":{""value"":1.08120762355643,""score"":5.413841570428671},""_score"":32.29},""readiness"":{""_distance_atr"":0.592,""BR1_atr_distance"":{""score"":60.51115353524937},""BR2_compression"":{""score"":25.997603398742577},""BR3_retest"":{""score"":50.0},""BR4_bo_age"":{""score"":50.0},""_score"":48.2},""risk"":{""R1_stop_clarity"":{""score"":17.19031291189613},""R2_stop_distance_pct"":{""value"":1.4202619047619063,""score"":85.50654761904765},""R3_stop_distance_atr"":{""value"":0.3917210388806287,""score"":44.58605194403143},""R4_rr_potential"":{""value"":8.52290824965213,""score"":100.0},""_score"":58.36},""market"":{""M1_spy_regime"":{""score"":100.0},""M3_earnings_risk"":{""value"":null,""score"":80.0},""M4_vix"":{""value"":null,""score"":60.0},""_score"":84.0},""liquidity"":{""L1_price"":{""value"":210.0,""score"":100.0},""L2_dollar_vol"":{""value"":232239408.30195,""score"":100.0},""L3_spread_proxy"":{""value"":0.03314285714285704,""score"":66.85714285714295},""L4_volume_zscore"":{""value"":0.20391615233217925,""score"":100.0},""_score"":96.69},""pattern_structure"":{""pole_low"":193.6,""pole_low_idx"":31,""peak_price"":214.51,""peak_idx"":55,""pole_gain"":0.10800619834710742,""flag_bars"":4,""flag_low"":210.17,""flag_high"":214.365,""structural_low"":210.17,""current_price"":210.665,""neckline_distance_pct"":0.018251726675052805,""base_bars"":4},""pattern_geometry_features"":{""pole_gain"":0.10800619834710742,""pullback_pct"":0.020232157008997265,""flag_range_pct"":0.019556197846254356,""flag_drift_per_bar"":-0.002812522250967287,""atr_pct"":0.03625697278911564,""pole_atr_multiple"":2.9789083323451355},""_schema_version"":""1.0""}",,,,,,,,,,
20260623T215729Z-42792d,2026-06-23T21:57:29.965335+00:00,GD,cup_with_handle,forming,55.0,55.4,71.4,31.6,37.9,43.4,39.2,65.0,84.0,97.8,7.76,21.43,2.53,4.55,5.64,3.14,3.25,4.2,4.89,True,risk_unclear,343.36,351.36,329.9947,400.98,"{""trend"":{""T1_ema_stack"":{""value"":[false,true,true],""score"":66.66666666666666},""T2_ema50_slope"":{""value"":0.0525567666596101,""score"":58.75946110993502},""T3_high_proximity"":{""value"":0.943011727225289,""score"":71.50586361264449},""T4_rs_1m"":{""value"":0.00638937220726965,""score"":56.38937220726965},""T5_rs_3m"":{""value"":-0.15473908319949914,""score"":0},""T6_adr_healthy"":{""value"":2.0253473766696386,""score"":100.0},""_score"":55.42},""geometry"":{""sub_cup_depth"":59.2,""sub_cup_duration"":100.0,""sub_rim_symmetry"":71.8,""sub_handle_shallowness"":61.2,""sub_handle_proportion"":87.3,""sub_u_shape"":61.8,""_score"":71.44},""compression"":{""VC1_atr_ratio"":{""value"":0.7835088436192994,""score"":54.12278909517515},""VC2_range_contraction"":{""value"":1.5677316999457795,""score"":0},""VC3_range_pct_rank"":{""score"":40.0},""_score"":31.65},""sr_quality"":{""SR1_touches"":{""value"":3,""score"":50.0},""SR2_tightness"":{""value"":1.8660296532120428,""score"":56.59855439636403},""SR3_recency"":{""value"":238,""score"":0.0},""SR4_price_location"":{""score"":12.380602498163146},""SR5_reaction"":{""value"":1.5087150946269603,""score"":75.43575473134801},""_score"":37.9,""_levels_found"":5,""_target_level"":351.31},""volume"":{""V1_rvol_day"":{""value"":1.2844023427145426,""score"":52.293489514302834},""V2_rvol_sameslot"":{""value"":1.364601295516655,""score"":57.64008636777701,""status"":""ok""},""V3_breakout_bar"":{""value"":0.9123007680545925,""score"":27.486717870306165},""V4_base_dryup"":{""value"":0.9154298267168525,""score"":58.457017328314755},""V5_bo_expansion"":{""value"":1.2844023427145426,""score"":18.960156180969502},""_score"":43.39},""readiness"":{""_distance_atr"":0.93,""BR1_atr_distance"":{""score"":37.976768977308964},""BR2_compression"":{""score"":26.06139626805537},""BR3_retest"":{""score"":50.0},""BR4_bo_age"":{""score"":50.0},""_score"":39.21},""risk"":{""R1_stop_clarity"":{""score"":0},""R2_stop_distance_pct"":{""value"":3.8925034948741986,""score"":100.0},""R3_stop_distance_atr"":{""value"":1.554298292976704,""score"":100.0},""R4_rr_potential"":{""value"":4.311163984347512,""score"":100.0},""_score"":65.0},""market"":{""M1_spy_regime"":{""score"":100.0},""M3_earnings_risk"":{""value"":null,""score"":80.0},""M4_vix"":{""value"":null,""score"":60.0},""_score"":84.0},""liquidity"":{""L1_price"":{""value"":343.36,""score"":100.0},""L2_dollar_vol"":{""value"":574850066.3765523,""score"":100.0},""L3_spread_proxy"":{""value"":0.021464352283317813,""score"":78.53564771668219},""L4_volume_zscore"":{""value"":0.48974408518293516,""score"":100.0},""_score"":97.85},""pattern_structure"":{""left_rim"":356.39,""left_rim_idx"":95,""cup_bottom"":306.77,""cup_bottom_idx"":142,""right_rim"":351.36,""right_rim_idx"":163,""handle_low"":335.02,""handle_bars"":16,""cup_bars"":68,""structural_low"":335.02,""current_price"":343.36,""neckline_distance_pct"":0.023299161230195712,""base_bars"":84},""pattern_geometry_features"":{""cup_depth_pct"":0.13922949577709814,""rim_symmetry_pct"":0.014113751788770652,""handle_depth_pct"":0.046505009107468215,""handle_to_cup_ratio"":0.23529411764705882,""cup_duration_bars"":68.0,""atr_pct"":0.025043477899081366,""u_shape_score"":0.3088235294117647},""_schema_version"":""1.0""}",,,,,,,,,,
20260623T215729Z-42792d,2026-06-23T21:57:29.965335+00:00,CARR,bull_flag,absent,55.0,97.3,45.5,58.1,53.4,26.7,60.6,65.1,84.0,98.4,13.62,13.63,5.23,5.34,3.74,5.46,1.95,5.04,4.92,True,risk_unclear,71.85,72.89,70.1714,77.045,"{""trend"":{""T1_ema_stack"":{""value"":[true,true,true],""score"":100.0},""T2_ema50_slope"":{""value"":0.24230569039600433,""score"":90.38428173266739},""T3_high_proximity"":{""value"":1.0,""score"":99.99999999999997},""T4_rs_1m"":{""value"":0.12565854983190938,""score"":100},""T5_rs_3m"":{""value"":0.08955939704830596,""score"":94.77969852415298},""T6_adr_healthy"":{""value"":3.2313677471484272,""score"":100.0},""_score"":97.29},""geometry"":{""sub_pole_impulse"":16.2,""sub_flag_tightness"":44.2,""sub_flag_shallowness"":25.1,""sub_flag_drift"":96.8,""sub_flag_duration"":100.0,""_score"":45.45},""compression"":{""VC1_atr_ratio"":{""value"":0.6460790604606728,""score"":88.48023488483182},""VC2_range_contraction"":{""value"":1.0539779056934648,""score"":0},""VC3_range_pct_rank"":{""score"":90.83333333333333},""_score"":58.1},""sr_quality"":{""SR1_touches"":{""value"":4,""score"":75.0},""SR2_tightness"":{""value"":0.5604183705054636,""score"":57.45196753212316},""SR3_recency"":{""value"":235,""score"":0.0},""SR4_price_location"":{""score"":30.0},""SR5_reaction"":{""value"":1.9758676789587857,""score"":98.79338394793929},""_score"":53.44,""_levels_found"":6,""_target_level"":68.9625},""volume"":{""V1_rvol_day"":{""value"":0.7305985655490099,""score"":15.373237703267328},""V2_rvol_sameslot"":{""value"":0.5747057294588149,""score"":4.980381963920996,""status"":""ok""},""V3_breakout_bar"":{""value"":1.0402800098040006,""score"":36.01866732026671},""V4_base_dryup"":{""value"":0.8194383062811511,""score"":68.05616937188489},""V5_bo_expansion"":{""value"":0.7305985655490101,""score"":0},""_score"":26.69},""readiness"":{""_distance_atr"":0.395,""BR1_atr_distance"":{""score"":73.68040491684728},""BR2_compression"":{""score"":54.57614414306138},""BR3_retest"":{""score"":50.0},""BR4_bo_age"":{""score"":50.0},""_score"":60.62},""risk"":{""R1_stop_clarity"":{""score"":18.86984815618196},""R2_stop_distance_pct"":{""value"":2.336256089074465,""score"":100.0},""R3_stop_distance_atr"":{""value"":0.6372125813449034,""score"":56.86062906724517},""R4_rr_potential"":{""value"":3.0948409388776352,""score"":100.0},""_score"":65.13},""market"":{""M1_spy_regime"":{""score"":100.0},""M3_earnings_risk"":{""value"":null,""score"":80.0},""M4_vix"":{""value"":null,""score"":60.0},""_score"":84.0},""liquidity"":{""L1_price"":{""value"":71.85,""score"":100.0},""L2_dollar_vol"":{""value"":357034643.37573326,""score"":100.0},""L3_spread_proxy"":{""value"":0.016283924843423826,""score"":83.71607515657618},""L4_volume_zscore"":{""value"":-0.8712413007894818,""score"":100.0},""_score"":98.37},""pattern_structure"":{""pole_low"":68.735,""pole_low_idx"":24,""peak_price"":72.89,""peak_idx"":48,""pole_gain"":0.06044955262966467,""flag_bars"":11,""flag_low"":71.24,""flag_high"":72.715,""structural_low"":71.24,""current_price"":71.71,""neckline_distance_pct"":0.016455166643425,""base_bars"":11},""pattern_geometry_features"":{""pole_gain"":0.06044955262966467,""pullback_pct"":0.02263685004801764,""flag_range_pct"":0.020235972012621877,""flag_drift_per_bar"":-0.0006402048655569404,""atr_pct"":0.0366636842628492,""pole_atr_multiple"":1.6487582697987981},""_schema_version"":""1.0""}",,,,,,,,,,
20260623T215729Z-42792d,2026-06-23T21:57:29.965335+00:00,CARR,cup_with_handle,setup,55.0,97.3,78.6,58.1,53.4,22.6,49.0,45.9,84.0,98.4,13.62,23.58,4.65,6.41,2.93,3.92,2.3,4.2,4.92,True,risk_unclear,71.85,69.83,64.6357,84.39,"{""trend"":{""T1_ema_stack"":{""value"":[true,true,true],""score"":100.0},""T2_ema50_slope"":{""value"":0.24230569039600433,""score"":90.38428173266739},""T3_high_proximity"":{""value"":1.0,""score"":99.99999999999997},""T4_rs_1m"":{""value"":0.12565854983190938,""score"":100},""T5_rs_3m"":{""value"":0.08955939704830596,""score"":94.77969852415298},""T6_adr_healthy"":{""value"":3.2313677471484272,""score"":100.0},""_score"":97.29},""geometry"":{""sub_cup_depth"":100.0,""sub_cup_duration"":100.0,""sub_rim_symmetry"":56.1,""sub_handle_shallowness"":49.8,""sub_handle_proportion"":100.0,""sub_u_shape"":82.7,""_score"":78.59},""compression"":{""VC1_atr_ratio"":{""value"":0.6460790604606728,""score"":88.48023488483182},""VC2_range_contraction"":{""value"":1.0539779056934648,""score"":0},""VC3_range_pct_rank"":{""score"":90.83333333333333},""_score"":58.1},""sr_quality"":{""SR1_touches"":{""value"":4,""score"":75.0},""SR2_tightness"":{""value"":0.5604183705054636,""score"":57.45196753212316},""SR3_recency"":{""value"":235,""score"":0.0},""SR4_price_location"":{""score"":30.0},""SR5_reaction"":{""value"":1.9758676789587857,""score"":98.79338394793929},""_score"":53.44,""_levels_found"":6,""_target_level"":68.9625},""volume"":{""V1_rvol_day"":{""value"":0.7305985655490099,""score"":15.373237703267328},""V2_rvol_sameslot"":{""value"":0.5747057294588149,""score"":4.980381963920996,""status"":""ok""},""V3_breakout_bar"":{""value"":1.0402800098040006,""score"":36.01866732026671},""V4_base_dryup"":{""value"":1.0257042808652854,""score"":47.429571913471456},""V5_bo_expansion"":{""value"":0.7305985655490101,""score"":0},""_score"":22.56},""readiness"":{""_distance_atr"":-0.767,""BR1_atr_distance"":{""score"":44.66377440347075},""BR2_compression"":{""score"":54.57614414306138},""BR3_retest"":{""score"":50.0},""BR4_bo_age"":{""score"":50.0},""_score"":49.01},""risk"":{""R1_stop_clarity"":{""score"":25.27006507592158},""R2_stop_distance_pct"":{""value"":10.04077940153096,""score"":48.980514961725994},""R3_stop_distance_atr"":{""value"":2.738617136659433,""score"":100.0},""R4_rr_potential"":{""value"":1.7382143797735057,""score"":36.910718988675285},""_score"":45.92},""market"":{""M1_spy_regime"":{""score"":100.0},""M3_earnings_risk"":{""value"":null,""score"":80.0},""M4_vix"":{""value"":null,""score"":60.0},""_score"":84.0},""liquidity"":{""L1_price"":{""value"":71.85,""score"":100.0},""L2_dollar_vol"":{""value"":357034643.37573326,""score"":100.0},""L3_spread_proxy"":{""value"":0.016283924843423826,""score"":83.71607515657618},""L4_volume_zscore"":{""value"":-0.8712413007894818,""score"":100.0},""_score"":98.37},""pattern_structure"":{""left_rim"":68.33,""left_rim_idx"":91,""cup_bottom"":53.77,""cup_bottom_idx"":122,""right_rim"":69.83,""right_rim_idx"":166,""handle_low"":65.62,""handle_bars"":13,""cup_bars"":75,""structural_low"":65.62,""current_price"":71.85,""neckline_distance_pct"":-0.02811412665274873,""base_bars"":88},""pattern_geometry_features"":{""cup_depth_pct"":0.2130835650519537,""rim_symmetry_pct"":0.021952290355627103,""handle_depth_pct"":0.060289273951023827,""handle_to_cup_ratio"":0.17333333333333334,""cup_duration_bars"":75.0,""atr_pct"":0.0366636842628492,""u_shape_score"":0.41333333333333333},""_schema_version"":""1.0""}",,,,,,,,,,
20260623T215729Z-42792d,2026-06-23T21:57:29.965335+00:00,TT,cup_with_handle,setup,55.0,86.9,70.7,32.5,47.4,36.3,29.5,19.0,84.0,97.2,12.17,21.2,2.6,5.68,4.72,2.36,0.95,4.2,4.86,True,risk_unclear,491.59,466.82,432.8287,531.66,"{""trend"":{""T1_ema_stack"":{""value"":[true,true,true],""score"":100.0},""T2_ema50_slope"":{""value"":0.023613918024063218,""score"":53.93565300401053},""T3_high_proximity"":{""value"":0.9980712226418158,""score"":99.03561132090788},""T4_rs_1m"":{""value"":0.08409883227752069,""score"":100},""T5_rs_3m"":{""value"":0.050207729568728876,""score"":75.10386478436445},""T6_adr_healthy"":{""value"":2.6480656408744068,""score"":100.0},""_score"":86.91},""geometry"":{""sub_cup_depth"":58.6,""sub_cup_duration"":100.0,""sub_rim_symmetry"":95.0,""sub_handle_shallowness"":51.1,""sub_handle_proportion"":47.2,""sub_u_shape"":66.7,""_score"":70.66},""compression"":{""VC1_atr_ratio"":{""value"":0.7418047558068038,""score"":64.54881104829904},""VC2_range_contraction"":{""value"":1.4229988253156198,""score"":0},""VC3_range_pct_rank"":{""score"":26.66666666666667},""_score"":32.49},""sr_quality"":{""SR1_touches"":{""value"":3,""score"":50.0},""SR2_tightness"":{""value"":2.5245505650621474,""score"":65.68983436367574},""SR3_recency"":{""value"":247,""score"":0.0},""SR4_price_location"":{""score"":30.0},""SR5_reaction"":{""value"":2.0707549466965225,""score"":100},""_score"":47.35,""_levels_found"":7,""_target_level"":479.0567},""volume"":{""V1_rvol_day"":{""value"":1.136626377960498,""score"":42.441758530699865},""V2_rvol_sameslot"":{""value"":1.0692645619833956,""score"":37.95097079889304,""status"":""ok""},""V3_breakout_bar"":{""value"":1.0812110098956458,""score"":38.74740065970972},""V4_base_dryup"":{""value"":1.0409961111491544,""score"":45.90038888508457},""V5_bo_expansion"":{""value"":1.1366263779604977,""score"":9.108425197366515},""_score"":36.31},""readiness"":{""_distance_atr"":-1.683,""BR1_atr_distance"":{""score"":26.336075237580758},""BR2_compression"":{""score"":5.867261853343335},""BR3_retest"":{""score"":50.0},""BR4_bo_age"":{""score"":50.0},""_score"":29.5},""risk"":{""R1_stop_clarity"":{""score"":10.420255435392107},""R2_stop_distance_pct"":{""value"":11.953314754165048,""score"":1.167131145873812},""R3_stop_distance_atr"":{""value"":3.9930076345214887,""score"":100.0},""R4_rr_potential"":{""value"":0.6819113940637825,""score"":0.0},""_score"":19.0},""market"":{""M1_spy_regime"":{""score"":100.0},""M3_earnings_risk"":{""value"":null,""score"":80.0},""M4_vix"":{""value"":null,""score"":60.0},""_score"":84.0},""liquidity"":{""L1_price"":{""value"":491.59,""score"":100.0},""L2_dollar_vol"":{""value"":799844604.3289329,""score"":100.0},""L3_spread_proxy"":{""value"":0.0282755955165891,""score"":71.7244044834109},""L4_volume_zscore"":{""value"":0.4943666624629528,""score"":100.0},""_score"":97.17},""pattern_structure"":{""left_rim"":467.98,""left_rim_idx"":102,""cup_bottom"":403.14,""cup_bottom_idx"":122,""right_rim"":466.82,""right_rim_idx"":162,""handle_low"":439.42,""handle_bars"":17,""cup_bars"":60,""structural_low"":439.42,""current_price"":491.59,""neckline_distance_pct"":-0.050387518053662574,""base_bars"":77},""pattern_geometry_features"":{""cup_depth_pct"":0.13855292961237667,""rim_symmetry_pct"":0.002478738407624311,""handle_depth_pct"":0.05869500021421528,""handle_to_cup_ratio"":0.2833333333333333,""cup_duration_bars"":60.0,""atr_pct"":0.029935617079273377,""u_shape_score"":0.3333333333333333},""_schema_version"":""1.0""}",,,,,,,,,,
20260623T215729Z-42792d,2026-06-23T21:57:29.965335+00:00,JCI,double_bottom,absent,55.0,85.3,49.3,42.0,53.9,70.0,68.6,50.5,84.0,97.5,12.8,12.31,3.36,7.55,9.11,5.49,3.03,5.04,4.87,True,risk_unclear,148.21,149.38,141.1899,155.42,"{""trend"":{""T1_ema_stack"":{""value"":[true,true,true],""score"":100.0},""T2_ema50_slope"":{""value"":0.09686062244075762,""score"":66.14343707345961},""T3_high_proximity"":{""value"":1.0,""score"":99.99999999999997},""T4_rs_1m"":{""value"":0.07169857655711054,""score"":100},""T5_rs_3m"":{""value"":-0.005026458243721166,""score"":47.48677087813942},""T6_adr_healthy"":{""value"":3.1869086914924725,""score"":100.0},""_score"":85.35},""geometry"":{""sub_low_similarity"":79.6,""sub_bounce_quality"":17.3,""sub_separation_fit"":0.0,""sub_right_bottom_reaction"":12.8,""sub_base_context"":100.0,""_score"":49.26},""compression"":{""VC1_atr_ratio"":{""value"":0.6888545048576773,""score"":77.78637378558068},""VC2_range_contraction"":{""value"":1.1872170607067984,""score"":0},""VC3_range_pct_rank"":{""score"":43.333333333333336},""_score"":41.95},""sr_quality"":{""SR1_touches"":{""value"":4,""score"":75.0},""SR2_tightness"":{""value"":0.9380931456950297,""score"":64.56888635967313},""SR3_recency"":{""value"":234,""score"":0.0},""SR4_price_location"":{""score"":30.0},""SR5_reaction"":{""value"":1.9003996800401444,""score"":95.01998400200722},""_score"":53.94,""_levels_found"":6,""_target_level"":147.0175},""volume"":{""V1_rvol_day"":{""value"":1.3361637041364711,""score"":55.74424694243141},""V2_rvol_sameslot"":{""value"":2.3942287051335307,""score"":100,""status"":""ok""},""V3_breakout_bar"":{""value"":1.8134119205382213,""score"":87.56079470254808},""V4_base_dryup"":{""value"":0.8176539331655206,""score"":68.23460668344794},""V5_bo_expansion"":{""value"":1.3361637041364707,""score"":22.410913609098046},""_score"":70.05},""readiness"":{""_distance_atr"":0.221,""BR1_atr_distance"":{""score"":85.2699762458135},""BR2_compression"":{""score"":67.87366187298082},""BR3_retest"":{""score"":50.0},""BR4_bo_age"":{""score"":50.0},""_score"":68.58},""risk"":{""R1_stop_clarity"":{""score"":18.792245964418257},""R2_stop_distance_pct"":{""value"":4.736589973685995,""score"":100.0},""R3_stop_distance_atr"":{""value"":1.325721022522641,""score"":91.28605112613205},""R4_rr_potential"":{""value"":1.0270508967108682,""score"":1.3525448355434122},""_score"":50.54},""market"":{""M1_spy_regime"":{""score"":100.0},""M3_earnings_risk"":{""value"":null,""score"":80.0},""M4_vix"":{""value"":null,""score"":60.0},""_score"":84.0},""liquidity"":{""L1_price"":{""value"":148.21,""score"":100.0},""L2_dollar_vol"":{""value"":846427259.1571523,""score"":100.0},""L3_spread_proxy"":{""value"":0.025099520950003364,""score"":74.90047904999663},""L4_volume_zscore"":{""value"":1.1567045117070507,""score"":100.0},""_score"":97.49},""pattern_structure"":{""left_low"":143.34,""left_idx"":24,""right_low"":144.81,""right_idx"":73,""separation_bars"":49,""structural_low"":143.34,""current_price"":147.92,""neckline_distance_pct"":0.009870200108166631,""base_bars"":49},""pattern_geometry_features"":{""low_similarity_pct"":0.010203019260801659,""bounce_pct"":0.04213757499651173,""right_bottom_reaction"":0.12781954887219396,""atr_pct"":0.03572840660452831},""_schema_version"":""1.0""}",,,,,,,,,,
20260623T215729Z-42792d,2026-06-23T21:57:29.965335+00:00,JCI,vcp,absent,55.0,85.3,42.4,42.0,53.9,65.6,73.6,52.5,84.0,97.5,12.8,10.59,5.03,6.47,8.52,5.15,2.63,5.04,4.87,True,risk_unclear,148.21,148.38,136.5675,152.8728,"{""trend"":{""T1_ema_stack"":{""value"":[true,true,true],""score"":100.0},""T2_ema50_slope"":{""value"":0.09686062244075762,""score"":66.14343707345961},""T3_high_proximity"":{""value"":1.0,""score"":99.99999999999997},""T4_rs_1m"":{""value"":0.07169857655711054,""score"":100},""T5_rs_3m"":{""value"":-0.005026458243721166,""score"":47.48677087813942},""T6_adr_healthy"":{""value"":3.1869086914924725,""score"":100.0},""_score"":85.35},""geometry"":{""sub_contraction_count"":100.0,""sub_reduction_rate"":0,""sub_pivot_tightness"":49.1,""sub_volume_dryup"":0,""sub_base_depth"":0.0,""sub_base_duration"":100.0,""_score"":42.37},""compression"":{""VC1_atr_ratio"":{""value"":0.6888545048576773,""score"":77.78637378558068},""VC2_range_contraction"":{""value"":1.1872170607067984,""score"":0},""VC3_range_pct_rank"":{""score"":43.333333333333336},""_score"":41.95},""sr_quality"":{""SR1_touches"":{""value"":4,""score"":75.0},""SR2_tightness"":{""value"":0.9380931456950297,""score"":64.56888635967313},""SR3_recency"":{""value"":234,""score"":0.0},""SR4_price_location"":{""score"":30.0},""SR5_reaction"":{""value"":1.9003996800401444,""score"":95.01998400200722},""_score"":53.94,""_levels_found"":6,""_target_level"":147.0175},""volume"":{""V1_rvol_day"":{""value"":1.3361637041364711,""score"":55.74424694243141},""V2_rvol_sameslot"":{""value"":2.3942287051335307,""score"":100,""status"":""ok""},""V3_breakout_bar"":{""value"":1.8134119205382213,""score"":87.56079470254808},""V4_base_dryup"":{""value"":1.0422240443815576,""score"":45.777595561844244},""V5_bo_expansion"":{""value"":1.3361637041364707,""score"":22.410913609098046},""_score"":65.56},""readiness"":{""_distance_atr"":0.032,""BR1_atr_distance"":{""score"":97.85974013828073},""BR2_compression"":{""score"":67.87366187298082},""BR3_retest"":{""score"":50.0},""BR4_bo_age"":{""score"":50.0},""_score"":73.61},""risk"":{""R1_stop_clarity"":{""score"":21.45090194417385},""R2_stop_distance_pct"":{""value"":7.855413264961891,""score"":100.0},""R3_stop_distance_atr"":{""value"":2.1986464025424177,""score"":100.0},""R4_rr_potential"":{""value"":0.4004978995934525,""score"":0.0},""_score"":52.51},""market"":{""M1_spy_regime"":{""score"":100.0},""M3_earnings_risk"":{""value"":null,""score"":80.0},""M4_vix"":{""value"":null,""score"":60.0},""_score"":84.0},""liquidity"":{""L1_price"":{""value"":148.21,""score"":100.0},""L2_dollar_vol"":{""value"":846427259.1571523,""score"":100.0},""L3_spread_proxy"":{""value"":0.025099520950003364,""score"":74.90047904999663},""L4_volume_zscore"":{""value"":1.1567045117070507,""score"":100.0},""_score"":97.49},""pattern_structure"":{""n_contractions"":5,""contractions_pct"":[5.62,6.73,8.41,7.16,6.56],""descending_strict"":false,""final_low"":138.6472,""final_pivot"":148.38,""structural_low"":138.6472,""dry_up_ratio"":1.2639927381861813,""current_price"":148.21,""neckline_distance_pct"":0.0011470211186828654,""base_bars"":40},""pattern_geometry_features"":{""contraction_count"":5.0,""first_contraction_pct"":0.056168785804107814,""last_contraction_pct"":0.06559374578784201,""dry_up_ratio"":1.2639927381861813,""near_monotone"":0.0,""base_depth_pct"":0.03138745284337005},""_schema_version"":""1.0""}",,,,,,,,,,
20260623T215729Z-42792d,2026-06-23T21:57:29.965335+00:00,CARR,ascending_triangle,forming,55.0,97.3,68.8,58.1,53.4,24.7,60.6,52.0,84.0,98.4,14.59,19.28,4.65,7.48,2.97,4.85,2.08,5.04,4.92,True,risk_unclear,71.85,72.89,69.3046,75.42,"{""trend"":{""T1_ema_stack"":{""value"":[true,true,true],""score"":100.0},""T2_ema50_slope"":{""value"":0.24230569039600433,""score"":90.38428173266739},""T3_high_proximity"":{""value"":1.0,""score"":99.99999999999997},""T4_rs_1m"":{""value"":0.12565854983190938,""score"":100},""T5_rs_3m"":{""value"":0.08955939704830596,""score"":94.77969852415298},""T6_adr_healthy"":{""value"":3.2313677471484272,""score"":100.0},""_score"":97.29},""geometry"":{""sub_flat_top_quality"":100,""sub_hl_slope"":41.5,""sub_compression"":45.6,""sub_duration"":100.0,""_score"":68.85},""compression"":{""VC1_atr_ratio"":{""value"":0.6460790604606728,""score"":88.48023488483182},""VC2_range_contraction"":{""value"":1.0539779056934648,""score"":0},""VC3_range_pct_rank"":{""score"":90.83333333333333},""_score"":58.1},""sr_quality"":{""SR1_touches"":{""value"":4,""score"":75.0},""SR2_tightness"":{""value"":0.5604183705054636,""score"":57.45196753212316},""SR3_recency"":{""value"":235,""score"":0.0},""SR4_price_location"":{""score"":30.0},""SR5_reaction"":{""value"":1.9758676789587857,""score"":98.79338394793929},""_score"":53.44,""_levels_found"":6,""_target_level"":68.9625},""volume"":{""V1_rvol_day"":{""value"":0.7305985655490099,""score"":15.373237703267328},""V2_rvol_sameslot"":{""value"":0.5747057294588149,""score"":4.980381963920996,""status"":""ok""},""V3_breakout_bar"":{""value"":1.0402800098040006,""score"":36.01866732026671},""V4_base_dryup"":{""value"":0.9174351539336126,""score"":58.256484606638736},""V5_bo_expansion"":{""value"":0.7305985655490101,""score"":0},""_score"":24.73},""readiness"":{""_distance_atr"":0.395,""BR1_atr_distance"":{""score"":73.68040491684728},""BR2_compression"":{""score"":54.57614414306138},""BR3_retest"":{""score"":50.0},""BR4_bo_age"":{""score"":50.0},""_score"":60.62},""risk"":{""R1_stop_clarity"":{""score"":19.87201735357874},""R2_stop_distance_pct"":{""value"":3.5426583159359795,""score"":100.0},""R3_stop_distance_atr"":{""value"":0.9662581344902387,""score"":73.31290672451193},""R4_rr_potential"":{""value"":1.40253005421545,""score"":20.1265027107725},""_score"":51.98},""market"":{""M1_spy_regime"":{""score"":100.0},""M3_earnings_risk"":{""value"":null,""score"":80.0},""M4_vix"":{""value"":null,""score"":60.0},""_score"":84.0},""liquidity"":{""L1_price"":{""value"":71.85,""score"":100.0},""L2_dollar_vol"":{""value"":357034643.37573326,""score"":100.0},""L3_spread_proxy"":{""value"":0.016283924843423826,""score"":83.71607515657618},""L4_volume_zscore"":{""value"":-0.8712413007894818,""score"":100.0},""_score"":98.37},""pattern_structure"":{""top"":72.89,""top_touches"":5,""low_slope_per_bar"":0.08754750593824166,""lowest_low"":70.36,""structural_low"":70.36,""current_price"":71.71,""neckline_distance_pct"":0.016455166643425,""base_bars"":50},""pattern_geometry_features"":{""top_touches"":5.0,""low_slope"":0.08754750593824166,""compression"":0.22822046702452947,""atr_pct"":0.0366636842628492},""_schema_version"":""1.0""}",,,,,,,,,,
20260623T215729Z-42792d,2026-06-23T21:57:29.965335+00:00,JCI,base_on_base,breakout_confirmed,55.0,85.3,67.9,42.0,53.9,66.7,48.3,20.8,84.0,97.5,15.36,16.98,4.2,5.39,8.0,3.86,1.04,5.88,4.87,True,risk_unclear,148.21,141.45,124.0213,153.315,"{""trend"":{""T1_ema_stack"":{""value"":[true,true,true],""score"":100.0},""T2_ema50_slope"":{""value"":0.09686062244075762,""score"":66.14343707345961},""T3_high_proximity"":{""value"":1.0,""score"":99.99999999999997},""T4_rs_1m"":{""value"":0.07169857655711054,""score"":100},""T5_rs_3m"":{""value"":-0.005026458243721166,""score"":47.48677087813942},""T6_adr_healthy"":{""value"":3.1869086914924725,""score"":100.0},""_score"":85.35},""geometry"":{""sub_shallower_second"":0,""sub_second_base_depth"":100.0,""sub_rim_advance"":100,""sub_dry_up"":64.7,""sub_second_base_duration"":100.0,""_score"":67.94},""compression"":{""VC1_atr_ratio"":{""value"":0.6888545048576773,""score"":77.78637378558068},""VC2_range_contraction"":{""value"":1.1872170607067984,""score"":0},""VC3_range_pct_rank"":{""score"":43.333333333333336},""_score"":41.95},""sr_quality"":{""SR1_touches"":{""value"":4,""score"":75.0},""SR2_tightness"":{""value"":0.9380931456950297,""score"":64.56888635967313},""SR3_recency"":{""value"":234,""score"":0.0},""SR4_price_location"":{""score"":30.0},""SR5_reaction"":{""value"":1.9003996800401444,""score"":95.01998400200722},""_score"":53.94,""_levels_found"":6,""_target_level"":147.0175},""volume"":{""V1_rvol_day"":{""value"":1.3361637041364711,""score"":55.74424694243141},""V2_rvol_sameslot"":{""value"":2.3942287051335307,""score"":100,""status"":""ok""},""V3_breakout_bar"":{""value"":1.8134119205382213,""score"":87.56079470254808},""V4_base_dryup"":{""value"":0.9853698207458408,""score"":51.46301792541592},""V5_bo_expansion"":{""value"":1.3361637041364707,""score"":22.410913609098046},""_score"":66.69},""readiness"":{""_distance_atr"":-1.277,""BR1_atr_distance"":{""score"":34.46795882607638},""BR2_compression"":{""score"":67.87366187298082},""BR3_retest"":{""score"":50.0},""BR4_bo_age"":{""score"":50.0},""_score"":48.26},""risk"":{""R1_stop_clarity"":{""score"":28.667027273475327},""R2_stop_distance_pct"":{""value"":16.32052493084138,""score"":0.0},""R3_stop_distance_atr"":{""value"":4.567940885662916,""score"":71.60295571685423},""R4_rr_potential"":{""value"":0.21104939713460602,""score"":0.0},""_score"":20.77},""market"":{""M1_spy_regime"":{""score"":100.0},""M3_earnings_risk"":{""value"":null,""score"":80.0},""M4_vix"":{""value"":null,""score"":60.0},""_score"":84.0},""liquidity"":{""L1_price"":{""value"":148.21,""score"":100.0},""L2_dollar_vol"":{""value"":846427259.1571523,""score"":100.0},""L3_spread_proxy"":{""value"":0.025099520950003364,""score"":74.90047904999663},""L4_volume_zscore"":{""value"":1.1567045117070507,""score"":100.0},""_score"":97.49},""pattern_structure"":{""first_base_low"":112.205,""first_base_top"":124.07,""first_base_bars"":35,""second_base_low"":125.91,""second_base_top"":141.45,""second_base_bars"":42,""structural_low"":125.91,""stacking_overlap_pct"":-0.014830337712581635,""current_price"":148.21,""neckline_distance_pct"":-0.04561095742527507,""base_bars"":42},""pattern_geometry_features"":{""first_base_depth_pct"":0.0956314983477069,""second_base_depth_pct"":0.10986214209968181,""second_dry_up_ratio"":0.6762940241532494,""rim_advance_pct"":0.14008221165471102,""atr_pct"":0.03572840660452831},""_schema_version"":""1.0""}",,,,,,,,,,
20260623T215729Z-42792d,2026-06-23T21:57:29.965335+00:00,JCI,ascending_triangle,forming,55.0,85.3,53.8,42.0,53.9,61.2,68.6,48.6,84.0,97.5,12.8,15.08,3.36,7.55,7.35,5.49,1.95,5.04,4.87,True,risk_unclear,148.21,149.38,142.3818,154.21,"{""trend"":{""T1_ema_stack"":{""value"":[true,true,true],""score"":100.0},""T2_ema50_slope"":{""value"":0.09686062244075762,""score"":66.14343707345961},""T3_high_proximity"":{""value"":1.0,""score"":99.99999999999997},""T4_rs_1m"":{""value"":0.07169857655711054,""score"":100},""T5_rs_3m"":{""value"":-0.005026458243721166,""score"":47.48677087813942},""T6_adr_healthy"":{""value"":3.1869086914924725,""score"":100.0},""_score"":85.35},""geometry"":{""sub_flat_top_quality"":100,""sub_hl_slope"":0.3,""sub_compression"":35.0,""sub_duration"":100.0,""_score"":53.84},""compression"":{""VC1_atr_ratio"":{""value"":0.6888545048576773,""score"":77.78637378558068},""VC2_range_contraction"":{""value"":1.1872170607067984,""score"":0},""VC3_range_pct_rank"":{""score"":43.333333333333336},""_score"":41.95},""sr_quality"":{""SR1_touches"":{""value"":4,""score"":75.0},""SR2_tightness"":{""value"":0.9380931456950297,""score"":64.56888635967313},""SR3_recency"":{""value"":234,""score"":0.0},""SR4_price_location"":{""score"":30.0},""SR5_reaction"":{""value"":1.9003996800401444,""score"":95.01998400200722},""_score"":53.94,""_levels_found"":6,""_target_level"":147.0175},""volume"":{""V1_rvol_day"":{""value"":1.3361637041364711,""score"":55.74424694243141},""V2_rvol_sameslot"":{""value"":2.3942287051335307,""score"":100,""status"":""ok""},""V3_breakout_bar"":{""value"":1.8134119205382213,""score"":87.56079470254808},""V4_base_dryup"":{""value"":1.2588824963994185,""score"":24.111750360058153},""V5_bo_expansion"":{""value"":1.3361637041364707,""score"":22.410913609098046},""_score"":61.22},""readiness"":{""_distance_atr"":0.221,""BR1_atr_distance"":{""score"":85.2699762458135},""BR2_compression"":{""score"":67.87366187298082},""BR3_retest"":{""score"":50.0},""BR4_bo_age"":{""score"":50.0},""_score"":68.58},""risk"":{""R1_stop_clarity"":{""score"":18.106733320473737},""R2_stop_distance_pct"":{""value"":3.9324269617434697,""score"":100.0},""R3_stop_distance_atr"":{""value"":1.1006443710940819,""score"":80.03221855470409},""R4_rr_potential"":{""value"":1.0294685368678376,""score"":1.4734268433918785},""_score"":48.64},""market"":{""M1_spy_regime"":{""score"":100.0},""M3_earnings_risk"":{""value"":null,""score"":80.0},""M4_vix"":{""value"":null,""score"":60.0},""_score"":84.0},""liquidity"":{""L1_price"":{""value"":148.21,""score"":100.0},""L2_dollar_vol"":{""value"":846427259.1571523,""score"":100.0},""L3_spread_proxy"":{""value"":0.025099520950003364,""score"":74.90047904999663},""L4_volume_zscore"":{""value"":1.1567045117070507,""score"":100.0},""_score"":97.49},""pattern_structure"":{""top"":149.38,""top_touches"":5,""low_slope_per_bar"":0.0011417170495778089,""lowest_low"":144.55,""structural_low"":144.55,""current_price"":147.92,""neckline_distance_pct"":0.009870200108166631,""base_bars"":24},""pattern_geometry_features"":{""top_touches"":5.0,""low_slope"":0.0011417170495778089,""compression"":0.17513774208539912,""atr_pct"":0.03572840660452831},""_schema_version"":""1.0""}",,,,,,,,,,
20260623T215729Z-42792d,2026-06-23T21:57:29.965335+00:00,CARR,vcp,breakout_confirmed,54.97,97.3,38.8,58.1,53.4,25.8,40.6,22.5,84.0,98.4,14.59,9.71,6.97,6.41,3.35,2.84,1.12,5.04,4.92,False,,71.85,67.065,60.2032,70.58,"{""trend"":{""T1_ema_stack"":{""value"":[true,true,true],""score"":100.0},""T2_ema50_slope"":{""value"":0.24230569039600433,""score"":90.38428173266739},""T3_high_proximity"":{""value"":1.0,""score"":99.99999999999997},""T4_rs_1m"":{""value"":0.12565854983190938,""score"":100},""T5_rs_3m"":{""value"":0.08955939704830596,""score"":94.77969852415298},""T6_adr_healthy"":{""value"":3.2313677471484272,""score"":100.0},""_score"":97.29},""geometry"":{""sub_contraction_count"":100.0,""sub_reduction_rate"":0,""sub_pivot_tightness"":16.3,""sub_volume_dryup"":6.4,""sub_base_depth"":4.4,""sub_base_duration"":100.0,""_score"":38.84},""compression"":{""VC1_atr_ratio"":{""value"":0.6460790604606728,""score"":88.48023488483182},""VC2_range_contraction"":{""value"":1.0539779056934648,""score"":0},""VC3_range_pct_rank"":{""score"":90.83333333333333},""_score"":58.1},""sr_quality"":{""SR1_touches"":{""value"":4,""score"":75.0},""SR2_tightness"":{""value"":0.5604183705054636,""score"":57.45196753212316},""SR3_recency"":{""value"":235,""score"":0.0},""SR4_price_location"":{""score"":30.0},""SR5_reaction"":{""value"":1.9758676789587857,""score"":98.79338394793929},""_score"":53.44,""_levels_found"":6,""_target_level"":68.9625},""volume"":{""V1_rvol_day"":{""value"":0.7305985655490099,""score"":15.373237703267328},""V2_rvol_sameslot"":{""value"":0.5747057294588149,""score"":4.980381963920996,""status"":""ok""},""V3_breakout_bar"":{""value"":1.0402800098040006,""score"":36.01866732026671},""V4_base_dryup"":{""value"":0.8638263299703776,""score"":63.61736700296225},""V5_bo_expansion"":{""value"":0.7305985655490101,""score"":0},""_score"":25.8},""readiness"":{""_distance_atr"":-1.816,""BR1_atr_distance"":{""score"":23.671366594360123},""BR2_compression"":{""score"":54.57614414306138},""BR3_retest"":{""score"":50.0},""BR4_bo_age"":{""score"":50.0},""_score"":40.61},""risk"":{""R1_stop_clarity"":{""score"":30.394793926247146},""R2_stop_distance_pct"":{""value"":16.209881697981906,""score"":0.0},""R3_stop_distance_atr"":{""value"":4.421236442516268,""score"":78.93817787418662},""R4_rr_potential"":{""value"":-0.10904282721434058,""score"":0.0},""_score"":22.48},""market"":{""M1_spy_regime"":{""score"":100.0},""M3_earnings_risk"":{""value"":null,""score"":80.0},""M4_vix"":{""value"":null,""score"":60.0},""_score"":84.0},""liquidity"":{""L1_price"":{""value"":71.85,""score"":100.0},""L2_dollar_vol"":{""value"":357034643.37573326,""score"":100.0},""L3_spread_proxy"":{""value"":0.016283924843423826,""score"":83.71607515657618},""L4_volume_zscore"":{""value"":-0.8712413007894818,""score"":100.0},""_score"":98.37},""pattern_structure"":{""n_contractions"":5,""contractions_pct"":[14.55,10.68,5.43,11.22,8.86],""descending_strict"":false,""final_low"":61.12,""final_pivot"":67.065,""structural_low"":61.12,""dry_up_ratio"":0.9677722210590561,""current_price"":71.85,""neckline_distance_pct"":-0.06659707724425883,""base_bars"":58},""pattern_geometry_features"":{""contraction_count"":5.0,""first_contraction_pct"":0.14550939893246703,""last_contraction_pct"":0.08864534406918662,""dry_up_ratio"":0.9677722210590561,""near_monotone"":0.0,""base_depth_pct"":0.05438230061112412},""_schema_version"":""1.0""}",,,,,,,,,,
20260623T215729Z-42792d,2026-06-23T21:57:29.965335+00:00,ARQQ,bull_flag,forming,54.84,69.8,79.3,0.8,37.3,22.3,30.7,84.6,84.0,79.9,9.77,23.8,0.07,3.73,3.13,2.76,2.54,5.04,4.0,False,,21.42,25.345,19.9856,37.4,"{""trend"":{""T1_ema_stack"":{""value"":[true,true,false],""score"":66.66666666666666},""T2_ema50_slope"":{""value"":0.06626620954518896,""score"":61.044368257531495},""T3_high_proximity"":{""value"":0.878589007383101,""score"":39.29450369155047},""T4_rs_1m"":{""value"":0.6321275486739231,""score"":100},""T5_rs_3m"":{""value"":0.4272595864748603,""score"":100},""T6_adr_healthy"":{""value"":12.827260475718766,""score"":0.0},""_score"":69.77},""geometry"":{""sub_pole_impulse"":100.0,""sub_flag_tightness"":70.3,""sub_flag_shallowness"":56.0,""sub_flag_drift"":70.5,""sub_flag_duration"":100.0,""_score"":79.35},""compression"":{""VC1_atr_ratio"":{""value"":1.0053539022458269,""score"":0},""VC2_range_contraction"":{""value"":1.5739024264031605,""score"":0},""VC3_range_pct_rank"":{""score"":3.3333333333333326},""_score"":0.83},""sr_quality"":{""SR1_touches"":{""value"":2,""score"":25.0},""SR2_tightness"":{""value"":0.5257500000000004,""score"":58.50913610728264},""SR3_recency"":{""value"":329,""score"":0.0},""SR4_price_location"":{""score"":30.946395006701632},""SR5_reaction"":{""value"":1.7719933145622475,""score"":88.59966572811237},""_score"":37.3,""_levels_found"":4,""_target_level"":28.6758},""volume"":{""V1_rvol_day"":{""value"":1.095673845077559,""score"":39.71158967183726},""V2_rvol_sameslot"":{""value"":1.3024733651983629,""score"":53.49822434655752,""status"":""ok""},""V3_breakout_bar"":{""value"":0.6647502265417906,""score"":10.983348436119373},""V4_base_dryup"":{""value"":4.172481537416583,""score"":0},""V5_bo_expansion"":{""value"":1.095673845077559,""score"":6.378256338503929},""_score"":22.34},""readiness"":{""_distance_atr"":1.549,""BR1_atr_distance"":{""score"":0},""BR2_compression"":{""score"":52.6709663937939},""BR3_retest"":{""score"":50.0},""BR4_bo_age"":{""score"":50.0},""_score"":30.67},""risk"":{""R1_stop_clarity"":{""score"":75.98146566666954},""R2_stop_distance_pct"":{""value"":6.696311858076573,""score"":100.0},""R3_stop_distance_atr"":{""value"":0.5659764205850611,""score"":53.29882102925305},""R4_rr_potential"":{""value"":11.140934918255638,""score"":100.0},""_score"":84.59},""market"":{""M1_spy_regime"":{""score"":100.0},""M3_earnings_risk"":{""value"":null,""score"":80.0},""M4_vix"":{""value"":null,""score"":60.0},""_score"":84.0},""liquidity"":{""L1_price"":{""value"":21.42,""score"":100.0},""L2_dollar_vol"":{""value"":31419365.906827085,""score"":74.85987080167638},""L3_spread_proxy"":{""value"":0.19140989729225028,""score"":0},""L4_volume_zscore"":{""value"":0.09804545797429827,""score"":100.0},""_score"":79.94},""pattern_structure"":{""pole_low"":13.29,""pole_low_idx"":28,""peak_price"":25.345,""peak_idx"":53,""pole_gain"":0.9070729872084274,""flag_bars"":6,""flag_low"":20.29,""flag_high"":24.39,""structural_low"":20.29,""current_price"":21.05,""neckline_distance_pct"":0.20403800475059372,""base_bars"":6},""pattern_geometry_features"":{""pole_gain"":0.9070729872084274,""pullback_pct"":0.19944762280528705,""flag_range_pct"":0.16176760702308154,""flag_drift_per_bar"":-0.0058973871733966985,""atr_pct"":0.11831432573029212,""pole_atr_multiple"":7.666636999446541},""_schema_version"":""1.0""}",,,,,,,,,,
20260623T215729Z-42792d,2026-06-23T21:57:29.965335+00:00,IR,double_bottom,forming,54.79,42.6,73.3,52.8,52.0,13.7,38.1,63.3,84.0,98.0,6.39,18.32,4.23,7.28,1.78,3.05,3.8,5.04,4.9,True,risk_unclear,77.87,80.86,75.2638,85.31,"{""trend"":{""T1_ema_stack"":{""value"":[true,false,false],""score"":33.33333333333333},""T2_ema50_slope"":{""value"":-0.2059797876528615,""score"":15.67003539118975},""T3_high_proximity"":{""value"":0.8816802536231885,""score"":40.84012681159421},""T4_rs_1m"":{""value"":0.10234342062348833,""score"":100},""T5_rs_3m"":{""value"":-0.19098896985884173,""score"":0},""T6_adr_healthy"":{""value"":3.020269955885233,""score"":100.0},""_score"":42.59},""geometry"":{""sub_low_similarity"":80.2,""sub_bounce_quality"":40.3,""sub_separation_fit"":100.0,""sub_right_bottom_reaction"":41.1,""sub_base_context"":100.0,""_score"":73.28},""compression"":{""VC1_atr_ratio"":{""value"":0.6718078247241488,""score"":82.0480438189628},""VC2_range_contraction"":{""value"":1.2882883044601388,""score"":0},""VC3_range_pct_rank"":{""score"":80.0},""_score"":52.82},""sr_quality"":{""SR1_touches"":{""value"":3,""score"":50.0},""SR2_tightness"":{""value"":0.6223789485157358,""score"":50.772147496347145},""SR3_recency"":{""value"":286,""score"":0.0},""SR4_price_location"":{""score"":57.45233968804163},""SR5_reaction"":{""value"":2.2318330466093594,""score"":100},""_score"":51.98,""_levels_found"":5,""_target_level"":79.5067},""volume"":{""V1_rvol_day"":{""value"":0.6205243815490119,""score"":8.034958769934127},""V2_rvol_sameslot"":{""value"":0.4046784415495354,""score"":0,""status"":""ok""},""V3_breakout_bar"":{""value"":0.7785044900395672,""score"":18.566966002637816},""V4_base_dryup"":{""value"":1.1261508736278625,""score"":37.38491263721375},""V5_bo_expansion"":{""value"":0.6205243815490119,""score"":0},""_score"":13.73},""readiness"":{""_distance_atr"":1.182,""BR1_atr_distance"":{""score"":21.167385595251318},""BR2_compression"":{""score"":48.70761062574749},""BR3_retest"":{""score"":50.0},""BR4_bo_age"":{""score"":50.0},""_score"":38.14},""risk"":{""R1_stop_clarity"":{""score"":9.343811705682299},""R2_stop_distance_pct"":{""value"":3.346795941954557,""score"":100.0},""R3_stop_distance_atr"":{""value"":1.0306837024963404,""score"":76.53418512481703},""R4_rr_potential"":{""value"":2.854785795138407,""score"":92.73928975692034},""_score"":63.3},""market"":{""M1_spy_regime"":{""score"":100.0},""M3_earnings_risk"":{""value"":null,""score"":80.0},""M4_vix"":{""value"":null,""score"":60.0},""_score"":84.0},""liquidity"":{""L1_price"":{""value"":77.87,""score"":100.0},""L2_dollar_vol"":{""value"":208593030.29851365,""score"":100.0},""L3_spread_proxy"":{""value"":0.019776550661358572,""score"":80.22344933864143},""L4_volume_zscore"":{""value"":-1.1660601550141863,""score"":100.0},""_score"":98.02},""pattern_structure"":{""left_low"":76.41,""left_idx"":56,""right_low"":77.17,""right_idx"":74,""separation_bars"":18,""structural_low"":76.41,""current_price"":77.26,""neckline_distance_pct"":0.04659590991457409,""base_bars"":18},""pattern_geometry_features"":{""low_similarity_pct"":0.009897122021096565,""bounce_pct"":0.05823845046459891,""right_bottom_reaction"":0.4107142857142827,""atr_pct"":0.03247161019281218},""_schema_version"":""1.0""}",,,,,,,,,,
20260623T215729Z-42792d,2026-06-23T21:57:29.965335+00:00,DIOD,inverse_head_shoulders,absent,54.79,100.0,40.8,55.2,37.9,33.6,71.0,37.1,84.0,96.3,12.0,11.43,4.42,5.31,4.71,5.68,2.22,4.2,4.81,False,,122.76,123.5,107.1286,138.24,"{""trend"":{""T1_ema_stack"":{""value"":[true,true,true],""score"":100.0},""T2_ema50_slope"":{""value"":0.38936109727607676,""score"":100},""T3_high_proximity"":{""value"":1.0,""score"":99.99999999999997},""T4_rs_1m"":{""value"":0.2593768819448723,""score"":100},""T5_rs_3m"":{""value"":0.7481669223821961,""score"":100},""T6_adr_healthy"":{""value"":6.492893677765268,""score"":100.0},""_score"":100.0},""geometry"":{""sub_head_depth"":70.5,""sub_shoulder_price_sym"":2.5,""sub_shoulder_time_sym"":33.3,""sub_right_shoulder_reaction"":29.9,""sub_base_context"":100.0,""_score"":40.83},""compression"":{""VC1_atr_ratio"":{""value"":0.6146454621311908,""score"":96.33863446720231},""VC2_range_contraction"":{""value"":1.0557388949822004,""score"":0},""VC3_range_pct_rank"":{""score"":66.66666666666667},""_score"":55.2},""sr_quality"":{""SR1_touches"":{""value"":2,""score"":25.0},""SR2_tightness"":{""value"":2.0799999999999983,""score"":52.90879555997219},""SR3_recency"":{""value"":234,""score"":0.0},""SR4_price_location"":{""score"":30.0},""SR5_reaction"":{""value"":2.4185182280317186,""score"":100},""_score"":37.94,""_levels_found"":5,""_target_level"":119.88},""volume"":{""V1_rvol_day"":{""value"":1.2217473371056542,""score"":48.11648914037694},""V2_rvol_sameslot"":{""value"":0.8190745529981882,""score"":21.271636866545883,""status"":""ok""},""V3_breakout_bar"":{""value"":0.5607982249741559,""score"":4.053214998277058},""V4_base_dryup"":{""value"":0.6733285657910996,""score"":82.66714342089004},""V5_bo_expansion"":{""value"":1.2217473371056544,""score"":14.783155807043627},""_score"":33.64},""readiness"":{""_distance_atr"":0.084,""BR1_atr_distance"":{""score"":94.41546614012493},""BR2_compression"":{""score"":62.9118026043055},""BR3_retest"":{""score"":50.0},""BR4_bo_age"":{""score"":50.0},""_score"":70.99},""risk"":{""R1_stop_clarity"":{""score"":63.06510051756663},""R2_stop_distance_pct"":{""value"":12.73330074942978,""score"":0.0},""R3_stop_distance_atr"":{""value"":1.769474646836181,""score"":100.0},""R4_rr_potential"":{""value"":0.9903143672351807,""score"":0.0},""_score"":37.07},""market"":{""M1_spy_regime"":{""score"":100.0},""M3_earnings_risk"":{""value"":null,""score"":80.0},""M4_vix"":{""value"":null,""score"":60.0},""_score"":84.0},""liquidity"":{""L1_price"":{""value"":122.76,""score"":100.0},""L2_dollar_vol"":{""value"":104152979.23028065,""score"":100.0},""L3_spread_proxy"":{""value"":0.037308569566634066,""score"":62.69143043336594},""L4_volume_zscore"":{""value"":0.44974098834200266,""score"":100.0},""_score"":96.27},""pattern_structure"":{""left_shoulder"":110.0725,""left_shoulder_idx"":82,""head"":108.76,""head_idx"":86,""right_shoulder"":119.01,""right_shoulder_idx"":92,""left_to_head_bars"":4,""head_to_right_bars"":6,""structural_low"":108.76,""current_price"":122.295,""neckline_distance_pct"":0.009853223762214303,""base_bars"":10},""pattern_geometry_features"":{""head_depth_pct"":0.05047308284133445,""shoulder_price_asymmetry"":0.07802865779795488,""shoulder_time_asymmetry"":0.3333333333333333,""right_shoulder_reaction"":0.2987012987012969,""atr_pct"":0.07196091095284643},""_schema_version"":""1.0""}",,,,,,,,,,
20260623T215729Z-42792d,2026-06-23T21:57:29.965335+00:00,AMZN,double_bottom,forming,54.77,32.6,68.1,28.2,56.0,63.2,22.0,49.0,84.0,95.8,4.89,17.03,2.26,7.84,8.22,1.76,2.94,5.04,4.79,True,risk_unclear,232.79,249.51,231.6523,263.84,"{""trend"":{""T1_ema_stack"":{""value"":[false,false,true],""score"":33.33333333333333},""T2_ema50_slope"":{""value"":-0.019459386470187967,""score"":46.75676892163534},""T3_high_proximity"":{""value"":0.8465398741772427,""score"":23.26993708862135},""T4_rs_1m"":{""value"":-0.12581640541357286,""score"":0},""T5_rs_3m"":{""value"":-0.01422529447172427,""score"":42.887352764137866},""T6_adr_healthy"":{""value"":2.85830901821884,""score"":100.0},""_score"":32.61},""geometry"":{""sub_low_similarity"":92.9,""sub_bounce_quality"":44.2,""sub_separation_fit"":100.0,""sub_right_bottom_reaction"":69.4,""sub_base_context"":30.0,""_score"":68.12},""compression"":{""VC1_atr_ratio"":{""value"":0.7347190039180939,""score"":66.32024902047652},""VC2_range_contraction"":{""value"":1.345165593657807,""score"":0},""VC3_range_pct_rank"":{""score"":6.666666666666665},""_score"":28.19},""sr_quality"":{""SR1_touches"":{""value"":4,""score"":75.0},""SR2_tightness"":{""value"":1.209769477007912,""score"":71.15031069045355},""SR3_recency"":{""value"":225,""score"":0.0},""SR4_price_location"":{""score"":31.31465637756526},""SR5_reaction"":{""value"":3.2430288634196387,""score"":100},""_score"":56.0,""_levels_found"":7,""_target_level"":248.1438},""volume"":{""V1_rvol_day"":{""value"":1.4960951271665948,""score"":66.40634181110632},""V2_rvol_sameslot"":{""value"":2.179958775489887,""score"":100,""status"":""ok""},""V3_breakout_bar"":{""value"":1.2760906225020932,""score"":51.73937483347287},""V4_base_dryup"":{""value"":0.8965471648394789,""score"":60.345283516052106},""V5_bo_expansion"":{""value"":1.4960951271665948,""score"":33.07300847777299},""_score"":63.25},""readiness"":{""_distance_atr"":1.994,""BR1_atr_distance"":{""score"":0},""BR2_compression"":{""score"":17.89653126234131},""BR3_retest"":{""score"":50.0},""BR4_bo_age"":{""score"":50.0},""_score"":21.97},""risk"":{""R1_stop_clarity"":{""score"":15.87401491646186},""R2_stop_distance_pct"":{""value"":0.4887237424287965,""score"":62.218093560719915},""R3_stop_distance_atr"":{""value"":0.1356551481553713,""score"":31.78275740776857},""R4_rr_potential"":{""value"":27.29190472004932,""score"":100.0},""_score"":48.99},""market"":{""M1_spy_regime"":{""score"":100.0},""M3_earnings_risk"":{""value"":null,""score"":80.0},""M4_vix"":{""value"":null,""score"":60.0},""_score"":84.0},""liquidity"":{""L1_price"":{""value"":232.79,""score"":100.0},""L2_dollar_vol"":{""value"":15920165160.830889,""score"":100.0},""L3_spread_proxy"":{""value"":0.04192619957901968,""score"":58.07380042098033},""L4_volume_zscore"":{""value"":1.9322566178428608,""score"":100.0},""_score"":95.81},""pattern_structure"":{""left_low"":235.18,""left_idx"":39,""right_low"":236.02,""right_idx"":68,""separation_bars"":29,""structural_low"":235.18,""current_price"":233.915,""neckline_distance_pct"":0.06666951670478592,""base_bars"":29},""pattern_geometry_features"":{""low_similarity_pct"":0.0035653650254669073,""bounce_pct"":0.06093205204524187,""right_bottom_reaction"":0.6944444444444465,""atr_pct"":0.03602692187317812},""_schema_version"":""1.0""}",,,,,,,,,,
20260623T215729Z-42792d,2026-06-23T21:57:29.965335+00:00,RGTI,double_bottom,forming,54.67,73.2,58.3,52.4,49.7,11.5,33.4,70.8,84.0,90.3,10.98,14.57,4.19,6.96,1.49,2.67,4.25,5.04,4.52,False,,21.38,23.565,19.237,27.6,"{""trend"":{""T1_ema_stack"":{""value"":[false,true,true],""score"":66.66666666666666},""T2_ema50_slope"":{""value"":0.5508863229869498,""score"":100},""T3_high_proximity"":{""value"":0.7909729929707732,""score"":0},""T4_rs_1m"":{""value"":0.2623515900354052,""score"":100},""T5_rs_3m"":{""value"":0.28908754346410737,""score"":100},""T6_adr_healthy"":{""value"":10.774197493388023,""score"":30.645062665299427},""_score"":73.2},""geometry"":{""sub_low_similarity"":42.5,""sub_bounce_quality"":100,""sub_separation_fit"":0.0,""sub_right_bottom_reaction"":36.9,""sub_base_context"":100.0,""_score"":58.28},""compression"":{""VC1_atr_ratio"":{""value"":0.4949242320412162,""score"":100},""VC2_range_contraction"":{""value"":0.8878060293050516,""score"":18.698995115824737},""VC3_range_pct_rank"":{""score"":23.33333333333333},""_score"":52.38},""sr_quality"":{""SR1_touches"":{""value"":4,""score"":75.0},""SR2_tightness"":{""value"":0.6721181085754196,""score"":44.356641997463875},""SR3_recency"":{""value"":234,""score"":0.0},""SR4_price_location"":{""score"":22.321354866616673},""SR5_reaction"":{""value"":2.354782341305627,""score"":100},""_score"":49.73,""_levels_found"":4,""_target_level"":27.2612},""volume"":{""V1_rvol_day"":{""value"":0.6415184846315839,""score"":9.434565642105593},""V2_rvol_sameslot"":{""value"":0.6933615717149998,""score"":12.890771447666651,""status"":""ok""},""V3_breakout_bar"":{""value"":0.9198142676973047,""score"":27.987617846486977},""V4_base_dryup"":{""value"":1.679996697940497,""score"":0},""V5_bo_expansion"":{""value"":0.6415184846315837,""score"":0},""_score"":11.46},""readiness"":{""_distance_atr"":0.904,""BR1_atr_distance"":{""score"":39.70269228760173},""BR2_compression"":{""score"":0},""BR3_retest"":{""score"":50.0},""BR4_bo_age"":{""score"":50.0},""_score"":33.38},""risk"":{""R1_stop_clarity"":{""score"":75.74723620913439},""R2_stop_distance_pct"":{""value"":10.023152478952287,""score"":49.42118802619282},""R3_stop_distance_atr"":{""value"":0.8870534249127027,""score"":69.35267124563514},""R4_rr_potential"":{""value"":2.9025408898947735,""score"":95.12704449473868},""_score"":70.77},""market"":{""M1_spy_regime"":{""score"":100.0},""M3_earnings_risk"":{""value"":null,""score"":80.0},""M4_vix"":{""value"":null,""score"":60.0},""_score"":84.0},""liquidity"":{""L1_price"":{""value"":21.38,""score"":100.0},""L2_dollar_vol"":{""value"":819331341.3688209,""score"":100.0},""L3_spread_proxy"":{""value"":0.0968194574368569,""score"":3.1805425631431063},""L4_volume_zscore"":{""value"":-0.5513344079674187,""score"":100.0},""_score"":90.32},""pattern_structure"":{""left_low"":20.1,""left_idx"":19,""right_low"":19.53,""right_idx"":68,""separation_bars"":49,""structural_low"":19.53,""current_price"":21.45,""neckline_distance_pct"":0.0986013986013987,""base_bars"":49},""pattern_geometry_features"":{""low_similarity_pct"":0.028766086298258907,""bounce_pct"":0.206605222734255,""right_bottom_reaction"":0.36885017421602767,""atr_pct"":0.11299378591474007},""_schema_version"":""1.0""}",,,,,,,,,,
20260623T215729Z-42792d,2026-06-23T21:57:29.965335+00:00,TT,double_bottom,absent,54.5,86.9,40.5,32.5,47.4,37.4,58.5,44.5,84.0,97.2,13.04,10.13,2.6,6.63,4.86,4.68,2.67,5.04,4.86,True,risk_unclear,491.59,491.83,450.3518,526.45,"{""trend"":{""T1_ema_stack"":{""value"":[true,true,true],""score"":100.0},""T2_ema50_slope"":{""value"":0.023613918024063218,""score"":53.93565300401053},""T3_high_proximity"":{""value"":0.9980712226418158,""score"":99.03561132090788},""T4_rs_1m"":{""value"":0.08409883227752069,""score"":100},""T5_rs_3m"":{""value"":0.050207729568728876,""score"":75.10386478436445},""T6_adr_healthy"":{""value"":2.6480656408744068,""score"":100.0},""_score"":86.91},""geometry"":{""sub_low_similarity"":4.5,""sub_bounce_quality"":65.3,""sub_separation_fit"":0.0,""sub_right_bottom_reaction"":40.7,""sub_base_context"":100.0,""_score"":40.52},""compression"":{""VC1_atr_ratio"":{""value"":0.7418047558068038,""score"":64.54881104829904},""VC2_range_contraction"":{""value"":1.4229988253156198,""score"":0},""VC3_range_pct_rank"":{""score"":26.66666666666667},""_score"":32.49},""sr_quality"":{""SR1_touches"":{""value"":3,""score"":50.0},""SR2_tightness"":{""value"":2.5245505650621474,""score"":65.68983436367574},""SR3_recency"":{""value"":247,""score"":0.0},""SR4_price_location"":{""score"":30.0},""SR5_reaction"":{""value"":2.0707549466965225,""score"":100},""_score"":47.35,""_levels_found"":7,""_target_level"":479.0567},""volume"":{""V1_rvol_day"":{""value"":1.136626377960498,""score"":42.441758530699865},""V2_rvol_sameslot"":{""value"":1.0692645619833956,""score"":37.95097079889304,""status"":""ok""},""V3_breakout_bar"":{""value"":1.0812110098956458,""score"":38.74740065970972},""V4_base_dryup"":{""value"":0.9879219115999462,""score"":51.20780884000538},""V5_bo_expansion"":{""value"":1.1366263779604977,""score"":9.108425197366515},""_score"":37.37},""readiness"":{""_distance_atr"":0.016,""BR1_atr_distance"":{""score"":98.91275172345836},""BR2_compression"":{""score"":5.867261853343335},""BR3_retest"":{""score"":50.0},""BR4_bo_age"":{""score"":50.0},""_score"":58.53},""risk"":{""R1_stop_clarity"":{""score"":6.793602902952571},""R2_stop_distance_pct"":{""value"":8.388728411887959,""score"":90.28178970280103},""R3_stop_distance_atr"":{""value"":2.802256719703998,""score"":100.0},""R4_rr_potential"":{""value"":0.8453337504228501,""score"":0.0},""_score"":44.46},""market"":{""M1_spy_regime"":{""score"":100.0},""M3_earnings_risk"":{""value"":null,""score"":80.0},""M4_vix"":{""value"":null,""score"":60.0},""_score"":84.0},""liquidity"":{""L1_price"":{""value"":491.59,""score"":100.0},""L2_dollar_vol"":{""value"":799844604.3289329,""score"":100.0},""L3_spread_proxy"":{""value"":0.0282755955165891,""score"":71.7244044834109},""L4_volume_zscore"":{""value"":0.4943666624629528,""score"":100.0},""_score"":97.17},""pattern_structure"":{""left_low"":457.21,""left_idx"":24,""right_low"":479.57,""right_idx"":73,""separation_bars"":49,""structural_low"":457.21,""current_price"":489.93,""neckline_distance_pct"":0.003878105035413176,""base_bars"":49},""pattern_geometry_features"":{""low_similarity_pct"":0.04773799611434918,""bounce_pct"":0.07572012860611099,""right_bottom_reaction"":0.40740740740741754,""atr_pct"":0.029935617079273377},""_schema_version"":""1.0""}",,,,,,,,,,
20260623T215729Z-42792d,2026-06-23T21:57:29.965335+00:00,CARR,breakout_retest_hold,setup,54.28,97.3,28.2,58.1,53.4,25.1,58.0,52.4,84.0,98.4,13.62,6.21,3.49,7.48,3.27,10.45,2.62,4.2,2.95,False,,71.85,70.5,70.5276,69.02,"{""trend"":{""T1_ema_stack"":{""value"":[true,true,true],""score"":100.0},""T2_ema50_slope"":{""value"":0.24230569039600433,""score"":90.38428173266739},""T3_high_proximity"":{""value"":1.0,""score"":99.99999999999997},""T4_rs_1m"":{""value"":0.12565854983190938,""score"":100},""T5_rs_3m"":{""value"":0.08955939704830596,""score"":94.77969852415298},""T6_adr_healthy"":{""value"":3.2313677471484272,""score"":100.0},""_score"":97.29},""geometry"":{""sub_retest_depth"":0.0,""sub_retest_timing"":0.0,""sub_retest_freshness"":100.0,""sub_hold_quality"":27.4,""_score"":28.22},""compression"":{""VC1_atr_ratio"":{""value"":0.6460790604606728,""score"":88.48023488483182},""VC2_range_contraction"":{""value"":1.0539779056934648,""score"":0},""VC3_range_pct_rank"":{""score"":90.83333333333333},""_score"":58.1},""sr_quality"":{""SR1_touches"":{""value"":4,""score"":75.0},""SR2_tightness"":{""value"":0.5604183705054636,""score"":57.45196753212316},""SR3_recency"":{""value"":235,""score"":0.0},""SR4_price_location"":{""score"":30.0},""SR5_reaction"":{""value"":1.9758676789587857,""score"":98.79338394793929},""_score"":53.44,""_levels_found"":6,""_target_level"":68.9625},""volume"":{""V1_rvol_day"":{""value"":0.7305985655490099,""score"":15.373237703267328},""V2_rvol_sameslot"":{""value"":0.5747057294588149,""score"":4.980381963920996,""status"":""ok""},""V3_breakout_bar"":{""value"":1.0402800098040006,""score"":36.01866732026671},""V4_base_dryup"":{""value"":0.897337642025191,""score"":60.2662357974809},""V5_bo_expansion"":{""value"":0.7305985655490101,""score"":0},""_score"":25.13},""readiness"":{""_distance_atr"":-0.512,""BR1_atr_distance"":{""score"":49.750542299349284},""BR2_compression"":{""score"":54.57614414306138},""BR3_retest"":{""score"":100},""BR4_bo_age"":{""score"":30.0},""_score"":58.04},""risk"":{""R1_stop_clarity"":{""score"":45.913232104121306},""R2_stop_distance_pct"":{""value"":1.8405010438413387,""score"":96.01252609603347},""R3_stop_distance_atr"":{""value"":0.5019956616052067,""score"":50.09978308026033},""R4_rr_potential"":{""value"":-2.1400483968541897,""score"":0.0},""_score"":52.39},""market"":{""M1_spy_regime"":{""score"":100.0},""M3_earnings_risk"":{""value"":null,""score"":80.0},""M4_vix"":{""value"":null,""score"":60.0},""_score"":84.0},""liquidity"":{""L1_price"":{""value"":71.85,""score"":100.0},""L2_dollar_vol"":{""value"":357034643.37573326,""score"":100.0},""L3_spread_proxy"":{""value"":0.016283924843423826,""score"":83.71607515657618},""L4_volume_zscore"":{""value"":-0.8712413007894818,""score"":100.0},""_score"":98.37},""pattern_structure"":{""level"":70.5,""level_idx"":44,""breakout_idx"":50,""bo_peak_idx"":68,""bo_peak_price"":72.89,""retest_idx"":75,""retest_low"":71.24,""structural_low"":71.24,""current_price"":71.71,""neckline_distance_pct"":-0.016873518337749183,""base_bars"":35,""bars_since_breakout"":29},""pattern_geometry_features"":{""retest_depth_atr"":-0.9668688754082991,""bars_breakout_to_retest"":25.0,""bars_since_retest"":4.0,""current_above_level_atr"":1.580961269248708,""bo_peak_excess_pct"":0.03390070921985817,""atr_pct"":0.0366636842628492},""_schema_version"":""1.0""}",,,,,,,,,,
20260623T215729Z-42792d,2026-06-23T21:57:29.965335+00:00,NVT,vcp,setup,54.14,100.0,35.0,46.2,33.8,53.1,35.8,31.1,84.0,95.6,15.0,8.75,5.55,4.06,6.9,2.5,1.55,5.04,4.78,False,,184.34,178.0,150.7148,160.9058,"{""trend"":{""T1_ema_stack"":{""value"":[true,true,true],""score"":100.0},""T2_ema50_slope"":{""value"":0.34881043099380005,""score"":100},""T3_high_proximity"":{""value"":1.0,""score"":99.99999999999997},""T4_rs_1m"":{""value"":0.1346493688776904,""score"":100},""T5_rs_3m"":{""value"":0.4372982795101139,""score"":100},""T6_adr_healthy"":{""value"":4.191015395293051,""score"":100.0},""_score"":100.0},""geometry"":{""sub_contraction_count"":100.0,""sub_reduction_rate"":0,""sub_pivot_tightness"":0,""sub_volume_dryup"":0,""sub_base_depth"":0.0,""sub_base_duration"":100.0,""_score"":35.0},""compression"":{""VC1_atr_ratio"":{""value"":0.597759183980622,""score"":100},""VC2_range_contraction"":{""value"":1.1046939527360398,""score"":0},""VC3_range_pct_rank"":{""score"":25.0},""_score"":46.25},""sr_quality"":{""SR1_touches"":{""value"":2,""score"":25.0},""SR2_tightness"":{""value"":2.005499999999998,""score"":52.68441022348394},""SR3_recency"":{""value"":240,""score"":0.0},""SR4_price_location"":{""score"":30.0},""SR5_reaction"":{""value"":1.4556238345732255,""score"":72.78119172866127},""_score"":33.82,""_levels_found"":7,""_target_level"":172.9945},""volume"":{""V1_rvol_day"":{""value"":1.4021632266934871,""score"":60.14421511289915},""V2_rvol_sameslot"":{""value"":1.6752198369197393,""score"":78.34798912798261,""status"":""ok""},""V3_breakout_bar"":{""value"":1.1203152134505818,""score"":41.35434756337212},""V4_base_dryup"":{""value"":0.9472801170147325,""score"":55.27198829852675},""V5_bo_expansion"":{""value"":1.4021632266934871,""score"":26.81088177956581},""_score"":53.11},""readiness"":{""_distance_atr"":-0.748,""BR1_atr_distance"":{""score"":45.042092287054984},""BR2_compression"":{""score"":1.0061267064127208},""BR3_retest"":{""score"":50.0},""BR4_bo_age"":{""score"":50.0},""_score"":35.77},""risk"":{""R1_stop_clarity"":{""score"":45.85072257513274},""R2_stop_distance_pct"":{""value"":18.24083215796898,""score"":0.0},""R3_stop_distance_atr"":{""value"":3.96657642376919,""score"":100.0},""R4_rr_potential"":{""value"":-0.6969247720828008,""score"":0.0},""_score"":31.05},""market"":{""M1_spy_regime"":{""score"":100.0},""M3_earnings_risk"":{""value"":null,""score"":80.0},""M4_vix"":{""value"":null,""score"":60.0},""_score"":84.0},""liquidity"":{""L1_price"":{""value"":184.34,""score"":100.0},""L2_dollar_vol"":{""value"":514353291.0437782,""score"":100.0},""L3_spread_proxy"":{""value"":0.04394000216990339,""score"":56.05999783009661},""L4_volume_zscore"":{""value"":1.1857809042912992,""score"":100.0},""_score"":95.61},""pattern_structure"":{""n_contractions"":5,""contractions_pct"":[5.38,7.3,13.03,5.1,14.04],""descending_strict"":false,""final_low"":153.01,""final_pivot"":178.0,""structural_low"":153.01,""dry_up_ratio"":1.209012185758199,""current_price"":184.34,""neckline_distance_pct"":-0.0343929695128567,""base_bars"":40},""pattern_geometry_features"":{""contraction_count"":5.0,""first_contraction_pct"":0.053825971667753096,""last_contraction_pct"":0.14039325842696634,""dry_up_ratio"":1.209012185758199,""near_monotone"":0.0,""base_depth_pct"":-0.12577051380339888},""_schema_version"":""1.0""}",,,,,,,,,,
20260623T215729Z-42792d,2026-06-23T21:57:29.965335+00:00,BELFB,breakout_retest_hold,setup,53.92,100.0,20.0,62.5,51.8,27.2,60.1,62.7,84.0,94.3,14.0,4.4,3.75,7.25,3.54,10.82,3.13,4.2,2.83,False,,304.33,290.29,290.1195,284.77,"{""trend"":{""T1_ema_stack"":{""value"":[true,true,true],""score"":100.0},""T2_ema50_slope"":{""value"":0.2997924240569805,""score"":99.96540400949675},""T3_high_proximity"":{""value"":1.0,""score"":99.99999999999997},""T4_rs_1m"":{""value"":0.1903860909167634,""score"":100},""T5_rs_3m"":{""value"":0.34341544908449295,""score"":100},""T6_adr_healthy"":{""value"":5.407456804428808,""score"":100.0},""_score"":99.99},""geometry"":{""sub_retest_depth"":0.0,""sub_retest_timing"":0.0,""sub_retest_freshness"":100.0,""sub_hold_quality"":0.0,""_score"":20.0},""compression"":{""VC1_atr_ratio"":{""value"":0.46664751818411426,""score"":100},""VC2_range_contraction"":{""value"":1.1412011716093726,""score"":0},""VC3_range_pct_rank"":{""score"":90.0},""_score"":62.5},""sr_quality"":{""SR1_touches"":{""value"":4,""score"":75.0},""SR2_tightness"":{""value"":3.502759733677852,""score"":56.68391649454148},""SR3_recency"":{""value"":234,""score"":0.0},""SR4_price_location"":{""score"":30.0},""SR5_reaction"":{""value"":1.767369203475099,""score"":88.36846017375495},""_score"":51.76,""_levels_found"":6,""_target_level"":282.1488},""volume"":{""V1_rvol_day"":{""value"":0.8959853970081078,""score"":26.399026467207182},""V2_rvol_sameslot"":{""value"":1.2023182395433736,""score"":46.82121596955824,""status"":""ok""},""V3_breakout_bar"":{""value"":1.2462961800066874,""score"":49.75307866711249},""V4_base_dryup"":{""value"":1.4921113724102264,""score"":0.7888627589773591},""V5_bo_expansion"":{""value"":0.895985397008108,""score"":0},""_score"":27.24},""readiness"":{""_distance_atr"":-0.868,""BR1_atr_distance"":{""score"":42.63775255352503},""BR2_compression"":{""score"":74.18411112177527},""BR3_retest"":{""score"":100},""BR4_bo_age"":{""score"":30.0},""_score"":60.1},""risk"":{""R1_stop_clarity"":{""score"":63.76063665107199},""R2_stop_distance_pct"":{""value"":4.669437781355755,""score"":100.0},""R3_stop_distance_atr"":{""value"":0.8786546201500447,""score"":68.93273100750224},""R4_rr_potential"":{""value"":-1.3764469934203574,""score"":0.0},""_score"":62.66},""market"":{""M1_spy_regime"":{""score"":100.0},""M3_earnings_risk"":{""value"":null,""score"":80.0},""M4_vix"":{""value"":null,""score"":60.0},""_score"":84.0},""liquidity"":{""L1_price"":{""value"":304.33,""score"":100.0},""L2_dollar_vol"":{""value"":72229095.88329995,""score"":92.93560893396618},""L3_spread_proxy"":{""value"":0.028620247757368766,""score"":71.37975224263124},""L4_volume_zscore"":{""value"":-0.44979664927032026,""score"":100.0},""_score"":94.31},""pattern_structure"":{""level"":290.29,""level_idx"":33,""breakout_idx"":43,""bo_peak_idx"":68,""bo_peak_price"":311.67,""retest_idx"":73,""retest_low"":293.05,""structural_low"":293.05,""current_price"":302.29,""neckline_distance_pct"":-0.039696979721459524,""base_bars"":46,""bars_since_breakout"":36},""pattern_geometry_features"":{""retest_depth_atr"":-0.5693245459327324,""bars_breakout_to_retest"":30.0,""bars_since_retest"":6.0,""current_above_level_atr"":2.475324112751019,""bo_peak_excess_pct"":0.07365048744359087,""atr_pct"":0.05314304021480444},""_schema_version"":""1.0""}",,,,,,,,,,
20260623T215729Z-42792d,2026-06-23T21:57:29.965335+00:00,AMD,vcp,setup,53.87,100.0,37.7,22.7,57.5,24.8,74.9,37.5,84.0,88.6,15.0,9.43,2.73,6.91,3.22,5.24,1.87,5.04,4.43,False,,551.63,546.44,430.6716,325.92,"{""trend"":{""T1_ema_stack"":{""value"":[true,true,true],""score"":100.0},""T2_ema50_slope"":{""value"":0.8688983267458298,""score"":100},""T3_high_proximity"":{""value"":1.0,""score"":99.99999999999997},""T4_rs_1m"":{""value"":0.22823631947772038,""score"":100},""T5_rs_3m"":{""value"":1.592189055505804,""score"":100},""T6_adr_healthy"":{""value"":5.779527555736194,""score"":100.0},""_score"":100.0},""geometry"":{""sub_contraction_count"":100.0,""sub_reduction_rate"":0,""sub_pivot_tightness"":0,""sub_volume_dryup"":18.2,""sub_base_depth"":0.0,""sub_base_duration"":100.0,""_score"":37.73},""compression"":{""VC1_atr_ratio"":{""value"":0.8705089367345619,""score"":32.37276581635953},""VC2_range_contraction"":{""value"":1.1086428171651281,""score"":0},""VC3_range_pct_rank"":{""score"":39.16666666666667},""_score"":22.74},""sr_quality"":{""SR1_touches"":{""value"":2,""score"":25.0},""SR2_tightness"":{""value"":5.964999999999975,""score"":67.44691168605601},""SR3_recency"":{""value"":226,""score"":0.0},""SR4_price_location"":{""score"":99.7315181419254},""SR5_reaction"":{""value"":2.97998556141311,""score"":100},""_score"":57.55,""_levels_found"":4,""_target_level"":552.405},""volume"":{""V1_rvol_day"":{""value"":0.8149386969875971,""score"":20.995913132506473},""V2_rvol_sameslot"":{""value"":0.6658574643958797,""score"":11.057164293058646,""status"":""ok""},""V3_breakout_bar"":{""value"":0.6555830495227113,""score"":10.372203301514087},""V4_base_dryup"":{""value"":0.7126726654829652,""score"":78.73273345170348},""V5_bo_expansion"":{""value"":0.8149386969875971,""score"":0},""_score"":24.75},""readiness"":{""_distance_atr"":-0.142,""BR1_atr_distance"":{""score"":100.0},""BR2_compression"":{""score"":69.47628101299817},""BR3_retest"":{""score"":50.0},""BR4_bo_age"":{""score"":50.0},""_score"":74.87},""risk"":{""R1_stop_clarity"":{""score"":64.20824776989326},""R2_stop_distance_pct"":{""value"":21.927460435436792,""score"":0.0},""R3_stop_distance_atr"":{""value"":3.300562535765126,""score"":100.0},""R4_rr_potential"":{""value"":-1.8660126679864033,""score"":0.0},""_score"":37.47},""market"":{""M1_spy_regime"":{""score"":100.0},""M3_earnings_risk"":{""value"":null,""score"":80.0},""M4_vix"":{""value"":null,""score"":60.0},""_score"":84.0},""liquidity"":{""L1_price"":{""value"":551.63,""score"":74.185},""L2_dollar_vol"":{""value"":14333137459.800026,""score"":100.0},""L3_spread_proxy"":{""value"":0.049453075430995454,""score"":50.546924569004545},""L4_volume_zscore"":{""value"":-0.9832467508550852,""score"":100.0},""_score"":88.6},""pattern_structure"":{""n_contractions"":5,""contractions_pct"":[13.15,8.1,12.86,16.17,19.99],""descending_strict"":false,""final_low"":437.23,""final_pivot"":546.44,""structural_low"":437.23,""dry_up_ratio"":0.9088177784766612,""current_price"":551.63,""neckline_distance_pct"":-0.009408480321954826,""base_bars"":73},""pattern_geometry_features"":{""contraction_count"":5.0,""first_contraction_pct"":0.13146601448940984,""last_contraction_pct"":0.1998572578874168,""dry_up_ratio"":0.9088177784766612,""near_monotone"":0.0,""base_depth_pct"":-1.0175810991647825},""_schema_version"":""1.0""}",,,,,,,,,,
20260623T215729Z-42792d,2026-06-23T21:57:29.965335+00:00,NVDA,ascending_triangle,forming,53.71,53.3,54.3,61.0,51.0,19.5,48.3,60.0,84.0,97.0,7.99,15.21,4.88,7.13,2.34,3.87,2.4,5.04,4.85,True,risk_unclear,208.65,213.99,196.5469,228.44,"{""trend"":{""T1_ema_stack"":{""value"":[false,true,true],""score"":66.66666666666666},""T2_ema50_slope"":{""value"":0.09540118048246321,""score"":65.9001967470772},""T3_high_proximity"":{""value"":0.8850852634258081,""score"":42.54263171290401},""T4_rs_1m"":{""value"":-0.07055371421676393,""score"":0},""T5_rs_3m"":{""value"":0.060424033492810336,""score"":80.21201674640517},""T6_adr_healthy"":{""value"":3.2540423695429177,""score"":100.0},""_score"":53.26},""geometry"":{""sub_flat_top_quality"":66.7,""sub_hl_slope"":6.3,""sub_compression"":69.7,""sub_duration"":100.0,""_score"":54.33},""compression"":{""VC1_atr_ratio"":{""value"":0.5407839076599124,""score"":100},""VC2_range_contraction"":{""value"":0.8144276629814441,""score"":30.928722836425987},""VC3_range_pct_rank"":{""score"":40.833333333333336},""_score"":61.03},""sr_quality"":{""SR1_touches"":{""value"":2,""score"":25.0},""SR2_tightness"":{""value"":1.9653500000000008,""score"":50.63361089132534},""SR3_recency"":{""value"":226,""score"":0.0},""SR4_price_location"":{""score"":83.47756833585008},""SR5_reaction"":{""value"":2.9514085126157017,""score"":100},""_score"":50.96,""_levels_found"":5,""_target_level"":210.7454},""volume"":{""V1_rvol_day"":{""value"":0.7110598229297325,""score"":14.070654861982165},""V2_rvol_sameslot"":{""value"":0.6421362476182255,""score"":9.475749841215036,""status"":""ok""},""V3_breakout_bar"":{""value"":0.6640003367302707,""score"":10.933355782018046},""V4_base_dryup"":{""value"":0.8971458231312719,""score"":60.28541768687281},""V5_bo_expansion"":{""value"":0.7110598229297325,""score"":0},""_score"":19.5},""readiness"":{""_distance_atr"":0.671,""BR1_atr_distance"":{""score"":55.289300830162105},""BR2_compression"":{""score"":34.830730769243296},""BR3_retest"":{""score"":50.0},""BR4_bo_age"":{""score"":50.0},""_score"":48.32},""risk"":{""R1_stop_clarity"":{""score"":24.818205794808065},""R2_stop_distance_pct"":{""value"":5.8006709801102385,""score"":100.0},""R3_stop_distance_atr"":{""value"":1.5200507391080484,""score"":100.0},""R4_rr_potential"":{""value"":1.6351182754831408,""score"":31.75591377415704},""_score"":60.04},""market"":{""M1_spy_regime"":{""score"":100.0},""M3_earnings_risk"":{""value"":null,""score"":80.0},""M4_vix"":{""value"":null,""score"":60.0},""_score"":84.0},""liquidity"":{""L1_price"":{""value"":208.65,""score"":100.0},""L2_dollar_vol"":{""value"":25463942157.19198,""score"":100.0},""L3_spread_proxy"":{""value"":0.03005032350826748,""score"":69.94967649173252},""L4_volume_zscore"":{""value"":-1.1355783132848187,""score"":100.0},""_score"":96.99},""pattern_structure"":{""top"":213.99,""top_touches"":3,""low_slope_per_bar"":0.03784883720930236,""lowest_low"":199.54,""structural_low"":199.54,""current_price"":208.01,""neckline_distance_pct"":0.02874861785491091,""base_bars"":48},""pattern_geometry_features"":{""top_touches"":3.0,""low_slope"":0.03784883720930236,""compression"":0.3486571307729973,""atr_pct"":0.03816103522645578},""_schema_version"":""1.0""}",,,,,,,,,,
20260623T215729Z-42792d,2026-06-23T21:57:29.965335+00:00,TXN,vcp,setup,53.66,100.0,35.0,37.3,48.9,23.3,74.2,28.5,84.0,97.6,15.0,8.75,4.47,5.87,3.03,5.2,1.42,5.04,4.88,False,,332.28,331.51,285.5811,265.75,"{""trend"":{""T1_ema_stack"":{""value"":[true,true,true],""score"":100.0},""T2_ema50_slope"":{""value"":0.3678600797194473,""score"":100},""T3_high_proximity"":{""value"":1.0,""score"":99.99999999999997},""T4_rs_1m"":{""value"":0.08563533713316773,""score"":100},""T5_rs_3m"":{""value"":0.6273544099162831,""score"":100},""T6_adr_healthy"":{""value"":3.9066991709840933,""score"":100.0},""_score"":100.0},""geometry"":{""sub_contraction_count"":100.0,""sub_reduction_rate"":0,""sub_pivot_tightness"":0,""sub_volume_dryup"":0,""sub_base_depth"":0.0,""sub_base_duration"":100.0,""_score"":35.0},""compression"":{""VC1_atr_ratio"":{""value"":0.7750890460030638,""score"":56.227738499234036},""VC2_range_contraction"":{""value"":1.126510747489374,""score"":0},""VC3_range_pct_rank"":{""score"":59.166666666666664},""_score"":37.28},""sr_quality"":{""SR1_touches"":{""value"":3,""score"":50.0},""SR2_tightness"":{""value"":1.6820886487406745,""score"":76.21768029334548},""SR3_recency"":{""value"":236,""score"":0.0},""SR4_price_location"":{""score"":30.0},""SR5_reaction"":{""value"":2.0261741867842455,""score"":100},""_score"":48.93,""_levels_found"":5,""_target_level"":289.9033},""volume"":{""V1_rvol_day"":{""value"":0.9691103183775941,""score"":31.274021225172937},""V2_rvol_sameslot"":{""value"":0.8286977224255477,""score"":21.913181495036515,""status"":""ok""},""V3_breakout_bar"":{""value"":0.8668290627761206,""score"":24.455270851741375},""V4_base_dryup"":{""value"":1.1737079832672814,""score"":32.62920167327185},""V5_bo_expansion"":{""value"":0.9691103183775941,""score"":0},""_score"":23.28},""readiness"":{""_distance_atr"":-0.054,""BR1_atr_distance"":{""score"":100.0},""BR2_compression"":{""score"":66.94674752139042},""BR3_retest"":{""score"":50.0},""BR4_bo_age"":{""score"":50.0},""_score"":74.24},""risk"":{""R1_stop_clarity"":{""score"":38.51208771565725},""R2_stop_distance_pct"":{""value"":14.054095943180442,""score"":0.0},""R3_stop_distance_atr"":{""value"":3.3012807015151986,""score"":100.0},""R4_rr_potential"":{""value"":-1.4246572995752584,""score"":0.0},""_score"":28.48},""market"":{""M1_spy_regime"":{""score"":100.0},""M3_earnings_risk"":{""value"":null,""score"":80.0},""M4_vix"":{""value"":null,""score"":60.0},""_score"":84.0},""liquidity"":{""L1_price"":{""value"":332.28,""score"":100.0},""L2_dollar_vol"":{""value"":2975438508.8983493,""score"":100.0},""L3_spread_proxy"":{""value"":0.024045985313590805,""score"":75.9540146864092},""L4_volume_zscore"":{""value"":-0.07293802497941244,""score"":100.0},""_score"":97.6},""pattern_structure"":{""n_contractions"":5,""contractions_pct"":[15.39,5.87,7.05,5.91,12.54],""descending_strict"":false,""final_low"":289.93,""final_pivot"":331.51,""structural_low"":289.93,""dry_up_ratio"":1.1259771778074343,""current_price"":332.28,""neckline_distance_pct"":-0.0023173227398578964,""base_bars"":67},""pattern_geometry_features"":{""contraction_count"":5.0,""first_contraction_pct"":0.153856448231253,""last_contraction_pct"":0.1254260806612168,""dry_up_ratio"":1.1259771778074343,""near_monotone"":0.0,""base_depth_pct"":-0.2933487977873936},""_schema_version"":""1.0""}",,,,,,,,,,
20260623T215729Z-42792d,2026-06-23T21:57:29.965335+00:00,NVDA,double_bottom,forming,53.5,53.3,54.1,61.0,51.0,19.5,52.6,55.6,84.0,97.0,7.99,13.53,4.88,7.13,2.54,4.21,3.34,5.04,4.85,True,risk_unclear,208.65,212.7107,201.2651,221.0914,"{""trend"":{""T1_ema_stack"":{""value"":[false,true,true],""score"":66.66666666666666},""T2_ema50_slope"":{""value"":0.09540118048246321,""score"":65.9001967470772},""T3_high_proximity"":{""value"":0.8850852634258081,""score"":42.54263171290401},""T4_rs_1m"":{""value"":-0.07055371421676393,""score"":0},""T5_rs_3m"":{""value"":0.060424033492810336,""score"":80.21201674640517},""T6_adr_healthy"":{""value"":3.2540423695429177,""score"":100.0},""_score"":53.26},""geometry"":{""sub_low_similarity"":98.9,""sub_bounce_quality"":15.7,""sub_separation_fit"":0.0,""sub_right_bottom_reaction"":8.6,""sub_base_context"":100.0,""_score"":54.1},""compression"":{""VC1_atr_ratio"":{""value"":0.5407839076599124,""score"":100},""VC2_range_contraction"":{""value"":0.8144276629814441,""score"":30.928722836425987},""VC3_range_pct_rank"":{""score"":40.833333333333336},""_score"":61.03},""sr_quality"":{""SR1_touches"":{""value"":2,""score"":25.0},""SR2_tightness"":{""value"":1.9653500000000008,""score"":50.63361089132534},""SR3_recency"":{""value"":226,""score"":0.0},""SR4_price_location"":{""score"":83.47756833585008},""SR5_reaction"":{""value"":2.9514085126157017,""score"":100},""_score"":50.96,""_levels_found"":5,""_target_level"":210.7454},""volume"":{""V1_rvol_day"":{""value"":0.7110598229297325,""score"":14.070654861982165},""V2_rvol_sameslot"":{""value"":0.6421362476182255,""score"":9.475749841215036,""status"":""ok""},""V3_breakout_bar"":{""value"":0.6640003367302707,""score"":10.933355782018046},""V4_base_dryup"":{""value"":0.8971458231312719,""score"":60.28541768687281},""V5_bo_expansion"":{""value"":0.7110598229297325,""score"":0},""_score"":19.5},""readiness"":{""_distance_atr"":0.51,""BR1_atr_distance"":{""score"":66.00061121367781},""BR2_compression"":{""score"":34.830730769243296},""BR3_retest"":{""score"":50.0},""BR4_bo_age"":{""score"":50.0},""_score"":52.61},""risk"":{""R1_stop_clarity"":{""score"":23.013450887306163},""R2_stop_distance_pct"":{""value"":3.5393961179007922,""score"":100.0},""R3_stop_distance_atr"":{""value"":0.9274895444783547,""score"":71.37447722391774},""R4_rr_potential"":{""value"":1.684696578852935,""score"":34.23482894264674},""_score"":55.61},""market"":{""M1_spy_regime"":{""score"":100.0},""M3_earnings_risk"":{""value"":null,""score"":80.0},""M4_vix"":{""value"":null,""score"":60.0},""_score"":84.0},""liquidity"":{""L1_price"":{""value"":208.65,""score"":100.0},""L2_dollar_vol"":{""value"":25463942157.19198,""score"":100.0},""L3_spread_proxy"":{""value"":0.03005032350826748,""score"":69.94967649173252},""L4_volume_zscore"":{""value"":-1.1355783132848187,""score"":100.0},""_score"":96.99},""pattern_structure"":{""left_low"":204.33,""left_idx"":19,""right_low"":204.44,""right_idx"":67,""separation_bars"":48,""structural_low"":204.33,""current_price"":208.01,""neckline_distance_pct"":0.022598432767655458,""base_bars"":48},""pattern_geometry_features"":{""low_similarity_pct"":0.000538199965750839,""bounce_pct"":0.04101551411931674,""right_bottom_reaction"":0.08641975308641986,""atr_pct"":0.03816103522645578},""_schema_version"":""1.0""}",,,,,,,,,,
20260623T215729Z-42792d,2026-06-23T21:57:29.965335+00:00,IR,high_tight_pullback,forming,53.46,42.6,65.7,52.8,52.0,13.7,38.1,62.2,84.0,98.0,5.11,23.0,5.28,4.16,1.92,3.43,0.62,5.04,4.9,True,risk_unclear,77.87,80.86,76.0125,91.88,"{""trend"":{""T1_ema_stack"":{""value"":[true,false,false],""score"":33.33333333333333},""T2_ema50_slope"":{""value"":-0.2059797876528615,""score"":15.67003539118975},""T3_high_proximity"":{""value"":0.8816802536231885,""score"":40.84012681159421},""T4_rs_1m"":{""value"":0.10234342062348833,""score"":100},""T5_rs_3m"":{""value"":-0.19098896985884173,""score"":0},""T6_adr_healthy"":{""value"":3.020269955885233,""score"":100.0},""_score"":42.59},""geometry"":{""sub_pole_impulse"":96.5,""sub_flag_tightness"":58.6,""sub_flag_shallowness"":42.2,""sub_flag_drift"":91.1,""sub_flag_duration"":0.0,""_score"":65.71},""compression"":{""VC1_atr_ratio"":{""value"":0.6718078247241488,""score"":82.0480438189628},""VC2_range_contraction"":{""value"":1.2882883044601388,""score"":0},""VC3_range_pct_rank"":{""score"":80.0},""_score"":52.82},""sr_quality"":{""SR1_touches"":{""value"":3,""score"":50.0},""SR2_tightness"":{""value"":0.6223789485157358,""score"":50.772147496347145},""SR3_recency"":{""value"":286,""score"":0.0},""SR4_price_location"":{""score"":57.45233968804163},""SR5_reaction"":{""value"":2.2318330466093594,""score"":100},""_score"":51.98,""_levels_found"":5,""_target_level"":79.5067},""volume"":{""V1_rvol_day"":{""value"":0.6205243815490119,""score"":8.034958769934127},""V2_rvol_sameslot"":{""value"":0.4046784415495354,""score"":0,""status"":""ok""},""V3_breakout_bar"":{""value"":0.7785044900395672,""score"":18.566966002637816},""V4_base_dryup"":{""value"":1.1266935992563218,""score"":37.330640074367814},""V5_bo_expansion"":{""value"":0.6205243815490119,""score"":0},""_score"":13.71},""readiness"":{""_distance_atr"":1.182,""BR1_atr_distance"":{""score"":21.167385595251318},""BR2_compression"":{""score"":48.70761062574749},""BR3_retest"":{""score"":50.0},""BR4_bo_age"":{""score"":50.0},""_score"":38.14},""risk"":{""R1_stop_clarity"":{""score"":8.442114243260505},""R2_stop_distance_pct"":{""value"":2.3854501091562903,""score"":100.0},""R3_stop_distance_atr"":{""value"":0.7346263690010439,""score"":61.7313184500522},""R4_rr_potential"":{""value"":7.542192673144715,""score"":100.0},""_score"":62.21},""market"":{""M1_spy_regime"":{""score"":100.0},""M3_earnings_risk"":{""value"":null,""score"":80.0},""M4_vix"":{""value"":null,""score"":60.0},""_score"":84.0},""liquidity"":{""L1_price"":{""value"":77.87,""score"":100.0},""L2_dollar_vol"":{""value"":208593030.29851365,""score"":100.0},""L3_spread_proxy"":{""value"":0.019776550661358572,""score"":80.22344933864143},""L4_volume_zscore"":{""value"":-1.1660601550141863,""score"":100.0},""_score"":98.02},""pattern_structure"":{""pole_low"":69.84,""pole_low_idx"":18,""peak_price"":80.86,""peak_idx"":42,""pole_gain"":0.1577892325315005,""flag_bars"":17,""flag_low"":77.17,""flag_high"":80.3399,""structural_low"":77.17,""current_price"":77.26,""neckline_distance_pct"":0.04659590991457409,""base_bars"":17},""pattern_geometry_features"":{""pole_gain"":0.1577892325315005,""pullback_pct"":0.04563442987880284,""flag_range_pct"":0.03920232500618351,""flag_drift_per_bar"":-0.0017828772720581952,""atr_pct"":0.03247161019281218,""pole_atr_multiple"":4.859298063587505},""_schema_version"":""1.0""}",,,,,,,,,,
20260623T215729Z-42792d,2026-06-23T21:57:29.965335+00:00,AEVA,double_bottom,forming,53.37,85.7,53.7,55.6,44.1,8.4,35.5,55.5,84.0,83.2,12.86,13.42,4.45,6.18,1.09,2.84,3.33,5.04,4.16,False,,25.27,28.24,21.4257,34.728,"{""trend"":{""T1_ema_stack"":{""value"":[true,true,true],""score"":100.0},""T2_ema50_slope"":{""value"":0.8905538500691065,""score"":100},""T3_high_proximity"":{""value"":0.8627517924206214,""score"":31.37589621031067},""T4_rs_1m"":{""value"":0.19282691562625054,""score"":100},""T5_rs_3m"":{""value"":0.6431880060354556,""score"":100},""T6_adr_healthy"":{""value"":11.169755095386055,""score"":20.756122615348627},""_score"":85.74},""geometry"":{""sub_low_similarity"":27.9,""sub_bounce_quality"":100,""sub_separation_fit"":0.0,""sub_right_bottom_reaction"":35.4,""sub_base_context"":100.0,""_score"":53.68},""compression"":{""VC1_atr_ratio"":{""value"":0.5292393965806814,""score"":100},""VC2_range_contraction"":{""value"":0.8793649859717378,""score"":20.105835671377026},""VC3_range_pct_rank"":{""score"":34.166666666666664},""_score"":55.58},""sr_quality"":{""SR1_touches"":{""value"":3,""score"":50.0},""SR2_tightness"":{""value"":0.7864265170164771,""score"":44.278279159816094},""SR3_recency"":{""value"":230,""score"":0.0},""SR4_price_location"":{""score"":30.0},""SR5_reaction"":{""value"":2.2626148114220546,""score"":100},""_score"":44.14,""_levels_found"":4,""_target_level"":21.85},""volume"":{""V1_rvol_day"":{""value"":0.6804209795142967,""score"":12.028065300953113},""V2_rvol_sameslot"":{""value"":0.40465364529734676,""score"":0,""status"":""ok""},""V3_breakout_bar"":{""value"":0.6965039598709881,""score"":13.100263991399208},""V4_base_dryup"":{""value"":1.3636843496429638,""score"":13.631565035703616},""V5_bo_expansion"":{""value"":0.6804209795142967,""score"":0},""_score"":8.41},""readiness"":{""_distance_atr"":1.052,""BR1_atr_distance"":{""score"":29.8542172241806},""BR2_compression"":{""score"":24.08954720445746},""BR3_retest"":{""score"":50.0},""BR4_bo_age"":{""score"":50.0},""_score"":35.46},""risk"":{""R1_stop_clarity"":{""score"":76.88165050091474},""R2_stop_distance_pct"":{""value"":15.212821527502973,""score"":0.0},""R3_stop_distance_atr"":{""value"":1.3619193424718545,""score"":93.09596712359273},""R4_rr_potential"":{""value"":2.460278647757185,""score"":73.01393238785924},""_score"":55.48},""market"":{""M1_spy_regime"":{""score"":100.0},""M3_earnings_risk"":{""value"":null,""score"":80.0},""M4_vix"":{""value"":null,""score"":60.0},""_score"":84.0},""liquidity"":{""L1_price"":{""value"":25.27,""score"":100.0},""L2_dollar_vol"":{""value"":45664736.9004036,""score"":82.97904798912077},""L3_spread_proxy"":{""value"":0.10605461020973485,""score"":0},""L4_volume_zscore"":{""value"":-0.845457971239499,""score"":100.0},""_score"":83.19},""pattern_structure"":{""left_low"":21.752,""left_idx"":19,""right_low"":22.55,""right_idx"":68,""separation_bars"":49,""structural_low"":21.752,""current_price"":25.93,""neckline_distance_pct"":0.08908600077130732,""base_bars"":49},""pattern_geometry_features"":{""low_similarity_pct"":0.03602546160444232,""bounce_pct"":0.2982714233173961,""right_bottom_reaction"":0.3542600896860982,""atr_pct"":0.1117013398157047},""_schema_version"":""1.0""}",,,,,,,,,,
20260623T215729Z-42792d,2026-06-23T21:57:29.965335+00:00,UEC,breakout_retest_hold,retest_hold,53.04,13.3,58.1,50.8,72.3,21.1,69.4,58.0,84.0,96.2,1.87,12.79,3.05,10.12,2.74,12.49,2.9,4.2,2.89,False,,11.47,11.37,11.3157,11.25,"{""trend"":{""T1_ema_stack"":{""value"":[false,false,true],""score"":33.33333333333333},""T2_ema50_slope"":{""value"":-0.514355851224187,""score"":0},""T3_high_proximity"":{""value"":0.6964177292046145,""score"":0},""T4_rs_1m"":{""value"":-0.10462824455245845,""score"":0},""T5_rs_3m"":{""value"":-0.1990224648071911,""score"":0},""T6_adr_healthy"":{""value"":7.524207350343605,""score"":100.0},""_score"":13.33},""geometry"":{""sub_retest_depth"":27.1,""sub_retest_timing"":0.0,""sub_retest_freshness"":100.0,""sub_hold_quality"":100.0,""_score"":58.13},""compression"":{""VC1_atr_ratio"":{""value"":0.7274857160977666,""score"":68.12857097555836},""VC2_range_contraction"":{""value"":1.1205783119090038,""score"":0},""VC3_range_pct_rank"":{""score"":94.16666666666667},""_score"":50.79},""sr_quality"":{""SR1_touches"":{""value"":6,""score"":100},""SR2_tightness"":{""value"":0.2848598583319328,""score"":51.5188152535931},""SR3_recency"":{""value"":225,""score"":0.0},""SR4_price_location"":{""score"":81.51277360061759},""SR5_reaction"":{""value"":1.8899604301022979,""score"":94.49802150511489},""_score"":72.28,""_levels_found"":6,""_target_level"":12.1942},""volume"":{""V1_rvol_day"":{""value"":0.8454129869276189,""score"":23.02753246184126},""V2_rvol_sameslot"":{""value"":0.8509751897288218,""score"":23.39834598192145,""status"":""ok""},""V3_breakout_bar"":{""value"":0.9196594019539822,""score"":27.977293463598812},""V4_base_dryup"":{""value"":1.259431726181114,""score"":24.056827381888596},""V5_bo_expansion"":{""value"":0.8454129869276189,""score"":0},""_score"":21.09},""readiness"":{""_distance_atr"":-0.085,""BR1_atr_distance"":{""score"":100.0},""BR2_compression"":{""score"":19.584564815640636},""BR3_retest"":{""score"":100},""BR4_bo_age"":{""score"":30.0},""_score"":69.4},""risk"":{""R1_stop_clarity"":{""score"":80.5469277104772},""R2_stop_distance_pct"":{""value"":1.345248474280741,""score"":83.63121185701851},""R3_stop_distance_atr"":{""value"":0.1313039831265698,""score"":31.565199156328493},""R4_rr_potential"":{""value"":-1.4257939079714905,""score"":0.0},""_score"":58.02},""market"":{""M1_spy_regime"":{""score"":100.0},""M3_earnings_risk"":{""value"":null,""score"":80.0},""M4_vix"":{""value"":null,""score"":60.0},""_score"":84.0},""liquidity"":{""L1_price"":{""value"":11.47,""score"":100.0},""L2_dollar_vol"":{""value"":123543817.46572453,""score"":100.0},""L3_spread_proxy"":{""value"":0.037925021795989576,""score"":62.07497820401042},""L4_volume_zscore"":{""value"":-0.29653955783542213,""score"":100.0},""_score"":96.21},""pattern_structure"":{""level"":11.37,""level_idx"":45,""breakout_idx"":50,""bo_peak_idx"":56,""bo_peak_price"":12.405,""retest_idx"":74,""retest_low"":11.43,""structural_low"":11.43,""current_price"":11.5,""neckline_distance_pct"":-0.011304347826087024,""base_bars"":34,""bars_since_breakout"":29},""pattern_geometry_features"":{""retest_depth_atr"":-0.21011030791165555,""bars_breakout_to_retest"":24.0,""bars_since_retest"":5.0,""current_above_level_atr"":0.4552390004752527,""bo_peak_excess_pct"":0.09102902374670187,""atr_pct"":0.10245298293685391},""_schema_version"":""1.0""}",,,,,,,,,,
20260623T215729Z-42792d,2026-06-23T21:57:29.965335+00:00,NVDA,breakout_retest_hold,setup,53.04,53.3,45.0,61.0,51.0,16.9,73.2,48.1,84.0,97.0,7.46,9.9,3.66,7.13,2.19,13.18,2.4,4.2,2.91,False,,208.65,207.07,205.8705,205.31,"{""trend"":{""T1_ema_stack"":{""value"":[false,true,true],""score"":66.66666666666666},""T2_ema50_slope"":{""value"":0.09540118048246321,""score"":65.9001967470772},""T3_high_proximity"":{""value"":0.8850852634258081,""score"":42.54263171290401},""T4_rs_1m"":{""value"":-0.07055371421676393,""score"":0},""T5_rs_3m"":{""value"":0.060424033492810336,""score"":80.21201674640517},""T6_adr_healthy"":{""value"":3.2540423695429177,""score"":100.0},""_score"":53.26},""geometry"":{""sub_retest_depth"":0.0,""sub_retest_timing"":0.0,""sub_retest_freshness"":75.0,""sub_hold_quality"":100.0,""_score"":45.0},""compression"":{""VC1_atr_ratio"":{""value"":0.5407839076599124,""score"":100},""VC2_range_contraction"":{""value"":0.8144276629814441,""score"":30.928722836425987},""VC3_range_pct_rank"":{""score"":40.833333333333336},""_score"":61.03},""sr_quality"":{""SR1_touches"":{""value"":2,""score"":25.0},""SR2_tightness"":{""value"":1.9653500000000008,""score"":50.63361089132534},""SR3_recency"":{""value"":226,""score"":0.0},""SR4_price_location"":{""score"":83.47756833585008},""SR5_reaction"":{""value"":2.9514085126157017,""score"":100},""_score"":50.96,""_levels_found"":5,""_target_level"":210.7454},""volume"":{""V1_rvol_day"":{""value"":0.7110598229297325,""score"":14.070654861982165},""V2_rvol_sameslot"":{""value"":0.6421362476182255,""score"":9.475749841215036,""status"":""ok""},""V3_breakout_bar"":{""value"":0.6640003367302707,""score"":10.933355782018046},""V4_base_dryup"":{""value"":1.0284924329070522,""score"":47.15075670929478},""V5_bo_expansion"":{""value"":0.7110598229297325,""score"":0},""_score"":16.87},""readiness"":{""_distance_atr"":-0.198,""BR1_atr_distance"":{""score"":100.0},""BR2_compression"":{""score"":34.830730769243296},""BR3_retest"":{""score"":100},""BR4_bo_age"":{""score"":30.0},""_score"":73.21},""risk"":{""R1_stop_clarity"":{""score"":47.76634891928221},""R2_stop_distance_pct"":{""value"":1.3321351545650673,""score"":83.30337886412669},""R3_stop_distance_atr"":{""value"":0.3490825515240588,""score"":42.454127576202936},""R4_rr_potential"":{""value"":-1.2016549739161675,""score"":0.0},""_score"":48.08},""market"":{""M1_spy_regime"":{""score"":100.0},""M3_earnings_risk"":{""value"":null,""score"":80.0},""M4_vix"":{""value"":null,""score"":60.0},""_score"":84.0},""liquidity"":{""L1_price"":{""value"":208.65,""score"":100.0},""L2_dollar_vol"":{""value"":25463942157.19198,""score"":100.0},""L3_spread_proxy"":{""value"":0.03005032350826748,""score"":69.94967649173252},""L4_volume_zscore"":{""value"":-1.1355783132848187,""score"":100.0},""_score"":96.99},""pattern_structure"":{""level"":207.07,""level_idx"":45,""breakout_idx"":50,""bo_peak_idx"":74,""bo_peak_price"":213.99,""retest_idx"":79,""retest_low"":207.95,""structural_low"":207.95,""current_price"":208.01,""neckline_distance_pct"":-0.004519013508965905,""base_bars"":34,""bars_since_breakout"":29},""pattern_geometry_features"":{""retest_depth_atr"":-0.4635186028224945,""bars_breakout_to_retest"":29.0,""bars_since_retest"":0.0,""current_above_level_atr"":0.4951221439240296,""bo_peak_excess_pct"":0.03341865069783173,""atr_pct"":0.03816103522645578},""_schema_version"":""1.0""}",,,,,,,,,,
20260623T215729Z-42792d,2026-06-23T21:57:29.965335+00:00,RTX,vcp,retest_hold,52.44,53.9,55.8,26.8,38.1,32.2,75.1,65.5,84.0,97.4,8.08,13.95,3.21,4.58,4.18,5.26,3.27,5.04,4.87,True,risk_unclear,181.83,181.55,169.9617,223.5,"{""trend"":{""T1_ema_stack"":{""value"":[true,false,true],""score"":66.66666666666666},""T2_ema50_slope"":{""value"":-0.05841854061933785,""score"":40.26357656344369},""T3_high_proximity"":{""value"":0.8936013367407117,""score"":46.800668370355844},""T4_rs_1m"":{""value"":0.03568384368003219,""score"":85.6838436800322},""T5_rs_3m"":{""value"":-0.23014856855138122,""score"":0},""T6_adr_healthy"":{""value"":2.5163452294583255,""score"":100.0},""_score"":53.88},""geometry"":{""sub_contraction_count"":100.0,""sub_reduction_rate"":0,""sub_pivot_tightness"":72.0,""sub_volume_dryup"":0,""sub_base_depth"":100.0,""sub_base_duration"":100.0,""_score"":55.8},""compression"":{""VC1_atr_ratio"":{""value"":0.8157675971502463,""score"":46.05810071243843},""VC2_range_contraction"":{""value"":1.356415335640041,""score"":0},""VC3_range_pct_rank"":{""score"":33.333333333333336},""_score"":26.76},""sr_quality"":{""SR1_touches"":{""value"":2,""score"":25.0},""SR2_tightness"":{""value"":0.5999999999999943,""score"":77.12851189657752},""SR3_recency"":{""value"":279,""score"":0.0},""SR4_price_location"":{""score"":16.312787619267596},""SR5_reaction"":{""value"":2.940892178631766,""score"":100},""_score"":38.15,""_levels_found"":6,""_target_level"":184.97},""volume"":{""V1_rvol_day"":{""value"":1.0885665608024118,""score"":39.23777072016079},""V2_rvol_sameslot"":{""value"":0.9173648986143396,""score"":27.824326574289305,""status"":""ok""},""V3_breakout_bar"":{""value"":0.9336507219290875,""score"":28.91004812860583},""V4_base_dryup"":{""value"":0.9680331877626963,""score"":53.196681223730366},""V5_bo_expansion"":{""value"":1.0885665608024115,""score"":5.904437386827436},""_score"":32.16},""readiness"":{""_distance_atr"":-0.053,""BR1_atr_distance"":{""score"":100.0},""BR2_compression"":{""score"":70.45938173233876},""BR3_retest"":{""score"":50.0},""BR4_bo_age"":{""score"":50.0},""_score"":75.11},""risk"":{""R1_stop_clarity"":{""score"":1.3381181938597422},""R2_stop_distance_pct"":{""value"":6.527113237639563,""score"":100.0},""R3_stop_distance_atr"":{""value"":2.262037822362056,""score"":100.0},""R4_rr_potential"":{""value"":3.5110483853980097,""score"":100.0},""_score"":65.47},""market"":{""M1_spy_regime"":{""score"":100.0},""M3_earnings_risk"":{""value"":null,""score"":80.0},""M4_vix"":{""value"":null,""score"":60.0},""_score"":84.0},""liquidity"":{""L1_price"":{""value"":181.83,""score"":100.0},""L2_dollar_vol"":{""value"":1154943838.5872786,""score"":100.0},""L3_spread_proxy"":{""value"":0.02606830556013864,""score"":73.93169443986136},""L4_volume_zscore"":{""value"":0.36968062766002213,""score"":100.0},""_score"":97.39},""pattern_structure"":{""n_contractions"":5,""contractions_pct"":[6.72,12.88,16.42,5.09,4.96],""descending_strict"":false,""final_low"":172.55,""final_pivot"":181.55,""structural_low"":172.55,""dry_up_ratio"":1.078522820336152,""current_price"":181.83,""neckline_distance_pct"":-0.0015398999065060833,""base_bars"":64},""pattern_geometry_features"":{""contraction_count"":5.0,""first_contraction_pct"":0.06715617715617717,""last_contraction_pct"":0.04957312035251996,""dry_up_ratio"":1.078522820336152,""near_monotone"":0.0,""base_depth_pct"":0.1955710955710955},""_schema_version"":""1.0""}",,,,,,,,,,
20260623T215729Z-42792d,2026-06-23T21:57:29.965335+00:00,UUUU,base_on_base,forming,52.29,14.6,73.3,55.5,66.0,16.9,33.7,78.8,84.0,92.8,2.63,18.32,5.55,6.6,2.02,2.69,3.94,5.88,4.64,False,,16.12,19.75,15.7896,24.2995,"{""trend"":{""T1_ema_stack"":{""value"":[false,false,true],""score"":33.33333333333333},""T2_ema50_slope"":{""value"":-0.6580925802295777,""score"":0},""T3_high_proximity"":{""value"":0.685374149659864,""score"":0},""T4_rs_1m"":{""value"":-0.043568626426304546,""score"":6.431373573695453},""T5_rs_3m"":{""value"":-0.18535235382364734,""score"":0},""T6_adr_healthy"":{""value"":7.371891347251484,""score"":100.0},""_score"":14.62},""geometry"":{""sub_shallower_second"":62.3,""sub_second_base_depth"":91.6,""sub_rim_advance"":100,""sub_dry_up"":21.9,""sub_second_base_duration"":100.0,""_score"":73.28},""compression"":{""VC1_atr_ratio"":{""value"":0.4057968994503521,""score"":100},""VC2_range_contraction"":{""value"":0.9976937524899849,""score"":0.38437458500251154},""VC3_range_pct_rank"":{""score"":61.66666666666667},""_score"":55.55},""sr_quality"":{""SR1_touches"":{""value"":3,""score"":50.0},""SR2_tightness"":{""value"":0.16336734339790407,""score"":77.29714065493057},""SR3_recency"":{""value"":244,""score"":0.0},""SR4_price_location"":{""score"":97.77650941757453},""SR5_reaction"":{""value"":2.298765003184687,""score"":100},""_score"":66.04,""_levels_found"":4,""_target_level"":16.2267},""volume"":{""V1_rvol_day"":{""value"":0.8256855719087711,""score"":21.71237146058474},""V2_rvol_sameslot"":{""value"":0.7591330930195386,""score"":17.275539534635907,""status"":""ok""},""V3_breakout_bar"":{""value"":0.48212976447302536,""score"":0},""V4_base_dryup"":{""value"":1.0474753732779372,""score"":45.252462672206285},""V5_bo_expansion"":{""value"":0.825685571908771,""score"":0},""_score"":16.85},""readiness"":{""_distance_atr"":2.522,""BR1_atr_distance"":{""score"":0},""BR2_compression"":{""score"":64.65297143004783},""BR3_retest"":{""score"":50.0},""BR4_bo_age"":{""score"":50.0},""_score"":33.66},""risk"":{""R1_stop_clarity"":{""score"":66.5851055909868},""R2_stop_distance_pct"":{""value"":2.0499379652605505,""score"":100.0},""R3_stop_distance_atr"":{""value"":0.22961014467578283,""score"":36.48050723378914},""R4_rr_potential"":{""value"":24.752610077167432,""score"":100.0},""_score"":78.78},""market"":{""M1_spy_regime"":{""score"":100.0},""M3_earnings_risk"":{""value"":null,""score"":80.0},""M4_vix"":{""value"":null,""score"":60.0},""_score"":84.0},""liquidity"":{""L1_price"":{""value"":16.12,""score"":100.0},""L2_dollar_vol"":{""value"":147399987.24291414,""score"":100.0},""L3_spread_proxy"":{""value"":0.07152605459057075,""score"":28.47394540942925},""L4_volume_zscore"":{""value"":-0.30834002730210247,""score"":100.0},""_score"":92.85},""pattern_structure"":{""first_base_low"":12.0805,""first_base_top"":16.63,""first_base_bars"":20,""second_base_low"":16.03,""second_base_top"":19.75,""second_base_bars"":47,""structural_low"":16.03,""stacking_overlap_pct"":0.03607937462417306,""current_price"":16.12,""neckline_distance_pct"":0.22518610421836222,""base_bars"":47},""pattern_geometry_features"":{""first_base_depth_pct"":0.27357185808779305,""second_base_depth_pct"":0.18835443037974678,""second_dry_up_ratio"":0.8907079734385606,""rim_advance_pct"":0.1876127480457006,""atr_pct"":0.08927906770648707},""_schema_version"":""1.0""}",,,,,,,,,,
20260623T215729Z-42792d,2026-06-23T21:57:29.965335+00:00,IONQ,vcp,absent,52.22,76.0,43.0,46.4,45.9,43.6,17.5,51.4,84.0,90.0,11.4,10.74,5.57,5.5,5.67,1.23,2.57,5.04,4.5,False,,58.32,73.65,52.4656,62.2854,"{""trend"":{""T1_ema_stack"":{""value"":[false,true,true],""score"":66.66666666666666},""T2_ema50_slope"":{""value"":0.7878254953626658,""score"":100},""T3_high_proximity"":{""value"":0.8092132648813655,""score"":4.606632440682712},""T4_rs_1m"":{""value"":0.10725619361388872,""score"":100},""T5_rs_3m"":{""value"":0.7214903557056294,""score"":100},""T6_adr_healthy"":{""value"":9.087908374421554,""score"":72.80229063946115},""_score"":76.0},""geometry"":{""sub_contraction_count"":100.0,""sub_reduction_rate"":0,""sub_pivot_tightness"":0,""sub_volume_dryup"":53.2,""sub_base_depth"":0.0,""sub_base_duration"":100.0,""_score"":42.98},""compression"":{""VC1_atr_ratio"":{""value"":0.46549947961918964,""score"":100},""VC2_range_contraction"":{""value"":0.9538180286896708,""score"":7.6969952183882},""VC3_range_pct_rank"":{""score"":15.000000000000002},""_score"":46.44},""sr_quality"":{""SR1_touches"":{""value"":3,""score"":50.0},""SR2_tightness"":{""value"":0.667303475855544,""score"":76.95422873965134},""SR3_recency"":{""value"":230,""score"":0.0},""SR4_price_location"":{""score"":30.0},""SR5_reaction"":{""value"":1.5754135646236351,""score"":78.77067823118176},""_score"":45.86,""_levels_found"":5,""_target_level"":53.3737},""volume"":{""V1_rvol_day"":{""value"":0.9596071455352577,""score"":30.640476369017183},""V2_rvol_sameslot"":{""value"":1.3717885210036806,""score"":58.11923473357871,""status"":""ok""},""V3_breakout_bar"":{""value"":1.3287176042137898,""score"":55.24784028091933},""V4_base_dryup"":{""value"":0.8976009990360789,""score"":60.239900096392105},""V5_bo_expansion"":{""value"":0.9596071455352577,""score"":0},""_score"":43.61},""readiness"":{""_distance_atr"":2.647,""BR1_atr_distance"":{""score"":0},""BR2_compression"":{""score"":0},""BR3_retest"":{""score"":50.0},""BR4_bo_age"":{""score"":50.0},""_score"":17.5},""risk"":{""R1_stop_clarity"":{""score"":72.40707191806167},""R2_stop_distance_pct"":{""value"":10.038355624142659,""score"":49.041109396433534},""R3_stop_distance_atr"":{""value"":1.0109227190424737,""score"":75.54613595212368},""R4_rr_potential"":{""value"":0.6773402906444749,""score"":0.0},""_score"":51.39},""market"":{""M1_spy_regime"":{""score"":100.0},""M3_earnings_risk"":{""value"":null,""score"":80.0},""M4_vix"":{""value"":null,""score"":60.0},""_score"":84.0},""liquidity"":{""L1_price"":{""value"":58.32,""score"":100.0},""L2_dollar_vol"":{""value"":1635582840.760329,""score"":100.0},""L3_spread_proxy"":{""value"":0.11076817558299042,""score"":0},""L4_volume_zscore"":{""value"":-0.15960690466912386,""score"":100.0},""_score"":90.0},""pattern_structure"":{""n_contractions"":5,""contractions_pct"":[27.21,24.25,19.06,23.06,27.68],""descending_strict"":false,""final_low"":53.2646,""final_pivot"":73.65,""structural_low"":53.2646,""dry_up_ratio"":0.7339278630890262,""current_price"":58.32,""neckline_distance_pct"":0.26286008230452684,""base_bars"":71},""pattern_geometry_features"":{""contraction_count"":5.0,""first_contraction_pct"":0.2720763723150358,""last_contraction_pct"":0.27678750848608286,""dry_up_ratio"":0.7339278630890262,""near_monotone"":0.0,""base_depth_pct"":-0.27123150357995235},""_schema_version"":""1.0""}",,,,,,,,,,
20260623T215729Z-42792d,2026-06-23T21:57:29.965335+00:00,VZ,base_on_base,forming,52.15,28.3,62.5,54.4,56.1,34.2,28.6,64.0,84.0,98.4,5.09,15.62,5.44,5.61,4.11,2.29,3.2,5.88,4.92,True,risk_unclear,45.36,48.21,43.6355,50.78,"{""trend"":{""T1_ema_stack"":{""value"":[false,false,true],""score"":33.33333333333333},""T2_ema50_slope"":{""value"":-0.056115344860605716,""score"":40.64744252323238},""T3_high_proximity"":{""value"":0.8909840895698291,""score"":45.49204478491453},""T4_rs_1m"":{""value"":-0.05567899860564818,""score"":0},""T5_rs_3m"":{""value"":-0.24017738831505586,""score"":0},""T6_adr_healthy"":{""value"":2.231705652368783,""score"":100.0},""_score"":28.29},""geometry"":{""sub_shallower_second"":0,""sub_second_base_depth"":100.0,""sub_rim_advance"":100,""sub_dry_up"":37.3,""sub_second_base_duration"":100.0,""_score"":62.46},""compression"":{""VC1_atr_ratio"":{""value"":0.5660090349192213,""score"":100},""VC2_range_contraction"":{""value"":1.0398465570140316,""score"":0},""VC3_range_pct_rank"":{""score"":57.49999999999999},""_score"":54.38},""sr_quality"":{""SR1_touches"":{""value"":3,""score"":50.0},""SR2_tightness"":{""value"":0.20700456248326726,""score"":67.23648591623058},""SR3_recency"":{""value"":245,""score"":0.0},""SR4_price_location"":{""score"":64.08982511923692},""SR5_reaction"":{""value"":2.514715746791174,""score"":100},""_score"":56.11,""_levels_found"":5,""_target_level"":45.9623},""volume"":{""V1_rvol_day"":{""value"":0.757465420216396,""score"":17.16436134775973},""V2_rvol_sameslot"":{""value"":1.013713945652585,""score"":34.247596376839,""status"":""ok""},""V3_breakout_bar"":{""value"":1.143472480662387,""score"":42.89816537749247},""V4_base_dryup"":{""value"":0.8389377483975516,""score"":66.10622516024483},""V5_bo_expansion"":{""value"":0.757465420216396,""score"":0},""_score"":34.23},""readiness"":{""_distance_atr"":2.255,""BR1_atr_distance"":{""score"":0},""BR2_compression"":{""score"":44.51896163734174},""BR3_retest"":{""score"":50.0},""BR4_bo_age"":{""score"":50.0},""_score"":28.63},""risk"":{""R1_stop_clarity"":{""score"":0},""R2_stop_distance_pct"":{""value"":3.801807760141107,""score"":100.0},""R3_stop_distance_atr"":{""value"":1.3647206457593826,""score"":93.23603228796912},""R4_rr_potential"":{""value"":3.142939982603643,""score"":100.0},""_score"":63.99},""market"":{""M1_spy_regime"":{""score"":100.0},""M3_earnings_risk"":{""value"":null,""score"":80.0},""M4_vix"":{""value"":null,""score"":60.0},""_score"":84.0},""liquidity"":{""L1_price"":{""value"":45.36,""score"":100.0},""L2_dollar_vol"":{""value"":875130872.9783105,""score"":100.0},""L3_spread_proxy"":{""value"":0.016203703703703692,""score"":83.7962962962963},""L4_volume_zscore"":{""value"":-0.5257047504122995,""score"":100.0},""_score"":98.38},""pattern_structure"":{""first_base_low"":38.39,""first_base_top"":40.96,""first_base_bars"":50,""second_base_low"":44.3,""second_base_top"":48.21,""second_base_bars"":33,""structural_low"":44.3,""stacking_overlap_pct"":-0.0815429687499999,""current_price"":45.36,""neckline_distance_pct"":0.06283068783068786,""base_bars"":33},""pattern_geometry_features"":{""first_base_depth_pct"":0.062744140625,""second_base_depth_pct"":0.08110350549678498,""second_dry_up_ratio"":0.8135605716782072,""rim_advance_pct"":0.177001953125,""atr_pct"":0.027857772738725122},""_schema_version"":""1.0""}",,,,,,,,,,
20260623T215729Z-42792d,2026-06-23T21:57:29.965335+00:00,INTC,vcp,setup,52.14,100.0,35.0,43.0,39.1,26.6,47.7,38.0,84.0,96.3,15.0,8.75,5.16,4.69,3.46,3.34,1.9,5.04,4.81,False,,140.94,126.64,96.855,79.8,"{""trend"":{""T1_ema_stack"":{""value"":[true,true,true],""score"":100.0},""T2_ema50_slope"":{""value"":0.5878480783172354,""score"":100},""T3_high_proximity"":{""value"":1.0,""score"":99.99999999999997},""T4_rs_1m"":{""value"":0.18053190155036725,""score"":100},""T5_rs_3m"":{""value"":2.064933395455941,""score"":100},""T6_adr_healthy"":{""value"":6.9178167804901225,""score"":100.0},""_score"":100.0},""geometry"":{""sub_contraction_count"":100.0,""sub_reduction_rate"":0,""sub_pivot_tightness"":0,""sub_volume_dryup"":0,""sub_base_depth"":0.0,""sub_base_duration"":100.0,""_score"":35.0},""compression"":{""VC1_atr_ratio"":{""value"":0.7807287597325645,""score"":54.817810066858875},""VC2_range_contraction"":{""value"":1.0014478683298693,""score"":0},""VC3_range_pct_rank"":{""score"":84.16666666666667},""_score"":42.97},""sr_quality"":{""SR1_touches"":{""value"":2,""score"":25.0},""SR2_tightness"":{""value"":2.0350000000000037,""score"":60.57235816462867},""SR3_recency"":{""value"":232,""score"":0.0},""SR4_price_location"":{""score"":30.0},""SR5_reaction"":{""value"":2.5424532185978346,""score"":100},""_score"":39.09,""_levels_found"":3,""_target_level"":100.365},""volume"":{""V1_rvol_day"":{""value"":0.9603087952227483,""score"":30.687253014849887},""V2_rvol_sameslot"":{""value"":0.8942143752254558,""score"":26.28095834836372,""status"":""ok""},""V3_breakout_bar"":{""value"":0.5837143292747846,""score"":5.580955284985642},""V4_base_dryup"":{""value"":0.8095720555562784,""score"":69.04279444437216},""V5_bo_expansion"":{""value"":0.9603087952227485,""score"":0},""_score"":26.6},""readiness"":{""_distance_atr"":-1.385,""BR1_atr_distance"":{""score"":32.29408952109047},""BR2_compression"":{""score"":68.97070090646376},""BR3_retest"":{""score"":50.0},""BR4_bo_age"":{""score"":50.0},""_score"":47.66},""risk"":{""R1_stop_clarity"":{""score"":71.42319394344909},""R2_stop_distance_pct"":{""value"":31.279232297431538,""score"":0.0},""R3_stop_distance_atr"":{""value"":4.270677196388822,""score"":86.46614018055891},""R4_rr_potential"":{""value"":-1.3868678539955241,""score"":0.0},""_score"":37.97},""market"":{""M1_spy_regime"":{""score"":100.0},""M3_earnings_risk"":{""value"":null,""score"":80.0},""M4_vix"":{""value"":null,""score"":60.0},""_score"":84.0},""liquidity"":{""L1_price"":{""value"":140.94,""score"":100.0},""L2_dollar_vol"":{""value"":17926236582.263515,""score"":100.0},""L3_spread_proxy"":{""value"":0.03717894139350064,""score"":62.821058606499356},""L4_volume_zscore"":{""value"":-0.1370857252629307,""score"":100.0},""_score"":96.28},""pattern_structure"":{""n_contractions"":5,""contractions_pct"":[16.72,10.28,15.08,22.86,22.35],""descending_strict"":false,""final_low"":98.33,""final_pivot"":126.64,""structural_low"":98.33,""dry_up_ratio"":1.1192968484520298,""current_price"":140.94,""neckline_distance_pct"":-0.10146161487157654,""base_bars"":85},""pattern_geometry_features"":{""contraction_count"":5.0,""first_contraction_pct"":0.167216935327248,""last_contraction_pct"":0.223547062539482,""dry_up_ratio"":1.1192968484520298,""near_monotone"":0.0,""base_depth_pct"":-0.9096912021751795},""_schema_version"":""1.0""}",,,,,,,,,,
20260623T215729Z-42792d,2026-06-23T21:57:29.965335+00:00,NXE,base_on_base,forming,51.79,19.8,71.5,62.3,69.4,8.7,25.9,75.1,84.0,88.6,3.57,17.87,6.23,6.94,1.05,2.08,3.75,5.88,4.43,False,,10.45,12.5,10.2292,14.83,"{""trend"":{""T1_ema_stack"":{""value"":[false,false,true],""score"":33.33333333333333},""T2_ema50_slope"":{""value"":-0.3302020859483936,""score"":0},""T3_high_proximity"":{""value"":0.7977099236641221,""score"":0},""T4_rs_1m"":{""value"":-0.01745610657545471,""score"":32.54389342454529},""T5_rs_3m"":{""value"":-0.2196764703635058,""score"":0},""T6_adr_healthy"":{""value"":5.270676974568989,""score"":100.0},""_score"":19.84},""geometry"":{""sub_shallower_second"":59.7,""sub_second_base_depth"":100.0,""sub_rim_advance"":100,""sub_dry_up"":55.8,""sub_second_base_duration"":36.0,""_score"":71.48},""compression"":{""VC1_atr_ratio"":{""value"":0.5328717264720985,""score"":100},""VC2_range_contraction"":{""value"":1.0544415467295492,""score"":0},""VC3_range_pct_rank"":{""score"":89.16666666666666},""_score"":62.29},""sr_quality"":{""SR1_touches"":{""value"":4,""score"":75.0},""SR2_tightness"":{""value"":0.14579337262029438,""score"":56.90411687251129},""SR3_recency"":{""value"":242,""score"":0.0},""SR4_price_location"":{""score"":93.28037245048772},""SR5_reaction"":{""value"":2.098285545373928,""score"":100},""_score"":69.36,""_levels_found"":5,""_target_level"":10.6015},""volume"":{""V1_rvol_day"":{""value"":0.5177717549612493,""score"":1.1847836640832852},""V2_rvol_sameslot"":{""value"":0.4422552255400488,""score"":0,""status"":""ok""},""V3_breakout_bar"":{""value"":0.6108446445065123,""score"":7.389642967100822},""V4_base_dryup"":{""value"":1.1679192956560314,""score"":33.20807043439686},""V5_bo_expansion"":{""value"":0.5177717549612492,""score"":0},""_score"":8.73},""readiness"":{""_distance_atr"":3.03,""BR1_atr_distance"":{""score"":0},""BR2_compression"":{""score"":33.81250562235694},""BR3_retest"":{""score"":50.0},""BR4_bo_age"":{""score"":50.0},""_score"":25.95},""risk"":{""R1_stop_clarity"":{""score"":53.953591486845944},""R2_stop_distance_pct"":{""value"":2.1126794258373183,""score"":100.0},""R3_stop_distance_atr"":{""value"":0.3263006207508124,""score"":41.31503103754062},""R4_rr_potential"":{""value"":19.83920280828901,""score"":100.0},""_score"":75.08},""market"":{""M1_spy_regime"":{""score"":100.0},""M3_earnings_risk"":{""value"":null,""score"":80.0},""M4_vix"":{""value"":null,""score"":60.0},""_score"":84.0},""liquidity"":{""L1_price"":{""value"":10.45,""score"":100.0},""L2_dollar_vol"":{""value"":37759856.26641965,""score"":78.85151662396628},""L3_spread_proxy"":{""value"":0.029186602870813372,""score"":70.81339712918663},""L4_volume_zscore"":{""value"":-1.1428979610290777,""score"":100.0},""_score"":88.62},""pattern_structure"":{""first_base_low"":7.33,""first_base_top"":9.66,""first_base_bars"":60,""second_base_low"":10.385,""second_base_top"":12.5,""second_base_bars"":76,""structural_low"":10.385,""stacking_overlap_pct"":-0.07505175983436849,""current_price"":10.45,""neckline_distance_pct"":0.19617224880382783,""base_bars"":76},""pattern_geometry_features"":{""first_base_depth_pct"":0.2412008281573499,""second_base_depth_pct"":0.16920000000000002,""second_dry_up_ratio"":0.7210037695962245,""rim_advance_pct"":0.2939958592132505,""atr_pct"":0.06474641148325361},""_schema_version"":""1.0""}",,,,,,,,,,
20260623T215729Z-42792d,2026-06-23T21:57:29.965335+00:00,IR,vcp,breakout_confirmed,51.7,42.6,65.0,52.8,52.0,14.9,38.1,38.9,84.0,98.0,6.39,16.24,6.34,6.24,1.94,2.67,1.94,5.04,4.9,True,risk_unclear,77.87,72.95,68.1227,104.7499,"{""trend"":{""T1_ema_stack"":{""value"":[true,false,false],""score"":33.33333333333333},""T2_ema50_slope"":{""value"":-0.2059797876528615,""score"":15.67003539118975},""T3_high_proximity"":{""value"":0.8816802536231885,""score"":40.84012681159421},""T4_rs_1m"":{""value"":0.10234342062348833,""score"":100},""T5_rs_3m"":{""value"":-0.19098896985884173,""score"":0},""T6_adr_healthy"":{""value"":3.020269955885233,""score"":100.0},""_score"":42.59},""geometry"":{""sub_contraction_count"":100.0,""sub_reduction_rate"":44.7,""sub_pivot_tightness"":68.6,""sub_volume_dryup"":0,""sub_base_depth"":85.0,""sub_base_duration"":100.0,""_score"":64.97},""compression"":{""VC1_atr_ratio"":{""value"":0.6718078247241488,""score"":82.0480438189628},""VC2_range_contraction"":{""value"":1.2882883044601388,""score"":0},""VC3_range_pct_rank"":{""score"":80.0},""_score"":52.82},""sr_quality"":{""SR1_touches"":{""value"":3,""score"":50.0},""SR2_tightness"":{""value"":0.6223789485157358,""score"":50.772147496347145},""SR3_recency"":{""value"":286,""score"":0.0},""SR4_price_location"":{""score"":57.45233968804163},""SR5_reaction"":{""value"":2.2318330466093594,""score"":100},""_score"":51.98,""_levels_found"":5,""_target_level"":79.5067},""volume"":{""V1_rvol_day"":{""value"":0.6205243815490119,""score"":8.034958769934127},""V2_rvol_sameslot"":{""value"":0.4046784415495354,""score"":0,""status"":""ok""},""V3_breakout_bar"":{""value"":0.7785044900395672,""score"":18.566966002637816},""V4_base_dryup"":{""value"":1.0650296146126255,""score"":43.497038538737456},""V5_bo_expansion"":{""value"":0.6205243815490119,""score"":0},""_score"":14.95},""readiness"":{""_distance_atr"":-1.946,""BR1_atr_distance"":{""score"":21.084635832304585},""BR2_compression"":{""score"":48.70761062574749},""BR3_retest"":{""score"":50.0},""BR4_bo_age"":{""score"":50.0},""_score"":38.11},""risk"":{""R1_stop_clarity"":{""score"":17.94541227517577},""R2_stop_distance_pct"":{""value"":12.517402722486201,""score"":0.0},""R3_stop_distance_atr"":{""value"":3.8548758894799176,""score"":100.0},""R4_rr_potential"":{""value"":2.7576760603947643,""score"":87.88380301973821},""_score"":38.86},""market"":{""M1_spy_regime"":{""score"":100.0},""M3_earnings_risk"":{""value"":null,""score"":80.0},""M4_vix"":{""value"":null,""score"":60.0},""_score"":84.0},""liquidity"":{""L1_price"":{""value"":77.87,""score"":100.0},""L2_dollar_vol"":{""value"":208593030.29851365,""score"":100.0},""L3_spread_proxy"":{""value"":0.019776550661358572,""score"":80.22344933864143},""L4_volume_zscore"":{""value"":-1.1660601550141863,""score"":100.0},""_score"":98.02},""pattern_structure"":{""n_contractions"":5,""contractions_pct"":[21.0,6.98,7.4,5.03,5.2],""descending_strict"":false,""final_low"":69.1601,""final_pivot"":72.95,""structural_low"":69.1601,""dry_up_ratio"":1.1823079213424208,""current_price"":77.87,""neckline_distance_pct"":-0.06318222678823682,""base_bars"":71},""pattern_geometry_features"":{""contraction_count"":5.0,""first_contraction_pct"":0.20998415213946106,""last_contraction_pct"":0.051952021932830744,""dry_up_ratio"":1.1823079213424208,""near_monotone"":0.0,""base_depth_pct"":0.31497523771790803},""_schema_version"":""1.0""}",,,,,,,,,,
20260623T215729Z-42792d,2026-06-23T21:57:29.965335+00:00,HPE,vcp,absent,51.67,89.7,40.8,52.1,43.6,13.2,29.9,58.0,84.0,96.0,13.45,10.19,6.26,5.23,1.71,2.09,2.9,5.04,4.8,False,,48.4,64.25,44.0689,45.935,"{""trend"":{""T1_ema_stack"":{""value"":[true,true,true],""score"":100.0},""T2_ema50_slope"":{""value"":1.1905126985899872,""score"":100},""T3_high_proximity"":{""value"":0.8619768477292965,""score"":30.98842386464823},""T4_rs_1m"":{""value"":0.4277165750321801,""score"":100},""T5_rs_3m"":{""value"":1.0837026477934397,""score"":100},""T6_adr_healthy"":{""value"":6.532857793704359,""score"":100.0},""_score"":89.65},""geometry"":{""sub_contraction_count"":100.0,""sub_reduction_rate"":0,""sub_pivot_tightness"":0,""sub_volume_dryup"":38.5,""sub_base_depth"":0.0,""sub_base_duration"":100.0,""_score"":40.77},""compression"":{""VC1_atr_ratio"":{""value"":0.5263171600226513,""score"":100},""VC2_range_contraction"":{""value"":0.9599313957435986,""score"":6.678100709400225},""VC3_range_pct_rank"":{""score"":39.16666666666667},""_score"":52.13},""sr_quality"":{""SR1_touches"":{""value"":4,""score"":75.0},""SR2_tightness"":{""value"":1.0211903287340716,""score"":48.91247665317595},""SR3_recency"":{""value"":270,""score"":0.0},""SR4_price_location"":{""score"":30.0},""SR5_reaction"":{""value"":0.8313932816740601,""score"":41.569664083703},""_score"":43.57,""_levels_found"":2,""_target_level"":25.0912},""volume"":{""V1_rvol_day"":{""value"":0.5313149645610977,""score"":2.087664304073182},""V2_rvol_sameslot"":{""value"":0.7266288445434325,""score"":15.108589636228832,""status"":""ok""},""V3_breakout_bar"":{""value"":0.9292389055548814,""score"":28.615927036992094},""V4_base_dryup"":{""value"":1.3721858945343821,""score"":12.781410546561787},""V5_bo_expansion"":{""value"":0.5313149645610976,""score"":0},""_score"":13.15},""readiness"":{""_distance_atr"":3.965,""BR1_atr_distance"":{""score"":0},""BR2_compression"":{""score"":49.50597019550106},""BR3_retest"":{""score"":50.0},""BR4_bo_age"":{""score"":50.0},""_score"":29.88},""risk"":{""R1_stop_clarity"":{""score"":66.4265945795283},""R2_stop_distance_pct"":{""value"":8.948553719008263,""score"":76.28615702479343},""R3_stop_distance_atr"":{""value"":1.08336891831772,""score"":79.168445915886},""R4_rr_potential"":{""value"":-0.5691394795779355,""score"":0.0},""_score"":58.01},""market"":{""M1_spy_regime"":{""score"":100.0},""M3_earnings_risk"":{""value"":null,""score"":80.0},""M4_vix"":{""value"":null,""score"":60.0},""_score"":84.0},""liquidity"":{""L1_price"":{""value"":48.4,""score"":100.0},""L2_dollar_vol"":{""value"":1126656690.7912447,""score"":100.0},""L3_spread_proxy"":{""value"":0.03966942148760334,""score"":60.330578512396656},""L4_volume_zscore"":{""value"":-0.5807557660486506,""score"":100.0},""_score"":96.03},""pattern_structure"":{""n_contractions"":5,""contractions_pct"":[15.63,7.16,7.71,8.11,30.37],""descending_strict"":false,""final_low"":44.74,""final_pivot"":64.25,""structural_low"":44.74,""dry_up_ratio"":0.8075609711681717,""current_price"":48.4,""neckline_distance_pct"":0.32747933884297525,""base_bars"":54},""pattern_geometry_features"":{""contraction_count"":5.0,""first_contraction_pct"":0.15629139072847678,""last_contraction_pct"":0.3036575875486381,""dry_up_ratio"":0.8075609711681717,""near_monotone"":0.0,""base_depth_pct"":-0.6930936613055819},""_schema_version"":""1.0""}",,,,,,,,,,
20260623T215729Z-42792d,2026-06-23T21:57:29.965335+00:00,NNE,bull_flag,absent,51.6,66.8,44.9,48.2,58.0,18.5,47.5,74.0,84.0,90.6,9.35,13.46,4.34,5.8,2.58,4.27,2.22,5.04,4.53,False,,25.64,28.6955,25.3342,34.491,"{""trend"":{""T1_ema_stack"":{""value"":[true,true,false],""score"":66.66666666666666},""T2_ema50_slope"":{""value"":0.05374571853186251,""score"":58.95761975531042},""T3_high_proximity"":{""value"":0.8387307818122343,""score"":19.365390906117106},""T4_rs_1m"":{""value"":0.050473908196753126,""score"":100},""T5_rs_3m"":{""value"":0.06742546325211118,""score"":83.71273162605559},""T6_adr_healthy"":{""value"":9.712603419473172,""score"":57.184914513170696},""_score"":66.78},""geometry"":{""sub_pole_impulse"":32.3,""sub_flag_tightness"":46.1,""sub_flag_shallowness"":18.1,""sub_flag_drift"":66.9,""sub_flag_duration"":100.0,""_score"":44.87},""compression"":{""VC1_atr_ratio"":{""value"":0.6528498347965203,""score"":86.78754130086993},""VC2_range_contraction"":{""value"":0.9857737635204866,""score"":2.3710394132522294},""VC3_range_pct_rank"":{""score"":50.83333333333333},""_score"":48.25},""sr_quality"":{""SR1_touches"":{""value"":3,""score"":50.0},""SR2_tightness"":{""value"":0.2762044331448884,""score"":80.47473256433703},""SR3_recency"":{""value"":230,""score"":0.0},""SR4_price_location"":{""score"":80.66002798123608},""SR5_reaction"":{""value"":1.4385692068429237,""score"":71.92846034214618},""_score"":58.03,""_levels_found"":5,""_target_level"":26.4233},""volume"":{""V1_rvol_day"":{""value"":0.925281087987938,""score"":28.3520725325292},""V2_rvol_sameslot"":{""value"":0.6708531630439509,""score"":11.390210869596729,""status"":""ok""},""V3_breakout_bar"":{""value"":0.48771706322222047,""score"":0},""V4_base_dryup"":{""value"":0.9743616655022791,""score"":52.56383344977209},""V5_bo_expansion"":{""value"":0.9252810879879381,""score"":0},""_score"":18.46},""readiness"":{""_distance_atr"":1.08,""BR1_atr_distance"":{""score"":28.00084829633822},""BR2_compression"":{""score"":75.03735835171504},""BR3_retest"":{""score"":50.0},""BR4_bo_age"":{""score"":50.0},""_score"":47.46},""risk"":{""R1_stop_clarity"":{""score"":72.72727272727275},""R2_stop_distance_pct"":{""value"":1.1926677067082736,""score"":79.81669266770683},""R3_stop_distance_atr"":{""value"":0.10808709175738773,""score"":30.404354587869385},""R4_rr_potential"":{""value"":28.943754087638844,""score"":100.0},""_score"":73.96},""market"":{""M1_spy_regime"":{""score"":100.0},""M3_earnings_risk"":{""value"":null,""score"":80.0},""M4_vix"":{""value"":null,""score"":60.0},""_score"":84.0},""liquidity"":{""L1_price"":{""value"":25.64,""score"":100.0},""L2_dollar_vol"":{""value"":81394586.27800465,""score"":95.5297760013536},""L3_spread_proxy"":{""value"":0.07585803432137286,""score"":24.14196567862713},""L4_volume_zscore"":{""value"":-0.19780821595728706,""score"":100.0},""_score"":90.63},""pattern_structure"":{""pole_low"":22.9,""pole_low_idx"":24,""peak_price"":28.6955,""peak_idx"":49,""pole_gain"":0.25307860262008736,""flag_bars"":10,""flag_low"":25.72,""flag_high"":28.0699,""structural_low"":25.72,""current_price"":26.05,""neckline_distance_pct"":0.10155470249520147,""base_bars"":10},""pattern_geometry_features"":{""pole_gain"":0.25307860262008736,""pullback_pct"":0.10369221654963323,""flag_range_pct"":0.08189088881531953,""flag_drift_per_bar"":-0.00662941894957249,""atr_pct"":0.11034321372854915,""pole_atr_multiple"":2.293558380877647},""_schema_version"":""1.0""}",,,,,,,,,,
20260623T215729Z-42792d,2026-06-23T21:57:29.965335+00:00,TT,vcp,setup,51.41,86.9,42.3,32.5,47.4,39.4,32.2,19.0,84.0,97.2,13.04,10.57,3.9,5.68,5.13,2.25,0.95,5.04,4.86,True,risk_unclear,491.59,471.79,432.8287,469.365,"{""trend"":{""T1_ema_stack"":{""value"":[true,true,true],""score"":100.0},""T2_ema50_slope"":{""value"":0.023613918024063218,""score"":53.93565300401053},""T3_high_proximity"":{""value"":0.9980712226418158,""score"":99.03561132090788},""T4_rs_1m"":{""value"":0.08409883227752069,""score"":100},""T5_rs_3m"":{""value"":0.050207729568728876,""score"":75.10386478436445},""T6_adr_healthy"":{""value"":2.6480656408744068,""score"":100.0},""_score"":86.91},""geometry"":{""sub_contraction_count"":100.0,""sub_reduction_rate"":2.1,""sub_pivot_tightness"":44.9,""sub_volume_dryup"":0.1,""sub_base_depth"":0.0,""sub_base_duration"":100.0,""_score"":42.27},""compression"":{""VC1_atr_ratio"":{""value"":0.7418047558068038,""score"":64.54881104829904},""VC2_range_contraction"":{""value"":1.4229988253156198,""score"":0},""VC3_range_pct_rank"":{""score"":26.66666666666667},""_score"":32.49},""sr_quality"":{""SR1_touches"":{""value"":3,""score"":50.0},""SR2_tightness"":{""value"":2.5245505650621474,""score"":65.68983436367574},""SR3_recency"":{""value"":247,""score"":0.0},""SR4_price_location"":{""score"":30.0},""SR5_reaction"":{""value"":2.0707549466965225,""score"":100},""_score"":47.35,""_levels_found"":7,""_target_level"":479.0567},""volume"":{""V1_rvol_day"":{""value"":1.136626377960498,""score"":42.441758530699865},""V2_rvol_sameslot"":{""value"":1.0692645619833956,""score"":37.95097079889304,""status"":""ok""},""V3_breakout_bar"":{""value"":1.0812110098956458,""score"":38.74740065970972},""V4_base_dryup"":{""value"":0.88488095544801,""score"":61.511904455198994},""V5_bo_expansion"":{""value"":1.1366263779604977,""score"":9.108425197366515},""_score"":39.43},""readiness"":{""_distance_atr"":-1.345,""BR1_atr_distance"":{""score"":33.09060515559548},""BR2_compression"":{""score"":5.867261853343335},""BR3_retest"":{""score"":50.0},""BR4_bo_age"":{""score"":50.0},""_score"":32.2},""risk"":{""R1_stop_clarity"":{""score"":10.420255435392107},""R2_stop_distance_pct"":{""value"":11.953314754165048,""score"":1.167131145873812},""R3_stop_distance_atr"":{""value"":3.9930076345214887,""score"":100.0},""R4_rr_potential"":{""value"":-0.3782251243590592,""score"":0.0},""_score"":19.0},""market"":{""M1_spy_regime"":{""score"":100.0},""M3_earnings_risk"":{""value"":null,""score"":80.0},""M4_vix"":{""value"":null,""score"":60.0},""_score"":84.0},""liquidity"":{""L1_price"":{""value"":491.59,""score"":100.0},""L2_dollar_vol"":{""value"":799844604.3289329,""score"":100.0},""L3_spread_proxy"":{""value"":0.0282755955165891,""score"":71.7244044834109},""L4_volume_zscore"":{""value"":0.4943666624629528,""score"":100.0},""_score"":97.17},""pattern_structure"":{""n_contractions"":5,""contractions_pct"":[7.75,7.83,7.86,5.54,6.86],""descending_strict"":false,""final_low"":439.42,""final_pivot"":471.79,""structural_low"":439.42,""dry_up_ratio"":0.9993109436252986,""current_price"":491.59,""neckline_distance_pct"":-0.04027746699485334,""base_bars"":53},""pattern_geometry_features"":{""contraction_count"":5.0,""first_contraction_pct"":0.07747228229155945,""last_contraction_pct"":0.06861103457046568,""dry_up_ratio"":0.9993109436252986,""near_monotone"":0.0,""base_depth_pct"":-0.005549262577375053},""_schema_version"":""1.0""}",,,,,,,,,,
20260623T215729Z-42792d,2026-06-23T21:57:29.965335+00:00,VZ,double_bottom,forming,51.34,28.3,57.7,54.4,56.1,35.0,28.6,61.1,84.0,98.4,4.24,14.44,4.35,7.86,4.54,2.29,3.67,5.04,4.92,True,risk_unclear,45.36,48.21,44.1222,51.6259,"{""trend"":{""T1_ema_stack"":{""value"":[false,false,true],""score"":33.33333333333333},""T2_ema50_slope"":{""value"":-0.056115344860605716,""score"":40.64744252323238},""T3_high_proximity"":{""value"":0.8909840895698291,""score"":45.49204478491453},""T4_rs_1m"":{""value"":-0.05567899860564818,""score"":0},""T5_rs_3m"":{""value"":-0.24017738831505586,""score"":0},""T6_adr_healthy"":{""value"":2.231705652368783,""score"":100.0},""_score"":28.29},""geometry"":{""sub_low_similarity"":84.2,""sub_bounce_quality"":66.1,""sub_separation_fit"":0.0,""sub_right_bottom_reaction"":88.4,""sub_base_context"":30.0,""_score"":57.74},""compression"":{""VC1_atr_ratio"":{""value"":0.5660090349192213,""score"":100},""VC2_range_contraction"":{""value"":1.0398465570140316,""score"":0},""VC3_range_pct_rank"":{""score"":57.49999999999999},""_score"":54.38},""sr_quality"":{""SR1_touches"":{""value"":3,""score"":50.0},""SR2_tightness"":{""value"":0.20700456248326726,""score"":67.23648591623058},""SR3_recency"":{""value"":245,""score"":0.0},""SR4_price_location"":{""score"":64.08982511923692},""SR5_reaction"":{""value"":2.514715746791174,""score"":100},""_score"":56.11,""_levels_found"":5,""_target_level"":45.9623},""volume"":{""V1_rvol_day"":{""value"":0.757465420216396,""score"":17.16436134775973},""V2_rvol_sameslot"":{""value"":1.013713945652585,""score"":34.247596376839,""status"":""ok""},""V3_breakout_bar"":{""value"":1.143472480662387,""score"":42.89816537749247},""V4_base_dryup"":{""value"":0.8021470293197764,""score"":69.78529706802236},""V5_bo_expansion"":{""value"":0.757465420216396,""score"":0},""_score"":34.96},""readiness"":{""_distance_atr"":2.255,""BR1_atr_distance"":{""score"":0},""BR2_compression"":{""score"":44.51896163734174},""BR3_retest"":{""score"":50.0},""BR4_bo_age"":{""score"":50.0},""_score"":28.63},""risk"":{""R1_stop_clarity"":{""score"":0},""R2_stop_distance_pct"":{""value"":2.7288613315696635,""score"":100.0},""R3_stop_distance_atr"":{""value"":0.9795690980622691,""score"":73.97845490311346},""R4_rr_potential"":{""value"":5.06207932306333,""score"":100.0},""_score"":61.1},""market"":{""M1_spy_regime"":{""score"":100.0},""M3_earnings_risk"":{""value"":null,""score"":80.0},""M4_vix"":{""value"":null,""score"":60.0},""_score"":84.0},""liquidity"":{""L1_price"":{""value"":45.36,""score"":100.0},""L2_dollar_vol"":{""value"":875130872.9783105,""score"":100.0},""L3_spread_proxy"":{""value"":0.016203703703703692,""score"":83.7962962962963},""L4_volume_zscore"":{""value"":-0.5257047504122995,""score"":100.0},""_score"":98.38},""pattern_structure"":{""left_low"":44.7941,""left_idx"":26,""right_low"":45.15,""right_idx"":74,""separation_bars"":48,""structural_low"":44.7941,""current_price"":45.3451,""neckline_distance_pct"":0.06317992462250603,""base_bars"":48},""pattern_geometry_features"":{""low_similarity_pct"":0.007913804240633869,""bounce_pct"":0.0762578107384678,""right_bottom_reaction"":0.8843537414965974,""atr_pct"":0.027857772738725122},""_schema_version"":""1.0""}",,,,,,,,,,
20260623T215729Z-42792d,2026-06-23T21:57:29.965335+00:00,HPE,bull_flag,absent,51.32,89.7,35.1,52.1,43.6,13.3,56.2,80.5,84.0,96.0,12.55,10.54,4.69,4.36,1.87,5.06,2.42,5.04,4.8,False,,48.4,50.45,46.2261,56.16,"{""trend"":{""T1_ema_stack"":{""value"":[true,true,true],""score"":100.0},""T2_ema50_slope"":{""value"":1.1905126985899872,""score"":100},""T3_high_proximity"":{""value"":0.8619768477292965,""score"":30.98842386464823},""T4_rs_1m"":{""value"":0.4277165750321801,""score"":100},""T5_rs_3m"":{""value"":1.0837026477934397,""score"":100},""T6_adr_healthy"":{""value"":6.532857793704359,""score"":100.0},""_score"":89.65},""geometry"":{""sub_pole_impulse"":13.6,""sub_flag_tightness"":24.2,""sub_flag_shallowness"":0,""sub_flag_drift"":100,""sub_flag_duration"":100.0,""_score"":35.13},""compression"":{""VC1_atr_ratio"":{""value"":0.5263171600226513,""score"":100},""VC2_range_contraction"":{""value"":0.9599313957435986,""score"":6.678100709400225},""VC3_range_pct_rank"":{""score"":39.16666666666667},""_score"":52.13},""sr_quality"":{""SR1_touches"":{""value"":4,""score"":75.0},""SR2_tightness"":{""value"":1.0211903287340716,""score"":48.91247665317595},""SR3_recency"":{""value"":270,""score"":0.0},""SR4_price_location"":{""score"":30.0},""SR5_reaction"":{""value"":0.8313932816740601,""score"":41.569664083703},""_score"":43.57,""_levels_found"":2,""_target_level"":25.0912},""volume"":{""V1_rvol_day"":{""value"":0.5313149645610977,""score"":2.087664304073182},""V2_rvol_sameslot"":{""value"":0.7266288445434325,""score"":15.108589636228832,""status"":""ok""},""V3_breakout_bar"":{""value"":0.9292389055548814,""score"":28.615927036992094},""V4_base_dryup"":{""value"":1.3630078869815405,""score"":13.69921130184595},""V5_bo_expansion"":{""value"":0.5313149645610976,""score"":0},""_score"":13.33},""readiness"":{""_distance_atr"":0.513,""BR1_atr_distance"":{""score"":65.81459240452648},""BR2_compression"":{""score"":49.50597019550106},""BR3_retest"":{""score"":50.0},""BR4_bo_age"":{""score"":50.0},""_score"":56.2},""risk"":{""R1_stop_clarity"":{""score"":64.78319364365828},""R2_stop_distance_pct"":{""value"":4.491632231404955,""score"":100.0},""R3_stop_distance_atr"":{""value"":0.5437856110403374,""score"":52.18928055201687},""R4_rr_potential"":{""value"":3.5695393178316026,""score"":100.0},""_score"":80.5},""market"":{""M1_spy_regime"":{""score"":100.0},""M3_earnings_risk"":{""value"":null,""score"":80.0},""M4_vix"":{""value"":null,""score"":60.0},""_score"":84.0},""liquidity"":{""L1_price"":{""value"":48.4,""score"":100.0},""L2_dollar_vol"":{""value"":1126656690.7912447,""score"":100.0},""L3_spread_proxy"":{""value"":0.03966942148760334,""score"":60.330578512396656},""L4_volume_zscore"":{""value"":-0.5807557660486506,""score"":100.0},""_score"":96.03},""pattern_structure"":{""pole_low"":44.74,""pole_low_idx"":21,""peak_price"":50.45,""peak_idx"":45,""pole_gain"":0.12762628520339742,""flag_bars"":14,""flag_low"":46.93,""flag_high"":49.86,""structural_low"":46.93,""current_price"":47.825,""neckline_distance_pct"":0.05488761108207004,""base_bars"":14},""pattern_geometry_features"":{""pole_gain"":0.12762628520339742,""pullback_pct"":0.06977205153617448,""flag_range_pct"":0.05807730426164518,""flag_drift_per_bar"":0.00011048522831057849,""atr_pct"":0.08259932113341208,""pole_atr_multiple"":1.545125110619966},""_schema_version"":""1.0""}",,,,,,,,,,
20260623T215729Z-42792d,2026-06-23T21:57:29.965335+00:00,IR,inverse_head_shoulders,forming,51.09,42.6,58.9,52.8,52.0,13.7,69.3,23.6,84.0,98.0,5.11,16.5,4.23,7.28,1.92,5.54,1.41,4.2,4.9,True,risk_unclear,77.87,77.905,68.7924,85.97,"{""trend"":{""T1_ema_stack"":{""value"":[true,false,false],""score"":33.33333333333333},""T2_ema50_slope"":{""value"":-0.2059797876528615,""score"":15.67003539118975},""T3_high_proximity"":{""value"":0.8816802536231885,""score"":40.84012681159421},""T4_rs_1m"":{""value"":0.10234342062348833,""score"":100},""T5_rs_3m"":{""value"":-0.19098896985884173,""score"":0},""T6_adr_healthy"":{""value"":3.020269955885233,""score"":100.0},""_score"":42.59},""geometry"":{""sub_head_depth"":80.4,""sub_shoulder_price_sym"":30.0,""sub_shoulder_time_sym"":0,""sub_right_shoulder_reaction"":94.3,""sub_base_context"":100.0,""_score"":58.94},""compression"":{""VC1_atr_ratio"":{""value"":0.6718078247241488,""score"":82.0480438189628},""VC2_range_contraction"":{""value"":1.2882883044601388,""score"":0},""VC3_range_pct_rank"":{""score"":80.0},""_score"":52.82},""sr_quality"":{""SR1_touches"":{""value"":3,""score"":50.0},""SR2_tightness"":{""value"":0.6223789485157358,""score"":50.772147496347145},""SR3_recency"":{""value"":286,""score"":0.0},""SR4_price_location"":{""score"":57.45233968804163},""SR5_reaction"":{""value"":2.2318330466093594,""score"":100},""_score"":51.98,""_levels_found"":5,""_target_level"":79.5067},""volume"":{""V1_rvol_day"":{""value"":0.6205243815490119,""score"":8.034958769934127},""V2_rvol_sameslot"":{""value"":0.4046784415495354,""score"":0,""status"":""ok""},""V3_breakout_bar"":{""value"":0.7785044900395672,""score"":18.566966002637816},""V4_base_dryup"":{""value"":1.1272796945688253,""score"":37.272030543117474},""V5_bo_expansion"":{""value"":0.6205243815490119,""score"":0},""_score"":13.7},""readiness"":{""_distance_atr"":0.014,""BR1_atr_distance"":{""score"":99.07721019927561},""BR2_compression"":{""score"":48.70761062574749},""BR3_retest"":{""score"":50.0},""BR4_bo_age"":{""score"":50.0},""_score"":69.31},""risk"":{""R1_stop_clarity"":{""score"":17.13874897951665},""R2_stop_distance_pct"":{""value"":11.657377680749972,""score"":8.565557981250693},""R3_stop_distance_atr"":{""value"":3.590021440738536,""score"":100.0},""R4_rr_potential"":{""value"":0.8923063364766007,""score"":0.0},""_score"":23.57},""market"":{""M1_spy_regime"":{""score"":100.0},""M3_earnings_risk"":{""value"":null,""score"":80.0},""M4_vix"":{""value"":null,""score"":60.0},""_score"":84.0},""liquidity"":{""L1_price"":{""value"":77.87,""score"":100.0},""L2_dollar_vol"":{""value"":208593030.29851365,""score"":100.0},""L3_spread_proxy"":{""value"":0.019776550661358572,""score"":80.22344933864143},""L4_volume_zscore"":{""value"":-1.1660601550141863,""score"":100.0},""_score"":98.02},""pattern_structure"":{""left_shoulder"":72.25,""left_shoulder_idx"":49,""head"":69.84,""head_idx"":58,""right_shoulder"":76.41,""right_shoulder_idx"":76,""left_to_head_bars"":9,""head_to_right_bars"":18,""structural_low"":69.84,""current_price"":77.26,""neckline_distance_pct"":0.008348433859694486,""base_bars"":27},""pattern_geometry_features"":{""head_depth_pct"":0.060406296246468386,""shoulder_price_asymmetry"":0.0559666352751244,""shoulder_time_asymmetry"":0.5,""right_shoulder_reaction"":0.9434782608695671,""atr_pct"":0.03247161019281218},""_schema_version"":""1.0""}",,,,,,,,,,
20260623T215729Z-42792d,2026-06-23T21:57:29.965335+00:00,AOSL,vcp,absent,51.02,91.4,36.7,50.0,43.0,15.8,50.4,42.8,84.0,84.4,13.7,9.19,6.0,5.15,2.05,3.53,2.14,5.04,4.22,False,,49.36,54.34,37.2133,40.27,"{""trend"":{""T1_ema_stack"":{""value"":[true,true,true],""score"":100.0},""T2_ema50_slope"":{""value"":0.6306404679575346,""score"":100},""T3_high_proximity"":{""value"":0.9257314328582146,""score"":62.865716429107266},""T4_rs_1m"":{""value"":0.21152745910831605,""score"":100},""T5_rs_3m"":{""value"":1.2230568967534385,""score"":100},""T6_adr_healthy"":{""value"":10.45501935034868,""score"":38.624516241283004},""_score"":91.36},""geometry"":{""sub_contraction_count"":100.0,""sub_reduction_rate"":0,""sub_pivot_tightness"":0,""sub_volume_dryup"":11.6,""sub_base_depth"":0.0,""sub_base_duration"":100.0,""_score"":36.74},""compression"":{""VC1_atr_ratio"":{""value"":0.5952739147507145,""score"":100},""VC2_range_contraction"":{""value"":1.0197807106760135,""score"":0},""VC3_range_pct_rank"":{""score"":40.0},""_score"":50.0},""sr_quality"":{""SR1_touches"":{""value"":3,""score"":50.0},""SR2_tightness"":{""value"":1.2428326096283275,""score"":54.64144124504771},""SR3_recency"":{""value"":236,""score"":0.0},""SR4_price_location"":{""score"":30.0},""SR5_reaction"":{""value"":1.6344054066383826,""score"":81.72027033191912},""_score"":42.95,""_levels_found"":3,""_target_level"":44.2333},""volume"":{""V1_rvol_day"":{""value"":0.6627249902479962,""score"":10.84833268319975},""V2_rvol_sameslot"":{""value"":0.7815353667301831,""score"":18.769024448678874,""status"":""ok""},""V3_breakout_bar"":{""value"":1.091448660142024,""score"":39.429910676134924},""V4_base_dryup"":{""value"":3.1908792079004833,""score"":0},""V5_bo_expansion"":{""value"":0.6627249902479962,""score"":0},""_score"":15.78},""readiness"":{""_distance_atr"":0.909,""BR1_atr_distance"":{""score"":39.41645322958005},""BR2_compression"":{""score"":68.45915115567863},""BR3_retest"":{""score"":50.0},""BR4_bo_age"":{""score"":50.0},""_score"":50.38},""risk"":{""R1_stop_clarity"":{""score"":79.31765303927904},""R2_stop_distance_pct"":{""value"":24.608387358184753,""score"":0.0},""R3_stop_distance_atr"":{""value"":2.2165366492658407,""score"":100.0},""R4_rr_potential"":{""value"":-0.7483514040850601,""score"":0.0},""_score"":42.76},""market"":{""M1_spy_regime"":{""score"":100.0},""M3_earnings_risk"":{""value"":null,""score"":80.0},""M4_vix"":{""value"":null,""score"":60.0},""_score"":84.0},""liquidity"":{""L1_price"":{""value"":49.36,""score"":100.0},""L2_dollar_vol"":{""value"":35581268.33531432,""score"":77.56107124755633},""L3_spread_proxy"":{""value"":0.06604538087520255,""score"":33.954619124797446},""L4_volume_zscore"":{""value"":-0.6549514381613912,""score"":100.0},""_score"":84.42},""pattern_structure"":{""n_contractions"":5,""contractions_pct"":[12.46,18.29,29.96,16.63,30.47],""descending_strict"":false,""final_low"":37.78,""final_pivot"":54.34,""structural_low"":37.78,""dry_up_ratio"":0.9419295793576219,""current_price"":49.36,""neckline_distance_pct"":0.10089141004862245,""base_bars"":53},""pattern_geometry_features"":{""contraction_count"":5.0,""first_contraction_pct"":0.12463095740194019,""last_contraction_pct"":0.30474788369525213,""dry_up_ratio"":0.9419295793576219,""near_monotone"":0.0,""base_depth_pct"":-0.5934204976803037},""_schema_version"":""1.0""}",,,,,,,,,,
20260623T215729Z-42792d,2026-06-23T21:57:29.965335+00:00,PL,double_bottom,forming,51.0,20.1,65.6,54.3,44.5,17.8,52.8,80.7,84.0,91.6,3.02,16.41,4.34,6.23,2.32,4.22,4.84,5.04,4.58,False,,28.77,31.25,26.3094,35.79,"{""trend"":{""T1_ema_stack"":{""value"":[false,false,true],""score"":33.33333333333333},""T2_ema50_slope"":{""value"":-0.005457100525636553,""score"":49.09048324572724},""T3_high_proximity"":{""value"":0.559727626459144,""score"":0},""T4_rs_1m"":{""value"":-0.3298338373380959,""score"":0},""T5_rs_3m"":{""value"":-0.297311799868622,""score"":0},""T6_adr_healthy"":{""value"":10.420421386281642,""score"":39.48946534295894},""_score"":20.13},""geometry"":{""sub_low_similarity"":75.1,""sub_bounce_quality"":100,""sub_separation_fit"":100.0,""sub_right_bottom_reaction"":14.0,""sub_base_context"":30.0,""_score"":65.63},""compression"":{""VC1_atr_ratio"":{""value"":0.3493169586129036,""score"":100},""VC2_range_contraction"":{""value"":0.9907286658264501,""score"":1.5452223622583103},""VC3_range_pct_rank"":{""score"":55.00000000000001},""_score"":54.29},""sr_quality"":{""SR1_touches"":{""value"":3,""score"":50.0},""SR2_tightness"":{""value"":0.6861381202061287,""score"":65.52737917673603},""SR3_recency"":{""value"":258,""score"":0.0},""SR4_price_location"":{""score"":25.09398683189786},""SR5_reaction"":{""value"":1.7842270342431827,""score"":89.21135171215914},""_score"":44.48,""_levels_found"":5,""_target_level"":31.7826},""volume"":{""V1_rvol_day"":{""value"":0.8874241991824307,""score"":25.828279945495375},""V2_rvol_sameslot"":{""value"":1.0074865295197177,""score"":33.83243530131452,""status"":""ok""},""V3_breakout_bar"":{""value"":0.854693381496332,""score"":23.646225433088798},""V4_base_dryup"":{""value"":1.8150235368470742,""score"":0},""V5_bo_expansion"":{""value"":0.8874241991824307,""score"":0},""_score"":17.84},""readiness"":{""_distance_atr"":0.623,""BR1_atr_distance"":{""score"":58.467011658424674},""BR2_compression"":{""score"":47.49990096789821},""BR3_retest"":{""score"":50.0},""BR4_bo_age"":{""score"":50.0},""_score"":52.76},""risk"":{""R1_stop_clarity"":{""score"":79.87073575114664},""R2_stop_distance_pct"":{""value"":8.552832811956891,""score"":86.17917970107771},""R3_stop_distance_atr"":{""value"":0.6181339582421203,""score"":55.906697912106004},""R4_rr_potential"":{""value"":2.852904720297485,""score"":92.64523601487424},""_score"":80.72},""market"":{""M1_spy_regime"":{""score"":100.0},""M3_earnings_risk"":{""value"":null,""score"":80.0},""M4_vix"":{""value"":null,""score"":60.0},""_score"":84.0},""liquidity"":{""L1_price"":{""value"":28.77,""score"":100.0},""L2_dollar_vol"":{""value"":438255563.1268048,""score"":100.0},""L3_spread_proxy"":{""value"":0.08428919012860621,""score"":15.710809871393792},""L4_volume_zscore"":{""value"":-0.2832768264437084,""score"":100.0},""_score"":91.57},""pattern_structure"":{""left_low"":27.0442,""left_idx"":56,""right_low"":26.71,""right_idx"":74,""separation_bars"":18,""structural_low"":26.71,""current_price"":28.8769,""neckline_distance_pct"":0.08217987387842882,""base_bars"":18},""pattern_geometry_features"":{""low_similarity_pct"":0.012434377220756673,""bounce_pct"":0.169973792587046,""right_bottom_reaction"":0.14000000000000057,""atr_pct"":0.1383653607428373},""_schema_version"":""1.0""}",,,,,,,,,,
20260623T215729Z-42792d,2026-06-23T21:57:29.965335+00:00,BWXT,vcp,setup,50.98,46.0,44.3,55.0,55.0,32.4,64.0,24.8,84.0,96.7,6.9,11.07,6.6,6.6,4.21,4.48,1.24,5.04,4.83,True,risk_unclear,210.0,208.83,179.7625,239.1999,"{""trend"":{""T1_ema_stack"":{""value"":[true,false,true],""score"":66.66666666666666},""T2_ema50_slope"":{""value"":-0.2516604438316271,""score"":8.056592694728813},""T3_high_proximity"":{""value"":0.8807985907222549,""score"":40.39929536112741},""T4_rs_1m"":{""value"":0.03198220896478188,""score"":81.98220896478188},""T5_rs_3m"":{""value"":-0.096426270846792,""score"":1.7868645766039961},""T6_adr_healthy"":{""value"":3.5530634218742083,""score"":100.0},""_score"":46.0},""geometry"":{""sub_contraction_count"":100.0,""sub_reduction_rate"":0,""sub_pivot_tightness"":0,""sub_volume_dryup"":0,""sub_base_depth"":92.7,""sub_base_duration"":100.0,""_score"":44.27},""compression"":{""VC1_atr_ratio"":{""value"":0.4903286915462002,""score"":100},""VC2_range_contraction"":{""value"":1.181648144769623,""score"":0},""VC3_range_pct_rank"":{""score"":60.0},""_score"":55.0},""sr_quality"":{""SR1_touches"":{""value"":3,""score"":50.0},""SR2_tightness"":{""value"":1.3883157669957082,""score"":63.532380376395025},""SR3_recency"":{""value"":263,""score"":0.0},""SR4_price_location"":{""score"":61.96084636202123},""SR5_reaction"":{""value"":2.039450070593975,""score"":100},""_score"":55.02,""_levels_found"":7,""_target_level"":213.8466},""volume"":{""V1_rvol_day"":{""value"":1.08120762355643,""score"":38.747174903762},""V2_rvol_sameslot"":{""value"":1.1156289144272624,""score"":41.04192762848416,""status"":""ok""},""V3_breakout_bar"":{""value"":0.8622943887560651,""score"":24.15295925040434},""V4_base_dryup"":{""value"":1.0206722410968827,""score"":47.93277589031173},""V5_bo_expansion"":{""value"":1.08120762355643,""score"":5.413841570428671},""_score"":32.39},""readiness"":{""_distance_atr"":-0.154,""BR1_atr_distance"":{""score"":100.0},""BR2_compression"":{""score"":25.997603398742577},""BR3_retest"":{""score"":50.0},""BR4_bo_age"":{""score"":50.0},""_score"":64.0},""risk"":{""R1_stop_clarity"":{""score"":28.092649314464182},""R2_stop_distance_pct"":{""value"":14.39880952380953,""score"":0.0},""R3_stop_distance_atr"":{""value"":3.971321491057317,""score"":100.0},""R4_rr_potential"":{""value"":0.9656849937990907,""score"":0.0},""_score"":24.83},""market"":{""M1_spy_regime"":{""score"":100.0},""M3_earnings_risk"":{""value"":null,""score"":80.0},""M4_vix"":{""value"":null,""score"":60.0},""_score"":84.0},""liquidity"":{""L1_price"":{""value"":210.0,""score"":100.0},""L2_dollar_vol"":{""value"":232239408.30195,""score"":100.0},""L3_spread_proxy"":{""value"":0.03314285714285704,""score"":66.85714285714295},""L4_volume_zscore"":{""value"":0.20391615233217925,""score"":100.0},""_score"":96.69},""pattern_structure"":{""n_contractions"":5,""contractions_pct"":[7.35,14.98,11.98,12.28,12.61],""descending_strict"":false,""final_low"":182.5,""final_pivot"":208.83,""structural_low"":182.5,""dry_up_ratio"":1.0391751884828133,""current_price"":210.0,""neckline_distance_pct"":-0.005571428571428512,""base_bars"":52},""pattern_geometry_features"":{""contraction_count"":5.0,""first_contraction_pct"":0.07351861395152627,""last_contraction_pct"":0.12608341713355367,""dry_up_ratio"":1.0391751884828133,""near_monotone"":0.0,""base_depth_pct"":0.14266883199550523},""_schema_version"":""1.0""}",,,,,,,,,,
20260623T215729Z-42792d,2026-06-23T21:57:29.965335+00:00,GD,double_bottom,forming,50.4,55.4,53.3,31.6,37.9,41.3,24.0,61.8,84.0,97.8,8.31,13.32,2.53,5.31,5.37,1.92,3.71,5.04,4.89,True,risk_unclear,343.36,367.0,334.1809,394.73,"{""trend"":{""T1_ema_stack"":{""value"":[false,true,true],""score"":66.66666666666666},""T2_ema50_slope"":{""value"":0.0525567666596101,""score"":58.75946110993502},""T3_high_proximity"":{""value"":0.943011727225289,""score"":71.50586361264449},""T4_rs_1m"":{""value"":0.00638937220726965,""score"":56.38937220726965},""T5_rs_3m"":{""value"":-0.15473908319949914,""score"":0},""T6_adr_healthy"":{""value"":2.0253473766696386,""score"":100.0},""_score"":55.42},""geometry"":{""sub_low_similarity"":74.3,""sub_bounce_quality"":73.9,""sub_separation_fit"":0.0,""sub_right_bottom_reaction"":68.2,""sub_base_context"":30.0,""_score"":53.3},""compression"":{""VC1_atr_ratio"":{""value"":0.7835088436192994,""score"":54.12278909517515},""VC2_range_contraction"":{""value"":1.5677316999457795,""score"":0},""VC3_range_pct_rank"":{""score"":40.0},""_score"":31.65},""sr_quality"":{""SR1_touches"":{""value"":3,""score"":50.0},""SR2_tightness"":{""value"":1.8660296532120428,""score"":56.59855439636403},""SR3_recency"":{""value"":238,""score"":0.0},""SR4_price_location"":{""score"":12.380602498163146},""SR5_reaction"":{""value"":1.5087150946269603,""score"":75.43575473134801},""_score"":37.9,""_levels_found"":5,""_target_level"":351.31},""volume"":{""V1_rvol_day"":{""value"":1.2844023427145426,""score"":52.293489514302834},""V2_rvol_sameslot"":{""value"":1.364601295516655,""score"":57.64008636777701,""status"":""ok""},""V3_breakout_bar"":{""value"":0.9123007680545925,""score"":27.486717870306165},""V4_base_dryup"":{""value"":1.0218637835261433,""score"":47.81362164738567},""V5_bo_expansion"":{""value"":1.2844023427145426,""score"":18.960156180969502},""_score"":41.27},""readiness"":{""_distance_atr"":2.749,""BR1_atr_distance"":{""score"":0},""BR2_compression"":{""score"":26.06139626805537},""BR3_retest"":{""score"":50.0},""BR4_bo_age"":{""score"":50.0},""_score"":24.02},""risk"":{""R1_stop_clarity"":{""score"":0},""R2_stop_distance_pct"":{""value"":2.6733020736253548,""score"":100.0},""R3_stop_distance_atr"":{""value"":1.0674643850978125,""score"":78.37321925489063},""R4_rr_potential"":{""value"":5.596439718707263,""score"":100.0},""_score"":61.76},""market"":{""M1_spy_regime"":{""score"":100.0},""M3_earnings_risk"":{""value"":null,""score"":80.0},""M4_vix"":{""value"":null,""score"":60.0},""_score"":84.0},""liquidity"":{""L1_price"":{""value"":343.36,""score"":100.0},""L2_dollar_vol"":{""value"":574850066.3765523,""score"":100.0},""L3_spread_proxy"":{""value"":0.021464352283317813,""score"":78.53564771668219},""L4_volume_zscore"":{""value"":0.48974408518293516,""score"":100.0},""_score"":97.85},""pattern_structure"":{""left_low"":339.27,""left_idx"":24,""right_low"":343.665,""right_idx"":74,""separation_bars"":50,""structural_low"":339.27,""current_price"":343.81,""neckline_distance_pct"":0.06745004508304005,""base_bars"":50},""pattern_geometry_features"":{""low_similarity_pct"":0.012870917437237919,""bounce_pct"":0.0817343119049725,""right_bottom_reaction"":0.6821705426356575,""atr_pct"":0.025043477899081366},""_schema_version"":""1.0""}",,,,,,,,,,
20260623T215729Z-42792d,2026-06-23T21:57:29.965335+00:00,NXE,double_bottom,forming,50.25,19.8,54.0,62.3,69.4,9.4,47.8,76.0,84.0,88.6,2.98,13.51,4.98,9.71,1.22,3.83,4.56,5.04,4.43,False,,10.45,10.91,10.1603,11.505,"{""trend"":{""T1_ema_stack"":{""value"":[false,false,true],""score"":33.33333333333333},""T2_ema50_slope"":{""value"":-0.3302020859483936,""score"":0},""T3_high_proximity"":{""value"":0.7977099236641221,""score"":0},""T4_rs_1m"":{""value"":-0.01745610657545471,""score"":32.54389342454529},""T5_rs_3m"":{""value"":-0.2196764703635058,""score"":0},""T6_adr_healthy"":{""value"":5.270676974568989,""score"":100.0},""_score"":19.84},""geometry"":{""sub_low_similarity"":72.1,""sub_bounce_quality"":39.5,""sub_separation_fit"":100.0,""sub_right_bottom_reaction"":23.4,""sub_base_context"":30.0,""_score"":54.04},""compression"":{""VC1_atr_ratio"":{""value"":0.5328717264720985,""score"":100},""VC2_range_contraction"":{""value"":1.0544415467295492,""score"":0},""VC3_range_pct_rank"":{""score"":89.16666666666666},""_score"":62.29},""sr_quality"":{""SR1_touches"":{""value"":4,""score"":75.0},""SR2_tightness"":{""value"":0.14579337262029438,""score"":56.90411687251129},""SR3_recency"":{""value"":242,""score"":0.0},""SR4_price_location"":{""score"":93.28037245048772},""SR5_reaction"":{""value"":2.098285545373928,""score"":100},""_score"":69.36,""_levels_found"":5,""_target_level"":10.6015},""volume"":{""V1_rvol_day"":{""value"":0.5177717549612493,""score"":1.1847836640832852},""V2_rvol_sameslot"":{""value"":0.4422552255400488,""score"":0,""status"":""ok""},""V3_breakout_bar"":{""value"":0.6108446445065123,""score"":7.389642967100822},""V4_base_dryup"":{""value"":1.1357108646397711,""score"":36.42891353602289},""V5_bo_expansion"":{""value"":0.5177717549612492,""score"":0},""_score"":9.37},""readiness"":{""_distance_atr"":0.68,""BR1_atr_distance"":{""score"":54.675337471672016},""BR2_compression"":{""score"":33.81250562235694},""BR3_retest"":{""score"":50.0},""BR4_bo_age"":{""score"":50.0},""_score"":47.82},""risk"":{""R1_stop_clarity"":{""score"":54.26396689328973},""R2_stop_distance_pct"":{""value"":2.7724880382775186,""score"":100.0},""R3_stop_distance_atr"":{""value"":0.4282072125332554,""score"":46.41036062666277},""R4_rr_potential"":{""value"":3.6413840711019034,""score"":100.0},""_score"":75.95},""market"":{""M1_spy_regime"":{""score"":100.0},""M3_earnings_risk"":{""value"":null,""score"":80.0},""M4_vix"":{""value"":null,""score"":60.0},""_score"":84.0},""liquidity"":{""L1_price"":{""value"":10.45,""score"":100.0},""L2_dollar_vol"":{""value"":37759856.26641965,""score"":78.85151662396628},""L3_spread_proxy"":{""value"":0.029186602870813372,""score"":70.81339712918663},""L4_volume_zscore"":{""value"":-1.1428979610290777,""score"":100.0},""_score"":88.62},""pattern_structure"":{""left_low"":10.46,""left_idx"":57,""right_low"":10.315,""right_idx"":74,""separation_bars"":17,""structural_low"":10.315,""current_price"":10.495,""neckline_distance_pct"":0.03954263935207251,""base_bars"":17},""pattern_geometry_features"":{""low_similarity_pct"":0.013959085439229975,""bounce_pct"":0.05768298594280181,""right_bottom_reaction"":0.23361702127659434,""atr_pct"":0.06474641148325361},""_schema_version"":""1.0""}",,,,,,,,,,
20260623T215729Z-42792d,2026-06-23T21:57:29.965335+00:00,AEVA,vcp,absent,50.24,85.7,43.6,55.6,44.1,11.9,23.5,42.3,84.0,83.2,12.86,10.9,6.67,5.3,1.55,1.65,2.11,5.04,4.16,False,,25.27,29.82,20.4584,25.55,"{""trend"":{""T1_ema_stack"":{""value"":[true,true,true],""score"":100.0},""T2_ema50_slope"":{""value"":0.8905538500691065,""score"":100},""T3_high_proximity"":{""value"":0.8627517924206214,""score"":31.37589621031067},""T4_rs_1m"":{""value"":0.19282691562625054,""score"":100},""T5_rs_3m"":{""value"":0.6431880060354556,""score"":100},""T6_adr_healthy"":{""value"":11.169755095386055,""score"":20.756122615348627},""_score"":85.74},""geometry"":{""sub_contraction_count"":100.0,""sub_reduction_rate"":0,""sub_pivot_tightness"":0,""sub_volume_dryup"":57.3,""sub_base_depth"":0.0,""sub_base_duration"":100.0,""_score"":43.59},""compression"":{""VC1_atr_ratio"":{""value"":0.5292393965806814,""score"":100},""VC2_range_contraction"":{""value"":0.8793649859717378,""score"":20.105835671377026},""VC3_range_pct_rank"":{""score"":34.166666666666664},""_score"":55.58},""sr_quality"":{""SR1_touches"":{""value"":3,""score"":50.0},""SR2_tightness"":{""value"":0.7864265170164771,""score"":44.278279159816094},""SR3_recency"":{""value"":230,""score"":0.0},""SR4_price_location"":{""score"":30.0},""SR5_reaction"":{""value"":2.2626148114220546,""score"":100},""_score"":44.14,""_levels_found"":4,""_target_level"":21.85},""volume"":{""V1_rvol_day"":{""value"":0.6804209795142967,""score"":12.028065300953113},""V2_rvol_sameslot"":{""value"":0.40465364529734676,""score"":0,""status"":""ok""},""V3_breakout_bar"":{""value"":0.6965039598709881,""score"":13.100263991399208},""V4_base_dryup"":{""value"":1.1862942168259862,""score"":31.37057831740138},""V5_bo_expansion"":{""value"":0.6804209795142967,""score"":0},""_score"":11.95},""readiness"":{""_distance_atr"":1.612,""BR1_atr_distance"":{""score"":0},""BR2_compression"":{""score"":24.08954720445746},""BR3_retest"":{""score"":50.0},""BR4_bo_age"":{""score"":50.0},""_score"":23.52},""risk"":{""R1_stop_clarity"":{""score"":77.92533472342771},""R2_stop_distance_pct"":{""value"":19.04056193114365,""score"":0.0},""R3_stop_distance_atr"":{""value"":1.7045956621969396,""score"":100.0},""R4_rr_potential"":{""value"":0.05819330569151336,""score"":0.0},""_score"":42.27},""market"":{""M1_spy_regime"":{""score"":100.0},""M3_earnings_risk"":{""value"":null,""score"":80.0},""M4_vix"":{""value"":null,""score"":60.0},""_score"":84.0},""liquidity"":{""L1_price"":{""value"":25.27,""score"":100.0},""L2_dollar_vol"":{""value"":45664736.9004036,""score"":82.97904798912077},""L3_spread_proxy"":{""value"":0.10605461020973485,""score"":0},""L4_volume_zscore"":{""value"":-0.845457971239499,""score"":100.0},""_score"":83.19},""pattern_structure"":{""n_contractions"":5,""contractions_pct"":[30.54,21.51,25.83,21.8,30.35],""descending_strict"":false,""final_low"":20.77,""final_pivot"":29.82,""structural_low"":20.77,""dry_up_ratio"":0.7135069387643673,""current_price"":25.27,""neckline_distance_pct"":0.1800554016620499,""base_bars"":52},""pattern_geometry_features"":{""contraction_count"":5.0,""first_contraction_pct"":0.30541818181818187,""last_contraction_pct"":0.3034875922199866,""dry_up_ratio"":0.7135069387643673,""near_monotone"":0.0,""base_depth_pct"":-0.2587878787878788},""_schema_version"":""1.0""}",,,,,,,,,,
20260623T215729Z-42792d,2026-06-23T21:57:29.965335+00:00,UUUU,double_bottom,forming,50.21,14.6,58.3,55.5,66.0,16.1,37.7,82.6,84.0,92.8,2.19,14.59,4.44,9.25,2.09,3.02,4.96,5.04,4.64,False,,16.12,18.06,15.1493,20.74,"{""trend"":{""T1_ema_stack"":{""value"":[false,false,true],""score"":33.33333333333333},""T2_ema50_slope"":{""value"":-0.6580925802295777,""score"":0},""T3_high_proximity"":{""value"":0.685374149659864,""score"":0},""T4_rs_1m"":{""value"":-0.043568626426304546,""score"":6.431373573695453},""T5_rs_3m"":{""value"":-0.18535235382364734,""score"":0},""T6_adr_healthy"":{""value"":7.371891347251484,""score"":100.0},""_score"":14.62},""geometry"":{""sub_low_similarity"":49.0,""sub_bounce_quality"":100,""sub_separation_fit"":100.0,""sub_right_bottom_reaction"":17.6,""sub_base_context"":30.0,""_score"":58.34},""compression"":{""VC1_atr_ratio"":{""value"":0.4057968994503521,""score"":100},""VC2_range_contraction"":{""value"":0.9976937524899849,""score"":0.38437458500251154},""VC3_range_pct_rank"":{""score"":61.66666666666667},""_score"":55.55},""sr_quality"":{""SR1_touches"":{""value"":3,""score"":50.0},""SR2_tightness"":{""value"":0.16336734339790407,""score"":77.29714065493057},""SR3_recency"":{""value"":244,""score"":0.0},""SR4_price_location"":{""score"":97.77650941757453},""SR5_reaction"":{""value"":2.298765003184687,""score"":100},""_score"":66.04,""_levels_found"":4,""_target_level"":16.2267},""volume"":{""V1_rvol_day"":{""value"":0.8256855719087711,""score"":21.71237146058474},""V2_rvol_sameslot"":{""value"":0.7591330930195386,""score"":17.275539534635907,""status"":""ok""},""V3_breakout_bar"":{""value"":0.48212976447302536,""score"":0},""V4_base_dryup"":{""value"":1.0865385526448315,""score"":41.34614473551685},""V5_bo_expansion"":{""value"":0.825685571908771,""score"":0},""_score"":16.07},""readiness"":{""_distance_atr"":1.348,""BR1_atr_distance"":{""score"":10.13392229363653},""BR2_compression"":{""score"":64.65297143004783},""BR3_retest"":{""score"":50.0},""BR4_bo_age"":{""score"":50.0},""_score"":37.72},""risk"":{""R1_stop_clarity"":{""score"":67.94004516465239},""R2_stop_distance_pct"":{""value"":6.0217121588089375,""score"":100.0},""R3_stop_distance_atr"":{""value"":0.6744819713626329,""score"":58.724098568131645},""R4_rr_potential"":{""value"":4.75945194189759,""score"":100.0},""_score"":82.59},""market"":{""M1_spy_regime"":{""score"":100.0},""M3_earnings_risk"":{""value"":null,""score"":80.0},""M4_vix"":{""value"":null,""score"":60.0},""_score"":84.0},""liquidity"":{""L1_price"":{""value"":16.12,""score"":100.0},""L2_dollar_vol"":{""value"":147399987.24291414,""score"":100.0},""L3_spread_proxy"":{""value"":0.07152605459057075,""score"":28.47394540942925},""L4_volume_zscore"":{""value"":-0.30834002730210247,""score"":100.0},""_score"":92.85},""pattern_structure"":{""left_low"":15.38,""left_idx"":57,""right_low"":15.777,""right_idx"":74,""separation_bars"":17,""structural_low"":15.38,""current_price"":16.275,""neckline_distance_pct"":0.10967741935483873,""base_bars"":17},""pattern_geometry_features"":{""low_similarity_pct"":0.025483839907564816,""bounce_pct"":0.17425227568270465,""right_bottom_reaction"":0.1760624457935829,""atr_pct"":0.08927906770648707},""_schema_version"":""1.0""}",,,,,,,,,,
20260623T215729Z-42792d,2026-06-23T21:57:29.965335+00:00,GD,vcp,absent,50.03,55.4,48.8,31.6,37.9,43.4,39.2,57.0,84.0,97.8,8.31,12.2,3.8,4.55,5.64,2.74,2.85,5.04,4.89,True,risk_unclear,343.36,351.36,329.9947,372.73,"{""trend"":{""T1_ema_stack"":{""value"":[false,true,true],""score"":66.66666666666666},""T2_ema50_slope"":{""value"":0.0525567666596101,""score"":58.75946110993502},""T3_high_proximity"":{""value"":0.943011727225289,""score"":71.50586361264449},""T4_rs_1m"":{""value"":0.00638937220726965,""score"":56.38937220726965},""T5_rs_3m"":{""value"":-0.15473908319949914,""score"":0},""T6_adr_healthy"":{""value"":2.0253473766696386,""score"":100.0},""_score"":55.42},""geometry"":{""sub_contraction_count"":100.0,""sub_reduction_rate"":5.4,""sub_pivot_tightness"":76.4,""sub_volume_dryup"":0,""sub_base_depth"":10.0,""sub_base_duration"":100.0,""_score"":48.81},""compression"":{""VC1_atr_ratio"":{""value"":0.7835088436192994,""score"":54.12278909517515},""VC2_range_contraction"":{""value"":1.5677316999457795,""score"":0},""VC3_range_pct_rank"":{""score"":40.0},""_score"":31.65},""sr_quality"":{""SR1_touches"":{""value"":3,""score"":50.0},""SR2_tightness"":{""value"":1.8660296532120428,""score"":56.59855439636403},""SR3_recency"":{""value"":238,""score"":0.0},""SR4_price_location"":{""score"":12.380602498163146},""SR5_reaction"":{""value"":1.5087150946269603,""score"":75.43575473134801},""_score"":37.9,""_levels_found"":5,""_target_level"":351.31},""volume"":{""V1_rvol_day"":{""value"":1.2844023427145426,""score"":52.293489514302834},""V2_rvol_sameslot"":{""value"":1.364601295516655,""score"":57.64008636777701,""status"":""ok""},""V3_breakout_bar"":{""value"":0.9123007680545925,""score"":27.486717870306165},""V4_base_dryup"":{""value"":0.9154298267168525,""score"":58.457017328314755},""V5_bo_expansion"":{""value"":1.2844023427145426,""score"":18.960156180969502},""_score"":43.39},""readiness"":{""_distance_atr"":0.93,""BR1_atr_distance"":{""score"":37.976768977308964},""BR2_compression"":{""score"":26.06139626805537},""BR3_retest"":{""score"":50.0},""BR4_bo_age"":{""score"":50.0},""_score"":39.21},""risk"":{""R1_stop_clarity"":{""score"":0},""R2_stop_distance_pct"":{""value"":3.8925034948741986,""score"":100.0},""R3_stop_distance_atr"":{""value"":1.554298292976704,""score"":100.0},""R4_rr_potential"":{""value"":2.197481538012607,""score"":59.87407690063036},""_score"":56.97},""market"":{""M1_spy_regime"":{""score"":100.0},""M3_earnings_risk"":{""value"":null,""score"":80.0},""M4_vix"":{""value"":null,""score"":60.0},""_score"":84.0},""liquidity"":{""L1_price"":{""value"":343.36,""score"":100.0},""L2_dollar_vol"":{""value"":574850066.3765523,""score"":100.0},""L3_spread_proxy"":{""value"":0.021464352283317813,""score"":78.53564771668219},""L4_volume_zscore"":{""value"":0.48974408518293516,""score"":100.0},""_score"":97.85},""pattern_structure"":{""n_contractions"":5,""contractions_pct"":[5.35,4.84,5.22,5.74,4.65],""descending_strict"":false,""final_low"":335.02,""final_pivot"":351.36,""structural_low"":335.02,""dry_up_ratio"":1.490686744149958,""current_price"":343.36,""neckline_distance_pct"":0.023299161230195712,""base_bars"":72},""pattern_geometry_features"":{""contraction_count"":5.0,""first_contraction_pct"":0.053508796543112865,""last_contraction_pct"":0.046505009107468215,""dry_up_ratio"":1.490686744149958,""near_monotone"":0.0,""base_depth_pct"":0.05996240074076154},""_schema_version"":""1.0""}",,,,,,,,,,
20260623T215729Z-42792d,2026-06-23T21:57:29.965335+00:00,DELL,bull_flag,absent,50.03,92.4,39.2,44.0,36.7,10.5,47.1,77.1,84.0,93.0,12.93,11.76,3.96,3.67,1.47,4.24,2.31,5.04,4.65,False,,418.71,444.0,408.2664,493.9,"{""trend"":{""T1_ema_stack"":{""value"":[true,true,true],""score"":100.0},""T2_ema50_slope"":{""value"":1.3188158701140322,""score"":100},""T3_high_proximity"":{""value"":0.898596446046871,""score"":49.29822302343545},""T4_rs_1m"":{""value"":0.7193468374327496,""score"":100},""T5_rs_3m"":{""value"":1.5078694044491103,""score"":100},""T6_adr_healthy"":{""value"":7.098799461563058,""score"":100.0},""_score"":92.39},""geometry"":{""sub_pole_impulse"":18.4,""sub_flag_tightness"":49.5,""sub_flag_shallowness"":0,""sub_flag_drift"":75.3,""sub_flag_duration"":100.0,""_score"":39.19},""compression"":{""VC1_atr_ratio"":{""value"":0.5825196581222785,""score"":100},""VC2_range_contraction"":{""value"":1.1368974959057256,""score"":0},""VC3_range_pct_rank"":{""score"":15.833333333333332},""_score"":43.96},""sr_quality"":{""SR1_touches"":{""value"":2,""score"":25.0},""SR2_tightness"":{""value"":1.7249999999999943,""score"":88.70966950187206},""SR3_recency"":{""value"":247,""score"":0.0},""SR4_price_location"":{""score"":30.0},""SR5_reaction"":{""value"":1.1251059783351884,""score"":56.25529891675942},""_score"":36.74,""_levels_found"":5,""_target_level"":262.265},""volume"":{""V1_rvol_day"":{""value"":0.5563372778227222,""score"":3.7558185215148163},""V2_rvol_sameslot"":{""value"":0.4766282017443646,""score"":0,""status"":""ok""},""V3_breakout_bar"":{""value"":0.5574189625939424,""score"":3.827930839596161},""V4_base_dryup"":{""value"":1.060660893096542,""score"":43.9339106903458},""V5_bo_expansion"":{""value"":0.5563372778227221,""score"":0},""_score"":10.49},""readiness"":{""_distance_atr"":0.828,""BR1_atr_distance"":{""score"":44.824645739583225},""BR2_compression"":{""score"":46.67986715849776},""BR3_retest"":{""score"":50.0},""BR4_bo_age"":{""score"":50.0},""_score"":47.1},""risk"":{""R1_stop_clarity"":{""score"":59.307322094896136},""R2_stop_distance_pct"":{""value"":2.4942216569941014,""score"":100.0},""R3_stop_distance_atr"":{""value"":0.3417715744073688,""score"":42.08857872036844},""R4_rr_potential"":{""value"":7.199655328111196,""score"":100.0},""_score"":77.07},""market"":{""M1_spy_regime"":{""score"":100.0},""M3_earnings_risk"":{""value"":null,""score"":80.0},""M4_vix"":{""value"":null,""score"":60.0},""_score"":84.0},""liquidity"":{""L1_price"":{""value"":418.71,""score"":100.0},""L2_dollar_vol"":{""value"":3072024919.830659,""score"":100.0},""L3_spread_proxy"":{""value"":0.07049342026701058,""score"":29.506579732989422},""L4_volume_zscore"":{""value"":-0.6870986872747814,""score"":100.0},""_score"":92.95},""pattern_structure"":{""pole_low"":394.1,""pole_low_idx"":30,""peak_price"":444.0,""peak_idx"":54,""pole_gain"":0.1266176097437198,""flag_bars"":5,""flag_low"":414.4837,""flag_high"":431.5033,""structural_low"":414.4837,""current_price"":416.23,""neckline_distance_pct"":0.06671792038055878,""base_bars"":5},""pattern_geometry_features"":{""pole_gain"":0.1266176097437198,""pullback_pct"":0.06647815315315315,""flag_range_pct"":0.03833243243243249,""flag_drift_per_bar"":-0.004941979194195677,""atr_pct"":0.07297920142478428,""pole_atr_multiple"":1.7349821219161699},""_schema_version"":""1.0""}",,,,,,,,,,
20260623T215729Z-42792d,2026-06-23T21:57:29.965335+00:00,UEC,double_bottom,forming,50.02,13.3,53.3,50.8,72.3,16.8,47.0,78.7,84.0,96.2,2.0,13.33,4.06,10.12,2.18,3.76,4.72,5.04,4.81,False,,11.47,12.15,11.2585,12.87,"{""trend"":{""T1_ema_stack"":{""value"":[false,false,true],""score"":33.33333333333333},""T2_ema50_slope"":{""value"":-0.514355851224187,""score"":0},""T3_high_proximity"":{""value"":0.6964177292046145,""score"":0},""T4_rs_1m"":{""value"":-0.10462824455245845,""score"":0},""T5_rs_3m"":{""value"":-0.1990224648071911,""score"":0},""T6_adr_healthy"":{""value"":7.524207350343605,""score"":100.0},""_score"":13.33},""geometry"":{""sub_low_similarity"":65.3,""sub_bounce_quality"":47.1,""sub_separation_fit"":100.0,""sub_right_bottom_reaction"":22.0,""sub_base_context"":30.0,""_score"":53.31},""compression"":{""VC1_atr_ratio"":{""value"":0.7274857160977666,""score"":68.12857097555836},""VC2_range_contraction"":{""value"":1.1205783119090038,""score"":0},""VC3_range_pct_rank"":{""score"":94.16666666666667},""_score"":50.79},""sr_quality"":{""SR1_touches"":{""value"":6,""score"":100},""SR2_tightness"":{""value"":0.2848598583319328,""score"":51.5188152535931},""SR3_recency"":{""value"":225,""score"":0.0},""SR4_price_location"":{""score"":81.51277360061759},""SR5_reaction"":{""value"":1.8899604301022979,""score"":94.49802150511489},""_score"":72.28,""_levels_found"":6,""_target_level"":12.1942},""volume"":{""V1_rvol_day"":{""value"":0.8454129869276189,""score"":23.02753246184126},""V2_rvol_sameslot"":{""value"":0.8509751897288218,""score"":23.39834598192145,""status"":""ok""},""V3_breakout_bar"":{""value"":0.9196594019539822,""score"":27.977293463598812},""V4_base_dryup"":{""value"":1.4745465343552806,""score"":2.5453465644719415},""V5_bo_expansion"":{""value"":0.8454129869276189,""score"":0},""_score"":16.79},""readiness"":{""_distance_atr"":0.579,""BR1_atr_distance"":{""score"":61.42289543051767},""BR2_compression"":{""score"":19.584564815640636},""BR3_retest"":{""score"":50.0},""BR4_bo_age"":{""score"":50.0},""_score"":46.97},""risk"":{""R1_stop_clarity"":{""score"":70.8203915657158},""R2_stop_distance_pct"":{""value"":1.843504795117707,""score"":96.08761987794267},""R3_stop_distance_atr"":{""value"":0.1799366638503768,""score"":33.996833192518835},""R4_rr_potential"":{""value"":6.620950579333146,""score"":100.0},""_score"":78.71},""market"":{""M1_spy_regime"":{""score"":100.0},""M3_earnings_risk"":{""value"":null,""score"":80.0},""M4_vix"":{""value"":null,""score"":60.0},""_score"":84.0},""liquidity"":{""L1_price"":{""value"":11.47,""score"":100.0},""L2_dollar_vol"":{""value"":123543817.46572453,""score"":100.0},""L3_spread_proxy"":{""value"":0.037925021795989576,""score"":62.07497820401042},""L4_volume_zscore"":{""value"":-0.29653955783542213,""score"":100.0},""_score"":96.21},""pattern_structure"":{""left_low"":11.63,""left_idx"":57,""right_low"":11.43,""right_idx"":74,""separation_bars"":17,""structural_low"":11.43,""current_price"":11.5,""neckline_distance_pct"":0.05652173913043481,""base_bars"":17},""pattern_geometry_features"":{""low_similarity_pct"":0.017346053772766785,""bounce_pct"":0.06299212598425202,""right_bottom_reaction"":0.2201622247972206,""atr_pct"":0.10245298293685391},""_schema_version"":""1.0""}",,,,,,,,,,
20260623T215729Z-42792d,2026-06-23T21:57:29.965335+00:00,AXTI,vcp,absent,49.97,51.7,35.0,54.0,41.4,54.7,25.4,72.0,84.0,90.0,7.75,8.75,6.48,4.97,7.11,1.78,3.6,5.04,4.5,False,,92.44,143.16,91.8325,96.959,"{""trend"":{""T1_ema_stack"":{""value"":[false,true,true],""score"":66.66666666666666},""T2_ema50_slope"":{""value"":0.38275380152803506,""score"":100},""T3_high_proximity"":{""value"":0.6563942341830575,""score"":0},""T4_rs_1m"":{""value"":-0.12057295796980139,""score"":0},""T5_rs_3m"":{""value"":0.5565368726105533,""score"":100},""T6_adr_healthy"":{""value"":14.4964326060338,""score"":0.0},""_score"":51.67},""geometry"":{""sub_contraction_count"":100.0,""sub_reduction_rate"":0,""sub_pivot_tightness"":0,""sub_volume_dryup"":0,""sub_base_depth"":0.0,""sub_base_duration"":100.0,""_score"":35.0},""compression"":{""VC1_atr_ratio"":{""value"":0.6224915371630015,""score"":94.37711570924961},""VC2_range_contraction"":{""value"":0.9791434238309185,""score"":3.4760960281802573},""VC3_range_pct_rank"":{""score"":60.0},""_score"":53.97},""sr_quality"":{""SR1_touches"":{""value"":2,""score"":25.0},""SR2_tightness"":{""value"":1.5655000000000001,""score"":77.60171689171062},""SR3_recency"":{""value"":236,""score"":0.0},""SR4_price_location"":{""score"":30.0},""SR5_reaction"":{""value"":1.9690244120540108,""score"":98.45122060270054},""_score"":41.41,""_levels_found"":6,""_target_level"":91.6655},""volume"":{""V1_rvol_day"":{""value"":1.2787678530942634,""score"":51.91785687295089},""V2_rvol_sameslot"":{""value"":1.9928823335150367,""score"":99.52548890100245,""status"":""ok""},""V3_breakout_bar"":{""value"":1.0224114853238095,""score"":34.82743235492063},""V4_base_dryup"":{""value"":0.8553983496352355,""score"":64.46016503647644},""V5_bo_expansion"":{""value"":1.2787678530942632,""score"":18.58452353961755},""_score"":54.68},""readiness"":{""_distance_atr"":3.628,""BR1_atr_distance"":{""score"":0},""BR2_compression"":{""score"":31.57305443751348},""BR3_retest"":{""score"":50.0},""BR4_bo_age"":{""score"":50.0},""_score"":25.39},""risk"":{""R1_stop_clarity"":{""score"":79.99155861575603},""R2_stop_distance_pct"":{""value"":0.6571451752488152,""score"":66.42862938122039},""R3_stop_distance_atr"":{""value"":0.04345631762496681,""score"":27.172815881248336},""R4_rr_potential"":{""value"":7.4391117183705555,""score"":100.0},""_score"":72.0},""market"":{""M1_spy_regime"":{""score"":100.0},""M3_earnings_risk"":{""value"":null,""score"":80.0},""M4_vix"":{""value"":null,""score"":60.0},""_score"":84.0},""liquidity"":{""L1_price"":{""value"":92.44,""score"":100.0},""L2_dollar_vol"":{""value"":1106967688.6495802,""score"":100.0},""L3_spread_proxy"":{""value"":0.12321505841627002,""score"":0},""L4_volume_zscore"":{""value"":1.1442811546308351,""score"":100.0},""_score"":90.0},""pattern_structure"":{""n_contractions"":5,""contractions_pct"":[32.92,44.47,27.84,23.97,34.88],""descending_strict"":false,""final_low"":93.231,""final_pivot"":143.16,""structural_low"":93.231,""dry_up_ratio"":1.0945055313388434,""current_price"":92.44,""neckline_distance_pct"":0.5486802250108178,""base_bars"":63},""pattern_geometry_features"":{""contraction_count"":5.0,""first_contraction_pct"":0.329151605358282,""last_contraction_pct"":0.3487636211232188,""dry_up_ratio"":1.0945055313388434,""near_monotone"":0.0,""base_depth_pct"":-0.9823729534339781},""_schema_version"":""1.0""}",,,,,,,,,,
20260623T215729Z-42792d,2026-06-23T21:57:29.965335+00:00,UEC,high_tight_pullback,forming,49.84,13.3,58.5,50.8,72.3,18.4,41.2,78.7,84.0,96.2,1.6,20.47,5.08,5.78,2.57,3.71,0.79,5.04,4.81,False,,11.47,12.405,11.2585,15.45,"{""trend"":{""T1_ema_stack"":{""value"":[false,false,true],""score"":33.33333333333333},""T2_ema50_slope"":{""value"":-0.514355851224187,""score"":0},""T3_high_proximity"":{""value"":0.6964177292046145,""score"":0},""T4_rs_1m"":{""value"":-0.10462824455245845,""score"":0},""T5_rs_3m"":{""value"":-0.1990224648071911,""score"":0},""T6_adr_healthy"":{""value"":7.524207350343605,""score"":100.0},""_score"":13.33},""geometry"":{""sub_pole_impulse"":54.4,""sub_flag_tightness"":70.3,""sub_flag_shallowness"":51.7,""sub_flag_drift"":95.0,""sub_flag_duration"":0.0,""_score"":58.48},""compression"":{""VC1_atr_ratio"":{""value"":0.7274857160977666,""score"":68.12857097555836},""VC2_range_contraction"":{""value"":1.1205783119090038,""score"":0},""VC3_range_pct_rank"":{""score"":94.16666666666667},""_score"":50.79},""sr_quality"":{""SR1_touches"":{""value"":6,""score"":100},""SR2_tightness"":{""value"":0.2848598583319328,""score"":51.5188152535931},""SR3_recency"":{""value"":225,""score"":0.0},""SR4_price_location"":{""score"":81.51277360061759},""SR5_reaction"":{""value"":1.8899604301022979,""score"":94.49802150511489},""_score"":72.28,""_levels_found"":6,""_target_level"":12.1942},""volume"":{""V1_rvol_day"":{""value"":0.8454129869276189,""score"":23.02753246184126},""V2_rvol_sameslot"":{""value"":0.8509751897288218,""score"":23.39834598192145,""status"":""ok""},""V3_breakout_bar"":{""value"":0.9196594019539822,""score"":27.977293463598812},""V4_base_dryup"":{""value"":1.3963207298943952,""score"":10.367927010560479},""V5_bo_expansion"":{""value"":0.8454129869276189,""score"":0},""_score"":18.35},""readiness"":{""_distance_atr"":0.796,""BR1_atr_distance"":{""score"":46.95648121696184},""BR2_compression"":{""score"":19.584564815640636},""BR3_retest"":{""score"":50.0},""BR4_bo_age"":{""score"":50.0},""_score"":41.18},""risk"":{""R1_stop_clarity"":{""score"":70.8203915657158},""R2_stop_distance_pct"":{""value"":1.843504795117707,""score"":96.08761987794267},""R3_stop_distance_atr"":{""value"":0.1799366638503768,""score"":33.996833192518835},""R4_rr_potential"":{""value"":18.822416646961358,""score"":100.0},""_score"":78.71},""market"":{""M1_spy_regime"":{""score"":100.0},""M3_earnings_risk"":{""value"":null,""score"":80.0},""M4_vix"":{""value"":null,""score"":60.0},""_score"":84.0},""liquidity"":{""L1_price"":{""value"":11.47,""score"":100.0},""L2_dollar_vol"":{""value"":123543817.46572453,""score"":100.0},""L3_spread_proxy"":{""value"":0.037925021795989576,""score"":62.07497820401042},""L4_volume_zscore"":{""value"":-0.29653955783542213,""score"":100.0},""_score"":96.21},""pattern_structure"":{""pole_low"":9.36,""pole_low_idx"":17,""peak_price"":12.405,""peak_idx"":36,""pole_gain"":0.32532051282051283,""flag_bars"":23,""flag_low"":11.43,""flag_high"":12.15,""structural_low"":11.43,""current_price"":11.5,""neckline_distance_pct"":0.07869565217391299,""base_bars"":23},""pattern_geometry_features"":{""pole_gain"":0.32532051282051283,""pullback_pct"":0.0785973397823458,""flag_range_pct"":0.05804111245465544,""flag_drift_per_bar"":-0.0010055078192129302,""atr_pct"":0.10245298293685391,""pole_atr_multiple"":3.1753151884413318},""_schema_version"":""1.0""}",,,,,,,,,,
20260623T215729Z-42792d,2026-06-23T21:57:29.965335+00:00,KLAC,vcp,breakout_confirmed,49.74,100.0,38.3,19.6,56.7,15.5,33.5,34.7,84.0,97.2,15.0,9.58,2.35,6.81,2.02,2.34,1.74,5.04,4.86,False,,269.16,206.008,185.771,175.653,"{""trend"":{""T1_ema_stack"":{""value"":[true,true,true],""score"":100.0},""T2_ema50_slope"":{""value"":0.5297504938338382,""score"":100},""T3_high_proximity"":{""value"":1.0,""score"":99.99999999999997},""T4_rs_1m"":{""value"":0.4670096829433117,""score"":100},""T5_rs_3m"":{""value"":0.6482520331108776,""score"":100},""T6_adr_healthy"":{""value"":5.9391662447294395,""score"":100.0},""_score"":100.0},""geometry"":{""sub_contraction_count"":100.0,""sub_reduction_rate"":0,""sub_pivot_tightness"":22.1,""sub_volume_dryup"":0,""sub_base_depth"":0.0,""sub_base_duration"":100.0,""_score"":38.31},""compression"":{""VC1_atr_ratio"":{""value"":1.0168413087433343,""score"":0},""VC2_range_contraction"":{""value"":1.6931374088704123,""score"":0},""VC3_range_pct_rank"":{""score"":78.33333333333333},""_score"":19.58},""sr_quality"":{""SR1_touches"":{""value"":5,""score"":100},""SR2_tightness"":{""value"":5.050906176123246,""score"":44.47622959496476},""SR3_recency"":{""value"":232,""score"":0.0},""SR4_price_location"":{""score"":30.0},""SR5_reaction"":{""value"":1.6752407626827863,""score"":83.76203813413932},""_score"":56.74,""_levels_found"":4,""_target_level"":189.244},""volume"":{""V1_rvol_day"":{""value"":0.9052694088164684,""score"":27.017960587764563},""V2_rvol_sameslot"":{""value"":0.6246050583986361,""score"":8.307003893242408,""status"":""ok""},""V3_breakout_bar"":{""value"":0.615851097436134,""score"":7.723406495742265},""V4_base_dryup"":{""value"":1.1732575147719595,""score"":32.67424852280405},""V5_bo_expansion"":{""value"":0.9052694088164682,""score"":0},""_score"":15.53},""readiness"":{""_distance_atr"":-3.471,""BR1_atr_distance"":{""score"":0},""BR2_compression"":{""score"":63.93490014062888},""BR3_retest"":{""score"":50.0},""BR4_bo_age"":{""score"":50.0},""_score"":33.48},""risk"":{""R1_stop_clarity"":{""score"":68.9012741479179},""R2_stop_distance_pct"":{""value"":30.98120077277457,""score"":0.0},""R3_stop_distance_atr"":{""value"":4.5834069460573845,""score"":70.82965269713077},""R4_rr_potential"":{""value"":-1.1213349482545656,""score"":0.0},""_score"":34.74},""market"":{""M1_spy_regime"":{""score"":100.0},""M3_earnings_risk"":{""value"":null,""score"":80.0},""M4_vix"":{""value"":null,""score"":60.0},""_score"":84.0},""liquidity"":{""L1_price"":{""value"":269.16,""score"":100.0},""L2_dollar_vol"":{""value"":3154512635.6773934,""score"":100.0},""L3_spread_proxy"":{""value"":0.027957348788824405,""score"":72.0426512111756},""L4_volume_zscore"":{""value"":-0.25960028346885505,""score"":100.0},""_score"":97.2},""pattern_structure"":{""n_contractions"":5,""contractions_pct"":[13.15,6.53,15.13,11.56,8.45],""descending_strict"":false,""final_low"":188.6,""final_pivot"":206.008,""structural_low"":188.6,""dry_up_ratio"":1.5224890809894474,""current_price"":269.16,""neckline_distance_pct"":-0.2346262446128697,""base_bars"":47},""pattern_geometry_features"":{""contraction_count"":5.0,""first_contraction_pct"":0.13145439034408665,""last_contraction_pct"":0.0845015727544562,""dry_up_ratio"":1.5224890809894474,""near_monotone"":0.0,""base_depth_pct"":-0.19182280640778532},""_schema_version"":""1.0""}",,,,,,,,,,
20260623T215729Z-42792d,2026-06-23T21:57:29.965335+00:00,RGTI,vcp,absent,49.71,73.2,46.9,52.4,49.7,11.5,17.5,49.9,84.0,90.3,10.98,11.71,6.29,5.97,1.49,1.23,2.49,5.04,4.52,False,,21.38,28.06,18.193,27.5149,"{""trend"":{""T1_ema_stack"":{""value"":[false,true,true],""score"":66.66666666666666},""T2_ema50_slope"":{""value"":0.5508863229869498,""score"":100},""T3_high_proximity"":{""value"":0.7909729929707732,""score"":0},""T4_rs_1m"":{""value"":0.2623515900354052,""score"":100},""T5_rs_3m"":{""value"":0.28908754346410737,""score"":100},""T6_adr_healthy"":{""value"":10.774197493388023,""score"":30.645062665299427},""_score"":73.2},""geometry"":{""sub_contraction_count"":100.0,""sub_reduction_rate"":0,""sub_pivot_tightness"":0,""sub_volume_dryup"":79.0,""sub_base_depth"":0.0,""sub_base_duration"":100.0,""_score"":46.85},""compression"":{""VC1_atr_ratio"":{""value"":0.4949242320412162,""score"":100},""VC2_range_contraction"":{""value"":0.8878060293050516,""score"":18.698995115824737},""VC3_range_pct_rank"":{""score"":23.33333333333333},""_score"":52.38},""sr_quality"":{""SR1_touches"":{""value"":4,""score"":75.0},""SR2_tightness"":{""value"":0.6721181085754196,""score"":44.356641997463875},""SR3_recency"":{""value"":234,""score"":0.0},""SR4_price_location"":{""score"":22.321354866616673},""SR5_reaction"":{""value"":2.354782341305627,""score"":100},""_score"":49.73,""_levels_found"":4,""_target_level"":27.2612},""volume"":{""V1_rvol_day"":{""value"":0.6415184846315839,""score"":9.434565642105593},""V2_rvol_sameslot"":{""value"":0.6933615717149998,""score"":12.890771447666651,""status"":""ok""},""V3_breakout_bar"":{""value"":0.9198142676973047,""score"":27.987617846486977},""V4_base_dryup"":{""value"":1.8109626371726688,""score"":0},""V5_bo_expansion"":{""value"":0.6415184846315837,""score"":0},""_score"":11.46},""readiness"":{""_distance_atr"":2.765,""BR1_atr_distance"":{""score"":0},""BR2_compression"":{""score"":0},""BR3_retest"":{""score"":50.0},""BR4_bo_age"":{""score"":50.0},""_score"":17.5},""risk"":{""R1_stop_clarity"":{""score"":77.06344226862961},""R2_stop_distance_pct"":{""value"":14.90622778297474,""score"":0.0},""R3_stop_distance_atr"":{""value"":1.3192077477802449,""score"":90.96038738901224},""R4_rr_potential"":{""value"":1.925005761775792,""score"":46.2502880887896},""_score"":49.87},""market"":{""M1_spy_regime"":{""score"":100.0},""M3_earnings_risk"":{""value"":null,""score"":80.0},""M4_vix"":{""value"":null,""score"":60.0},""_score"":84.0},""liquidity"":{""L1_price"":{""value"":21.38,""score"":100.0},""L2_dollar_vol"":{""value"":819331341.3688209,""score"":100.0},""L3_spread_proxy"":{""value"":0.0968194574368569,""score"":3.1805425631431063},""L4_volume_zscore"":{""value"":-0.5513344079674187,""score"":100.0},""_score"":90.32},""pattern_structure"":{""n_contractions"":5,""contractions_pct"":[19.83,23.13,24.14,26.45,34.18],""descending_strict"":false,""final_low"":18.4701,""final_pivot"":28.06,""structural_low"":18.4701,""dry_up_ratio"":0.6050507418155697,""current_price"":21.38,""neckline_distance_pct"":0.3124415341440599,""base_bars"":63},""pattern_geometry_features"":{""contraction_count"":5.0,""first_contraction_pct"":0.19832635983263605,""last_contraction_pct"":0.3417640769779045,""dry_up_ratio"":0.6050507418155697,""near_monotone"":0.0,""base_depth_pct"":-0.030410041841004067},""_schema_version"":""1.0""}",,,,,,,,,,
20260623T215729Z-42792d,2026-06-23T21:57:29.965335+00:00,DELL,vcp,absent,49.53,92.4,43.4,44.0,36.7,11.6,29.2,37.7,84.0,93.0,13.86,10.86,5.28,4.41,1.51,2.04,1.89,5.04,4.65,False,,418.71,469.47,351.714,270.2,"{""trend"":{""T1_ema_stack"":{""value"":[true,true,true],""score"":100.0},""T2_ema50_slope"":{""value"":1.3188158701140322,""score"":100},""T3_high_proximity"":{""value"":0.898596446046871,""score"":49.29822302343545},""T4_rs_1m"":{""value"":0.7193468374327496,""score"":100},""T5_rs_3m"":{""value"":1.5078694044491103,""score"":100},""T6_adr_healthy"":{""value"":7.098799461563058,""score"":100.0},""_score"":92.39},""geometry"":{""sub_contraction_count"":100.0,""sub_reduction_rate"":0,""sub_pivot_tightness"":0,""sub_volume_dryup"":56.2,""sub_base_depth"":0.0,""sub_base_duration"":100.0,""_score"":43.43},""compression"":{""VC1_atr_ratio"":{""value"":0.5825196581222785,""score"":100},""VC2_range_contraction"":{""value"":1.1368974959057256,""score"":0},""VC3_range_pct_rank"":{""score"":15.833333333333332},""_score"":43.96},""sr_quality"":{""SR1_touches"":{""value"":2,""score"":25.0},""SR2_tightness"":{""value"":1.7249999999999943,""score"":88.70966950187206},""SR3_recency"":{""value"":247,""score"":0.0},""SR4_price_location"":{""score"":30.0},""SR5_reaction"":{""value"":1.1251059783351884,""score"":56.25529891675942},""_score"":36.74,""_levels_found"":5,""_target_level"":262.265},""volume"":{""V1_rvol_day"":{""value"":0.5563372778227222,""score"":3.7558185215148163},""V2_rvol_sameslot"":{""value"":0.4766282017443646,""score"":0,""status"":""ok""},""V3_breakout_bar"":{""value"":0.5574189625939424,""score"":3.827930839596161},""V4_base_dryup"":{""value"":1.0050689139494824,""score"":49.49310860505176},""V5_bo_expansion"":{""value"":0.5563372778227221,""score"":0},""_score"":11.61},""readiness"":{""_distance_atr"":1.661,""BR1_atr_distance"":{""score"":0},""BR2_compression"":{""score"":46.67986715849776},""BR3_retest"":{""score"":50.0},""BR4_bo_age"":{""score"":50.0},""_score"":29.17},""risk"":{""R1_stop_clarity"":{""score"":64.94401468724745},""R2_stop_distance_pct"":{""value"":16.000585130519923,""score"":0.0},""R3_stop_distance_atr"":{""value"":2.1924856422292947,""score"":100.0},""R4_rr_potential"":{""value"":-2.2166978500971326,""score"":0.0},""_score"":37.73},""market"":{""M1_spy_regime"":{""score"":100.0},""M3_earnings_risk"":{""value"":null,""score"":80.0},""M4_vix"":{""value"":null,""score"":60.0},""_score"":84.0},""liquidity"":{""L1_price"":{""value"":418.71,""score"":100.0},""L2_dollar_vol"":{""value"":3072024919.830659,""score"":100.0},""L3_spread_proxy"":{""value"":0.07049342026701058,""score"":29.506579732989422},""L4_volume_zscore"":{""value"":-0.6870986872747814,""score"":100.0},""_score"":92.95},""pattern_structure"":{""n_contractions"":5,""contractions_pct"":[7.12,16.64,9.33,12.77,23.94],""descending_strict"":false,""final_low"":357.07,""final_pivot"":469.47,""structural_low"":357.07,""dry_up_ratio"":0.7188630102033607,""current_price"":418.71,""neckline_distance_pct"":0.1212294905782046,""base_bars"":59},""pattern_geometry_features"":{""contraction_count"":5.0,""first_contraction_pct"":0.07116603295310531,""last_contraction_pct"":0.23941891920676514,""dry_up_ratio"":0.7188630102033607,""near_monotone"":0.0,""base_depth_pct"":-1.262801013941698},""_schema_version"":""1.0""}",,,,,,,,,,
20260623T215729Z-42792d,2026-06-23T21:57:29.965335+00:00,AMAT,vcp,breakout_confirmed,49.26,100.0,35.0,26.6,39.4,36.2,37.4,25.0,84.0,79.3,15.0,8.75,3.19,4.73,4.71,2.62,1.25,5.04,3.96,False,,640.18,420.4999,371.4139,439.3799,"{""trend"":{""T1_ema_stack"":{""value"":[true,true,true],""score"":100.0},""T2_ema50_slope"":{""value"":0.5493098540226031,""score"":100},""T3_high_proximity"":{""value"":1.0,""score"":99.99999999999997},""T4_rs_1m"":{""value"":0.49554135169180213,""score"":100},""T5_rs_3m"":{""value"":0.6451795439049837,""score"":100},""T6_adr_healthy"":{""value"":5.305587491074217,""score"":100.0},""_score"":100.0},""geometry"":{""sub_contraction_count"":100.0,""sub_reduction_rate"":0,""sub_pivot_tightness"":0,""sub_volume_dryup"":0,""sub_base_depth"":0.0,""sub_base_duration"":100.0,""_score"":35.0},""compression"":{""VC1_atr_ratio"":{""value"":0.8942554709181921,""score"":26.436132270451967},""VC2_range_contraction"":{""value"":1.326702342447612,""score"":0},""VC3_range_pct_rank"":{""score"":64.16666666666666},""_score"":26.62},""sr_quality"":{""SR1_touches"":{""value"":2,""score"":25.0},""SR2_tightness"":{""value"":7.342499999999973,""score"":62.93637510212837},""SR3_recency"":{""value"":232,""score"":0.0},""SR4_price_location"":{""score"":30.0},""SR5_reaction"":{""value"":2.3923516138965075,""score"":100},""_score"":39.44,""_levels_found"":5,""_target_level"":445.5625},""volume"":{""V1_rvol_day"":{""value"":1.1222087540197643,""score"":41.48058360131762},""V2_rvol_sameslot"":{""value"":1.3242317517909432,""score"":54.94878345272954,""status"":""ok""},""V3_breakout_bar"":{""value"":1.096232486905091,""score"":39.7488324603394},""V4_base_dryup"":{""value"":1.2101149713410697,""score"":28.988502865893025},""V5_bo_expansion"":{""value"":1.1222087540197643,""score"":8.147250267984285},""_score"":36.24},""readiness"":{""_distance_atr"":-5.545,""BR1_atr_distance"":{""score"":0},""BR2_compression"":{""score"":79.55108314515732},""BR3_retest"":{""score"":50.0},""BR4_bo_age"":{""score"":50.0},""_score"":37.39},""risk"":{""R1_stop_clarity"":{""score"":71.44927264506539},""R2_stop_distance_pct"":{""value"":41.98288762535537,""score"":0.0},""R3_stop_distance_atr"":{""value"":6.783414410951751,""score"":0.0},""R4_rr_potential"":{""value"":-0.7471185441762453,""score"":0.0},""_score"":25.01},""market"":{""M1_spy_regime"":{""score"":100.0},""M3_earnings_risk"":{""value"":null,""score"":80.0},""M4_vix"":{""value"":null,""score"":60.0},""_score"":84.0},""liquidity"":{""L1_price"":{""value"":640.18,""score"":29.910000000000025},""L2_dollar_vol"":{""value"":6873815546.80779,""score"":100.0},""L3_spread_proxy"":{""value"":0.03201443344059484,""score"":67.98556655940516},""L4_volume_zscore"":{""value"":0.3975552842857875,""score"":100.0},""_score"":79.28},""pattern_structure"":{""n_contractions"":5,""contractions_pct"":[20.03,4.84,15.61,6.78,10.33],""descending_strict"":false,""final_low"":377.07,""final_pivot"":420.4999,""structural_low"":377.07,""dry_up_ratio"":1.3670030177369075,""current_price"":640.18,""neckline_distance_pct"":-0.343153644287544,""base_bars"":44},""pattern_geometry_features"":{""contraction_count"":5.0,""first_contraction_pct"":0.20025255714105308,""last_contraction_pct"":0.10328159412166335,""dry_up_ratio"":1.3670030177369075,""near_monotone"":0.0,""base_depth_pct"":0.047682788230837214},""_schema_version"":""1.0""}",,,,,,,,,,
20260623T215729Z-42792d,2026-06-23T21:57:29.965335+00:00,NNE,vcp,absent,48.88,66.8,35.0,48.2,58.0,8.0,66.5,42.0,84.0,90.6,10.02,8.75,5.79,6.96,1.03,4.65,2.1,5.04,4.53,False,,25.64,26.68,21.1775,27.8,"{""trend"":{""T1_ema_stack"":{""value"":[true,true,false],""score"":66.66666666666666},""T2_ema50_slope"":{""value"":0.05374571853186251,""score"":58.95761975531042},""T3_high_proximity"":{""value"":0.8387307818122343,""score"":19.365390906117106},""T4_rs_1m"":{""value"":0.050473908196753126,""score"":100},""T5_rs_3m"":{""value"":0.06742546325211118,""score"":83.71273162605559},""T6_adr_healthy"":{""value"":9.712603419473172,""score"":57.184914513170696},""_score"":66.78},""geometry"":{""sub_contraction_count"":100.0,""sub_reduction_rate"":0,""sub_pivot_tightness"":0,""sub_volume_dryup"":0,""sub_base_depth"":0.0,""sub_base_duration"":100.0,""_score"":35.0},""compression"":{""VC1_atr_ratio"":{""value"":0.6528498347965203,""score"":86.78754130086993},""VC2_range_contraction"":{""value"":0.9857737635204866,""score"":2.3710394132522294},""VC3_range_pct_rank"":{""score"":50.83333333333333},""_score"":48.25},""sr_quality"":{""SR1_touches"":{""value"":3,""score"":50.0},""SR2_tightness"":{""value"":0.2762044331448884,""score"":80.47473256433703},""SR3_recency"":{""value"":230,""score"":0.0},""SR4_price_location"":{""score"":80.66002798123608},""SR5_reaction"":{""value"":1.4385692068429237,""score"":71.92846034214618},""_score"":58.03,""_levels_found"":5,""_target_level"":26.4233},""volume"":{""V1_rvol_day"":{""value"":0.925281087987938,""score"":28.3520725325292},""V2_rvol_sameslot"":{""value"":0.6708531630439509,""score"":11.390210869596729,""status"":""ok""},""V3_breakout_bar"":{""value"":0.48771706322222047,""score"":0},""V4_base_dryup"":{""value"":1.5217630859049966,""score"":0},""V5_bo_expansion"":{""value"":0.9252810879879381,""score"":0},""_score"":7.95},""readiness"":{""_distance_atr"":0.368,""BR1_atr_distance"":{""score"":75.49366134125079},""BR2_compression"":{""score"":75.03735835171504},""BR3_retest"":{""score"":50.0},""BR4_bo_age"":{""score"":50.0},""_score"":66.46},""risk"":{""R1_stop_clarity"":{""score"":77.20203591121154},""R2_stop_distance_pct"":{""value"":17.40444617784712,""score"":0.0},""R3_stop_distance_atr"":{""value"":1.5773010038173343,""score"":100.0},""R4_rr_potential"":{""value"":0.48403361344537793,""score"":0.0},""_score"":42.02},""market"":{""M1_spy_regime"":{""score"":100.0},""M3_earnings_risk"":{""value"":null,""score"":80.0},""M4_vix"":{""value"":null,""score"":60.0},""_score"":84.0},""liquidity"":{""L1_price"":{""value"":25.64,""score"":100.0},""L2_dollar_vol"":{""value"":81394586.27800465,""score"":95.5297760013536},""L3_spread_proxy"":{""value"":0.07585803432137286,""score"":24.14196567862713},""L4_volume_zscore"":{""value"":-0.19780821595728706,""score"":100.0},""_score"":90.63},""pattern_structure"":{""n_contractions"":5,""contractions_pct"":[16.31,12.0,23.16,26.95,19.42],""descending_strict"":false,""final_low"":21.5,""final_pivot"":26.68,""structural_low"":21.5,""dry_up_ratio"":1.1818107391590775,""current_price"":25.64,""neckline_distance_pct"":0.04056162246489856,""base_bars"":54},""pattern_geometry_features"":{""contraction_count"":5.0,""first_contraction_pct"":0.1631255526083113,""last_contraction_pct"":0.19415292353823088,""dry_up_ratio"":1.1818107391590775,""near_monotone"":0.0,""base_depth_pct"":0.04951370468611852},""_schema_version"":""1.0""}",,,,,,,,,,
20260623T215729Z-42792d,2026-06-23T21:57:29.965335+00:00,VZ,vcp,absent,48.7,28.3,45.3,54.4,56.1,36.2,28.6,64.0,84.0,98.4,4.24,11.33,6.53,6.73,4.71,2.0,3.2,5.04,4.92,True,risk_unclear,45.36,48.955,43.6355,56.335,"{""trend"":{""T1_ema_stack"":{""value"":[false,false,true],""score"":33.33333333333333},""T2_ema50_slope"":{""value"":-0.056115344860605716,""score"":40.64744252323238},""T3_high_proximity"":{""value"":0.8909840895698291,""score"":45.49204478491453},""T4_rs_1m"":{""value"":-0.05567899860564818,""score"":0},""T5_rs_3m"":{""value"":-0.24017738831505586,""score"":0},""T6_adr_healthy"":{""value"":2.231705652368783,""score"":100.0},""_score"":28.29},""geometry"":{""sub_contraction_count"":100.0,""sub_reduction_rate"":0,""sub_pivot_tightness"":7.0,""sub_volume_dryup"":0,""sub_base_depth"":92.8,""sub_base_duration"":100.0,""_score"":45.33},""compression"":{""VC1_atr_ratio"":{""value"":0.5660090349192213,""score"":100},""VC2_range_contraction"":{""value"":1.0398465570140316,""score"":0},""VC3_range_pct_rank"":{""score"":57.49999999999999},""_score"":54.38},""sr_quality"":{""SR1_touches"":{""value"":3,""score"":50.0},""SR2_tightness"":{""value"":0.20700456248326726,""score"":67.23648591623058},""SR3_recency"":{""value"":245,""score"":0.0},""SR4_price_location"":{""score"":64.08982511923692},""SR5_reaction"":{""value"":2.514715746791174,""score"":100},""_score"":56.11,""_levels_found"":5,""_target_level"":45.9623},""volume"":{""V1_rvol_day"":{""value"":0.757465420216396,""score"":17.16436134775973},""V2_rvol_sameslot"":{""value"":1.013713945652585,""score"":34.247596376839,""status"":""ok""},""V3_breakout_bar"":{""value"":1.143472480662387,""score"":42.89816537749247},""V4_base_dryup"":{""value"":0.7400101233290128,""score"":75.99898766709872},""V5_bo_expansion"":{""value"":0.757465420216396,""score"":0},""_score"":36.21},""readiness"":{""_distance_atr"":2.845,""BR1_atr_distance"":{""score"":0},""BR2_compression"":{""score"":44.51896163734174},""BR3_retest"":{""score"":50.0},""BR4_bo_age"":{""score"":50.0},""_score"":28.63},""risk"":{""R1_stop_clarity"":{""score"":0},""R2_stop_distance_pct"":{""value"":3.801807760141107,""score"":100.0},""R3_stop_distance_atr"":{""value"":1.3647206457593826,""score"":93.23603228796912},""R4_rr_potential"":{""value"":6.36416352565959,""score"":100.0},""_score"":63.99},""market"":{""M1_spy_regime"":{""score"":100.0},""M3_earnings_risk"":{""value"":null,""score"":80.0},""M4_vix"":{""value"":null,""score"":60.0},""_score"":84.0},""liquidity"":{""L1_price"":{""value"":45.36,""score"":100.0},""L2_dollar_vol"":{""value"":875130872.9783105,""score"":100.0},""L3_spread_proxy"":{""value"":0.016203703703703692,""score"":83.7962962962963},""L4_volume_zscore"":{""value"":-0.5257047504122995,""score"":100.0},""_score"":98.38},""pattern_structure"":{""n_contractions"":5,""contractions_pct"":[14.34,4.92,3.27,5.11,9.51],""descending_strict"":false,""final_low"":44.3,""final_pivot"":48.955,""structural_low"":44.3,""dry_up_ratio"":1.3282420168736624,""current_price"":45.36,""neckline_distance_pct"":0.07925485008818339,""base_bars"":50},""pattern_geometry_features"":{""contraction_count"":5.0,""first_contraction_pct"":0.1433823529411764,""last_contraction_pct"":0.09508732509447454,""dry_up_ratio"":1.3282420168736624,""near_monotone"":0.0,""base_depth_pct"":0.14280185758513936},""_schema_version"":""1.0""}",,,,,,,,,,
20260623T215729Z-42792d,2026-06-23T21:57:29.965335+00:00,AXTI,ascending_triangle,absent,48.57,51.7,39.4,54.0,41.4,47.7,25.4,59.5,84.0,90.0,7.75,11.03,4.32,5.8,5.73,2.03,2.38,5.04,4.5,False,,92.44,116.7499,79.785,152.4998,"{""trend"":{""T1_ema_stack"":{""value"":[false,true,true],""score"":66.66666666666666},""T2_ema50_slope"":{""value"":0.38275380152803506,""score"":100},""T3_high_proximity"":{""value"":0.6563942341830575,""score"":0},""T4_rs_1m"":{""value"":-0.12057295796980139,""score"":0},""T5_rs_3m"":{""value"":0.5565368726105533,""score"":100},""T6_adr_healthy"":{""value"":14.4964326060338,""score"":0.0},""_score"":51.67},""geometry"":{""sub_flat_top_quality"":33.3,""sub_hl_slope"":19.1,""sub_compression"":34.7,""sub_duration"":100.0,""_score"":39.39},""compression"":{""VC1_atr_ratio"":{""value"":0.6224915371630015,""score"":94.37711570924961},""VC2_range_contraction"":{""value"":0.9791434238309185,""score"":3.4760960281802573},""VC3_range_pct_rank"":{""score"":60.0},""_score"":53.97},""sr_quality"":{""SR1_touches"":{""value"":2,""score"":25.0},""SR2_tightness"":{""value"":1.5655000000000001,""score"":77.60171689171062},""SR3_recency"":{""value"":236,""score"":0.0},""SR4_price_location"":{""score"":30.0},""SR5_reaction"":{""value"":1.9690244120540108,""score"":98.45122060270054},""_score"":41.41,""_levels_found"":6,""_target_level"":91.6655},""volume"":{""V1_rvol_day"":{""value"":1.2787678530942634,""score"":51.91785687295089},""V2_rvol_sameslot"":{""value"":1.9928823335150367,""score"":99.52548890100245,""status"":""ok""},""V3_breakout_bar"":{""value"":1.0224114853238095,""score"":34.82743235492063},""V4_base_dryup"":{""value"":1.2027760168708992,""score"":29.722398312910087},""V5_bo_expansion"":{""value"":1.2787678530942632,""score"":18.58452353961755},""_score"":47.73},""readiness"":{""_distance_atr"":1.739,""BR1_atr_distance"":{""score"":0},""BR2_compression"":{""score"":31.57305443751348},""BR3_retest"":{""score"":50.0},""BR4_bo_age"":{""score"":50.0},""_score"":25.39},""risk"":{""R1_stop_clarity"":{""score"":82.61647142984883},""R2_stop_distance_pct"":{""value"":13.689961055819994,""score"":0.0},""R3_stop_distance_atr"":{""value"":0.9053026915854423,""score"":70.26513457927211},""R4_rr_potential"":{""value"":4.745934413275385,""score"":100.0},""_score"":59.46},""market"":{""M1_spy_regime"":{""score"":100.0},""M3_earnings_risk"":{""value"":null,""score"":80.0},""M4_vix"":{""value"":null,""score"":60.0},""_score"":84.0},""liquidity"":{""L1_price"":{""value"":92.44,""score"":100.0},""L2_dollar_vol"":{""value"":1106967688.6495802,""score"":100.0},""L3_spread_proxy"":{""value"":0.12321505841627002,""score"":0},""L4_volume_zscore"":{""value"":1.1442811546308351,""score"":100.0},""_score"":90.0},""pattern_structure"":{""top"":116.7499,""top_touches"":2,""low_slope_per_bar"":0.04644076108277731,""lowest_low"":81.0,""structural_low"":81.0,""current_price"":91.935,""neckline_distance_pct"":0.2699178767607548,""base_bars"":54},""pattern_geometry_features"":{""top_touches"":2.0,""low_slope"":0.04644076108277731,""compression"":0.173646390013932,""atr_pct"":0.1512197100822155},""_schema_version"":""1.0""}",,,,,,,,,,
20260623T215729Z-42792d,2026-06-23T21:57:29.965335+00:00,NVDA,vcp,absent,48.24,53.3,39.4,61.0,51.0,19.4,26.2,54.4,84.0,97.0,7.99,9.84,7.32,6.12,2.52,1.83,2.72,5.04,4.85,True,risk_unclear,208.65,232.28,196.3499,221.82,"{""trend"":{""T1_ema_stack"":{""value"":[false,true,true],""score"":66.66666666666666},""T2_ema50_slope"":{""value"":0.09540118048246321,""score"":65.9001967470772},""T3_high_proximity"":{""value"":0.8850852634258081,""score"":42.54263171290401},""T4_rs_1m"":{""value"":-0.07055371421676393,""score"":0},""T5_rs_3m"":{""value"":0.060424033492810336,""score"":80.21201674640517},""T6_adr_healthy"":{""value"":3.2540423695429177,""score"":100.0},""_score"":53.26},""geometry"":{""sub_contraction_count"":100.0,""sub_reduction_rate"":0,""sub_pivot_tightness"":0,""sub_volume_dryup"":29.1,""sub_base_depth"":0.0,""sub_base_duration"":100.0,""_score"":39.37},""compression"":{""VC1_atr_ratio"":{""value"":0.5407839076599124,""score"":100},""VC2_range_contraction"":{""value"":0.8144276629814441,""score"":30.928722836425987},""VC3_range_pct_rank"":{""score"":40.833333333333336},""_score"":61.03},""sr_quality"":{""SR1_touches"":{""value"":2,""score"":25.0},""SR2_tightness"":{""value"":1.9653500000000008,""score"":50.63361089132534},""SR3_recency"":{""value"":226,""score"":0.0},""SR4_price_location"":{""score"":83.47756833585008},""SR5_reaction"":{""value"":2.9514085126157017,""score"":100},""_score"":50.96,""_levels_found"":5,""_target_level"":210.7454},""volume"":{""V1_rvol_day"":{""value"":0.7110598229297325,""score"":14.070654861982165},""V2_rvol_sameslot"":{""value"":0.6421362476182255,""score"":9.475749841215036,""status"":""ok""},""V3_breakout_bar"":{""value"":0.6640003367302707,""score"":10.933355782018046},""V4_base_dryup"":{""value"":0.9017370880378827,""score"":59.826291196211734},""V5_bo_expansion"":{""value"":0.7110598229297325,""score"":0},""_score"":19.41},""readiness"":{""_distance_atr"":2.968,""BR1_atr_distance"":{""score"":0},""BR2_compression"":{""score"":34.830730769243296},""BR3_retest"":{""score"":50.0},""BR4_bo_age"":{""score"":50.0},""_score"":26.21},""risk"":{""R1_stop_clarity"":{""score"":24.893560905768112},""R2_stop_distance_pct"":{""value"":5.89508746705009,""score"":100.0},""R3_stop_distance_atr"":{""value"":1.5447923338733802,""score"":100.0},""R4_rr_potential"":{""value"":1.070723002252012,""score"":3.5361501126006},""_score"":54.42},""market"":{""M1_spy_regime"":{""score"":100.0},""M3_earnings_risk"":{""value"":null,""score"":80.0},""M4_vix"":{""value"":null,""score"":60.0},""_score"":84.0},""liquidity"":{""L1_price"":{""value"":208.65,""score"":100.0},""L2_dollar_vol"":{""value"":25463942157.19198,""score"":100.0},""L3_spread_proxy"":{""value"":0.03005032350826748,""score"":69.94967649173252},""L4_volume_zscore"":{""value"":-1.1355783132848187,""score"":100.0},""_score"":96.99},""pattern_structure"":{""n_contractions"":5,""contractions_pct"":[9.09,9.35,10.19,11.74,14.18],""descending_strict"":false,""final_low"":199.34,""final_pivot"":232.28,""structural_low"":199.34,""dry_up_ratio"":0.854412049007037,""current_price"":208.65,""neckline_distance_pct"":0.1132518571770908,""base_bars"":59},""pattern_geometry_features"":{""contraction_count"":5.0,""first_contraction_pct"":0.09085133418043201,""last_contraction_pct"":0.14181160668159118,""dry_up_ratio"":0.854412049007037,""near_monotone"":0.0,""base_depth_pct"":-0.05537907666243121},""_schema_version"":""1.0""}",,,,,,,,,,
20260623T215729Z-42792d,2026-06-23T21:57:29.965335+00:00,MU,vcp,setup,48.13,100.0,36.4,22.4,39.2,20.4,48.2,40.1,84.0,71.3,15.0,9.11,2.69,4.7,2.65,3.38,2.0,5.04,3.56,False,,1211.38,1089.29,841.5348,690.44,"{""trend"":{""T1_ema_stack"":{""value"":[true,true,true],""score"":100.0},""T2_ema50_slope"":{""value"":1.0013364807533054,""score"":100},""T3_high_proximity"":{""value"":1.0,""score"":99.99999999999997},""T4_rs_1m"":{""value"":0.6506772307982442,""score"":100},""T5_rs_3m"":{""value"":1.7167192696150828,""score"":100},""T6_adr_healthy"":{""value"":6.788550103553495,""score"":100.0},""_score"":100.0},""geometry"":{""sub_contraction_count"":100.0,""sub_reduction_rate"":0,""sub_pivot_tightness"":0,""sub_volume_dryup"":9.5,""sub_base_depth"":0.0,""sub_base_duration"":100.0,""_score"":36.42},""compression"":{""VC1_atr_ratio"":{""value"":0.9921182282087155,""score"":1.970442947821116},""VC2_range_contraction"":{""value"":1.068792954179801,""score"":0},""VC3_range_pct_rank"":{""score"":86.66666666666667},""_score"":22.45},""sr_quality"":{""SR1_touches"":{""value"":2,""score"":25.0},""SR2_tightness"":{""value"":17.840000000000032,""score"":61.184805225069695},""SR3_recency"":{""value"":230,""score"":0.0},""SR4_price_location"":{""score"":30.0},""SR5_reaction"":{""value"":2.2381284070236913,""score"":100},""_score"":39.18,""_levels_found"":3,""_target_level"":836.51},""volume"":{""V1_rvol_day"":{""value"":0.9664146864410093,""score"":31.094312429400617},""V2_rvol_sameslot"":{""value"":0.7021301845629788,""score"":13.475345637531921,""status"":""ok""},""V3_breakout_bar"":{""value"":0.6841076372181265,""score"":12.273842481208435},""V4_base_dryup"":{""value"":1.0818091992939005,""score"":41.81908007060995},""V5_bo_expansion"":{""value"":0.9664146864410093,""score"":0},""_score"":20.35},""readiness"":{""_distance_atr"":-1.328,""BR1_atr_distance"":{""score"":33.436395010811445},""BR2_compression"":{""score"":69.38163071930656},""BR3_retest"":{""score"":50.0},""BR4_bo_age"":{""score"":50.0},""_score"":48.22},""risk"":{""R1_stop_clarity"":{""score"":72.11735286774527},""R2_stop_distance_pct"":{""value"":30.53090277204511,""score"":0.0},""R3_stop_distance_atr"":{""value"":4.023434813714341,""score"":98.82825931428295},""R4_rr_potential"":{""value"":-1.4085350562160797,""score"":0.0},""_score"":40.07},""market"":{""M1_spy_regime"":{""score"":100.0},""M3_earnings_risk"":{""value"":null,""score"":80.0},""M4_vix"":{""value"":null,""score"":60.0},""_score"":84.0},""liquidity"":{""L1_price"":{""value"":1211.38,""score"":0.0},""L2_dollar_vol"":{""value"":64373722007.29074,""score"":100.0},""L3_spread_proxy"":{""value"":0.037139460780267135,""score"":62.860539219732864},""L4_volume_zscore"":{""value"":-0.14838682851363244,""score"":100.0},""_score"":71.29},""pattern_structure"":{""n_contractions"":5,""contractions_pct"":[20.11,18.13,33.91,20.33,21.57],""descending_strict"":false,""final_low"":854.35,""final_pivot"":1089.29,""structural_low"":854.35,""dry_up_ratio"":0.9522559119328031,""current_price"":1211.38,""neckline_distance_pct"":-0.1007858805659662,""base_bars"":89},""pattern_geometry_features"":{""contraction_count"":5.0,""first_contraction_pct"":0.20109549945115254,""last_contraction_pct"":0.21568177436678934,""dry_up_ratio"":0.9522559119328031,""near_monotone"":0.0,""base_depth_pct"":-0.8756311745334797},""_schema_version"":""1.0""}",,,,,,,,,,
20260623T215729Z-42792d,2026-06-23T21:57:29.965335+00:00,AXTI,bull_flag,absent,48.03,51.7,34.4,54.0,41.4,56.2,25.4,59.5,84.0,90.0,7.23,10.32,4.86,4.14,7.87,2.29,1.78,5.04,4.5,False,,92.44,116.7499,79.785,157.4998,"{""trend"":{""T1_ema_stack"":{""value"":[false,true,true],""score"":66.66666666666666},""T2_ema50_slope"":{""value"":0.38275380152803506,""score"":100},""T3_high_proximity"":{""value"":0.6563942341830575,""score"":0},""T4_rs_1m"":{""value"":-0.12057295796980139,""score"":0},""T5_rs_3m"":{""value"":0.5565368726105533,""score"":100},""T6_adr_healthy"":{""value"":14.4964326060338,""score"":0.0},""_score"":51.67},""geometry"":{""sub_pole_impulse"":63.6,""sub_flag_tightness"":8.7,""sub_flag_shallowness"":0,""sub_flag_drift"":62.6,""sub_flag_duration"":37.5,""_score"":34.39},""compression"":{""VC1_atr_ratio"":{""value"":0.6224915371630015,""score"":94.37711570924961},""VC2_range_contraction"":{""value"":0.9791434238309185,""score"":3.4760960281802573},""VC3_range_pct_rank"":{""score"":60.0},""_score"":53.97},""sr_quality"":{""SR1_touches"":{""value"":2,""score"":25.0},""SR2_tightness"":{""value"":1.5655000000000001,""score"":77.60171689171062},""SR3_recency"":{""value"":236,""score"":0.0},""SR4_price_location"":{""score"":30.0},""SR5_reaction"":{""value"":1.9690244120540108,""score"":98.45122060270054},""_score"":41.41,""_levels_found"":6,""_target_level"":91.6655},""volume"":{""V1_rvol_day"":{""value"":1.2787678530942634,""score"":51.91785687295089},""V2_rvol_sameslot"":{""value"":1.9928823335150367,""score"":99.52548890100245,""status"":""ok""},""V3_breakout_bar"":{""value"":1.0224114853238095,""score"":34.82743235492063},""V4_base_dryup"":{""value"":0.7780597854783733,""score"":72.19402145216267},""V5_bo_expansion"":{""value"":1.2787678530942632,""score"":18.58452353961755},""_score"":56.22},""readiness"":{""_distance_atr"":1.739,""BR1_atr_distance"":{""score"":0},""BR2_compression"":{""score"":31.57305443751348},""BR3_retest"":{""score"":50.0},""BR4_bo_age"":{""score"":50.0},""_score"":25.39},""risk"":{""R1_stop_clarity"":{""score"":82.61647142984883},""R2_stop_distance_pct"":{""value"":13.689961055819994,""score"":0.0},""R3_stop_distance_atr"":{""value"":0.9053026915854423,""score"":70.26513457927211},""R4_rr_potential"":{""value"":5.14103516396681,""score"":100.0},""_score"":59.46},""market"":{""M1_spy_regime"":{""score"":100.0},""M3_earnings_risk"":{""value"":null,""score"":80.0},""M4_vix"":{""value"":null,""score"":60.0},""_score"":84.0},""liquidity"":{""L1_price"":{""value"":92.44,""score"":100.0},""L2_dollar_vol"":{""value"":1106967688.6495802,""score"":100.0},""L3_spread_proxy"":{""value"":0.12321505841627002,""score"":0},""L4_volume_zscore"":{""value"":1.1442811546308351,""score"":100.0},""_score"":90.0},""pattern_structure"":{""pole_low"":76.0,""pole_low_idx"":9,""peak_price"":116.7499,""peak_idx"":34,""pole_gain"":0.5361828947368421,""flag_bars"":25,""flag_low"":81.0,""flag_high"":115.31,""structural_low"":81.0,""current_price"":91.935,""neckline_distance_pct"":0.2699178767607548,""base_bars"":25},""pattern_geometry_features"":{""pole_gain"":0.5361828947368421,""pullback_pct"":0.3062092558537523,""flag_range_pct"":0.2938760547118242,""flag_drift_per_bar"":-0.007483516363986263,""atr_pct"":0.1512197100822155,""pole_atr_multiple"":3.5457209542679915},""_schema_version"":""1.0""}",,,,,,,,,,
20260623T215729Z-42792d,2026-06-23T21:57:29.965335+00:00,GD,ascending_triangle,absent,47.95,55.4,45.6,31.6,37.9,42.0,24.0,53.6,84.0,97.8,8.31,12.76,2.53,5.31,5.04,1.92,2.14,5.04,4.89,True,risk_unclear,343.36,367.0,338.51,390.335,"{""trend"":{""T1_ema_stack"":{""value"":[false,true,true],""score"":66.66666666666666},""T2_ema50_slope"":{""value"":0.0525567666596101,""score"":58.75946110993502},""T3_high_proximity"":{""value"":0.943011727225289,""score"":71.50586361264449},""T4_rs_1m"":{""value"":0.00638937220726965,""score"":56.38937220726965},""T5_rs_3m"":{""value"":-0.15473908319949914,""score"":0},""T6_adr_healthy"":{""value"":2.0253473766696386,""score"":100.0},""_score"":55.42},""geometry"":{""sub_flat_top_quality"":100,""sub_hl_slope"":1.9,""sub_compression"":0,""sub_duration"":100.0,""_score"":45.57},""compression"":{""VC1_atr_ratio"":{""value"":0.7835088436192994,""score"":54.12278909517515},""VC2_range_contraction"":{""value"":1.5677316999457795,""score"":0},""VC3_range_pct_rank"":{""score"":40.0},""_score"":31.65},""sr_quality"":{""SR1_touches"":{""value"":3,""score"":50.0},""SR2_tightness"":{""value"":1.8660296532120428,""score"":56.59855439636403},""SR3_recency"":{""value"":238,""score"":0.0},""SR4_price_location"":{""score"":12.380602498163146},""SR5_reaction"":{""value"":1.5087150946269603,""score"":75.43575473134801},""_score"":37.9,""_levels_found"":5,""_target_level"":351.31},""volume"":{""V1_rvol_day"":{""value"":1.2844023427145426,""score"":52.293489514302834},""V2_rvol_sameslot"":{""value"":1.364601295516655,""score"":57.64008636777701,""status"":""ok""},""V3_breakout_bar"":{""value"":0.9123007680545925,""score"":27.486717870306165},""V4_base_dryup"":{""value"":0.9837303772603834,""score"":51.62696227396167},""V5_bo_expansion"":{""value"":1.2844023427145426,""score"":18.960156180969502},""_score"":42.03},""readiness"":{""_distance_atr"":2.749,""BR1_atr_distance"":{""score"":0},""BR2_compression"":{""score"":26.06139626805537},""BR3_retest"":{""score"":50.0},""BR4_bo_age"":{""score"":50.0},""_score"":24.02},""risk"":{""R1_stop_clarity"":{""score"":0},""R2_stop_distance_pct"":{""value"":1.4125043685927225,""score"":85.31260921481807},""R3_stop_distance_atr"":{""value"":0.5640208497736392,""score"":53.20104248868196},""R4_rr_potential"":{""value"":9.685616936169822,""score"":100.0},""_score"":53.57},""market"":{""M1_spy_regime"":{""score"":100.0},""M3_earnings_risk"":{""value"":null,""score"":80.0},""M4_vix"":{""value"":null,""score"":60.0},""_score"":84.0},""liquidity"":{""L1_price"":{""value"":343.36,""score"":100.0},""L2_dollar_vol"":{""value"":574850066.3765523,""score"":100.0},""L3_spread_proxy"":{""value"":0.021464352283317813,""score"":78.53564771668219},""L4_volume_zscore"":{""value"":0.48974408518293516,""score"":100.0},""_score"":97.85},""pattern_structure"":{""top"":367.0,""top_touches"":5,""low_slope_per_bar"":0.019687645146306967,""lowest_low"":343.665,""structural_low"":343.665,""current_price"":343.81,""neckline_distance_pct"":0.06745004508304005,""base_bars"":37},""pattern_geometry_features"":{""top_touches"":5.0,""low_slope"":0.019687645146306967,""compression"":-0.2942780461202119,""atr_pct"":0.025043477899081366},""_schema_version"":""1.0""}",,,,,,,,,,
20260623T215729Z-42792d,2026-06-23T21:57:29.965335+00:00,AMZN,base_on_base,invalidated,47.71,32.6,54.5,28.2,56.0,56.1,22.0,13.1,84.0,95.8,5.87,13.62,2.82,5.6,6.73,1.76,0.65,5.88,4.79,True,risk_unclear,232.79,274.75,251.3621,285.34,"{""trend"":{""T1_ema_stack"":{""value"":[false,false,true],""score"":33.33333333333333},""T2_ema50_slope"":{""value"":-0.019459386470187967,""score"":46.75676892163534},""T3_high_proximity"":{""value"":0.8465398741772427,""score"":23.26993708862135},""T4_rs_1m"":{""value"":-0.12581640541357286,""score"":0},""T5_rs_3m"":{""value"":-0.01422529447172427,""score"":42.887352764137866},""T6_adr_healthy"":{""value"":2.85830901821884,""score"":100.0},""_score"":32.61},""geometry"":{""sub_shallower_second"":0,""sub_second_base_depth"":91.2,""sub_rim_advance"":100,""sub_dry_up"":30.1,""sub_second_base_duration"":68.0,""_score"":54.46},""compression"":{""VC1_atr_ratio"":{""value"":0.7347190039180939,""score"":66.32024902047652},""VC2_range_contraction"":{""value"":1.345165593657807,""score"":0},""VC3_range_pct_rank"":{""score"":6.666666666666665},""_score"":28.19},""sr_quality"":{""SR1_touches"":{""value"":4,""score"":75.0},""SR2_tightness"":{""value"":1.209769477007912,""score"":71.15031069045355},""SR3_recency"":{""value"":225,""score"":0.0},""SR4_price_location"":{""score"":31.31465637756526},""SR5_reaction"":{""value"":3.2430288634196387,""score"":100},""_score"":56.0,""_levels_found"":7,""_target_level"":248.1438},""volume"":{""V1_rvol_day"":{""value"":1.4960951271665948,""score"":66.40634181110632},""V2_rvol_sameslot"":{""value"":2.179958775489887,""score"":100,""status"":""ok""},""V3_breakout_bar"":{""value"":1.2760906225020932,""score"":51.73937483347287},""V4_base_dryup"":{""value"":1.2554280451514852,""score"":24.457195484851482},""V5_bo_expansion"":{""value"":1.4960951271665948,""score"":33.07300847777299},""_score"":56.07},""readiness"":{""_distance_atr"":5.003,""BR1_atr_distance"":{""score"":0},""BR2_compression"":{""score"":17.89653126234131},""BR3_retest"":{""score"":50.0},""BR4_bo_age"":{""score"":50.0},""_score"":21.97},""risk"":{""R1_stop_clarity"":{""score"":8.716259318530035},""R2_stop_distance_pct"":{""value"":-7.978070363847242,""score"":0.0},""R3_stop_distance_atr"":{""value"":-2.2144746064988916,""score"":0.0},""R4_rr_potential"":{""value"":null,""score"":50.0},""_score"":13.05},""market"":{""M1_spy_regime"":{""score"":100.0},""M3_earnings_risk"":{""value"":null,""score"":80.0},""M4_vix"":{""value"":null,""score"":60.0},""_score"":84.0},""liquidity"":{""L1_price"":{""value"":232.79,""score"":100.0},""L2_dollar_vol"":{""value"":15920165160.830889,""score"":100.0},""L3_spread_proxy"":{""value"":0.04192619957901968,""score"":58.07380042098033},""L4_volume_zscore"":{""value"":1.9322566178428608,""score"":100.0},""_score"":95.81},""pattern_structure"":{""first_base_low"":202.48,""first_base_top"":213.07,""first_base_bars"":20,""second_base_low"":255.19,""second_base_top"":274.75,""second_base_bars"":17,""structural_low"":255.19,""stacking_overlap_pct"":-0.19768151311775475,""current_price"":232.79,""neckline_distance_pct"":0.18024829245242496,""base_bars"":17},""pattern_geometry_features"":{""first_base_depth_pct"":0.049701975876472536,""second_base_depth_pct"":0.07119199272065516,""second_dry_up_ratio"":0.8493999197857622,""rim_advance_pct"":0.2894823297507862,""atr_pct"":0.03602692187317812},""_schema_version"":""1.0""}",,,,,,,,,,
20260623T215729Z-42792d,2026-06-23T21:57:29.965335+00:00,NXE,bull_flag,absent,47.47,19.8,49.2,62.3,69.4,9.5,47.8,76.0,84.0,88.6,2.78,14.77,5.61,6.94,1.33,4.3,2.28,5.04,4.43,False,,10.45,10.91,10.1603,12.17,"{""trend"":{""T1_ema_stack"":{""value"":[false,false,true],""score"":33.33333333333333},""T2_ema50_slope"":{""value"":-0.3302020859483936,""score"":0},""T3_high_proximity"":{""value"":0.7977099236641221,""score"":0},""T4_rs_1m"":{""value"":-0.01745610657545471,""score"":32.54389342454529},""T5_rs_3m"":{""value"":-0.2196764703635058,""score"":0},""T6_adr_healthy"":{""value"":5.270676974568989,""score"":100.0},""_score"":19.84},""geometry"":{""sub_pole_impulse"":25.4,""sub_flag_tightness"":53.2,""sub_flag_shallowness"":16.5,""sub_flag_drift"":100,""sub_flag_duration"":100.0,""_score"":49.22},""compression"":{""VC1_atr_ratio"":{""value"":0.5328717264720985,""score"":100},""VC2_range_contraction"":{""value"":1.0544415467295492,""score"":0},""VC3_range_pct_rank"":{""score"":89.16666666666666},""_score"":62.29},""sr_quality"":{""SR1_touches"":{""value"":4,""score"":75.0},""SR2_tightness"":{""value"":0.14579337262029438,""score"":56.90411687251129},""SR3_recency"":{""value"":242,""score"":0.0},""SR4_price_location"":{""score"":93.28037245048772},""SR5_reaction"":{""value"":2.098285545373928,""score"":100},""_score"":69.36,""_levels_found"":5,""_target_level"":10.6015},""volume"":{""V1_rvol_day"":{""value"":0.5177717549612493,""score"":1.1847836640832852},""V2_rvol_sameslot"":{""value"":0.4422552255400488,""score"":0,""status"":""ok""},""V3_breakout_bar"":{""value"":0.6108446445065123,""score"":7.389642967100822},""V4_base_dryup"":{""value"":1.1304232249699007,""score"":36.95767750300993},""V5_bo_expansion"":{""value"":0.5177717549612492,""score"":0},""_score"":9.48},""readiness"":{""_distance_atr"":0.68,""BR1_atr_distance"":{""score"":54.675337471672016},""BR2_compression"":{""score"":33.81250562235694},""BR3_retest"":{""score"":50.0},""BR4_bo_age"":{""score"":50.0},""_score"":47.82},""risk"":{""R1_stop_clarity"":{""score"":54.26396689328973},""R2_stop_distance_pct"":{""value"":2.7724880382775186,""score"":100.0},""R3_stop_distance_atr"":{""value"":0.4282072125332554,""score"":46.41036062666277},""R4_rr_potential"":{""value"":5.936664078004993,""score"":100.0},""_score"":75.95},""market"":{""M1_spy_regime"":{""score"":100.0},""M3_earnings_risk"":{""value"":null,""score"":80.0},""M4_vix"":{""value"":null,""score"":60.0},""_score"":84.0},""liquidity"":{""L1_price"":{""value"":10.45,""score"":100.0},""L2_dollar_vol"":{""value"":37759856.26641965,""score"":78.85151662396628},""L3_spread_proxy"":{""value"":0.029186602870813372,""score"":70.81339712918663},""L4_volume_zscore"":{""value"":-1.1428979610290777,""score"":100.0},""_score"":88.62},""pattern_structure"":{""pole_low"":9.65,""pole_low_idx"":23,""peak_price"":10.91,""peak_idx"":48,""pole_gain"":0.13056994818652848,""flag_bars"":11,""flag_low"":10.315,""flag_high"":10.715,""structural_low"":10.315,""current_price"":10.495,""neckline_distance_pct"":0.03954263935207251,""base_bars"":11},""pattern_geometry_features"":{""pole_gain"":0.13056994818652848,""pullback_pct"":0.05453712190650785,""flag_range_pct"":0.03666361136571956,""flag_drift_per_bar"":0.0003291610723721171,""atr_pct"":0.06474641148325361,""pole_atr_multiple"":2.0166360605220546},""_schema_version"":""1.0""}",,,,,,,,,,
20260623T215729Z-42792d,2026-06-23T21:57:29.965335+00:00,LHX,vcp,invalidated,46.92,17.0,58.6,17.4,45.8,74.7,33.8,11.1,84.0,89.0,2.55,14.66,2.09,5.49,9.71,2.37,0.56,5.04,4.45,True,risk_unclear,285.83,311.46,294.8942,391.305,"{""trend"":{""T1_ema_stack"":{""value"":[false,false,true],""score"":33.33333333333333},""T2_ema50_slope"":{""value"":-0.18949761372135493,""score"":18.417064379774178},""T3_high_proximity"":{""value"":0.7896510760560267,""score"":0},""T4_rs_1m"":{""value"":-0.07966872556776605,""score"":0},""T5_rs_3m"":{""value"":-0.3376794811176014,""score"":0},""T6_adr_healthy"":{""value"":2.56821140782598,""score"":100.0},""_score"":17.02},""geometry"":{""sub_contraction_count"":100.0,""sub_reduction_rate"":2.1,""sub_pivot_tightness"":87.4,""sub_volume_dryup"":0,""sub_base_depth"":100.0,""sub_base_duration"":100.0,""_score"":58.63},""compression"":{""VC1_atr_ratio"":{""value"":0.8675872175715533,""score"":33.103195607111665},""VC2_range_contraction"":{""value"":1.7352465638522843,""score"":0},""VC3_range_pct_rank"":{""score"":16.666666666666664},""_score"":17.41},""sr_quality"":{""SR1_touches"":{""value"":2,""score"":25.0},""SR2_tightness"":{""value"":1.3570499999999868,""score"":70.73917891598205},""SR3_recency"":{""value"":231,""score"":0.0},""SR4_price_location"":{""score"":60.54802337329484},""SR5_reaction"":{""value"":1.6693955532829814,""score"":83.46977766414906},""_score"":45.77,""_levels_found"":7,""_target_level"":298.028},""volume"":{""V1_rvol_day"":{""value"":2.0364061488444496,""score"":100},""V2_rvol_sameslot"":{""value"":2.4683708498132284,""score"":100,""status"":""ok""},""V3_breakout_bar"":{""value"":1.1613984273316438,""score"":44.093228488776255},""V4_base_dryup"":{""value"":0.8341707547219904,""score"":66.58292452780096},""V5_bo_expansion"":{""value"":2.0364061488444496,""score"":69.09374325629663},""_score"":74.7},""readiness"":{""_distance_atr"":2.763,""BR1_atr_distance"":{""score"":0},""BR2_compression"":{""score"":65.37159733034879},""BR3_retest"":{""score"":50.0},""BR4_bo_age"":{""score"":50.0},""_score"":33.84},""risk"":{""R1_stop_clarity"":{""score"":3.16954879806822},""R2_stop_distance_pct"":{""value"":-3.171194416261422,""score"":0.0},""R3_stop_distance_atr"":{""value"":-0.9772177369672663,""score"":0.0},""R4_rr_potential"":{""value"":null,""score"":50.0},""_score"":11.11},""market"":{""M1_spy_regime"":{""score"":100.0},""M3_earnings_risk"":{""value"":null,""score"":80.0},""M4_vix"":{""value"":null,""score"":60.0},""_score"":84.0},""liquidity"":{""L1_price"":{""value"":285.83,""score"":100.0},""L2_dollar_vol"":{""value"":730148569.8695194,""score"":100.0},""L3_spread_proxy"":{""value"":0.035440646538152036,""score"":64.55935346184796},""L4_volume_zscore"":{""value"":2.342198579379666,""score"":70.0},""_score"":88.96},""pattern_structure"":{""n_contractions"":5,""contractions_pct"":[6.32,4.73,8.9,5.32,3.88],""descending_strict"":false,""final_low"":299.385,""final_pivot"":311.46,""structural_low"":299.385,""dry_up_ratio"":1.2749188283210757,""current_price"":285.83,""neckline_distance_pct"":0.08966868418290591,""base_bars"":68},""pattern_geometry_features"":{""contraction_count"":5.0,""first_contraction_pct"":0.06318065553885514,""last_contraction_pct"":0.03876902330957423,""dry_up_ratio"":1.2749188283210757,""near_monotone"":0.0,""base_depth_pct"":0.210545051815521},""_schema_version"":""1.0""}",,,,,,,,,,
20260623T215729Z-42792d,2026-06-23T21:57:29.965335+00:00,UEC,inverse_head_shoulders,absent,46.62,13.3,47.8,50.8,72.3,23.0,22.4,57.1,84.0,96.2,1.6,13.39,4.06,10.12,3.22,1.79,3.43,4.2,4.81,False,,11.47,13.285,9.2196,17.21,"{""trend"":{""T1_ema_stack"":{""value"":[false,false,true],""score"":33.33333333333333},""T2_ema50_slope"":{""value"":-0.514355851224187,""score"":0},""T3_high_proximity"":{""value"":0.6964177292046145,""score"":0},""T4_rs_1m"":{""value"":-0.10462824455245845,""score"":0},""T5_rs_3m"":{""value"":-0.1990224648071911,""score"":0},""T6_adr_healthy"":{""value"":7.524207350343605,""score"":100.0},""_score"":13.33},""geometry"":{""sub_head_depth"":78.0,""sub_shoulder_price_sym"":16.8,""sub_shoulder_time_sym"":80.0,""sub_right_shoulder_reaction"":53.4,""sub_base_context"":30.0,""_score"":47.82},""compression"":{""VC1_atr_ratio"":{""value"":0.7274857160977666,""score"":68.12857097555836},""VC2_range_contraction"":{""value"":1.1205783119090038,""score"":0},""VC3_range_pct_rank"":{""score"":94.16666666666667},""_score"":50.79},""sr_quality"":{""SR1_touches"":{""value"":6,""score"":100},""SR2_tightness"":{""value"":0.2848598583319328,""score"":51.5188152535931},""SR3_recency"":{""value"":225,""score"":0.0},""SR4_price_location"":{""score"":81.51277360061759},""SR5_reaction"":{""value"":1.8899604301022979,""score"":94.49802150511489},""_score"":72.28,""_levels_found"":6,""_target_level"":12.1942},""volume"":{""V1_rvol_day"":{""value"":0.8454129869276189,""score"":23.02753246184126},""V2_rvol_sameslot"":{""value"":0.8509751897288218,""score"":23.39834598192145,""status"":""ok""},""V3_breakout_bar"":{""value"":0.9196594019539822,""score"":27.977293463598812},""V4_base_dryup"":{""value"":1.1654003251374856,""score"":33.45996748625144},""V5_bo_expansion"":{""value"":0.8454129869276189,""score"":0},""_score"":22.97},""readiness"":{""_distance_atr"":1.545,""BR1_atr_distance"":{""score"":0},""BR2_compression"":{""score"":19.584564815640636},""BR3_retest"":{""score"":50.0},""BR4_bo_age"":{""score"":50.0},""_score"":22.4},""risk"":{""R1_stop_clarity"":{""score"":76.10488758137365},""R2_stop_distance_pct"":{""value"":19.619877942458594,""score"":0.0},""R3_stop_distance_atr"":{""value"":1.9150128556580097,""score"":100.0},""R4_rr_potential"":{""value"":2.5506576608602907,""score"":77.53288304301454},""_score"":57.14},""market"":{""M1_spy_regime"":{""score"":100.0},""M3_earnings_risk"":{""value"":null,""score"":80.0},""M4_vix"":{""value"":null,""score"":60.0},""_score"":84.0},""liquidity"":{""L1_price"":{""value"":11.47,""score"":100.0},""L2_dollar_vol"":{""value"":123543817.46572453,""score"":100.0},""L3_spread_proxy"":{""value"":0.037925021795989576,""score"":62.07497820401042},""L4_volume_zscore"":{""value"":-0.29653955783542213,""score"":100.0},""_score"":96.21},""pattern_structure"":{""left_shoulder"":12.4304,""left_shoulder_idx"":39,""head"":9.36,""head_idx"":57,""right_shoulder"":11.63,""right_shoulder_idx"":77,""left_to_head_bars"":18,""head_to_right_bars"":20,""structural_low"":9.36,""current_price"":11.5,""neckline_distance_pct"":0.15521739130434783,""base_bars"":38},""pattern_geometry_features"":{""head_depth_pct"":0.22195807218500116,""shoulder_price_asymmetry"":0.06653255972469284,""shoulder_time_asymmetry"":0.1,""right_shoulder_reaction"":0.5344827586206891,""atr_pct"":0.10245298293685391},""_schema_version"":""1.0""}",,,,,,,,,,
20260623T215729Z-42792d,2026-06-23T21:57:29.965335+00:00,HPE,breakout_retest_hold,setup,46.53,89.7,12.9,52.1,43.6,10.6,56.9,64.2,84.0,96.0,12.55,2.85,3.13,6.1,1.38,10.24,3.21,4.2,2.88,False,,48.4,46.4,46.4607,45.34,"{""trend"":{""T1_ema_stack"":{""value"":[true,true,true],""score"":100.0},""T2_ema50_slope"":{""value"":1.1905126985899872,""score"":100},""T3_high_proximity"":{""value"":0.8619768477292965,""score"":30.98842386464823},""T4_rs_1m"":{""value"":0.4277165750321801,""score"":100},""T5_rs_3m"":{""value"":1.0837026477934397,""score"":100},""T6_adr_healthy"":{""value"":6.532857793704359,""score"":100.0},""_score"":89.65},""geometry"":{""sub_retest_depth"":0.0,""sub_retest_timing"":0.0,""sub_retest_freshness"":25.0,""sub_hold_quality"":26.5,""_score"":12.95},""compression"":{""VC1_atr_ratio"":{""value"":0.5263171600226513,""score"":100},""VC2_range_contraction"":{""value"":0.9599313957435986,""score"":6.678100709400225},""VC3_range_pct_rank"":{""score"":39.16666666666667},""_score"":52.13},""sr_quality"":{""SR1_touches"":{""value"":4,""score"":75.0},""SR2_tightness"":{""value"":1.0211903287340716,""score"":48.91247665317595},""SR3_recency"":{""value"":270,""score"":0.0},""SR4_price_location"":{""score"":30.0},""SR5_reaction"":{""value"":0.8313932816740601,""score"":41.569664083703},""_score"":43.57,""_levels_found"":2,""_target_level"":25.0912},""volume"":{""V1_rvol_day"":{""value"":0.5313149645610977,""score"":2.087664304073182},""V2_rvol_sameslot"":{""value"":0.7266288445434325,""score"":15.108589636228832,""status"":""ok""},""V3_breakout_bar"":{""value"":0.9292389055548814,""score"":28.615927036992094},""V4_base_dryup"":{""value"":1.5430852286072474,""score"":0},""V5_bo_expansion"":{""value"":0.5313149645610976,""score"":0},""_score"":10.59},""readiness"":{""_distance_atr"":-0.5,""BR1_atr_distance"":{""score"":49.99451485010533},""BR2_compression"":{""score"":49.50597019550106},""BR3_retest"":{""score"":100},""BR4_bo_age"":{""score"":30.0},""_score"":56.87},""risk"":{""R1_stop_clarity"":{""score"":76.5221290957723},""R2_stop_distance_pct"":{""value"":4.006818181818173,""score"":100.0},""R3_stop_distance_atr"":{""value"":0.48509093377976736,""score"":49.25454668898836},""R4_rr_potential"":{""value"":-1.5778889289950029,""score"":0.0},""_score"":64.17},""market"":{""M1_spy_regime"":{""score"":100.0},""M3_earnings_risk"":{""value"":null,""score"":80.0},""M4_vix"":{""value"":null,""score"":60.0},""_score"":84.0},""liquidity"":{""L1_price"":{""value"":48.4,""score"":100.0},""L2_dollar_vol"":{""value"":1126656690.7912447,""score"":100.0},""L3_spread_proxy"":{""value"":0.03966942148760334,""score"":60.330578512396656},""L4_volume_zscore"":{""value"":-0.5807557660486506,""score"":100.0},""_score"":96.03},""pattern_structure"":{""level"":46.4,""level_idx"":38,""breakout_idx"":44,""bo_peak_idx"":65,""bo_peak_price"":50.45,""retest_idx"":70,""retest_low"":46.93,""structural_low"":46.93,""current_price"":47.825,""neckline_distance_pct"":-0.029796131730266684,""base_bars"":41,""bars_since_breakout"":35},""pattern_geometry_features"":{""retest_depth_atr"":-0.5905433476326549,""bars_breakout_to_retest"":26.0,""bars_since_retest"":9.0,""current_above_level_atr"":1.5877816422198754,""bo_peak_excess_pct"":0.08728448275862079,""atr_pct"":0.08259932113341208},""_schema_version"":""1.0""}",,,,,,,,,,
20260623T215729Z-42792d,2026-06-23T21:57:29.965335+00:00,AEVA,bull_flag,absent,46.3,85.7,33.1,55.6,44.1,5.7,35.5,58.5,84.0,83.2,12.0,9.94,5.0,4.41,0.8,3.19,1.75,5.04,4.16,False,,25.27,28.24,22.2118,35.71,"{""trend"":{""T1_ema_stack"":{""value"":[true,true,true],""score"":100.0},""T2_ema50_slope"":{""value"":0.8905538500691065,""score"":100},""T3_high_proximity"":{""value"":0.8627517924206214,""score"":31.37589621031067},""T4_rs_1m"":{""value"":0.19282691562625054,""score"":100},""T5_rs_3m"":{""value"":0.6431880060354556,""score"":100},""T6_adr_healthy"":{""value"":11.169755095386055,""score"":20.756122615348627},""_score"":85.74},""geometry"":{""sub_pole_impulse"":55.5,""sub_flag_tightness"":12.2,""sub_flag_shallowness"":0,""sub_flag_drift"":89.6,""sub_flag_duration"":0.0,""_score"":33.14},""compression"":{""VC1_atr_ratio"":{""value"":0.5292393965806814,""score"":100},""VC2_range_contraction"":{""value"":0.8793649859717378,""score"":20.105835671377026},""VC3_range_pct_rank"":{""score"":34.166666666666664},""_score"":55.58},""sr_quality"":{""SR1_touches"":{""value"":3,""score"":50.0},""SR2_tightness"":{""value"":0.7864265170164771,""score"":44.278279159816094},""SR3_recency"":{""value"":230,""score"":0.0},""SR4_price_location"":{""score"":30.0},""SR5_reaction"":{""value"":2.2626148114220546,""score"":100},""_score"":44.14,""_levels_found"":4,""_target_level"":21.85},""volume"":{""V1_rvol_day"":{""value"":0.6804209795142967,""score"":12.028065300953113},""V2_rvol_sameslot"":{""value"":0.40465364529734676,""score"":0,""status"":""ok""},""V3_breakout_bar"":{""value"":0.6965039598709881,""score"":13.100263991399208},""V4_base_dryup"":{""value"":1.869157304289991,""score"":0},""V5_bo_expansion"":{""value"":0.6804209795142967,""score"":0},""_score"":5.68},""readiness"":{""_distance_atr"":1.052,""BR1_atr_distance"":{""score"":29.8542172241806},""BR2_compression"":{""score"":24.08954720445746},""BR3_retest"":{""score"":50.0},""BR4_bo_age"":{""score"":50.0},""_score"":35.46},""risk"":{""R1_stop_clarity"":{""score"":76.03352421826179},""R2_stop_distance_pct"":{""value"":12.102295211713484,""score"":0.0},""R3_stop_distance_atr"":{""value"":1.0834512130007556,""score"":79.17256065003778},""R4_rr_potential"":{""value"":3.413716995013489,""score"":100.0},""_score"":58.49},""market"":{""M1_spy_regime"":{""score"":100.0},""M3_earnings_risk"":{""value"":null,""score"":80.0},""M4_vix"":{""value"":null,""score"":60.0},""_score"":84.0},""liquidity"":{""L1_price"":{""value"":25.27,""score"":100.0},""L2_dollar_vol"":{""value"":45664736.9004036,""score"":82.97904798912077},""L3_spread_proxy"":{""value"":0.10605461020973485,""score"":0},""L4_volume_zscore"":{""value"":-0.845457971239499,""score"":100.0},""_score"":83.19},""pattern_structure"":{""pole_low"":20.77,""pole_low_idx"":9,""peak_price"":28.24,""peak_idx"":30,""pole_gain"":0.35965334617236394,""flag_bars"":29,""flag_low"":22.55,""flag_high"":27.9,""structural_low"":22.55,""current_price"":25.93,""neckline_distance_pct"":0.08908600077130732,""base_bars"":29},""pattern_geometry_features"":{""pole_gain"":0.35965334617236394,""pullback_pct"":0.20148725212464583,""flag_range_pct"":0.1894475920679886,""flag_drift_per_bar"":-0.0020772048277001944,""atr_pct"":0.1117013398157047,""pole_atr_multiple"":3.2197764750696245},""_schema_version"":""1.0""}",,,,,,,,,,
20260623T215729Z-42792d,2026-06-23T21:57:29.965335+00:00,NXE,vcp,absent,46.06,19.8,45.0,62.3,69.4,15.0,25.9,55.8,84.0,88.6,2.98,11.25,7.47,8.32,1.96,1.82,2.79,5.04,4.43,False,,10.45,12.5,9.0324,15.65,"{""trend"":{""T1_ema_stack"":{""value"":[false,false,true],""score"":33.33333333333333},""T2_ema50_slope"":{""value"":-0.3302020859483936,""score"":0},""T3_high_proximity"":{""value"":0.7977099236641221,""score"":0},""T4_rs_1m"":{""value"":-0.01745610657545471,""score"":32.54389342454529},""T5_rs_3m"":{""value"":-0.2196764703635058,""score"":0},""T6_adr_healthy"":{""value"":5.270676974568989,""score"":100.0},""_score"":19.84},""geometry"":{""sub_contraction_count"":100.0,""sub_reduction_rate"":0,""sub_pivot_tightness"":0,""sub_volume_dryup"":0,""sub_base_depth"":100.0,""sub_base_duration"":100.0,""_score"":45.0},""compression"":{""VC1_atr_ratio"":{""value"":0.5328717264720985,""score"":100},""VC2_range_contraction"":{""value"":1.0544415467295492,""score"":0},""VC3_range_pct_rank"":{""score"":89.16666666666666},""_score"":62.29},""sr_quality"":{""SR1_touches"":{""value"":4,""score"":75.0},""SR2_tightness"":{""value"":0.14579337262029438,""score"":56.90411687251129},""SR3_recency"":{""value"":242,""score"":0.0},""SR4_price_location"":{""score"":93.28037245048772},""SR5_reaction"":{""value"":2.098285545373928,""score"":100},""_score"":69.36,""_levels_found"":5,""_target_level"":10.6015},""volume"":{""V1_rvol_day"":{""value"":0.5177717549612493,""score"":1.1847836640832852},""V2_rvol_sameslot"":{""value"":0.4422552255400488,""score"":0,""status"":""ok""},""V3_breakout_bar"":{""value"":0.6108446445065123,""score"":7.389642967100822},""V4_base_dryup"":{""value"":0.8524451265722073,""score"":64.75548734277928},""V5_bo_expansion"":{""value"":0.5177717549612492,""score"":0},""_score"":15.04},""readiness"":{""_distance_atr"":3.03,""BR1_atr_distance"":{""score"":0},""BR2_compression"":{""score"":33.81250562235694},""BR3_retest"":{""score"":50.0},""BR4_bo_age"":{""score"":50.0},""_score"":25.95},""risk"":{""R1_stop_clarity"":{""score"":59.340821755837744},""R2_stop_distance_pct"":{""value"":13.565071770334933,""score"":0.0},""R3_stop_distance_atr"":{""value"":2.0951078924031923,""score"":100.0},""R4_rr_potential"":{""value"":3.6683009417657226,""score"":100.0},""_score"":55.77},""market"":{""M1_spy_regime"":{""score"":100.0},""M3_earnings_risk"":{""value"":null,""score"":80.0},""M4_vix"":{""value"":null,""score"":60.0},""_score"":84.0},""liquidity"":{""L1_price"":{""value"":10.45,""score"":100.0},""L2_dollar_vol"":{""value"":37759856.26641965,""score"":78.85151662396628},""L3_spread_proxy"":{""value"":0.029186602870813372,""score"":70.81339712918663},""L4_volume_zscore"":{""value"":-1.1428979610290777,""score"":100.0},""_score"":88.62},""pattern_structure"":{""n_contractions"":5,""contractions_pct"":[9.66,8.35,12.7,20.02,26.64],""descending_strict"":false,""final_low"":9.17,""final_pivot"":12.5,""structural_low"":9.17,""dry_up_ratio"":1.1000898689459764,""current_price"":10.45,""neckline_distance_pct"":0.19617224880382783,""base_bars"":44},""pattern_geometry_features"":{""contraction_count"":5.0,""first_contraction_pct"":0.09659090909090905,""last_contraction_pct"":0.2664,""dry_up_ratio"":1.1000898689459764,""near_monotone"":0.0,""base_depth_pct"":0.25568181818181823},""_schema_version"":""1.0""}",,,,,,,,,,
20260623T215729Z-42792d,2026-06-23T21:57:29.965335+00:00,UUUU,vcp,absent,45.95,14.6,45.2,55.5,66.0,21.7,33.7,60.1,84.0,92.8,2.19,11.31,6.67,7.92,2.82,2.36,3.01,5.04,4.64,False,,16.12,19.75,13.3665,25.92,"{""trend"":{""T1_ema_stack"":{""value"":[false,false,true],""score"":33.33333333333333},""T2_ema50_slope"":{""value"":-0.6580925802295777,""score"":0},""T3_high_proximity"":{""value"":0.685374149659864,""score"":0},""T4_rs_1m"":{""value"":-0.043568626426304546,""score"":6.431373573695453},""T5_rs_3m"":{""value"":-0.18535235382364734,""score"":0},""T6_adr_healthy"":{""value"":7.371891347251484,""score"":100.0},""_score"":14.62},""geometry"":{""sub_contraction_count"":100.0,""sub_reduction_rate"":0,""sub_pivot_tightness"":0,""sub_volume_dryup"":9.9,""sub_base_depth"":87.4,""sub_base_duration"":100.0,""_score"":45.23},""compression"":{""VC1_atr_ratio"":{""value"":0.4057968994503521,""score"":100},""VC2_range_contraction"":{""value"":0.9976937524899849,""score"":0.38437458500251154},""VC3_range_pct_rank"":{""score"":61.66666666666667},""_score"":55.55},""sr_quality"":{""SR1_touches"":{""value"":3,""score"":50.0},""SR2_tightness"":{""value"":0.16336734339790407,""score"":77.29714065493057},""SR3_recency"":{""value"":244,""score"":0.0},""SR4_price_location"":{""score"":97.77650941757453},""SR5_reaction"":{""value"":2.298765003184687,""score"":100},""_score"":66.04,""_levels_found"":4,""_target_level"":16.2267},""volume"":{""V1_rvol_day"":{""value"":0.8256855719087711,""score"":21.71237146058474},""V2_rvol_sameslot"":{""value"":0.7591330930195386,""score"":17.275539534635907,""status"":""ok""},""V3_breakout_bar"":{""value"":0.48212976447302536,""score"":0},""V4_base_dryup"":{""value"":0.8070399616836627,""score"":69.29600383163373},""V5_bo_expansion"":{""value"":0.825685571908771,""score"":0},""_score"":21.66},""readiness"":{""_distance_atr"":2.522,""BR1_atr_distance"":{""score"":0},""BR2_compression"":{""score"":64.65297143004783},""BR3_retest"":{""score"":50.0},""BR4_bo_age"":{""score"":50.0},""_score"":33.66},""risk"":{""R1_stop_clarity"":{""score"":71.71303074670573},""R2_stop_distance_pct"":{""value"":17.081575682382137,""score"":0.0},""R3_stop_distance_atr"":{""value"":1.9132789041367846,""score"":100.0},""R4_rr_potential"":{""value"":3.559041964010094,""score"":100.0},""_score"":60.1},""market"":{""M1_spy_regime"":{""score"":100.0},""M3_earnings_risk"":{""value"":null,""score"":80.0},""M4_vix"":{""value"":null,""score"":60.0},""_score"":84.0},""liquidity"":{""L1_price"":{""value"":16.12,""score"":100.0},""L2_dollar_vol"":{""value"":147399987.24291414,""score"":100.0},""L3_spread_proxy"":{""value"":0.07152605459057075,""score"":28.47394540942925},""L4_volume_zscore"":{""value"":-0.30834002730210247,""score"":100.0},""_score"":92.85},""pattern_structure"":{""n_contractions"":5,""contractions_pct"":[17.83,9.85,15.87,37.84,31.29],""descending_strict"":false,""final_low"":13.57,""final_pivot"":19.75,""structural_low"":13.57,""dry_up_ratio"":0.9505623895856978,""current_price"":16.12,""neckline_distance_pct"":0.22518610421836222,""base_bars"":53},""pattern_geometry_features"":{""contraction_count"":5.0,""first_contraction_pct"":0.17831813576494426,""last_contraction_pct"":0.31291139240506327,""dry_up_ratio"":0.9505623895856978,""near_monotone"":0.0,""base_depth_pct"":0.312563323201621},""_schema_version"":""1.0""}",,,,,,,,,,
20260623T215729Z-42792d,2026-06-23T21:57:29.965335+00:00,IONQ,bull_flag,absent,45.85,76.0,20.4,46.4,45.9,42.2,33.4,62.6,84.0,90.0,10.64,6.12,4.18,4.59,5.9,3.0,1.88,5.04,4.5,False,,58.32,63.56,52.1268,73.8554,"{""trend"":{""T1_ema_stack"":{""value"":[false,true,true],""score"":66.66666666666666},""T2_ema50_slope"":{""value"":0.7878254953626658,""score"":100},""T3_high_proximity"":{""value"":0.8092132648813655,""score"":4.606632440682712},""T4_rs_1m"":{""value"":0.10725619361388872,""score"":100},""T5_rs_3m"":{""value"":0.7214903557056294,""score"":100},""T6_adr_healthy"":{""value"":9.087908374421554,""score"":72.80229063946115},""_score"":76.0},""geometry"":{""sub_pole_impulse"":23.7,""sub_flag_tightness"":0,""sub_flag_shallowness"":0,""sub_flag_drift"":88.7,""sub_flag_duration"":0.0,""_score"":20.41},""compression"":{""VC1_atr_ratio"":{""value"":0.46549947961918964,""score"":100},""VC2_range_contraction"":{""value"":0.9538180286896708,""score"":7.6969952183882},""VC3_range_pct_rank"":{""score"":15.000000000000002},""_score"":46.44},""sr_quality"":{""SR1_touches"":{""value"":3,""score"":50.0},""SR2_tightness"":{""value"":0.667303475855544,""score"":76.95422873965134},""SR3_recency"":{""value"":230,""score"":0.0},""SR4_price_location"":{""score"":30.0},""SR5_reaction"":{""value"":1.5754135646236351,""score"":78.77067823118176},""_score"":45.86,""_levels_found"":5,""_target_level"":53.3737},""volume"":{""V1_rvol_day"":{""value"":0.9596071455352577,""score"":30.640476369017183},""V2_rvol_sameslot"":{""value"":1.3717885210036806,""score"":58.11923473357871,""status"":""ok""},""V3_breakout_bar"":{""value"":1.3287176042137898,""score"":55.24784028091933},""V4_base_dryup"":{""value"":0.9697645802972721,""score"":53.02354197027279},""V5_bo_expansion"":{""value"":0.9596071455352577,""score"":0},""_score"":42.17},""readiness"":{""_distance_atr"":0.905,""BR1_atr_distance"":{""score"":39.6776999902971},""BR2_compression"":{""score"":0},""BR3_retest"":{""score"":50.0},""BR4_bo_age"":{""score"":50.0},""_score"":33.37},""risk"":{""R1_stop_clarity"":{""score"":72.5852759646551},""R2_stop_distance_pct"":{""value"":10.619356995884779,""score"":34.51607510288053},""R3_stop_distance_atr"":{""value"":1.0694330476740233,""score"":78.47165238370117},""R4_rr_potential"":{""value"":2.508457247284888,""score"":75.42286236424441},""_score"":62.61},""market"":{""M1_spy_regime"":{""score"":100.0},""M3_earnings_risk"":{""value"":null,""score"":80.0},""M4_vix"":{""value"":null,""score"":60.0},""_score"":84.0},""liquidity"":{""L1_price"":{""value"":58.32,""score"":100.0},""L2_dollar_vol"":{""value"":1635582840.760329,""score"":100.0},""L3_spread_proxy"":{""value"":0.11076817558299042,""score"":0},""L4_volume_zscore"":{""value"":-0.15960690466912386,""score"":100.0},""_score"":90.0},""pattern_structure"":{""pole_low"":53.2646,""pole_low_idx"":9,""peak_price"":63.56,""peak_idx"":30,""pole_gain"":0.19328784971632193,""flag_bars"":29,""flag_low"":52.9206,""flag_high"":63.13,""structural_low"":52.9206,""current_price"":59.04,""neckline_distance_pct"":0.07655826558265588,""base_bars"":29},""pattern_geometry_features"":{""pole_gain"":0.19328784971632193,""pullback_pct"":0.167391441157961,""flag_range_pct"":0.1606261799874135,""flag_drift_per_bar"":-0.002259301533902062,""atr_pct"":0.09929894179894179,""pole_atr_multiple"":1.9465247686897482},""_schema_version"":""1.0""}",,,,,,,,,,
20260623T215729Z-42792d,2026-06-23T21:57:29.965335+00:00,AMZN,vcp,absent,45.82,32.6,35.0,28.2,56.0,60.9,22.0,55.6,84.0,95.8,4.89,8.75,3.38,6.72,7.92,1.54,2.78,5.04,4.79,True,risk_unclear,232.79,274.75,230.0862,256.86,"{""trend"":{""T1_ema_stack"":{""value"":[false,false,true],""score"":33.33333333333333},""T2_ema50_slope"":{""value"":-0.019459386470187967,""score"":46.75676892163534},""T3_high_proximity"":{""value"":0.8465398741772427,""score"":23.26993708862135},""T4_rs_1m"":{""value"":-0.12581640541357286,""score"":0},""T5_rs_3m"":{""value"":-0.01422529447172427,""score"":42.887352764137866},""T6_adr_healthy"":{""value"":2.85830901821884,""score"":100.0},""_score"":32.61},""geometry"":{""sub_contraction_count"":100.0,""sub_reduction_rate"":0,""sub_pivot_tightness"":0,""sub_volume_dryup"":0,""sub_base_depth"":0.0,""sub_base_duration"":100.0,""_score"":35.0},""compression"":{""VC1_atr_ratio"":{""value"":0.7347190039180939,""score"":66.32024902047652},""VC2_range_contraction"":{""value"":1.345165593657807,""score"":0},""VC3_range_pct_rank"":{""score"":6.666666666666665},""_score"":28.19},""sr_quality"":{""SR1_touches"":{""value"":4,""score"":75.0},""SR2_tightness"":{""value"":1.209769477007912,""score"":71.15031069045355},""SR3_recency"":{""value"":225,""score"":0.0},""SR4_price_location"":{""score"":31.31465637756526},""SR5_reaction"":{""value"":3.2430288634196387,""score"":100},""_score"":56.0,""_levels_found"":7,""_target_level"":248.1438},""volume"":{""V1_rvol_day"":{""value"":1.4960951271665948,""score"":66.40634181110632},""V2_rvol_sameslot"":{""value"":2.179958775489887,""score"":100,""status"":""ok""},""V3_breakout_bar"":{""value"":1.2760906225020932,""score"":51.73937483347287},""V4_base_dryup"":{""value"":1.0118554219023919,""score"":48.81445780976081},""V5_bo_expansion"":{""value"":1.4960951271665948,""score"":33.07300847777299},""_score"":60.94},""readiness"":{""_distance_atr"":5.003,""BR1_atr_distance"":{""score"":0},""BR2_compression"":{""score"":17.89653126234131},""BR3_retest"":{""score"":50.0},""BR4_bo_age"":{""score"":50.0},""_score"":21.97},""risk"":{""R1_stop_clarity"":{""score"":16.44277210790196},""R2_stop_distance_pct"":{""value"":1.1614974870054506,""score"":79.03743717513628},""R3_stop_distance_atr"":{""value"":0.3223970926781231,""score"":41.11985463390615},""R4_rr_potential"":{""value"":8.902121049614484,""score"":100.0},""_score"":55.63},""market"":{""M1_spy_regime"":{""score"":100.0},""M3_earnings_risk"":{""value"":null,""score"":80.0},""M4_vix"":{""value"":null,""score"":60.0},""_score"":84.0},""liquidity"":{""L1_price"":{""value"":232.79,""score"":100.0},""L2_dollar_vol"":{""value"":15920165160.830889,""score"":100.0},""L3_spread_proxy"":{""value"":0.04192619957901968,""score"":58.07380042098033},""L4_volume_zscore"":{""value"":1.9322566178428608,""score"":100.0},""_score"":95.81},""pattern_structure"":{""n_contractions"":5,""contractions_pct"":[5.28,6.54,0.01,8.39,14.98],""descending_strict"":false,""final_low"":233.59,""final_pivot"":274.75,""structural_low"":233.59,""dry_up_ratio"":1.1790628963903174,""current_price"":232.79,""neckline_distance_pct"":0.18024829245242496,""base_bars"":61},""pattern_geometry_features"":{""contraction_count"":5.0,""first_contraction_pct"":0.052777005099675416,""last_contraction_pct"":0.1498089171974522,""dry_up_ratio"":1.1790628963903174,""near_monotone"":0.0,""base_depth_pct"":-0.08293926750115908},""_schema_version"":""1.0""}",,,,,,,,,,
20260623T215729Z-42792d,2026-06-23T21:57:29.965335+00:00,GOOG,double_bottom,absent,45.61,49.1,34.5,34.0,49.4,35.2,18.5,68.6,84.0,95.0,7.37,8.63,2.72,6.92,4.58,1.48,4.12,5.04,4.75,True,risk_unclear,348.78,373.6,335.8259,406.26,"{""trend"":{""T1_ema_stack"":{""value"":[false,true,true],""score"":66.66666666666666},""T2_ema50_slope"":{""value"":0.08839288507749472,""score"":64.73214751291579},""T3_high_proximity"":{""value"":0.8740477145148355,""score"":37.023857257417745},""T4_rs_1m"":{""value"":-0.09807864419789736,""score"":0},""T5_rs_3m"":{""value"":0.019567729317659266,""score"":59.78386465882963},""T6_adr_healthy"":{""value"":2.7543667609003286,""score"":100.0},""_score"":49.13},""geometry"":{""sub_low_similarity"":20.8,""sub_bounce_quality"":94.0,""sub_separation_fit"":0.0,""sub_right_bottom_reaction"":23.2,""sub_base_context"":30.0,""_score"":34.52},""compression"":{""VC1_atr_ratio"":{""value"":0.6640806878423695,""score"":83.97982803940762},""VC2_range_contraction"":{""value"":1.329479073422382,""score"":0},""VC3_range_pct_rank"":{""score"":1.6666666666666718},""_score"":34.01},""sr_quality"":{""SR1_touches"":{""value"":2,""score"":25.0},""SR2_tightness"":{""value"":2.115000000000009,""score"":67.30100797044818},""SR3_recency"":{""value"":234,""score"":0.0},""SR4_price_location"":{""score"":67.30769230769208},""SR5_reaction"":{""value"":2.26921728375293,""score"":100},""_score"":49.42,""_levels_found"":7,""_target_level"":352.265},""volume"":{""V1_rvol_day"":{""value"":1.3163369632412663,""score"":54.42246421608442},""V2_rvol_sameslot"":{""value"":1.107205834152654,""score"":40.48038894351027,""status"":""ok""},""V3_breakout_bar"":{""value"":0.7304265837496928,""score"":15.361772249979522},""V4_base_dryup"":{""value"":1.038136996490974,""score"":46.18630035090261},""V5_bo_expansion"":{""value"":1.316336963241266,""score"":21.08913088275107},""_score"":35.22},""readiness"":{""_distance_atr"":1.919,""BR1_atr_distance"":{""score"":0},""BR2_compression"":{""score"":4.1457579197971555},""BR3_retest"":{""score"":50.0},""BR4_bo_age"":{""score"":50.0},""_score"":18.54},""risk"":{""R1_stop_clarity"":{""score"":20.93337345705413},""R2_stop_distance_pct"":{""value"":3.714117781982907,""score"":100.0},""R3_stop_distance_atr"":{""value"":1.0013853726950708,""score"":75.06926863475354},""R4_rr_potential"":{""value"":4.43720520916159,""score"":100.0},""_score"":68.59},""market"":{""M1_spy_regime"":{""score"":100.0},""M3_earnings_risk"":{""value"":null,""score"":80.0},""M4_vix"":{""value"":null,""score"":60.0},""_score"":84.0},""liquidity"":{""L1_price"":{""value"":348.78,""score"":100.0},""L2_dollar_vol"":{""value"":11234606820.657026,""score"":100.0},""L3_spread_proxy"":{""value"":0.04948678249899648,""score"":50.51321750100352},""L4_volume_zscore"":{""value"":0.7776194573009416,""score"":100.0},""_score"":95.05},""pattern_structure"":{""left_low"":354.72,""left_idx"":29,""right_low"":340.94,""right_idx"":75,""separation_bars"":46,""structural_low"":340.94,""current_price"":348.655,""neckline_distance_pct"":0.07154637105448095,""base_bars"":46},""pattern_geometry_features"":{""low_similarity_pct"":0.03961705430813912,""bounce_pct"":0.09579398134569139,""right_bottom_reaction"":0.23249669749009147,""atr_pct"":0.03708979463108139},""_schema_version"":""1.0""}",,,,,,,,,,
20260623T215729Z-42792d,2026-06-23T21:57:29.965335+00:00,RKLB,vcp,absent,45.3,56.1,35.0,42.0,44.0,18.9,25.9,80.1,84.0,90.0,8.42,8.75,5.04,5.28,2.45,1.81,4.01,5.04,4.5,False,,100.29,150.9999,98.1158,126.4999,"{""trend"":{""T1_ema_stack"":{""value"":[false,true,true],""score"":66.66666666666666},""T2_ema50_slope"":{""value"":0.5820706521243943,""score"":100},""T3_high_proximity"":{""value"":0.6675763828795848,""score"":0},""T4_rs_1m"":{""value"":-0.25736388036174196,""score"":0},""T5_rs_3m"":{""value"":0.34400434327985785,""score"":100},""T6_adr_healthy"":{""value"":8.435468653651144,""score"":89.1132836587214},""_score"":56.12},""geometry"":{""sub_contraction_count"":100.0,""sub_reduction_rate"":0,""sub_pivot_tightness"":0,""sub_volume_dryup"":0,""sub_base_depth"":0.0,""sub_base_duration"":100.0,""_score"":35.0},""compression"":{""VC1_atr_ratio"":{""value"":0.6109649339636879,""score"":97.25876650907801},""VC2_range_contraction"":{""value"":1.0117539436121978,""score"":0},""VC3_range_pct_rank"":{""score"":12.5},""_score"":42.03},""sr_quality"":{""SR1_touches"":{""value"":2,""score"":25.0},""SR2_tightness"":{""value"":0.015000000000000568,""score"":99.70744327011552},""SR3_recency"":{""value"":227,""score"":0.0},""SR4_price_location"":{""score"":30.0},""SR5_reaction"":{""value"":1.8692912255967626,""score"":93.46456127983814},""_score"":43.98,""_levels_found"":4,""_target_level"":99.595},""volume"":{""V1_rvol_day"":{""value"":0.9285241047092023,""score"":28.568273647280158},""V2_rvol_sameslot"":{""value"":0.7898643956119404,""score"":19.32429304079603,""status"":""ok""},""V3_breakout_bar"":{""value"":0.5766288869728238,""score"":5.108592464854919},""V4_base_dryup"":{""value"":1.098863853249658,""score"":40.113614675034206},""V5_bo_expansion"":{""value"":0.9285241047092021,""score"":0},""_score"":18.88},""readiness"":{""_distance_atr"":4.945,""BR1_atr_distance"":{""score"":0},""BR2_compression"":{""score"":33.49855123944323},""BR3_retest"":{""score"":50.0},""BR4_bo_age"":{""score"":50.0},""_score"":25.87},""risk"":{""R1_stop_clarity"":{""score"":70.85842413620875},""R2_stop_distance_pct"":{""value"":2.167863196729496,""score"":100.0},""R3_stop_distance_atr"":{""value"":0.21202073809276803,""score"":35.601036904638406},""R4_rr_potential"":{""value"":12.055239978842238,""score"":100.0},""_score"":80.14},""market"":{""M1_spy_regime"":{""score"":100.0},""M3_earnings_risk"":{""value"":null,""score"":80.0},""M4_vix"":{""value"":null,""score"":60.0},""_score"":84.0},""liquidity"":{""L1_price"":{""value"":100.29,""score"":100.0},""L2_dollar_vol"":{""value"":2786256785.794255,""score"":100.0},""L3_spread_proxy"":{""value"":0.10868481403928612,""score"":0},""L4_volume_zscore"":{""value"":-0.1504838771437478,""score"":100.0},""_score"":90.0},""pattern_structure"":{""n_contractions"":5,""contractions_pct"":[10.21,25.22,20.53,16.73,34.03],""descending_strict"":false,""final_low"":99.61,""final_pivot"":150.9999,""structural_low"":99.61,""dry_up_ratio"":1.0167921131816293,""current_price"":100.29,""neckline_distance_pct"":0.5056326652707148,""base_bars"":68},""pattern_geometry_features"":{""contraction_count"":5.0,""first_contraction_pct"":0.10211689522034352,""last_contraction_pct"":0.34033068896072116,""dry_up_ratio"":1.0167921131816293,""near_monotone"":0.0,""base_depth_pct"":-0.32618825722274},""_schema_version"":""1.0""}",,,,,,,,,,
20260623T215729Z-42792d,2026-06-23T21:57:29.965335+00:00,UUUU,bull_flag,absent,45.13,14.6,45.8,55.5,66.0,16.0,37.7,80.3,84.0,92.8,2.05,13.75,5.0,6.6,2.24,3.39,2.41,5.04,4.64,False,,16.12,18.06,15.5403,21.325,"{""trend"":{""T1_ema_stack"":{""value"":[false,false,true],""score"":33.33333333333333},""T2_ema50_slope"":{""value"":-0.6580925802295777,""score"":0},""T3_high_proximity"":{""value"":0.685374149659864,""score"":0},""T4_rs_1m"":{""value"":-0.043568626426304546,""score"":6.431373573695453},""T5_rs_3m"":{""value"":-0.18535235382364734,""score"":0},""T6_adr_healthy"":{""value"":7.371891347251484,""score"":100.0},""_score"":14.62},""geometry"":{""sub_pole_impulse"":36.8,""sub_flag_tightness"":45.5,""sub_flag_shallowness"":0,""sub_flag_drift"":89.4,""sub_flag_duration"":100.0,""_score"":45.83},""compression"":{""VC1_atr_ratio"":{""value"":0.4057968994503521,""score"":100},""VC2_range_contraction"":{""value"":0.9976937524899849,""score"":0.38437458500251154},""VC3_range_pct_rank"":{""score"":61.66666666666667},""_score"":55.55},""sr_quality"":{""SR1_touches"":{""value"":3,""score"":50.0},""SR2_tightness"":{""value"":0.16336734339790407,""score"":77.29714065493057},""SR3_recency"":{""value"":244,""score"":0.0},""SR4_price_location"":{""score"":97.77650941757453},""SR5_reaction"":{""value"":2.298765003184687,""score"":100},""_score"":66.04,""_levels_found"":4,""_target_level"":16.2267},""volume"":{""V1_rvol_day"":{""value"":0.8256855719087711,""score"":21.71237146058474},""V2_rvol_sameslot"":{""value"":0.7591330930195386,""score"":17.275539534635907,""status"":""ok""},""V3_breakout_bar"":{""value"":0.48212976447302536,""score"":0},""V4_base_dryup"":{""value"":1.0884974904051847,""score"":41.150250959481525},""V5_bo_expansion"":{""value"":0.825685571908771,""score"":0},""_score"":16.03},""readiness"":{""_distance_atr"":1.348,""BR1_atr_distance"":{""score"":10.13392229363653},""BR2_compression"":{""score"":64.65297143004783},""BR3_retest"":{""score"":50.0},""BR4_bo_age"":{""score"":50.0},""_score"":37.72},""risk"":{""R1_stop_clarity"":{""score"":67.11248976350586},""R2_stop_distance_pct"":{""value"":3.595874689826318,""score"":100.0},""R3_stop_distance_atr"":{""value"":0.40276794798620413,""score"":45.13839739931021},""R4_rr_potential"":{""value"":8.97947917295628,""score"":100.0},""_score"":80.26},""market"":{""M1_spy_regime"":{""score"":100.0},""M3_earnings_risk"":{""value"":null,""score"":80.0},""M4_vix"":{""value"":null,""score"":60.0},""_score"":84.0},""liquidity"":{""L1_price"":{""value"":16.12,""score"":100.0},""L2_dollar_vol"":{""value"":147399987.24291414,""score"":100.0},""L3_spread_proxy"":{""value"":0.07152605459057075,""score"":28.47394540942925},""L4_volume_zscore"":{""value"":-0.30834002730210247,""score"":100.0},""_score"":92.85},""pattern_structure"":{""pole_low"":14.795,""pole_low_idx"":23,""peak_price"":18.06,""peak_idx"":48,""pole_gain"":0.22068266306184514,""flag_bars"":11,""flag_low"":15.777,""flag_high"":17.08,""structural_low"":15.777,""current_price"":16.275,""neckline_distance_pct"":0.10967741935483873,""base_bars"":11},""pattern_geometry_features"":{""pole_gain"":0.22068266306184514,""pullback_pct"":0.12641196013289036,""flag_range_pct"":0.07214839424141745,""flag_drift_per_bar"":-0.0021209886887306162,""atr_pct"":0.08927906770648707,""pole_atr_multiple"":2.4718298334762987},""_schema_version"":""1.0""}",,,,,,,,,,
20260623T215729Z-42792d,2026-06-23T21:57:29.965335+00:00,GOOG,vcp,invalidated,44.51,49.1,37.8,34.0,49.4,37.6,18.5,34.2,84.0,95.0,7.37,9.44,4.08,5.93,4.89,1.3,1.71,5.04,4.75,True,risk_unclear,348.78,390.0,349.0643,346.689,"{""trend"":{""T1_ema_stack"":{""value"":[false,true,true],""score"":66.66666666666666},""T2_ema50_slope"":{""value"":0.08839288507749472,""score"":64.73214751291579},""T3_high_proximity"":{""value"":0.8740477145148355,""score"":37.023857257417745},""T4_rs_1m"":{""value"":-0.09807864419789736,""score"":0},""T5_rs_3m"":{""value"":0.019567729317659266,""score"":59.78386465882963},""T6_adr_healthy"":{""value"":2.7543667609003286,""score"":100.0},""_score"":49.13},""geometry"":{""sub_contraction_count"":100.0,""sub_reduction_rate"":0,""sub_pivot_tightness"":12.4,""sub_volume_dryup"":5.9,""sub_base_depth"":0.0,""sub_base_duration"":100.0,""_score"":37.75},""compression"":{""VC1_atr_ratio"":{""value"":0.6640806878423695,""score"":83.97982803940762},""VC2_range_contraction"":{""value"":1.329479073422382,""score"":0},""VC3_range_pct_rank"":{""score"":1.6666666666666718},""_score"":34.01},""sr_quality"":{""SR1_touches"":{""value"":2,""score"":25.0},""SR2_tightness"":{""value"":2.115000000000009,""score"":67.30100797044818},""SR3_recency"":{""value"":234,""score"":0.0},""SR4_price_location"":{""score"":67.30769230769208},""SR5_reaction"":{""value"":2.26921728375293,""score"":100},""_score"":49.42,""_levels_found"":7,""_target_level"":352.265},""volume"":{""V1_rvol_day"":{""value"":1.3163369632412663,""score"":54.42246421608442},""V2_rvol_sameslot"":{""value"":1.107205834152654,""score"":40.48038894351027,""status"":""ok""},""V3_breakout_bar"":{""value"":0.7304265837496928,""score"":15.361772249979522},""V4_base_dryup"":{""value"":0.9185588614200918,""score"":58.14411385799082},""V5_bo_expansion"":{""value"":1.316336963241266,""score"":21.08913088275107},""_score"":37.61},""readiness"":{""_distance_atr"":3.186,""BR1_atr_distance"":{""score"":0},""BR2_compression"":{""score"":4.1457579197971555},""BR3_retest"":{""score"":50.0},""BR4_bo_age"":{""score"":50.0},""_score"":18.54},""risk"":{""R1_stop_clarity"":{""score"":17.816533365726883},""R2_stop_distance_pct"":{""value"":-0.08151270141637428,""score"":47.96218246459064},""R3_stop_distance_atr"":{""value"":-0.021977123957452792,""score"":23.901143802127358},""R4_rr_potential"":{""value"":null,""score"":50.0},""_score"":34.21},""market"":{""M1_spy_regime"":{""score"":100.0},""M3_earnings_risk"":{""value"":null,""score"":80.0},""M4_vix"":{""value"":null,""score"":60.0},""_score"":84.0},""liquidity"":{""L1_price"":{""value"":348.78,""score"":100.0},""L2_dollar_vol"":{""value"":11234606820.657026,""score"":100.0},""L3_spread_proxy"":{""value"":0.04948678249899648,""score"":50.51321750100352},""L4_volume_zscore"":{""value"":0.7776194573009416,""score"":100.0},""_score"":95.05},""pattern_structure"":{""n_contractions"":5,""contractions_pct"":[3.63,12.62,3.05,6.48,9.13],""descending_strict"":false,""final_low"":354.38,""final_pivot"":390.0,""structural_low"":354.38,""dry_up_ratio"":0.9705452178102999,""current_price"":348.78,""neckline_distance_pct"":0.11818338207466034,""base_bars"":58},""pattern_geometry_features"":{""contraction_count"":5.0,""first_contraction_pct"":0.03629066220034787,""last_contraction_pct"":0.09133333333333335,""dry_up_ratio"":0.9705452178102999,""near_monotone"":0.0,""base_depth_pct"":-0.13923277472200693},""_schema_version"":""1.0""}",,,,,,,,,,
20260623T215729Z-42792d,2026-06-23T21:57:29.965335+00:00,UEC,vcp,absent,44.29,13.3,39.8,50.8,72.3,23.7,22.4,61.6,84.0,96.2,2.0,9.94,6.09,8.67,3.09,1.57,3.08,5.04,4.81,False,,11.47,15.49,9.2196,20.585,"{""trend"":{""T1_ema_stack"":{""value"":[false,false,true],""score"":33.33333333333333},""T2_ema50_slope"":{""value"":-0.514355851224187,""score"":0},""T3_high_proximity"":{""value"":0.6964177292046145,""score"":0},""T4_rs_1m"":{""value"":-0.10462824455245845,""score"":0},""T5_rs_3m"":{""value"":-0.1990224648071911,""score"":0},""T6_adr_healthy"":{""value"":7.524207350343605,""score"":100.0},""_score"":13.33},""geometry"":{""sub_contraction_count"":100.0,""sub_reduction_rate"":0,""sub_pivot_tightness"":0,""sub_volume_dryup"":0,""sub_base_depth"":47.5,""sub_base_duration"":100.0,""_score"":39.75},""compression"":{""VC1_atr_ratio"":{""value"":0.7274857160977666,""score"":68.12857097555836},""VC2_range_contraction"":{""value"":1.1205783119090038,""score"":0},""VC3_range_pct_rank"":{""score"":94.16666666666667},""_score"":50.79},""sr_quality"":{""SR1_touches"":{""value"":6,""score"":100},""SR2_tightness"":{""value"":0.2848598583319328,""score"":51.5188152535931},""SR3_recency"":{""value"":225,""score"":0.0},""SR4_price_location"":{""score"":81.51277360061759},""SR5_reaction"":{""value"":1.8899604301022979,""score"":94.49802150511489},""_score"":72.28,""_levels_found"":6,""_target_level"":12.1942},""volume"":{""V1_rvol_day"":{""value"":0.8454129869276189,""score"":23.02753246184126},""V2_rvol_sameslot"":{""value"":0.8509751897288218,""score"":23.39834598192145,""status"":""ok""},""V3_breakout_bar"":{""value"":0.9196594019539822,""score"":27.977293463598812},""V4_base_dryup"":{""value"":1.1268487499389572,""score"":37.315125006104275},""V5_bo_expansion"":{""value"":0.8454129869276189,""score"":0},""_score"":23.74},""readiness"":{""_distance_atr"":3.421,""BR1_atr_distance"":{""score"":0},""BR2_compression"":{""score"":19.584564815640636},""BR3_retest"":{""score"":50.0},""BR4_bo_age"":{""score"":50.0},""_score"":22.4},""risk"":{""R1_stop_clarity"":{""score"":76.10488758137365},""R2_stop_distance_pct"":{""value"":19.619877942458594,""score"":0.0},""R3_stop_distance_atr"":{""value"":1.9150128556580097,""score"":100.0},""R4_rr_potential"":{""value"":4.050391041592604,""score"":100.0},""_score"":61.64},""market"":{""M1_spy_regime"":{""score"":100.0},""M3_earnings_risk"":{""value"":null,""score"":80.0},""M4_vix"":{""value"":null,""score"":60.0},""_score"":84.0},""liquidity"":{""L1_price"":{""value"":11.47,""score"":100.0},""L2_dollar_vol"":{""value"":123543817.46572453,""score"":100.0},""L3_spread_proxy"":{""value"":0.037925021795989576,""score"":62.07497820401042},""L4_volume_zscore"":{""value"":-0.29653955783542213,""score"":100.0},""_score"":96.21},""pattern_structure"":{""n_contractions"":5,""contractions_pct"":[12.83,11.23,16.33,30.0,39.57],""descending_strict"":false,""final_low"":9.36,""final_pivot"":15.49,""structural_low"":9.36,""dry_up_ratio"":1.7862959391934097,""current_price"":11.47,""neckline_distance_pct"":0.3504795117698343,""base_bars"":48},""pattern_geometry_features"":{""contraction_count"":5.0,""first_contraction_pct"":0.12832929782082328,""last_contraction_pct"":0.395739186571982,""dry_up_ratio"":1.7862959391934097,""near_monotone"":0.0,""base_depth_pct"":0.3524731926668973},""_schema_version"":""1.0""}",,,,,,,,,,
20260623T215729Z-42792d,2026-06-23T21:57:29.965335+00:00,PL,vcp,invalidated,44.22,20.1,45.0,54.3,44.5,29.0,29.4,52.9,84.0,91.6,3.02,11.25,6.51,5.34,3.78,2.06,2.65,5.04,4.58,False,,28.77,51.76,28.8802,59.49,"{""trend"":{""T1_ema_stack"":{""value"":[false,false,true],""score"":33.33333333333333},""T2_ema50_slope"":{""value"":-0.005457100525636553,""score"":49.09048324572724},""T3_high_proximity"":{""value"":0.559727626459144,""score"":0},""T4_rs_1m"":{""value"":-0.3298338373380959,""score"":0},""T5_rs_3m"":{""value"":-0.297311799868622,""score"":0},""T6_adr_healthy"":{""value"":10.420421386281642,""score"":39.48946534295894},""_score"":20.13},""geometry"":{""sub_contraction_count"":100.0,""sub_reduction_rate"":0,""sub_pivot_tightness"":0,""sub_volume_dryup"":0,""sub_base_depth"":100.0,""sub_base_duration"":100.0,""_score"":45.0},""compression"":{""VC1_atr_ratio"":{""value"":0.3493169586129036,""score"":100},""VC2_range_contraction"":{""value"":0.9907286658264501,""score"":1.5452223622583103},""VC3_range_pct_rank"":{""score"":55.00000000000001},""_score"":54.29},""sr_quality"":{""SR1_touches"":{""value"":3,""score"":50.0},""SR2_tightness"":{""value"":0.6861381202061287,""score"":65.52737917673603},""SR3_recency"":{""value"":258,""score"":0.0},""SR4_price_location"":{""score"":25.09398683189786},""SR5_reaction"":{""value"":1.7842270342431827,""score"":89.21135171215914},""_score"":44.48,""_levels_found"":5,""_target_level"":31.7826},""volume"":{""V1_rvol_day"":{""value"":0.8874241991824307,""score"":25.828279945495375},""V2_rvol_sameslot"":{""value"":1.0074865295197177,""score"":33.83243530131452,""status"":""ok""},""V3_breakout_bar"":{""value"":0.854693381496332,""score"":23.646225433088798},""V4_base_dryup"":{""value"":0.9403633311832607,""score"":55.96366688167394},""V5_bo_expansion"":{""value"":0.8874241991824307,""score"":0},""_score"":29.04},""readiness"":{""_distance_atr"":5.775,""BR1_atr_distance"":{""score"":0},""BR2_compression"":{""score"":47.49990096789821},""BR3_retest"":{""score"":50.0},""BR4_bo_age"":{""score"":50.0},""_score"":29.37},""risk"":{""R1_stop_clarity"":{""score"":77.9037803153731},""R2_stop_distance_pct"":{""value"":-0.3830378866875181,""score"":40.42405283281205},""R3_stop_distance_atr"":{""value"":-0.027683076503477164,""score"":23.61584617482614},""R4_rr_potential"":{""value"":null,""score"":50.0},""_score"":52.94},""market"":{""M1_spy_regime"":{""score"":100.0},""M3_earnings_risk"":{""value"":null,""score"":80.0},""M4_vix"":{""value"":null,""score"":60.0},""_score"":84.0},""liquidity"":{""L1_price"":{""value"":28.77,""score"":100.0},""L2_dollar_vol"":{""value"":438255563.1268048,""score"":100.0},""L3_spread_proxy"":{""value"":0.08428919012860621,""score"":15.710809871393792},""L4_volume_zscore"":{""value"":-0.2832768264437084,""score"":100.0},""_score"":91.57},""pattern_structure"":{""n_contractions"":5,""contractions_pct"":[29.06,16.57,21.91,16.95,43.35],""descending_strict"":false,""final_low"":29.32,""final_pivot"":51.76,""structural_low"":29.32,""dry_up_ratio"":1.2821379556742665,""current_price"":28.77,""neckline_distance_pct"":0.7990962808481056,""base_bars"":52},""pattern_geometry_features"":{""contraction_count"":5.0,""first_contraction_pct"":0.29055330634278,""last_contraction_pct"":0.4335394126738794,""dry_up_ratio"":1.2821379556742665,""near_monotone"":0.0,""base_depth_pct"":0.2086369770580296},""_schema_version"":""1.0""}",,,,,,,,,,
20260623T215729Z-42792d,2026-06-23T21:57:29.965335+00:00,ARQQ,vcp,breakout_confirmed,43.78,69.8,45.0,0.8,37.3,22.3,47.0,45.1,84.0,79.9,10.47,11.25,0.1,4.48,2.9,3.29,2.26,5.04,4.0,False,,21.42,19.0,11.623,21.7,"{""trend"":{""T1_ema_stack"":{""value"":[true,true,false],""score"":66.66666666666666},""T2_ema50_slope"":{""value"":0.06626620954518896,""score"":61.044368257531495},""T3_high_proximity"":{""value"":0.878589007383101,""score"":39.29450369155047},""T4_rs_1m"":{""value"":0.6321275486739231,""score"":100},""T5_rs_3m"":{""value"":0.4272595864748603,""score"":100},""T6_adr_healthy"":{""value"":12.827260475718766,""score"":0.0},""_score"":69.77},""geometry"":{""sub_contraction_count"":100.0,""sub_reduction_rate"":0,""sub_pivot_tightness"":0,""sub_volume_dryup"":0,""sub_base_depth"":100.0,""sub_base_duration"":100.0,""_score"":45.0},""compression"":{""VC1_atr_ratio"":{""value"":1.0053539022458269,""score"":0},""VC2_range_contraction"":{""value"":1.5739024264031605,""score"":0},""VC3_range_pct_rank"":{""score"":3.3333333333333326},""_score"":0.83},""sr_quality"":{""SR1_touches"":{""value"":2,""score"":25.0},""SR2_tightness"":{""value"":0.5257500000000004,""score"":58.50913610728264},""SR3_recency"":{""value"":329,""score"":0.0},""SR4_price_location"":{""score"":30.946395006701632},""SR5_reaction"":{""value"":1.7719933145622475,""score"":88.59966572811237},""_score"":37.3,""_levels_found"":4,""_target_level"":28.6758},""volume"":{""V1_rvol_day"":{""value"":1.095673845077559,""score"":39.71158967183726},""V2_rvol_sameslot"":{""value"":1.3024733651983629,""score"":53.49822434655752,""status"":""ok""},""V3_breakout_bar"":{""value"":0.6647502265417906,""score"":10.983348436119373},""V4_base_dryup"":{""value"":3.6210180829668057,""score"":0},""V5_bo_expansion"":{""value"":1.095673845077559,""score"":6.378256338503929},""_score"":22.34},""readiness"":{""_distance_atr"":-0.955,""BR1_atr_distance"":{""score"":40.9019704003089},""BR2_compression"":{""score"":52.6709663937939},""BR3_retest"":{""score"":50.0},""BR4_bo_age"":{""score"":50.0},""_score"":47.03},""risk"":{""R1_stop_clarity"":{""score"":86.03160644981274},""R2_stop_distance_pct"":{""value"":45.737628384687206,""score"":0.0},""R3_stop_distance_atr"":{""value"":3.8657726443837532,""score"":100.0},""R4_rr_potential"":{""value"":0.028580177605389157,""score"":0.0},""_score"":45.11},""market"":{""M1_spy_regime"":{""score"":100.0},""M3_earnings_risk"":{""value"":null,""score"":80.0},""M4_vix"":{""value"":null,""score"":60.0},""_score"":84.0},""liquidity"":{""L1_price"":{""value"":21.42,""score"":100.0},""L2_dollar_vol"":{""value"":31419365.906827085,""score"":74.85987080167638},""L3_spread_proxy"":{""value"":0.19140989729225028,""score"":0},""L4_volume_zscore"":{""value"":0.09804545797429827,""score"":100.0},""_score"":79.94},""pattern_structure"":{""n_contractions"":5,""contractions_pct"":[20.55,14.5,26.33,26.64,37.89],""descending_strict"":false,""final_low"":11.8,""final_pivot"":19.0,""structural_low"":11.8,""dry_up_ratio"":2.4597919507432695,""current_price"":21.42,""neckline_distance_pct"":-0.1129785247432307,""base_bars"":52},""pattern_geometry_features"":{""contraction_count"":5.0,""first_contraction_pct"":0.20551724137931038,""last_contraction_pct"":0.3789473684210526,""dry_up_ratio"":2.4597919507432695,""near_monotone"":0.0,""base_depth_pct"":0.1862068965517241},""_schema_version"":""1.0""}",,,,,,,,,,
20260623T215729Z-42792d,2026-06-23T21:57:29.965335+00:00,RTX,double_bottom,absent,43.62,53.9,27.1,26.8,38.1,32.1,51.6,51.3,84.0,97.4,8.08,6.77,2.14,5.34,4.17,4.13,3.08,5.04,4.87,True,risk_unclear,181.83,186.455,170.799,199.51,"{""trend"":{""T1_ema_stack"":{""value"":[true,false,true],""score"":66.66666666666666},""T2_ema50_slope"":{""value"":-0.05841854061933785,""score"":40.26357656344369},""T3_high_proximity"":{""value"":0.8936013367407117,""score"":46.800668370355844},""T4_rs_1m"":{""value"":0.03568384368003219,""score"":85.6838436800322},""T5_rs_3m"":{""value"":-0.23014856855138122,""score"":0},""T6_adr_healthy"":{""value"":2.5163452294583255,""score"":100.0},""_score"":53.88},""geometry"":{""sub_low_similarity"":0.5,""sub_bounce_quality"":64.7,""sub_separation_fit"":0.0,""sub_right_bottom_reaction"":53.2,""sub_base_context"":30.0,""_score"":27.07},""compression"":{""VC1_atr_ratio"":{""value"":0.8157675971502463,""score"":46.05810071243843},""VC2_range_contraction"":{""value"":1.356415335640041,""score"":0},""VC3_range_pct_rank"":{""score"":33.333333333333336},""_score"":26.76},""sr_quality"":{""SR1_touches"":{""value"":2,""score"":25.0},""SR2_tightness"":{""value"":0.5999999999999943,""score"":77.12851189657752},""SR3_recency"":{""value"":279,""score"":0.0},""SR4_price_location"":{""score"":16.312787619267596},""SR5_reaction"":{""value"":2.940892178631766,""score"":100},""_score"":38.15,""_levels_found"":6,""_target_level"":184.97},""volume"":{""V1_rvol_day"":{""value"":1.0885665608024118,""score"":39.23777072016079},""V2_rvol_sameslot"":{""value"":0.9173648986143396,""score"":27.824326574289305,""status"":""ok""},""V3_breakout_bar"":{""value"":0.9336507219290875,""score"":28.91004812860583},""V4_base_dryup"":{""value"":0.9717214111999363,""score"":52.827858880006374},""V5_bo_expansion"":{""value"":1.0885665608024115,""score"":5.904437386827436},""_score"":32.09},""readiness"":{""_distance_atr"":0.882,""BR1_atr_distance"":{""score"":41.232981956483364},""BR2_compression"":{""score"":70.45938173233876},""BR3_retest"":{""score"":50.0},""BR4_bo_age"":{""score"":50.0},""_score"":51.61},""risk"":{""R1_stop_clarity"":{""score"":0.8520990716626642},""R2_stop_distance_pct"":{""value"":6.066655667381623,""score"":100.0},""R3_stop_distance_atr"":{""value"":2.102461543907132,""score"":100.0},""R4_rr_potential"":{""value"":1.6027558698214122,""score"":30.137793491070607},""_score"":51.33},""market"":{""M1_spy_regime"":{""score"":100.0},""M3_earnings_risk"":{""value"":null,""score"":80.0},""M4_vix"":{""value"":null,""score"":60.0},""_score"":84.0},""liquidity"":{""L1_price"":{""value"":181.83,""score"":100.0},""L2_dollar_vol"":{""value"":1154943838.5872786,""score"":100.0},""L3_spread_proxy"":{""value"":0.02606830556013864,""score"":73.93169443986136},""L4_volume_zscore"":{""value"":0.36968062766002213,""score"":100.0},""_score"":97.39},""pattern_structure"":{""left_low"":173.4,""left_idx"":7,""right_low"":182.251,""right_idx"":56,""separation_bars"":49,""structural_low"":173.4,""current_price"":182.3841,""neckline_distance_pct"":0.022320476401177642,""base_bars"":49},""pattern_geometry_features"":{""low_similarity_pct"":0.04977351392235646,""bounce_pct"":0.07528835063437143,""right_bottom_reaction"":0.5315195526916913,""atr_pct"":0.028855013709823144},""_schema_version"":""1.0""}",,,,,,,,,,
20260623T215729Z-42792d,2026-06-23T21:57:29.965335+00:00,RGTI,bull_flag,absent,43.6,73.2,24.5,52.4,49.7,11.5,33.4,71.7,84.0,90.3,10.25,7.35,4.71,4.97,1.6,3.0,2.15,5.04,4.52,False,,21.38,23.565,19.237,28.6599,"{""trend"":{""T1_ema_stack"":{""value"":[false,true,true],""score"":66.66666666666666},""T2_ema50_slope"":{""value"":0.5508863229869498,""score"":100},""T3_high_proximity"":{""value"":0.7909729929707732,""score"":0},""T4_rs_1m"":{""value"":0.2623515900354052,""score"":100},""T5_rs_3m"":{""value"":0.28908754346410737,""score"":100},""T6_adr_healthy"":{""value"":10.774197493388023,""score"":30.645062665299427},""_score"":73.2},""geometry"":{""sub_pole_impulse"":36.0,""sub_flag_tightness"":1.3,""sub_flag_shallowness"":0,""sub_flag_drift"":89.2,""sub_flag_duration"":0.0,""_score"":24.5},""compression"":{""VC1_atr_ratio"":{""value"":0.4949242320412162,""score"":100},""VC2_range_contraction"":{""value"":0.8878060293050516,""score"":18.698995115824737},""VC3_range_pct_rank"":{""score"":23.33333333333333},""_score"":52.38},""sr_quality"":{""SR1_touches"":{""value"":4,""score"":75.0},""SR2_tightness"":{""value"":0.6721181085754196,""score"":44.356641997463875},""SR3_recency"":{""value"":234,""score"":0.0},""SR4_price_location"":{""score"":22.321354866616673},""SR5_reaction"":{""value"":2.354782341305627,""score"":100},""_score"":49.73,""_levels_found"":4,""_target_level"":27.2612},""volume"":{""V1_rvol_day"":{""value"":0.6415184846315839,""score"":9.434565642105593},""V2_rvol_sameslot"":{""value"":0.6933615717149998,""score"":12.890771447666651,""status"":""ok""},""V3_breakout_bar"":{""value"":0.9198142676973047,""score"":27.987617846486977},""V4_base_dryup"":{""value"":1.9062764002887516,""score"":0},""V5_bo_expansion"":{""value"":0.6415184846315837,""score"":0},""_score"":11.46},""readiness"":{""_distance_atr"":0.904,""BR1_atr_distance"":{""score"":39.70269228760173},""BR2_compression"":{""score"":0},""BR3_retest"":{""score"":50.0},""BR4_bo_age"":{""score"":50.0},""_score"":33.38},""risk"":{""R1_stop_clarity"":{""score"":75.74723620913439},""R2_stop_distance_pct"":{""value"":10.023152478952287,""score"":49.42118802619282},""R3_stop_distance_atr"":{""value"":0.8870534249127027,""score"":69.35267124563514},""R4_rr_potential"":{""value"":3.397139457290188,""score"":100.0},""_score"":71.74},""market"":{""M1_spy_regime"":{""score"":100.0},""M3_earnings_risk"":{""value"":null,""score"":80.0},""M4_vix"":{""value"":null,""score"":60.0},""_score"":84.0},""liquidity"":{""L1_price"":{""value"":21.38,""score"":100.0},""L2_dollar_vol"":{""value"":819331341.3688209,""score"":100.0},""L3_spread_proxy"":{""value"":0.0968194574368569,""score"":3.1805425631431063},""L4_volume_zscore"":{""value"":-0.5513344079674187,""score"":100.0},""_score"":90.32},""pattern_structure"":{""pole_low"":18.4701,""pole_low_idx"":9,""peak_price"":23.565,""peak_idx"":30,""pole_gain"":0.27584582649796174,""flag_bars"":29,""flag_low"":19.53,""flag_high"":23.38,""structural_low"":19.53,""current_price"":21.45,""neckline_distance_pct"":0.0986013986013987,""base_bars"":29},""pattern_geometry_features"":{""pole_gain"":0.27584582649796174,""pullback_pct"":0.17122851686823679,""flag_range_pct"":0.16337789093995322,""flag_drift_per_bar"":-0.002166732118456259,""atr_pct"":0.11299378591474007,""pole_atr_multiple"":2.441247757696183},""_schema_version"":""1.0""}",,,,,,,,,,
20260623T215729Z-42792d,2026-06-23T21:57:29.965335+00:00,RTX,bull_flag,absent,43.54,53.9,36.6,26.8,38.1,28.3,35.1,58.6,84.0,97.4,7.54,10.99,2.41,3.81,3.96,3.16,1.76,5.04,4.87,True,risk_unclear,181.83,194.17,178.2554,206.47,"{""trend"":{""T1_ema_stack"":{""value"":[true,false,true],""score"":66.66666666666666},""T2_ema50_slope"":{""value"":-0.05841854061933785,""score"":40.26357656344369},""T3_high_proximity"":{""value"":0.8936013367407117,""score"":46.800668370355844},""T4_rs_1m"":{""value"":0.03568384368003219,""score"":85.6838436800322},""T5_rs_3m"":{""value"":-0.23014856855138122,""score"":0},""T6_adr_healthy"":{""value"":2.5163452294583255,""score"":100.0},""_score"":53.88},""geometry"":{""sub_pole_impulse"":33.6,""sub_flag_tightness"":13.6,""sub_flag_shallowness"":0,""sub_flag_drift"":87.7,""sub_flag_duration"":100.0,""_score"":36.63},""compression"":{""VC1_atr_ratio"":{""value"":0.8157675971502463,""score"":46.05810071243843},""VC2_range_contraction"":{""value"":1.356415335640041,""score"":0},""VC3_range_pct_rank"":{""score"":33.333333333333336},""_score"":26.76},""sr_quality"":{""SR1_touches"":{""value"":2,""score"":25.0},""SR2_tightness"":{""value"":0.5999999999999943,""score"":77.12851189657752},""SR3_recency"":{""value"":279,""score"":0.0},""SR4_price_location"":{""score"":16.312787619267596},""SR5_reaction"":{""value"":2.940892178631766,""score"":100},""_score"":38.15,""_levels_found"":6,""_target_level"":184.97},""volume"":{""V1_rvol_day"":{""value"":1.0885665608024118,""score"":39.23777072016079},""V2_rvol_sameslot"":{""value"":0.9173648986143396,""score"":27.824326574289305,""status"":""ok""},""V3_breakout_bar"":{""value"":0.9336507219290875,""score"":28.91004812860583},""V4_base_dryup"":{""value"":1.1617076382434393,""score"":33.82923617565608},""V5_bo_expansion"":{""value"":1.0885665608024115,""score"":5.904437386827436},""_score"":28.29},""readiness"":{""_distance_atr"":2.352,""BR1_atr_distance"":{""score"":0},""BR2_compression"":{""score"":70.45938173233876},""BR3_retest"":{""score"":50.0},""BR4_bo_age"":{""score"":50.0},""_score"":35.11},""risk"":{""R1_stop_clarity"":{""score"":0},""R2_stop_distance_pct"":{""value"":1.9658747181433296,""score"":99.14686795358324},""R3_stop_distance_atr"":{""value"":0.6812939816674163,""score"":59.06469908337082},""R4_rr_potential"":{""value"":6.8931753647311815,""score"":100.0},""_score"":58.6},""market"":{""M1_spy_regime"":{""score"":100.0},""M3_earnings_risk"":{""value"":null,""score"":80.0},""M4_vix"":{""value"":null,""score"":60.0},""_score"":84.0},""liquidity"":{""L1_price"":{""value"":181.83,""score"":100.0},""L2_dollar_vol"":{""value"":1154943838.5872786,""score"":100.0},""L3_spread_proxy"":{""value"":0.02606830556013864,""score"":73.93169443986136},""L4_volume_zscore"":{""value"":0.36968062766002213,""score"":100.0},""_score"":97.39},""pattern_structure"":{""pole_low"":181.87,""pole_low_idx"":24,""peak_price"":194.17,""peak_idx"":48,""pole_gain"":0.06763072524330556,""flag_bars"":11,""flag_low"":180.97,""flag_high"":187.78,""structural_low"":180.97,""current_price"":182.3841,""neckline_distance_pct"":0.06462131293243215,""base_bars"":11},""pattern_geometry_features"":{""pole_gain"":0.06763072524330556,""pullback_pct"":0.06798166555080594,""flag_range_pct"":0.035072359272802195,""flag_drift_per_bar"":-0.0024548092833650355,""atr_pct"":0.028855013709823144,""pole_atr_multiple"":2.3438119254915466},""_schema_version"":""1.0""}",,,,,,,,,,
20260623T215729Z-42792d,2026-06-23T21:57:29.965335+00:00,RKLB,double_bottom,absent,43.42,56.1,28.1,42.0,44.0,14.6,25.9,82.7,84.0,90.0,8.42,7.01,3.36,6.16,1.9,2.07,4.96,5.04,4.5,False,,100.29,118.377,95.0525,140.254,"{""trend"":{""T1_ema_stack"":{""value"":[false,true,true],""score"":66.66666666666666},""T2_ema50_slope"":{""value"":0.5820706521243943,""score"":100},""T3_high_proximity"":{""value"":0.6675763828795848,""score"":0},""T4_rs_1m"":{""value"":-0.25736388036174196,""score"":0},""T5_rs_3m"":{""value"":0.34400434327985785,""score"":100},""T6_adr_healthy"":{""value"":8.435468653651144,""score"":89.1132836587214},""_score"":56.12},""geometry"":{""sub_low_similarity"":4.9,""sub_bounce_quality"":100,""sub_separation_fit"":0.0,""sub_right_bottom_reaction"":3.9,""sub_base_context"":30.0,""_score"":28.05},""compression"":{""VC1_atr_ratio"":{""value"":0.6109649339636879,""score"":97.25876650907801},""VC2_range_contraction"":{""value"":1.0117539436121978,""score"":0},""VC3_range_pct_rank"":{""score"":12.5},""_score"":42.03},""sr_quality"":{""SR1_touches"":{""value"":2,""score"":25.0},""SR2_tightness"":{""value"":0.015000000000000568,""score"":99.70744327011552},""SR3_recency"":{""value"":227,""score"":0.0},""SR4_price_location"":{""score"":30.0},""SR5_reaction"":{""value"":1.8692912255967626,""score"":93.46456127983814},""_score"":43.98,""_levels_found"":4,""_target_level"":99.595},""volume"":{""V1_rvol_day"":{""value"":0.9285241047092023,""score"":28.568273647280158},""V2_rvol_sameslot"":{""value"":0.7898643956119404,""score"":19.32429304079603,""status"":""ok""},""V3_breakout_bar"":{""value"":0.5766288869728238,""score"":5.108592464854919},""V4_base_dryup"":{""value"":1.3121240475134766,""score"":18.787595248652337},""V5_bo_expansion"":{""value"":0.9285241047092021,""score"":0},""_score"":14.61},""readiness"":{""_distance_atr"":1.764,""BR1_atr_distance"":{""score"":0},""BR2_compression"":{""score"":33.49855123944323},""BR3_retest"":{""score"":50.0},""BR4_bo_age"":{""score"":50.0},""_score"":25.87},""risk"":{""R1_stop_clarity"":{""score"":71.76827556614943},""R2_stop_distance_pct"":{""value"":5.22235517000699,""score"":100.0},""R3_stop_distance_atr"":{""value"":0.5107552909232891,""score"":50.53776454616445},""R4_rr_potential"":{""value"":7.630357995226711,""score"":100.0},""_score"":82.7},""market"":{""M1_spy_regime"":{""score"":100.0},""M3_earnings_risk"":{""value"":null,""score"":80.0},""M4_vix"":{""value"":null,""score"":60.0},""_score"":84.0},""liquidity"":{""L1_price"":{""value"":100.29,""score"":100.0},""L2_dollar_vol"":{""value"":2786256785.794255,""score"":100.0},""L3_spread_proxy"":{""value"":0.10868481403928612,""score"":0},""L4_volume_zscore"":{""value"":-0.1504838771437478,""score"":100.0},""_score"":90.0},""pattern_structure"":{""left_low"":101.2,""left_idx"":29,""right_low"":96.5,""right_idx"":74,""separation_bars"":45,""structural_low"":96.5,""current_price"":99.79,""neckline_distance_pct"":0.18626114841166438,""base_bars"":45},""pattern_geometry_features"":{""low_similarity_pct"":0.04754678806272133,""bounce_pct"":0.22670466321243518,""right_bottom_reaction"":0.039449541284404276,""atr_pct"":0.10224769596740882},""_schema_version"":""1.0""}",,,,,,,,,,
20260623T215729Z-42792d,2026-06-23T21:57:29.965335+00:00,UUUU,breakout_retest_hold,breakout_confirmed,43.17,14.6,24.9,55.5,66.0,15.4,60.5,63.7,84.0,92.8,2.05,5.48,3.33,9.25,2.01,10.89,3.18,4.2,2.79,False,,16.12,15.37,15.6192,14.556,"{""trend"":{""T1_ema_stack"":{""value"":[false,false,true],""score"":33.33333333333333},""T2_ema50_slope"":{""value"":-0.6580925802295777,""score"":0},""T3_high_proximity"":{""value"":0.685374149659864,""score"":0},""T4_rs_1m"":{""value"":-0.043568626426304546,""score"":6.431373573695453},""T5_rs_3m"":{""value"":-0.18535235382364734,""score"":0},""T6_adr_healthy"":{""value"":7.371891347251484,""score"":100.0},""_score"":14.62},""geometry"":{""sub_retest_depth"":0.0,""sub_retest_timing"":0.0,""sub_retest_freshness"":100.0,""sub_hold_quality"":16.3,""_score"":24.89},""compression"":{""VC1_atr_ratio"":{""value"":0.4057968994503521,""score"":100},""VC2_range_contraction"":{""value"":0.9976937524899849,""score"":0.38437458500251154},""VC3_range_pct_rank"":{""score"":61.66666666666667},""_score"":55.55},""sr_quality"":{""SR1_touches"":{""value"":3,""score"":50.0},""SR2_tightness"":{""value"":0.16336734339790407,""score"":77.29714065493057},""SR3_recency"":{""value"":244,""score"":0.0},""SR4_price_location"":{""score"":97.77650941757453},""SR5_reaction"":{""value"":2.298765003184687,""score"":100},""_score"":66.04,""_levels_found"":4,""_target_level"":16.2267},""volume"":{""V1_rvol_day"":{""value"":0.8256855719087711,""score"":21.71237146058474},""V2_rvol_sameslot"":{""value"":0.7591330930195386,""score"":17.275539534635907,""status"":""ok""},""V3_breakout_bar"":{""value"":0.48212976447302536,""score"":0},""V4_base_dryup"":{""value"":1.118364021075894,""score"":38.16359789241059},""V5_bo_expansion"":{""value"":0.825685571908771,""score"":0},""_score"":15.43},""readiness"":{""_distance_atr"":-0.521,""BR1_atr_distance"":{""score"":49.57738789488049},""BR2_compression"":{""score"":64.65297143004783},""BR3_retest"":{""score"":100},""BR4_bo_age"":{""score"":30.0},""_score"":60.49},""risk"":{""R1_stop_clarity"":{""score"":78.07499317567074},""R2_stop_distance_pct"":{""value"":3.1065136476426862,""score"":100.0},""R3_stop_distance_atr"":{""value"":0.3479554309253797,""score"":42.397771546268984},""R4_rr_potential"":{""value"":-3.123190286958082,""score"":0.0},""_score"":63.69},""market"":{""M1_spy_regime"":{""score"":100.0},""M3_earnings_risk"":{""value"":null,""score"":80.0},""M4_vix"":{""value"":null,""score"":60.0},""_score"":84.0},""liquidity"":{""L1_price"":{""value"":16.12,""score"":100.0},""L2_dollar_vol"":{""value"":147399987.24291414,""score"":100.0},""L3_spread_proxy"":{""value"":0.07152605459057075,""score"":28.47394540942925},""L4_volume_zscore"":{""value"":-0.30834002730210247,""score"":100.0},""_score"":92.85},""pattern_structure"":{""level"":15.37,""level_idx"":45,""breakout_idx"":50,""bo_peak_idx"":68,""bo_peak_price"":18.06,""retest_idx"":74,""retest_low"":15.777,""structural_low"":15.777,""current_price"":16.275,""neckline_distance_pct"":-0.05560675883256525,""base_bars"":34,""bars_since_breakout"":29},""pattern_geometry_features"":{""retest_depth_atr"":-0.7508433480919251,""bars_breakout_to_retest"":24.0,""bars_since_retest"":5.0,""current_above_level_atr"":1.6695656757326576,""bo_peak_excess_pct"":0.17501626545217955,""atr_pct"":0.08927906770648707},""_schema_version"":""1.0""}",,,,,,,,,,
20260623T215729Z-42792d,2026-06-23T21:57:29.965335+00:00,AMZN,bull_flag,absent,43.15,32.6,27.4,28.2,56.0,61.2,22.0,61.3,84.0,95.8,4.57,8.23,2.54,5.6,8.58,1.98,1.84,5.04,4.79,True,risk_unclear,232.79,249.51,228.7564,265.43,"{""trend"":{""T1_ema_stack"":{""value"":[false,false,true],""score"":33.33333333333333},""T2_ema50_slope"":{""value"":-0.019459386470187967,""score"":46.75676892163534},""T3_high_proximity"":{""value"":0.8465398741772427,""score"":23.26993708862135},""T4_rs_1m"":{""value"":-0.12581640541357286,""score"":0},""T5_rs_3m"":{""value"":-0.01422529447172427,""score"":42.887352764137866},""T6_adr_healthy"":{""value"":2.85830901821884,""score"":100.0},""_score"":32.61},""geometry"":{""sub_pole_impulse"":22.3,""sub_flag_tightness"":0,""sub_flag_shallowness"":0,""sub_flag_drift"":88.2,""sub_flag_duration"":75.0,""_score"":27.42},""compression"":{""VC1_atr_ratio"":{""value"":0.7347190039180939,""score"":66.32024902047652},""VC2_range_contraction"":{""value"":1.345165593657807,""score"":0},""VC3_range_pct_rank"":{""score"":6.666666666666665},""_score"":28.19},""sr_quality"":{""SR1_touches"":{""value"":4,""score"":75.0},""SR2_tightness"":{""value"":1.209769477007912,""score"":71.15031069045355},""SR3_recency"":{""value"":225,""score"":0.0},""SR4_price_location"":{""score"":31.31465637756526},""SR5_reaction"":{""value"":3.2430288634196387,""score"":100},""_score"":56.0,""_levels_found"":7,""_target_level"":248.1438},""volume"":{""V1_rvol_day"":{""value"":1.4960951271665948,""score"":66.40634181110632},""V2_rvol_sameslot"":{""value"":2.179958775489887,""score"":100,""status"":""ok""},""V3_breakout_bar"":{""value"":1.2760906225020932,""score"":51.73937483347287},""V4_base_dryup"":{""value"":0.996179389417529,""score"":50.382061058247096},""V5_bo_expansion"":{""value"":1.4960951271665948,""score"":33.07300847777299},""_score"":61.25},""readiness"":{""_distance_atr"":1.994,""BR1_atr_distance"":{""score"":0},""BR2_compression"":{""score"":17.89653126234131},""BR3_retest"":{""score"":50.0},""BR4_bo_age"":{""score"":50.0},""_score"":21.97},""risk"":{""R1_stop_clarity"":{""score"":16.92567915723778},""R2_stop_distance_pct"":{""value"":1.7327204776837402,""score"":93.3180119420935},""R3_stop_distance_atr"":{""value"":0.48095157387668547,""score"":49.04757869383427},""R4_rr_potential"":{""value"":8.092026973423277,""score"":100.0},""_score"":61.28},""market"":{""M1_spy_regime"":{""score"":100.0},""M3_earnings_risk"":{""value"":null,""score"":80.0},""M4_vix"":{""value"":null,""score"":60.0},""_score"":84.0},""liquidity"":{""L1_price"":{""value"":232.79,""score"":100.0},""L2_dollar_vol"":{""value"":15920165160.830889,""score"":100.0},""L3_spread_proxy"":{""value"":0.04192619957901968,""score"":58.07380042098033},""L4_volume_zscore"":{""value"":1.9322566178428608,""score"":100.0},""_score"":95.81},""pattern_structure"":{""pole_low"":233.59,""pole_low_idx"":24,""peak_price"":249.51,""peak_idx"":37,""pole_gain"":0.06815360246585893,""flag_bars"":22,""flag_low"":232.24,""flag_high"":248.87,""structural_low"":232.24,""current_price"":233.915,""neckline_distance_pct"":0.06666951670478592,""base_bars"":22},""pattern_geometry_features"":{""pole_gain"":0.06815360246585893,""pullback_pct"":0.06921566269888975,""flag_range_pct"":0.06665063524508034,""flag_drift_per_bar"":-0.0023693021058470414,""atr_pct"":0.03602692187317812,""pole_atr_multiple"":1.891740923795074},""_schema_version"":""1.0""}",,,,,,,,,,
20260623T215729Z-42792d,2026-06-23T21:57:29.965335+00:00,MSFT,double_bottom,absent,42.89,14.7,45.5,41.2,48.9,31.4,23.5,55.7,84.0,96.0,2.21,11.38,3.3,6.84,4.09,1.88,3.34,5.04,4.8,True,risk_unclear,367.34,401.75,362.411,435.57,"{""trend"":{""T1_ema_stack"":{""value"":[false,false,false],""score"":0.0},""T2_ema50_slope"":{""value"":-0.008802530568353307,""score"":48.53291157194111},""T3_high_proximity"":{""value"":0.7976635108138626,""score"":0},""T4_rs_1m"":{""value"":-0.13181885499128565,""score"":0},""T5_rs_3m"":{""value"":-0.18579001155588337,""score"":0},""T6_adr_healthy"":{""value"":2.6931915075686446,""score"":100.0},""_score"":14.71},""geometry"":{""sub_low_similarity"":23.5,""sub_bounce_quality"":88.5,""sub_separation_fit"":86.7,""sub_right_bottom_reaction"":11.9,""sub_base_context"":30.0,""_score"":45.54},""compression"":{""VC1_atr_ratio"":{""value"":0.5966361168907329,""score"":100},""VC2_range_contraction"":{""value"":1.032540990449155,""score"":0},""VC3_range_pct_rank"":{""score"":5.000000000000004},""_score"":41.25},""sr_quality"":{""SR1_touches"":{""value"":2,""score"":25.0},""SR2_tightness"":{""value"":1.6450000000000102,""score"":73.5302416701577},""SR3_recency"":{""value"":273,""score"":0.0},""SR4_price_location"":{""score"":61.34530276725625},""SR5_reaction"":{""value"":2.218547910205109,""score"":100},""_score"":48.87,""_levels_found"":6,""_target_level"":383.355},""volume"":{""V1_rvol_day"":{""value"":1.1396027456738664,""score"":42.64018304492443},""V2_rvol_sameslot"":{""value"":1.1530981658863204,""score"":43.53987772575469,""status"":""ok""},""V3_breakout_bar"":{""value"":0.7508186354749351,""score"":16.72124236499567},""V4_base_dryup"":{""value"":1.0687895409509738,""score"":43.12104590490262},""V5_bo_expansion"":{""value"":1.1396027456738664,""score"":9.306849711591097},""_score"":31.44},""readiness"":{""_distance_atr"":2.768,""BR1_atr_distance"":{""score"":0},""BR2_compression"":{""score"":24.00604853244089},""BR3_retest"":{""score"":50.0},""BR4_bo_age"":{""score"":50.0},""_score"":23.5},""risk"":{""R1_stop_clarity"":{""score"":11.194363079341755},""R2_stop_distance_pct"":{""value"":1.3417950672401553,""score"":83.54487668100387},""R3_stop_distance_atr"":{""value"":0.39655962103305503,""score"":44.827981051652756},""R4_rr_potential"":{""value"":13.84270483571556,""score"":100.0},""_score"":55.71},""market"":{""M1_spy_regime"":{""score"":100.0},""M3_earnings_risk"":{""value"":null,""score"":80.0},""M4_vix"":{""value"":null,""score"":60.0},""_score"":84.0},""liquidity"":{""L1_price"":{""value"":367.34,""score"":100.0},""L2_dollar_vol"":{""value"":16593154226.599274,""score"":100.0},""L3_spread_proxy"":{""value"":0.03963630424130234,""score"":60.36369575869766},""L4_volume_zscore"":{""value"":0.4191709971378518,""score"":100.0},""_score"":96.04},""pattern_structure"":{""left_low"":382.27,""left_idx"":44,""right_low"":367.93,""right_idx"":76,""separation_bars"":32,""structural_low"":367.93,""current_price"":369.74,""neckline_distance_pct"":0.08657434954292202,""base_bars"":32},""pattern_geometry_features"":{""low_similarity_pct"":0.038229805385230534,""bounce_pct"":0.09191965863071778,""right_bottom_reaction"":0.11901041040559895,""atr_pct"":0.033835897455840834},""_schema_version"":""1.0""}",,,,,,,,,,
20260623T215729Z-42792d,2026-06-23T21:57:29.965335+00:00,MSFT,vcp,invalidated,42.55,14.7,52.7,41.2,48.9,33.6,23.5,10.2,84.0,96.0,2.21,13.16,4.95,5.86,4.36,1.65,0.51,5.04,4.8,True,risk_unclear,367.34,432.7,405.1306,434.4499,"{""trend"":{""T1_ema_stack"":{""value"":[false,false,false],""score"":0.0},""T2_ema50_slope"":{""value"":-0.008802530568353307,""score"":48.53291157194111},""T3_high_proximity"":{""value"":0.7976635108138626,""score"":0},""T4_rs_1m"":{""value"":-0.13181885499128565,""score"":0},""T5_rs_3m"":{""value"":-0.18579001155588337,""score"":0},""T6_adr_healthy"":{""value"":2.6931915075686446,""score"":100.0},""_score"":14.71},""geometry"":{""sub_contraction_count"":100.0,""sub_reduction_rate"":27.4,""sub_pivot_tightness"":72.1,""sub_volume_dryup"":0,""sub_base_depth"":0.0,""sub_base_duration"":100.0,""_score"":52.66},""compression"":{""VC1_atr_ratio"":{""value"":0.5966361168907329,""score"":100},""VC2_range_contraction"":{""value"":1.032540990449155,""score"":0},""VC3_range_pct_rank"":{""score"":5.000000000000004},""_score"":41.25},""sr_quality"":{""SR1_touches"":{""value"":2,""score"":25.0},""SR2_tightness"":{""value"":1.6450000000000102,""score"":73.5302416701577},""SR3_recency"":{""value"":273,""score"":0.0},""SR4_price_location"":{""score"":61.34530276725625},""SR5_reaction"":{""value"":2.218547910205109,""score"":100},""_score"":48.87,""_levels_found"":6,""_target_level"":383.355},""volume"":{""V1_rvol_day"":{""value"":1.1396027456738664,""score"":42.64018304492443},""V2_rvol_sameslot"":{""value"":1.1530981658863204,""score"":43.53987772575469,""status"":""ok""},""V3_breakout_bar"":{""value"":0.7508186354749351,""score"":16.72124236499567},""V4_base_dryup"":{""value"":0.9625384287936167,""score"":53.74615712063833},""V5_bo_expansion"":{""value"":1.1396027456738664,""score"":9.306849711591097},""_score"":33.56},""readiness"":{""_distance_atr"":5.259,""BR1_atr_distance"":{""score"":0},""BR2_compression"":{""score"":24.00604853244089},""BR3_retest"":{""score"":50.0},""BR4_bo_age"":{""score"":50.0},""_score"":23.5},""risk"":{""R1_stop_clarity"":{""score"":0.7263138476600091},""R2_stop_distance_pct"":{""value"":-10.287635024772687,""score"":0.0},""R3_stop_distance_atr"":{""value"":-3.040449876702416,""score"":0.0},""R4_rr_potential"":{""value"":null,""score"":50.0},""_score"":10.25},""market"":{""M1_spy_regime"":{""score"":100.0},""M3_earnings_risk"":{""value"":null,""score"":80.0},""M4_vix"":{""value"":null,""score"":60.0},""_score"":84.0},""liquidity"":{""L1_price"":{""value"":367.34,""score"":100.0},""L2_dollar_vol"":{""value"":16593154226.599274,""score"":100.0},""L3_spread_proxy"":{""value"":0.03963630424130234,""score"":60.36369575869766},""L4_volume_zscore"":{""value"":0.4191709971378518,""score"":100.0},""_score"":96.04},""pattern_structure"":{""n_contractions"":5,""contractions_pct"":[13.74,5.14,7.42,6.33,4.95],""descending_strict"":false,""final_low"":411.3001,""final_pivot"":432.7,""structural_low"":411.3001,""dry_up_ratio"":1.0615889006030526,""current_price"":367.34,""neckline_distance_pct"":0.1779278053029891,""base_bars"":52},""pattern_geometry_features"":{""contraction_count"":5.0,""first_contraction_pct"":0.13744098777387734,""last_contraction_pct"":0.04945666743702335,""dry_up_ratio"":1.0615889006030526,""near_monotone"":0.0,""base_depth_pct"":0.004236533107372049},""_schema_version"":""1.0""}",,,,,,,,,,
20260623T215729Z-42792d,2026-06-23T21:57:29.965335+00:00,BABA,double_bottom,absent,42.35,5.0,45.3,60.5,45.5,29.1,18.3,65.1,84.0,97.5,0.75,11.32,4.84,6.36,3.79,1.47,3.91,5.04,4.88,True,risk_unclear,104.97,110.58,102.3513,117.25,"{""trend"":{""T1_ema_stack"":{""value"":[false,false,false],""score"":0.0},""T2_ema50_slope"":{""value"":-0.46808031483173607,""score"":0},""T3_high_proximity"":{""value"":0.7199094712296824,""score"":0},""T4_rs_1m"":{""value"":-0.22361587500286872,""score"":0},""T5_rs_3m"":{""value"":-0.29021243378492256,""score"":0},""T6_adr_healthy"":{""value"":2.244953073314647,""score"":100.0},""_score"":5.0},""geometry"":{""sub_low_similarity"":3.5,""sub_bounce_quality"":48.8,""sub_separation_fit"":100.0,""sub_right_bottom_reaction"":89.7,""sub_base_context"":30.0,""_score"":45.27},""compression"":{""VC1_atr_ratio"":{""value"":0.40131065551900874,""score"":100},""VC2_range_contraction"":{""value"":0.838399813641567,""score"":26.933364393072168},""VC3_range_pct_rank"":{""score"":44.166666666666664},""_score"":60.47},""sr_quality"":{""SR1_touches"":{""value"":4,""score"":75.0},""SR2_tightness"":{""value"":0.8886506625215587,""score"":53.06968464319042},""SR3_recency"":{""value"":248,""score"":0.0},""SR4_price_location"":{""score"":0},""SR5_reaction"":{""value"":2.881156932826604,""score"":100},""_score"":45.46,""_levels_found"":5,""_target_level"":129.62},""volume"":{""V1_rvol_day"":{""value"":1.1732504098660683,""score"":44.88336065773789},""V2_rvol_sameslot"":{""value"":0.8628473805079752,""score"":24.189825367198345,""status"":""ok""},""V3_breakout_bar"":{""value"":0.6069049050733578,""score"":7.126993671557187},""V4_base_dryup"":{""value"":0.9087833902924505,""score"":59.12166097075495},""V5_bo_expansion"":{""value"":1.173250409866068,""score"":11.550027324404539},""_score"":29.15},""readiness"":{""_distance_atr"":1.481,""BR1_atr_distance"":{""score"":1.243881967955133},""BR2_compression"":{""score"":1.3800416356140786},""BR3_retest"":{""score"":50.0},""BR4_bo_age"":{""score"":50.0},""_score"":18.34},""risk"":{""R1_stop_clarity"":{""score"":17.686511566499064},""R2_stop_distance_pct"":{""value"":2.4946651424216464,""score"":100.0},""R3_stop_distance_atr"":{""value"":0.6914644611888089,""score"":59.57322305944044},""R4_rr_potential"":{""value"":4.689439214862616,""score"":100.0},""_score"":65.13},""market"":{""M1_spy_regime"":{""score"":100.0},""M3_earnings_risk"":{""value"":null,""score"":80.0},""M4_vix"":{""value"":null,""score"":60.0},""_score"":84.0},""liquidity"":{""L1_price"":{""value"":104.97,""score"":100.0},""L2_dollar_vol"":{""value"":1387782506.7924047,""score"":100.0},""L3_spread_proxy"":{""value"":0.02495951224159288,""score"":75.04048775840712},""L4_volume_zscore"":{""value"":0.673623099900989,""score"":100.0},""_score"":97.5},""pattern_structure"":{""left_low"":109.05,""left_idx"":57,""right_low"":103.91,""right_idx"":75,""separation_bars"":18,""structural_low"":103.91,""current_price"":104.801,""neckline_distance_pct"":0.05514260360111064,""base_bars"":18},""pattern_geometry_features"":{""low_similarity_pct"":0.04827197595792638,""bounce_pct"":0.06419016456548939,""right_bottom_reaction"":0.8971962616822442,""atr_pct"":0.03607799507342232},""_schema_version"":""1.0""}",,,,,,,,,,
20260623T215729Z-42792d,2026-06-23T21:57:29.965335+00:00,GOOG,bull_flag,absent,41.77,49.1,30.2,34.0,49.4,30.7,18.5,68.6,84.0,95.0,6.88,9.06,3.06,4.94,4.3,1.67,2.06,5.04,4.75,True,risk_unclear,348.78,373.6,335.8259,403.57,"{""trend"":{""T1_ema_stack"":{""value"":[false,true,true],""score"":66.66666666666666},""T2_ema50_slope"":{""value"":0.08839288507749472,""score"":64.73214751291579},""T3_high_proximity"":{""value"":0.8740477145148355,""score"":37.023857257417745},""T4_rs_1m"":{""value"":-0.09807864419789736,""score"":0},""T5_rs_3m"":{""value"":0.019567729317659266,""score"":59.78386465882963},""T6_adr_healthy"":{""value"":2.7543667609003286,""score"":100.0},""_score"":49.13},""geometry"":{""sub_pole_impulse"":33.8,""sub_flag_tightness"":0,""sub_flag_shallowness"":0,""sub_flag_drift"":83.8,""sub_flag_duration"":75.0,""_score"":30.21},""compression"":{""VC1_atr_ratio"":{""value"":0.6640806878423695,""score"":83.97982803940762},""VC2_range_contraction"":{""value"":1.329479073422382,""score"":0},""VC3_range_pct_rank"":{""score"":1.6666666666666718},""_score"":34.01},""sr_quality"":{""SR1_touches"":{""value"":2,""score"":25.0},""SR2_tightness"":{""value"":2.115000000000009,""score"":67.30100797044818},""SR3_recency"":{""value"":234,""score"":0.0},""SR4_price_location"":{""score"":67.30769230769208},""SR5_reaction"":{""value"":2.26921728375293,""score"":100},""_score"":49.42,""_levels_found"":7,""_target_level"":352.265},""volume"":{""V1_rvol_day"":{""value"":1.3163369632412663,""score"":54.42246421608442},""V2_rvol_sameslot"":{""value"":1.107205834152654,""score"":40.48038894351027,""status"":""ok""},""V3_breakout_bar"":{""value"":0.7304265837496928,""score"":15.361772249979522},""V4_base_dryup"":{""value"":1.2625341262605978,""score"":23.746587373940216},""V5_bo_expansion"":{""value"":1.316336963241266,""score"":21.08913088275107},""_score"":30.73},""readiness"":{""_distance_atr"":1.919,""BR1_atr_distance"":{""score"":0},""BR2_compression"":{""score"":4.1457579197971555},""BR3_retest"":{""score"":50.0},""BR4_bo_age"":{""score"":50.0},""_score"":18.54},""risk"":{""R1_stop_clarity"":{""score"":20.93337345705413},""R2_stop_distance_pct"":{""value"":3.714117781982907,""score"":100.0},""R3_stop_distance_atr"":{""value"":1.0013853726950708,""score"":75.06926863475354},""R4_rr_potential"":{""value"":4.2295489458935895,""score"":100.0},""_score"":68.59},""market"":{""M1_spy_regime"":{""score"":100.0},""M3_earnings_risk"":{""value"":null,""score"":80.0},""M4_vix"":{""value"":null,""score"":60.0},""_score"":84.0},""liquidity"":{""L1_price"":{""value"":348.78,""score"":100.0},""L2_dollar_vol"":{""value"":11234606820.657026,""score"":100.0},""L3_spread_proxy"":{""value"":0.04948678249899648,""score"":50.51321750100352},""L4_volume_zscore"":{""value"":0.7776194573009416,""score"":100.0},""_score"":95.05},""pattern_structure"":{""pole_low"":343.63,""pole_low_idx"":21,""peak_price"":373.6,""peak_idx"":37,""pole_gain"":0.0872159008235603,""flag_bars"":22,""flag_low"":340.94,""flag_high"":373.42,""structural_low"":340.94,""current_price"":348.655,""neckline_distance_pct"":0.07154637105448095,""base_bars"":22},""pattern_geometry_features"":{""pole_gain"":0.0872159008235603,""pullback_pct"":0.08741970021413283,""flag_range_pct"":0.08693790149892938,""flag_drift_per_bar"":-0.0032319410622741597,""atr_pct"":0.03708979463108139,""pole_atr_multiple"":2.3514797450637013},""_schema_version"":""1.0""}",,,,,,,,,,
20260623T215729Z-42792d,2026-06-23T21:57:29.965335+00:00,RKLB,bull_flag,absent,40.76,56.1,22.1,42.0,44.0,19.5,37.1,82.7,84.0,90.0,7.86,6.63,3.78,4.4,2.73,3.34,2.48,5.04,4.5,False,,100.29,111.34,95.0525,123.07,"{""trend"":{""T1_ema_stack"":{""value"":[false,true,true],""score"":66.66666666666666},""T2_ema50_slope"":{""value"":0.5820706521243943,""score"":100},""T3_high_proximity"":{""value"":0.6675763828795848,""score"":0},""T4_rs_1m"":{""value"":-0.25736388036174196,""score"":0},""T5_rs_3m"":{""value"":0.34400434327985785,""score"":100},""T6_adr_healthy"":{""value"":8.435468653651144,""score"":89.1132836587214},""_score"":56.12},""geometry"":{""sub_pole_impulse"":3.8,""sub_flag_tightness"":0,""sub_flag_shallowness"":0,""sub_flag_drift"":73.1,""sub_flag_duration"":100.0,""_score"":22.1},""compression"":{""VC1_atr_ratio"":{""value"":0.6109649339636879,""score"":97.25876650907801},""VC2_range_contraction"":{""value"":1.0117539436121978,""score"":0},""VC3_range_pct_rank"":{""score"":12.5},""_score"":42.03},""sr_quality"":{""SR1_touches"":{""value"":2,""score"":25.0},""SR2_tightness"":{""value"":0.015000000000000568,""score"":99.70744327011552},""SR3_recency"":{""value"":227,""score"":0.0},""SR4_price_location"":{""score"":30.0},""SR5_reaction"":{""value"":1.8692912255967626,""score"":93.46456127983814},""_score"":43.98,""_levels_found"":4,""_target_level"":99.595},""volume"":{""V1_rvol_day"":{""value"":0.9285241047092023,""score"":28.568273647280158},""V2_rvol_sameslot"":{""value"":0.7898643956119404,""score"":19.32429304079603,""status"":""ok""},""V3_breakout_bar"":{""value"":0.5766288869728238,""score"":5.108592464854919},""V4_base_dryup"":{""value"":1.0671384369638612,""score"":43.28615630361388},""V5_bo_expansion"":{""value"":0.9285241047092021,""score"":0},""_score"":19.51},""readiness"":{""_distance_atr"":1.078,""BR1_atr_distance"":{""score"":28.1610696617046},""BR2_compression"":{""score"":33.49855123944323},""BR3_retest"":{""score"":50.0},""BR4_bo_age"":{""score"":50.0},""_score"":37.14},""risk"":{""R1_stop_clarity"":{""score"":71.76827556614943},""R2_stop_distance_pct"":{""value"":5.22235517000699,""score"":100.0},""R3_stop_distance_atr"":{""value"":0.5107552909232891,""score"":50.53776454616445},""R4_rr_potential"":{""value"":4.349403341288774,""score"":100.0},""_score"":82.7},""market"":{""M1_spy_regime"":{""score"":100.0},""M3_earnings_risk"":{""value"":null,""score"":80.0},""M4_vix"":{""value"":null,""score"":60.0},""_score"":84.0},""liquidity"":{""L1_price"":{""value"":100.29,""score"":100.0},""L2_dollar_vol"":{""value"":2786256785.794255,""score"":100.0},""L3_spread_proxy"":{""value"":0.10868481403928612,""score"":0},""L4_volume_zscore"":{""value"":-0.1504838771437478,""score"":100.0},""_score"":90.0},""pattern_structure"":{""pole_low"":99.61,""pole_low_idx"":26,""peak_price"":111.34,""peak_idx"":47,""pole_gain"":0.11775926111836166,""flag_bars"":12,""flag_low"":96.5,""flag_high"":109.55,""structural_low"":96.5,""current_price"":99.79,""neckline_distance_pct"":0.11574306042689644,""base_bars"":12},""pattern_geometry_features"":{""pole_gain"":0.11775926111836166,""pullback_pct"":0.1332854320100593,""flag_range_pct"":0.1172085503862044,""flag_drift_per_bar"":-0.005375277593435752,""atr_pct"":0.10224769596740882,""pole_atr_multiple"":1.151705767100093},""_schema_version"":""1.0""}",,,,,,,,,,
20260623T215729Z-42792d,2026-06-23T21:57:29.965335+00:00,BABA,vcp,invalidated,40.49,5.0,46.5,60.5,45.5,28.5,17.9,10.8,84.0,97.5,0.75,11.62,7.26,5.46,3.7,1.25,0.54,5.04,4.88,True,risk_unclear,104.97,146.87,121.5786,191.695,"{""trend"":{""T1_ema_stack"":{""value"":[false,false,false],""score"":0.0},""T2_ema50_slope"":{""value"":-0.46808031483173607,""score"":0},""T3_high_proximity"":{""value"":0.7199094712296824,""score"":0},""T4_rs_1m"":{""value"":-0.22361587500286872,""score"":0},""T5_rs_3m"":{""value"":-0.29021243378492256,""score"":0},""T6_adr_healthy"":{""value"":2.244953073314647,""score"":100.0},""_score"":5.0},""geometry"":{""sub_contraction_count"":100.0,""sub_reduction_rate"":0,""sub_pivot_tightness"":0,""sub_volume_dryup"":9.9,""sub_base_depth"":100.0,""sub_base_duration"":100.0,""_score"":46.48},""compression"":{""VC1_atr_ratio"":{""value"":0.40131065551900874,""score"":100},""VC2_range_contraction"":{""value"":0.838399813641567,""score"":26.933364393072168},""VC3_range_pct_rank"":{""score"":44.166666666666664},""_score"":60.47},""sr_quality"":{""SR1_touches"":{""value"":4,""score"":75.0},""SR2_tightness"":{""value"":0.8886506625215587,""score"":53.06968464319042},""SR3_recency"":{""value"":248,""score"":0.0},""SR4_price_location"":{""score"":0},""SR5_reaction"":{""value"":2.881156932826604,""score"":100},""_score"":45.46,""_levels_found"":5,""_target_level"":129.62},""volume"":{""V1_rvol_day"":{""value"":1.1732504098660683,""score"":44.88336065773789},""V2_rvol_sameslot"":{""value"":0.8628473805079752,""score"":24.189825367198345,""status"":""ok""},""V3_breakout_bar"":{""value"":0.6069049050733578,""score"":7.126993671557187},""V4_base_dryup"":{""value"":0.9418438850629909,""score"":55.815611493700914},""V5_bo_expansion"":{""value"":1.173250409866068,""score"":11.550027324404539},""_score"":28.49},""readiness"":{""_distance_atr"":11.064,""BR1_atr_distance"":{""score"":0},""BR2_compression"":{""score"":1.3800416356140786},""BR3_retest"":{""score"":50.0},""BR4_bo_age"":{""score"":50.0},""_score"":17.85},""risk"":{""R1_stop_clarity"":{""score"":2.2235215345297092},""R2_stop_distance_pct"":{""value"":-15.822187291607134,""score"":0.0},""R3_stop_distance_atr"":{""value"":-4.385550599307806,""score"":0.0},""R4_rr_potential"":{""value"":null,""score"":50.0},""_score"":10.78},""market"":{""M1_spy_regime"":{""score"":100.0},""M3_earnings_risk"":{""value"":null,""score"":80.0},""M4_vix"":{""value"":null,""score"":60.0},""_score"":84.0},""liquidity"":{""L1_price"":{""value"":104.97,""score"":100.0},""L2_dollar_vol"":{""value"":1387782506.7924047,""score"":100.0},""L3_spread_proxy"":{""value"":0.02495951224159288,""score"":75.04048775840712},""L4_volume_zscore"":{""value"":0.673623099900989,""score"":100.0},""_score"":97.5},""pattern_structure"":{""n_contractions"":5,""contractions_pct"":[9.15,12.93,6.69,10.31,15.96],""descending_strict"":false,""final_low"":123.43,""final_pivot"":146.87,""structural_low"":123.43,""dry_up_ratio"":0.9504599193248446,""current_price"":104.97,""neckline_distance_pct"":0.39916166523768704,""base_bars"":75},""pattern_geometry_features"":{""contraction_count"":5.0,""first_contraction_pct"":0.09152774063177918,""last_contraction_pct"":0.15959692244842374,""dry_up_ratio"":0.9504599193248446,""near_monotone"":0.0,""base_depth_pct"":0.2664111021960714},""_schema_version"":""1.0""}",,,,,,,,,,
20260623T215729Z-42792d,2026-06-23T21:57:29.965335+00:00,LHX,bull_flag,absent,40.44,17.0,25.4,17.4,45.8,70.5,33.8,63.0,84.0,89.0,2.38,7.62,1.57,4.58,9.87,3.05,1.89,5.04,4.45,True,risk_unclear,285.83,318.52,278.1739,336.68,"{""trend"":{""T1_ema_stack"":{""value"":[false,false,true],""score"":33.33333333333333},""T2_ema50_slope"":{""value"":-0.18949761372135493,""score"":18.417064379774178},""T3_high_proximity"":{""value"":0.7896510760560267,""score"":0},""T4_rs_1m"":{""value"":-0.07966872556776605,""score"":0},""T5_rs_3m"":{""value"":-0.3376794811176014,""score"":0},""T6_adr_healthy"":{""value"":2.56821140782598,""score"":100.0},""_score"":17.02},""geometry"":{""sub_pole_impulse"":21.6,""sub_flag_tightness"":0,""sub_flag_shallowness"":0,""sub_flag_drift"":59.4,""sub_flag_duration"":100.0,""_score"":25.39},""compression"":{""VC1_atr_ratio"":{""value"":0.8675872175715533,""score"":33.103195607111665},""VC2_range_contraction"":{""value"":1.7352465638522843,""score"":0},""VC3_range_pct_rank"":{""score"":16.666666666666664},""_score"":17.41},""sr_quality"":{""SR1_touches"":{""value"":2,""score"":25.0},""SR2_tightness"":{""value"":1.3570499999999868,""score"":70.73917891598205},""SR3_recency"":{""value"":231,""score"":0.0},""SR4_price_location"":{""score"":60.54802337329484},""SR5_reaction"":{""value"":1.6693955532829814,""score"":83.46977766414906},""_score"":45.77,""_levels_found"":7,""_target_level"":298.028},""volume"":{""V1_rvol_day"":{""value"":2.0364061488444496,""score"":100},""V2_rvol_sameslot"":{""value"":2.4683708498132284,""score"":100,""status"":""ok""},""V3_breakout_bar"":{""value"":1.1613984273316438,""score"":44.093228488776255},""V4_base_dryup"":{""value"":1.0445607785047828,""score"":45.54392214952172},""V5_bo_expansion"":{""value"":2.0364061488444496,""score"":69.09374325629663},""_score"":70.5},""readiness"":{""_distance_atr"":3.524,""BR1_atr_distance"":{""score"":0},""BR2_compression"":{""score"":65.37159733034879},""BR3_retest"":{""score"":50.0},""BR4_bo_age"":{""score"":50.0},""_score"":33.84},""risk"":{""R1_stop_clarity"":{""score"":8.659793496876247},""R2_stop_distance_pct"":{""value"":2.678567680089553,""score"":100.0},""R3_stop_distance_atr"":{""value"":0.8254126058082062,""score"":66.27063029041031},""R4_rr_potential"":{""value"":6.641719402049356,""score"":100.0},""_score"":62.97},""market"":{""M1_spy_regime"":{""score"":100.0},""M3_earnings_risk"":{""value"":null,""score"":80.0},""M4_vix"":{""value"":null,""score"":60.0},""_score"":84.0},""liquidity"":{""L1_price"":{""value"":285.83,""score"":100.0},""L2_dollar_vol"":{""value"":730148569.8695194,""score"":100.0},""L3_spread_proxy"":{""value"":0.035440646538152036,""score"":64.55935346184796},""L4_volume_zscore"":{""value"":2.342198579379666,""score"":70.0},""_score"":88.96},""pattern_structure"":{""pole_low"":300.36,""pole_low_idx"":31,""peak_price"":318.52,""peak_idx"":44,""pole_gain"":0.060460780396857,""flag_bars"":15,""flag_low"":282.41,""flag_high"":317.82,""structural_low"":282.41,""current_price"":284.78,""neckline_distance_pct"":0.11847742116721684,""base_bars"":15},""pattern_geometry_features"":{""pole_gain"":0.060460780396857,""pullback_pct"":0.1133680773577796,""flag_range_pct"":0.11117041316086892,""flag_drift_per_bar"":-0.008110082469675818,""atr_pct"":0.032451257240817426,""pole_atr_multiple"":1.8631259783922636},""_schema_version"":""1.0""}",,,,,,,,,,
20260623T215729Z-42792d,2026-06-23T21:57:29.965335+00:00,VZ,bull_flag,absent,40.36,28.3,24.0,54.4,56.1,31.5,28.6,58.7,84.0,98.4,3.96,7.19,4.89,5.61,4.41,2.58,1.76,5.04,4.92,True,risk_unclear,45.36,47.745,44.4727,50.6959,"{""trend"":{""T1_ema_stack"":{""value"":[false,false,true],""score"":33.33333333333333},""T2_ema50_slope"":{""value"":-0.056115344860605716,""score"":40.64744252323238},""T3_high_proximity"":{""value"":0.8909840895698291,""score"":45.49204478491453},""T4_rs_1m"":{""value"":-0.05567899860564818,""score"":0},""T5_rs_3m"":{""value"":-0.24017738831505586,""score"":0},""T6_adr_healthy"":{""value"":2.231705652368783,""score"":100.0},""_score"":28.29},""geometry"":{""sub_pole_impulse"":34.1,""sub_flag_tightness"":0,""sub_flag_shallowness"":0,""sub_flag_drift"":91.6,""sub_flag_duration"":0.0,""_score"":23.97},""compression"":{""VC1_atr_ratio"":{""value"":0.5660090349192213,""score"":100},""VC2_range_contraction"":{""value"":1.0398465570140316,""score"":0},""VC3_range_pct_rank"":{""score"":57.49999999999999},""_score"":54.38},""sr_quality"":{""SR1_touches"":{""value"":3,""score"":50.0},""SR2_tightness"":{""value"":0.20700456248326726,""score"":67.23648591623058},""SR3_recency"":{""value"":245,""score"":0.0},""SR4_price_location"":{""score"":64.08982511923692},""SR5_reaction"":{""value"":2.514715746791174,""score"":100},""_score"":56.11,""_levels_found"":5,""_target_level"":45.9623},""volume"":{""V1_rvol_day"":{""value"":0.757465420216396,""score"":17.16436134775973},""V2_rvol_sameslot"":{""value"":1.013713945652585,""score"":34.247596376839,""status"":""ok""},""V3_breakout_bar"":{""value"":1.143472480662387,""score"":42.89816537749247},""V4_base_dryup"":{""value"":0.975063386810957,""score"":52.49366131890431},""V5_bo_expansion"":{""value"":0.757465420216396,""score"":0},""_score"":31.51},""readiness"":{""_distance_atr"":1.887,""BR1_atr_distance"":{""score"":0},""BR2_compression"":{""score"":44.51896163734174},""BR3_retest"":{""score"":50.0},""BR4_bo_age"":{""score"":50.0},""_score"":28.63},""risk"":{""R1_stop_clarity"":{""score"":0},""R2_stop_distance_pct"":{""value"":1.9560185185185222,""score"":98.90046296296305},""R3_stop_distance_atr"":{""value"":0.7021446175413222,""score"":60.10723087706611},""R4_rr_potential"":{""value"":6.013975767821905,""score"":100.0},""_score"":58.69},""market"":{""M1_spy_regime"":{""score"":100.0},""M3_earnings_risk"":{""value"":null,""score"":80.0},""M4_vix"":{""value"":null,""score"":60.0},""_score"":84.0},""liquidity"":{""L1_price"":{""value"":45.36,""score"":100.0},""L2_dollar_vol"":{""value"":875130872.9783105,""score"":100.0},""L3_spread_proxy"":{""value"":0.016203703703703692,""score"":83.7962962962963},""L4_volume_zscore"":{""value"":-0.5257047504122995,""score"":100.0},""_score"":98.38},""pattern_structure"":{""pole_low"":44.7941,""pole_low_idx"":6,""peak_price"":47.745,""peak_idx"":31,""pole_gain"":0.06587697933433191,""flag_bars"":28,""flag_low"":45.15,""flag_high"":47.57,""structural_low"":45.15,""current_price"":45.3451,""neckline_distance_pct"":0.052925233376924855,""base_bars"":28},""pattern_geometry_features"":{""pole_gain"":0.06587697933433191,""pullback_pct"":0.05435124096764057,""flag_range_pct"":0.05068593570007335,""flag_drift_per_bar"":-0.001686454953845953,""atr_pct"":0.027857772738725122,""pole_atr_multiple"":2.364761172839789},""_schema_version"":""1.0""}",,,,,,,,,,
20260623T215729Z-42792d,2026-06-23T21:57:29.965335+00:00,NOC,vcp,invalidated,38.75,5.0,51.9,46.0,40.7,18.9,25.6,10.0,84.0,96.6,0.75,12.98,5.52,4.88,2.45,1.79,0.5,5.04,4.83,True,risk_unclear,507.33,563.93,517.8441,753.81,"{""trend"":{""T1_ema_stack"":{""value"":[false,false,false],""score"":0.0},""T2_ema50_slope"":{""value"":-0.3658918676363047,""score"":0},""T3_high_proximity"":{""value"":0.7221779359430605,""score"":0},""T4_rs_1m"":{""value"":-0.08544296238410098,""score"":0},""T5_rs_3m"":{""value"":-0.4301083320483736,""score"":0},""T6_adr_healthy"":{""value"":2.3988246932236743,""score"":100.0},""_score"":5.0},""geometry"":{""sub_contraction_count"":100.0,""sub_reduction_rate"":0,""sub_pivot_tightness"":46.1,""sub_volume_dryup"":0,""sub_base_depth"":100.0,""sub_base_duration"":100.0,""_score"":51.91},""compression"":{""VC1_atr_ratio"":{""value"":0.6458969211140665,""score"":88.52576972148337},""VC2_range_contraction"":{""value"":1.3981671421675492,""score"":0},""VC3_range_pct_rank"":{""score"":42.50000000000001},""_score"":46.04},""sr_quality"":{""SR1_touches"":{""value"":3,""score"":50.0},""SR2_tightness"":{""value"":2.141074496602084,""score"":71.32905498172698},""SR3_recency"":{""value"":228,""score"":0.0},""SR4_price_location"":{""score"":0},""SR5_reaction"":{""value"":3.500831352593931,""score"":100},""_score"":40.7,""_levels_found"":4,""_target_level"":562.71},""volume"":{""V1_rvol_day"":{""value"":1.0555606556742232,""score"":37.03737704494821},""V2_rvol_sameslot"":{""value"":0.9548972632435507,""score"":30.326484216236715,""status"":""ok""},""V3_breakout_bar"":{""value"":0.6361442180666199,""score"":9.076281204441328},""V4_base_dryup"":{""value"":1.3722642523735833,""score"":12.773574762641672},""V5_bo_expansion"":{""value"":1.0555606556742232,""score"":3.7040437116148794},""_score"":18.85},""readiness"":{""_distance_atr"":3.79,""BR1_atr_distance"":{""score"":0},""BR2_compression"":{""score"":32.454367548991264},""BR3_retest"":{""score"":50.0},""BR4_bo_age"":{""score"":50.0},""_score"":25.61},""risk"":{""R1_stop_clarity"":{""score"":0},""R2_stop_distance_pct"":{""value"":-2.072428202550619,""score"":0.0},""R3_stop_distance_atr"":{""value"":-0.7039637106223462,""score"":0.0},""R4_rr_potential"":{""value"":null,""score"":50.0},""_score"":10.0},""market"":{""M1_spy_regime"":{""score"":100.0},""M3_earnings_risk"":{""value"":null,""score"":80.0},""M4_vix"":{""value"":null,""score"":60.0},""_score"":84.0},""liquidity"":{""L1_price"":{""value"":507.33,""score"":96.33500000000001},""L2_dollar_vol"":{""value"":569719994.3909425,""score"":100.0},""L3_spread_proxy"":{""value"":0.024421973863166073,""score"":75.57802613683393},""L4_volume_zscore"":{""value"":0.1304328352706832,""score"":100.0},""_score"":96.64},""pattern_structure"":{""n_contractions"":5,""contractions_pct"":[5.71,7.31,10.54,6.15,6.77],""descending_strict"":false,""final_low"":525.73,""final_pivot"":563.93,""structural_low"":525.73,""dry_up_ratio"":1.1355213408123748,""current_price"":507.33,""neckline_distance_pct"":0.11156446494392204,""base_bars"":79},""pattern_geometry_features"":{""contraction_count"":5.0,""first_contraction_pct"":0.05709814004835038,""last_contraction_pct"":0.06773890376465153,""dry_up_ratio"":1.1355213408123748,""near_monotone"":0.0,""base_depth_pct"":0.2653400595296321},""_schema_version"":""1.0""}",,,,,,,,,,
20260623T215729Z-42792d,2026-06-23T21:57:29.965335+00:00,PL,bull_flag,absent,35.1,20.1,12.9,54.3,44.5,23.6,46.8,65.1,84.0,91.6,2.82,3.86,4.89,4.45,3.31,4.21,1.95,5.04,4.58,False,,28.77,32.14,25.935,34.96,"{""trend"":{""T1_ema_stack"":{""value"":[false,false,true],""score"":33.33333333333333},""T2_ema50_slope"":{""value"":-0.005457100525636553,""score"":49.09048324572724},""T3_high_proximity"":{""value"":0.559727626459144,""score"":0},""T4_rs_1m"":{""value"":-0.3298338373380959,""score"":0},""T5_rs_3m"":{""value"":-0.297311799868622,""score"":0},""T6_adr_healthy"":{""value"":10.420421386281642,""score"":39.48946534295894},""_score"":20.13},""geometry"":{""sub_pole_impulse"":0.0,""sub_flag_tightness"":0,""sub_flag_shallowness"":0,""sub_flag_drift"":85.8,""sub_flag_duration"":0.0,""_score"":12.87},""compression"":{""VC1_atr_ratio"":{""value"":0.3493169586129036,""score"":100},""VC2_range_contraction"":{""value"":0.9907286658264501,""score"":1.5452223622583103},""VC3_range_pct_rank"":{""score"":55.00000000000001},""_score"":54.29},""sr_quality"":{""SR1_touches"":{""value"":3,""score"":50.0},""SR2_tightness"":{""value"":0.6861381202061287,""score"":65.52737917673603},""SR3_recency"":{""value"":258,""score"":0.0},""SR4_price_location"":{""score"":25.09398683189786},""SR5_reaction"":{""value"":1.7842270342431827,""score"":89.21135171215914},""_score"":44.48,""_levels_found"":5,""_target_level"":31.7826},""volume"":{""V1_rvol_day"":{""value"":0.8874241991824307,""score"":25.828279945495375},""V2_rvol_sameslot"":{""value"":1.0074865295197177,""score"":33.83243530131452,""status"":""ok""},""V3_breakout_bar"":{""value"":0.854693381496332,""score"":23.646225433088798},""V4_base_dryup"":{""value"":1.2108517127439449,""score"":28.914828725605517},""V5_bo_expansion"":{""value"":0.8874241991824307,""score"":0},""_score"":23.63},""readiness"":{""_distance_atr"":0.847,""BR1_atr_distance"":{""score"":43.562027939069004},""BR2_compression"":{""score"":47.49990096789821},""BR3_retest"":{""score"":50.0},""BR4_bo_age"":{""score"":50.0},""_score"":46.8},""risk"":{""R1_stop_clarity"":{""score"":80.15711240463077},""R2_stop_distance_pct"":{""value"":9.853840806395562,""score"":53.653979840110956},""R3_stop_distance_atr"":{""value"":0.71216095946945,""score"":60.6080479734725},""R4_rr_potential"":{""value"":2.1834600257500116,""score"":59.17300128750058},""_score"":65.08},""market"":{""M1_spy_regime"":{""score"":100.0},""M3_earnings_risk"":{""value"":null,""score"":80.0},""M4_vix"":{""value"":null,""score"":60.0},""_score"":84.0},""liquidity"":{""L1_price"":{""value"":28.77,""score"":100.0},""L2_dollar_vol"":{""value"":438255563.1268048,""score"":100.0},""L3_spread_proxy"":{""value"":0.08428919012860621,""score"":15.710809871393792},""L4_volume_zscore"":{""value"":-0.2832768264437084,""score"":100.0},""_score"":91.57},""pattern_structure"":{""pole_low"":29.32,""pole_low_idx"":9,""peak_price"":32.14,""peak_idx"":30,""pole_gain"":0.09618008185538882,""flag_bars"":29,""flag_low"":26.33,""flag_high"":31.25,""structural_low"":26.33,""current_price"":28.8769,""neckline_distance_pct"":0.11300035668648649,""base_bars"":29},""pattern_geometry_features"":{""pole_gain"":0.09618008185538882,""pullback_pct"":0.18077162414436845,""flag_range_pct"":0.1530802738021158,""flag_drift_per_bar"":-0.002843966149703563,""atr_pct"":0.1383653607428373,""pole_atr_multiple"":0.6951167643334296},""_schema_version"":""1.0""}",,,,,,,,,,
