run_id,asof,ticker,pattern,pattern_state,final_score,trend,geometry,compression,sr_quality,volume,readiness,risk,market,liquidity,comp_trend,comp_geometry,comp_compression,comp_sr,comp_volume,comp_readiness,comp_risk,comp_market,comp_liquidity,veto_triggered,veto_reasons,price,trigger,invalid_below,measured_move_target,features_json,note,ret_1h,ret_eod,ret_1d,ret_3d,ret_5d,max_dd_5d,max_fav_5d,touched_invalid_5d,post_hoc_tag
20260608T171746Z-5e850b,2026-06-08T17:17:46.036346+00:00,GLW,double_bottom,candidate,63.46,85.8,90.9,47.6,43.1,14.8,18.4,79.8,84.0,95.8,12.87,22.73,3.81,6.03,1.92,1.47,4.79,5.04,4.79,False,,187.75,208.57,171.6855,242.84,"{""trend"":{""T1_ema_stack"":{""value"":[true,true,true],""score"":100.0},""T2_ema50_slope"":{""value"":0.5155132397135035,""score"":100},""T3_high_proximity"":{""value"":0.9014307662761667,""score"":50.715383138083325},""T4_rs_1m"":{""value"":0.016099504712942858,""score"":66.09950471294286},""T5_rs_3m"":{""value"":0.3619938347718934,""score"":100},""T6_adr_healthy"":{""value"":6.320454904065141,""score"":100.0},""_score"":85.83},""geometry"":{""sub_low_similarity"":97.7,""sub_bounce_quality"":100,""sub_separation_fit"":66.7,""sub_right_bottom_reaction"":77.3,""sub_base_context"":100.0,""_score"":90.91},""compression"":{""VC1_atr_ratio"":{""value"":0.7151267749175866,""score"":71.21830627060335},""VC2_range_contraction"":{""value"":0.9428555795686682,""score"":9.524070071888639},""VC3_range_pct_rank"":{""score"":63.33333333333333},""_score"":47.65},""sr_quality"":{""SR1_touches"":{""value"":2,""score"":25.0},""SR2_tightness"":{""value"":1.6099999999999994,""score"":75.44981889612409},""SR3_recency"":{""value"":227,""score"":0.0},""SR4_price_location"":{""score"":37.10921071078084},""SR5_reaction"":{""value"":3.20143510730357,""score"":100},""_score"":43.09,""_levels_found"":7,""_target_level"":210.18},""volume"":{""V1_rvol_day"":{""value"":0.5527679077216849,""score"":3.5178605147789956},""V2_rvol_sameslot"":{""value"":0.8167179767704787,""score"":21.114531784698585,""status"":""ok""},""V3_breakout_bar"":{""value"":0.5901358977484887,""score"":6.0090598498992485},""V4_base_dryup"":{""value"":1.0814321072212525,""score"":41.85678927787475},""V5_bo_expansion"":{""value"":0.5527679077216849,""score"":0},""_score"":14.8},""readiness"":{""_distance_atr"":1.587,""BR1_atr_distance"":{""score"":0},""BR2_compression"":{""score"":3.678661999359234},""BR3_retest"":{""score"":50.0},""BR4_bo_age"":{""score"":50.0},""_score"":18.42},""risk"":{""R1_stop_clarity"":{""score"":60.13264068566247},""R2_stop_distance_pct"":{""value"":8.556324900133145,""score"":86.09187749667137},""R3_stop_distance_atr"":{""value"":1.2248024358484917,""score"":86.24012179242459},""R4_rr_potential"":{""value"":3.429300631827946,""score"":100.0},""_score"":79.81},""market"":{""M1_spy_regime"":{""score"":100.0},""M3_earnings_risk"":{""value"":null,""score"":80.0},""M4_vix"":{""value"":null,""score"":60.0},""_score"":84.0},""liquidity"":{""L1_price"":{""value"":187.75,""score"":100.0},""L2_dollar_vol"":{""value"":1444416954.8920066,""score"":100.0},""L3_spread_proxy"":{""value"":0.04207723035952067,""score"":57.92276964047933},""L4_volume_zscore"":{""value"":-1.453702079592352,""score"":100.0},""_score"":95.79},""pattern_structure"":{""left_low"":174.5,""left_idx"":41,""right_low"":174.3,""right_idx"":76,""separation_bars"":35,""structural_low"":174.3,""current_price"":187.56,""neckline_distance_pct"":0.11201748773725737,""base_bars"":35},""pattern_geometry_features"":{""low_similarity_pct"":0.0011467889908256229,""bounce_pct"":0.1966150315547905,""right_bottom_reaction"":0.7727272727272753,""atr_pct"":0.06985881681567431},""_schema_version"":""1.0""}",,,,,,,,,,
20260608T171746Z-5e850b,2026-06-08T17:17:46.036346+00:00,APH,double_bottom,candidate,62.99,70.7,81.0,60.2,57.4,24.6,21.5,74.5,84.0,97.3,10.6,20.25,4.82,8.03,3.2,1.72,4.47,5.04,4.86,False,,143.36,151.92,136.0974,165.67,"{""trend"":{""T1_ema_stack"":{""value"":[true,true,true],""score"":100.0},""T2_ema50_slope"":{""value"":-0.043704120001617074,""score"":42.715979999730486},""T3_high_proximity"":{""value"":0.9381584974805315,""score"":69.07924874026573},""T4_rs_1m"":{""value"":0.03610228326120213,""score"":86.10228326120213},""T5_rs_3m"":{""value"":-0.039215821405159446,""score"":30.392089297420277},""T6_adr_healthy"":{""value"":4.024398631748772,""score"":100.0},""_score"":70.68},""geometry"":{""sub_low_similarity"":99.6,""sub_bounce_quality"":99.3,""sub_separation_fit"":0.0,""sub_right_bottom_reaction"":75.2,""sub_base_context"":100.0,""_score"":81.02},""compression"":{""VC1_atr_ratio"":{""value"":0.5367347266364889,""score"":100},""VC2_range_contraction"":{""value"":0.996556444309587,""score"":0.5739259484021653},""VC3_range_pct_rank"":{""score"":80.0},""_score"":60.2},""sr_quality"":{""SR1_touches"":{""value"":5,""score"":100},""SR2_tightness"":{""value"":1.4909434334004792,""score"":52.94264355956238},""SR3_recency"":{""value"":227,""score"":0.0},""SR4_price_location"":{""score"":17.63341529431838},""SR5_reaction"":{""value"":2.644350547095776,""score"":100},""_score"":57.35,""_levels_found"":4,""_target_level"":154.525},""volume"":{""V1_rvol_day"":{""value"":0.25576194889894044,""score"":0},""V2_rvol_sameslot"":{""value"":0.7069661652057326,""score"":13.797744347048843,""status"":""ok""},""V3_breakout_bar"":{""value"":1.05253593403042,""score"":36.83572893536133},""V4_base_dryup"":{""value"":0.8688105171124271,""score"":63.118948288757295},""V5_bo_expansion"":{""value"":0.25576194889894044,""score"":0},""_score"":24.59},""readiness"":{""_distance_atr"":1.351,""BR1_atr_distance"":{""score"":9.942710969382418},""BR2_compression"":{""score"":0},""BR3_retest"":{""score"":50.0},""BR4_bo_age"":{""score"":50.0},""_score"":21.48},""risk"":{""R1_stop_clarity"":{""score"":34.585899165744976},""R2_stop_distance_pct"":{""value"":5.065952845982165,""score"":100.0},""R3_stop_distance_atr"":{""value"":1.1461078816284755,""score"":82.30539408142377},""R4_rr_potential"":{""value"":3.0719237733302864,""score"":100.0},""_score"":74.45},""market"":{""M1_spy_regime"":{""score"":100.0},""M3_earnings_risk"":{""value"":null,""score"":80.0},""M4_vix"":{""value"":null,""score"":60.0},""_score"":84.0},""liquidity"":{""L1_price"":{""value"":143.36,""score"":100.0},""L2_dollar_vol"":{""value"":418960170.1102183,""score"":100.0},""L3_spread_proxy"":{""value"":0.02716936383928578,""score"":72.83063616071422},""L4_volume_zscore"":{""value"":-1.7810654411474187,""score"":100.0},""_score"":97.28},""pattern_structure"":{""left_low"":138.17,""left_idx"":29,""right_low"":138.2,""right_idx"":76,""separation_bars"":47,""structural_low"":138.17,""current_price"":143.5,""neckline_distance_pct"":0.05867595818815322,""base_bars"":47},""pattern_geometry_features"":{""low_similarity_pct"":0.00021710026413866292,""bounce_pct"":0.09951509010639069,""right_bottom_reaction"":0.7519685039370116,""atr_pct"":0.04420136120854594},""_schema_version"":""1.0""}",,,,,,,,,,
20260608T171746Z-5e850b,2026-06-08T17:17:46.036346+00:00,KLAC,double_bottom,candidate,62.03,99.3,76.8,11.5,46.4,39.7,46.0,53.3,84.0,68.8,14.89,19.21,0.92,6.5,5.16,3.68,3.2,5.04,3.44,False,,2110.6,2156.69,1911.2447,2373.03,"{""trend"":{""T1_ema_stack"":{""value"":[true,true,true],""score"":100.0},""T2_ema50_slope"":{""value"":0.3563017717973074,""score"":100},""T3_high_proximity"":{""value"":0.990380554643142,""score"":95.19027732157099},""T4_rs_1m"":{""value"":0.18376255123290086,""score"":100},""T5_rs_3m"":{""value"":0.3840049351436401,""score"":100},""T6_adr_healthy"":{""value"":4.328125489080061,""score"":100.0},""_score"":99.28},""geometry"":{""sub_low_similarity"":95.2,""sub_bounce_quality"":100,""sub_separation_fit"":0.0,""sub_right_bottom_reaction"":55.1,""sub_base_context"":100.0,""_score"":76.83},""compression"":{""VC1_atr_ratio"":{""value"":0.9059504597818402,""score"":23.51238505453995},""VC2_range_contraction"":{""value"":1.3121255858965666,""score"":0},""VC3_range_pct_rank"":{""score"":8.333333333333337},""_score"":11.49},""sr_quality"":{""SR1_touches"":{""value"":3,""score"":50.0},""SR2_tightness"":{""value"":21.79669750724225,""score"":59.30007324944238},""SR3_recency"":{""value"":229,""score"":0.0},""SR4_price_location"":{""score"":30.0},""SR5_reaction"":{""value"":2.4426145671352004,""score"":100},""_score"":46.4,""_levels_found"":6,""_target_level"":1912.1567},""volume"":{""V1_rvol_day"":{""value"":0.554875056553818,""score"":3.6583371035878645},""V2_rvol_sameslot"":{""value"":1.8672244432071081,""score"":91.14829621380721,""status"":""ok""},""V3_breakout_bar"":{""value"":0.9729366438862057,""score"":31.52910959241371},""V4_base_dryup"":{""value"":0.8580599158818327,""score"":64.19400841181672},""V5_bo_expansion"":{""value"":0.554875056553818,""score"":0},""_score"":39.68},""readiness"":{""_distance_atr"":0.43,""BR1_atr_distance"":{""score"":71.31278529220728},""BR2_compression"":{""score"":0},""BR3_retest"":{""score"":50.0},""BR4_bo_age"":{""score"":50.0},""_score"":46.03},""risk"":{""R1_stop_clarity"":{""score"":45.653164078499664},""R2_stop_distance_pct"":{""value"":9.445430209419126,""score"":63.86424476452186},""R3_stop_distance_atr"":{""value"":1.8612324343270814,""score"":100.0},""R4_rr_potential"":{""value"":1.316393724268612,""score"":15.819686213430595},""_score"":53.3},""market"":{""M1_spy_regime"":{""score"":100.0},""M3_earnings_risk"":{""value"":null,""score"":80.0},""M4_vix"":{""value"":null,""score"":60.0},""_score"":84.0},""liquidity"":{""L1_price"":{""value"":2110.6,""score"":0.0},""L2_dollar_vol"":{""value"":1151216263.059624,""score"":100.0},""L3_spread_proxy"":{""value"":0.0623756277835687,""score"":37.624372216431304},""L4_volume_zscore"":{""value"":-1.6578652698963763,""score"":100.0},""_score"":68.76},""pattern_structure"":{""left_low"":1945.01,""left_idx"":29,""right_low"":1940.35,""right_idx"":76,""separation_bars"":47,""structural_low"":1940.35,""current_price"":2117.68,""neckline_distance_pct"":0.018421102338408175,""base_bars"":47},""pattern_geometry_features"":{""low_similarity_pct"":0.002398748121152265,""bounce_pct"":0.11149534877728252,""right_bottom_reaction"":0.5505240261024333,""atr_pct"":0.05074825709683095},""_schema_version"":""1.0""}",,,,,,,,,,
20260608T171746Z-5e850b,2026-06-08T17:17:46.036346+00:00,AEVA,double_bottom,candidate,60.24,71.7,88.2,40.5,42.6,10.8,34.8,85.2,84.0,77.9,10.75,22.06,3.24,5.96,1.4,2.78,5.11,5.04,3.9,False,,22.855,25.28,21.01,29.23,"{""trend"":{""T1_ema_stack"":{""value"":[false,true,true],""score"":66.66666666666666},""T2_ema50_slope"":{""value"":1.2239677609331414,""score"":100},""T3_high_proximity"":{""value"":0.7803004438374872,""score"":0},""T4_rs_1m"":{""value"":0.6599016000868094,""score"":100},""T5_rs_3m"":{""value"":0.4555731127769944,""score"":100},""T6_adr_healthy"":{""value"":12.538763960320152,""score"":0.0},""_score"":71.67},""geometry"":{""sub_low_similarity"":60.8,""sub_bounce_quality"":100,""sub_separation_fit"":100.0,""sub_right_bottom_reaction"":100,""sub_base_context"":100.0,""_score"":88.24},""compression"":{""VC1_atr_ratio"":{""value"":0.6840115272798841,""score"":78.99711818002896},""VC2_range_contraction"":{""value"":0.9447735722197349,""score"":9.204404630044182},""VC3_range_pct_rank"":{""score"":22.499999999999996},""_score"":40.45},""sr_quality"":{""SR1_touches"":{""value"":2,""score"":25.0},""SR2_tightness"":{""value"":0.23000000000000043,""score"":83.84288459705054},""SR3_recency"":{""value"":240,""score"":0.0},""SR4_price_location"":{""score"":30.0},""SR5_reaction"":{""value"":2.053007381092161,""score"":100},""_score"":42.58,""_levels_found"":4,""_target_level"":22.39},""volume"":{""V1_rvol_day"":{""value"":0.3733469071123283,""score"":0},""V2_rvol_sameslot"":{""value"":0.5692654308099763,""score"":4.617695387331752,""status"":""ok""},""V3_breakout_bar"":{""value"":0.48361863527096066,""score"":0},""V4_base_dryup"":{""value"":1.0060240921290455,""score"":49.397590787095446},""V5_bo_expansion"":{""value"":0.3733469071123284,""score"":0},""_score"":10.8},""readiness"":{""_distance_atr"":0.852,""BR1_atr_distance"":{""score"":43.215934996880634},""BR2_compression"":{""score"":0},""BR3_retest"":{""score"":50.0},""BR4_bo_age"":{""score"":50.0},""_score"":34.79},""risk"":{""R1_stop_clarity"":{""score"":77.52404750794068},""R2_stop_distance_pct"":{""value"":8.072413038722383,""score"":98.18967403194043},""R3_stop_distance_atr"":{""value"":0.6480232622319902,""score"":57.40116311159951},""R4_rr_potential"":{""value"":3.4553781945310176,""score"":100.0},""_score"":85.2},""market"":{""M1_spy_regime"":{""score"":100.0},""M3_earnings_risk"":{""value"":null,""score"":80.0},""M4_vix"":{""value"":null,""score"":60.0},""_score"":84.0},""liquidity"":{""L1_price"":{""value"":22.855,""score"":100.0},""L2_dollar_vol"":{""value"":24862777.170636408,""score"":69.77748188406446},""L3_spread_proxy"":{""value"":0.11659155545832421,""score"":0},""L4_volume_zscore"":{""value"":-1.584742533213995,""score"":100.0},""_score"":77.91},""pattern_structure"":{""left_low"":21.33,""left_idx"":65,""right_low"":21.752,""right_idx"":76,""separation_bars"":11,""structural_low"":21.33,""current_price"":22.96,""neckline_distance_pct"":0.10104529616724739,""base_bars"":11},""pattern_geometry_features"":{""low_similarity_pct"":0.01959054825681262,""bounce_pct"":0.18518518518518534,""right_bottom_reaction"":1.0,""atr_pct"":0.12456980341907056},""_schema_version"":""1.0""}",,,,,,,,,,
20260608T171746Z-5e850b,2026-06-08T17:17:46.036346+00:00,NVT,base_on_base,candidate,60.2,68.1,75.1,52.5,47.8,26.0,17.5,77.9,84.0,96.6,12.26,18.78,5.25,4.78,3.12,1.4,3.9,5.88,4.83,False,,162.55,178.0,149.917,211.989,"{""trend"":{""T1_ema_stack"":{""value"":[false,true,true],""score"":66.66666666666666},""T2_ema50_slope"":{""value"":0.5475488795117636,""score"":100},""T3_high_proximity"":{""value"":0.921537502125971,""score"":60.76875106298546},""T4_rs_1m"":{""value"":-0.03830210885811047,""score"":11.697891141889528},""T5_rs_3m"":{""value"":0.4104144635349023,""score"":100},""T6_adr_healthy"":{""value"":3.9515136473771784,""score"":100.0},""_score"":68.12},""geometry"":{""sub_shallower_second"":76.1,""sub_second_base_depth"":100.0,""sub_rim_advance"":100,""sub_dry_up"":35.5,""sub_second_base_duration"":60.0,""_score"":75.12},""compression"":{""VC1_atr_ratio"":{""value"":0.508456564901594,""score"":100},""VC2_range_contraction"":{""value"":1.0371063646879362,""score"":0},""VC3_range_pct_rank"":{""score"":50.0},""_score"":52.5},""sr_quality"":{""SR1_touches"":{""value"":2,""score"":25.0},""SR2_tightness"":{""value"":1.5,""score"":58.53645534080073},""SR3_recency"":{""value"":228,""score"":0.0},""SR4_price_location"":{""score"":66.13633825792704},""SR5_reaction"":{""value"":2.2058605758694023,""score"":100},""_score"":47.81,""_levels_found"":7,""_target_level"":176.5},""volume"":{""V1_rvol_day"":{""value"":0.4995488981605943,""score"":0},""V2_rvol_sameslot"":{""value"":1.0065921214323263,""score"":33.77280809548842,""status"":""ok""},""V3_breakout_bar"":{""value"":0.7586539549693978,""score"":17.243596997959855},""V4_base_dryup"":{""value"":0.7517714647685482,""score"":74.82285352314518},""V5_bo_expansion"":{""value"":0.4995488981605943,""score"":0},""_score"":26.03},""readiness"":{""_distance_atr"":2.135,""BR1_atr_distance"":{""score"":0},""BR2_compression"":{""score"":0},""BR3_retest"":{""score"":50.0},""BR4_bo_age"":{""score"":50.0},""_score"":17.5},""risk"":{""R1_stop_clarity"":{""score"":36.89248502869829},""R2_stop_distance_pct"":{""value"":7.77176253460476,""score"":100.0},""R3_stop_distance_atr"":{""value"":1.7460298655988864,""score"":100.0},""R4_rr_potential"":{""value"":3.9134805667695596,""score"":100.0},""_score"":77.91},""market"":{""M1_spy_regime"":{""score"":100.0},""M3_earnings_risk"":{""value"":null,""score"":80.0},""M4_vix"":{""value"":null,""score"":60.0},""_score"":84.0},""liquidity"":{""L1_price"":{""value"":162.55,""score"":100.0},""L2_dollar_vol"":{""value"":144744856.3828472,""score"":100.0},""L3_spread_proxy"":{""value"":0.03365118425099968,""score"":66.34881574900032},""L4_volume_zscore"":{""value"":-2.106910533266483,""score"":100.0},""_score"":96.63},""pattern_structure"":{""first_base_low"":111.32,""first_base_top"":145.309,""first_base_bars"":20,""second_base_low"":152.2,""second_base_top"":178.0,""second_base_bars"":15,""structural_low"":152.2,""stacking_overlap_pct"":-0.04742307771714065,""current_price"":162.55,""neckline_distance_pct"":0.09504767763764987,""base_bars"":15},""pattern_geometry_features"":{""first_base_depth_pct"":0.23390842962239095,""second_base_depth_pct"":0.14494382022471916,""second_dry_up_ratio"":0.82245758965626,""rim_advance_pct"":0.22497574135118956,""atr_pct"":0.044511051544579704},""_schema_version"":""1.0""}",,,,,,,,,,
20260608T171746Z-5e850b,2026-06-08T17:17:46.036346+00:00,RKLB,double_bottom,forming,59.98,76.3,79.7,49.8,34.3,15.2,38.0,83.0,84.0,95.4,11.44,19.93,3.99,4.81,1.98,3.04,4.98,5.04,4.77,False,,113.885,122.63,105.1291,138.53,"{""trend"":{""T1_ema_stack"":{""value"":[false,true,true],""score"":66.66666666666666},""T2_ema50_slope"":{""value"":1.3326794123156984,""score"":100},""T3_high_proximity"":{""value"":0.7580709578646077,""score"":0},""T4_rs_1m"":{""value"":0.4360557148329236,""score"":100},""T5_rs_3m"":{""value"":0.5003742434967515,""score"":100},""T6_adr_healthy"":{""value"":8.298559164387456,""score"":92.53602089031361},""_score"":76.29},""geometry"":{""sub_low_similarity"":32.6,""sub_bounce_quality"":100,""sub_separation_fit"":100.0,""sub_right_bottom_reaction"":99.7,""sub_base_context"":100.0,""_score"":79.73},""compression"":{""VC1_atr_ratio"":{""value"":0.8054133542302147,""score"":48.64666144244634},""VC2_range_contraction"":{""value"":0.8899078212830267,""score"":18.348696452828882},""VC3_range_pct_rank"":{""score"":95.83333333333334},""_score"":49.84},""sr_quality"":{""SR1_touches"":{""value"":2,""score"":25.0},""SR2_tightness"":{""value"":1.6149999999999949,""score"":72.98682555176299},""SR3_recency"":{""value"":256,""score"":0.0},""SR4_price_location"":{""score"":30.0},""SR5_reaction"":{""value"":1.1173251103047914,""score"":55.86625551523957},""_score"":34.33,""_levels_found"":3,""_target_level"":91.485},""volume"":{""V1_rvol_day"":{""value"":0.29778203077553766,""score"":0},""V2_rvol_sameslot"":{""value"":0.41168556966914943,""score"":0,""status"":""ok""},""V3_breakout_bar"":{""value"":0.4978870216200881,""score"":0},""V4_base_dryup"":{""value"":0.7391725017064348,""score"":76.08274982935652},""V5_bo_expansion"":{""value"":0.29778203077553766,""score"":0},""_score"":15.22},""readiness"":{""_distance_atr"":0.731,""BR1_atr_distance"":{""score"":51.24247460271761},""BR2_compression"":{""score"":0},""BR3_retest"":{""score"":50.0},""BR4_bo_age"":{""score"":50.0},""_score"":38.0},""risk"":{""R1_stop_clarity"":{""score"":73.2218318062507},""R2_stop_distance_pct"":{""value"":7.688413750713437,""score"":100.0},""R3_stop_distance_atr"":{""value"":0.7322786526626675,""score"":61.61393263313337},""R4_rr_potential"":{""value"":2.8146574614976068,""score"":90.73287307488033},""_score"":83.02},""market"":{""M1_spy_regime"":{""score"":100.0},""M3_earnings_risk"":{""value"":null,""score"":80.0},""M4_vix"":{""value"":null,""score"":60.0},""_score"":84.0},""liquidity"":{""L1_price"":{""value"":113.885,""score"":100.0},""L2_dollar_vol"":{""value"":956601100.5290238,""score"":100.0},""L3_spread_proxy"":{""value"":0.046098257013654095,""score"":53.9017429863459},""L4_volume_zscore"":{""value"":-2.1395478720146746,""score"":100.0},""_score"":95.39},""pattern_structure"":{""left_low"":110.39,""left_idx"":65,""right_low"":106.73,""right_idx"":76,""separation_bars"":11,""structural_low"":106.73,""current_price"":113.7619,""neckline_distance_pct"":0.07795316358112864,""base_bars"":11},""pattern_geometry_features"":{""low_similarity_pct"":0.03371407516580689,""bounce_pct"":0.14897404665979566,""right_bottom_reaction"":0.9967105263157925,""atr_pct"":0.1049930067298465},""_schema_version"":""1.0""}",,,,,,,,,,
20260608T171746Z-5e850b,2026-06-08T17:17:46.036346+00:00,MRVL,double_bottom,breakout_failed,59.97,94.4,80.8,3.3,32.9,34.5,34.6,63.9,84.0,92.0,14.16,20.21,0.27,4.61,4.48,2.77,3.83,5.04,4.6,False,,295.891,320.0,265.359,370.6,"{""trend"":{""T1_ema_stack"":{""value"":[true,true,true],""score"":100.0},""T2_ema50_slope"":{""value"":0.8366571965001233,""score"":100},""T3_high_proximity"":{""value"":0.9350914894289417,""score"":67.54574471447083},""T4_rs_1m"":{""value"":0.8359715391636409,""score"":100},""T5_rs_3m"":{""value"":2.1007741198599197,""score"":100},""T6_adr_healthy"":{""value"":8.581579661416255,""score"":85.46050846459363},""_score"":94.4},""geometry"":{""sub_low_similarity"":40.3,""sub_bounce_quality"":100,""sub_separation_fit"":100.0,""sub_right_bottom_reaction"":91.6,""sub_base_context"":100.0,""_score"":80.83},""compression"":{""VC1_atr_ratio"":{""value"":1.6267434478008578,""score"":0},""VC2_range_contraction"":{""value"":1.7125478473468299,""score"":0},""VC3_range_pct_rank"":{""score"":13.33333333333333},""_score"":3.33},""sr_quality"":{""SR1_touches"":{""value"":2,""score"":25.0},""SR2_tightness"":{""value"":2.480000000000004,""score"":82.30750494034385},""SR3_recency"":{""value"":246,""score"":0.0},""SR4_price_location"":{""score"":30.0},""SR5_reaction"":{""value"":0.7460382977292261,""score"":37.301914886461304},""_score"":32.94,""_levels_found"":3,""_target_level"":173.32},""volume"":{""V1_rvol_day"":{""value"":1.1780056263216212,""score"":45.20037508810808},""V2_rvol_sameslot"":{""value"":2.0789520696898176,""score"":100,""status"":""ok""},""V3_breakout_bar"":{""value"":0.718367024362543,""score"":14.557801624169532},""V4_base_dryup"":{""value"":2.515049928013448,""score"":0},""V5_bo_expansion"":{""value"":1.1780056263216214,""score"":11.86704175477476},""_score"":34.46},""readiness"":{""_distance_atr"":0.86,""BR1_atr_distance"":{""score"":42.66823072671383},""BR2_compression"":{""score"":0},""BR3_retest"":{""score"":50.0},""BR4_bo_age"":{""score"":50.0},""_score"":34.57},""risk"":{""R1_stop_clarity"":{""score"":71.17122075158454},""R2_stop_distance_pct"":{""value"":10.318664643399101,""score"":42.03338391502247},""R3_stop_distance_atr"":{""value"":1.089087216051253,""score"":79.45436080256265},""R4_rr_potential"":{""value"":2.4469081619284654,""score"":72.34540809642327},""_score"":63.91},""market"":{""M1_spy_regime"":{""score"":100.0},""M3_earnings_risk"":{""value"":null,""score"":80.0},""M4_vix"":{""value"":null,""score"":60.0},""_score"":84.0},""liquidity"":{""L1_price"":{""value"":295.891,""score"":100.0},""L2_dollar_vol"":{""value"":16285158227.172861,""score"":100.0},""L3_spread_proxy"":{""value"":0.07975910047956837,""score"":20.240899520431626},""L4_volume_zscore"":{""value"":0.2687749904482837,""score"":100.0},""_score"":92.02},""pattern_structure"":{""left_low"":277.56,""left_idx"":65,""right_low"":269.4,""right_idx"":76,""separation_bars"":11,""structural_low"":269.4,""current_price"":298.445,""neckline_distance_pct"":0.07222436294794689,""base_bars"":11},""pattern_geometry_features"":{""low_similarity_pct"":0.02983764809126819,""bounce_pct"":0.1878247958426133,""right_bottom_reaction"":0.9163863527150407,""atr_pct"":0.0947459899567263},""_schema_version"":""1.0""}",,,,,,,,,,
20260608T171746Z-5e850b,2026-06-08T17:17:46.036346+00:00,VSH,breakout_retest_hold,setup,59.55,91.5,80.0,1.9,29.8,25.1,63.2,65.8,84.0,90.9,12.81,17.6,0.11,4.17,3.27,11.38,3.29,4.2,2.73,False,,57.0,55.24,54.0144,56.6,"{""trend"":{""T1_ema_stack"":{""value"":[true,true,true],""score"":100.0},""T2_ema50_slope"":{""value"":1.2483900604416873,""score"":100},""T3_high_proximity"":{""value"":0.8910426762544943,""score"":45.52133812724713},""T4_rs_1m"":{""value"":0.7357711259453732,""score"":100},""T5_rs_3m"":{""value"":2.302009281873647,""score"":100},""T6_adr_healthy"":{""value"":8.256291818644831,""score"":93.59270453387923},""_score"":91.51},""geometry"":{""sub_retest_depth"":100.0,""sub_retest_timing"":0.0,""sub_retest_freshness"":100.0,""sub_hold_quality"":100.0,""_score"":80.0},""compression"":{""VC1_atr_ratio"":{""value"":1.0172569183902769,""score"":0},""VC2_range_contraction"":{""value"":1.6755444120453922,""score"":0},""VC3_range_pct_rank"":{""score"":7.499999999999996},""_score"":1.87},""sr_quality"":{""SR1_touches"":{""value"":2,""score"":25.0},""SR2_tightness"":{""value"":1.1150000000000002,""score"":57.99240849355285},""SR3_recency"":{""value"":252,""score"":0.0},""SR4_price_location"":{""score"":30.0},""SR5_reaction"":{""value"":0.8071862314131214,""score"":40.35931157065607},""_score"":29.75,""_levels_found"":3,""_target_level"":27.365},""volume"":{""V1_rvol_day"":{""value"":0.7680896624273597,""score"":17.872644161823978},""V2_rvol_sameslot"":{""value"":1.6768646376545013,""score"":78.45764251030009,""status"":""ok""},""V3_breakout_bar"":{""value"":0.8526258639860995,""score"":23.508390932406634},""V4_base_dryup"":{""value"":3.1727892884915048,""score"":0},""V5_bo_expansion"":{""value"":0.7680896624273597,""score"":0},""_score"":25.14},""readiness"":{""_distance_atr"":-0.332,""BR1_atr_distance"":{""score"":100.0},""BR2_compression"":{""score"":0},""BR3_retest"":{""score"":93.59525510664035},""BR4_bo_age"":{""score"":30.0},""_score"":63.22},""risk"":{""R1_stop_clarity"":{""score"":79.4445363893116},""R2_stop_distance_pct"":{""value"":5.237894736842102,""score"":100.0},""R3_stop_distance_atr"":{""value"":0.562411951576899,""score"":53.12059757884495},""R4_rr_potential"":{""value"":-0.1339764201500532,""score"":0.0},""_score"":65.77},""market"":{""M1_spy_regime"":{""score"":100.0},""M3_earnings_risk"":{""value"":null,""score"":80.0},""M4_vix"":{""value"":null,""score"":60.0},""_score"":84.0},""liquidity"":{""L1_price"":{""value"":57.0,""score"":100.0},""L2_dollar_vol"":{""value"":355232984.544573,""score"":100.0},""L3_spread_proxy"":{""value"":0.09140350877192983,""score"":8.596491228070164},""L4_volume_zscore"":{""value"":-0.7273019574081112,""score"":100.0},""_score"":90.86},""pattern_structure"":{""level"":55.24,""level_idx"":41,""breakout_idx"":47,""bo_peak_idx"":70,""bo_peak_price"":66.17,""retest_idx"":77,""retest_low"":54.56,""structural_low"":54.56,""current_price"":57.0,""neckline_distance_pct"":-0.030877192982456104,""base_bars"":38,""bars_since_breakout"":32},""pattern_geometry_features"":{""retest_depth_atr"":0.3145797122520865,""bars_breakout_to_retest"":30.0,""bars_since_retest"":2.0,""current_above_level_atr"":0.8142063140642233,""bo_peak_excess_pct"":0.19786386676321505,""atr_pct"":0.09313270676691728},""_schema_version"":""1.0""}",,,,,,,,,,
20260608T171746Z-5e850b,2026-06-08T17:17:46.036346+00:00,AOSL,double_bottom,forming,59.39,87.1,77.9,23.9,43.2,24.3,22.0,82.3,84.0,79.7,13.06,19.48,1.91,6.05,3.16,1.76,4.94,5.04,3.99,False,,45.301,54.34,41.4685,66.58,"{""trend"":{""T1_ema_stack"":{""value"":[true,true,true],""score"":100.0},""T2_ema50_slope"":{""value"":0.8033893034530256,""score"":100},""T3_high_proximity"":{""value"":0.8496061515378845,""score"":24.80307576894225},""T4_rs_1m"":{""value"":0.19673097119967276,""score"":100},""T5_rs_3m"":{""value"":1.1892976252110354,""score"":100},""T6_adr_healthy"":{""value"":9.329528784011472,""score"":66.76178039971319},""_score"":87.06},""geometry"":{""sub_low_similarity"":51.7,""sub_bounce_quality"":100,""sub_separation_fit"":100.0,""sub_right_bottom_reaction"":49.3,""sub_base_context"":100.0,""_score"":77.91},""compression"":{""VC1_atr_ratio"":{""value"":0.8607847838200215,""score"":34.803804044994614},""VC2_range_contraction"":{""value"":1.341580363062726,""score"":0},""VC3_range_pct_rank"":{""score"":40.0},""_score"":23.92},""sr_quality"":{""SR1_touches"":{""value"":3,""score"":50.0},""SR2_tightness"":{""value"":1.2428326096283275,""score"":52.635243246519146},""SR3_recency"":{""value"":229,""score"":0.0},""SR4_price_location"":{""score"":30.0},""SR5_reaction"":{""value"":1.7066947594217574,""score"":85.33473797108788},""_score"":43.2,""_levels_found"":3,""_target_level"":44.2333},""volume"":{""V1_rvol_day"":{""value"":0.43624480149204375,""score"":0},""V2_rvol_sameslot"":{""value"":1.5747361362957704,""score"":71.64907575305136,""status"":""ok""},""V3_breakout_bar"":{""value"":1.100841964906836,""score"":40.05613099378906},""V4_base_dryup"":{""value"":1.576521011308595,""score"":0},""V5_bo_expansion"":{""value"":0.43624480149204375,""score"":0},""_score"":24.34},""readiness"":{""_distance_atr"":1.722,""BR1_atr_distance"":{""score"":0},""BR2_compression"":{""score"":17.83338678718153},""BR3_retest"":{""score"":50.0},""BR4_bo_age"":{""score"":50.0},""_score"":21.96},""risk"":{""R1_stop_clarity"":{""score"":75.93332870565072},""R2_stop_distance_pct"":{""value"":8.460078143970339,""score"":88.49804640074153},""R3_stop_distance_atr"":{""value"":0.7302891348819741,""score"":61.5144567440987},""R4_rr_potential"":{""value"":5.552250489236789,""score"":100.0},""_score"":82.35},""market"":{""M1_spy_regime"":{""score"":100.0},""M3_earnings_risk"":{""value"":null,""score"":80.0},""M4_vix"":{""value"":null,""score"":60.0},""_score"":84.0},""liquidity"":{""L1_price"":{""value"":45.301,""score"":100.0},""L2_dollar_vol"":{""value"":19690818.87851315,""score"":64.71318887197613},""L3_spread_proxy"":{""value"":0.061588044414030575,""score"":38.41195558596942},""L4_volume_zscore"":{""value"":-1.4729423867664142,""score"":100.0},""_score"":79.73},""pattern_structure"":{""left_low"":43.1301,""left_idx"":48,""right_low"":42.1,""right_idx"":76,""separation_bars"":28,""structural_low"":42.1,""current_price"":45.42,""neckline_distance_pct"":0.1963892558344342,""base_bars"":28},""pattern_geometry_features"":{""low_similarity_pct"":0.02417221146050509,""bounce_pct"":0.2907363420427554,""right_bottom_reaction"":0.49270072992700614,""atr_pct"":0.11584559785813624},""_schema_version"":""1.0""}",,,,,,,,,,
20260608T171746Z-5e850b,2026-06-08T17:17:46.036346+00:00,FLEX,double_bottom,forming,59.28,95.3,71.7,41.3,53.7,2.5,17.5,79.4,84.0,94.2,14.3,17.91,3.3,7.52,0.33,1.4,4.77,5.04,4.71,False,,151.89,166.86,142.2438,189.31,"{""trend"":{""T1_ema_stack"":{""value"":[true,true,true],""score"":100.0},""T2_ema50_slope"":{""value"":1.0837851163234897,""score"":100},""T3_high_proximity"":{""value"":0.9379399777695442,""score"":68.96998888477206},""T4_rs_1m"":{""value"":0.12871257908276346,""score"":100},""T5_rs_3m"":{""value"":1.3837333675981955,""score"":100},""T6_adr_healthy"":{""value"":5.2143206374795374,""score"":100.0},""_score"":95.35},""geometry"":{""sub_low_similarity"":33.4,""sub_bounce_quality"":100,""sub_separation_fit"":60.0,""sub_right_bottom_reaction"":84.3,""sub_base_context"":100.0,""_score"":71.66},""compression"":{""VC1_atr_ratio"":{""value"":0.6332491113765963,""score"":91.68772215585092},""VC2_range_contraction"":{""value"":1.072677519738189,""score"":0},""VC3_range_pct_rank"":{""score"":18.333333333333336},""_score"":41.26},""sr_quality"":{""SR1_touches"":{""value"":6,""score"":100},""SR2_tightness"":{""value"":1.5936619256709772,""score"":62.50018159000674},""SR3_recency"":{""value"":275,""score"":0.0},""SR4_price_location"":{""score"":30.0},""SR5_reaction"":{""value"":0.9114165420105219,""score"":45.570827100526095},""_score"":53.71,""_levels_found"":2,""_target_level"":67.765},""volume"":{""V1_rvol_day"":{""value"":0.49742292532093946,""score"":0},""V2_rvol_sameslot"":{""value"":0.6710114586865531,""score"":11.400763912436872,""status"":""ok""},""V3_breakout_bar"":{""value"":0.5157176054130108,""score"":1.0478403608673879},""V4_base_dryup"":{""value"":1.755362507615571,""score"":0},""V5_bo_expansion"":{""value"":0.49742292532093935,""score"":0},""_score"":2.54},""readiness"":{""_distance_atr"":1.761,""BR1_atr_distance"":{""score"":0},""BR2_compression"":{""score"":0},""BR3_retest"":{""score"":50.0},""BR4_bo_age"":{""score"":50.0},""_score"":17.5},""risk"":{""R1_stop_clarity"":{""score"":49.0291947493147},""R2_stop_distance_pct"":{""value"":6.350747251300287,""score"":100.0},""R3_stop_distance_atr"":{""value"":1.1348983982385679,""score"":81.74491991192839},""R4_rr_potential"":{""value"":3.8792678944449364,""score"":100.0},""_score"":79.42},""market"":{""M1_spy_regime"":{""score"":100.0},""M3_earnings_risk"":{""value"":null,""score"":80.0},""M4_vix"":{""value"":null,""score"":60.0},""_score"":84.0},""liquidity"":{""L1_price"":{""value"":151.89,""score"":100.0},""L2_dollar_vol"":{""value"":459671576.8103303,""score"":100.0},""L3_spread_proxy"":{""value"":0.05773915333464996,""score"":42.26084666535004},""L4_volume_zscore"":{""value"":-1.6153905258129486,""score"":100.0},""_score"":94.23},""pattern_structure"":{""left_low"":144.41,""left_idx"":40,""right_low"":149.3,""right_idx"":76,""separation_bars"":36,""structural_low"":144.41,""current_price"":150.37,""neckline_distance_pct"":0.1096628316818515,""base_bars"":36},""pattern_geometry_features"":{""low_similarity_pct"":0.03329815123761543,""bounce_pct"":0.1554601481891837,""right_bottom_reaction"":0.8426103646833021,""atr_pct"":0.05595872953170996},""_schema_version"":""1.0""}",,,,,,,,,,
20260608T171746Z-5e850b,2026-06-08T17:17:46.036346+00:00,LRCX,double_bottom,forming,59.26,96.4,59.5,30.4,40.6,42.4,29.7,68.8,84.0,95.2,14.46,14.87,2.43,5.68,5.51,2.38,4.13,5.04,4.76,False,,327.33,345.17,299.4991,386.28,"{""trend"":{""T1_ema_stack"":{""value"":[true,true,true],""score"":100.0},""T2_ema50_slope"":{""value"":0.5354628281430505,""score"":100},""T3_high_proximity"":{""value"":0.9523435454307411,""score"":76.17177271537051},""T4_rs_1m"":{""value"":0.12920170234894268,""score"":100},""T5_rs_3m"":{""value"":0.4573563369199152,""score"":100},""T6_adr_healthy"":{""value"":4.49873976237221,""score"":100.0},""_score"":96.43},""geometry"":{""sub_low_similarity"":33.9,""sub_bounce_quality"":100,""sub_separation_fit"":0.0,""sub_right_bottom_reaction"":62.1,""sub_base_context"":100.0,""_score"":59.48},""compression"":{""VC1_atr_ratio"":{""value"":0.7691591037842817,""score"":57.71022405392958},""VC2_range_contraction"":{""value"":1.0931882833630429,""score"":0},""VC3_range_pct_rank"":{""score"":29.166666666666664},""_score"":30.38},""sr_quality"":{""SR1_touches"":{""value"":2,""score"":25.0},""SR2_tightness"":{""value"":2.5175000000000125,""score"":70.6002446573482},""SR3_recency"":{""value"":229,""score"":0.0},""SR4_price_location"":{""score"":30.0},""SR5_reaction"":{""value"":2.261036794947028,""score"":100},""_score"":40.59,""_levels_found"":7,""_target_level"":304.5175},""volume"":{""V1_rvol_day"":{""value"":0.5399478534419236,""score"":2.663190229461576},""V2_rvol_sameslot"":{""value"":1.7814998357321594,""score"":85.43332238214396,""status"":""ok""},""V3_breakout_bar"":{""value"":1.1456027311887123,""score"":43.04018207924749},""V4_base_dryup"":{""value"":0.8005389732917751,""score"":69.94610267082248},""V5_bo_expansion"":{""value"":0.5399478534419236,""score"":0},""_score"":42.37},""readiness"":{""_distance_atr"":1.042,""BR1_atr_distance"":{""score"":30.553904625897857},""BR2_compression"":{""score"":0},""BR3_retest"":{""score"":50.0},""BR4_bo_age"":{""score"":50.0},""_score"":29.72},""risk"":{""R1_stop_clarity"":{""score"":46.73710262470704},""R2_stop_distance_pct"":{""value"":8.502398191427607,""score"":87.44004521430982},""R3_stop_distance_atr"":{""value"":1.6250678271416157,""score"":100.0},""R4_rr_potential"":{""value"":2.1181492513716798,""score"":55.90746256858399},""_score"":68.77},""market"":{""M1_spy_regime"":{""score"":100.0},""M3_earnings_risk"":{""value"":null,""score"":80.0},""M4_vix"":{""value"":null,""score"":60.0},""_score"":84.0},""liquidity"":{""L1_price"":{""value"":327.33,""score"":100.0},""L2_dollar_vol"":{""value"":1547771433.7090924,""score"":100.0},""L3_spread_proxy"":{""value"":0.04790272813368774,""score"":52.09727186631226},""L4_volume_zscore"":{""value"":-2.449889534988484,""score"":100.0},""_score"":95.21},""pattern_structure"":{""left_low"":314.28,""left_idx"":29,""right_low"":304.06,""right_idx"":76,""separation_bars"":47,""structural_low"":304.06,""current_price"":328.86,""neckline_distance_pct"":0.04959557258407834,""base_bars"":47},""pattern_geometry_features"":{""low_similarity_pct"":0.033056247371995896,""bounce_pct"":0.13520357824113666,""right_bottom_reaction"":0.621099554234769,""atr_pct"":0.052320266572397474},""_schema_version"":""1.0""}",,,,,,,,,,
20260608T171746Z-5e850b,2026-06-08T17:17:46.036346+00:00,MRVL,bull_flag,forming,59.23,94.4,77.1,3.3,32.9,34.5,30.6,69.4,84.0,92.0,13.22,23.12,0.3,3.29,4.82,2.75,2.08,5.04,4.6,False,,295.891,324.2,265.359,453.7,"{""trend"":{""T1_ema_stack"":{""value"":[true,true,true],""score"":100.0},""T2_ema50_slope"":{""value"":0.8366571965001233,""score"":100},""T3_high_proximity"":{""value"":0.9350914894289417,""score"":67.54574471447083},""T4_rs_1m"":{""value"":0.8359715391636409,""score"":100},""T5_rs_3m"":{""value"":2.1007741198599197,""score"":100},""T6_adr_healthy"":{""value"":8.581579661416255,""score"":85.46050846459363},""_score"":94.4},""geometry"":{""sub_pole_impulse"":100.0,""sub_flag_tightness"":60.9,""sub_flag_shallowness"":49.2,""sub_flag_drift"":80.0,""sub_flag_duration"":100.0,""_score"":77.06},""compression"":{""VC1_atr_ratio"":{""value"":1.6267434478008578,""score"":0},""VC2_range_contraction"":{""value"":1.7125478473468299,""score"":0},""VC3_range_pct_rank"":{""score"":13.33333333333333},""_score"":3.33},""sr_quality"":{""SR1_touches"":{""value"":2,""score"":25.0},""SR2_tightness"":{""value"":2.480000000000004,""score"":82.30750494034385},""SR3_recency"":{""value"":246,""score"":0.0},""SR4_price_location"":{""score"":30.0},""SR5_reaction"":{""value"":0.7460382977292261,""score"":37.301914886461304},""_score"":32.94,""_levels_found"":3,""_target_level"":173.32},""volume"":{""V1_rvol_day"":{""value"":1.1780056263216212,""score"":45.20037508810808},""V2_rvol_sameslot"":{""value"":2.0789520696898176,""score"":100,""status"":""ok""},""V3_breakout_bar"":{""value"":0.718367024362543,""score"":14.557801624169532},""V4_base_dryup"":{""value"":1.7745314157668373,""score"":0},""V5_bo_expansion"":{""value"":1.1780056263216214,""score"":11.86704175477476},""_score"":34.46},""readiness"":{""_distance_atr"":1.01,""BR1_atr_distance"":{""score"":32.680531902714435},""BR2_compression"":{""score"":0},""BR3_retest"":{""score"":50.0},""BR4_bo_age"":{""score"":50.0},""_score"":30.57},""risk"":{""R1_stop_clarity"":{""score"":71.17122075158454},""R2_stop_distance_pct"":{""value"":10.318664643399101,""score"":42.03338391502247},""R3_stop_distance_atr"":{""value"":1.089087216051253,""score"":79.45436080256265},""R4_rr_potential"":{""value"":5.168642735490625,""score"":100.0},""_score"":69.44},""market"":{""M1_spy_regime"":{""score"":100.0},""M3_earnings_risk"":{""value"":null,""score"":80.0},""M4_vix"":{""value"":null,""score"":60.0},""_score"":84.0},""liquidity"":{""L1_price"":{""value"":295.891,""score"":100.0},""L2_dollar_vol"":{""value"":16285158227.172861,""score"":100.0},""L3_spread_proxy"":{""value"":0.07975910047956837,""score"":20.240899520431626},""L4_volume_zscore"":{""value"":0.2687749904482837,""score"":100.0},""_score"":92.02},""pattern_structure"":{""pole_low"":194.7,""pole_low_idx"":16,""peak_price"":324.2,""peak_idx"":39,""pole_gain"":0.6651258346173601,""flag_bars"":20,""flag_low"":269.4,""flag_high"":320.0,""structural_low"":269.4,""current_price"":298.445,""neckline_distance_pct"":0.08629730771163864,""base_bars"":20},""pattern_geometry_features"":{""pole_gain"":0.6651258346173601,""pullback_pct"":0.16903146206045655,""flag_range_pct"":0.15607649599012963,""flag_drift_per_bar"":-0.003996201363029973,""atr_pct"":0.0947459899567263,""pole_atr_multiple"":7.0200948337881695},""_schema_version"":""1.0""}",,,,,,,,,,
20260608T171746Z-5e850b,2026-06-08T17:17:46.036346+00:00,TXN,double_bottom,forming,58.98,76.5,84.4,25.3,48.7,14.4,17.5,72.9,84.0,97.2,11.47,21.11,2.03,6.82,1.88,1.4,4.38,5.04,4.86,False,,292.3,312.76,280.6955,340.55,"{""trend"":{""T1_ema_stack"":{""value"":[false,true,true],""score"":66.66666666666666},""T2_ema50_slope"":{""value"":0.6733803737847217,""score"":100},""T3_high_proximity"":{""value"":0.8996891255501863,""score"":49.84456277509314},""T4_rs_1m"":{""value"":0.011519451166160488,""score"":61.519451166160486},""T5_rs_3m"":{""value"":0.39693769844119986,""score"":100},""T6_adr_healthy"":{""value"":3.4913636107205805,""score"":100.0},""_score"":76.45},""geometry"":{""sub_low_similarity"":65.5,""sub_bounce_quality"":96.5,""sub_separation_fit"":100.0,""sub_right_bottom_reaction"":69.8,""sub_base_context"":100.0,""_score"":84.42},""compression"":{""VC1_atr_ratio"":{""value"":0.8465592309601482,""score"":38.36019225996296},""VC2_range_contraction"":{""value"":1.2343429114431603,""score"":0},""VC3_range_pct_rank"":{""score"":40.0},""_score"":25.34},""sr_quality"":{""SR1_touches"":{""value"":3,""score"":50.0},""SR2_tightness"":{""value"":1.6820886487406745,""score"":74.91592721403961},""SR3_recency"":{""value"":229,""score"":0.0},""SR4_price_location"":{""score"":30.0},""SR5_reaction"":{""value"":2.1370792002307857,""score"":100},""_score"":48.74,""_levels_found"":6,""_target_level"":289.9033},""volume"":{""V1_rvol_day"":{""value"":0.41066821566633144,""score"":0},""V2_rvol_sameslot"":{""value"":0.8605045074983061,""score"":24.033633833220406,""status"":""ok""},""V3_breakout_bar"":{""value"":0.5342323492832678,""score"":2.2821566188845193},""V4_base_dryup"":{""value"":1.0470459474539517,""score"":45.29540525460482},""V5_bo_expansion"":{""value"":0.41066821566633144,""score"":0},""_score"":14.44},""readiness"":{""_distance_atr"":1.526,""BR1_atr_distance"":{""score"":0},""BR2_compression"":{""score"":0},""BR3_retest"":{""score"":50.0},""BR4_bo_age"":{""score"":50.0},""_score"":17.5},""risk"":{""R1_stop_clarity"":{""score"":36.25596165368523},""R2_stop_distance_pct"":{""value"":3.970082107423866,""score"":100.0},""R3_stop_distance_atr"":{""value"":0.8652617002862625,""score"":68.26308501431313},""R4_rr_potential"":{""value"":4.157851877065471,""score"":100.0},""_score"":72.93},""market"":{""M1_spy_regime"":{""score"":100.0},""M3_earnings_risk"":{""value"":null,""score"":80.0},""M4_vix"":{""value"":null,""score"":60.0},""_score"":84.0},""liquidity"":{""L1_price"":{""value"":292.3,""score"":100.0},""L2_dollar_vol"":{""value"":951852030.8169215,""score"":100.0},""L3_spread_proxy"":{""value"":0.027540198426274413,""score"":72.45980157372558},""L4_volume_zscore"":{""value"":-1.6298428718778706,""score"":100.0},""_score"":97.25},""pattern_structure"":{""left_low"":289.93,""left_idx"":48,""right_low"":284.97,""right_idx"":76,""separation_bars"":28,""structural_low"":284.97,""current_price"":292.11,""neckline_distance_pct"":0.07069254732806127,""base_bars"":28},""pattern_geometry_features"":{""low_similarity_pct"":0.017255174813010886,""bounce_pct"":0.09751903709162354,""right_bottom_reaction"":0.6983240223463718,""atr_pct"":0.045883021357704924},""_schema_version"":""1.0""}",,,,,,,,,,
20260608T171746Z-5e850b,2026-06-08T17:17:46.036346+00:00,VSH,double_bottom,forming,58.76,91.5,86.5,1.9,29.8,25.1,17.5,80.6,84.0,90.9,13.73,21.62,0.15,4.17,3.27,1.4,4.84,5.04,4.54,False,,57.0,66.07,54.9354,76.368,"{""trend"":{""T1_ema_stack"":{""value"":[true,true,true],""score"":100.0},""T2_ema50_slope"":{""value"":1.2483900604416873,""score"":100},""T3_high_proximity"":{""value"":0.8910426762544943,""score"":45.52133812724713},""T4_rs_1m"":{""value"":0.7357711259453732,""score"":100},""T5_rs_3m"":{""value"":2.302009281873647,""score"":100},""T6_adr_healthy"":{""value"":8.256291818644831,""score"":93.59270453387923},""_score"":91.51},""geometry"":{""sub_low_similarity"":56.4,""sub_bounce_quality"":100,""sub_separation_fit"":100.0,""sub_right_bottom_reaction"":97.2,""sub_base_context"":100.0,""_score"":86.5},""compression"":{""VC1_atr_ratio"":{""value"":1.0172569183902769,""score"":0},""VC2_range_contraction"":{""value"":1.6755444120453922,""score"":0},""VC3_range_pct_rank"":{""score"":7.499999999999996},""_score"":1.87},""sr_quality"":{""SR1_touches"":{""value"":2,""score"":25.0},""SR2_tightness"":{""value"":1.1150000000000002,""score"":57.99240849355285},""SR3_recency"":{""value"":252,""score"":0.0},""SR4_price_location"":{""score"":30.0},""SR5_reaction"":{""value"":0.8071862314131214,""score"":40.35931157065607},""_score"":29.75,""_levels_found"":3,""_target_level"":27.365},""volume"":{""V1_rvol_day"":{""value"":0.7680896624273597,""score"":17.872644161823978},""V2_rvol_sameslot"":{""value"":1.6768646376545013,""score"":78.45764251030009,""status"":""ok""},""V3_breakout_bar"":{""value"":0.8526258639860995,""score"":23.508390932406634},""V4_base_dryup"":{""value"":1.5163515796315372,""score"":0},""V5_bo_expansion"":{""value"":0.7680896624273597,""score"":0},""_score"":25.14},""readiness"":{""_distance_atr"":1.709,""BR1_atr_distance"":{""score"":0},""BR2_compression"":{""score"":0},""BR3_retest"":{""score"":50.0},""BR4_bo_age"":{""score"":50.0},""_score"":17.5},""risk"":{""R1_stop_clarity"":{""score"":68.48187363007762},""R2_stop_distance_pct"":{""value"":3.6220701754385956,""score"":100.0},""R3_stop_distance_atr"":{""value"":0.3889149474097785,""score"":44.44574737048892},""R4_rr_potential"":{""value"":9.381084772689846,""score"":100.0},""_score"":80.64},""market"":{""M1_spy_regime"":{""score"":100.0},""M3_earnings_risk"":{""value"":null,""score"":80.0},""M4_vix"":{""value"":null,""score"":60.0},""_score"":84.0},""liquidity"":{""L1_price"":{""value"":57.0,""score"":100.0},""L2_dollar_vol"":{""value"":355232984.544573,""score"":100.0},""L3_spread_proxy"":{""value"":0.09140350877192983,""score"":8.596491228070164},""L4_volume_zscore"":{""value"":-0.7273019574081112,""score"":100.0},""_score"":90.86},""pattern_structure"":{""left_low"":55.772,""left_idx"":52,""right_low"":57.0,""right_idx"":65,""separation_bars"":13,""structural_low"":55.772,""current_price"":57.0,""neckline_distance_pct"":0.15912280701754375,""base_bars"":13},""pattern_geometry_features"":{""low_similarity_pct"":0.021778455645018294,""bounce_pct"":0.18464462454278124,""right_bottom_reaction"":0.9724409448818896,""atr_pct"":0.09313270676691728},""_schema_version"":""1.0""}",,,,,,,,,,
20260608T171746Z-5e850b,2026-06-08T17:17:46.036346+00:00,ASML,double_bottom,forming,58.52,99.6,64.4,40.8,40.1,31.1,45.7,38.1,84.0,72.1,14.94,16.09,3.26,5.61,4.04,3.65,2.29,5.04,3.61,False,,1747.49,1779.285,1559.255,1975.57,"{""trend"":{""T1_ema_stack"":{""value"":[true,true,true],""score"":100.0},""T2_ema50_slope"":{""value"":0.31401569337982893,""score"":100},""T3_high_proximity"":{""value"":0.9943213824418056,""score"":97.16069122090276},""T4_rs_1m"":{""value"":0.13901022114697947,""score"":100},""T5_rs_3m"":{""value"":0.19449269615370057,""score"":100},""T6_adr_healthy"":{""value"":3.5317624063127786,""score"":100.0},""_score"":99.57},""geometry"":{""sub_low_similarity"":31.2,""sub_bounce_quality"":100,""sub_separation_fit"":0.0,""sub_right_bottom_reaction"":100,""sub_base_context"":100.0,""_score"":64.36},""compression"":{""VC1_atr_ratio"":{""value"":0.7173531351268866,""score"":70.66171621827834},""VC2_range_contraction"":{""value"":1.0974432528961777,""score"":0},""VC3_range_pct_rank"":{""score"":50.0},""_score"":40.76},""sr_quality"":{""SR1_touches"":{""value"":2,""score"":25.0},""SR2_tightness"":{""value"":11.745000000000005,""score"":67.19877149494845},""SR3_recency"":{""value"":231,""score"":0.0},""SR4_price_location"":{""score"":30.0},""SR5_reaction"":{""value"":2.5237284761263004,""score"":100},""_score"":40.08,""_levels_found"":5,""_target_level"":1591.745},""volume"":{""V1_rvol_day"":{""value"":0.8162829370510155,""score"":21.08552913673437},""V2_rvol_sameslot"":{""value"":1.3816544813859584,""score"":58.77696542573055,""status"":""ok""},""V3_breakout_bar"":{""value"":0.7813257160254478,""score"":18.75504773502985},""V4_base_dryup"":{""value"":0.9790592995031824,""score"":52.09407004968176},""V5_bo_expansion"":{""value"":0.8162829370510155,""score"":0},""_score"":31.08},""readiness"":{""_distance_atr"":0.444,""BR1_atr_distance"":{""score"":70.40116190384231},""BR2_compression"":{""score"":0},""BR3_retest"":{""score"":50.0},""BR4_bo_age"":{""score"":50.0},""_score"":45.66},""risk"":{""R1_stop_clarity"":{""score"":33.68538349489545},""R2_stop_distance_pct"":{""value"":10.771735460574888,""score"":30.7066134856278},""R3_stop_distance_atr"":{""value"":2.6284969125791324,""score"":100.0},""R4_rr_potential"":{""value"":1.2116768932451456,""score"":10.583844662257281},""_score"":38.12},""market"":{""M1_spy_regime"":{""score"":100.0},""M3_earnings_risk"":{""value"":null,""score"":80.0},""M4_vix"":{""value"":null,""score"":60.0},""_score"":84.0},""liquidity"":{""L1_price"":{""value"":1747.49,""score"":0.0},""L2_dollar_vol"":{""value"":2319318130.9822316,""score"":100.0},""L3_spread_proxy"":{""value"":0.02888142421415861,""score"":71.11857578584139},""L4_volume_zscore"":{""value"":-0.694488927661275,""score"":100.0},""_score"":72.11},""pattern_structure"":{""left_low"":1583.0,""left_idx"":29,""right_low"":1638.38,""right_idx"":76,""separation_bars"":47,""structural_low"":1583.0,""current_price"":1757.4,""neckline_distance_pct"":0.01245305565039262,""base_bars"":47},""pattern_geometry_features"":{""low_similarity_pct"":0.03438278005078575,""bounce_pct"":0.12399557801642457,""right_bottom_reaction"":1.0,""atr_pct"":0.04098059011986988},""_schema_version"":""1.0""}",,,,,,,,,,
20260608T171746Z-5e850b,2026-06-08T17:17:46.036346+00:00,ARM,double_bottom,forming,58.5,88.3,88.3,5.8,44.0,3.8,17.5,83.0,84.0,92.8,13.24,22.08,0.47,6.15,0.5,1.4,4.98,5.04,4.64,False,,349.34,427.99,330.5365,520.41,"{""trend"":{""T1_ema_stack"":{""value"":[true,true,true],""score"":100.0},""T2_ema50_slope"":{""value"":1.1963122023184884,""score"":100},""T3_high_proximity"":{""value"":0.8482626326396814,""score"":24.131316319840668},""T4_rs_1m"":{""value"":0.6244787389342845,""score"":100},""T5_rs_3m"":{""value"":1.8769520023501285,""score"":100},""T6_adr_healthy"":{""value"":8.290631087516905,""score"":92.73422281207738},""_score"":88.26},""geometry"":{""sub_low_similarity"":88.2,""sub_bounce_quality"":100,""sub_separation_fit"":60.0,""sub_right_bottom_reaction"":85.8,""sub_base_context"":100.0,""_score"":88.33},""compression"":{""VC1_atr_ratio"":{""value"":1.1856331277596879,""score"":0},""VC2_range_contraction"":{""value"":1.2427607292980372,""score"":0},""VC3_range_pct_rank"":{""score"":23.33333333333333},""_score"":5.83},""sr_quality"":{""SR1_touches"":{""value"":3,""score"":50.0},""SR2_tightness"":{""value"":4.730337079837849,""score"":74.48181424464892},""SR3_recency"":{""value"":240,""score"":0.0},""SR4_price_location"":{""score"":30.0},""SR5_reaction"":{""value"":1.370223532163454,""score"":68.51117660817269},""_score"":43.95,""_levels_found"":4,""_target_level"":235.2867},""volume"":{""V1_rvol_day"":{""value"":0.46586119422021155,""score"":0},""V2_rvol_sameslot"":{""value"":0.7355191302338582,""score"":15.701275348923879,""status"":""ok""},""V3_breakout_bar"":{""value"":0.5408165305568037,""score"":2.721102037120245},""V4_base_dryup"":{""value"":1.833067960013247,""score"":0},""V5_bo_expansion"":{""value"":0.46586119422021144,""score"":0},""_score"":3.82},""readiness"":{""_distance_atr"":2.121,""BR1_atr_distance"":{""score"":0},""BR2_compression"":{""score"":0},""BR3_retest"":{""score"":50.0},""BR4_bo_age"":{""score"":50.0},""_score"":17.5},""risk"":{""R1_stop_clarity"":{""score"":72.84610763653015},""R2_stop_distance_pct"":{""value"":5.382592889448667,""score"":100.0},""R3_stop_distance_atr"":{""value"":0.5071863523270095,""score"":50.359317616350474},""R4_rr_potential"":{""value"":9.097750158879592,""score"":100.0},""_score"":83.05},""market"":{""M1_spy_regime"":{""score"":100.0},""M3_earnings_risk"":{""value"":null,""score"":80.0},""M4_vix"":{""value"":null,""score"":60.0},""_score"":84.0},""liquidity"":{""L1_price"":{""value"":349.34,""score"":100.0},""L2_dollar_vol"":{""value"":1987371789.6591733,""score"":100.0},""L3_spread_proxy"":{""value"":0.07254823381233198,""score"":27.451766187668014},""L4_volume_zscore"":{""value"":-1.5229228540705821,""score"":100.0},""_score"":92.75},""pattern_structure"":{""left_low"":335.57,""left_idx"":40,""right_low"":337.5513,""right_idx"":76,""separation_bars"":36,""structural_low"":335.57,""current_price"":351.2,""neckline_distance_pct"":0.21865034168564926,""base_bars"":36},""pattern_geometry_features"":{""low_similarity_pct"":0.005886903296627318,""bounce_pct"":0.27541198557677987,""right_bottom_reaction"":0.8577524893314341,""atr_pct"":0.10612653248165932},""_schema_version"":""1.0""}",,,,,,,,,,
20260608T171746Z-5e850b,2026-06-08T17:17:46.036346+00:00,INTC,double_bottom,forming,57.87,77.9,66.1,45.6,50.4,24.7,34.2,53.5,84.0,94.8,11.69,16.53,3.65,7.06,3.21,2.74,3.21,5.04,4.74,False,,110.4799,118.29,97.909,137.18,"{""trend"":{""T1_ema_stack"":{""value"":[true,true,true],""score"":100.0},""T2_ema50_slope"":{""value"":1.103582782745338,""score"":100},""T3_high_proximity"":{""value"":0.8535220951792336,""score"":26.761047589616783},""T4_rs_1m"":{""value"":-0.005387264172873163,""score"":44.61273582712684},""T5_rs_3m"":{""value"":1.330999302887952,""score"":100},""T6_adr_healthy"":{""value"":6.817423073624839,""score"":100.0},""_score"":77.94},""geometry"":{""sub_low_similarity"":6.3,""sub_bounce_quality"":100,""sub_separation_fit"":100.0,""sub_right_bottom_reaction"":61.5,""sub_base_context"":100.0,""_score"":66.12},""compression"":{""VC1_atr_ratio"":{""value"":0.7115076051866087,""score"":72.12309870334782},""VC2_range_contraction"":{""value"":0.9374793850503264,""score"":10.420102491612274},""VC3_range_pct_rank"":{""score"":52.5},""_score"":45.62},""sr_quality"":{""SR1_touches"":{""value"":5,""score"":100},""SR2_tightness"":{""value"":2.034394258741408,""score"":54.5494852423291},""SR3_recency"":{""value"":275,""score"":0.0},""SR4_price_location"":{""score"":30.0},""SR5_reaction"":{""value"":0.6319837740106502,""score"":31.59918870053251},""_score"":50.42,""_levels_found"":2,""_target_level"":48.195},""volume"":{""V1_rvol_day"":{""value"":0.7112484880616881,""score"":14.08323253744587},""V2_rvol_sameslot"":{""value"":1.038650883201481,""score"":35.91005888009873,""status"":""ok""},""V3_breakout_bar"":{""value"":0.7120398311603717,""score"":14.135988744024782},""V4_base_dryup"":{""value"":0.9431887949066982,""score"":55.681120509330185},""V5_bo_expansion"":{""value"":0.7112484880616881,""score"":0},""_score"":24.67},""readiness"":{""_distance_atr"":0.872,""BR1_atr_distance"":{""score"":41.838041178820426},""BR2_compression"":{""score"":0},""BR3_retest"":{""score"":50.0},""BR4_bo_age"":{""score"":50.0},""_score"":34.24},""risk"":{""R1_stop_clarity"":{""score"":66.68948645892678},""R2_stop_distance_pct"":{""value"":11.37844983567146,""score"":15.538754108213482},""R3_stop_distance_atr"":{""value"":1.404235864096168,""score"":95.2117932048084},""R4_rr_potential"":{""value"":2.123960893810309,""score"":56.19804469051546},""_score"":53.52},""market"":{""M1_spy_regime"":{""score"":100.0},""M3_earnings_risk"":{""value"":null,""score"":80.0},""M4_vix"":{""value"":null,""score"":60.0},""_score"":84.0},""liquidity"":{""L1_price"":{""value"":110.4799,""score"":100.0},""L2_dollar_vol"":{""value"":9941012298.696365,""score"":100.0},""L3_spread_proxy"":{""value"":0.0516836094167356,""score"":48.3163905832644},""L4_volume_zscore"":{""value"":-1.086579435968976,""score"":100.0},""_score"":94.83},""pattern_structure"":{""left_low"":104.17,""left_idx"":53,""right_low"":99.4,""right_idx"":76,""separation_bars"":23,""structural_low"":99.4,""current_price"":111.365,""neckline_distance_pct"":0.06218291204597505,""base_bars"":23},""pattern_geometry_features"":{""low_similarity_pct"":0.046863486761310566,""bounce_pct"":0.19004024144869214,""right_bottom_reaction"":0.6151960784313727,""atr_pct"":0.08102947750159596},""_schema_version"":""1.0""}",,,,,,,,,,
20260608T171746Z-5e850b,2026-06-08T17:17:46.036346+00:00,MOD,double_bottom,forming,57.78,74.9,70.9,61.2,43.0,13.9,17.5,80.9,84.0,96.1,11.23,17.73,4.9,6.01,1.81,1.4,4.85,5.04,4.8,False,,274.69,318.61,262.995,370.22,"{""trend"":{""T1_ema_stack"":{""value"":[false,true,true],""score"":66.66666666666666},""T2_ema50_slope"":{""value"":0.42999598240434356,""score"":100},""T3_high_proximity"":{""value"":0.8950764117436215,""score"":47.53820587181073},""T4_rs_1m"":{""value"":0.005459259967480312,""score"":55.459259967480314},""T5_rs_3m"":{""value"":0.2732725232345694,""score"":100},""T6_adr_healthy"":{""value"":7.243777603611037,""score"":100.0},""_score"":74.89},""geometry"":{""sub_low_similarity"":55.6,""sub_bounce_quality"":100,""sub_separation_fit"":0.0,""sub_right_bottom_reaction"":95.0,""sub_base_context"":100.0,""_score"":70.93},""compression"":{""VC1_atr_ratio"":{""value"":0.5704490492979177,""score"":100},""VC2_range_contraction"":{""value"":1.307905064713991,""score"":0},""VC3_range_pct_rank"":{""score"":85.0},""_score"":61.25},""sr_quality"":{""SR1_touches"":{""value"":2,""score"":25.0},""SR2_tightness"":{""value"":3.3774999999999977,""score"":72.39234342208248},""SR3_recency"":{""value"":240,""score"":0.0},""SR4_price_location"":{""score"":48.46241503753094},""SR5_reaction"":{""value"":1.6630987193398679,""score"":83.15493596699339},""_score"":42.95,""_levels_found"":7,""_target_level"":290.6775},""volume"":{""V1_rvol_day"":{""value"":0.2749440323986073,""score"":0},""V2_rvol_sameslot"":{""value"":0.3969337848689989,""score"":0,""status"":""ok""},""V3_breakout_bar"":{""value"":0.507861875033721,""score"":0.5241250022480697},""V4_base_dryup"":{""value"":0.8118507124328832,""score"":68.81492875671168},""V5_bo_expansion"":{""value"":0.2749440323986073,""score"":0},""_score"":13.89},""readiness"":{""_distance_atr"":1.795,""BR1_atr_distance"":{""score"":0},""BR2_compression"":{""score"":0},""BR3_retest"":{""score"":50.0},""BR4_bo_age"":{""score"":50.0},""_score"":17.5},""risk"":{""R1_stop_clarity"":{""score"":67.26316370257302},""R2_stop_distance_pct"":{""value"":4.257526666423966,""score"":100.0},""R3_stop_distance_atr"":{""value"":0.47797415792560405,""score"":48.8987078962802},""R4_rr_potential"":{""value"":8.168448054724248,""score"":100.0},""_score"":80.88},""market"":{""M1_spy_regime"":{""score"":100.0},""M3_earnings_risk"":{""value"":null,""score"":80.0},""M4_vix"":{""value"":null,""score"":60.0},""_score"":84.0},""liquidity"":{""L1_price"":{""value"":274.69,""score"":100.0},""L2_dollar_vol"":{""value"":105426883.89701052,""score"":100.0},""L3_spread_proxy"":{""value"":0.03917142961156209,""score"":60.8285703884379},""L4_volume_zscore"":{""value"":-1.4415587513695318,""score"":100.0},""_score"":96.08},""pattern_structure"":{""left_low"":267.0,""left_idx"":30,""right_low"":273.0,""right_idx"":76,""separation_bars"":46,""structural_low"":267.0,""current_price"":277.685,""neckline_distance_pct"":0.14737922466103684,""base_bars"":46},""pattern_geometry_features"":{""low_similarity_pct"":0.022222222222222223,""bounce_pct"":0.19329588014981278,""right_bottom_reaction"":0.9503302345804191,""atr_pct"":0.08907441115439224},""_schema_version"":""1.0""}",,,,,,,,,,
20260608T171746Z-5e850b,2026-06-08T17:17:46.036346+00:00,DELL,double_bottom,forming,57.75,89.2,79.4,7.1,36.5,19.8,26.5,73.0,84.0,94.8,13.38,19.85,0.57,5.1,2.58,2.12,4.38,5.04,4.74,False,,398.86,436.0,393.015,473.0,"{""trend"":{""T1_ema_stack"":{""value"":[true,true,true],""score"":100.0},""T2_ema50_slope"":{""value"":1.0164139135466603,""score"":100},""T3_high_proximity"":{""value"":0.855996222851747,""score"":27.998111425873496},""T4_rs_1m"":{""value"":0.7189088950434397,""score"":100},""T5_rs_3m"":{""value"":1.6295394051155034,""score"":100},""T6_adr_healthy"":{""value"":6.102157631387904,""score"":100.0},""_score"":89.2},""geometry"":{""sub_low_similarity"":60.3,""sub_bounce_quality"":89.6,""sub_separation_fit"":73.3,""sub_right_bottom_reaction"":82.6,""sub_base_context"":100.0,""_score"":79.39},""compression"":{""VC1_atr_ratio"":{""value"":1.5712851952490592,""score"":0},""VC2_range_contraction"":{""value"":1.162494207702411,""score"":0},""VC3_range_pct_rank"":{""score"":28.333333333333332},""_score"":7.08},""sr_quality"":{""SR1_touches"":{""value"":2,""score"":25.0},""SR2_tightness"":{""value"":1.7249999999999943,""score"":89.18969489200778},""SR3_recency"":{""value"":240,""score"":0.0},""SR4_price_location"":{""score"":30.0},""SR5_reaction"":{""value"":1.0772704046747075,""score"":53.86352023373537},""_score"":36.46,""_levels_found"":5,""_target_level"":262.265},""volume"":{""V1_rvol_day"":{""value"":0.454220713461197,""score"":0},""V2_rvol_sameslot"":{""value"":0.7844870540862804,""score"":18.965803605752026,""status"":""ok""},""V3_breakout_bar"":{""value"":0.5521339660304849,""score"":3.4755977353656617},""V4_base_dryup"":{""value"":0.742605222644633,""score"":75.7394777355367},""V5_bo_expansion"":{""value"":0.454220713461197,""score"":0},""_score"":19.81},""readiness"":{""_distance_atr"":1.164,""BR1_atr_distance"":{""score"":22.41647696409035},""BR2_compression"":{""score"":0},""BR3_retest"":{""score"":50.0},""BR4_bo_age"":{""score"":50.0},""_score"":26.47},""risk"":{""R1_stop_clarity"":{""score"":62.49294140792242},""R2_stop_distance_pct"":{""value"":1.4654264654264721,""score"":86.6356616356618},""R3_stop_distance_atr"":{""value"":0.18314850248178277,""score"":34.15742512408914},""R4_rr_potential"":{""value"":12.684345594525174,""score"":100.0},""_score"":72.99},""market"":{""M1_spy_regime"":{""score"":100.0},""M3_earnings_risk"":{""value"":null,""score"":80.0},""M4_vix"":{""value"":null,""score"":60.0},""_score"":84.0},""liquidity"":{""L1_price"":{""value"":398.86,""score"":100.0},""L2_dollar_vol"":{""value"":2132387402.26887,""score"":100.0},""L3_spread_proxy"":{""value"":0.052374015945444545,""score"":47.62598405455545},""L4_volume_zscore"":{""value"":-0.689586283183729,""score"":100.0},""_score"":94.76},""pattern_structure"":{""left_low"":407.0,""left_idx"":59,""right_low"":399.0,""right_idx"":65,""separation_bars"":6,""structural_low"":399.0,""current_price"":399.9,""neckline_distance_pct"":0.09027256814203558,""base_bars"":6},""pattern_geometry_features"":{""low_similarity_pct"":0.019851116625310174,""bounce_pct"":0.09273182957393483,""right_bottom_reaction"":0.8261106024411581,""atr_pct"":0.08001301924771313},""_schema_version"":""1.0""}",,,,,,,,,,
20260608T171746Z-5e850b,2026-06-08T17:17:46.036346+00:00,KEYS,base_on_base,forming,56.84,62.1,78.2,46.5,45.9,9.3,17.5,72.2,84.0,97.2,11.18,19.55,4.65,4.59,1.12,1.4,3.61,5.88,4.86,False,,333.2,359.05,319.4059,432.69,"{""trend"":{""T1_ema_stack"":{""value"":[false,true,true],""score"":66.66666666666666},""T2_ema50_slope"":{""value"":0.24419985182750897,""score"":90.69997530458483},""T3_high_proximity"":{""value"":0.9086942293007526,""score"":54.347114650376284},""T4_rs_1m"":{""value"":-0.0747986947265391,""score"":0},""T5_rs_3m"":{""value"":0.08860786938865517,""score"":94.30393469432758},""T6_adr_healthy"":{""value"":3.6476848326700186,""score"":100.0},""_score"":62.1},""geometry"":{""sub_shallower_second"":100,""sub_second_base_depth"":100.0,""sub_rim_advance"":100,""sub_dry_up"":0,""sub_second_base_duration"":88.0,""_score"":78.2},""compression"":{""VC1_atr_ratio"":{""value"":0.6638338050484944,""score"":84.0415487378764},""VC2_range_contraction"":{""value"":1.016368911302773,""score"":0},""VC3_range_pct_rank"":{""score"":51.66666666666666},""_score"":46.53},""sr_quality"":{""SR1_touches"":{""value"":3,""score"":50.0},""SR2_tightness"":{""value"":2.5675453041551117,""score"":64.07344274373152},""SR3_recency"":{""value"":227,""score"":0.0},""SR4_price_location"":{""score"":25.138182622153405},""SR5_reaction"":{""value"":2.1496085578557778,""score"":100},""_score"":45.9,""_levels_found"":5,""_target_level"":355.7733},""volume"":{""V1_rvol_day"":{""value"":0.3598138761107631,""score"":0},""V2_rvol_sameslot"":{""value"":0.7155300282890432,""score"":14.36866855260288,""status"":""ok""},""V3_breakout_bar"":{""value"":0.8882350771393774,""score"":25.882338475958495},""V4_base_dryup"":{""value"":1.6829194260153113,""score"":0},""V5_bo_expansion"":{""value"":0.3598138761107631,""score"":0},""_score"":9.34},""readiness"":{""_distance_atr"":1.809,""BR1_atr_distance"":{""score"":0},""BR2_compression"":{""score"":0},""BR3_retest"":{""score"":50.0},""BR4_bo_age"":{""score"":50.0},""_score"":17.5},""risk"":{""R1_stop_clarity"":{""score"":31.939440157276223},""R2_stop_distance_pct"":{""value"":4.13987094837936,""score"":100.0},""R3_stop_distance_atr"":{""value"":0.9650710472738991,""score"":73.25355236369495},""R4_rr_potential"":{""value"":7.212530040125987,""score"":100.0},""_score"":72.17},""market"":{""M1_spy_regime"":{""score"":100.0},""M3_earnings_risk"":{""value"":null,""score"":80.0},""M4_vix"":{""value"":null,""score"":60.0},""_score"":84.0},""liquidity"":{""L1_price"":{""value"":333.2,""score"":100.0},""L2_dollar_vol"":{""value"":227997041.374326,""score"":100.0},""L3_spread_proxy"":{""value"":0.027986194477791253,""score"":72.01380552220874},""L4_volume_zscore"":{""value"":-1.4566019583597207,""score"":100.0},""_score"":97.2},""pattern_structure"":{""first_base_low"":228.35,""first_base_top"":301.99,""first_base_bars"":20,""second_base_low"":324.27,""second_base_top"":359.05,""second_base_bars"":22,""structural_low"":324.27,""stacking_overlap_pct"":-0.07377727739329108,""current_price"":333.2,""neckline_distance_pct"":0.07758103241296525,""base_bars"":22},""pattern_geometry_features"":{""first_base_depth_pct"":0.24384913407728737,""second_base_depth_pct"":0.0968667316529732,""second_dry_up_ratio"":1.2080904838834852,""rim_advance_pct"":0.1889466538627107,""atr_pct"":0.04289705882352943},""_schema_version"":""1.0""}",,,,,,,,,,
20260608T171746Z-5e850b,2026-06-08T17:17:46.036346+00:00,POWI,double_bottom,forming,56.72,83.2,66.4,59.8,41.3,12.4,17.7,76.8,84.0,87.6,12.49,16.61,4.78,5.79,1.61,1.41,4.61,5.04,4.38,False,,77.285,87.36,75.3131,98.26,"{""trend"":{""T1_ema_stack"":{""value"":[false,true,true],""score"":66.66666666666666},""T2_ema50_slope"":{""value"":0.6800105329517934,""score"":100},""T3_high_proximity"":{""value"":0.8876191570001148,""score"":43.8095785000574},""T4_rs_1m"":{""value"":0.06271156358244712,""score"":100},""T5_rs_3m"":{""value"":0.546261813142259,""score"":100},""T6_adr_healthy"":{""value"":6.154362070162935,""score"":100.0},""_score"":83.24},""geometry"":{""sub_low_similarity"":2.3,""sub_bounce_quality"":100,""sub_separation_fit"":100.0,""sub_right_bottom_reaction"":71.7,""sub_base_context"":100.0,""_score"":66.44},""compression"":{""VC1_atr_ratio"":{""value"":0.5098834590554817,""score"":100},""VC2_range_contraction"":{""value"":1.0937367254299326,""score"":0},""VC3_range_pct_rank"":{""score"":79.16666666666666},""_score"":59.79},""sr_quality"":{""SR1_touches"":{""value"":2,""score"":25.0},""SR2_tightness"":{""value"":0.6494499999999945,""score"":76.27548956933575},""SR3_recency"":{""value"":229,""score"":0.0},""SR4_price_location"":{""score"":34.56025212867884},""SR5_reaction"":{""value"":1.8328001669950023,""score"":91.64000834975012},""_score"":41.33,""_levels_found"":7,""_target_level"":80.9394},""volume"":{""V1_rvol_day"":{""value"":0.3196492555612537,""score"":0},""V2_rvol_sameslot"":{""value"":0.988132382991267,""score"":32.54215886608447,""status"":""ok""},""V3_breakout_bar"":{""value"":0.8531799292404595,""score"":23.545328616030634},""V4_base_dryup"":{""value"":1.517022369498054,""score"":0},""V5_bo_expansion"":{""value"":0.3196492555612537,""score"":0},""_score"":12.39},""readiness"":{""_distance_atr"":1.84,""BR1_atr_distance"":{""score"":0},""BR2_compression"":{""score"":0.6267417973207142},""BR3_retest"":{""score"":50.0},""BR4_bo_age"":{""score"":50.0},""_score"":17.66},""risk"":{""R1_stop_clarity"":{""score"":58.10356299495092},""R2_stop_distance_pct"":{""value"":2.5514653555023683,""score"":100.0},""R3_stop_distance_atr"":{""value"":0.3601690824407373,""score"":43.008454122036866},""R4_rr_potential"":{""value"":10.636949135351669,""score"":100.0},""_score"":76.79},""market"":{""M1_spy_regime"":{""score"":100.0},""M3_earnings_risk"":{""value"":null,""score"":80.0},""M4_vix"":{""value"":null,""score"":60.0},""_score"":84.0},""liquidity"":{""L1_price"":{""value"":77.285,""score"":100.0},""L2_dollar_vol"":{""value"":34486795.32269933,""score"":76.88264197651526},""L3_spread_proxy"":{""value"":0.03144206508378072,""score"":68.55793491621928},""L4_volume_zscore"":{""value"":-1.2338702920228621,""score"":100.0},""_score"":87.61},""pattern_structure"":{""left_low"":80.29,""left_idx"":47,""right_low"":76.46,""right_idx"":76,""separation_bars"":29,""structural_low"":76.46,""current_price"":78.29,""neckline_distance_pct"":0.11585132200791917,""base_bars"":29},""pattern_geometry_features"":{""low_similarity_pct"":0.04886762360446587,""bounce_pct"":0.14255820036620465,""right_bottom_reaction"":0.7166666666666656,""atr_pct"":0.07084076562629968},""_schema_version"":""1.0""}",,,,,,,,,,
20260608T171746Z-5e850b,2026-06-08T17:17:46.036346+00:00,NVT,double_bottom,forming,56.64,68.1,67.7,52.5,47.8,24.4,17.5,69.4,84.0,96.6,10.22,16.93,4.2,6.69,3.17,1.4,4.16,5.04,4.83,False,,162.55,178.0,158.6934,194.8899,"{""trend"":{""T1_ema_stack"":{""value"":[false,true,true],""score"":66.66666666666666},""T2_ema50_slope"":{""value"":0.5475488795117636,""score"":100},""T3_high_proximity"":{""value"":0.921537502125971,""score"":60.76875106298546},""T4_rs_1m"":{""value"":-0.03830210885811047,""score"":11.697891141889528},""T5_rs_3m"":{""value"":0.4104144635349023,""score"":100},""T6_adr_healthy"":{""value"":3.9515136473771784,""score"":100.0},""_score"":68.12},""geometry"":{""sub_low_similarity"":56.3,""sub_bounce_quality"":100,""sub_separation_fit"":0.0,""sub_right_bottom_reaction"":72.1,""sub_base_context"":100.0,""_score"":67.7},""compression"":{""VC1_atr_ratio"":{""value"":0.508456564901594,""score"":100},""VC2_range_contraction"":{""value"":1.0371063646879362,""score"":0},""VC3_range_pct_rank"":{""score"":50.0},""_score"":52.5},""sr_quality"":{""SR1_touches"":{""value"":2,""score"":25.0},""SR2_tightness"":{""value"":1.5,""score"":58.53645534080073},""SR3_recency"":{""value"":228,""score"":0.0},""SR4_price_location"":{""score"":66.13633825792704},""SR5_reaction"":{""value"":2.2058605758694023,""score"":100},""_score"":47.81,""_levels_found"":7,""_target_level"":176.5},""volume"":{""V1_rvol_day"":{""value"":0.4995488981605943,""score"":0},""V2_rvol_sameslot"":{""value"":1.0065921214323263,""score"":33.77280809548842,""status"":""ok""},""V3_breakout_bar"":{""value"":0.7586539549693978,""score"":17.243596997959855},""V4_base_dryup"":{""value"":0.8330740095773839,""score"":66.6925990422616},""V5_bo_expansion"":{""value"":0.4995488981605943,""score"":0},""_score"":24.4},""readiness"":{""_distance_atr"":2.135,""BR1_atr_distance"":{""score"":0},""BR2_compression"":{""score"":0},""BR3_retest"":{""score"":50.0},""BR4_bo_age"":{""score"":50.0},""_score"":17.5},""risk"":{""R1_stop_clarity"":{""score"":33.19804173601939},""R2_stop_distance_pct"":{""value"":2.3725324515533823,""score"":100.0},""R3_stop_distance_atr"":{""value"":0.5330209845025096,""score"":51.651049225125476},""R4_rr_potential"":{""value"":8.385704171200567,""score"":100.0},""_score"":69.37},""market"":{""M1_spy_regime"":{""score"":100.0},""M3_earnings_risk"":{""value"":null,""score"":80.0},""M4_vix"":{""value"":null,""score"":60.0},""_score"":84.0},""liquidity"":{""L1_price"":{""value"":162.55,""score"":100.0},""L2_dollar_vol"":{""value"":144744856.3828472,""score"":100.0},""L3_spread_proxy"":{""value"":0.03365118425099968,""score"":66.34881574900032},""L4_volume_zscore"":{""value"":-2.106910533266483,""score"":100.0},""_score"":96.63},""pattern_structure"":{""left_low"":164.67,""left_idx"":29,""right_low"":161.1101,""right_idx"":76,""separation_bars"":47,""structural_low"":161.1101,""current_price"":163.5,""neckline_distance_pct"":0.08868501529051988,""base_bars"":47},""pattern_geometry_features"":{""low_similarity_pct"":0.02185461911270823,""bounce_pct"":0.10483451999595315,""right_bottom_reaction"":0.7209172519652106,""atr_pct"":0.044511051544579704},""_schema_version"":""1.0""}",,,,,,,,,,
20260608T171746Z-5e850b,2026-06-08T17:17:46.036346+00:00,AMAT,double_bottom,forming,56.58,98.3,59.7,17.2,45.6,31.1,35.5,41.4,84.0,94.6,14.75,14.93,1.38,6.39,4.04,2.84,2.48,5.04,4.73,False,,490.5875,510.75,434.5032,580.38,"{""trend"":{""T1_ema_stack"":{""value"":[true,true,true],""score"":100.0},""T2_ema50_slope"":{""value"":0.4097795560333387,""score"":100},""T3_high_proximity"":{""value"":0.9778503089495715,""score"":88.92515447478571},""T4_rs_1m"":{""value"":0.18145836046570873,""score"":100},""T5_rs_3m"":{""value"":0.35454832531191305,""score"":100},""T6_adr_healthy"":{""value"":4.467642693693234,""score"":100.0},""_score"":98.34},""geometry"":{""sub_low_similarity"":34.7,""sub_bounce_quality"":100,""sub_separation_fit"":0.0,""sub_right_bottom_reaction"":62.1,""sub_base_context"":100.0,""_score"":59.73},""compression"":{""VC1_atr_ratio"":{""value"":0.8612181297068435,""score"":34.69546757328912},""VC2_range_contraction"":{""value"":1.3496879988469632,""score"":0},""VC3_range_pct_rank"":{""score"":13.33333333333333},""_score"":17.21},""sr_quality"":{""SR1_touches"":{""value"":3,""score"":50.0},""SR2_tightness"":{""value"":5.044432574851446,""score"":58.81433044156361},""SR3_recency"":{""value"":237,""score"":0.0},""SR4_price_location"":{""score"":30.0},""SR5_reaction"":{""value"":1.9050208663318422,""score"":95.2510433165921},""_score"":45.61,""_levels_found"":5,""_target_level"":400.2034},""volume"":{""V1_rvol_day"":{""value"":0.5039386987173741,""score"":0.26257991449160445},""V2_rvol_sameslot"":{""value"":1.3984164399975334,""score"":59.894429333168894,""status"":""ok""},""V3_breakout_bar"":{""value"":0.8992459973732347,""score"":26.616399824882315},""V4_base_dryup"":{""value"":0.8785817860493202,""score"":62.14182139506798},""V5_bo_expansion"":{""value"":0.5039386987173742,""score"":0},""_score"":31.11},""readiness"":{""_distance_atr"":0.823,""BR1_atr_distance"":{""score"":45.1272235842813},""BR2_compression"":{""score"":0},""BR3_retest"":{""score"":50.0},""BR4_bo_age"":{""score"":50.0},""_score"":35.55},""risk"":{""R1_stop_clarity"":{""score"":45.97661197953711},""R2_stop_distance_pct"":{""value"":11.43206869314852,""score"":14.198282671287021},""R3_stop_distance_atr"":{""value"":2.2895235618093643,""score"":100.0},""R4_rr_potential"":{""value"":1.6010273819946053,""score"":30.051369099730262},""_score"":41.36},""market"":{""M1_spy_regime"":{""score"":100.0},""M3_earnings_risk"":{""value"":null,""score"":80.0},""M4_vix"":{""value"":null,""score"":60.0},""_score"":84.0},""liquidity"":{""L1_price"":{""value"":490.5875,""score"":100.0},""L2_dollar_vol"":{""value"":2025981289.2022078,""score"":100.0},""L3_spread_proxy"":{""value"":0.054210512905444944,""score"":45.78948709455506},""L4_volume_zscore"":{""value"":-1.4692352073657082,""score"":100.0},""_score"":94.58},""pattern_structure"":{""left_low"":441.12,""left_idx"":29,""right_low"":455.76,""right_idx"":76,""separation_bars"":47,""structural_low"":441.12,""current_price"":492.91,""neckline_distance_pct"":0.036193219857580436,""base_bars"":47},""pattern_geometry_features"":{""low_similarity_pct"":0.03264650789403262,""bounce_pct"":0.15784820457018497,""right_bottom_reaction"":0.6209944751381212,""atr_pct"":0.04993208580091652},""_schema_version"":""1.0""}",,,,,,,,,,
20260608T171746Z-5e850b,2026-06-08T17:17:46.036346+00:00,FLEX,breakout_retest_hold,breakout_confirmed,56.31,95.3,50.0,41.3,53.7,2.5,64.5,60.1,84.0,94.2,13.35,11.0,2.48,7.52,0.33,11.61,3.0,4.2,2.83,False,,151.89,147.7561,147.807,144.6683,"{""trend"":{""T1_ema_stack"":{""value"":[true,true,true],""score"":100.0},""T2_ema50_slope"":{""value"":1.0837851163234897,""score"":100},""T3_high_proximity"":{""value"":0.9379399777695442,""score"":68.96998888477206},""T4_rs_1m"":{""value"":0.12871257908276346,""score"":100},""T5_rs_3m"":{""value"":1.3837333675981955,""score"":100},""T6_adr_healthy"":{""value"":5.2143206374795374,""score"":100.0},""_score"":95.35},""geometry"":{""sub_retest_depth"":0.0,""sub_retest_timing"":0.0,""sub_retest_freshness"":100.0,""sub_hold_quality"":100.0,""_score"":50.0},""compression"":{""VC1_atr_ratio"":{""value"":0.6332491113765963,""score"":91.68772215585092},""VC2_range_contraction"":{""value"":1.072677519738189,""score"":0},""VC3_range_pct_rank"":{""score"":18.333333333333336},""_score"":41.26},""sr_quality"":{""SR1_touches"":{""value"":6,""score"":100},""SR2_tightness"":{""value"":1.5936619256709772,""score"":62.50018159000674},""SR3_recency"":{""value"":275,""score"":0.0},""SR4_price_location"":{""score"":30.0},""SR5_reaction"":{""value"":0.9114165420105219,""score"":45.570827100526095},""_score"":53.71,""_levels_found"":2,""_target_level"":67.765},""volume"":{""V1_rvol_day"":{""value"":0.49742292532093946,""score"":0},""V2_rvol_sameslot"":{""value"":0.6710114586865531,""score"":11.400763912436872,""status"":""ok""},""V3_breakout_bar"":{""value"":0.5157176054130108,""score"":1.0478403608673879},""V4_base_dryup"":{""value"":1.5870124313162057,""score"":0},""V5_bo_expansion"":{""value"":0.49742292532093935,""score"":0},""_score"":2.54},""readiness"":{""_distance_atr"":-0.486,""BR1_atr_distance"":{""score"":100.0},""BR2_compression"":{""score"":0},""BR3_retest"":{""score"":100},""BR4_bo_age"":{""score"":30.0},""_score"":64.5},""risk"":{""R1_stop_clarity"":{""score"":64.86881691513868},""R2_stop_distance_pct"":{""value"":2.688129567450109,""score"":100.0},""R3_stop_distance_atr"":{""value"":0.4803771618737046,""score"":49.018858093685225},""R4_rr_potential"":{""value"":-1.768723977467561,""score"":0.0},""_score"":60.06},""market"":{""M1_spy_regime"":{""score"":100.0},""M3_earnings_risk"":{""value"":null,""score"":80.0},""M4_vix"":{""value"":null,""score"":60.0},""_score"":84.0},""liquidity"":{""L1_price"":{""value"":151.89,""score"":100.0},""L2_dollar_vol"":{""value"":459671576.8103303,""score"":100.0},""L3_spread_proxy"":{""value"":0.05773915333464996,""score"":42.26084666535004},""L4_volume_zscore"":{""value"":-1.6153905258129486,""score"":100.0},""_score"":94.23},""pattern_structure"":{""level"":147.7561,""level_idx"":37,""breakout_idx"":41,""bo_peak_idx"":60,""bo_peak_price"":166.86,""retest_idx"":76,""retest_low"":149.3,""structural_low"":149.3,""current_price"":150.37,""neckline_distance_pct"":-0.01738312163330452,""base_bars"":42,""bars_since_breakout"":38},""pattern_geometry_features"":{""retest_depth_atr"":-0.48848982322285245,""bars_breakout_to_retest"":35.0,""bars_since_retest"":3.0,""current_above_level_atr"":0.8270377284294371,""bo_peak_excess_pct"":0.12929347756200935,""atr_pct"":0.05595872953170996},""_schema_version"":""1.0""}",,,,,,,,,,
20260608T171746Z-5e850b,2026-06-08T17:17:46.036346+00:00,COHU,double_bottom,forming,56.11,94.7,78.3,11.8,38.7,6.3,18.8,74.8,84.0,82.1,14.2,19.57,0.95,5.42,0.82,1.5,4.49,5.04,4.1,False,,53.51,58.47,48.6393,67.56,"{""trend"":{""T1_ema_stack"":{""value"":[true,true,true],""score"":100.0},""T2_ema50_slope"":{""value"":0.6195730607641624,""score"":100},""T3_high_proximity"":{""value"":0.9291543670776176,""score"":64.57718353880875},""T4_rs_1m"":{""value"":0.11376920682204883,""score"":100},""T5_rs_3m"":{""value"":0.8182028069310787,""score"":100},""T6_adr_healthy"":{""value"":5.683239642718699,""score"":100.0},""_score"":94.69},""geometry"":{""sub_low_similarity"":35.4,""sub_bounce_quality"":100,""sub_separation_fit"":100.0,""sub_right_bottom_reaction"":84.4,""sub_base_context"":100.0,""_score"":78.28},""compression"":{""VC1_atr_ratio"":{""value"":0.9731185918775377,""score"":6.720352030615579},""VC2_range_contraction"":{""value"":1.1702302105432014,""score"":0},""VC3_range_pct_rank"":{""score"":36.66666666666667},""_score"":11.85},""sr_quality"":{""SR1_touches"":{""value"":2,""score"":25.0},""SR2_tightness"":{""value"":0.7140999999999984,""score"":58.21768812676717},""SR3_recency"":{""value"":229,""score"":0.0},""SR4_price_location"":{""score"":30.0},""SR5_reaction"":{""value"":2.3862316554068865,""score"":100},""_score"":38.73,""_levels_found"":4,""_target_level"":51.7142},""volume"":{""V1_rvol_day"":{""value"":0.27499191378145127,""score"":0},""V2_rvol_sameslot"":{""value"":0.8417651034482592,""score"":22.784340229883945,""status"":""ok""},""V3_breakout_bar"":{""value"":0.606898321595063,""score"":7.126554773004197},""V4_base_dryup"":{""value"":1.6617658467685021,""score"":0},""V5_bo_expansion"":{""value"":0.27499191378145127,""score"":0},""_score"":6.34},""readiness"":{""_distance_atr"":1.451,""BR1_atr_distance"":{""score"":3.262723758934186},""BR2_compression"":{""score"":0},""BR3_retest"":{""score"":50.0},""BR4_bo_age"":{""score"":50.0},""_score"":18.81},""risk"":{""R1_stop_clarity"":{""score"":56.66131017434003},""R2_stop_distance_pct"":{""value"":9.102410764343112,""score"":72.43973089142219},""R3_stop_distance_atr"":{""value"":1.4249342279859651,""score"":96.24671139929826},""R4_rr_potential"":{""value"":2.884595643336688,""score"":94.2297821668344},""_score"":74.85},""market"":{""M1_spy_regime"":{""score"":100.0},""M3_earnings_risk"":{""value"":null,""score"":80.0},""M4_vix"":{""value"":null,""score"":60.0},""_score"":84.0},""liquidity"":{""L1_price"":{""value"":53.51,""score"":100.0},""L2_dollar_vol"":{""value"":22834316.421551928,""score"":67.92940074505643},""L3_spread_proxy"":{""value"":0.0508316202578957,""score"":49.1683797421043},""L4_volume_zscore"":{""value"":-1.2138374630496043,""score"":100.0},""_score"":82.09},""pattern_structure"":{""left_low"":51.0001,""left_idx"":47,""right_low"":49.38,""right_idx"":76,""separation_bars"":29,""structural_low"":49.38,""current_price"":53.82,""neckline_distance_pct"":0.08639910813823855,""base_bars"":29},""pattern_geometry_features"":{""low_similarity_pct"":0.03227930635653881,""bounce_pct"":0.18408262454434984,""right_bottom_reaction"":0.8444444444444436,""atr_pct"":0.06387951517740345},""_schema_version"":""1.0""}",,,,,,,,,,
20260608T171746Z-5e850b,2026-06-08T17:17:46.036346+00:00,ANET,double_bottom,forming,56.09,73.5,75.9,41.3,42.8,5.3,21.2,76.1,84.0,96.2,11.02,18.98,3.3,5.99,0.69,1.69,4.56,5.04,4.81,False,,157.35,177.48,149.9072,202.77,"{""trend"":{""T1_ema_stack"":{""value"":[false,true,true],""score"":66.66666666666666},""T2_ema50_slope"":{""value"":0.11484601360560165,""score"":69.14100226760027},""T3_high_proximity"":{""value"":0.8853316828897766,""score"":42.66584144488827},""T4_rs_1m"":{""value"":0.09682127441497568,""score"":100},""T5_rs_3m"":{""value"":0.05424809484284632,""score"":77.12404742142316},""T6_adr_healthy"":{""value"":4.522244418844602,""score"":100.0},""_score"":73.46},""geometry"":{""sub_low_similarity"":81.9,""sub_bounce_quality"":100,""sub_separation_fit"":0.0,""sub_right_bottom_reaction"":75.7,""sub_base_context"":100.0,""_score"":75.92},""compression"":{""VC1_atr_ratio"":{""value"":0.7255587530035846,""score"":68.61031174910383},""VC2_range_contraction"":{""value"":0.9948520630223393,""score"":0.8579894962767824},""VC3_range_pct_rank"":{""score"":54.16666666666667},""_score"":41.29},""sr_quality"":{""SR1_touches"":{""value"":2,""score"":25.0},""SR2_tightness"":{""value"":0.3500000000000085,""score"":91.46804478057618},""SR3_recency"":{""value"":248,""score"":0.0},""SR4_price_location"":{""score"":26.243186116364477},""SR5_reaction"":{""value"":3.7491848935638608,""score"":100},""_score"":42.78,""_levels_found"":5,""_target_level"":179.45},""volume"":{""V1_rvol_day"":{""value"":0.30006314642698195,""score"":0},""V2_rvol_sameslot"":{""value"":0.4690172866295665,""score"":0,""status"":""ok""},""V3_breakout_bar"":{""value"":0.4591984167800735,""score"":0},""V4_base_dryup"":{""value"":1.2352218927332235,""score"":26.47781072667766},""V5_bo_expansion"":{""value"":0.300063146426982,""score"":0},""_score"":5.3},""readiness"":{""_distance_atr"":2.454,""BR1_atr_distance"":{""score"":0},""BR2_compression"":{""score"":14.72446428451137},""BR3_retest"":{""score"":50.0},""BR4_bo_age"":{""score"":50.0},""_score"":21.18},""risk"":{""R1_stop_clarity"":{""score"":44.350931506682414},""R2_stop_distance_pct"":{""value"":4.730123927550043,""score"":100.0},""R3_stop_distance_atr"":{""value"":0.9071723272126707,""score"":70.35861636063355},""R4_rr_potential"":{""value"":6.10250105806244,""score"":100.0},""_score"":76.08},""market"":{""M1_spy_regime"":{""score"":100.0},""M3_earnings_risk"":{""value"":null,""score"":80.0},""M4_vix"":{""value"":null,""score"":60.0},""_score"":84.0},""liquidity"":{""L1_price"":{""value"":157.35,""score"":100.0},""L2_dollar_vol"":{""value"":501369295.6916643,""score"":100.0},""L3_spread_proxy"":{""value"":0.037988560533841705,""score"":62.01143946615829},""L4_volume_zscore"":{""value"":-2.1311660219467248,""score"":100.0},""_score"":96.2},""pattern_structure"":{""left_low"":153.57,""left_idx"":29,""right_low"":152.19,""right_idx"":76,""separation_bars"":47,""structural_low"":152.19,""current_price"":157.42,""neckline_distance_pct"":0.12742980561555078,""base_bars"":47},""pattern_geometry_features"":{""low_similarity_pct"":0.00902668759811614,""bounce_pct"":0.16617386162034295,""right_bottom_reaction"":0.7568710359407971,""atr_pct"":0.05214140451223385},""_schema_version"":""1.0""}",,,,,,,,,,
20260608T171746Z-5e850b,2026-06-08T17:17:46.036346+00:00,ADI,double_bottom,forming,55.94,74.6,69.8,38.2,45.2,17.4,17.5,71.8,84.0,98.0,11.19,17.45,3.06,6.32,2.27,1.4,4.31,5.04,4.9,False,,409.3763,439.0,397.4475,474.5,"{""trend"":{""T1_ema_stack"":{""value"":[false,true,true],""score"":66.66666666666666},""T2_ema50_slope"":{""value"":0.35783243562649675,""score"":100},""T3_high_proximity"":{""value"":0.9353538053784815,""score"":67.6769026892407},""T4_rs_1m"":{""value"":-0.01113553263196132,""score"":38.86446736803868},""T5_rs_3m"":{""value"":0.187592733963166,""score"":100},""T6_adr_healthy"":{""value"":3.516241564465846,""score"":100.0},""_score"":74.59},""geometry"":{""sub_low_similarity"":78.9,""sub_bounce_quality"":82.8,""sub_separation_fit"":0.0,""sub_right_bottom_reaction"":63.9,""sub_base_context"":100.0,""_score"":69.81},""compression"":{""VC1_atr_ratio"":{""value"":0.8095351704285968,""score"":47.616207392850804},""VC2_range_contraction"":{""value"":1.304525790309593,""score"":0},""VC3_range_pct_rank"":{""score"":76.66666666666666},""_score"":38.21},""sr_quality"":{""SR1_touches"":{""value"":3,""score"":50.0},""SR2_tightness"":{""value"":2.56490848872928,""score"":73.93101830033038},""SR3_recency"":{""value"":227,""score"":0.0},""SR4_price_location"":{""score"":16.27865284974101},""SR5_reaction"":{""value"":2.171476278630802,""score"":100},""_score"":45.16,""_levels_found"":6,""_target_level"":436.3067},""volume"":{""V1_rvol_day"":{""value"":0.29634469024599536,""score"":0},""V2_rvol_sameslot"":{""value"":0.8319806500049368,""score"":22.132043333662455,""status"":""ok""},""V3_breakout_bar"":{""value"":0.5929444029380911,""score"":6.196293529206076},""V4_base_dryup"":{""value"":0.9269629628193807,""score"":57.303703718061925},""V5_bo_expansion"":{""value"":0.29634469024599536,""score"":0},""_score"":17.44},""readiness"":{""_distance_atr"":1.505,""BR1_atr_distance"":{""score"":0},""BR2_compression"":{""score"":0},""BR3_retest"":{""score"":50.0},""BR4_bo_age"":{""score"":50.0},""_score"":17.5},""risk"":{""R1_stop_clarity"":{""score"":38.484155504736925},""R2_stop_distance_pct"":{""value"":2.9138960902231084,""score"":100.0},""R3_stop_distance_atr"":{""value"":0.6062042179389463,""score"":55.31021089694732},""R4_rr_potential"":{""value"":5.459367245657556,""score"":100.0},""_score"":71.77},""market"":{""M1_spy_regime"":{""score"":100.0},""M3_earnings_risk"":{""value"":null,""score"":80.0},""M4_vix"":{""value"":null,""score"":60.0},""_score"":84.0},""liquidity"":{""L1_price"":{""value"":409.3763,""score"":100.0},""L2_dollar_vol"":{""value"":602096492.7267451,""score"":100.0},""L3_spread_proxy"":{""value"":0.019541922676031807,""score"":80.4580773239682},""L4_volume_zscore"":{""value"":-1.8603557652440583,""score"":100.0},""_score"":98.05},""pattern_structure"":{""left_low"":407.78,""left_idx"":29,""right_low"":403.5,""right_idx"":76,""separation_bars"":47,""structural_low"":403.5,""current_price"":410.75,""neckline_distance_pct"":0.06877662811929397,""base_bars"":47},""pattern_geometry_features"":{""low_similarity_pct"":0.010551227689576897,""bounce_pct"":0.08798017348203221,""right_bottom_reaction"":0.6394230769230774,""atr_pct"":0.04806789533946432},""_schema_version"":""1.0""}",,,,,,,,,,
20260608T171746Z-5e850b,2026-06-08T17:17:46.036346+00:00,MU,double_bottom,forming,55.56,90.9,66.0,15.1,54.9,18.0,17.5,70.9,84.0,70.1,13.63,16.49,1.21,7.69,2.34,1.4,4.25,5.04,3.5,False,,948.6,1088.71,853.4729,1310.95,"{""trend"":{""T1_ema_stack"":{""value"":[true,true,true],""score"":100.0},""T2_ema50_slope"":{""value"":1.1809823127583952,""score"":100},""T3_high_proximity"":{""value"":0.8786831794140261,""score"":39.341589707013014},""T4_rs_1m"":{""value"":0.4537587607247462,""score"":100},""T5_rs_3m"":{""value"":1.3436874247995967,""score"":100},""T6_adr_healthy"":{""value"":6.55686754559115,""score"":100.0},""_score"":90.9},""geometry"":{""sub_low_similarity"":50.6,""sub_bounce_quality"":100,""sub_separation_fit"":0.0,""sub_right_bottom_reaction"":71.9,""sub_base_context"":100.0,""_score"":65.97},""compression"":{""VC1_atr_ratio"":{""value"":1.1256518642146693,""score"":0},""VC2_range_contraction"":{""value"":0.9731355603029136,""score"":4.477406616181067},""VC3_range_pct_rank"":{""score"":54.16666666666667},""_score"":15.11},""sr_quality"":{""SR1_touches"":{""value"":5,""score"":100},""SR2_tightness"":{""value"":13.824114857798305,""score"":62.69257746620865},""SR3_recency"":{""value"":258,""score"":0.0},""SR4_price_location"":{""score"":30.0},""SR5_reaction"":{""value"":1.0671224034573696,""score"":53.35612017286848},""_score"":54.91,""_levels_found"":2,""_target_level"":447.68},""volume"":{""V1_rvol_day"":{""value"":0.6513036442624811,""score"":10.08690961749874},""V2_rvol_sameslot"":{""value"":1.012488803997386,""score"":34.16592026649241,""status"":""ok""},""V3_breakout_bar"":{""value"":0.6191878247401171,""score"":7.945854982674476},""V4_base_dryup"":{""value"":1.140827927251676,""score"":35.91720727483241},""V5_bo_expansion"":{""value"":0.651303644262481,""score"":0},""_score"":18.02},""readiness"":{""_distance_atr"":1.891,""BR1_atr_distance"":{""score"":0},""BR2_compression"":{""score"":0},""BR3_retest"":{""score"":50.0},""BR4_bo_age"":{""score"":50.0},""_score"":17.5},""risk"":{""R1_stop_clarity"":{""score"":64.92459437507591},""R2_stop_distance_pct"":{""value"":10.028152013493575,""score"":49.296199662660634},""R3_stop_distance_atr"":{""value"":1.2836066125206955,""score"":89.18033062603477},""R4_rr_potential"":{""value"":3.809116334418021,""score"":100.0},""_score"":70.89},""market"":{""M1_spy_regime"":{""score"":100.0},""M3_earnings_risk"":{""value"":null,""score"":80.0},""M4_vix"":{""value"":null,""score"":60.0},""_score"":84.0},""liquidity"":{""L1_price"":{""value"":948.6,""score"":0.0},""L2_dollar_vol"":{""value"":33999788664.068687,""score"":100.0},""L3_spread_proxy"":{""value"":0.04896689858739199,""score"":51.03310141260801},""L4_volume_zscore"":{""value"":-1.4184719313779333,""score"":100.0},""_score"":70.1},""pattern_structure"":{""left_low"":888.15,""left_idx"":30,""right_low"":866.47,""right_idx"":76,""separation_bars"":46,""structural_low"":866.47,""current_price"":952.85,""neckline_distance_pct"":0.14258277798184396,""base_bars"":46},""pattern_geometry_features"":{""low_similarity_pct"":0.024711903432082103,""bounce_pct"":0.2564889724976052,""right_bottom_reaction"":0.7191977077363886,""atr_pct"":0.0781248079877112},""_schema_version"":""1.0""}",,,,,,,,,,
20260608T171746Z-5e850b,2026-06-08T17:17:46.036346+00:00,ASML,cup_with_handle,setup,55.45,99.6,60.2,40.8,40.1,33.1,25.4,24.5,84.0,72.1,13.94,18.07,3.26,4.81,4.31,2.03,1.23,4.2,3.61,False,,1747.49,1603.49,1419.6909,1902.6,"{""trend"":{""T1_ema_stack"":{""value"":[true,true,true],""score"":100.0},""T2_ema50_slope"":{""value"":0.31401569337982893,""score"":100},""T3_high_proximity"":{""value"":0.9943213824418056,""score"":97.16069122090276},""T4_rs_1m"":{""value"":0.13901022114697947,""score"":100},""T5_rs_3m"":{""value"":0.19449269615370057,""score"":100},""T6_adr_healthy"":{""value"":3.5317624063127786,""score"":100.0},""_score"":99.57},""geometry"":{""sub_cup_depth"":100.0,""sub_cup_duration"":100.0,""sub_rim_symmetry"":27.3,""sub_handle_shallowness"":15.7,""sub_handle_proportion"":40.9,""sub_u_shape"":83.6,""_score"":60.23},""compression"":{""VC1_atr_ratio"":{""value"":0.7173531351268866,""score"":70.66171621827834},""VC2_range_contraction"":{""value"":1.0974432528961777,""score"":0},""VC3_range_pct_rank"":{""score"":50.0},""_score"":40.76},""sr_quality"":{""SR1_touches"":{""value"":2,""score"":25.0},""SR2_tightness"":{""value"":11.745000000000005,""score"":67.19877149494845},""SR3_recency"":{""value"":231,""score"":0.0},""SR4_price_location"":{""score"":30.0},""SR5_reaction"":{""value"":2.5237284761263004,""score"":100},""_score"":40.08,""_levels_found"":5,""_target_level"":1591.745},""volume"":{""V1_rvol_day"":{""value"":0.8162829370510155,""score"":21.08552913673437},""V2_rvol_sameslot"":{""value"":1.3816544813859584,""score"":58.77696542573055,""status"":""ok""},""V3_breakout_bar"":{""value"":0.7813257160254478,""score"":18.75504773502985},""V4_base_dryup"":{""value"":0.8768182477532466,""score"":62.31817522467534},""V5_bo_expansion"":{""value"":0.8162829370510155,""score"":0},""_score"":33.12},""readiness"":{""_distance_atr"":-2.011,""BR1_atr_distance"":{""score"":19.783934399936804},""BR2_compression"":{""score"":0},""BR3_retest"":{""score"":50.0},""BR4_bo_age"":{""score"":50.0},""_score"":25.41},""risk"":{""R1_stop_clarity"":{""score"":39.62099829201423},""R2_stop_distance_pct"":{""value"":18.758279532357836,""score"":0.0},""R3_stop_distance_atr"":{""value"":4.577357104299648,""score"":71.13214478501759},""R4_rr_potential"":{""value"":0.4731862271758387,""score"":0.0},""_score"":24.54},""market"":{""M1_spy_regime"":{""score"":100.0},""M3_earnings_risk"":{""value"":null,""score"":80.0},""M4_vix"":{""value"":null,""score"":60.0},""_score"":84.0},""liquidity"":{""L1_price"":{""value"":1747.49,""score"":0.0},""L2_dollar_vol"":{""value"":2319318130.9822316,""score"":100.0},""L3_spread_proxy"":{""value"":0.02888142421415861,""score"":71.11857578584139},""L4_volume_zscore"":{""value"":-0.694488927661275,""score"":100.0},""_score"":72.11},""pattern_structure"":{""left_rim"":1547.22,""left_rim_idx"":108,""cup_bottom"":1248.11,""cup_bottom_idx"":131,""right_rim"":1603.49,""right_rim_idx"":163,""handle_low"":1441.3106,""handle_bars"":16,""cup_bars"":55,""structural_low"":1441.3106,""current_price"":1747.49,""neckline_distance_pct"":-0.08240390502949946,""base_bars"":71},""pattern_geometry_features"":{""cup_depth_pct"":0.19332092397978318,""rim_symmetry_pct"":0.03636845438916249,""handle_depth_pct"":0.10114151008113552,""handle_to_cup_ratio"":0.2909090909090909,""cup_duration_bars"":55.0,""atr_pct"":0.04098059011986988,""u_shape_score"":0.41818181818181815},""_schema_version"":""1.0""}",,,,,,,,,,
20260608T171746Z-5e850b,2026-06-08T17:17:46.036346+00:00,CRM,breakout_retest_hold,forming,55.43,21.6,72.2,34.6,59.2,15.2,79.8,53.5,84.0,98.2,3.03,15.88,2.08,8.29,1.97,14.37,2.67,4.2,2.95,False,,182.45,182.48,179.8929,184.02,"{""trend"":{""T1_ema_stack"":{""value"":[false,false,false],""score"":0.0},""T2_ema50_slope"":{""value"":-0.05481783054371141,""score"":40.86369490938143},""T3_high_proximity"":{""value"":0.8704675572519084,""score"":35.23377862595417},""T4_rs_1m"":{""value"":-0.03410745403441395,""score"":15.892545965586045},""T5_rs_3m"":{""value"":-0.17506591526678983,""score"":0},""T6_adr_healthy"":{""value"":4.231233305679653,""score"":100.0},""_score"":21.64},""geometry"":{""sub_retest_depth"":100.0,""sub_retest_timing"":0.0,""sub_retest_freshness"":100.0,""sub_hold_quality"":73.9,""_score"":72.17},""compression"":{""VC1_atr_ratio"":{""value"":0.8728762497397808,""score"":31.78093756505479},""VC2_range_contraction"":{""value"":1.3718177728018428,""score"":0},""VC3_range_pct_rank"":{""score"":87.5},""_score"":34.59},""sr_quality"":{""SR1_touches"":{""value"":6,""score"":100},""SR2_tightness"":{""value"":1.8647289049319995,""score"":62.72232998740144},""SR3_recency"":{""value"":237,""score"":0.0},""SR4_price_location"":{""score"":27.695807399449972},""SR5_reaction"":{""value"":1.721136008548503,""score"":86.05680042742515},""_score"":59.24,""_levels_found"":6,""_target_level"":190.0783},""volume"":{""V1_rvol_day"":{""value"":0.36044919558333766,""score"":0},""V2_rvol_sameslot"":{""value"":0.7180754650224667,""score"":14.538364334831112,""status"":""ok""},""V3_breakout_bar"":{""value"":0.6329330194551159,""score"":8.862201297007728},""V4_base_dryup"":{""value"":0.9986316755158434,""score"":50.13683244841566},""V5_bo_expansion"":{""value"":0.36044919558333766,""score"":0},""_score"":15.15},""readiness"":{""_distance_atr"":0.003,""BR1_atr_distance"":{""score"":99.80009067315895},""BR2_compression"":{""score"":64.69599637937785},""BR3_retest"":{""score"":96.15174545831007},""BR4_bo_age"":{""score"":30.0},""_score"":79.82},""risk"":{""R1_stop_clarity"":{""score"":63.67447621971441},""R2_stop_distance_pct"":{""value"":1.4015346670320588,""score"":85.03836667580147},""R3_stop_distance_atr"":{""value"":0.2555940698326108,""score"":37.779703491630535},""R4_rr_potential"":{""value"":0.6139767705603888,""score"":0.0},""_score"":53.46},""market"":{""M1_spy_regime"":{""score"":100.0},""M3_earnings_risk"":{""value"":null,""score"":80.0},""M4_vix"":{""value"":null,""score"":60.0},""_score"":84.0},""liquidity"":{""L1_price"":{""value"":182.45,""score"":100.0},""L2_dollar_vol"":{""value"":1003270588.1107199,""score"":100.0},""L3_spread_proxy"":{""value"":0.018141956700465894,""score"":81.8580432995341},""L4_volume_zscore"":{""value"":-1.4762850290629317,""score"":100.0},""_score"":98.19},""pattern_structure"":{""level"":182.48,""level_idx"":35,""breakout_idx"":41,""bo_peak_idx"":52,""bo_peak_price"":211.34,""retest_idx"":77,""retest_low"":181.71,""structural_low"":181.71,""current_price"":182.46,""neckline_distance_pct"":0.0001096130658773529,""base_bars"":44,""bars_since_breakout"":38},""pattern_geometry_features"":{""retest_depth_atr"":0.34119430667606976,""bars_breakout_to_retest"":36.0,""bars_since_retest"":2.0,""current_above_level_atr"":-0.008862189783786169,""bo_peak_excess_pct"":0.1581543182814556,""atr_pct"":0.054834396899346195},""_schema_version"":""1.0""}",,,,,,,,,,
20260608T171746Z-5e850b,2026-06-08T17:17:46.036346+00:00,BELFB,double_bottom,absent,55.22,71.3,49.1,55.7,60.5,23.7,30.3,72.3,84.0,89.2,10.69,12.27,4.46,8.46,3.08,2.42,4.34,5.04,4.46,False,,273.31,287.38,255.2825,315.59,"{""trend"":{""T1_ema_stack"":{""value"":[true,true,true],""score"":100.0},""T2_ema50_slope"":{""value"":0.25712206535927085,""score"":92.85367755987848},""T3_high_proximity"":{""value"":0.902817692333102,""score"":51.408846166551},""T4_rs_1m"":{""value"":-0.07227591023684632,""score"":0},""T5_rs_3m"":{""value"":0.33203101862866635,""score"":100},""T6_adr_healthy"":{""value"":5.077300454926631,""score"":100.0},""_score"":71.28},""geometry"":{""sub_low_similarity"":20.4,""sub_bounce_quality"":100,""sub_separation_fit"":0.0,""sub_right_bottom_reaction"":19.8,""sub_base_context"":100.0,""_score"":49.09},""compression"":{""VC1_atr_ratio"":{""value"":0.4370895418037484,""score"":100},""VC2_range_contraction"":{""value"":0.8702769870015448,""score"":21.620502166409207},""VC3_range_pct_rank"":{""score"":32.49999999999999},""_score"":55.69},""sr_quality"":{""SR1_touches"":{""value"":3,""score"":50.0},""SR2_tightness"":{""value"":2.0485509518247844,""score"":70.28618653836105},""SR3_recency"":{""value"":227,""score"":0.0},""SR4_price_location"":{""score"":79.62075733639716},""SR5_reaction"":{""value"":2.3925588324882563,""score"":100},""_score"":60.45,""_levels_found"":6,""_target_level"":280.405},""volume"":{""V1_rvol_day"":{""value"":0.5725399732343885,""score"":4.835998215625903},""V2_rvol_sameslot"":{""value"":1.0653878762829971,""score"":37.69252508553314,""status"":""ok""},""V3_breakout_bar"":{""value"":1.2977485742802408,""score"":53.18323828534939},""V4_base_dryup"":{""value"":1.406525717787841,""score"":9.347428221215907},""V5_bo_expansion"":{""value"":0.5725399732343885,""score"":0},""_score"":23.67},""readiness"":{""_distance_atr"":1.02,""BR1_atr_distance"":{""score"":31.972507195414863},""BR2_compression"":{""score"":0},""BR3_retest"":{""score"":50.0},""BR4_bo_age"":{""score"":50.0},""_score"":30.29},""risk"":{""R1_stop_clarity"":{""score"":43.61188067111611},""R2_stop_distance_pct"":{""value"":6.596008195821591,""score"":100.0},""R3_stop_distance_atr"":{""value"":1.3074296672807024,""score"":90.37148336403511},""R4_rr_potential"":{""value"":2.3452992780494295,""score"":67.26496390247148},""_score"":72.27},""market"":{""M1_spy_regime"":{""score"":100.0},""M3_earnings_risk"":{""value"":null,""score"":80.0},""M4_vix"":{""value"":null,""score"":60.0},""_score"":84.0},""liquidity"":{""L1_price"":{""value"":273.31,""score"":100.0},""L2_dollar_vol"":{""value"":53839542.19926629,""score"":86.55506792002919},""L3_spread_proxy"":{""value"":0.053748490724817966,""score"":46.25150927518204},""L4_volume_zscore"":{""value"":-0.7046957836204417,""score"":100.0},""_score"":89.25},""pattern_structure"":{""left_low"":269.7,""left_idx"":30,""right_low"":259.17,""right_idx"":76,""separation_bars"":46,""structural_low"":259.17,""current_price"":274.61,""neckline_distance_pct"":0.0465023123702705,""base_bars"":46},""pattern_geometry_features"":{""low_similarity_pct"":0.039820749900731645,""bounce_pct"":0.10884747463055129,""right_bottom_reaction"":0.19784946236558357,""atr_pct"":0.05045019522572484},""_schema_version"":""1.0""}",,,,,,,,,,
20260608T171746Z-5e850b,2026-06-08T17:17:46.036346+00:00,LRCX,vcp,absent,55.11,96.4,41.6,30.4,40.6,42.4,48.2,60.8,84.0,95.2,14.46,10.4,3.65,4.87,5.51,3.37,3.04,5.04,4.76,False,,327.33,333.33,302.4295,267.665,"{""trend"":{""T1_ema_stack"":{""value"":[true,true,true],""score"":100.0},""T2_ema50_slope"":{""value"":0.5354628281430505,""score"":100},""T3_high_proximity"":{""value"":0.9523435454307411,""score"":76.17177271537051},""T4_rs_1m"":{""value"":0.12920170234894268,""score"":100},""T5_rs_3m"":{""value"":0.4573563369199152,""score"":100},""T6_adr_healthy"":{""value"":4.49873976237221,""score"":100.0},""_score"":96.43},""geometry"":{""sub_contraction_count"":100.0,""sub_reduction_rate"":5.0,""sub_pivot_tightness"":30.1,""sub_volume_dryup"":5.7,""sub_base_depth"":0.0,""sub_base_duration"":100.0,""_score"":41.62},""compression"":{""VC1_atr_ratio"":{""value"":0.7691591037842817,""score"":57.71022405392958},""VC2_range_contraction"":{""value"":1.0931882833630429,""score"":0},""VC3_range_pct_rank"":{""score"":29.166666666666664},""_score"":30.38},""sr_quality"":{""SR1_touches"":{""value"":2,""score"":25.0},""SR2_tightness"":{""value"":2.5175000000000125,""score"":70.6002446573482},""SR3_recency"":{""value"":229,""score"":0.0},""SR4_price_location"":{""score"":30.0},""SR5_reaction"":{""value"":2.261036794947028,""score"":100},""_score"":40.59,""_levels_found"":7,""_target_level"":304.5175},""volume"":{""V1_rvol_day"":{""value"":0.5399478534419236,""score"":2.663190229461576},""V2_rvol_sameslot"":{""value"":1.7814998357321594,""score"":85.43332238214396,""status"":""ok""},""V3_breakout_bar"":{""value"":1.1456027311887123,""score"":43.04018207924749},""V4_base_dryup"":{""value"":0.8005389732917751,""score"":69.94610267082248},""V5_bo_expansion"":{""value"":0.5399478534419236,""score"":0},""_score"":42.37},""readiness"":{""_distance_atr"":0.35,""BR1_atr_distance"":{""score"":76.64368989660247},""BR2_compression"":{""score"":0},""BR3_retest"":{""score"":50.0},""BR4_bo_age"":{""score"":50.0},""_score"":48.16},""risk"":{""R1_stop_clarity"":{""score"":46.215964955525024},""R2_stop_distance_pct"":{""value"":7.60716249656309,""score"":100.0},""R3_stop_distance_atr"":{""value"":1.4539609590935052,""score"":97.69804795467526},""R4_rr_potential"":{""value"":-2.39613421805364,""score"":0.0},""_score"":60.83},""market"":{""M1_spy_regime"":{""score"":100.0},""M3_earnings_risk"":{""value"":null,""score"":80.0},""M4_vix"":{""value"":null,""score"":60.0},""_score"":84.0},""liquidity"":{""L1_price"":{""value"":327.33,""score"":100.0},""L2_dollar_vol"":{""value"":1547771433.7090924,""score"":100.0},""L3_spread_proxy"":{""value"":0.04790272813368774,""score"":52.09727186631226},""L4_volume_zscore"":{""value"":-2.449889534988484,""score"":100.0},""_score"":95.21},""pattern_structure"":{""n_contractions"":5,""contractions_pct"":[17.72,6.59,12.41,12.68,7.89],""descending_strict"":false,""final_low"":307.035,""final_pivot"":333.33,""structural_low"":307.035,""dry_up_ratio"":0.9713382835313015,""current_price"":327.33,""neckline_distance_pct"":0.018330125561360096,""base_bars"":47},""pattern_geometry_features"":{""contraction_count"":5.0,""first_contraction_pct"":0.1771968347350541,""last_contraction_pct"":0.07888578885788845,""dry_up_ratio"":0.9713382835313015,""near_monotone"":0.0,""base_depth_pct"":-0.2720512076894395},""_schema_version"":""1.0""}",,,,,,,,,,
20260608T171746Z-5e850b,2026-06-08T17:17:46.036346+00:00,ETN,double_bottom,forming,55.0,63.2,70.1,67.8,57.1,17.4,17.5,67.1,84.0,98.0,9.48,17.53,5.42,8.0,2.26,1.4,4.03,5.04,4.9,True,risk_unclear,402.715,426.585,387.2724,460.0,"{""trend"":{""T1_ema_stack"":{""value"":[false,true,true],""score"":66.66666666666666},""T2_ema50_slope"":{""value"":0.0516622491491005,""score"":58.61037485818342},""T3_high_proximity"":{""value"":0.9300362578231449,""score"":65.01812891157243},""T4_rs_1m"":{""value"":-0.0043001562442226415,""score"":45.69984375577736},""T5_rs_3m"":{""value"":0.04516229366753155,""score"":72.58114683376577},""T6_adr_healthy"":{""value"":3.1915325413493103,""score"":100.0},""_score"":63.17},""geometry"":{""sub_low_similarity"":89.2,""sub_bounce_quality"":78.6,""sub_separation_fit"":0.0,""sub_right_bottom_reaction"":50.9,""sub_base_context"":100.0,""_score"":70.12},""compression"":{""VC1_atr_ratio"":{""value"":0.4947637965048378,""score"":100},""VC2_range_contraction"":{""value"":0.8559065855411878,""score"":24.015569076468697},""VC3_range_pct_rank"":{""score"":77.5},""_score"":67.78},""sr_quality"":{""SR1_touches"":{""value"":3,""score"":50.0},""SR2_tightness"":{""value"":3.522625283632777,""score"":48.71449818548551},""SR3_recency"":{""value"":233,""score"":0.0},""SR4_price_location"":{""score"":79.22856631465893},""SR5_reaction"":{""value"":2.2532303396102944,""score"":100},""_score"":57.11,""_levels_found"":8,""_target_level"":406.5833},""volume"":{""V1_rvol_day"":{""value"":0.31076249692233454,""score"":0},""V2_rvol_sameslot"":{""value"":0.7065357820719538,""score"":13.769052138130252,""status"":""ok""},""V3_breakout_bar"":{""value"":0.6080862034497452,""score"":7.2057468966496785},""V4_base_dryup"":{""value"":0.8575141548084889,""score"":64.24858451915111},""V5_bo_expansion"":{""value"":0.31076249692233454,""score"":0},""_score"":17.4},""readiness"":{""_distance_atr"":1.738,""BR1_atr_distance"":{""score"":0},""BR2_compression"":{""score"":0},""BR3_retest"":{""score"":50.0},""BR4_bo_age"":{""score"":50.0},""_score"":17.5},""risk"":{""R1_stop_clarity"":{""score"":14.138238707503263},""R2_stop_distance_pct"":{""value"":3.834610084054476,""score"":100.0},""R3_stop_distance_atr"":{""value"":1.1241316664101524,""score"":81.20658332050762},""R4_rr_potential"":{""value"":3.709555740470326,""score"":100.0},""_score"":67.13},""market"":{""M1_spy_regime"":{""score"":100.0},""M3_earnings_risk"":{""value"":null,""score"":80.0},""M4_vix"":{""value"":null,""score"":60.0},""_score"":84.0},""liquidity"":{""L1_price"":{""value"":402.715,""score"":100.0},""L2_dollar_vol"":{""value"":313896310.02505356,""score"":100.0},""L3_spread_proxy"":{""value"":0.019952075288975996,""score"":80.04792471102401},""L4_volume_zscore"":{""value"":-2.681991162989492,""score"":100.0},""_score"":98.0},""pattern_structure"":{""left_low"":395.3,""left_idx"":29,""right_low"":393.17,""right_idx"":76,""separation_bars"":47,""structural_low"":393.17,""current_price"":404.77,""neckline_distance_pct"":0.05389480445685203,""base_bars"":47},""pattern_geometry_features"":{""low_similarity_pct"":0.00540286884726114,""bounce_pct"":0.08498868174072274,""right_bottom_reaction"":0.5086206896551728,""atr_pct"":0.03411175219625363},""_schema_version"":""1.0""}",,,,,,,,,,
20260608T171746Z-5e850b,2026-06-08T17:17:46.036346+00:00,MMM,double_bottom,forming,55.0,70.4,52.1,65.7,61.7,19.6,43.6,47.1,84.0,97.9,10.55,13.04,5.26,8.64,2.54,3.49,2.83,5.04,4.89,True,risk_unclear,154.99,156.69,149.7692,161.33,"{""trend"":{""T1_ema_stack"":{""value"":[true,true,false],""score"":66.66666666666666},""T2_ema50_slope"":{""value"":0.048522774994687184,""score"":58.0871291657812},""T3_high_proximity"":{""value"":0.9983252818035427,""score"":99.16264090177135},""T4_rs_1m"":{""value"":0.0649596687098919,""score"":100},""T5_rs_3m"":{""value"":-0.07070941831646915,""score"":14.645290841765423},""T6_adr_healthy"":{""value"":2.002548259031076,""score"":100.0},""_score"":70.36},""geometry"":{""sub_low_similarity"":93.0,""sub_bounce_quality"":0.7,""sub_separation_fit"":0.0,""sub_right_bottom_reaction"":27.4,""sub_base_context"":100.0,""_score"":52.15},""compression"":{""VC1_atr_ratio"":{""value"":0.3924321746914645,""score"":100},""VC2_range_contraction"":{""value"":0.7774051858994655,""score"":37.09913568342242},""VC3_range_pct_rank"":{""score"":50.83333333333333},""_score"":65.69},""sr_quality"":{""SR1_touches"":{""value"":4,""score"":75.0},""SR2_tightness"":{""value"":0.8708177460726212,""score"":46.59782980347041},""SR3_recency"":{""value"":232,""score"":0.0},""SR4_price_location"":{""score"":68.75465204589116},""SR5_reaction"":{""value"":2.6496254845704064,""score"":100},""_score"":61.68,""_levels_found"":4,""_target_level"":158.0859},""volume"":{""V1_rvol_day"":{""value"":0.2949506633131401,""score"":0},""V2_rvol_sameslot"":{""value"":0.7404595283761395,""score"":16.030635225075965,""status"":""ok""},""V3_breakout_bar"":{""value"":0.7285068682298973,""score"":15.233791215326487},""V4_base_dryup"":{""value"":0.8727756775577535,""score"":62.72243224422465},""V5_bo_expansion"":{""value"":0.2949506633131401,""score"":0},""_score"":19.56},""readiness"":{""_distance_atr"":0.521,""BR1_atr_distance"":{""score"":65.24964045058675},""BR2_compression"":{""score"":0},""BR3_retest"":{""score"":50.0},""BR4_bo_age"":{""score"":50.0},""_score"":43.6},""risk"":{""R1_stop_clarity"":{""score"":0},""R2_stop_distance_pct"":{""value"":3.3684431253629326,""score"":100.0},""R3_stop_distance_atr"":{""value"":1.6007906436847124,""score"":100.0},""R4_rr_potential"":{""value"":1.2143849063831755,""score"":10.719245319158777},""_score"":47.14},""market"":{""M1_spy_regime"":{""score"":100.0},""M3_earnings_risk"":{""value"":null,""score"":80.0},""M4_vix"":{""value"":null,""score"":60.0},""_score"":84.0},""liquidity"":{""L1_price"":{""value"":154.99,""score"":100.0},""L2_dollar_vol"":{""value"":171554889.82195786,""score"":100.0},""L3_spread_proxy"":{""value"":0.02109813536357191,""score"":78.90186463642809},""L4_volume_zscore"":{""value"":-1.54758587104183,""score"":100.0},""_score"":97.89},""pattern_structure"":{""left_low"":152.05,""left_idx"":23,""right_low"":152.5801,""right_idx"":69,""separation_bars"":46,""structural_low"":152.05,""current_price"":155.1405,""neckline_distance_pct"":0.009987720807912794,""base_bars"":46},""pattern_geometry_features"":{""low_similarity_pct"":0.0034802864194968,""bounce_pct"":0.03051627754028271,""right_bottom_reaction"":0.27372306226933546,""atr_pct"":0.021042371397232956},""_schema_version"":""1.0""}",,,,,,,,,,
20260608T171746Z-5e850b,2026-06-08T17:17:46.036346+00:00,MMM,vcp,forming,55.0,70.4,61.0,65.7,61.7,17.9,43.6,65.0,84.0,97.9,10.55,15.25,7.88,7.4,2.32,3.05,3.25,5.04,4.89,True,risk_unclear,154.99,156.69,146.172,185.702,"{""trend"":{""T1_ema_stack"":{""value"":[true,true,false],""score"":66.66666666666666},""T2_ema50_slope"":{""value"":0.048522774994687184,""score"":58.0871291657812},""T3_high_proximity"":{""value"":0.9983252818035427,""score"":99.16264090177135},""T4_rs_1m"":{""value"":0.0649596687098919,""score"":100},""T5_rs_3m"":{""value"":-0.07070941831646915,""score"":14.645290841765423},""T6_adr_healthy"":{""value"":2.002548259031076,""score"":100.0},""_score"":70.36},""geometry"":{""sub_contraction_count"":100.0,""sub_reduction_rate"":0,""sub_pivot_tightness"":67.3,""sub_volume_dryup"":39.4,""sub_base_depth"":100.0,""sub_base_duration"":100.0,""_score"":61.0},""compression"":{""VC1_atr_ratio"":{""value"":0.3924321746914645,""score"":100},""VC2_range_contraction"":{""value"":0.7774051858994655,""score"":37.09913568342242},""VC3_range_pct_rank"":{""score"":50.83333333333333},""_score"":65.69},""sr_quality"":{""SR1_touches"":{""value"":4,""score"":75.0},""SR2_tightness"":{""value"":0.8708177460726212,""score"":46.59782980347041},""SR3_recency"":{""value"":232,""score"":0.0},""SR4_price_location"":{""score"":68.75465204589116},""SR5_reaction"":{""value"":2.6496254845704064,""score"":100},""_score"":61.68,""_levels_found"":4,""_target_level"":158.0859},""volume"":{""V1_rvol_day"":{""value"":0.2949506633131401,""score"":0},""V2_rvol_sameslot"":{""value"":0.7404595283761395,""score"":16.030635225075965,""status"":""ok""},""V3_breakout_bar"":{""value"":0.7285068682298973,""score"":15.233791215326487},""V4_base_dryup"":{""value"":0.9574273853872285,""score"":54.25726146127715},""V5_bo_expansion"":{""value"":0.2949506633131401,""score"":0},""_score"":17.87},""readiness"":{""_distance_atr"":0.521,""BR1_atr_distance"":{""score"":65.24964045058675},""BR2_compression"":{""score"":0},""BR3_retest"":{""score"":50.0},""BR4_bo_age"":{""score"":50.0},""_score"":43.6},""risk"":{""R1_stop_clarity"":{""score"":0},""R2_stop_distance_pct"":{""value"":5.689379959997421,""score"":100.0},""R3_stop_distance_atr"":{""value"":2.703773188199485,""score"":100.0},""R4_rr_potential"":{""value"":3.482887784830293,""score"":100.0},""_score"":65.0},""market"":{""M1_spy_regime"":{""score"":100.0},""M3_earnings_risk"":{""value"":null,""score"":80.0},""M4_vix"":{""value"":null,""score"":60.0},""_score"":84.0},""liquidity"":{""L1_price"":{""value"":154.99,""score"":100.0},""L2_dollar_vol"":{""value"":171554889.82195786,""score"":100.0},""L3_spread_proxy"":{""value"":0.02109813536357191,""score"":78.90186463642809},""L4_volume_zscore"":{""value"":-1.54758587104183,""score"":100.0},""_score"":97.89},""pattern_structure"":{""n_contractions"":5,""contractions_pct"":[8.4,4.97,9.2,4.25,5.29],""descending_strict"":false,""final_low"":148.398,""final_pivot"":156.69,""structural_low"":148.398,""dry_up_ratio"":0.8028316285049538,""current_price"":154.99,""neckline_distance_pct"":0.010968449577392016,""base_bars"":74},""pattern_geometry_features"":{""contraction_count"":5.0,""first_contraction_pct"":0.08398624654754527,""last_contraction_pct"":0.05291977790541835,""dry_up_ratio"":0.8028316285049538,""near_monotone"":0.0,""base_depth_pct"":0.16353080435150216},""_schema_version"":""1.0""}",,,,,,,,,,
20260608T171746Z-5e850b,2026-06-08T17:17:46.036346+00:00,GD,cup_with_handle,forming,55.0,38.5,72.7,65.8,48.6,34.8,17.5,65.0,84.0,98.1,5.39,21.81,5.26,5.84,4.53,1.4,3.25,4.2,4.9,True,risk_unclear,341.0928,351.36,329.9947,400.98,"{""trend"":{""T1_ema_stack"":{""value"":[false,false,true],""score"":33.33333333333333},""T2_ema50_slope"":{""value"":-0.005632836943002797,""score"":49.061193842832864},""T3_high_proximity"":{""value"":0.9573459822055067,""score"":78.67299110275333},""T4_rs_1m"":{""value"":-0.03240347828803769,""score"":17.59652171196231},""T5_rs_3m"":{""value"":-0.1505712571450738,""score"":0},""T6_adr_healthy"":{""value"":1.6424004920075959,""score"":100.0},""_score"":38.47},""geometry"":{""sub_cup_depth"":59.2,""sub_cup_duration"":100.0,""sub_rim_symmetry"":71.8,""sub_handle_shallowness"":61.2,""sub_handle_proportion"":100.0,""sub_u_shape"":61.8,""_score"":72.71},""compression"":{""VC1_atr_ratio"":{""value"":0.5218666049069255,""score"":100},""VC2_range_contraction"":{""value"":0.7687886679789099,""score"":38.535222003515024},""VC3_range_pct_rank"":{""score"":49.16666666666667},""_score"":65.78},""sr_quality"":{""SR1_touches"":{""value"":2,""score"":25.0},""SR2_tightness"":{""value"":0.4900000000000091,""score"":82.88823047378379},""SR3_recency"":{""value"":277,""score"":0.0},""SR4_price_location"":{""score"":54.781781101291585},""SR5_reaction"":{""value"":2.5728680446970884,""score"":100},""_score"":48.63,""_levels_found"":7,""_target_level"":343.31},""volume"":{""V1_rvol_day"":{""value"":0.30149845763062333,""score"":0},""V2_rvol_sameslot"":{""value"":1.2250575646815078,""score"":48.33717097876719,""status"":""ok""},""V3_breakout_bar"":{""value"":0.9525450851185548,""score"":30.169672341236993},""V4_base_dryup"":{""value"":0.6186502988258239,""score"":88.13497011741761},""V5_bo_expansion"":{""value"":0.30149845763062333,""score"":0},""_score"":34.84},""readiness"":{""_distance_atr"":1.793,""BR1_atr_distance"":{""score"":0},""BR2_compression"":{""score"":0},""BR3_retest"":{""score"":50.0},""BR4_bo_age"":{""score"":50.0},""_score"":17.5},""risk"":{""R1_stop_clarity"":{""score"":0},""R2_stop_distance_pct"":{""value"":3.2536893185666904,""score"":100.0},""R3_stop_distance_atr"":{""value"":1.9378380548867065,""score"":100.0},""R4_rr_potential"":{""value"":5.396166911453291,""score"":100.0},""_score"":65.0},""market"":{""M1_spy_regime"":{""score"":100.0},""M3_earnings_risk"":{""value"":null,""score"":80.0},""M4_vix"":{""value"":null,""score"":60.0},""_score"":84.0},""liquidity"":{""L1_price"":{""value"":341.0928,""score"":100.0},""L2_dollar_vol"":{""value"":102041251.76616967,""score"":100.0},""L3_spread_proxy"":{""value"":0.019144350159252768,""score"":80.85564984074723},""L4_volume_zscore"":{""value"":-2.054929188602348,""score"":100.0},""_score"":98.09},""pattern_structure"":{""left_rim"":356.39,""left_rim_idx"":104,""cup_bottom"":306.77,""cup_bottom_idx"":151,""right_rim"":351.36,""right_rim_idx"":172,""handle_low"":335.02,""handle_bars"":7,""cup_bars"":68,""structural_low"":335.02,""current_price"":341.0928,""neckline_distance_pct"":0.030100899227424333,""base_bars"":75},""pattern_geometry_features"":{""cup_depth_pct"":0.13922949577709814,""rim_symmetry_pct"":0.014113751788770652,""handle_depth_pct"":0.046505009107468215,""handle_to_cup_ratio"":0.10294117647058823,""cup_duration_bars"":68.0,""atr_pct"":0.01679030562105931,""u_shape_score"":0.3088235294117647},""_schema_version"":""1.0""}",,,,,,,,,,
20260608T171746Z-5e850b,2026-06-08T17:17:46.036346+00:00,HEI,double_bottom,forming,55.0,74.2,72.5,39.3,40.4,39.1,17.5,52.6,84.0,95.0,11.13,18.13,3.14,5.66,5.08,1.4,3.15,5.04,4.75,True,risk_unclear,325.6,351.64,322.1541,376.22,"{""trend"":{""T1_ema_stack"":{""value"":[true,true,false],""score"":66.66666666666666},""T2_ema50_slope"":{""value"":0.2439453272096373,""score"":90.65755453493955},""T3_high_proximity"":{""value"":0.9351484864150728,""score"":67.57424320753636},""T4_rs_1m"":{""value"":0.11107775662725916,""score"":100},""T5_rs_3m"":{""value"":-0.04352768251888284,""score"":28.23615874055858},""T6_adr_healthy"":{""value"":2.7915926327394,""score"":100.0},""_score"":74.17},""geometry"":{""sub_low_similarity"":48.1,""sub_bounce_quality"":64.5,""sub_separation_fit"":93.3,""sub_right_bottom_reaction"":74.7,""sub_base_context"":100.0,""_score"":72.53},""compression"":{""VC1_atr_ratio"":{""value"":0.7871299259810697,""score"":53.217518504732574},""VC2_range_contraction"":{""value"":0.8910634288952801,""score"":18.15609518411998},""VC3_range_pct_rank"":{""score"":46.666666666666664},""_score"":39.31},""sr_quality"":{""SR1_touches"":{""value"":2,""score"":25.0},""SR2_tightness"":{""value"":1.4778499999999894,""score"":72.89499609602233},""SR3_recency"":{""value"":310,""score"":0.0},""SR4_price_location"":{""score"":34.92955777078472},""SR5_reaction"":{""value"":1.7676117873930361,""score"":88.3805893696518},""_score"":40.42,""_levels_found"":6,""_target_level"":338.6302},""volume"":{""V1_rvol_day"":{""value"":0.29454305479679754,""score"":0},""V2_rvol_sameslot"":{""value"":1.4036531211092977,""score"":60.243541407286514,""status"":""ok""},""V3_breakout_bar"":{""value"":1.9554382784919029,""score"":97.02921856612686},""V4_base_dryup"":{""value"":1.3613158076959513,""score"":13.868419230404868},""V5_bo_expansion"":{""value"":0.29454305479679754,""score"":0},""_score"":39.08},""readiness"":{""_distance_atr"":2.388,""BR1_atr_distance"":{""score"":0},""BR2_compression"":{""score"":0},""BR3_retest"":{""score"":50.0},""BR4_bo_age"":{""score"":50.0},""_score"":17.5},""risk"":{""R1_stop_clarity"":{""score"":10.021694588404856},""R2_stop_distance_pct"":{""value"":1.0583230958231116,""score"":76.45807739557779},""R3_stop_distance_atr"":{""value"":0.3160034271161442,""score"":40.800171355807215},""R4_rr_potential"":{""value"":14.68992135581392,""score"":100.0},""_score"":52.57},""market"":{""M1_spy_regime"":{""score"":100.0},""M3_earnings_risk"":{""value"":null,""score"":80.0},""M4_vix"":{""value"":null,""score"":60.0},""_score"":84.0},""liquidity"":{""L1_price"":{""value"":325.6,""score"":100.0},""L2_dollar_vol"":{""value"":75363997.6195656,""score"":93.85819635898041},""L3_spread_proxy"":{""value"":0.02575245700245697,""score"":74.24754299754304},""L4_volume_zscore"":{""value"":-1.9155455206751983,""score"":100.0},""_score"":94.97},""pattern_structure"":{""left_low"":335.66,""left_idx"":40,""right_low"":327.06,""right_idx"":71,""separation_bars"":31,""structural_low"":327.06,""current_price"":327.7,""neckline_distance_pct"":0.07305462313091242,""base_bars"":31},""pattern_geometry_features"":{""low_similarity_pct"":0.025953645581844587,""bounce_pct"":0.07515440591940312,""right_bottom_reaction"":0.7472571138435711,""atr_pct"":0.033490873990873984},""_schema_version"":""1.0""}",,,,,,,,,,
20260608T171746Z-5e850b,2026-06-08T17:17:46.036346+00:00,TSM,double_bottom,forming,55.0,91.3,78.8,32.5,46.8,12.1,22.9,69.2,84.0,97.4,13.7,19.71,2.6,6.55,1.57,1.83,4.15,5.04,4.87,True,risk_unclear,428.68,450.1636,406.5982,487.5372,"{""trend"":{""T1_ema_stack"":{""value"":[true,true,true],""score"":100.0},""T2_ema50_slope"":{""value"":0.3046243794188498,""score"":100},""T3_high_proximity"":{""value"":0.959681210683024,""score"":79.84060534151199},""T4_rs_1m"":{""value"":0.02185227115912003,""score"":71.85227115912002},""T5_rs_3m"":{""value"":0.13649759573848597,""score"":100},""T6_adr_healthy"":{""value"":3.389412502637896,""score"":100.0},""_score"":91.35},""geometry"":{""sub_low_similarity"":90.7,""sub_bounce_quality"":86.5,""sub_separation_fit"":26.7,""sub_right_bottom_reaction"":68.9,""sub_base_context"":100.0,""_score"":78.85},""compression"":{""VC1_atr_ratio"":{""value"":0.8140770917822485,""score"":46.48072705443787},""VC2_range_contraction"":{""value"":1.1231545048562943,""score"":0},""VC3_range_pct_rank"":{""score"":55.833333333333336},""_score"":32.55},""sr_quality"":{""SR1_touches"":{""value"":3,""score"":50.0},""SR2_tightness"":{""value"":3.161079281230112,""score"":61.83843358414596},""SR3_recency"":{""value"":240,""score"":0.0},""SR4_price_location"":{""score"":30.0},""SR5_reaction"":{""value"":2.0239247549426467,""score"":100},""_score"":46.78,""_levels_found"":6,""_target_level"":418.8233},""volume"":{""V1_rvol_day"":{""value"":0.606514565081056,""score"":7.100971005403729},""V2_rvol_sameslot"":{""value"":0.612110574476239,""score"":7.47403829841593,""status"":""ok""},""V3_breakout_bar"":{""value"":0.37079592863106303,""score"":0},""V4_base_dryup"":{""value"":1.0431144641881975,""score"":45.688553581180244},""V5_bo_expansion"":{""value"":0.606514565081056,""score"":0},""_score"":12.05},""readiness"":{""_distance_atr"":1.297,""BR1_atr_distance"":{""score"":13.547688904889625},""BR2_compression"":{""score"":0},""BR3_retest"":{""score"":50.0},""BR4_bo_age"":{""score"":50.0},""_score"":22.92},""risk"":{""R1_stop_clarity"":{""score"":25.249994071627796},""R2_stop_distance_pct"":{""value"":5.151126714565637,""score"":100.0},""R3_stop_distance_atr"":{""value"":1.3328959991031977,""score"":91.64479995515988},""R4_rr_potential"":{""value"":2.6654107332492516,""score"":83.27053666246258},""_score"":69.24},""market"":{""M1_spy_regime"":{""score"":100.0},""M3_earnings_risk"":{""value"":null,""score"":80.0},""M4_vix"":{""value"":null,""score"":60.0},""_score"":84.0},""liquidity"":{""L1_price"":{""value"":428.68,""score"":100.0},""L2_dollar_vol"":{""value"":3257048893.473794,""score"":100.0},""L3_spread_proxy"":{""value"":0.026313333955398033,""score"":73.68666604460196},""L4_volume_zscore"":{""value"":-1.3142308950948556,""score"":100.0},""_score"":97.37},""pattern_structure"":{""left_low"":414.71,""left_idx"":35,""right_low"":412.79,""right_idx"":76,""separation_bars"":41,""structural_low"":412.79,""current_price"":428.83,""neckline_distance_pct"":0.049748385140964926,""base_bars"":41},""pattern_geometry_features"":{""low_similarity_pct"":0.004640483383685702,""bounce_pct"":0.09053901499551818,""right_bottom_reaction"":0.6894308943089379,""atr_pct"":0.03864612631466695},""_schema_version"":""1.0""}",,,,,,,,,,
20260608T171746Z-5e850b,2026-06-08T17:17:46.036346+00:00,TT,cup_with_handle,forming,55.0,50.9,76.5,69.6,57.4,14.6,45.6,62.9,84.0,98.2,7.12,22.94,5.57,6.89,1.9,3.65,3.15,4.2,4.91,True,risk_unclear,460.02,466.82,434.3404,531.66,"{""trend"":{""T1_ema_stack"":{""value"":[false,true,true],""score"":66.66666666666666},""T2_ema50_slope"":{""value"":-0.00831499583026279,""score"":48.61416736162287},""T3_high_proximity"":{""value"":0.9339749055914239,""score"":66.98745279571195},""T4_rs_1m"":{""value"":-0.03406984682969272,""score"":15.930153170307278},""T5_rs_3m"":{""value"":-0.0168487863110085,""score"":41.57560684449575},""T6_adr_healthy"":{""value"":2.1705562019635534,""score"":100.0},""_score"":50.86},""geometry"":{""sub_cup_depth"":58.6,""sub_cup_duration"":100.0,""sub_rim_symmetry"":95.0,""sub_handle_shallowness"":53.8,""sub_handle_proportion"":100.0,""sub_u_shape"":66.7,""_score"":76.48},""compression"":{""VC1_atr_ratio"":{""value"":0.3881848689208997,""score"":100},""VC2_range_contraction"":{""value"":0.7998752683326682,""score"":33.3541219445553},""VC3_range_pct_rank"":{""score"":71.66666666666667},""_score"":69.59},""sr_quality"":{""SR1_touches"":{""value"":4,""score"":75.0},""SR2_tightness"":{""value"":2.7808775031453687,""score"":49.57114669487588},""SR3_recency"":{""value"":227,""score"":0.0},""SR4_price_location"":{""score"":49.93855984271316},""SR5_reaction"":{""value"":2.957386903343245,""score"":100},""_score"":57.42,""_levels_found"":8,""_target_level"":467.6587},""volume"":{""V1_rvol_day"":{""value"":0.2704401434457126,""score"":0},""V2_rvol_sameslot"":{""value"":0.6612090311621452,""score"":10.747268744143017,""status"":""ok""},""V3_breakout_bar"":{""value"":0.6337202799931702,""score"":8.91468533287801},""V4_base_dryup"":{""value"":0.9880744552809861,""score"":51.19255447190139},""V5_bo_expansion"":{""value"":0.2704401434457126,""score"":0},""_score"":14.62},""readiness"":{""_distance_atr"":0.617,""BR1_atr_distance"":{""score"":58.895923788206886},""BR2_compression"":{""score"":18.068159416276337},""BR3_retest"":{""score"":50.0},""BR4_bo_age"":{""score"":50.0},""_score"":45.58},""risk"":{""R1_stop_clarity"":{""score"":0},""R2_stop_distance_pct"":{""value"":5.582283487674449,""score"":100.0},""R3_stop_distance_atr"":{""value"":2.328390613504242,""score"":100.0},""R4_rr_potential"":{""value"":2.7897608533584095,""score"":89.48804266792048},""_score"":62.9},""market"":{""M1_spy_regime"":{""score"":100.0},""M3_earnings_risk"":{""value"":null,""score"":80.0},""M4_vix"":{""value"":null,""score"":60.0},""_score"":84.0},""liquidity"":{""L1_price"":{""value"":460.02,""score"":100.0},""L2_dollar_vol"":{""value"":166080171.95234388,""score"":100.0},""L3_spread_proxy"":{""value"":0.018140515629755164,""score"":81.85948437024484},""L4_volume_zscore"":{""value"":-2.09882012395942,""score"":100.0},""_score"":98.19},""pattern_structure"":{""left_rim"":467.98,""left_rim_idx"":111,""cup_bottom"":403.14,""cup_bottom_idx"":131,""right_rim"":466.82,""right_rim_idx"":171,""handle_low"":440.9547,""handle_bars"":8,""cup_bars"":60,""structural_low"":440.9547,""current_price"":460.02,""neckline_distance_pct"":0.014781966001478223,""base_bars"":68},""pattern_geometry_features"":{""cup_depth_pct"":0.13855292961237667,""rim_symmetry_pct"":0.002478738407624311,""handle_depth_pct"":0.0554074375562315,""handle_to_cup_ratio"":0.13333333333333333,""cup_duration_bars"":60.0,""atr_pct"":0.023974858235977333,""u_shape_score"":0.3333333333333333},""_schema_version"":""1.0""}",,,,,,,,,,
20260608T171746Z-5e850b,2026-06-08T17:17:46.036346+00:00,ETN,cup_with_handle,forming,55.0,63.2,80.7,67.8,57.1,16.3,44.0,69.7,84.0,98.0,8.84,24.2,5.42,6.85,2.12,3.52,3.48,4.2,4.9,True,risk_unclear,402.715,409.65,383.165,479.85,"{""trend"":{""T1_ema_stack"":{""value"":[false,true,true],""score"":66.66666666666666},""T2_ema50_slope"":{""value"":0.0516622491491005,""score"":58.61037485818342},""T3_high_proximity"":{""value"":0.9300362578231449,""score"":65.01812891157243},""T4_rs_1m"":{""value"":-0.0043001562442226415,""score"":45.69984375577736},""T5_rs_3m"":{""value"":0.04516229366753155,""score"":72.58114683376577},""T6_adr_healthy"":{""value"":3.1915325413493103,""score"":100.0},""_score"":63.17},""geometry"":{""sub_cup_depth"":91.9,""sub_cup_duration"":100.0,""sub_rim_symmetry"":94.1,""sub_handle_shallowness"":58.0,""sub_handle_proportion"":100.0,""sub_u_shape"":45.7,""_score"":80.66},""compression"":{""VC1_atr_ratio"":{""value"":0.4947637965048378,""score"":100},""VC2_range_contraction"":{""value"":0.8559065855411878,""score"":24.015569076468697},""VC3_range_pct_rank"":{""score"":77.5},""_score"":67.78},""sr_quality"":{""SR1_touches"":{""value"":3,""score"":50.0},""SR2_tightness"":{""value"":3.522625283632777,""score"":48.71449818548551},""SR3_recency"":{""value"":233,""score"":0.0},""SR4_price_location"":{""score"":79.22856631465893},""SR5_reaction"":{""value"":2.2532303396102944,""score"":100},""_score"":57.11,""_levels_found"":8,""_target_level"":406.5833},""volume"":{""V1_rvol_day"":{""value"":0.31076249692233454,""score"":0},""V2_rvol_sameslot"":{""value"":0.7065357820719538,""score"":13.769052138130252,""status"":""ok""},""V3_breakout_bar"":{""value"":0.6080862034497452,""score"":7.2057468966496785},""V4_base_dryup"":{""value"":0.9132922758194207,""score"":58.67077241805793},""V5_bo_expansion"":{""value"":0.31076249692233454,""score"":0},""_score"":16.29},""readiness"":{""_distance_atr"":0.505,""BR1_atr_distance"":{""score"":66.34470729011976},""BR2_compression"":{""score"":0},""BR3_retest"":{""score"":50.0},""BR4_bo_age"":{""score"":50.0},""_score"":44.04},""risk"":{""R1_stop_clarity"":{""score"":15.04889706035307},""R2_stop_distance_pct"":{""value"":4.854549743615201,""score"":100.0},""R3_stop_distance_atr"":{""value"":1.4231311589289626,""score"":96.15655794644813},""R4_rr_potential"":{""value"":3.9455242966752007,""score"":100.0},""_score"":69.69},""market"":{""M1_spy_regime"":{""score"":100.0},""M3_earnings_risk"":{""value"":null,""score"":80.0},""M4_vix"":{""value"":null,""score"":60.0},""_score"":84.0},""liquidity"":{""L1_price"":{""value"":402.715,""score"":100.0},""L2_dollar_vol"":{""value"":313896310.02505356,""score"":100.0},""L3_spread_proxy"":{""value"":0.019952075288975996,""score"":80.04792471102401},""L4_volume_zscore"":{""value"":-2.681991162989492,""score"":100.0},""_score"":98.0},""pattern_structure"":{""left_rim"":408.45,""left_rim_idx"":100,""cup_bottom"":338.25,""cup_bottom_idx"":116,""right_rim"":409.65,""right_rim_idx"":170,""handle_low"":389.0,""handle_bars"":9,""cup_bars"":70,""structural_low"":389.0,""current_price"":402.715,""neckline_distance_pct"":0.01722061507517724,""base_bars"":79},""pattern_geometry_features"":{""cup_depth_pct"":0.1718692618435549,""rim_symmetry_pct"":0.0029379360998897995,""handle_depth_pct"":0.05040888563407782,""handle_to_cup_ratio"":0.12857142857142856,""cup_duration_bars"":70.0,""atr_pct"":0.03411175219625363,""u_shape_score"":0.22857142857142856},""_schema_version"":""1.0""}",,,,,,,,,,
20260608T171746Z-5e850b,2026-06-08T17:17:46.036346+00:00,CARR,double_bottom,forming,55.0,78.4,77.5,55.3,55.6,9.7,47.0,55.0,84.0,97.4,11.75,19.39,4.43,7.79,1.25,3.76,3.3,5.04,4.87,True,risk_unclear,67.55,68.84,64.6357,72.06,"{""trend"":{""T1_ema_stack"":{""value"":[true,true,true],""score"":100.0},""T2_ema50_slope"":{""value"":0.12872149960942808,""score"":71.45358326823802},""T3_high_proximity"":{""value"":0.9855558797782316,""score"":92.77793988911576},""T4_rs_1m"":{""value"":-0.008322382439481357,""score"":41.67761756051864},""T5_rs_3m"":{""value"":0.05750603776019503,""score"":78.75301888009751},""T6_adr_healthy"":{""value"":3.0213543904494045,""score"":100.0},""_score"":78.36},""geometry"":{""sub_low_similarity"":73.7,""sub_bounce_quality"":27.2,""sub_separation_fit"":100.0,""sub_right_bottom_reaction"":100,""sub_base_context"":100.0,""_score"":77.55},""compression"":{""VC1_atr_ratio"":{""value"":0.3595248618082246,""score"":100},""VC2_range_contraction"":{""value"":0.9726821907799849,""score"":4.552968203335857},""VC3_range_pct_rank"":{""score"":55.00000000000001},""_score"":55.34},""sr_quality"":{""SR1_touches"":{""value"":4,""score"":75.0},""SR2_tightness"":{""value"":0.5604183705054636,""score"":54.07079065080354},""SR3_recency"":{""value"":228,""score"":0.0},""SR4_price_location"":{""score"":40.021231422505046},""SR5_reaction"":{""value"":2.26879359968779,""score"":100},""_score"":55.62,""_levels_found"":6,""_target_level"":68.9625},""volume"":{""V1_rvol_day"":{""value"":0.26378228410007293,""score"":0},""V2_rvol_sameslot"":{""value"":0.4868709832930874,""score"":0,""status"":""ok""},""V3_breakout_bar"":{""value"":0.48225291938088044,""score"":0},""V4_base_dryup"":{""value"":1.017605261733281,""score"":48.23947382667191},""V5_bo_expansion"":{""value"":0.26378228410007293,""score"":0},""_score"":9.65},""readiness"":{""_distance_atr"":0.529,""BR1_atr_distance"":{""score"":64.7592565490998},""BR2_compression"":{""score"":14.347317744460963},""BR3_retest"":{""score"":50.0},""BR4_bo_age"":{""score"":50.0},""_score"":46.99},""risk"":{""R1_stop_clarity"":{""score"":19.33147958436963},""R2_stop_distance_pct"":{""value"":4.3142857142857105,""score"":100.0},""R3_stop_distance_atr"":{""value"":1.1942104492902075,""score"":84.71052246451038},""R4_rr_potential"":{""value"":1.5475414336204267,""score"":27.377071681021338},""_score"":54.95},""market"":{""M1_spy_regime"":{""score"":100.0},""M3_earnings_risk"":{""value"":null,""score"":80.0},""M4_vix"":{""value"":null,""score"":60.0},""_score"":84.0},""liquidity"":{""L1_price"":{""value"":67.55,""score"":100.0},""L2_dollar_vol"":{""value"":111693191.89869644,""score"":100.0},""L3_spread_proxy"":{""value"":0.026054774241302606,""score"":73.94522575869739},""L4_volume_zscore"":{""value"":-1.763556490826494,""score"":100.0},""_score"":97.39},""pattern_structure"":{""left_low"":65.62,""left_idx"":59,""right_low"":66.49,""right_idx"":76,""separation_bars"":17,""structural_low"":65.62,""current_price"":67.71,""neckline_distance_pct"":0.016688819967508636,""base_bars"":17},""pattern_geometry_features"":{""low_similarity_pct"":0.013170842479751574,""bounce_pct"":0.04907040536421821,""right_bottom_reaction"":1.0,""atr_pct"":0.03612667865073493},""_schema_version"":""1.0""}",,,,,,,,,,
20260608T171746Z-5e850b,2026-06-08T17:17:46.036346+00:00,JCI,base_on_base,setup,55.0,74.3,67.9,51.2,52.5,19.7,42.1,14.2,84.0,98.1,13.38,16.98,5.12,5.25,2.36,3.37,0.71,5.88,4.91,True,risk_unclear,143.765,141.45,124.0213,153.315,"{""trend"":{""T1_ema_stack"":{""value"":[true,true,true],""score"":100.0},""T2_ema50_slope"":{""value"":0.02300693765324509,""score"":53.83448960887418},""T3_high_proximity"":{""value"":0.9753392130257801,""score"":87.66960651289001},""T4_rs_1m"":{""value"":0.019192062746266725,""score"":69.19206274626673},""T5_rs_3m"":{""value"":-0.012659740432144906,""score"":43.67012978392755},""T6_adr_healthy"":{""value"":2.780178104018306,""score"":100.0},""_score"":74.31},""geometry"":{""sub_shallower_second"":0,""sub_second_base_depth"":100.0,""sub_rim_advance"":100,""sub_dry_up"":64.6,""sub_second_base_duration"":100.0,""_score"":67.92},""compression"":{""VC1_atr_ratio"":{""value"":0.6592016019838496,""score"":85.19959950403761},""VC2_range_contraction"":{""value"":1.044789741755182,""score"":0},""VC3_range_pct_rank"":{""score"":68.33333333333333},""_score"":51.16},""sr_quality"":{""SR1_touches"":{""value"":4,""score"":75.0},""SR2_tightness"":{""value"":0.9380931456950297,""score"":55.98972556718786},""SR3_recency"":{""value"":227,""score"":0.0},""SR4_price_location"":{""score"":26.593943953356835},""SR5_reaction"":{""value"":2.3863898481251202,""score"":100},""_score"":52.55,""_levels_found"":7,""_target_level"":147.0175},""volume"":{""V1_rvol_day"":{""value"":0.3004831404099981,""score"":0},""V2_rvol_sameslot"":{""value"":0.8063253508507935,""score"":20.421690056719566,""status"":""ok""},""V3_breakout_bar"":{""value"":0.6334200737466691,""score"":8.894671583111274},""V4_base_dryup"":{""value"":0.8307776640145877,""score"":66.92223359854123},""V5_bo_expansion"":{""value"":0.30048314040999813,""score"":0},""_score"":19.69},""readiness"":{""_distance_atr"":-0.543,""BR1_atr_distance"":{""score"":49.139267696442374},""BR2_compression"":{""score"":19.73952657367245},""BR3_retest"":{""score"":50.0},""BR4_bo_age"":{""score"":50.0},""_score"":42.09},""risk"":{""R1_stop_clarity"":{""score"":11.394721101018945},""R2_stop_distance_pct"":{""value"":13.73328000556463,""score"":0.0},""R3_stop_distance_atr"":{""value"":4.631328236396017,""score"":68.43358818019914},""R4_rr_potential"":{""value"":0.48369982247456866,""score"":0.0},""_score"":14.25},""market"":{""M1_spy_regime"":{""score"":100.0},""M3_earnings_risk"":{""value"":null,""score"":80.0},""M4_vix"":{""value"":null,""score"":60.0},""_score"":84.0},""liquidity"":{""L1_price"":{""value"":143.765,""score"":100.0},""L2_dollar_vol"":{""value"":156866055.23610404,""score"":100.0},""L3_spread_proxy"":{""value"":0.01902410183285232,""score"":80.97589816714768},""L4_volume_zscore"":{""value"":-2.369814099632663,""score"":100.0},""_score"":98.1},""pattern_structure"":{""first_base_low"":112.205,""first_base_top"":124.07,""first_base_bars"":35,""second_base_low"":125.91,""second_base_top"":141.45,""second_base_bars"":42,""structural_low"":125.91,""stacking_overlap_pct"":-0.014830337712581635,""current_price"":143.765,""neckline_distance_pct"":-0.016102667547734137,""base_bars"":42},""pattern_geometry_features"":{""first_base_depth_pct"":0.0956314983477069,""second_base_depth_pct"":0.10986214209968181,""second_dry_up_ratio"":0.6767976446974465,""rim_advance_pct"":0.14008221165471102,""atr_pct"":0.029653005152257404},""_schema_version"":""1.0""}",,,,,,,,,,
20260608T171746Z-5e850b,2026-06-08T17:17:46.036346+00:00,CARR,cup_with_handle,forming,55.0,78.4,76.4,55.3,55.6,12.9,36.2,69.5,84.0,97.4,10.97,22.91,4.43,6.67,1.67,2.89,3.47,4.2,4.87,True,risk_unclear,67.55,69.83,64.6357,84.39,"{""trend"":{""T1_ema_stack"":{""value"":[true,true,true],""score"":100.0},""T2_ema50_slope"":{""value"":0.12872149960942808,""score"":71.45358326823802},""T3_high_proximity"":{""value"":0.9855558797782316,""score"":92.77793988911576},""T4_rs_1m"":{""value"":-0.008322382439481357,""score"":41.67761756051864},""T5_rs_3m"":{""value"":0.05750603776019503,""score"":78.75301888009751},""T6_adr_healthy"":{""value"":3.0213543904494045,""score"":100.0},""_score"":78.36},""geometry"":{""sub_cup_depth"":100.0,""sub_cup_duration"":100.0,""sub_rim_symmetry"":56.1,""sub_handle_shallowness"":49.8,""sub_handle_proportion"":77.8,""sub_u_shape"":82.7,""_score"":76.36},""compression"":{""VC1_atr_ratio"":{""value"":0.3595248618082246,""score"":100},""VC2_range_contraction"":{""value"":0.9726821907799849,""score"":4.552968203335857},""VC3_range_pct_rank"":{""score"":55.00000000000001},""_score"":55.34},""sr_quality"":{""SR1_touches"":{""value"":4,""score"":75.0},""SR2_tightness"":{""value"":0.5604183705054636,""score"":54.07079065080354},""SR3_recency"":{""value"":228,""score"":0.0},""SR4_price_location"":{""score"":40.021231422505046},""SR5_reaction"":{""value"":2.26879359968779,""score"":100},""_score"":55.62,""_levels_found"":6,""_target_level"":68.9625},""volume"":{""V1_rvol_day"":{""value"":0.26378228410007293,""score"":0},""V2_rvol_sameslot"":{""value"":0.4868709832930874,""score"":0,""status"":""ok""},""V3_breakout_bar"":{""value"":0.48225291938088044,""score"":0},""V4_base_dryup"":{""value"":0.8569673265926778,""score"":64.30326734073222},""V5_bo_expansion"":{""value"":0.26378228410007293,""score"":0},""_score"":12.86},""readiness"":{""_distance_atr"":0.934,""BR1_atr_distance"":{""score"":37.71403483096737},""BR2_compression"":{""score"":14.347317744460963},""BR3_retest"":{""score"":50.0},""BR4_bo_age"":{""score"":50.0},""_score"":36.17},""risk"":{""R1_stop_clarity"":{""score"":19.33147958436963},""R2_stop_distance_pct"":{""value"":4.3142857142857105,""score"":100.0},""R3_stop_distance_atr"":{""value"":1.1942104492902075,""score"":84.71052246451038},""R4_rr_potential"":{""value"":5.778403047043889,""score"":100.0},""_score"":69.47},""market"":{""M1_spy_regime"":{""score"":100.0},""M3_earnings_risk"":{""value"":null,""score"":80.0},""M4_vix"":{""value"":null,""score"":60.0},""_score"":84.0},""liquidity"":{""L1_price"":{""value"":67.55,""score"":100.0},""L2_dollar_vol"":{""value"":111693191.89869644,""score"":100.0},""L3_spread_proxy"":{""value"":0.026054774241302606,""score"":73.94522575869739},""L4_volume_zscore"":{""value"":-1.763556490826494,""score"":100.0},""_score"":97.39},""pattern_structure"":{""left_rim"":68.33,""left_rim_idx"":100,""cup_bottom"":53.77,""cup_bottom_idx"":131,""right_rim"":69.83,""right_rim_idx"":175,""handle_low"":65.62,""handle_bars"":4,""cup_bars"":75,""structural_low"":65.62,""current_price"":67.55,""neckline_distance_pct"":0.03375277572168766,""base_bars"":79},""pattern_geometry_features"":{""cup_depth_pct"":0.2130835650519537,""rim_symmetry_pct"":0.021952290355627103,""handle_depth_pct"":0.060289273951023827,""handle_to_cup_ratio"":0.05333333333333334,""cup_duration_bars"":75.0,""atr_pct"":0.03612667865073493,""u_shape_score"":0.41333333333333333},""_schema_version"":""1.0""}",,,,,,,,,,
20260608T171746Z-5e850b,2026-06-08T17:17:46.036346+00:00,JCI,bull_flag,forming,55.0,74.3,69.5,51.2,52.5,15.9,33.6,60.1,84.0,98.1,10.4,20.84,4.6,5.25,2.22,3.02,1.8,5.04,4.91,True,risk_unclear,143.765,148.38,140.1655,165.44,"{""trend"":{""T1_ema_stack"":{""value"":[true,true,true],""score"":100.0},""T2_ema50_slope"":{""value"":0.02300693765324509,""score"":53.83448960887418},""T3_high_proximity"":{""value"":0.9753392130257801,""score"":87.66960651289001},""T4_rs_1m"":{""value"":0.019192062746266725,""score"":69.19206274626673},""T5_rs_3m"":{""value"":-0.012659740432144906,""score"":43.67012978392755},""T6_adr_healthy"":{""value"":2.780178104018306,""score"":100.0},""_score"":74.31},""geometry"":{""sub_pole_impulse"":84.5,""sub_flag_tightness"":51.8,""sub_flag_shallowness"":36.9,""sub_flag_drift"":91.8,""sub_flag_duration"":100.0,""_score"":69.45},""compression"":{""VC1_atr_ratio"":{""value"":0.6592016019838496,""score"":85.19959950403761},""VC2_range_contraction"":{""value"":1.044789741755182,""score"":0},""VC3_range_pct_rank"":{""score"":68.33333333333333},""_score"":51.16},""sr_quality"":{""SR1_touches"":{""value"":4,""score"":75.0},""SR2_tightness"":{""value"":0.9380931456950297,""score"":55.98972556718786},""SR3_recency"":{""value"":227,""score"":0.0},""SR4_price_location"":{""score"":26.593943953356835},""SR5_reaction"":{""value"":2.3863898481251202,""score"":100},""_score"":52.55,""_levels_found"":7,""_target_level"":147.0175},""volume"":{""V1_rvol_day"":{""value"":0.3004831404099981,""score"":0},""V2_rvol_sameslot"":{""value"":0.8063253508507935,""score"":20.421690056719566,""status"":""ok""},""V3_breakout_bar"":{""value"":0.6334200737466691,""score"":8.894671583111274},""V4_base_dryup"":{""value"":1.021880325007966,""score"":47.8119674992034},""V5_bo_expansion"":{""value"":0.30048314040999813,""score"":0},""_score"":15.87},""readiness"":{""_distance_atr"":1.083,""BR1_atr_distance"":{""score"":27.829691028194986},""BR2_compression"":{""score"":19.73952657367245},""BR3_retest"":{""score"":50.0},""BR4_bo_age"":{""score"":50.0},""_score"":33.57},""risk"":{""R1_stop_clarity"":{""score"":0},""R2_stop_distance_pct"":{""value"":2.5037387403053444,""score"":100.0},""R3_stop_distance_atr"":{""value"":0.8443457003597294,""score"":67.21728501798647},""R4_rr_potential"":{""value"":6.021669676343977,""score"":100.0},""_score"":60.08},""market"":{""M1_spy_regime"":{""score"":100.0},""M3_earnings_risk"":{""value"":null,""score"":80.0},""M4_vix"":{""value"":null,""score"":60.0},""_score"":84.0},""liquidity"":{""L1_price"":{""value"":143.765,""score"":100.0},""L2_dollar_vol"":{""value"":156866055.23610404,""score"":100.0},""L3_spread_proxy"":{""value"":0.01902410183285232,""score"":80.97589816714768},""L4_volume_zscore"":{""value"":-2.369814099632663,""score"":100.0},""_score"":98.1},""pattern_structure"":{""pole_low"":131.32,""pole_low_idx"":27,""peak_price"":148.38,""peak_idx"":44,""pole_gain"":0.12991166615900093,""flag_bars"":15,""flag_low"":142.3,""flag_high"":147.88,""structural_low"":142.3,""current_price"":144.35,""neckline_distance_pct"":0.027918254243158996,""base_bars"":15},""pattern_geometry_features"":{""pole_gain"":0.12991166615900093,""pullback_pct"":0.04097587275913185,""flag_range_pct"":0.037606146380913766,""flag_drift_per_bar"":-0.0016448117175515932,""atr_pct"":0.029653005152257404,""pole_atr_multiple"":4.381062408074721},""_schema_version"":""1.0""}",,,,,,,,,,
20260608T171746Z-5e850b,2026-06-08T17:17:46.036346+00:00,NVDA,double_bottom,forming,54.99,62.9,72.0,39.1,44.2,21.3,17.5,68.7,84.0,97.8,9.43,18.0,3.13,6.2,2.77,1.4,4.12,5.04,4.89,True,risk_unclear,208.04,232.28,201.2651,260.23,"{""trend"":{""T1_ema_stack"":{""value"":[false,true,true],""score"":66.66666666666666},""T2_ema50_slope"":{""value"":0.31738498038905744,""score"":100},""T3_high_proximity"":{""value"":0.8824976669211843,""score"":41.2488334605921},""T4_rs_1m"":{""value"":-0.029590973699400003,""score"":20.409026300599997},""T5_rs_3m"":{""value"":0.04614041203060548,""score"":73.07020601530274},""T6_adr_healthy"":{""value"":3.5219962900373427,""score"":100.0},""_score"":62.9},""geometry"":{""sub_low_similarity"":56.9,""sub_bounce_quality"":100,""sub_separation_fit"":0.0,""sub_right_bottom_reaction"":99.5,""sub_base_context"":100.0,""_score"":72.0},""compression"":{""VC1_atr_ratio"":{""value"":0.78779195207667,""score"":53.0520119808325},""VC2_range_contraction"":{""value"":1.021402292273739,""score"":0},""VC3_range_pct_rank"":{""score"":71.66666666666667},""_score"":39.14},""sr_quality"":{""SR1_touches"":{""value"":2,""score"":25.0},""SR2_tightness"":{""value"":0.2046500000000009,""score"":94.99431748197622},""SR3_recency"":{""value"":255,""score"":0.0},""SR4_price_location"":{""score"":30.0},""SR5_reaction"":{""value"":2.604612055673826,""score"":100},""_score"":44.25,""_levels_found"":4,""_target_level"":197.4253},""volume"":{""V1_rvol_day"":{""value"":0.4615361539613913,""score"":0},""V2_rvol_sameslot"":{""value"":0.9406410596108267,""score"":29.376070640721778,""status"":""ok""},""V3_breakout_bar"":{""value"":0.64977641361382,""score"":9.985094240921333},""V4_base_dryup"":{""value"":0.8519501382636894,""score"":64.80498617363106},""V5_bo_expansion"":{""value"":0.4615361539613913,""score"":0},""_score"":21.33},""readiness"":{""_distance_atr"":2.965,""BR1_atr_distance"":{""score"":0},""BR2_compression"":{""score"":0},""BR3_retest"":{""score"":50.0},""BR4_bo_age"":{""score"":50.0},""_score"":17.5},""risk"":{""R1_stop_clarity"":{""score"":25.032168904876755},""R2_stop_distance_pct"":{""value"":3.256561238223414,""score"":100.0},""R3_stop_distance_atr"":{""value"":0.8285670358046668,""score"":66.42835179023334},""R4_rr_potential"":{""value"":7.703377884707652,""score"":100.0},""_score"":68.73},""market"":{""M1_spy_regime"":{""score"":100.0},""M3_earnings_risk"":{""value"":null,""score"":80.0},""M4_vix"":{""value"":null,""score"":60.0},""_score"":84.0},""liquidity"":{""L1_price"":{""value"":208.04,""score"":100.0},""L2_dollar_vol"":{""value"":16801510876.14326,""score"":100.0},""L3_spread_proxy"":{""value"":0.021486252643722357,""score"":78.51374735627765},""L4_volume_zscore"":{""value"":-2.3287228811387712,""score"":100.0},""_score"":97.85},""pattern_structure"":{""left_low"":208.78,""left_idx"":30,""right_low"":204.33,""right_idx"":76,""separation_bars"":46,""structural_low"":204.33,""current_price"":208.575,""neckline_distance_pct"":0.11365216349035126,""base_bars"":46},""pattern_geometry_features"":{""low_similarity_pct"":0.021543898719469334,""bounce_pct"":0.13678852836098462,""right_bottom_reaction"":0.9951456310679655,""atr_pct"":0.039303533661109134},""_schema_version"":""1.0""}",,,,,,,,,,
20260608T171746Z-5e850b,2026-06-08T17:17:46.036346+00:00,JCI,double_bottom,forming,54.69,74.3,53.3,51.2,52.5,22.1,33.6,54.6,84.0,98.1,11.15,13.31,4.09,7.36,2.87,2.69,3.28,5.04,4.91,True,risk_unclear,143.765,148.38,135.2405,159.46,"{""trend"":{""T1_ema_stack"":{""value"":[true,true,true],""score"":100.0},""T2_ema50_slope"":{""value"":0.02300693765324509,""score"":53.83448960887418},""T3_high_proximity"":{""value"":0.9753392130257801,""score"":87.66960651289001},""T4_rs_1m"":{""value"":0.019192062746266725,""score"":69.19206274626673},""T5_rs_3m"":{""value"":-0.012659740432144906,""score"":43.67012978392755},""T6_adr_healthy"":{""value"":2.780178104018306,""score"":100.0},""_score"":74.31},""geometry"":{""sub_low_similarity"":28.5,""sub_bounce_quality"":72.4,""sub_separation_fit"":0.0,""sub_right_bottom_reaction"":68.2,""sub_base_context"":100.0,""_score"":53.26},""compression"":{""VC1_atr_ratio"":{""value"":0.6592016019838496,""score"":85.19959950403761},""VC2_range_contraction"":{""value"":1.044789741755182,""score"":0},""VC3_range_pct_rank"":{""score"":68.33333333333333},""_score"":51.16},""sr_quality"":{""SR1_touches"":{""value"":4,""score"":75.0},""SR2_tightness"":{""value"":0.9380931456950297,""score"":55.98972556718786},""SR3_recency"":{""value"":227,""score"":0.0},""SR4_price_location"":{""score"":26.593943953356835},""SR5_reaction"":{""value"":2.3863898481251202,""score"":100},""_score"":52.55,""_levels_found"":7,""_target_level"":147.0175},""volume"":{""V1_rvol_day"":{""value"":0.3004831404099981,""score"":0},""V2_rvol_sameslot"":{""value"":0.8063253508507935,""score"":20.421690056719566,""status"":""ok""},""V3_breakout_bar"":{""value"":0.6334200737466691,""score"":8.894671583111274},""V4_base_dryup"":{""value"":0.7125220736054338,""score"":78.74779263945662},""V5_bo_expansion"":{""value"":0.30048314040999813,""score"":0},""_score"":22.06},""readiness"":{""_distance_atr"":1.083,""BR1_atr_distance"":{""score"":27.829691028194986},""BR2_compression"":{""score"":19.73952657367245},""BR3_retest"":{""score"":50.0},""BR4_bo_age"":{""score"":50.0},""_score"":33.57},""risk"":{""R1_stop_clarity"":{""score"":3.3793599171615227},""R2_stop_distance_pct"":{""value"":5.929468229402142,""score"":100.0},""R3_stop_distance_atr"":{""value"":1.9996179810297399,""score"":100.0},""R4_rr_potential"":{""value"":1.841163704616108,""score"":42.0581852308054},""_score"":54.59},""market"":{""M1_spy_regime"":{""score"":100.0},""M3_earnings_risk"":{""value"":null,""score"":80.0},""M4_vix"":{""value"":null,""score"":60.0},""_score"":84.0},""liquidity"":{""L1_price"":{""value"":143.765,""score"":100.0},""L2_dollar_vol"":{""value"":156866055.23610404,""score"":100.0},""L3_spread_proxy"":{""value"":0.01902410183285232,""score"":80.97589816714768},""L4_volume_zscore"":{""value"":-2.369814099632663,""score"":100.0},""_score"":98.1},""pattern_structure"":{""left_low"":137.3,""left_idx"":31,""right_low"":142.3,""right_idx"":76,""separation_bars"":45,""structural_low"":137.3,""current_price"":144.35,""neckline_distance_pct"":0.027918254243158996,""base_bars"":45},""pattern_geometry_features"":{""low_similarity_pct"":0.035765379113018594,""bounce_pct"":0.08069919883466849,""right_bottom_reaction"":0.6816143497757884,""atr_pct"":0.029653005152257404},""_schema_version"":""1.0""}",,,,,,,,,,
20260608T171746Z-5e850b,2026-06-08T17:17:46.036346+00:00,MSFT,cup_with_handle,forming,54.67,36.2,77.6,11.7,77.0,21.7,17.5,56.7,84.0,97.9,5.07,23.28,0.93,9.24,2.82,1.4,2.84,4.2,4.9,True,risk_unclear,408.925,432.7,402.54,500.1,"{""trend"":{""T1_ema_stack"":{""value"":[false,true,false],""score"":33.33333333333333},""T2_ema50_slope"":{""value"":0.12229643700891649,""score"":70.38273950148609},""T3_high_proximity"":{""value"":0.8879636063580301,""score"":43.98180317901501},""T4_rs_1m"":{""value"":-0.04138240684310568,""score"":8.617593156894323},""T5_rs_3m"":{""value"":-0.09405325318330193,""score"":2.9733734083490333},""T6_adr_healthy"":{""value"":2.6109459351640987,""score"":100.0},""_score"":36.18},""geometry"":{""sub_cup_depth"":79.1,""sub_cup_duration"":100.0,""sub_rim_symmetry"":57.4,""sub_handle_shallowness"":53.7,""sub_handle_proportion"":100.0,""sub_u_shape"":97.1,""_score"":77.6},""compression"":{""VC1_atr_ratio"":{""value"":1.0094612451338592,""score"":0},""VC2_range_contraction"":{""value"":1.1735412275694563,""score"":0},""VC3_range_pct_rank"":{""score"":46.666666666666664},""_score"":11.67},""sr_quality"":{""SR1_touches"":{""value"":6,""score"":100},""SR2_tightness"":{""value"":2.666539976573883,""score"":59.7719828663238},""SR3_recency"":{""value"":232,""score"":0.0},""SR4_price_location"":{""score"":94.46643903213737},""SR5_reaction"":{""value"":1.9199708189340743,""score"":95.99854094670371},""_score"":76.98,""_levels_found"":6,""_target_level"":409.6567},""volume"":{""V1_rvol_day"":{""value"":0.40154358952935326,""score"":0},""V2_rvol_sameslot"":{""value"":1.0283276918390944,""score"":35.2218461226063,""status"":""ok""},""V3_breakout_bar"":{""value"":0.7864393881218493,""score"":19.09595920812329},""V4_base_dryup"":{""value"":1.0062668347116461,""score"":49.37331652883539},""V5_bo_expansion"":{""value"":0.4015435895293533,""score"":0},""_score"":21.69},""readiness"":{""_distance_atr"":1.793,""BR1_atr_distance"":{""score"":0},""BR2_compression"":{""score"":0},""BR3_retest"":{""score"":50.0},""BR4_bo_age"":{""score"":50.0},""_score"":17.5},""risk"":{""R1_stop_clarity"":{""score"":7.520697759372794},""R2_stop_distance_pct"":{""value"":1.5614232438711202,""score"":89.035581096778},""R3_stop_distance_atr"":{""value"":0.4816314457235393,""score"":49.081572286176964},""R4_rr_potential"":{""value"":14.279449651921334,""score"":100.0},""_score"":56.71},""market"":{""M1_spy_regime"":{""score"":100.0},""M3_earnings_risk"":{""value"":null,""score"":80.0},""M4_vix"":{""value"":null,""score"":60.0},""_score"":84.0},""liquidity"":{""L1_price"":{""value"":408.925,""score"":100.0},""L2_dollar_vol"":{""value"":5921231006.252306,""score"":100.0},""L3_spread_proxy"":{""value"":0.020761508834138232,""score"":79.23849116586177},""L4_volume_zscore"":{""value"":-1.5631602463392416,""score"":100.0},""_score"":97.92},""pattern_structure"":{""left_rim"":423.68,""left_rim_idx"":98,""cup_bottom"":356.28,""cup_bottom_idx"":131,""right_rim"":432.7,""right_rim_idx"":166,""handle_low"":408.67,""handle_bars"":13,""cup_bars"":68,""structural_low"":408.67,""current_price"":408.925,""neckline_distance_pct"":0.058140245766338514,""base_bars"":81},""pattern_geometry_features"":{""cup_depth_pct"":0.159082326283988,""rim_symmetry_pct"":0.021289652567975787,""handle_depth_pct"":0.05553501271088508,""handle_to_cup_ratio"":0.19117647058823528,""cup_duration_bars"":68.0,""atr_pct"":0.03241946217870897,""u_shape_score"":0.4852941176470588},""_schema_version"":""1.0""}",,,,,,,,,,
20260608T171746Z-5e850b,2026-06-08T17:17:46.036346+00:00,SBGSY,cup_with_handle,forming,54.66,53.6,67.0,54.6,55.4,21.5,17.5,67.9,84.0,85.0,7.5,20.09,4.37,6.65,2.8,1.4,3.4,4.2,4.25,True,risk_unclear,62.35,67.1499,59.7107,81.1144,"{""trend"":{""T1_ema_stack"":{""value"":[false,true,true],""score"":66.66666666666666},""T2_ema50_slope"":{""value"":0.08210195819981803,""score"":63.683659699969674},""T3_high_proximity"":{""value"":0.9332435264182009,""score"":66.62176320910041},""T4_rs_1m"":{""value"":-0.03396353449139744,""score"":16.03646550860256},""T5_rs_3m"":{""value"":-0.020272715911810346,""score"":39.86364204409483},""T6_adr_healthy"":{""value"":2.189361444216003,""score"":100.0},""_score"":53.58},""geometry"":{""sub_cup_depth"":100.0,""sub_cup_duration"":100.0,""sub_rim_symmetry"":39.9,""sub_handle_shallowness"":19.0,""sub_handle_proportion"":77.8,""sub_u_shape"":82.7,""_score"":66.97},""compression"":{""VC1_atr_ratio"":{""value"":0.7693715274312148,""score"":57.65711814219628},""VC2_range_contraction"":{""value"":0.8371132427948216,""score"":27.14779286752974},""VC3_range_pct_rank"":{""score"":88.33333333333333},""_score"":54.65},""sr_quality"":{""SR1_touches"":{""value"":3,""score"":50.0},""SR2_tightness"":{""value"":0.20154955277108139,""score"":80.87622593989022},""SR3_recency"":{""value"":254,""score"":0.0},""SR4_price_location"":{""score"":53.18295739348381},""SR5_reaction"":{""value"":3.018884122110844,""score"":100},""_score"":55.43,""_levels_found"":5,""_target_level"":65.4633},""volume"":{""V1_rvol_day"":{""value"":1.0010473203133652,""score"":33.40315468755768},""V2_rvol_sameslot"":{""value"":0.6138202719784541,""score"":7.588018131896941,""status"":""ok""},""V3_breakout_bar"":{""value"":0.471279353239371,""score"":0},""V4_base_dryup"":{""value"":0.8336480137408728,""score"":66.63519862591272},""V5_bo_expansion"":{""value"":1.0010473203133652,""score"":0.06982135422434568},""_score"":21.54},""readiness"":{""_distance_atr"":2.277,""BR1_atr_distance"":{""score"":0},""BR2_compression"":{""score"":0},""BR3_retest"":{""score"":50.0},""BR4_bo_age"":{""score"":50.0},""_score"":17.5},""risk"":{""R1_stop_clarity"":{""score"":13.722221092653868},""R2_stop_distance_pct"":{""value"":4.233039294306344,""score"":100.0},""R3_stop_distance_atr"":{""value"":1.252133189652253,""score"":87.60665948261264},""R4_rr_potential"":{""value"":7.109612397226522,""score"":100.0},""_score"":67.94},""market"":{""M1_spy_regime"":{""score"":100.0},""M3_earnings_risk"":{""value"":null,""score"":80.0},""M4_vix"":{""value"":null,""score"":60.0},""_score"":84.0},""liquidity"":{""L1_price"":{""value"":62.35,""score"":100.0},""L2_dollar_vol"":{""value"":20205764.5,""score"":65.27376434707554},""L3_spread_proxy"":{""value"":0.0110665597433842,""score"":88.9334402566158},""L4_volume_zscore"":{""value"":0.0037182247939030128,""score"":100.0},""_score"":85.0},""pattern_structure"":{""left_rim"":65.19,""left_rim_idx"":100,""cup_bottom"":51.2255,""cup_bottom_idx"":131,""right_rim"":67.1499,""right_rim_idx"":175,""handle_low"":60.62,""handle_bars"":4,""cup_bars"":75,""structural_low"":60.62,""current_price"":62.35,""neckline_distance_pct"":0.07698315958299921,""base_bars"":79},""pattern_geometry_features"":{""cup_depth_pct"":0.2142123025003835,""rim_symmetry_pct"":0.030064427059365007,""handle_depth_pct"":0.09724362955119821,""handle_to_cup_ratio"":0.05333333333333334,""cup_duration_bars"":75.0,""atr_pct"":0.03380662160614047,""u_shape_score"":0.41333333333333333},""_schema_version"":""1.0""}",,,,,,,,,,
20260608T171746Z-5e850b,2026-06-08T17:17:46.036346+00:00,VICR,double_bottom,invalidated,54.5,71.2,75.3,47.3,43.6,16.1,17.5,33.2,84.0,91.4,10.69,18.82,3.79,6.1,2.1,1.4,1.99,5.04,4.57,False,,271.56,340.19,295.5,380.38,"{""trend"":{""T1_ema_stack"":{""value"":[false,true,true],""score"":66.66666666666666},""T2_ema50_slope"":{""value"":0.919887643252927,""score"":100},""T3_high_proximity"":{""value"":0.7852185981956975,""score"":0},""T4_rs_1m"":{""value"":0.025874509613462493,""score"":75.8745096134625},""T5_rs_3m"":{""value"":0.5042612966093709,""score"":100},""T6_adr_healthy"":{""value"":8.474806628095763,""score"":88.12983429760592},""_score"":71.25},""geometry"":{""sub_low_similarity"":21.7,""sub_bounce_quality"":100,""sub_separation_fit"":100.0,""sub_right_bottom_reaction"":91.9,""sub_base_context"":100.0,""_score"":75.3},""compression"":{""VC1_atr_ratio"":{""value"":0.4616310831506601,""score"":100},""VC2_range_contraction"":{""value"":0.999351509836584,""score"":0.10808169390265818},""VC3_range_pct_rank"":{""score"":29.166666666666664},""_score"":47.33},""sr_quality"":{""SR1_touches"":{""value"":2,""score"":25.0},""SR2_tightness"":{""value"":1.25,""score"":90.64425029036236},""SR3_recency"":{""value"":237,""score"":0.0},""SR4_price_location"":{""score"":30.0},""SR5_reaction"":{""value"":3.3375701514161262,""score"":100},""_score"":43.6,""_levels_found"":5,""_target_level"":232.25},""volume"":{""V1_rvol_day"":{""value"":0.46451784390124323,""score"":0},""V2_rvol_sameslot"":{""value"":0.6279564700590334,""score"":8.530431337268896,""status"":""ok""},""V3_breakout_bar"":{""value"":0.3927323504469502,""score"":0},""V4_base_dryup"":{""value"":0.7790290316721865,""score"":72.09709683278135},""V5_bo_expansion"":{""value"":0.46451784390124323,""score"":0},""_score"":16.13},""readiness"":{""_distance_atr"":2.568,""BR1_atr_distance"":{""score"":0},""BR2_compression"":{""score"":0},""BR3_retest"":{""score"":50.0},""BR4_bo_age"":{""score"":50.0},""_score"":17.5},""risk"":{""R1_stop_clarity"":{""score"":66.31930104530454},""R2_stop_distance_pct"":{""value"":-8.815731330092797,""score"":0.0},""R3_stop_distance_atr"":{""value"":-0.8959065921948989,""score"":0.0},""R4_rr_potential"":{""value"":null,""score"":50.0},""_score"":33.21},""market"":{""M1_spy_regime"":{""score"":100.0},""M3_earnings_risk"":{""value"":null,""score"":80.0},""M4_vix"":{""value"":null,""score"":60.0},""_score"":84.0},""liquidity"":{""L1_price"":{""value"":271.56,""score"":100.0},""L2_dollar_vol"":{""value"":113444017.71799104,""score"":100.0},""L3_spread_proxy"":{""value"":0.08599130947120351,""score"":14.008690528796492},""L4_volume_zscore"":{""value"":-1.2519162677133941,""score"":100.0},""_score"":91.4},""pattern_structure"":{""left_low"":311.98,""left_idx"":47,""right_low"":300.0,""right_idx"":65,""separation_bars"":18,""structural_low"":300.0,""current_price"":271.13,""neckline_distance_pct"":0.2547117618854424,""base_bars"":18},""pattern_geometry_features"":{""low_similarity_pct"":0.039151606261642595,""bounce_pct"":0.13396666666666665,""right_bottom_reaction"":0.9187675070027986,""atr_pct"":0.09840011678555646},""_schema_version"":""1.0""}",,,,,,,,,,
20260608T171746Z-5e850b,2026-06-08T17:17:46.036346+00:00,AMD,double_bottom,forming,54.32,92.6,56.3,38.1,39.0,12.6,18.3,81.0,84.0,96.6,13.89,14.08,3.05,5.47,1.63,1.47,4.86,5.04,4.83,False,,489.13,546.44,456.9907,628.93,"{""trend"":{""T1_ema_stack"":{""value"":[true,true,true],""score"":100.0},""T2_ema50_slope"":{""value"":1.1345130596940098,""score"":100},""T3_high_proximity"":{""value"":0.9015888815158888,""score"":50.79444075794437},""T4_rs_1m"":{""value"":0.18426628337494333,""score"":100},""T5_rs_3m"":{""value"":1.3204430025948979,""score"":100},""T6_adr_healthy"":{""value"":5.338406503817875,""score"":100.0},""_score"":92.62},""geometry"":{""sub_low_similarity"":4.4,""sub_bounce_quality"":100,""sub_separation_fit"":0.0,""sub_right_bottom_reaction"":100,""sub_base_context"":100.0,""_score"":56.32},""compression"":{""VC1_atr_ratio"":{""value"":0.8292858248381251,""score"":42.67854379046873},""VC2_range_contraction"":{""value"":0.9358651476210291,""score"":10.689142063161814},""VC3_range_pct_rank"":{""score"":69.16666666666667},""_score"":38.1},""sr_quality"":{""SR1_touches"":{""value"":2,""score"":25.0},""SR2_tightness"":{""value"":3.2150999999999783,""score"":79.72867625302487},""SR3_recency"":{""value"":313,""score"":0.0},""SR4_price_location"":{""score"":30.0},""SR5_reaction"":{""value"":1.6112489962606624,""score"":80.56244981303313},""_score"":39.04,""_levels_found"":3,""_target_level"":263.7449},""volume"":{""V1_rvol_day"":{""value"":0.46990641865229904,""score"":0},""V2_rvol_sameslot"":{""value"":0.7223044422705288,""score"":14.820296151368586,""status"":""ok""},""V3_breakout_bar"":{""value"":0.49777351314273066,""score"":0},""V4_base_dryup"":{""value"":1.0197472524934421,""score"":48.02527475065579},""V5_bo_expansion"":{""value"":0.46990641865229915,""score"":0},""_score"":12.57},""readiness"":{""_distance_atr"":1.807,""BR1_atr_distance"":{""score"":0},""BR2_compression"":{""score"":3.2846831987846103},""BR3_retest"":{""score"":50.0},""BR4_bo_age"":{""score"":50.0},""_score"":18.32},""risk"":{""R1_stop_clarity"":{""score"":56.121672798314954},""R2_stop_distance_pct"":{""value"":6.570696951730624,""score"":100.0},""R3_stop_distance_atr"":{""value"":1.0131957664380191,""score"":75.65978832190096},""R4_rr_potential"":{""value"":4.349821479966087,""score"":100.0},""_score"":80.99},""market"":{""M1_spy_regime"":{""score"":100.0},""M3_earnings_risk"":{""value"":null,""score"":80.0},""M4_vix"":{""value"":null,""score"":60.0},""_score"":84.0},""liquidity"":{""L1_price"":{""value"":489.13,""score"":100.0},""L2_dollar_vol"":{""value"":7383784060.121481,""score"":100.0},""L3_spread_proxy"":{""value"":0.03391736348210094,""score"":66.08263651789906},""L4_volume_zscore"":{""value"":-2.2922284826846657,""score"":100.0},""_score"":96.61},""pattern_structure"":{""left_low"":486.6603,""left_idx"":30,""right_low"":463.95,""right_idx"":76,""separation_bars"":46,""structural_low"":463.95,""current_price"":487.855,""neckline_distance_pct"":0.12008691106988764,""base_bars"":46},""pattern_geometry_features"":{""low_similarity_pct"":0.04778046271958134,""bounce_pct"":0.1777993318245502,""right_bottom_reaction"":1.0,""atr_pct"":0.06485120812170882},""_schema_version"":""1.0""}",,,,,,,,,,
20260608T171746Z-5e850b,2026-06-08T17:17:46.036346+00:00,TT,double_bottom,forming,54.22,50.9,61.5,69.6,57.4,13.6,33.6,53.5,84.0,98.2,7.63,15.38,5.57,8.04,1.76,2.68,3.21,5.04,4.91,True,risk_unclear,460.02,471.79,440.1182,496.7595,"{""trend"":{""T1_ema_stack"":{""value"":[false,true,true],""score"":66.66666666666666},""T2_ema50_slope"":{""value"":-0.00831499583026279,""score"":48.61416736162287},""T3_high_proximity"":{""value"":0.9339749055914239,""score"":66.98745279571195},""T4_rs_1m"":{""value"":-0.03406984682969272,""score"":15.930153170307278},""T5_rs_3m"":{""value"":-0.0168487863110085,""score"":41.57560684449575},""T6_adr_healthy"":{""value"":2.1705562019635534,""score"":100.0},""_score"":50.86},""geometry"":{""sub_low_similarity"":76.4,""sub_bounce_quality"":37.0,""sub_separation_fit"":26.7,""sub_right_bottom_reaction"":48.0,""sub_base_context"":100.0,""_score"":61.53},""compression"":{""VC1_atr_ratio"":{""value"":0.3881848689208997,""score"":100},""VC2_range_contraction"":{""value"":0.7998752683326682,""score"":33.3541219445553},""VC3_range_pct_rank"":{""score"":71.66666666666667},""_score"":69.59},""sr_quality"":{""SR1_touches"":{""value"":4,""score"":75.0},""SR2_tightness"":{""value"":2.7808775031453687,""score"":49.57114669487588},""SR3_recency"":{""value"":227,""score"":0.0},""SR4_price_location"":{""score"":49.93855984271316},""SR5_reaction"":{""value"":2.957386903343245,""score"":100},""_score"":57.42,""_levels_found"":8,""_target_level"":467.6587},""volume"":{""V1_rvol_day"":{""value"":0.2704401434457126,""score"":0},""V2_rvol_sameslot"":{""value"":0.6612090311621452,""score"":10.747268744143017,""status"":""ok""},""V3_breakout_bar"":{""value"":0.6337202799931702,""score"":8.91468533287801},""V4_base_dryup"":{""value"":1.0415415710694287,""score"":45.84584289305713},""V5_bo_expansion"":{""value"":0.2704401434457126,""score"":0},""_score"":13.55},""readiness"":{""_distance_atr"":1.067,""BR1_atr_distance"":{""score"":28.85367985105796},""BR2_compression"":{""score"":18.068159416276337},""BR3_retest"":{""score"":50.0},""BR4_bo_age"":{""score"":50.0},""_score"":33.56},""risk"":{""R1_stop_clarity"":{""score"":0},""R2_stop_distance_pct"":{""value"":4.3262917916612365,""score"":100.0},""R3_stop_distance_atr"":{""value"":1.8045119387480189,""score"":100.0},""R4_rr_potential"":{""value"":1.8460383560638924,""score"":42.30191780319462},""_score"":53.46},""market"":{""M1_spy_regime"":{""score"":100.0},""M3_earnings_risk"":{""value"":null,""score"":80.0},""M4_vix"":{""value"":null,""score"":60.0},""_score"":84.0},""liquidity"":{""L1_price"":{""value"":460.02,""score"":100.0},""L2_dollar_vol"":{""value"":166080171.95234388,""score"":100.0},""L3_spread_proxy"":{""value"":0.018140515629755164,""score"":81.85948437024484},""L4_volume_zscore"":{""value"":-2.09882012395942,""score"":100.0},""_score"":98.19},""pattern_structure"":{""left_low"":446.8205,""left_idx"":35,""right_low"":452.13,""right_idx"":76,""separation_bars"":41,""structural_low"":446.8205,""current_price"":462.28,""neckline_distance_pct"":0.02057194773730217,""base_bars"":41},""pattern_geometry_features"":{""low_similarity_pct"":0.011812663767359859,""bounce_pct"":0.05588261953066173,""right_bottom_reaction"":0.4795321637426918,""atr_pct"":0.023974858235977333},""_schema_version"":""1.0""}",,,,,,,,,,
20260608T171746Z-5e850b,2026-06-08T17:17:46.036346+00:00,PL,double_bottom,invalidated,54.15,54.3,65.0,36.3,59.9,40.0,18.5,36.1,84.0,91.6,8.14,16.25,2.9,8.39,5.2,1.48,2.17,5.04,4.58,False,,31.52,51.475,40.6805,61.65,"{""trend"":{""T1_ema_stack"":{""value"":[false,true,true],""score"":66.66666666666666},""T2_ema50_slope"":{""value"":1.0690477432682248,""score"":100},""T3_high_proximity"":{""value"":0.6132295719844358,""score"":0},""T4_rs_1m"":{""value"":-0.11879349715893317,""score"":0},""T5_rs_3m"":{""value"":0.12789047983137758,""score"":100},""T6_adr_healthy"":{""value"":9.902436268217867,""score"":52.43909329455332},""_score"":54.29},""geometry"":{""sub_low_similarity"":82.8,""sub_bounce_quality"":100,""sub_separation_fit"":0.0,""sub_right_bottom_reaction"":94.3,""sub_base_context"":30.0,""_score"":64.98},""compression"":{""VC1_atr_ratio"":{""value"":0.7706352270310773,""score"":57.34119324223066},""VC2_range_contraction"":{""value"":1.29344196692983,""score"":0},""VC3_range_pct_rank"":{""score"":53.333333333333336},""_score"":36.27},""sr_quality"":{""SR1_touches"":{""value"":3,""score"":50.0},""SR2_tightness"":{""value"":0.6861381202061287,""score"":71.79114353583454},""SR3_recency"":{""value"":251,""score"":0.0},""SR4_price_location"":{""score"":92.80192971876535},""SR5_reaction"":{""value"":1.460028367628014,""score"":73.0014183814007},""_score"":59.92,""_levels_found"":5,""_target_level"":31.7826},""volume"":{""V1_rvol_day"":{""value"":0.9835476282566662,""score"":32.23650855044441},""V2_rvol_sameslot"":{""value"":2.113543356125814,""score"":100,""status"":""ok""},""V3_breakout_bar"":{""value"":0.628466514576148,""score"":8.564434305076533},""V4_base_dryup"":{""value"":0.9279102154946568,""score"":57.20897845053432},""V5_bo_expansion"":{""value"":0.9835476282566662,""score"":0},""_score"":40.03},""readiness"":{""_distance_atr"":4.102,""BR1_atr_distance"":{""score"":0},""BR2_compression"":{""score"":3.8602920615890177},""BR3_retest"":{""score"":50.0},""BR4_bo_age"":{""score"":50.0},""_score"":18.47},""risk"":{""R1_stop_clarity"":{""score"":74.53080354389778},""R2_stop_distance_pct"":{""value"":-29.062499999999986,""score"":0.0},""R3_stop_distance_atr"":{""value"":-1.8830554813246443,""score"":0.0},""R4_rr_potential"":{""value"":null,""score"":50.0},""_score"":36.09},""market"":{""M1_spy_regime"":{""score"":100.0},""M3_earnings_risk"":{""value"":null,""score"":80.0},""M4_vix"":{""value"":null,""score"":60.0},""_score"":84.0},""liquidity"":{""L1_price"":{""value"":31.52,""score"":100.0},""L2_dollar_vol"":{""value"":414746396.987629,""score"":100.0},""L3_spread_proxy"":{""value"":0.08375634517766499,""score"":16.243654822335017},""L4_volume_zscore"":{""value"":-0.029693902743904488,""score"":100.0},""_score"":91.62},""pattern_structure"":{""left_low"":41.6575,""left_idx"":16,""right_low"":41.3,""right_idx"":65,""separation_bars"":49,""structural_low"":41.3,""current_price"":31.59,""neckline_distance_pct"":0.6294713516935739,""base_bars"":49},""pattern_geometry_features"":{""low_similarity_pct"":0.00861887110870028,""bounce_pct"":0.24636803874092023,""right_bottom_reaction"":0.9425833572678132,""atr_pct"":0.15433692893401013},""_schema_version"":""1.0""}",,,,,,,,,,
20260608T171746Z-5e850b,2026-06-08T17:17:46.036346+00:00,ASML,vcp,setup,53.84,99.6,51.5,40.8,40.1,29.1,31.0,34.8,84.0,72.1,14.94,12.87,4.89,4.81,3.78,2.17,1.74,5.04,3.61,False,,1747.49,1653.53,1556.3,1459.25,"{""trend"":{""T1_ema_stack"":{""value"":[true,true,true],""score"":100.0},""T2_ema50_slope"":{""value"":0.31401569337982893,""score"":100},""T3_high_proximity"":{""value"":0.9943213824418056,""score"":97.16069122090276},""T4_rs_1m"":{""value"":0.13901022114697947,""score"":100},""T5_rs_3m"":{""value"":0.19449269615370057,""score"":100},""T6_adr_healthy"":{""value"":3.5317624063127786,""score"":100.0},""_score"":99.57},""geometry"":{""sub_contraction_count"":100.0,""sub_reduction_rate"":12.5,""sub_pivot_tightness"":79.3,""sub_volume_dryup"":9.6,""sub_base_depth"":0.0,""sub_base_duration"":100.0,""_score"":51.46},""compression"":{""VC1_atr_ratio"":{""value"":0.7173531351268866,""score"":70.66171621827834},""VC2_range_contraction"":{""value"":1.0974432528961777,""score"":0},""VC3_range_pct_rank"":{""score"":50.0},""_score"":40.76},""sr_quality"":{""SR1_touches"":{""value"":2,""score"":25.0},""SR2_tightness"":{""value"":11.745000000000005,""score"":67.19877149494845},""SR3_recency"":{""value"":231,""score"":0.0},""SR4_price_location"":{""score"":30.0},""SR5_reaction"":{""value"":2.5237284761263004,""score"":100},""_score"":40.08,""_levels_found"":5,""_target_level"":1591.745},""volume"":{""V1_rvol_day"":{""value"":0.8162829370510155,""score"":21.08552913673437},""V2_rvol_sameslot"":{""value"":1.3816544813859584,""score"":58.77696542573055,""status"":""ok""},""V3_breakout_bar"":{""value"":0.7813257160254478,""score"":18.75504773502985},""V4_base_dryup"":{""value"":1.0776313235227086,""score"":42.236867647729134},""V5_bo_expansion"":{""value"":0.8162829370510155,""score"":0},""_score"":29.11},""readiness"":{""_distance_atr"":-1.312,""BR1_atr_distance"":{""score"":33.75901719595875},""BR2_compression"":{""score"":0},""BR3_retest"":{""score"":50.0},""BR4_bo_age"":{""score"":50.0},""_score"":31.0},""risk"":{""R1_stop_clarity"":{""score"":33.81105869989585},""R2_stop_distance_pct"":{""value"":10.940835140687504,""score"":26.479121482812396},""R3_stop_distance_atr"":{""value"":2.6697602715541966,""score"":100.0},""R4_rr_potential"":{""value"":-1.507610230660599,""score"":0.0},""_score"":34.78},""market"":{""M1_spy_regime"":{""score"":100.0},""M3_earnings_risk"":{""value"":null,""score"":80.0},""M4_vix"":{""value"":null,""score"":60.0},""_score"":84.0},""liquidity"":{""L1_price"":{""value"":1747.49,""score"":0.0},""L2_dollar_vol"":{""value"":2319318130.9822316,""score"":100.0},""L3_spread_proxy"":{""value"":0.02888142421415861,""score"":71.11857578584139},""L4_volume_zscore"":{""value"":-0.694488927661275,""score"":100.0},""_score"":72.11},""pattern_structure"":{""n_contractions"":5,""contractions_pct"":[8.19,8.19,6.88,10.11,4.45],""descending_strict"":false,""final_low"":1580.0,""final_pivot"":1653.53,""structural_low"":1580.0,""dry_up_ratio"":0.9520737468875485,""current_price"":1747.49,""neckline_distance_pct"":-0.053768548031748416,""base_bars"":39},""pattern_geometry_features"":{""contraction_count"":5.0,""first_contraction_pct"":0.08191770343215087,""last_contraction_pct"":0.04446850072269628,""dry_up_ratio"":0.9520737468875485,""near_monotone"":0.0,""base_depth_pct"":-0.1402014837052218},""_schema_version"":""1.0""}",,,,,,,,,,
20260608T171746Z-5e850b,2026-06-08T17:17:46.036346+00:00,CW,cup_with_handle,forming,53.5,60.5,61.0,68.2,57.3,5.3,35.3,66.9,84.0,67.1,8.46,18.29,5.46,6.88,0.69,2.83,3.34,4.2,3.36,True,risk_unclear,730.38,758.4487,697.8233,862.9187,"{""trend"":{""T1_ema_stack"":{""value"":[false,true,true],""score"":66.66666666666666},""T2_ema50_slope"":{""value"":0.11301020742120929,""score"":68.83503457020154},""T3_high_proximity"":{""value"":0.97254327563249,""score"":86.27163781624498},""T4_rs_1m"":{""value"":-0.005018281690692961,""score"":44.98171830930704},""T5_rs_3m"":{""value"":-0.05900966288826193,""score"":20.495168555869036},""T6_adr_healthy"":{""value"":3.0231590276761215,""score"":100.0},""_score"":60.45},""geometry"":{""sub_cup_depth"":63.1,""sub_cup_duration"":100.0,""sub_rim_symmetry"":22.4,""sub_handle_shallowness"":45.1,""sub_handle_proportion"":100.0,""sub_u_shape"":65.6,""_score"":60.96},""compression"":{""VC1_atr_ratio"":{""value"":0.36322420922374776,""score"":100},""VC2_range_contraction"":{""value"":0.9271968952652405,""score"":12.133850789126582},""VC3_range_pct_rank"":{""score"":95.83333333333334},""_score"":68.21},""sr_quality"":{""SR1_touches"":{""value"":4,""score"":75.0},""SR2_tightness"":{""value"":5.358953819718464,""score"":53.1219869335404},""SR3_recency"":{""value"":231,""score"":0.0},""SR4_price_location"":{""score"":47.43592080835201},""SR5_reaction"":{""value"":2.2163118783732947,""score"":100},""_score"":57.33,""_levels_found"":6,""_target_level"":754.3274},""volume"":{""V1_rvol_day"":{""value"":0.2381948051518948,""score"":0},""V2_rvol_sameslot"":{""value"":0.46595041514733815,""score"":0,""status"":""ok""},""V3_breakout_bar"":{""value"":0.5299999310131425,""score"":1.9999954008761645},""V4_base_dryup"":{""value"":1.2598176037473996,""score"":24.018239625260037},""V5_bo_expansion"":{""value"":0.23819480515189476,""score"":0},""_score"":5.3},""readiness"":{""_distance_atr"":1.228,""BR1_atr_distance"":{""score"":18.155363302629155},""BR2_compression"":{""score"":42.30979685450653},""BR3_retest"":{""score"":50.0},""BR4_bo_age"":{""score"":50.0},""_score"":35.34},""risk"":{""R1_stop_clarity"":{""score"":7.041384920877803},""R2_stop_distance_pct"":{""value"":4.457508420274373,""score"":100.0},""R3_stop_distance_atr"":{""value"":1.4239680012596534,""score"":96.19840006298267},""R4_rr_potential"":{""value"":4.071005244688128,""score"":100.0},""_score"":66.89},""market"":{""M1_spy_regime"":{""score"":100.0},""M3_earnings_risk"":{""value"":null,""score"":80.0},""M4_vix"":{""value"":null,""score"":60.0},""_score"":84.0},""liquidity"":{""L1_price"":{""value"":730.38,""score"":0.0},""L2_dollar_vol"":{""value"":48744014.13756882,""score"":84.39606455389553},""L3_spread_proxy"":{""value"":0.016292751718283635,""score"":83.70724828171636},""L4_volume_zscore"":{""value"":-1.3713850495870532,""score"":100.0},""_score"":67.13},""pattern_structure"":{""left_rim"":730.12,""left_rim_idx"":111,""cup_bottom"":625.65,""cup_bottom_idx"":131,""right_rim"":758.4487,""right_rim_idx"":172,""handle_low"":708.45,""handle_bars"":7,""cup_bars"":61,""structural_low"":708.45,""current_price"":730.38,""neckline_distance_pct"":0.03843026917495007,""base_bars"":68},""pattern_geometry_features"":{""cup_depth_pct"":0.1430860680436093,""rim_symmetry_pct"":0.03880006026406622,""handle_depth_pct"":0.06592232276223821,""handle_to_cup_ratio"":0.11475409836065574,""cup_duration_bars"":61.0,""atr_pct"":0.03130343109066514,""u_shape_score"":0.32786885245901637},""_schema_version"":""1.0""}",,,,,,,,,,
20260608T171746Z-5e850b,2026-06-08T17:17:46.036346+00:00,QCOM,double_bottom,invalidated,53.49,81.6,79.4,18.4,39.8,1.8,29.2,31.9,84.0,96.6,12.24,19.86,1.47,5.57,0.23,2.34,1.92,5.04,4.83,False,,217.215,259.92,231.7902,284.52,"{""trend"":{""T1_ema_stack"":{""value"":[false,true,true],""score"":66.66666666666666},""T2_ema50_slope"":{""value"":0.9699595139607944,""score"":100},""T3_high_proximity"":{""value"":0.8653294558202533,""score"":32.66472791012664},""T4_rs_1m"":{""value"":0.059170240442045996,""score"":100},""T5_rs_3m"":{""value"":0.4798994617714232,""score"":100},""T6_adr_healthy"":{""value"":7.281697003049771,""score"":100.0},""_score"":81.57},""geometry"":{""sub_low_similarity"":95.9,""sub_bounce_quality"":100,""sub_separation_fit"":20.0,""sub_right_bottom_reaction"":51.1,""sub_base_context"":100.0,""_score"":79.44},""compression"":{""VC1_atr_ratio"":{""value"":0.9738407676880233,""score"":6.5398080779941745},""VC2_range_contraction"":{""value"":0.8938386744513224,""score"":17.69355425811294},""VC3_range_pct_rank"":{""score"":38.33333333333333},""_score"":18.39},""sr_quality"":{""SR1_touches"":{""value"":2,""score"":25.0},""SR2_tightness"":{""value"":3.285000000000011,""score"":65.23745148719674},""SR3_recency"":{""value"":237,""score"":0.0},""SR4_price_location"":{""score"":30.0},""SR5_reaction"":{""value"":2.2873439455228,""score"":100},""_score"":39.79,""_levels_found"":4,""_target_level"":187.735},""volume"":{""V1_rvol_day"":{""value"":0.36491055495477026,""score"":0},""V2_rvol_sameslot"":{""value"":0.4996911778666708,""score"":0,""status"":""ok""},""V3_breakout_bar"":{""value"":0.6048214976541076,""score"":6.988099843607176},""V4_base_dryup"":{""value"":2.0044214838376595,""score"":0},""V5_bo_expansion"":{""value"":0.36491055495477026,""score"":0},""_score"":1.75},""readiness"":{""_distance_atr"":2.26,""BR1_atr_distance"":{""score"":0},""BR2_compression"":{""score"":46.97189692761959},""BR3_retest"":{""score"":50.0},""BR4_bo_age"":{""score"":50.0},""_score"":29.24},""risk"":{""R1_stop_clarity"":{""score"":62.646927324051035},""R2_stop_distance_pct"":{""value"":-6.710033837442163,""score"":0.0},""R3_stop_distance_atr"":{""value"":-0.7711888844502408,""score"":0.0},""R4_rr_potential"":{""value"":null,""score"":50.0},""_score"":31.93},""market"":{""M1_spy_regime"":{""score"":100.0},""M3_earnings_risk"":{""value"":null,""score"":80.0},""M4_vix"":{""value"":null,""score"":60.0},""_score"":84.0},""liquidity"":{""L1_price"":{""value"":217.215,""score"":100.0},""L2_dollar_vol"":{""value"":1949842716.9529188,""score"":100.0},""L3_spread_proxy"":{""value"":0.03360725548419773,""score"":66.39274451580226},""L4_volume_zscore"":{""value"":-1.9300898122728445,""score"":100.0},""_score"":96.64},""pattern_structure"":{""left_low"":235.8001,""left_idx"":23,""right_low"":235.32,""right_idx"":65,""separation_bars"":42,""structural_low"":235.32,""current_price"":218.42,""neckline_distance_pct"":0.1900009156670636,""base_bars"":42},""pattern_geometry_features"":{""low_similarity_pct"":0.002038121489615888,""bounce_pct"":0.10453850076491596,""right_bottom_reaction"":0.5114235500878731,""atr_pct"":0.08700895426190641},""_schema_version"":""1.0""}",,,,,,,,,,
20260608T171746Z-5e850b,2026-06-08T17:17:46.036346+00:00,SBGSY,double_bottom,forming,53.49,53.6,61.2,54.6,55.4,25.1,17.5,67.9,84.0,85.0,8.04,15.31,4.37,7.76,3.26,1.4,4.07,5.04,4.25,True,risk_unclear,62.35,67.1499,59.7304,73.6598,"{""trend"":{""T1_ema_stack"":{""value"":[false,true,true],""score"":66.66666666666666},""T2_ema50_slope"":{""value"":0.08210195819981803,""score"":63.683659699969674},""T3_high_proximity"":{""value"":0.9332435264182009,""score"":66.62176320910041},""T4_rs_1m"":{""value"":-0.03396353449139744,""score"":16.03646550860256},""T5_rs_3m"":{""value"":-0.020272715911810346,""score"":39.86364204409483},""T6_adr_healthy"":{""value"":2.189361444216003,""score"":100.0},""_score"":53.58},""geometry"":{""sub_low_similarity"":49.5,""sub_bounce_quality"":100,""sub_separation_fit"":0.0,""sub_right_bottom_reaction"":42.5,""sub_base_context"":100.0,""_score"":61.23},""compression"":{""VC1_atr_ratio"":{""value"":0.7693715274312148,""score"":57.65711814219628},""VC2_range_contraction"":{""value"":0.8371132427948216,""score"":27.14779286752974},""VC3_range_pct_rank"":{""score"":88.33333333333333},""_score"":54.65},""sr_quality"":{""SR1_touches"":{""value"":3,""score"":50.0},""SR2_tightness"":{""value"":0.20154955277108139,""score"":80.87622593989022},""SR3_recency"":{""value"":254,""score"":0.0},""SR4_price_location"":{""score"":53.18295739348381},""SR5_reaction"":{""value"":3.018884122110844,""score"":100},""_score"":55.43,""_levels_found"":5,""_target_level"":65.4633},""volume"":{""V1_rvol_day"":{""value"":1.0010473203133652,""score"":33.40315468755768},""V2_rvol_sameslot"":{""value"":0.6138202719784541,""score"":7.588018131896941,""status"":""ok""},""V3_breakout_bar"":{""value"":0.471279353239371,""score"":0},""V4_base_dryup"":{""value"":0.6577691472884605,""score"":84.22308527115395},""V5_bo_expansion"":{""value"":1.0010473203133652,""score"":0.06982135422434568},""_score"":25.05},""readiness"":{""_distance_atr"":2.277,""BR1_atr_distance"":{""score"":0},""BR2_compression"":{""score"":0},""BR3_retest"":{""score"":50.0},""BR4_bo_age"":{""score"":50.0},""_score"":17.5},""risk"":{""R1_stop_clarity"":{""score"":13.693755972592456},""R2_stop_distance_pct"":{""value"":4.201443464314352,""score"":100.0},""R3_stop_distance_atr"":{""value"":1.2427871418986218,""score"":87.13935709493109},""R4_rr_potential"":{""value"":4.317376698732635,""score"":100.0},""_score"":67.86},""market"":{""M1_spy_regime"":{""score"":100.0},""M3_earnings_risk"":{""value"":null,""score"":80.0},""M4_vix"":{""value"":null,""score"":60.0},""_score"":84.0},""liquidity"":{""L1_price"":{""value"":62.35,""score"":100.0},""L2_dollar_vol"":{""value"":20205764.5,""score"":65.27376434707554},""L3_spread_proxy"":{""value"":0.0110665597433842,""score"":88.9334402566158},""L4_volume_zscore"":{""value"":0.0037182247939030128,""score"":100.0},""_score"":85.0},""pattern_structure"":{""left_low"":62.19,""left_idx"":30,""right_low"":60.64,""right_idx"":76,""separation_bars"":46,""structural_low"":60.64,""current_price"":62.42,""neckline_distance_pct"":0.07577539250240309,""base_bars"":46},""pattern_geometry_features"":{""low_similarity_pct"":0.025238134006350194,""bounce_pct"":0.10735323218997364,""right_bottom_reaction"":0.42519685039369587,""atr_pct"":0.03380662160614047},""_schema_version"":""1.0""}",,,,,,,,,,
20260608T171746Z-5e850b,2026-06-08T17:17:46.036346+00:00,AMAT,bull_flag,absent,53.28,98.3,46.7,17.2,45.6,31.1,35.5,69.0,84.0,94.6,13.77,14.01,1.55,4.56,4.36,3.2,2.07,5.04,4.73,False,,490.5875,510.75,448.9236,583.28,"{""trend"":{""T1_ema_stack"":{""value"":[true,true,true],""score"":100.0},""T2_ema50_slope"":{""value"":0.4097795560333387,""score"":100},""T3_high_proximity"":{""value"":0.9778503089495715,""score"":88.92515447478571},""T4_rs_1m"":{""value"":0.18145836046570873,""score"":100},""T5_rs_3m"":{""value"":0.35454832531191305,""score"":100},""T6_adr_healthy"":{""value"":4.467642693693234,""score"":100.0},""_score"":98.34},""geometry"":{""sub_pole_impulse"":57.9,""sub_flag_tightness"":17.3,""sub_flag_shallowness"":0,""sub_flag_drift"":100,""sub_flag_duration"":100.0,""_score"":46.69},""compression"":{""VC1_atr_ratio"":{""value"":0.8612181297068435,""score"":34.69546757328912},""VC2_range_contraction"":{""value"":1.3496879988469632,""score"":0},""VC3_range_pct_rank"":{""score"":13.33333333333333},""_score"":17.21},""sr_quality"":{""SR1_touches"":{""value"":3,""score"":50.0},""SR2_tightness"":{""value"":5.044432574851446,""score"":58.81433044156361},""SR3_recency"":{""value"":237,""score"":0.0},""SR4_price_location"":{""score"":30.0},""SR5_reaction"":{""value"":1.9050208663318422,""score"":95.2510433165921},""_score"":45.61,""_levels_found"":5,""_target_level"":400.2034},""volume"":{""V1_rvol_day"":{""value"":0.5039386987173741,""score"":0.26257991449160445},""V2_rvol_sameslot"":{""value"":1.3984164399975334,""score"":59.894429333168894,""status"":""ok""},""V3_breakout_bar"":{""value"":0.8992459973732347,""score"":26.616399824882315},""V4_base_dryup"":{""value"":0.8783072025880987,""score"":62.16927974119013},""V5_bo_expansion"":{""value"":0.5039386987173742,""score"":0},""_score"":31.12},""readiness"":{""_distance_atr"":0.823,""BR1_atr_distance"":{""score"":45.1272235842813},""BR2_compression"":{""score"":0},""BR3_retest"":{""score"":50.0},""BR4_bo_age"":{""score"":50.0},""_score"":35.55},""risk"":{""R1_stop_clarity"":{""score"":44.183670374940576},""R2_stop_distance_pct"":{""value"":8.49265421560884,""score"":87.68364460977902},""R3_stop_distance_atr"":{""value"":1.7008410683002058,""score"":100.0},""R4_rr_potential"":{""value"":2.2247677245769113,""score"":61.23838622884556},""_score"":69.02},""market"":{""M1_spy_regime"":{""score"":100.0},""M3_earnings_risk"":{""value"":null,""score"":80.0},""M4_vix"":{""value"":null,""score"":60.0},""_score"":84.0},""liquidity"":{""L1_price"":{""value"":490.5875,""score"":100.0},""L2_dollar_vol"":{""value"":2025981289.2022078,""score"":100.0},""L3_spread_proxy"":{""value"":0.054210512905444944,""score"":45.78948709455506},""L4_volume_zscore"":{""value"":-1.4692352073657082,""score"":100.0},""_score"":94.58},""pattern_structure"":{""pole_low"":438.22,""pole_low_idx"":27,""peak_price"":510.75,""peak_idx"":50,""pole_gain"":0.16551047419104553,""flag_bars"":9,""flag_low"":455.76,""flag_high"":497.71,""structural_low"":455.76,""current_price"":492.91,""neckline_distance_pct"":0.036193219857580436,""base_bars"":9},""pattern_geometry_features"":{""pole_gain"":0.16551047419104553,""pullback_pct"":0.10766519823788548,""flag_range_pct"":0.08213411649534995,""flag_drift_per_bar"":0.00433775942869899,""atr_pct"":0.04993208580091652,""pole_atr_multiple"":3.3147118037678194},""_schema_version"":""1.0""}",,,,,,,,,,
20260608T171746Z-5e850b,2026-06-08T17:17:46.036346+00:00,QBTS,vcp,setup,53.2,87.3,45.0,35.0,60.8,12.2,57.5,44.1,84.0,90.0,13.1,11.25,4.2,7.3,1.58,4.03,2.21,5.04,4.5,False,,26.25,24.78,17.469,28.745,"{""trend"":{""T1_ema_stack"":{""value"":[true,true,true],""score"":100.0},""T2_ema50_slope"":{""value"":0.7192011452285039,""score"":100},""T3_high_proximity"":{""value"":0.8709356337093563,""score"":35.46781685467815},""T4_rs_1m"":{""value"":0.18049278455306172,""score"":100},""T5_rs_3m"":{""value"":0.28580784894788547,""score"":100},""T6_adr_healthy"":{""value"":10.397095023720237,""score"":40.07262440699408},""_score"":87.32},""geometry"":{""sub_contraction_count"":100.0,""sub_reduction_rate"":0,""sub_pivot_tightness"":0,""sub_volume_dryup"":0,""sub_base_depth"":100.0,""sub_base_duration"":100.0,""_score"":45.0},""compression"":{""VC1_atr_ratio"":{""value"":0.7102996324132794,""score"":72.42509189668014},""VC2_range_contraction"":{""value"":1.1345265262440543,""score"":0},""VC3_range_pct_rank"":{""score"":24.16666666666667},""_score"":35.01},""sr_quality"":{""SR1_touches"":{""value"":5,""score"":100},""SR2_tightness"":{""value"":0.44004999715941395,""score"":72.11703197699104},""SR3_recency"":{""value"":228,""score"":0.0},""SR4_price_location"":{""score"":21.17217167012968},""SR5_reaction"":{""value"":1.9597677739382706,""score"":97.98838869691353},""_score"":60.81,""_levels_found"":4,""_target_level"":31.751},""volume"":{""V1_rvol_day"":{""value"":0.4428010923051962,""score"":0},""V2_rvol_sameslot"":{""value"":0.6827525122648388,""score"":12.183500817655919,""status"":""ok""},""V3_breakout_bar"":{""value"":0.5886153486984134,""score"":5.907689913227557},""V4_base_dryup"":{""value"":1.0871235712438871,""score"":41.28764287561128},""V5_bo_expansion"":{""value"":0.4428010923051962,""score"":0},""_score"":12.17},""readiness"":{""_distance_atr"":-0.466,""BR1_atr_distance"":{""score"":100.0},""BR2_compression"":{""score"":0},""BR3_retest"":{""score"":50.0},""BR4_bo_age"":{""score"":50.0},""_score"":57.5},""risk"":{""R1_stop_clarity"":{""score"":83.1438095302752},""R2_stop_distance_pct"":{""value"":33.451523809523806,""score"":0.0},""R3_stop_distance_atr"":{""value"":2.7819684225056975,""score"":100.0},""R4_rr_potential"":{""value"":0.28413539421650674,""score"":0.0},""_score"":44.1},""market"":{""M1_spy_regime"":{""score"":100.0},""M3_earnings_risk"":{""value"":null,""score"":80.0},""M4_vix"":{""value"":null,""score"":60.0},""_score"":84.0},""liquidity"":{""L1_price"":{""value"":26.25,""score"":100.0},""L2_dollar_vol"":{""value"":524321284.54256254,""score"":100.0},""L3_spread_proxy"":{""value"":0.10247619047619053,""score"":0},""L4_volume_zscore"":{""value"":-0.8006816257055848,""score"":100.0},""_score"":90.0},""pattern_structure"":{""n_contractions"":5,""contractions_pct"":[20.46,22.39,23.78,23.92,28.43],""descending_strict"":false,""final_low"":17.735,""final_pivot"":24.78,""structural_low"":17.735,""dry_up_ratio"":1.140707468182789,""current_price"":26.25,""neckline_distance_pct"":-0.05599999999999996,""base_bars"":57},""pattern_geometry_features"":{""contraction_count"":5.0,""first_contraction_pct"":0.20460829493087548,""last_contraction_pct"":0.2843018563357547,""dry_up_ratio"":1.140707468182789,""near_monotone"":0.0,""base_depth_pct"":0.1827188940092166},""_schema_version"":""1.0""}",,,,,,,,,,
20260608T171746Z-5e850b,2026-06-08T17:17:46.036346+00:00,TXN,inverse_head_shoulders,forming,53.17,76.5,66.9,25.3,48.7,12.6,17.5,69.8,84.0,97.2,9.17,18.74,2.03,6.82,1.76,1.4,4.19,4.2,4.86,False,,292.3,321.2,285.5811,352.47,"{""trend"":{""T1_ema_stack"":{""value"":[false,true,true],""score"":66.66666666666666},""T2_ema50_slope"":{""value"":0.6733803737847217,""score"":100},""T3_high_proximity"":{""value"":0.8996891255501863,""score"":49.84456277509314},""T4_rs_1m"":{""value"":0.011519451166160488,""score"":61.519451166160486},""T5_rs_3m"":{""value"":0.39693769844119986,""score"":100},""T6_adr_healthy"":{""value"":3.4913636107205805,""score"":100.0},""_score"":76.45},""geometry"":{""sub_head_depth"":79.3,""sub_shoulder_price_sym"":60.2,""sub_shoulder_time_sym"":52.9,""sub_right_shoulder_reaction"":50.3,""sub_base_context"":100.0,""_score"":66.92},""compression"":{""VC1_atr_ratio"":{""value"":0.8465592309601482,""score"":38.36019225996296},""VC2_range_contraction"":{""value"":1.2343429114431603,""score"":0},""VC3_range_pct_rank"":{""score"":40.0},""_score"":25.34},""sr_quality"":{""SR1_touches"":{""value"":3,""score"":50.0},""SR2_tightness"":{""value"":1.6820886487406745,""score"":74.91592721403961},""SR3_recency"":{""value"":229,""score"":0.0},""SR4_price_location"":{""score"":30.0},""SR5_reaction"":{""value"":2.1370792002307857,""score"":100},""_score"":48.74,""_levels_found"":6,""_target_level"":289.9033},""volume"":{""V1_rvol_day"":{""value"":0.41066821566633144,""score"":0},""V2_rvol_sameslot"":{""value"":0.8605045074983061,""score"":24.033633833220406,""status"":""ok""},""V3_breakout_bar"":{""value"":0.5342323492832678,""score"":2.2821566188845193},""V4_base_dryup"":{""value"":1.1415429893012634,""score"":35.845701069873655},""V5_bo_expansion"":{""value"":0.41066821566633144,""score"":0},""_score"":12.55},""readiness"":{""_distance_atr"":2.155,""BR1_atr_distance"":{""score"":0},""BR2_compression"":{""score"":0},""BR3_retest"":{""score"":50.0},""BR4_bo_age"":{""score"":50.0},""_score"":17.5},""risk"":{""R1_stop_clarity"":{""score"":35.14647493509088},""R2_stop_distance_pct"":{""value"":2.298648648648651,""score"":100.0},""R3_stop_distance_atr"":{""value"":0.5009802276812465,""score"":50.049011384062325},""R4_rr_potential"":{""value"":8.955268308292203,""score"":100.0},""_score"":69.81},""market"":{""M1_spy_regime"":{""score"":100.0},""M3_earnings_risk"":{""value"":null,""score"":80.0},""M4_vix"":{""value"":null,""score"":60.0},""_score"":84.0},""liquidity"":{""L1_price"":{""value"":292.3,""score"":100.0},""L2_dollar_vol"":{""value"":951852030.8169215,""score"":100.0},""L3_spread_proxy"":{""value"":0.027540198426274413,""score"":72.45980157372558},""L4_volume_zscore"":{""value"":-1.6298428718778706,""score"":100.0},""_score"":97.25},""pattern_structure"":{""left_shoulder"":313.11,""left_shoulder_idx"":55,""head"":289.93,""head_idx"":68,""right_shoulder"":303.3,""right_shoulder_idx"":85,""left_to_head_bars"":13,""head_to_right_bars"":17,""structural_low"":289.93,""current_price"":292.11,""neckline_distance_pct"":0.09958577248296865,""base_bars"":30},""pattern_geometry_features"":{""head_depth_pct"":0.05929494978991266,""shoulder_price_asymmetry"":0.03182946415535115,""shoulder_time_asymmetry"":0.23529411764705882,""right_shoulder_reaction"":0.5026954177897511,""atr_pct"":0.045883021357704924},""_schema_version"":""1.0""}",,,,,,,,,,
20260608T171746Z-5e850b,2026-06-08T17:17:46.036346+00:00,BELFB,vcp,absent,53.13,71.3,44.9,55.7,60.5,21.8,30.3,56.4,84.0,89.2,10.69,11.22,6.68,7.25,2.83,2.12,2.82,5.04,4.46,False,,273.31,287.38,259.1338,272.91,"{""trend"":{""T1_ema_stack"":{""value"":[true,true,true],""score"":100.0},""T2_ema50_slope"":{""value"":0.25712206535927085,""score"":92.85367755987848},""T3_high_proximity"":{""value"":0.902817692333102,""score"":51.408846166551},""T4_rs_1m"":{""value"":-0.07227591023684632,""score"":0},""T5_rs_3m"":{""value"":0.33203101862866635,""score"":100},""T6_adr_healthy"":{""value"":5.077300454926631,""score"":100.0},""_score"":71.28},""geometry"":{""sub_contraction_count"":100.0,""sub_reduction_rate"":0,""sub_pivot_tightness"":22.0,""sub_volume_dryup"":43.9,""sub_base_depth"":0.0,""sub_base_duration"":100.0,""_score"":44.88},""compression"":{""VC1_atr_ratio"":{""value"":0.4370895418037484,""score"":100},""VC2_range_contraction"":{""value"":0.8702769870015448,""score"":21.620502166409207},""VC3_range_pct_rank"":{""score"":32.49999999999999},""_score"":55.69},""sr_quality"":{""SR1_touches"":{""value"":3,""score"":50.0},""SR2_tightness"":{""value"":2.0485509518247844,""score"":70.28618653836105},""SR3_recency"":{""value"":227,""score"":0.0},""SR4_price_location"":{""score"":79.62075733639716},""SR5_reaction"":{""value"":2.3925588324882563,""score"":100},""_score"":60.45,""_levels_found"":6,""_target_level"":280.405},""volume"":{""V1_rvol_day"":{""value"":0.5725399732343885,""score"":4.835998215625903},""V2_rvol_sameslot"":{""value"":1.0653878762829971,""score"":37.69252508553314,""status"":""ok""},""V3_breakout_bar"":{""value"":1.2977485742802408,""score"":53.18323828534939},""V4_base_dryup"":{""value"":1.8574302287609068,""score"":0},""V5_bo_expansion"":{""value"":0.5725399732343885,""score"":0},""_score"":21.8},""readiness"":{""_distance_atr"":1.02,""BR1_atr_distance"":{""score"":31.972507195414863},""BR2_compression"":{""score"":0},""BR3_retest"":{""score"":50.0},""BR4_bo_age"":{""score"":50.0},""_score"":30.29},""risk"":{""R1_stop_clarity"":{""score"":42.761174391161525},""R2_stop_distance_pct"":{""value"":5.1868574146573465,""score"":100.0},""R3_stop_distance_atr"":{""value"":1.0281144386954797,""score"":76.40572193477398},""R4_rr_potential"":{""value"":-0.028216306203353327,""score"":0.0},""_score"":56.43},""market"":{""M1_spy_regime"":{""score"":100.0},""M3_earnings_risk"":{""value"":null,""score"":80.0},""M4_vix"":{""value"":null,""score"":60.0},""_score"":84.0},""liquidity"":{""L1_price"":{""value"":273.31,""score"":100.0},""L2_dollar_vol"":{""value"":53839542.19926629,""score"":86.55506792002919},""L3_spread_proxy"":{""value"":0.053748490724817966,""score"":46.25150927518204},""L4_volume_zscore"":{""value"":-0.7046957836204417,""score"":100.0},""_score"":89.25},""pattern_structure"":{""n_contractions"":5,""contractions_pct"":[11.9,16.5,13.39,19.87,8.46],""descending_strict"":false,""final_low"":263.08,""final_pivot"":287.38,""structural_low"":263.08,""dry_up_ratio"":0.7804407495458171,""current_price"":273.31,""neckline_distance_pct"":0.051480004390618686,""base_bars"":73},""pattern_geometry_features"":{""contraction_count"":5.0,""first_contraction_pct"":0.11898153734765299,""last_contraction_pct"":0.084557032500522,""dry_up_ratio"":0.7804407495458171,""near_monotone"":0.0,""base_depth_pct"":-0.05820361208318237},""_schema_version"":""1.0""}",,,,,,,,,,
20260608T171746Z-5e850b,2026-06-08T17:17:46.036346+00:00,CW,double_bottom,forming,53.1,60.5,55.9,68.2,57.3,14.6,35.3,57.8,84.0,67.1,9.07,13.97,5.46,8.03,1.89,2.83,3.47,5.04,3.36,True,risk_unclear,730.38,758.4487,717.4937,788.4774,"{""trend"":{""T1_ema_stack"":{""value"":[false,true,true],""score"":66.66666666666666},""T2_ema50_slope"":{""value"":0.11301020742120929,""score"":68.83503457020154},""T3_high_proximity"":{""value"":0.97254327563249,""score"":86.27163781624498},""T4_rs_1m"":{""value"":-0.005018281690692961,""score"":44.98171830930704},""T5_rs_3m"":{""value"":-0.05900966288826193,""score"":20.495168555869036},""T6_adr_healthy"":{""value"":3.0231590276761215,""score"":100.0},""_score"":60.45},""geometry"":{""sub_low_similarity"":82.0,""sub_bounce_quality"":16.0,""sub_separation_fit"":0.0,""sub_right_bottom_reaction"":53.9,""sub_base_context"":100.0,""_score"":55.88},""compression"":{""VC1_atr_ratio"":{""value"":0.36322420922374776,""score"":100},""VC2_range_contraction"":{""value"":0.9271968952652405,""score"":12.133850789126582},""VC3_range_pct_rank"":{""score"":95.83333333333334},""_score"":68.21},""sr_quality"":{""SR1_touches"":{""value"":4,""score"":75.0},""SR2_tightness"":{""value"":5.358953819718464,""score"":53.1219869335404},""SR3_recency"":{""value"":231,""score"":0.0},""SR4_price_location"":{""score"":47.43592080835201},""SR5_reaction"":{""value"":2.2163118783732947,""score"":100},""_score"":57.33,""_levels_found"":6,""_target_level"":754.3274},""volume"":{""V1_rvol_day"":{""value"":0.2381948051518948,""score"":0},""V2_rvol_sameslot"":{""value"":0.46595041514733815,""score"":0,""status"":""ok""},""V3_breakout_bar"":{""value"":0.5299999310131425,""score"":1.9999954008761645},""V4_base_dryup"":{""value"":0.7965093049518506,""score"":70.34906950481493},""V5_bo_expansion"":{""value"":0.23819480515189476,""score"":0},""_score"":14.57},""readiness"":{""_distance_atr"":1.228,""BR1_atr_distance"":{""score"":18.155363302629155},""BR2_compression"":{""score"":42.30979685450653},""BR3_retest"":{""score"":50.0},""BR4_bo_age"":{""score"":50.0},""_score"":35.34},""risk"":{""R1_stop_clarity"":{""score"":4.42103974037137},""R2_stop_distance_pct"":{""value"":1.76432815794518,""score"":94.1082039486295},""R3_stop_distance_atr"":{""value"":0.5636213336599107,""score"":53.181066682995535},""R4_rr_potential"":{""value"":4.508462475652443,""score"":100.0},""_score"":57.76},""market"":{""M1_spy_regime"":{""score"":100.0},""M3_earnings_risk"":{""value"":null,""score"":80.0},""M4_vix"":{""value"":null,""score"":60.0},""_score"":84.0},""liquidity"":{""L1_price"":{""value"":730.38,""score"":0.0},""L2_dollar_vol"":{""value"":48744014.13756882,""score"":84.39606455389553},""L3_spread_proxy"":{""value"":0.016292751718283635,""score"":83.70724828171636},""L4_volume_zscore"":{""value"":-1.3713850495870532,""score"":100.0},""_score"":67.13},""pattern_structure"":{""left_low"":735.01,""left_idx"":29,""right_low"":728.42,""right_idx"":76,""separation_bars"":47,""structural_low"":728.42,""current_price"":731.59,""neckline_distance_pct"":0.03671277628179718,""base_bars"":47},""pattern_geometry_features"":{""low_similarity_pct"":0.009006238767826316,""bounce_pct"":0.04122443096016045,""right_bottom_reaction"":0.5391414141414069,""atr_pct"":0.03130343109066514},""_schema_version"":""1.0""}",,,,,,,,,,
20260608T171746Z-5e850b,2026-06-08T17:17:46.036346+00:00,NVT,vcp,forming,53.08,68.1,54.4,52.5,47.8,24.9,26.4,45.5,84.0,96.6,10.22,13.6,6.3,5.74,3.24,1.85,2.28,5.04,4.83,False,,162.55,170.989,159.8359,138.6548,"{""trend"":{""T1_ema_stack"":{""value"":[false,true,true],""score"":66.66666666666666},""T2_ema50_slope"":{""value"":0.5475488795117636,""score"":100},""T3_high_proximity"":{""value"":0.921537502125971,""score"":60.76875106298546},""T4_rs_1m"":{""value"":-0.03830210885811047,""score"":11.697891141889528},""T5_rs_3m"":{""value"":0.4104144635349023,""score"":100},""T6_adr_healthy"":{""value"":3.9515136473771784,""score"":100.0},""_score"":68.12},""geometry"":{""sub_contraction_count"":100.0,""sub_reduction_rate"":4.6,""sub_pivot_tightness"":70.0,""sub_volume_dryup"":51.5,""sub_base_depth"":0.0,""sub_base_duration"":100.0,""_score"":54.38},""compression"":{""VC1_atr_ratio"":{""value"":0.508456564901594,""score"":100},""VC2_range_contraction"":{""value"":1.0371063646879362,""score"":0},""VC3_range_pct_rank"":{""score"":50.0},""_score"":52.5},""sr_quality"":{""SR1_touches"":{""value"":2,""score"":25.0},""SR2_tightness"":{""value"":1.5,""score"":58.53645534080073},""SR3_recency"":{""value"":228,""score"":0.0},""SR4_price_location"":{""score"":66.13633825792704},""SR5_reaction"":{""value"":2.2058605758694023,""score"":100},""_score"":47.81,""_levels_found"":7,""_target_level"":176.5},""volume"":{""V1_rvol_day"":{""value"":0.4995488981605943,""score"":0},""V2_rvol_sameslot"":{""value"":1.0065921214323263,""score"":33.77280809548842,""status"":""ok""},""V3_breakout_bar"":{""value"":0.7586539549693978,""score"":17.243596997959855},""V4_base_dryup"":{""value"":0.8081303324672182,""score"":69.18696675327817},""V5_bo_expansion"":{""value"":0.4995488981605943,""score"":0},""_score"":24.9},""readiness"":{""_distance_atr"":1.166,""BR1_atr_distance"":{""score"":22.242032582448374},""BR2_compression"":{""score"":0},""BR3_retest"":{""score"":50.0},""BR4_bo_age"":{""score"":50.0},""_score"":26.4},""risk"":{""R1_stop_clarity"":{""score"":32.717106081516974},""R2_stop_distance_pct"":{""value"":1.669670870501393,""score"":91.74177176253482},""R3_stop_distance_atr"":{""value"":0.37511377794100126,""score"":43.755688897050064},""R4_rr_potential"":{""value"":-8.804259317256458,""score"":0.0},""_score"":45.54},""market"":{""M1_spy_regime"":{""score"":100.0},""M3_earnings_risk"":{""value"":null,""score"":80.0},""M4_vix"":{""value"":null,""score"":60.0},""_score"":84.0},""liquidity"":{""L1_price"":{""value"":162.55,""score"":100.0},""L2_dollar_vol"":{""value"":144744856.3828472,""score"":100.0},""L3_spread_proxy"":{""value"":0.03365118425099968,""score"":66.34881574900032},""L4_volume_zscore"":{""value"":-2.106910533266483,""score"":100.0},""_score"":96.63},""pattern_structure"":{""n_contractions"":5,""contractions_pct"":[14.33,5.38,7.3,13.03,5.1],""descending_strict"":false,""final_low"":162.27,""final_pivot"":170.989,""structural_low"":162.27,""dry_up_ratio"":0.7423165745179293,""current_price"":162.55,""neckline_distance_pct"":0.05191633343586584,""base_bars"":45},""pattern_geometry_features"":{""contraction_count"":5.0,""first_contraction_pct"":0.14326921448900154,""last_contraction_pct"":0.05099158425395782,""dry_up_ratio"":0.7423165745179293,""near_monotone"":0.0,""base_depth_pct"":-0.2488475077692215},""_schema_version"":""1.0""}",,,,,,,,,,
20260608T171746Z-5e850b,2026-06-08T17:17:46.036346+00:00,MMM,ascending_triangle,absent,52.99,70.4,40.2,65.7,61.7,16.7,43.6,46.4,84.0,97.9,10.55,11.26,5.26,8.64,2.01,3.49,1.86,5.04,4.89,True,risk_unclear,154.99,156.69,146.9423,164.2,"{""trend"":{""T1_ema_stack"":{""value"":[true,true,false],""score"":66.66666666666666},""T2_ema50_slope"":{""value"":0.048522774994687184,""score"":58.0871291657812},""T3_high_proximity"":{""value"":0.9983252818035427,""score"":99.16264090177135},""T4_rs_1m"":{""value"":0.0649596687098919,""score"":100},""T5_rs_3m"":{""value"":-0.07070941831646915,""score"":14.645290841765423},""T6_adr_healthy"":{""value"":2.002548259031076,""score"":100.0},""_score"":70.36},""geometry"":{""sub_flat_top_quality"":66.7,""sub_hl_slope"":17.3,""sub_compression"":0,""sub_duration"":100.0,""_score"":40.2},""compression"":{""VC1_atr_ratio"":{""value"":0.3924321746914645,""score"":100},""VC2_range_contraction"":{""value"":0.7774051858994655,""score"":37.09913568342242},""VC3_range_pct_rank"":{""score"":50.83333333333333},""_score"":65.69},""sr_quality"":{""SR1_touches"":{""value"":4,""score"":75.0},""SR2_tightness"":{""value"":0.8708177460726212,""score"":46.59782980347041},""SR3_recency"":{""value"":232,""score"":0.0},""SR4_price_location"":{""score"":68.75465204589116},""SR5_reaction"":{""value"":2.6496254845704064,""score"":100},""_score"":61.68,""_levels_found"":4,""_target_level"":158.0859},""volume"":{""V1_rvol_day"":{""value"":0.2949506633131401,""score"":0},""V2_rvol_sameslot"":{""value"":0.7404595283761395,""score"":16.030635225075965,""status"":""ok""},""V3_breakout_bar"":{""value"":0.7285068682298973,""score"":15.233791215326487},""V4_base_dryup"":{""value"":1.0148395527437404,""score"":48.51604472562596},""V5_bo_expansion"":{""value"":0.2949506633131401,""score"":0},""_score"":16.72},""readiness"":{""_distance_atr"":0.521,""BR1_atr_distance"":{""score"":65.24964045058675},""BR2_compression"":{""score"":0},""BR3_retest"":{""score"":50.0},""BR4_bo_age"":{""score"":50.0},""_score"":43.6},""risk"":{""R1_stop_clarity"":{""score"":0},""R2_stop_distance_pct"":{""value"":5.192399509645778,""score"":100.0},""R3_stop_distance_atr"":{""value"":2.467592369521893,""score"":100.0},""R4_rr_potential"":{""value"":1.1444263578413694,""score"":7.221317892068468},""_score"":46.44},""market"":{""M1_spy_regime"":{""score"":100.0},""M3_earnings_risk"":{""value"":null,""score"":80.0},""M4_vix"":{""value"":null,""score"":60.0},""_score"":84.0},""liquidity"":{""L1_price"":{""value"":154.99,""score"":100.0},""L2_dollar_vol"":{""value"":171554889.82195786,""score"":100.0},""L3_spread_proxy"":{""value"":0.02109813536357191,""score"":78.90186463642809},""L4_volume_zscore"":{""value"":-1.54758587104183,""score"":100.0},""_score"":97.89},""pattern_structure"":{""top"":156.69,""top_touches"":3,""low_slope_per_bar"":0.07750364095169221,""lowest_low"":149.18,""structural_low"":149.18,""current_price"":155.1405,""neckline_distance_pct"":0.009987720807912794,""base_bars"":29},""pattern_geometry_features"":{""top_touches"":3.0,""low_slope"":0.07750364095169221,""compression"":-0.001423429887400962,""atr_pct"":0.021042371397232956},""_schema_version"":""1.0""}",,,,,,,,,,
20260608T171746Z-5e850b,2026-06-08T17:17:46.036346+00:00,CARR,ascending_triangle,absent,52.96,78.4,44.3,55.3,55.6,10.3,36.2,63.5,84.0,97.4,11.75,12.42,4.43,7.79,1.24,2.89,2.54,5.04,4.87,True,risk_unclear,67.55,69.83,65.4336,73.23,"{""trend"":{""T1_ema_stack"":{""value"":[true,true,true],""score"":100.0},""T2_ema50_slope"":{""value"":0.12872149960942808,""score"":71.45358326823802},""T3_high_proximity"":{""value"":0.9855558797782316,""score"":92.77793988911576},""T4_rs_1m"":{""value"":-0.008322382439481357,""score"":41.67761756051864},""T5_rs_3m"":{""value"":0.05750603776019503,""score"":78.75301888009751},""T6_adr_healthy"":{""value"":3.0213543904494045,""score"":100.0},""_score"":78.36},""geometry"":{""sub_flat_top_quality"":33.3,""sub_hl_slope"":64.5,""sub_compression"":0,""sub_duration"":100.0,""_score"":44.34},""compression"":{""VC1_atr_ratio"":{""value"":0.3595248618082246,""score"":100},""VC2_range_contraction"":{""value"":0.9726821907799849,""score"":4.552968203335857},""VC3_range_pct_rank"":{""score"":55.00000000000001},""_score"":55.34},""sr_quality"":{""SR1_touches"":{""value"":4,""score"":75.0},""SR2_tightness"":{""value"":0.5604183705054636,""score"":54.07079065080354},""SR3_recency"":{""value"":228,""score"":0.0},""SR4_price_location"":{""score"":40.021231422505046},""SR5_reaction"":{""value"":2.26879359968779,""score"":100},""_score"":55.62,""_levels_found"":6,""_target_level"":68.9625},""volume"":{""V1_rvol_day"":{""value"":0.26378228410007293,""score"":0},""V2_rvol_sameslot"":{""value"":0.4868709832930874,""score"":0,""status"":""ok""},""V3_breakout_bar"":{""value"":0.48225291938088044,""score"":0},""V4_base_dryup"":{""value"":0.9846383060607499,""score"":51.536169393925015},""V5_bo_expansion"":{""value"":0.26378228410007293,""score"":0},""_score"":10.31},""readiness"":{""_distance_atr"":0.934,""BR1_atr_distance"":{""score"":37.71403483096737},""BR2_compression"":{""score"":14.347317744460963},""BR3_retest"":{""score"":50.0},""BR4_bo_age"":{""score"":50.0},""_score"":36.17},""risk"":{""R1_stop_clarity"":{""score"":18.3357236938391},""R2_stop_distance_pct"":{""value"":3.1331606217616375,""score"":100.0},""R3_stop_distance_atr"":{""value"":0.8672705985657776,""score"":68.36352992828888},""R4_rr_potential"":{""value"":2.683739280398795,""score"":84.18696401993975},""_score"":63.51},""market"":{""M1_spy_regime"":{""score"":100.0},""M3_earnings_risk"":{""value"":null,""score"":80.0},""M4_vix"":{""value"":null,""score"":60.0},""_score"":84.0},""liquidity"":{""L1_price"":{""value"":67.55,""score"":100.0},""L2_dollar_vol"":{""value"":111693191.89869644,""score"":100.0},""L3_spread_proxy"":{""value"":0.026054774241302606,""score"":73.94522575869739},""L4_volume_zscore"":{""value"":-1.763556490826494,""score"":100.0},""_score"":97.39},""pattern_structure"":{""top"":69.83,""top_touches"":2,""low_slope_per_bar"":0.12847464342313744,""lowest_low"":66.43,""structural_low"":66.43,""current_price"":67.71,""neckline_distance_pct"":0.03130999852311335,""base_bars"":29},""pattern_geometry_features"":{""top_touches"":2.0,""low_slope"":0.12847464342313744,""compression"":-0.20124081791274562,""atr_pct"":0.03612667865073493},""_schema_version"":""1.0""}",,,,,,,,,,
20260608T171746Z-5e850b,2026-06-08T17:17:46.036346+00:00,JCI,breakout_retest_hold,setup,52.93,74.3,39.1,51.2,52.5,10.2,69.4,50.5,84.0,98.1,10.4,8.61,3.07,7.36,1.33,12.5,2.52,4.2,2.94,False,,143.765,142.195,140.877,141.985,"{""trend"":{""T1_ema_stack"":{""value"":[true,true,true],""score"":100.0},""T2_ema50_slope"":{""value"":0.02300693765324509,""score"":53.83448960887418},""T3_high_proximity"":{""value"":0.9753392130257801,""score"":87.66960651289001},""T4_rs_1m"":{""value"":0.019192062746266725,""score"":69.19206274626673},""T5_rs_3m"":{""value"":-0.012659740432144906,""score"":43.67012978392755},""T6_adr_healthy"":{""value"":2.780178104018306,""score"":100.0},""_score"":74.31},""geometry"":{""sub_retest_depth"":45.6,""sub_retest_timing"":0.0,""sub_retest_freshness"":100.0,""sub_hold_quality"":18.2,""_score"":39.14},""compression"":{""VC1_atr_ratio"":{""value"":0.6592016019838496,""score"":85.19959950403761},""VC2_range_contraction"":{""value"":1.044789741755182,""score"":0},""VC3_range_pct_rank"":{""score"":68.33333333333333},""_score"":51.16},""sr_quality"":{""SR1_touches"":{""value"":4,""score"":75.0},""SR2_tightness"":{""value"":0.9380931456950297,""score"":55.98972556718786},""SR3_recency"":{""value"":227,""score"":0.0},""SR4_price_location"":{""score"":26.593943953356835},""SR5_reaction"":{""value"":2.3863898481251202,""score"":100},""_score"":52.55,""_levels_found"":7,""_target_level"":147.0175},""volume"":{""V1_rvol_day"":{""value"":0.3004831404099981,""score"":0},""V2_rvol_sameslot"":{""value"":0.8063253508507935,""score"":20.421690056719566,""status"":""ok""},""V3_breakout_bar"":{""value"":0.6334200737466691,""score"":8.894671583111274},""V4_base_dryup"":{""value"":1.3037832665351363,""score"":19.621673346486375},""V5_bo_expansion"":{""value"":0.30048314040999813,""score"":0},""_score"":10.23},""readiness"":{""_distance_atr"":-0.368,""BR1_atr_distance"":{""score"":100.0},""BR2_compression"":{""score"":19.73952657367245},""BR3_retest"":{""score"":100},""BR4_bo_age"":{""score"":30.0},""_score"":69.43},""risk"":{""R1_stop_clarity"":{""score"":33.24050942564779},""R2_stop_distance_pct"":{""value"":2.0088338608145078,""score"":100.0},""R3_stop_distance_atr"":{""value"":0.6774469739238489,""score"":58.87234869619245},""R4_rr_potential"":{""value"":-0.6163434903047244,""score"":0.0},""_score"":50.47},""market"":{""M1_spy_regime"":{""score"":100.0},""M3_earnings_risk"":{""value"":null,""score"":80.0},""M4_vix"":{""value"":null,""score"":60.0},""_score"":84.0},""liquidity"":{""L1_price"":{""value"":143.765,""score"":100.0},""L2_dollar_vol"":{""value"":156866055.23610404,""score"":100.0},""L3_spread_proxy"":{""value"":0.01902410183285232,""score"":80.97589816714768},""L4_volume_zscore"":{""value"":-2.369814099632663,""score"":100.0},""_score"":98.1},""pattern_structure"":{""level"":142.195,""level_idx"":55,""breakout_idx"":59,""bo_peak_idx"":64,""bo_peak_price"":148.38,""retest_idx"":76,""retest_low"":142.3,""structural_low"":142.3,""current_price"":144.35,""neckline_distance_pct"":-0.014928992033252519,""base_bars"":24,""bars_since_breakout"":20},""pattern_geometry_features"":{""retest_depth_atr"":-0.08059210526317206,""bars_breakout_to_retest"":17.0,""bars_since_retest"":3.0,""current_above_level_atr"":1.654057017543865,""bo_peak_excess_pct"":0.04349660677239005,""atr_pct"":0.029653005152257404},""_schema_version"":""1.0""}",,,,,,,,,,
20260608T171746Z-5e850b,2026-06-08T17:17:46.036346+00:00,LRCX,ascending_triangle,absent,52.92,96.4,37.8,30.4,40.6,40.3,29.7,68.8,84.0,95.2,14.46,10.58,2.43,5.68,4.83,2.38,2.75,5.04,4.76,False,,327.33,345.17,299.4991,386.28,"{""trend"":{""T1_ema_stack"":{""value"":[true,true,true],""score"":100.0},""T2_ema50_slope"":{""value"":0.5354628281430505,""score"":100},""T3_high_proximity"":{""value"":0.9523435454307411,""score"":76.17177271537051},""T4_rs_1m"":{""value"":0.12920170234894268,""score"":100},""T5_rs_3m"":{""value"":0.4573563369199152,""score"":100},""T6_adr_healthy"":{""value"":4.49873976237221,""score"":100.0},""_score"":96.43},""geometry"":{""sub_flat_top_quality"":66.7,""sub_hl_slope"":9.3,""sub_compression"":0,""sub_duration"":100.0,""_score"":37.8},""compression"":{""VC1_atr_ratio"":{""value"":0.7691591037842817,""score"":57.71022405392958},""VC2_range_contraction"":{""value"":1.0931882833630429,""score"":0},""VC3_range_pct_rank"":{""score"":29.166666666666664},""_score"":30.38},""sr_quality"":{""SR1_touches"":{""value"":2,""score"":25.0},""SR2_tightness"":{""value"":2.5175000000000125,""score"":70.6002446573482},""SR3_recency"":{""value"":229,""score"":0.0},""SR4_price_location"":{""score"":30.0},""SR5_reaction"":{""value"":2.261036794947028,""score"":100},""_score"":40.59,""_levels_found"":7,""_target_level"":304.5175},""volume"":{""V1_rvol_day"":{""value"":0.5399478534419236,""score"":2.663190229461576},""V2_rvol_sameslot"":{""value"":1.7814998357321594,""score"":85.43332238214396,""status"":""ok""},""V3_breakout_bar"":{""value"":1.1456027311887123,""score"":43.04018207924749},""V4_base_dryup"":{""value"":0.9049826209902523,""score"":59.501737900974774},""V5_bo_expansion"":{""value"":0.5399478534419236,""score"":0},""_score"":40.28},""readiness"":{""_distance_atr"":1.042,""BR1_atr_distance"":{""score"":30.553904625897857},""BR2_compression"":{""score"":0},""BR3_retest"":{""score"":50.0},""BR4_bo_age"":{""score"":50.0},""_score"":29.72},""risk"":{""R1_stop_clarity"":{""score"":46.73710262470704},""R2_stop_distance_pct"":{""value"":8.502398191427607,""score"":87.44004521430982},""R3_stop_distance_atr"":{""value"":1.6250678271416157,""score"":100.0},""R4_rr_potential"":{""value"":2.1181492513716798,""score"":55.90746256858399},""_score"":68.77},""market"":{""M1_spy_regime"":{""score"":100.0},""M3_earnings_risk"":{""value"":null,""score"":80.0},""M4_vix"":{""value"":null,""score"":60.0},""_score"":84.0},""liquidity"":{""L1_price"":{""value"":327.33,""score"":100.0},""L2_dollar_vol"":{""value"":1547771433.7090924,""score"":100.0},""L3_spread_proxy"":{""value"":0.04790272813368774,""score"":52.09727186631226},""L4_volume_zscore"":{""value"":-2.449889534988484,""score"":100.0},""_score"":95.21},""pattern_structure"":{""top"":345.17,""top_touches"":3,""low_slope_per_bar"":0.08475697211155363,""lowest_low"":304.06,""structural_low"":304.06,""current_price"":328.86,""neckline_distance_pct"":0.04959557258407834,""base_bars"":41},""pattern_geometry_features"":{""top_touches"":3.0,""low_slope"":0.08475697211155363,""compression"":-0.0021310188776233474,""atr_pct"":0.052320266572397474},""_schema_version"":""1.0""}",,,,,,,,,,
20260608T171746Z-5e850b,2026-06-08T17:17:46.036346+00:00,ASML,breakout_retest_hold,setup,52.84,99.6,50.0,40.8,40.1,29.4,35.9,64.0,84.0,72.1,13.94,11.0,2.45,5.61,3.83,6.46,3.2,4.2,2.16,False,,1747.49,1654.2,1621.9962,1685.84,"{""trend"":{""T1_ema_stack"":{""value"":[true,true,true],""score"":100.0},""T2_ema50_slope"":{""value"":0.31401569337982893,""score"":100},""T3_high_proximity"":{""value"":0.9943213824418056,""score"":97.16069122090276},""T4_rs_1m"":{""value"":0.13901022114697947,""score"":100},""T5_rs_3m"":{""value"":0.19449269615370057,""score"":100},""T6_adr_healthy"":{""value"":3.5317624063127786,""score"":100.0},""_score"":99.57},""geometry"":{""sub_retest_depth"":100.0,""sub_retest_timing"":0.0,""sub_retest_freshness"":100.0,""sub_hold_quality"":0.0,""_score"":50.0},""compression"":{""VC1_atr_ratio"":{""value"":0.7173531351268866,""score"":70.66171621827834},""VC2_range_contraction"":{""value"":1.0974432528961777,""score"":0},""VC3_range_pct_rank"":{""score"":50.0},""_score"":40.76},""sr_quality"":{""SR1_touches"":{""value"":2,""score"":25.0},""SR2_tightness"":{""value"":11.745000000000005,""score"":67.19877149494845},""SR3_recency"":{""value"":231,""score"":0.0},""SR4_price_location"":{""score"":30.0},""SR5_reaction"":{""value"":2.5237284761263004,""score"":100},""_score"":40.08,""_levels_found"":5,""_target_level"":1591.745},""volume"":{""V1_rvol_day"":{""value"":0.8162829370510155,""score"":21.08552913673437},""V2_rvol_sameslot"":{""value"":1.3816544813859584,""score"":58.77696542573055,""status"":""ok""},""V3_breakout_bar"":{""value"":0.7813257160254478,""score"":18.75504773502985},""V4_base_dryup"":{""value"":1.0607023667295634,""score"":43.92976332704366},""V5_bo_expansion"":{""value"":0.8162829370510155,""score"":0},""_score"":29.45},""readiness"":{""_distance_atr"":-1.303,""BR1_atr_distance"":{""score"":33.9461336122924},""BR2_compression"":{""score"":0},""BR3_retest"":{""score"":88.95454587164936},""BR4_bo_age"":{""score"":30.0},""_score"":35.87},""risk"":{""R1_stop_clarity"":{""score"":54.24361280706124},""R2_stop_distance_pct"":{""value"":7.18137442846597,""score"":100.0},""R3_stop_distance_atr"":{""value"":1.7523843379170867,""score"":100.0},""R4_rr_potential"":{""value"":-0.49125932914614195,""score"":0.0},""_score"":63.99},""market"":{""M1_spy_regime"":{""score"":100.0},""M3_earnings_risk"":{""value"":null,""score"":80.0},""M4_vix"":{""value"":null,""score"":60.0},""_score"":84.0},""liquidity"":{""L1_price"":{""value"":1747.49,""score"":0.0},""L2_dollar_vol"":{""value"":2319318130.9822316,""score"":100.0},""L3_spread_proxy"":{""value"":0.02888142421415861,""score"":71.11857578584139},""L4_volume_zscore"":{""value"":-0.694488927661275,""score"":100.0},""_score"":72.11},""pattern_structure"":{""level"":1654.2,""level_idx"":41,""breakout_idx"":53,""bo_peak_idx"":70,""bo_peak_price"":1779.285,""retest_idx"":76,""retest_low"":1638.38,""structural_low"":1638.38,""current_price"":1757.4,""neckline_distance_pct"":-0.05872311369067944,""base_bars"":38,""bars_since_breakout"":26},""pattern_geometry_features"":{""retest_depth_atr"":0.6701280468617602,""bars_breakout_to_retest"":23.0,""bars_since_retest"":3.0,""current_above_level_atr"":4.371505337303032,""bo_peak_excess_pct"":0.07561661225970259,""atr_pct"":0.04098059011986988},""_schema_version"":""1.0""}",,,,,,,,,,
20260608T171746Z-5e850b,2026-06-08T17:17:46.036346+00:00,RTX,vcp,forming,52.83,39.4,58.6,52.5,55.9,24.2,42.2,65.0,84.0,97.8,5.91,14.65,6.3,6.7,3.14,2.95,3.25,5.04,4.89,True,risk_unclear,178.49,181.55,169.9617,223.5,"{""trend"":{""T1_ema_stack"":{""value"":[true,false,true],""score"":66.66666666666666},""T2_ema50_slope"":{""value"":-0.18529415498859947,""score"":19.117640835233416},""T3_high_proximity"":{""value"":0.8611888449290747,""score"":30.594422464537306},""T4_rs_1m"":{""value"":-0.0035585957012898017,""score"":46.4414042987102},""T5_rs_3m"":{""value"":-0.23569146176905353,""score"":0},""T6_adr_healthy"":{""value"":2.195822382468074,""score"":100.0},""_score"":39.37},""geometry"":{""sub_contraction_count"":100.0,""sub_reduction_rate"":0,""sub_pivot_tightness"":72.0,""sub_volume_dryup"":18.6,""sub_base_depth"":100.0,""sub_base_duration"":100.0,""_score"":58.59},""compression"":{""VC1_atr_ratio"":{""value"":0.5845211923257284,""score"":100},""VC2_range_contraction"":{""value"":1.0276207545132598,""score"":0},""VC3_range_pct_rank"":{""score"":50.0},""_score"":52.5},""sr_quality"":{""SR1_touches"":{""value"":3,""score"":50.0},""SR2_tightness"":{""value"":0.9456429253276412,""score"":52.632677136969605},""SR3_recency"":{""value"":231,""score"":0.0},""SR4_price_location"":{""score"":71.81641998830824},""SR5_reaction"":{""value"":2.7279137067309738,""score"":100},""_score"":55.85,""_levels_found"":6,""_target_level"":181.2179},""volume"":{""V1_rvol_day"":{""value"":0.2785984491530594,""score"":0},""V2_rvol_sameslot"":{""value"":1.1362904568189633,""score"":42.41936378793089,""status"":""ok""},""V3_breakout_bar"":{""value"":0.7993194689191375,""score"":19.954631261275836},""V4_base_dryup"":{""value"":0.9643850530029079,""score"":53.561494699709215},""V5_bo_expansion"":{""value"":0.2785984491530594,""score"":0},""_score"":24.18},""readiness"":{""_distance_atr"":0.766,""BR1_atr_distance"":{""score"":48.908125862041175},""BR2_compression"":{""score"":20.596480677018487},""BR3_retest"":{""score"":50.0},""BR4_bo_age"":{""score"":50.0},""_score"":42.21},""risk"":{""R1_stop_clarity"":{""score"":0},""R2_stop_distance_pct"":{""value"":4.77799876743796,""score"":100.0},""R3_stop_distance_atr"":{""value"":2.1359033118482733,""score"":100.0},""R4_rr_potential"":{""value"":5.277753349163066,""score"":100.0},""_score"":65.0},""market"":{""M1_spy_regime"":{""score"":100.0},""M3_earnings_risk"":{""value"":null,""score"":80.0},""M4_vix"":{""value"":null,""score"":60.0},""_score"":84.0},""liquidity"":{""L1_price"":{""value"":178.49,""score"":100.0},""L2_dollar_vol"":{""value"":273781362.42144156,""score"":100.0},""L3_spread_proxy"":{""value"":0.021905989131043895,""score"":78.0940108689561},""L4_volume_zscore"":{""value"":-2.6125466992101103,""score"":100.0},""_score"":97.81},""pattern_structure"":{""n_contractions"":5,""contractions_pct"":[6.72,12.88,16.42,5.09,4.96],""descending_strict"":false,""final_low"":172.55,""final_pivot"":181.55,""structural_low"":172.55,""dry_up_ratio"":0.9068701742688381,""current_price"":178.49,""neckline_distance_pct"":0.017143817580816866,""base_bars"":64},""pattern_geometry_features"":{""contraction_count"":5.0,""first_contraction_pct"":0.06715617715617717,""last_contraction_pct"":0.04957312035251996,""dry_up_ratio"":0.9068701742688381,""near_monotone"":0.0,""base_depth_pct"":0.1955710955710955},""_schema_version"":""1.0""}",,,,,,,,,,
20260608T171746Z-5e850b,2026-06-08T17:17:46.036346+00:00,CW,ascending_triangle,forming,52.83,60.5,55.4,68.2,57.3,9.3,35.3,60.8,84.0,67.1,9.07,15.5,5.46,8.03,1.12,2.83,2.43,5.04,3.36,True,risk_unclear,730.38,758.4487,714.125,791.8974,"{""trend"":{""T1_ema_stack"":{""value"":[false,true,true],""score"":66.66666666666666},""T2_ema50_slope"":{""value"":0.11301020742120929,""score"":68.83503457020154},""T3_high_proximity"":{""value"":0.97254327563249,""score"":86.27163781624498},""T4_rs_1m"":{""value"":-0.005018281690692961,""score"":44.98171830930704},""T5_rs_3m"":{""value"":-0.05900966288826193,""score"":20.495168555869036},""T6_adr_healthy"":{""value"":3.0231590276761215,""score"":100.0},""_score"":60.45},""geometry"":{""sub_flat_top_quality"":100,""sub_hl_slope"":34.2,""sub_compression"":0.4,""sub_duration"":100.0,""_score"":55.36},""compression"":{""VC1_atr_ratio"":{""value"":0.36322420922374776,""score"":100},""VC2_range_contraction"":{""value"":0.9271968952652405,""score"":12.133850789126582},""VC3_range_pct_rank"":{""score"":95.83333333333334},""_score"":68.21},""sr_quality"":{""SR1_touches"":{""value"":4,""score"":75.0},""SR2_tightness"":{""value"":5.358953819718464,""score"":53.1219869335404},""SR3_recency"":{""value"":231,""score"":0.0},""SR4_price_location"":{""score"":47.43592080835201},""SR5_reaction"":{""value"":2.2163118783732947,""score"":100},""_score"":57.33,""_levels_found"":6,""_target_level"":754.3274},""volume"":{""V1_rvol_day"":{""value"":0.2381948051518948,""score"":0},""V2_rvol_sameslot"":{""value"":0.46595041514733815,""score"":0,""status"":""ok""},""V3_breakout_bar"":{""value"":0.5299999310131425,""score"":1.9999954008761645},""V4_base_dryup"":{""value"":1.0580793828170176,""score"":44.192061718298234},""V5_bo_expansion"":{""value"":0.23819480515189476,""score"":0},""_score"":9.34},""readiness"":{""_distance_atr"":1.228,""BR1_atr_distance"":{""score"":18.155363302629155},""BR2_compression"":{""score"":42.30979685450653},""BR3_retest"":{""score"":50.0},""BR4_bo_age"":{""score"":50.0},""_score"":35.34},""risk"":{""R1_stop_clarity"":{""score"":4.869791894468918},""R2_stop_distance_pct"":{""value"":2.2255538212985018,""score"":100.0},""R3_stop_distance_atr"":{""value"":0.7109616242553597,""score"":60.54808121276798},""R4_rr_potential"":{""value"":3.784521685635194,""score"":100.0},""_score"":60.79},""market"":{""M1_spy_regime"":{""score"":100.0},""M3_earnings_risk"":{""value"":null,""score"":80.0},""M4_vix"":{""value"":null,""score"":60.0},""_score"":84.0},""liquidity"":{""L1_price"":{""value"":730.38,""score"":0.0},""L2_dollar_vol"":{""value"":48744014.13756882,""score"":84.39606455389553},""L3_spread_proxy"":{""value"":0.016292751718283635,""score"":83.70724828171636},""L4_volume_zscore"":{""value"":-1.3713850495870532,""score"":100.0},""_score"":67.13},""pattern_structure"":{""top"":758.4487,""top_touches"":4,""low_slope_per_bar"":0.744853603603603,""lowest_low"":725.0,""structural_low"":725.0,""current_price"":731.59,""neckline_distance_pct"":0.03671277628179718,""base_bars"":27},""pattern_geometry_features"":{""top_touches"":4.0,""low_slope"":0.744853603603603,""compression"":0.0019091033790756828,""atr_pct"":0.03130343109066514},""_schema_version"":""1.0""}",,,,,,,,,,
20260608T171746Z-5e850b,2026-06-08T17:17:46.036346+00:00,GD,vcp,forming,52.72,38.5,57.4,65.8,48.6,34.8,17.5,63.5,84.0,98.1,5.77,14.35,7.89,5.84,4.53,1.23,3.18,5.04,4.9,True,risk_unclear,341.0928,351.36,329.9947,372.73,"{""trend"":{""T1_ema_stack"":{""value"":[false,false,true],""score"":33.33333333333333},""T2_ema50_slope"":{""value"":-0.005632836943002797,""score"":49.061193842832864},""T3_high_proximity"":{""value"":0.9573459822055067,""score"":78.67299110275333},""T4_rs_1m"":{""value"":-0.03240347828803769,""score"":17.59652171196231},""T5_rs_3m"":{""value"":-0.1505712571450738,""score"":0},""T6_adr_healthy"":{""value"":1.6424004920075959,""score"":100.0},""_score"":38.47},""geometry"":{""sub_contraction_count"":100.0,""sub_reduction_rate"":5.4,""sub_pivot_tightness"":76.4,""sub_volume_dryup"":57.2,""sub_base_depth"":10.0,""sub_base_duration"":100.0,""_score"":57.39},""compression"":{""VC1_atr_ratio"":{""value"":0.5218666049069255,""score"":100},""VC2_range_contraction"":{""value"":0.7687886679789099,""score"":38.535222003515024},""VC3_range_pct_rank"":{""score"":49.16666666666667},""_score"":65.78},""sr_quality"":{""SR1_touches"":{""value"":2,""score"":25.0},""SR2_tightness"":{""value"":0.4900000000000091,""score"":82.88823047378379},""SR3_recency"":{""value"":277,""score"":0.0},""SR4_price_location"":{""score"":54.781781101291585},""SR5_reaction"":{""value"":2.5728680446970884,""score"":100},""_score"":48.63,""_levels_found"":7,""_target_level"":343.31},""volume"":{""V1_rvol_day"":{""value"":0.30149845763062333,""score"":0},""V2_rvol_sameslot"":{""value"":1.2250575646815078,""score"":48.33717097876719,""status"":""ok""},""V3_breakout_bar"":{""value"":0.9525450851185548,""score"":30.169672341236993},""V4_base_dryup"":{""value"":0.6186502988258239,""score"":88.13497011741761},""V5_bo_expansion"":{""value"":0.30149845763062333,""score"":0},""_score"":34.84},""readiness"":{""_distance_atr"":1.793,""BR1_atr_distance"":{""score"":0},""BR2_compression"":{""score"":0},""BR3_retest"":{""score"":50.0},""BR4_bo_age"":{""score"":50.0},""_score"":17.5},""risk"":{""R1_stop_clarity"":{""score"":0},""R2_stop_distance_pct"":{""value"":3.2536893185666904,""score"":100.0},""R3_stop_distance_atr"":{""value"":1.9378380548867065,""score"":100.0},""R4_rr_potential"":{""value"":2.850686153485721,""score"":92.53430767428605},""_score"":63.51},""market"":{""M1_spy_regime"":{""score"":100.0},""M3_earnings_risk"":{""value"":null,""score"":80.0},""M4_vix"":{""value"":null,""score"":60.0},""_score"":84.0},""liquidity"":{""L1_price"":{""value"":341.0928,""score"":100.0},""L2_dollar_vol"":{""value"":102041251.76616967,""score"":100.0},""L3_spread_proxy"":{""value"":0.019144350159252768,""score"":80.85564984074723},""L4_volume_zscore"":{""value"":-2.054929188602348,""score"":100.0},""_score"":98.09},""pattern_structure"":{""n_contractions"":5,""contractions_pct"":[5.35,4.84,5.22,5.74,4.65],""descending_strict"":false,""final_low"":335.02,""final_pivot"":351.36,""structural_low"":335.02,""dry_up_ratio"":0.7140791627188577,""current_price"":341.0928,""neckline_distance_pct"":0.030100899227424333,""base_bars"":72},""pattern_geometry_features"":{""contraction_count"":5.0,""first_contraction_pct"":0.053508796543112865,""last_contraction_pct"":0.046505009107468215,""dry_up_ratio"":0.7140791627188577,""near_monotone"":0.0,""base_depth_pct"":0.05996240074076154},""_schema_version"":""1.0""}",,,,,,,,,,
20260608T171746Z-5e850b,2026-06-08T17:17:46.036346+00:00,AMAT,breakout_retest_hold,setup,52.69,98.3,50.0,17.2,45.6,27.0,36.7,66.8,84.0,94.6,13.77,11.0,1.03,6.39,3.51,6.61,3.34,4.2,2.84,False,,490.5875,460.46,451.2024,469.86,"{""trend"":{""T1_ema_stack"":{""value"":[true,true,true],""score"":100.0},""T2_ema50_slope"":{""value"":0.4097795560333387,""score"":100},""T3_high_proximity"":{""value"":0.9778503089495715,""score"":88.92515447478571},""T4_rs_1m"":{""value"":0.18145836046570873,""score"":100},""T5_rs_3m"":{""value"":0.35454832531191305,""score"":100},""T6_adr_healthy"":{""value"":4.467642693693234,""score"":100.0},""_score"":98.34},""geometry"":{""sub_retest_depth"":100.0,""sub_retest_timing"":0.0,""sub_retest_freshness"":100.0,""sub_hold_quality"":0.0,""_score"":50.0},""compression"":{""VC1_atr_ratio"":{""value"":0.8612181297068435,""score"":34.69546757328912},""VC2_range_contraction"":{""value"":1.3496879988469632,""score"":0},""VC3_range_pct_rank"":{""score"":13.33333333333333},""_score"":17.21},""sr_quality"":{""SR1_touches"":{""value"":3,""score"":50.0},""SR2_tightness"":{""value"":5.044432574851446,""score"":58.81433044156361},""SR3_recency"":{""value"":237,""score"":0.0},""SR4_price_location"":{""score"":30.0},""SR5_reaction"":{""value"":1.9050208663318422,""score"":95.2510433165921},""_score"":45.61,""_levels_found"":5,""_target_level"":400.2034},""volume"":{""V1_rvol_day"":{""value"":0.5039386987173741,""score"":0.26257991449160445},""V2_rvol_sameslot"":{""value"":1.3984164399975334,""score"":59.894429333168894,""status"":""ok""},""V3_breakout_bar"":{""value"":0.8992459973732347,""score"":26.616399824882315},""V4_base_dryup"":{""value"":1.0832995168376764,""score"":41.670048316232354},""V5_bo_expansion"":{""value"":0.5039386987173742,""score"":0},""_score"":27.02},""readiness"":{""_distance_atr"":-1.23,""BR1_atr_distance"":{""score"":35.402163846776496},""BR2_compression"":{""score"":0},""BR3_retest"":{""score"":90.40661937431332},""BR4_bo_age"":{""score"":30.0},""_score"":36.74},""risk"":{""R1_stop_clarity"":{""score"":62.789113583294025},""R2_stop_distance_pct"":{""value"":8.028149922287048,""score"":99.29625194282382},""R3_stop_distance_atr"":{""value"":1.6078138522584384,""score"":100.0},""R4_rr_potential"":{""value"":-0.526277704004815,""score"":0.0},""_score"":66.77},""market"":{""M1_spy_regime"":{""score"":100.0},""M3_earnings_risk"":{""value"":null,""score"":80.0},""M4_vix"":{""value"":null,""score"":60.0},""_score"":84.0},""liquidity"":{""L1_price"":{""value"":490.5875,""score"":100.0},""L2_dollar_vol"":{""value"":2025981289.2022078,""score"":100.0},""L3_spread_proxy"":{""value"":0.054210512905444944,""score"":45.78948709455506},""L4_volume_zscore"":{""value"":-1.4692352073657082,""score"":100.0},""_score"":94.58},""pattern_structure"":{""level"":460.46,""level_idx"":41,""breakout_idx"":50,""bo_peak_idx"":70,""bo_peak_price"":510.75,""retest_idx"":76,""retest_low"":455.76,""structural_low"":455.76,""current_price"":492.91,""neckline_distance_pct"":-0.06583351930372694,""base_bars"":38,""bars_since_breakout"":29},""pattern_geometry_features"":{""retest_depth_atr"":0.5525548524057123,""bars_breakout_to_retest"":26.0,""bars_since_retest"":3.0,""current_above_level_atr"":3.814979778843709,""bo_peak_excess_pct"":0.10921687008643535,""atr_pct"":0.04993208580091652},""_schema_version"":""1.0""}",,,,,,,,,,
20260608T171746Z-5e850b,2026-06-08T17:17:46.036346+00:00,HEI,vcp,breakout_confirmed,52.62,74.2,54.8,39.3,40.4,44.4,23.5,20.6,84.0,95.0,11.13,13.69,4.72,4.85,5.77,1.65,1.03,5.04,4.75,True,risk_unclear,325.6,301.095,278.9421,355.0573,"{""trend"":{""T1_ema_stack"":{""value"":[true,true,false],""score"":66.66666666666666},""T2_ema50_slope"":{""value"":0.2439453272096373,""score"":90.65755453493955},""T3_high_proximity"":{""value"":0.9351484864150728,""score"":67.57424320753636},""T4_rs_1m"":{""value"":0.11107775662725916,""score"":100},""T5_rs_3m"":{""value"":-0.04352768251888284,""score"":28.23615874055858},""T6_adr_healthy"":{""value"":2.7915926327394,""score"":100.0},""_score"":74.17},""geometry"":{""sub_contraction_count"":100.0,""sub_reduction_rate"":0,""sub_pivot_tightness"":57.9,""sub_volume_dryup"":7.2,""sub_base_depth"":100.0,""sub_base_duration"":100.0,""_score"":54.77},""compression"":{""VC1_atr_ratio"":{""value"":0.7871299259810697,""score"":53.217518504732574},""VC2_range_contraction"":{""value"":0.8910634288952801,""score"":18.15609518411998},""VC3_range_pct_rank"":{""score"":46.666666666666664},""_score"":39.31},""sr_quality"":{""SR1_touches"":{""value"":2,""score"":25.0},""SR2_tightness"":{""value"":1.4778499999999894,""score"":72.89499609602233},""SR3_recency"":{""value"":310,""score"":0.0},""SR4_price_location"":{""score"":34.92955777078472},""SR5_reaction"":{""value"":1.7676117873930361,""score"":88.3805893696518},""_score"":40.42,""_levels_found"":6,""_target_level"":338.6302},""volume"":{""V1_rvol_day"":{""value"":0.29454305479679754,""score"":0},""V2_rvol_sameslot"":{""value"":1.4036531211092977,""score"":60.243541407286514,""status"":""ok""},""V3_breakout_bar"":{""value"":1.9554382784919029,""score"":97.02921856612686},""V4_base_dryup"":{""value"":1.0952490516353066,""score"":40.47509483646934},""V5_bo_expansion"":{""value"":0.29454305479679754,""score"":0},""_score"":44.4},""readiness"":{""_distance_atr"":-2.247,""BR1_atr_distance"":{""score"":15.055782341443475},""BR2_compression"":{""score"":0},""BR3_retest"":{""score"":50.0},""BR4_bo_age"":{""score"":50.0},""_score"":23.52},""risk"":{""R1_stop_clarity"":{""score"":22.090881460558805},""R2_stop_distance_pct"":{""value"":14.329806511056525,""score"":0.0},""R3_stop_distance_atr"":{""value"":4.278719783473341,""score"":86.06401082633295},""R4_rr_potential"":{""value"":0.6313471366554609,""score"":0.0},""_score"":20.64},""market"":{""M1_spy_regime"":{""score"":100.0},""M3_earnings_risk"":{""value"":null,""score"":80.0},""M4_vix"":{""value"":null,""score"":60.0},""_score"":84.0},""liquidity"":{""L1_price"":{""value"":325.6,""score"":100.0},""L2_dollar_vol"":{""value"":75363997.6195656,""score"":93.85819635898041},""L3_spread_proxy"":{""value"":0.02575245700245697,""score"":74.24754299754304},""L4_volume_zscore"":{""value"":-1.9155455206751983,""score"":100.0},""_score"":94.97},""pattern_structure"":{""n_contractions"":5,""contractions_pct"":[5.52,16.21,8.43,8.34,5.95],""descending_strict"":false,""final_low"":283.19,""final_pivot"":301.095,""structural_low"":283.19,""dry_up_ratio"":0.9639793039727629,""current_price"":325.6,""neckline_distance_pct"":-0.0752610565110565,""base_bars"":69},""pattern_geometry_features"":{""contraction_count"":5.0,""first_contraction_pct"":0.05523408857065502,""last_contraction_pct"":0.05946628140620079,""dry_up_ratio"":0.9639793039727629,""near_monotone"":0.0,""base_depth_pct"":0.16005318664591647},""_schema_version"":""1.0""}",,,,,,,,,,
20260608T171746Z-5e850b,2026-06-08T17:17:46.036346+00:00,MRVL,ascending_triangle,forming,52.57,94.4,55.0,3.3,32.9,34.5,30.6,47.9,84.0,92.0,14.16,15.4,0.27,4.61,4.14,2.45,1.91,5.04,4.6,False,,295.891,324.2,192.1932,453.28,"{""trend"":{""T1_ema_stack"":{""value"":[true,true,true],""score"":100.0},""T2_ema50_slope"":{""value"":0.8366571965001233,""score"":100},""T3_high_proximity"":{""value"":0.9350914894289417,""score"":67.54574471447083},""T4_rs_1m"":{""value"":0.8359715391636409,""score"":100},""T5_rs_3m"":{""value"":2.1007741198599197,""score"":100},""T6_adr_healthy"":{""value"":8.581579661416255,""score"":85.46050846459363},""_score"":94.4},""geometry"":{""sub_flat_top_quality"":33.3,""sub_hl_slope"":100,""sub_compression"":0,""sub_duration"":100.0,""_score"":54.99},""compression"":{""VC1_atr_ratio"":{""value"":1.6267434478008578,""score"":0},""VC2_range_contraction"":{""value"":1.7125478473468299,""score"":0},""VC3_range_pct_rank"":{""score"":13.33333333333333},""_score"":3.33},""sr_quality"":{""SR1_touches"":{""value"":2,""score"":25.0},""SR2_tightness"":{""value"":2.480000000000004,""score"":82.30750494034385},""SR3_recency"":{""value"":246,""score"":0.0},""SR4_price_location"":{""score"":30.0},""SR5_reaction"":{""value"":0.7460382977292261,""score"":37.301914886461304},""_score"":32.94,""_levels_found"":3,""_target_level"":173.32},""volume"":{""V1_rvol_day"":{""value"":1.1780056263216212,""score"":45.20037508810808},""V2_rvol_sameslot"":{""value"":2.0789520696898176,""score"":100,""status"":""ok""},""V3_breakout_bar"":{""value"":0.718367024362543,""score"":14.557801624169532},""V4_base_dryup"":{""value"":1.6735886156098054,""score"":0},""V5_bo_expansion"":{""value"":1.1780056263216214,""score"":11.86704175477476},""_score"":34.46},""readiness"":{""_distance_atr"":1.01,""BR1_atr_distance"":{""score"":32.680531902714435},""BR2_compression"":{""score"":0},""BR3_retest"":{""score"":50.0},""BR4_bo_age"":{""score"":50.0},""_score"":30.57},""risk"":{""R1_stop_clarity"":{""score"":79.12000220137024},""R2_stop_distance_pct"":{""value"":35.0459459733483,""score"":0.0},""R3_stop_distance_atr"":{""value"":3.6989371253975993,""score"":100.0},""R4_rr_potential"":{""value"":1.5177660471099668,""score"":25.88830235549834},""_score"":47.87},""market"":{""M1_spy_regime"":{""score"":100.0},""M3_earnings_risk"":{""value"":null,""score"":80.0},""M4_vix"":{""value"":null,""score"":60.0},""_score"":84.0},""liquidity"":{""L1_price"":{""value"":295.891,""score"":100.0},""L2_dollar_vol"":{""value"":16285158227.172861,""score"":100.0},""L3_spread_proxy"":{""value"":0.07975910047956837,""score"":20.240899520431626},""L4_volume_zscore"":{""value"":0.2687749904482837,""score"":100.0},""_score"":92.02},""pattern_structure"":{""top"":324.2,""top_touches"":2,""low_slope_per_bar"":2.325655691768828,""lowest_low"":195.12,""structural_low"":195.12,""current_price"":298.445,""neckline_distance_pct"":0.08629730771163864,""base_bars"":40},""pattern_geometry_features"":{""top_touches"":2.0,""low_slope"":2.325655691768828,""compression"":-1.0137777602982387,""atr_pct"":0.0947459899567263},""_schema_version"":""1.0""}",,,,,,,,,,
20260608T171746Z-5e850b,2026-06-08T17:17:46.036346+00:00,IR,vcp,setup,52.57,15.7,67.4,60.7,48.8,24.0,57.5,65.0,84.0,95.8,2.35,16.86,7.28,5.85,3.12,4.03,3.25,5.04,4.79,True,risk_unclear,73.425,72.95,68.1227,104.7499,"{""trend"":{""T1_ema_stack"":{""value"":[true,false,false],""score"":33.33333333333333},""T2_ema50_slope"":{""value"":-0.44308833207949416,""score"":0},""T3_high_proximity"":{""value"":0.8313519021739131,""score"":15.67595108695652},""T4_rs_1m"":{""value"":-0.06581228079922463,""score"":0},""T5_rs_3m"":{""value"":-0.2455919080469965,""score"":0},""T6_adr_healthy"":{""value"":2.6259769055106936,""score"":100.0},""_score"":15.68},""geometry"":{""sub_contraction_count"":100.0,""sub_reduction_rate"":44.7,""sub_pivot_tightness"":68.6,""sub_volume_dryup"":16.5,""sub_base_depth"":85.0,""sub_base_duration"":100.0,""_score"":67.44},""compression"":{""VC1_atr_ratio"":{""value"":0.3653018346115224,""score"":100},""VC2_range_contraction"":{""value"":0.8707737734751235,""score"":21.537704420812748},""VC3_range_pct_rank"":{""score"":52.5},""_score"":60.66},""sr_quality"":{""SR1_touches"":{""value"":2,""score"":25.0},""SR2_tightness"":{""value"":0.3500000000000014,""score"":64.76708526724875},""SR3_recency"":{""value"":248,""score"":0.0},""SR4_price_location"":{""score"":66.2519009595577},""SR5_reaction"":{""value"":4.134834207565002,""score"":100},""_score"":48.78,""_levels_found"":4,""_target_level"":75.66},""volume"":{""V1_rvol_day"":{""value"":0.3064813527343332,""score"":0},""V2_rvol_sameslot"":{""value"":0.921537349975823,""score"":28.1024899983882,""status"":""ok""},""V3_breakout_bar"":{""value"":0.9374510095766762,""score"":29.163400638445076},""V4_base_dryup"":{""value"":0.9461817620304351,""score"":55.38182379695649},""V5_bo_expansion"":{""value"":0.30648135273433325,""score"":0},""_score"":23.99},""readiness"":{""_distance_atr"":-0.239,""BR1_atr_distance"":{""score"":100.0},""BR2_compression"":{""score"":0},""BR3_retest"":{""score"":50.0},""BR4_bo_age"":{""score"":50.0},""_score"":57.5},""risk"":{""R1_stop_clarity"":{""score"":0},""R2_stop_distance_pct"":{""value"":7.221384405856314,""score"":100.0},""R3_stop_distance_atr"":{""value"":2.6687933805262603,""score"":100.0},""R4_rr_potential"":{""value"":5.907793059296988,""score"":100.0},""_score"":65.0},""market"":{""M1_spy_regime"":{""score"":100.0},""M3_earnings_risk"":{""value"":null,""score"":80.0},""M4_vix"":{""value"":null,""score"":60.0},""_score"":84.0},""liquidity"":{""L1_price"":{""value"":73.425,""score"":100.0},""L2_dollar_vol"":{""value"":85468767.69455145,""score"":96.59037211306489},""L3_spread_proxy"":{""value"":0.028328226081035048,""score"":71.67177391896496},""L4_volume_zscore"":{""value"":-2.4509444898903356,""score"":100.0},""_score"":95.8},""pattern_structure"":{""n_contractions"":5,""contractions_pct"":[21.0,6.98,7.4,5.03,5.2],""descending_strict"":false,""final_low"":69.1601,""final_pivot"":72.95,""structural_low"":69.1601,""dry_up_ratio"":0.917728669662343,""current_price"":73.425,""neckline_distance_pct"":-0.006469186244467066,""base_bars"":71},""pattern_geometry_features"":{""contraction_count"":5.0,""first_contraction_pct"":0.20998415213946106,""last_contraction_pct"":0.051952021932830744,""dry_up_ratio"":0.917728669662343,""near_monotone"":0.0,""base_depth_pct"":0.31497523771790803},""_schema_version"":""1.0""}",,,,,,,,,,
20260608T171746Z-5e850b,2026-06-08T17:17:46.036346+00:00,ASML,bull_flag,absent,52.56,99.6,39.9,40.8,40.1,31.1,45.7,62.8,84.0,72.1,13.94,11.96,3.67,4.01,4.35,4.11,1.89,5.04,3.61,False,,1747.49,1779.285,1613.8043,1972.96,"{""trend"":{""T1_ema_stack"":{""value"":[true,true,true],""score"":100.0},""T2_ema50_slope"":{""value"":0.31401569337982893,""score"":100},""T3_high_proximity"":{""value"":0.9943213824418056,""score"":97.16069122090276},""T4_rs_1m"":{""value"":0.13901022114697947,""score"":100},""T5_rs_3m"":{""value"":0.19449269615370057,""score"":100},""T6_adr_healthy"":{""value"":3.5317624063127786,""score"":100.0},""_score"":99.57},""geometry"":{""sub_pole_impulse"":49.5,""sub_flag_tightness"":0,""sub_flag_shallowness"":0,""sub_flag_drift"":100,""sub_flag_duration"":100.0,""_score"":39.85},""compression"":{""VC1_atr_ratio"":{""value"":0.7173531351268866,""score"":70.66171621827834},""VC2_range_contraction"":{""value"":1.0974432528961777,""score"":0},""VC3_range_pct_rank"":{""score"":50.0},""_score"":40.76},""sr_quality"":{""SR1_touches"":{""value"":2,""score"":25.0},""SR2_tightness"":{""value"":11.745000000000005,""score"":67.19877149494845},""SR3_recency"":{""value"":231,""score"":0.0},""SR4_price_location"":{""score"":30.0},""SR5_reaction"":{""value"":2.5237284761263004,""score"":100},""_score"":40.08,""_levels_found"":5,""_target_level"":1591.745},""volume"":{""V1_rvol_day"":{""value"":0.8162829370510155,""score"":21.08552913673437},""V2_rvol_sameslot"":{""value"":1.3816544813859584,""score"":58.77696542573055,""status"":""ok""},""V3_breakout_bar"":{""value"":0.7813257160254478,""score"":18.75504773502985},""V4_base_dryup"":{""value"":0.9799599246911421,""score"":52.00400753088579},""V5_bo_expansion"":{""value"":0.8162829370510155,""score"":0},""_score"":31.06},""readiness"":{""_distance_atr"":0.444,""BR1_atr_distance"":{""score"":70.40116190384231},""BR2_compression"":{""score"":0},""BR3_retest"":{""score"":50.0},""BR4_bo_age"":{""score"":50.0},""_score"":45.66},""risk"":{""R1_stop_clarity"":{""score"":31.365419210591867},""R2_stop_distance_pct"":{""value"":7.65015536569594,""score"":100.0},""R3_stop_distance_atr"":{""value"":1.8667753058994336,""score"":100.0},""R4_rr_potential"":{""value"":1.6865678228860699,""score"":34.328391144303495},""_score"":62.84},""market"":{""M1_spy_regime"":{""score"":100.0},""M3_earnings_risk"":{""value"":null,""score"":80.0},""M4_vix"":{""value"":null,""score"":60.0},""_score"":84.0},""liquidity"":{""L1_price"":{""value"":1747.49,""score"":0.0},""L2_dollar_vol"":{""value"":2319318130.9822316,""score"":100.0},""L3_spread_proxy"":{""value"":0.02888142421415861,""score"":71.11857578584139},""L4_volume_zscore"":{""value"":-0.694488927661275,""score"":100.0},""_score"":72.11},""pattern_structure"":{""pole_low"":1585.61,""pole_low_idx"":27,""peak_price"":1779.285,""peak_idx"":50,""pole_gain"":0.12214542037449322,""flag_bars"":9,""flag_low"":1638.38,""flag_high"":1769.49,""structural_low"":1638.38,""current_price"":1757.4,""neckline_distance_pct"":0.01245305565039262,""base_bars"":9},""pattern_geometry_features"":{""pole_gain"":0.12214542037449322,""pullback_pct"":0.07919192259812226,""flag_range_pct"":0.07368690232312412,""flag_drift_per_bar"":0.005723986191722673,""atr_pct"":0.04098059011986988,""pole_atr_multiple"":2.9805676301198427},""_schema_version"":""1.0""}",,,,,,,,,,
20260608T171746Z-5e850b,2026-06-08T17:17:46.036346+00:00,APH,vcp,absent,52.42,70.7,49.5,60.2,57.4,15.6,17.5,44.0,84.0,97.3,10.6,12.36,7.22,6.88,2.02,1.23,2.2,5.04,4.86,False,,143.36,154.918,119.6086,200.528,"{""trend"":{""T1_ema_stack"":{""value"":[true,true,true],""score"":100.0},""T2_ema50_slope"":{""value"":-0.043704120001617074,""score"":42.715979999730486},""T3_high_proximity"":{""value"":0.9381584974805315,""score"":69.07924874026573},""T4_rs_1m"":{""value"":0.03610228326120213,""score"":86.10228326120213},""T5_rs_3m"":{""value"":-0.039215821405159446,""score"":30.392089297420277},""T6_adr_healthy"":{""value"":4.024398631748772,""score"":100.0},""_score"":70.68},""geometry"":{""sub_contraction_count"":100.0,""sub_reduction_rate"":0,""sub_pivot_tightness"":0,""sub_volume_dryup"":29.7,""sub_base_depth"":100.0,""sub_base_duration"":100.0,""_score"":49.45},""compression"":{""VC1_atr_ratio"":{""value"":0.5367347266364889,""score"":100},""VC2_range_contraction"":{""value"":0.996556444309587,""score"":0.5739259484021653},""VC3_range_pct_rank"":{""score"":80.0},""_score"":60.2},""sr_quality"":{""SR1_touches"":{""value"":5,""score"":100},""SR2_tightness"":{""value"":1.4909434334004792,""score"":52.94264355956238},""SR3_recency"":{""value"":227,""score"":0.0},""SR4_price_location"":{""score"":17.63341529431838},""SR5_reaction"":{""value"":2.644350547095776,""score"":100},""_score"":57.35,""_levels_found"":4,""_target_level"":154.525},""volume"":{""V1_rvol_day"":{""value"":0.25576194889894044,""score"":0},""V2_rvol_sameslot"":{""value"":0.7069661652057326,""score"":13.797744347048843,""status"":""ok""},""V3_breakout_bar"":{""value"":1.05253593403042,""score"":36.83572893536133},""V4_base_dryup"":{""value"":1.3206428007422917,""score"":17.935719925770826},""V5_bo_expansion"":{""value"":0.25576194889894044,""score"":0},""_score"":15.56},""readiness"":{""_distance_atr"":1.824,""BR1_atr_distance"":{""score"":0},""BR2_compression"":{""score"":0},""BR3_retest"":{""score"":50.0},""BR4_bo_age"":{""score"":50.0},""_score"":17.5},""risk"":{""R1_stop_clarity"":{""score"":42.51115101466632},""R2_stop_distance_pct"":{""value"":16.56769670758929,""score"":0.0},""R3_stop_distance_atr"":{""value"":3.7482322386908917,""score"":100.0},""R4_rr_potential"":{""value"":2.4069267349993355,""score"":70.34633674996678},""_score"":43.95},""market"":{""M1_spy_regime"":{""score"":100.0},""M3_earnings_risk"":{""value"":null,""score"":80.0},""M4_vix"":{""value"":null,""score"":60.0},""_score"":84.0},""liquidity"":{""L1_price"":{""value"":143.36,""score"":100.0},""L2_dollar_vol"":{""value"":418960170.1102183,""score"":100.0},""L3_spread_proxy"":{""value"":0.02716936383928578,""score"":72.83063616071422},""L4_volume_zscore"":{""value"":-1.7810654411474187,""score"":100.0},""_score"":97.28},""pattern_structure"":{""n_contractions"":5,""contractions_pct"":[16.19,17.17,13.57,8.49,21.62],""descending_strict"":false,""final_low"":121.43,""final_pivot"":154.918,""structural_low"":121.43,""dry_up_ratio"":0.851365201012539,""current_price"":143.36,""neckline_distance_pct"":0.08062220982142851,""base_bars"":72},""pattern_geometry_features"":{""contraction_count"":5.0,""first_contraction_pct"":0.16187739463601528,""last_contraction_pct"":0.2161659716753379,""dry_up_ratio"":0.851365201012539,""near_monotone"":0.0,""base_depth_pct"":0.2730483716475095},""_schema_version"":""1.0""}",,,,,,,,,,
20260608T171746Z-5e850b,2026-06-08T17:17:46.036346+00:00,TT,breakout_retest_hold,setup,52.4,50.9,47.0,69.6,57.4,13.6,63.2,48.5,84.0,98.2,7.12,10.35,4.18,8.04,1.77,11.38,2.42,4.2,2.95,True,risk_unclear,460.02,458.55,447.6087,471.39,"{""trend"":{""T1_ema_stack"":{""value"":[false,true,true],""score"":66.66666666666666},""T2_ema50_slope"":{""value"":-0.00831499583026279,""score"":48.61416736162287},""T3_high_proximity"":{""value"":0.9339749055914239,""score"":66.98745279571195},""T4_rs_1m"":{""value"":-0.03406984682969272,""score"":15.930153170307278},""T5_rs_3m"":{""value"":-0.0168487863110085,""score"":41.57560684449575},""T6_adr_healthy"":{""value"":2.1705562019635534,""score"":100.0},""_score"":50.86},""geometry"":{""sub_retest_depth"":0.0,""sub_retest_timing"":0.0,""sub_retest_freshness"":100.0,""sub_hold_quality"":90.1,""_score"":47.03},""compression"":{""VC1_atr_ratio"":{""value"":0.3881848689208997,""score"":100},""VC2_range_contraction"":{""value"":0.7998752683326682,""score"":33.3541219445553},""VC3_range_pct_rank"":{""score"":71.66666666666667},""_score"":69.59},""sr_quality"":{""SR1_touches"":{""value"":4,""score"":75.0},""SR2_tightness"":{""value"":2.7808775031453687,""score"":49.57114669487588},""SR3_recency"":{""value"":227,""score"":0.0},""SR4_price_location"":{""score"":49.93855984271316},""SR5_reaction"":{""value"":2.957386903343245,""score"":100},""_score"":57.42,""_levels_found"":8,""_target_level"":467.6587},""volume"":{""V1_rvol_day"":{""value"":0.2704401434457126,""score"":0},""V2_rvol_sameslot"":{""value"":0.6612090311621452,""score"":10.747268744143017,""status"":""ok""},""V3_breakout_bar"":{""value"":0.6337202799931702,""score"":8.91468533287801},""V4_base_dryup"":{""value"":1.0379806780880003,""score"":46.201932191199965},""V5_bo_expansion"":{""value"":0.2704401434457126,""score"":0},""_score"":13.62},""readiness"":{""_distance_atr"":-0.133,""BR1_atr_distance"":{""score"":100.0},""BR2_compression"":{""score"":18.068159416276337},""BR3_retest"":{""score"":70.89468721179647},""BR4_bo_age"":{""score"":30.0},""_score"":63.2},""risk"":{""R1_stop_clarity"":{""score"":18.01006186336187},""R2_stop_distance_pct"":{""value"":2.697991391678619,""score"":100.0},""R3_stop_distance_atr"":{""value"":1.1253419582810875,""score"":81.26709791405437},""R4_rr_potential"":{""value"":0.9161006502139242,""score"":0.0},""_score"":48.49},""market"":{""M1_spy_regime"":{""score"":100.0},""M3_earnings_risk"":{""value"":null,""score"":80.0},""M4_vix"":{""value"":null,""score"":60.0},""_score"":84.0},""liquidity"":{""L1_price"":{""value"":460.02,""score"":100.0},""L2_dollar_vol"":{""value"":166080171.95234388,""score"":100.0},""L3_spread_proxy"":{""value"":0.018140515629755164,""score"":81.85948437024484},""L4_volume_zscore"":{""value"":-2.09882012395942,""score"":100.0},""_score"":98.19},""pattern_structure"":{""level"":458.55,""level_idx"":41,""breakout_idx"":59,""bo_peak_idx"":60,""bo_peak_price"":471.79,""retest_idx"":76,""retest_low"":452.13,""structural_low"":452.13,""current_price"":462.28,""neckline_distance_pct"":-0.008068702950592631,""base_bars"":38,""bars_since_breakout"":20},""pattern_geometry_features"":{""retest_depth_atr"":1.8578078363607875,""bars_breakout_to_retest"":17.0,""bars_since_retest"":3.0,""current_above_level_atr"":1.0793805653622506,""bo_peak_excess_pct"":0.02887362337803949,""atr_pct"":0.023974858235977333},""_schema_version"":""1.0""}",,,,,,,,,,
20260608T171746Z-5e850b,2026-06-08T17:17:46.036346+00:00,JCI,ascending_triangle,absent,52.37,74.3,44.3,51.2,52.5,19.5,33.6,59.8,84.0,98.1,11.15,12.41,4.09,7.36,2.34,2.69,2.39,5.04,4.91,True,risk_unclear,143.765,148.38,140.1655,154.46,"{""trend"":{""T1_ema_stack"":{""value"":[true,true,true],""score"":100.0},""T2_ema50_slope"":{""value"":0.02300693765324509,""score"":53.83448960887418},""T3_high_proximity"":{""value"":0.9753392130257801,""score"":87.66960651289001},""T4_rs_1m"":{""value"":0.019192062746266725,""score"":69.19206274626673},""T5_rs_3m"":{""value"":-0.012659740432144906,""score"":43.67012978392755},""T6_adr_healthy"":{""value"":2.780178104018306,""score"":100.0},""_score"":74.31},""geometry"":{""sub_flat_top_quality"":33.3,""sub_hl_slope"":64.4,""sub_compression"":0,""sub_duration"":100.0,""_score"":44.31},""compression"":{""VC1_atr_ratio"":{""value"":0.6592016019838496,""score"":85.19959950403761},""VC2_range_contraction"":{""value"":1.044789741755182,""score"":0},""VC3_range_pct_rank"":{""score"":68.33333333333333},""_score"":51.16},""sr_quality"":{""SR1_touches"":{""value"":4,""score"":75.0},""SR2_tightness"":{""value"":0.9380931456950297,""score"":55.98972556718786},""SR3_recency"":{""value"":227,""score"":0.0},""SR4_price_location"":{""score"":26.593943953356835},""SR5_reaction"":{""value"":2.3863898481251202,""score"":100},""_score"":52.55,""_levels_found"":7,""_target_level"":147.0175},""volume"":{""V1_rvol_day"":{""value"":0.3004831404099981,""score"":0},""V2_rvol_sameslot"":{""value"":0.8063253508507935,""score"":20.421690056719566,""status"":""ok""},""V3_breakout_bar"":{""value"":0.6334200737466691,""score"":8.894671583111274},""V4_base_dryup"":{""value"":0.84012157245558,""score"":65.987842754442},""V5_bo_expansion"":{""value"":0.30048314040999813,""score"":0},""_score"":19.51},""readiness"":{""_distance_atr"":1.083,""BR1_atr_distance"":{""score"":27.829691028194986},""BR2_compression"":{""score"":19.73952657367245},""BR3_retest"":{""score"":50.0},""BR4_bo_age"":{""score"":50.0},""_score"":33.57},""risk"":{""R1_stop_clarity"":{""score"":0},""R2_stop_distance_pct"":{""value"":2.5037387403053444,""score"":100.0},""R3_stop_distance_atr"":{""value"":0.8443457003597294,""score"":67.21728501798647},""R4_rr_potential"":{""value"":2.971246006389793,""score"":98.56230031948965},""_score"":59.8},""market"":{""M1_spy_regime"":{""score"":100.0},""M3_earnings_risk"":{""value"":null,""score"":80.0},""M4_vix"":{""value"":null,""score"":60.0},""_score"":84.0},""liquidity"":{""L1_price"":{""value"":143.765,""score"":100.0},""L2_dollar_vol"":{""value"":156866055.23610404,""score"":100.0},""L3_spread_proxy"":{""value"":0.01902410183285232,""score"":80.97589816714768},""L4_volume_zscore"":{""value"":-2.369814099632663,""score"":100.0},""_score"":98.1},""pattern_structure"":{""top"":148.38,""top_touches"":2,""low_slope_per_bar"":0.27509254710632586,""lowest_low"":142.3,""structural_low"":142.3,""current_price"":144.35,""neckline_distance_pct"":0.027918254243158996,""base_bars"":41},""pattern_geometry_features"":{""top_touches"":2.0,""low_slope"":0.27509254710632586,""compression"":-0.08367798534561155,""atr_pct"":0.029653005152257404},""_schema_version"":""1.0""}",,,,,,,,,,
20260608T171746Z-5e850b,2026-06-08T17:17:46.036346+00:00,KEYS,double_bottom,forming,52.07,62.1,62.8,46.5,45.9,17.7,17.5,55.1,84.0,97.2,9.31,15.7,3.72,6.43,2.3,1.4,3.3,5.04,4.86,True,risk_unclear,333.2,355.49,331.0388,374.9,"{""trend"":{""T1_ema_stack"":{""value"":[false,true,true],""score"":66.66666666666666},""T2_ema50_slope"":{""value"":0.24419985182750897,""score"":90.69997530458483},""T3_high_proximity"":{""value"":0.9086942293007526,""score"":54.347114650376284},""T4_rs_1m"":{""value"":-0.0747986947265391,""score"":0},""T5_rs_3m"":{""value"":0.08860786938865517,""score"":94.30393469432758},""T6_adr_healthy"":{""value"":3.6476848326700186,""score"":100.0},""_score"":62.1},""geometry"":{""sub_low_similarity"":60.2,""sub_bounce_quality"":39.6,""sub_separation_fit"":66.7,""sub_right_bottom_reaction"":45.4,""sub_base_context"":100.0,""_score"":62.8},""compression"":{""VC1_atr_ratio"":{""value"":0.6638338050484944,""score"":84.0415487378764},""VC2_range_contraction"":{""value"":1.016368911302773,""score"":0},""VC3_range_pct_rank"":{""score"":51.66666666666666},""_score"":46.53},""sr_quality"":{""SR1_touches"":{""value"":3,""score"":50.0},""SR2_tightness"":{""value"":2.5675453041551117,""score"":64.07344274373152},""SR3_recency"":{""value"":227,""score"":0.0},""SR4_price_location"":{""score"":25.138182622153405},""SR5_reaction"":{""value"":2.1496085578557778,""score"":100},""_score"":45.9,""_levels_found"":5,""_target_level"":355.7733},""volume"":{""V1_rvol_day"":{""value"":0.3598138761107631,""score"":0},""V2_rvol_sameslot"":{""value"":0.7155300282890432,""score"":14.36866855260288,""status"":""ok""},""V3_breakout_bar"":{""value"":0.8882350771393774,""score"":25.882338475958495},""V4_base_dryup"":{""value"":1.083351747528895,""score"":41.66482524711051},""V5_bo_expansion"":{""value"":0.3598138761107631,""score"":0},""_score"":17.68},""readiness"":{""_distance_atr"":1.559,""BR1_atr_distance"":{""score"":0},""BR2_compression"":{""score"":0},""BR3_retest"":{""score"":50.0},""BR4_bo_age"":{""score"":50.0},""_score"":17.5},""risk"":{""R1_stop_clarity"":{""score"":29.460656391456112},""R2_stop_distance_pct"":{""value"":0.6486194477791141,""score"":66.21548619447786},""R3_stop_distance_atr"":{""value"":0.15120371082955003,""score"":32.5601855414775},""R4_rr_potential"":{""value"":19.294836202109888,""score"":100.0},""_score"":55.06},""market"":{""M1_spy_regime"":{""score"":100.0},""M3_earnings_risk"":{""value"":null,""score"":80.0},""M4_vix"":{""value"":null,""score"":60.0},""_score"":84.0},""liquidity"":{""L1_price"":{""value"":333.2,""score"":100.0},""L2_dollar_vol"":{""value"":227997041.374326,""score"":100.0},""L3_spread_proxy"":{""value"":0.027986194477791253,""score"":72.01380552220874},""L4_volume_zscore"":{""value"":-1.4566019583597207,""score"":100.0},""_score"":97.2},""pattern_structure"":{""left_low"":342.84,""left_idx"":30,""right_low"":336.08,""right_idx"":65,""separation_bars"":35,""structural_low"":336.08,""current_price"":332.78,""neckline_distance_pct"":0.06824328385119309,""base_bars"":35},""pattern_geometry_features"":{""low_similarity_pct"":0.019913981028692605,""bounce_pct"":0.05775410616519884,""right_bottom_reaction"":0.4536937901498926,""atr_pct"":0.04289705882352943},""_schema_version"":""1.0""}",,,,,,,,,,
20260608T171746Z-5e850b,2026-06-08T17:17:46.036346+00:00,AMAT,ascending_triangle,absent,51.84,98.3,39.8,17.2,45.6,25.1,35.5,63.7,84.0,94.6,14.75,11.16,1.38,6.39,3.01,2.84,2.55,5.04,4.73,False,,490.5875,510.75,448.2394,566.4346,"{""trend"":{""T1_ema_stack"":{""value"":[true,true,true],""score"":100.0},""T2_ema50_slope"":{""value"":0.4097795560333387,""score"":100},""T3_high_proximity"":{""value"":0.9778503089495715,""score"":88.92515447478571},""T4_rs_1m"":{""value"":0.18145836046570873,""score"":100},""T5_rs_3m"":{""value"":0.35454832531191305,""score"":100},""T6_adr_healthy"":{""value"":4.467642693693234,""score"":100.0},""_score"":98.34},""geometry"":{""sub_flat_top_quality"":33.3,""sub_hl_slope"":49.5,""sub_compression"":0,""sub_duration"":100.0,""_score"":39.84},""compression"":{""VC1_atr_ratio"":{""value"":0.8612181297068435,""score"":34.69546757328912},""VC2_range_contraction"":{""value"":1.3496879988469632,""score"":0},""VC3_range_pct_rank"":{""score"":13.33333333333333},""_score"":17.21},""sr_quality"":{""SR1_touches"":{""value"":3,""score"":50.0},""SR2_tightness"":{""value"":5.044432574851446,""score"":58.81433044156361},""SR3_recency"":{""value"":237,""score"":0.0},""SR4_price_location"":{""score"":30.0},""SR5_reaction"":{""value"":1.9050208663318422,""score"":95.2510433165921},""_score"":45.61,""_levels_found"":5,""_target_level"":400.2034},""volume"":{""V1_rvol_day"":{""value"":0.5039386987173741,""score"":0.26257991449160445},""V2_rvol_sameslot"":{""value"":1.3984164399975334,""score"":59.894429333168894,""status"":""ok""},""V3_breakout_bar"":{""value"":0.8992459973732347,""score"":26.616399824882315},""V4_base_dryup"":{""value"":1.1789640308747795,""score"":32.10359691252205},""V5_bo_expansion"":{""value"":0.5039386987173742,""score"":0},""_score"":25.11},""readiness"":{""_distance_atr"":0.823,""BR1_atr_distance"":{""score"":45.1272235842813},""BR2_compression"":{""score"":0},""BR3_retest"":{""score"":50.0},""BR4_bo_age"":{""score"":50.0},""_score"":35.55},""risk"":{""R1_stop_clarity"":{""score"":44.26873712620794},""R2_stop_distance_pct"":{""value"":8.632115779550025,""score"":84.19710551124938},""R3_stop_distance_atr"":{""value"":1.7287713182996212,""score"":100.0},""R4_rr_potential"":{""value"":1.7910398348392718,""score"":39.55199174196359},""_score"":63.66},""market"":{""M1_spy_regime"":{""score"":100.0},""M3_earnings_risk"":{""value"":null,""score"":80.0},""M4_vix"":{""value"":null,""score"":60.0},""_score"":84.0},""liquidity"":{""L1_price"":{""value"":490.5875,""score"":100.0},""L2_dollar_vol"":{""value"":2025981289.2022078,""score"":100.0},""L3_spread_proxy"":{""value"":0.054210512905444944,""score"":45.78948709455506},""L4_volume_zscore"":{""value"":-1.4692352073657082,""score"":100.0},""_score"":94.58},""pattern_structure"":{""top"":510.75,""top_touches"":2,""low_slope_per_bar"":0.6753831350232788,""lowest_low"":455.0654,""structural_low"":455.0654,""current_price"":492.91,""neckline_distance_pct"":0.036193219857580436,""base_bars"":34},""pattern_geometry_features"":{""top_touches"":2.0,""low_slope"":0.6753831350232788,""compression"":-0.16260944465323823,""atr_pct"":0.04993208580091652},""_schema_version"":""1.0""}",,,,,,,,,,
20260608T171746Z-5e850b,2026-06-08T17:17:46.036346+00:00,HEI,cup_with_handle,absent,51.79,74.2,48.0,39.3,40.4,44.4,17.5,57.5,84.0,95.0,10.38,14.41,3.14,4.85,5.77,1.4,2.88,4.2,4.75,True,risk_unclear,325.6,351.99,320.5535,435.988,"{""trend"":{""T1_ema_stack"":{""value"":[true,true,false],""score"":66.66666666666666},""T2_ema50_slope"":{""value"":0.2439453272096373,""score"":90.65755453493955},""T3_high_proximity"":{""value"":0.9351484864150728,""score"":67.57424320753636},""T4_rs_1m"":{""value"":0.11107775662725916,""score"":100},""T5_rs_3m"":{""value"":-0.04352768251888284,""score"":28.23615874055858},""T6_adr_healthy"":{""value"":2.7915926327394,""score"":100.0},""_score"":74.17},""geometry"":{""sub_cup_depth"":100.0,""sub_cup_duration"":0.0,""sub_rim_symmetry"":30.1,""sub_handle_shallowness"":37.1,""sub_handle_proportion"":88.9,""sub_u_shape"":38.1,""_score"":48.05},""compression"":{""VC1_atr_ratio"":{""value"":0.7871299259810697,""score"":53.217518504732574},""VC2_range_contraction"":{""value"":0.8910634288952801,""score"":18.15609518411998},""VC3_range_pct_rank"":{""score"":46.666666666666664},""_score"":39.31},""sr_quality"":{""SR1_touches"":{""value"":2,""score"":25.0},""SR2_tightness"":{""value"":1.4778499999999894,""score"":72.89499609602233},""SR3_recency"":{""value"":310,""score"":0.0},""SR4_price_location"":{""score"":34.92955777078472},""SR5_reaction"":{""value"":1.7676117873930361,""score"":88.3805893696518},""_score"":40.42,""_levels_found"":6,""_target_level"":338.6302},""volume"":{""V1_rvol_day"":{""value"":0.29454305479679754,""score"":0},""V2_rvol_sameslot"":{""value"":1.4036531211092977,""score"":60.243541407286514,""status"":""ok""},""V3_breakout_bar"":{""value"":1.9554382784919029,""score"":97.02921856612686},""V4_base_dryup"":{""value"":1.0952490516353066,""score"":40.47509483646934},""V5_bo_expansion"":{""value"":0.29454305479679754,""score"":0},""_score"":44.4},""readiness"":{""_distance_atr"":2.42,""BR1_atr_distance"":{""score"":0},""BR2_compression"":{""score"":0},""BR3_retest"":{""score"":50.0},""BR4_bo_age"":{""score"":50.0},""_score"":17.5},""risk"":{""R1_stop_clarity"":{""score"":10.468752456361699},""R2_stop_distance_pct"":{""value"":1.54991554054055,""score"":88.74788851351376},""R3_stop_distance_atr"":{""value"":0.4627874270951814,""score"":48.13937135475908},""R4_rr_potential"":{""value"":21.874061854444257,""score"":100.0},""_score"":57.51},""market"":{""M1_spy_regime"":{""score"":100.0},""M3_earnings_risk"":{""value"":null,""score"":80.0},""M4_vix"":{""value"":null,""score"":60.0},""_score"":84.0},""liquidity"":{""L1_price"":{""value"":325.6,""score"":100.0},""L2_dollar_vol"":{""value"":75363997.6195656,""score"":93.85819635898041},""L3_spread_proxy"":{""value"":0.02575245700245697,""score"":74.24754299754304},""L4_volume_zscore"":{""value"":-1.9155455206751983,""score"":100.0},""_score"":94.97},""pattern_structure"":{""left_rim"":340.108,""left_rim_idx"":67,""cup_bottom"":256.11,""cup_bottom_idx"":152,""right_rim"":351.99,""right_rim_idx"":172,""handle_low"":325.435,""handle_bars"":7,""cup_bars"":105,""structural_low"":325.435,""current_price"":325.6,""neckline_distance_pct"":0.0810503685503685,""base_bars"":112},""pattern_geometry_features"":{""cup_depth_pct"":0.24697449045597278,""rim_symmetry_pct"":0.034935961518106025,""handle_depth_pct"":0.07544248416148187,""handle_to_cup_ratio"":0.06666666666666667,""cup_duration_bars"":105.0,""atr_pct"":0.033490873990873984,""u_shape_score"":0.19047619047619047},""_schema_version"":""1.0""}",,,,,,,,,,
20260608T171746Z-5e850b,2026-06-08T17:17:46.036346+00:00,CARR,vcp,setup,51.76,78.4,37.9,55.3,55.6,11.0,61.1,32.1,84.0,97.4,11.75,9.47,6.64,6.67,1.43,4.28,1.61,5.04,4.87,True,risk_unclear,67.55,67.065,60.2032,70.58,"{""trend"":{""T1_ema_stack"":{""value"":[true,true,true],""score"":100.0},""T2_ema50_slope"":{""value"":0.12872149960942808,""score"":71.45358326823802},""T3_high_proximity"":{""value"":0.9855558797782316,""score"":92.77793988911576},""T4_rs_1m"":{""value"":-0.008322382439481357,""score"":41.67761756051864},""T5_rs_3m"":{""value"":0.05750603776019503,""score"":78.75301888009751},""T6_adr_healthy"":{""value"":3.0213543904494045,""score"":100.0},""_score"":78.36},""geometry"":{""sub_contraction_count"":100.0,""sub_reduction_rate"":0,""sub_pivot_tightness"":16.3,""sub_volume_dryup"":0,""sub_base_depth"":4.4,""sub_base_duration"":100.0,""_score"":37.89},""compression"":{""VC1_atr_ratio"":{""value"":0.3595248618082246,""score"":100},""VC2_range_contraction"":{""value"":0.9726821907799849,""score"":4.552968203335857},""VC3_range_pct_rank"":{""score"":55.00000000000001},""_score"":55.34},""sr_quality"":{""SR1_touches"":{""value"":4,""score"":75.0},""SR2_tightness"":{""value"":0.5604183705054636,""score"":54.07079065080354},""SR3_recency"":{""value"":228,""score"":0.0},""SR4_price_location"":{""score"":40.021231422505046},""SR5_reaction"":{""value"":2.26879359968779,""score"":100},""_score"":55.62,""_levels_found"":6,""_target_level"":68.9625},""volume"":{""V1_rvol_day"":{""value"":0.26378228410007293,""score"":0},""V2_rvol_sameslot"":{""value"":0.4868709832930874,""score"":0,""status"":""ok""},""V3_breakout_bar"":{""value"":0.48225291938088044,""score"":0},""V4_base_dryup"":{""value"":0.951098701829639,""score"":54.890129817036104},""V5_bo_expansion"":{""value"":0.26378228410007293,""score"":0},""_score"":10.98},""readiness"":{""_distance_atr"":-0.199,""BR1_atr_distance"":{""score"":100.0},""BR2_compression"":{""score"":14.347317744460963},""BR3_retest"":{""score"":50.0},""BR4_bo_age"":{""score"":50.0},""_score"":61.09},""risk"":{""R1_stop_clarity"":{""score"":24.86345675398786},""R2_stop_distance_pct"":{""value"":10.876091783863808,""score"":28.097705403404795},""R3_stop_distance_atr"":{""value"":3.010542953314795,""score"":100.0},""R4_rr_potential"":{""value"":0.4124244569064102,""score"":0.0},""_score"":32.13},""market"":{""M1_spy_regime"":{""score"":100.0},""M3_earnings_risk"":{""value"":null,""score"":80.0},""M4_vix"":{""value"":null,""score"":60.0},""_score"":84.0},""liquidity"":{""L1_price"":{""value"":67.55,""score"":100.0},""L2_dollar_vol"":{""value"":111693191.89869644,""score"":100.0},""L3_spread_proxy"":{""value"":0.026054774241302606,""score"":73.94522575869739},""L4_volume_zscore"":{""value"":-1.763556490826494,""score"":100.0},""_score"":97.39},""pattern_structure"":{""n_contractions"":5,""contractions_pct"":[14.55,10.68,5.43,11.22,8.86],""descending_strict"":false,""final_low"":61.12,""final_pivot"":67.065,""structural_low"":61.12,""dry_up_ratio"":1.067823087317189,""current_price"":67.55,""neckline_distance_pct"":-0.007179866765358985,""base_bars"":58},""pattern_geometry_features"":{""contraction_count"":5.0,""first_contraction_pct"":0.14550939893246703,""last_contraction_pct"":0.08864534406918662,""dry_up_ratio"":1.067823087317189,""near_monotone"":0.0,""base_depth_pct"":0.05438230061112412},""_schema_version"":""1.0""}",,,,,,,,,,
20260608T171746Z-5e850b,2026-06-08T17:17:46.036346+00:00,TT,vcp,absent,51.66,50.9,44.5,69.6,57.4,17.4,45.6,45.0,84.0,98.2,7.63,11.14,8.35,6.89,2.26,3.19,2.25,5.04,4.91,True,risk_unclear,460.02,466.82,434.3404,458.2553,"{""trend"":{""T1_ema_stack"":{""value"":[false,true,true],""score"":66.66666666666666},""T2_ema50_slope"":{""value"":-0.00831499583026279,""score"":48.61416736162287},""T3_high_proximity"":{""value"":0.9339749055914239,""score"":66.98745279571195},""T4_rs_1m"":{""value"":-0.03406984682969272,""score"":15.930153170307278},""T5_rs_3m"":{""value"":-0.0168487863110085,""score"":41.57560684449575},""T6_adr_healthy"":{""value"":2.1705562019635534,""score"":100.0},""_score"":50.86},""geometry"":{""sub_contraction_count"":100.0,""sub_reduction_rate"":0,""sub_pivot_tightness"":63.7,""sub_volume_dryup"":0,""sub_base_depth"":0.0,""sub_base_duration"":100.0,""_score"":44.55},""compression"":{""VC1_atr_ratio"":{""value"":0.3881848689208997,""score"":100},""VC2_range_contraction"":{""value"":0.7998752683326682,""score"":33.3541219445553},""VC3_range_pct_rank"":{""score"":71.66666666666667},""_score"":69.59},""sr_quality"":{""SR1_touches"":{""value"":4,""score"":75.0},""SR2_tightness"":{""value"":2.7808775031453687,""score"":49.57114669487588},""SR3_recency"":{""value"":227,""score"":0.0},""SR4_price_location"":{""score"":49.93855984271316},""SR5_reaction"":{""value"":2.957386903343245,""score"":100},""_score"":57.42,""_levels_found"":8,""_target_level"":467.6587},""volume"":{""V1_rvol_day"":{""value"":0.2704401434457126,""score"":0},""V2_rvol_sameslot"":{""value"":0.6612090311621452,""score"":10.747268744143017,""status"":""ok""},""V3_breakout_bar"":{""value"":0.6337202799931702,""score"":8.91468533287801},""V4_base_dryup"":{""value"":0.847923947072944,""score"":65.2076052927056},""V5_bo_expansion"":{""value"":0.2704401434457126,""score"":0},""_score"":17.42},""readiness"":{""_distance_atr"":0.617,""BR1_atr_distance"":{""score"":58.895923788206886},""BR2_compression"":{""score"":18.068159416276337},""BR3_retest"":{""score"":50.0},""BR4_bo_age"":{""score"":50.0},""_score"":45.58},""risk"":{""R1_stop_clarity"":{""score"":0},""R2_stop_distance_pct"":{""value"":5.582283487674449,""score"":100.0},""R3_stop_distance_atr"":{""value"":2.328390613504242,""score"":100.0},""R4_rr_potential"":{""value"":-0.06871986289672796,""score"":0.0},""_score"":45.0},""market"":{""M1_spy_regime"":{""score"":100.0},""M3_earnings_risk"":{""value"":null,""score"":80.0},""M4_vix"":{""value"":null,""score"":60.0},""_score"":84.0},""liquidity"":{""L1_price"":{""value"":460.02,""score"":100.0},""L2_dollar_vol"":{""value"":166080171.95234388,""score"":100.0},""L3_spread_proxy"":{""value"":0.018140515629755164,""score"":81.85948437024484},""L4_volume_zscore"":{""value"":-2.09882012395942,""score"":100.0},""_score"":98.19},""pattern_structure"":{""n_contractions"":5,""contractions_pct"":[5.92,7.75,7.83,7.86,5.54],""descending_strict"":false,""final_low"":440.9547,""final_pivot"":466.82,""structural_low"":440.9547,""dry_up_ratio"":1.0128838564996607,""current_price"":460.02,""neckline_distance_pct"":0.014781966001478223,""base_bars"":51},""pattern_geometry_features"":{""contraction_count"":5.0,""first_contraction_pct"":0.05920580957006399,""last_contraction_pct"":0.0554074375562315,""dry_up_ratio"":1.0128838564996607,""near_monotone"":0.0,""base_depth_pct"":-0.019807812391590962},""_schema_version"":""1.0""}",,,,,,,,,,
20260608T171746Z-5e850b,2026-06-08T17:17:46.036346+00:00,CSCO,double_bottom,forming,51.54,97.2,52.0,7.9,33.5,22.6,26.8,61.8,84.0,96.5,14.57,13.0,0.63,4.68,2.94,2.14,3.71,5.04,4.82,True,risk_unclear,125.075,130.3656,115.0185,143.9612,"{""trend"":{""T1_ema_stack"":{""value"":[true,true,true],""score"":100.0},""T2_ema50_slope"":{""value"":0.781656143296116,""score"":100},""T3_high_proximity"":{""value"":0.9621153846153846,""score"":81.05769230769228},""T4_rs_1m"":{""value"":0.3439189720009548,""score"":100},""T5_rs_3m"":{""value"":0.5483201987244319,""score"":100},""T6_adr_healthy"":{""value"":3.510411388159002,""score"":100.0},""_score"":97.16},""geometry"":{""sub_low_similarity"":15.0,""sub_bounce_quality"":100,""sub_separation_fit"":0.0,""sub_right_bottom_reaction"":50.0,""sub_base_context"":100.0,""_score"":52.0},""compression"":{""VC1_atr_ratio"":{""value"":0.9545363616948926,""score"":11.36590957627684},""VC2_range_contraction"":{""value"":1.316343357853579,""score"":0},""VC3_range_pct_rank"":{""score"":13.33333333333333},""_score"":7.88},""sr_quality"":{""SR1_touches"":{""value"":2,""score"":25.0},""SR2_tightness"":{""value"":0.7000000000000028,""score"":69.50996604094675},""SR3_recency"":{""value"":234,""score"":0.0},""SR4_price_location"":{""score"":30.0},""SR5_reaction"":{""value"":1.0715069077038688,""score"":53.575345385193444},""_score"":33.46,""_levels_found"":6,""_target_level"":120.09},""volume"":{""V1_rvol_day"":{""value"":0.36724869046557684,""score"":0},""V2_rvol_sameslot"":{""value"":1.0458778401427749,""score"":36.39185600951833,""status"":""ok""},""V3_breakout_bar"":{""value"":0.688129096754613,""score"":12.541939783640865},""V4_base_dryup"":{""value"":0.8903716312736597,""score"":60.96283687263403},""V5_bo_expansion"":{""value"":0.3672486904655768,""score"":0},""_score"":22.61},""readiness"":{""_distance_atr"":1.152,""BR1_atr_distance"":{""score"":23.1854411124922},""BR2_compression"":{""score"":0},""BR3_retest"":{""score"":50.0},""BR4_bo_age"":{""score"":50.0},""_score"":26.77},""risk"":{""R1_stop_clarity"":{""score"":23.70740145574382},""R2_stop_distance_pct"":{""value"":8.040415750549672,""score"":98.98960623625821},""R3_stop_distance_atr"":{""value"":2.1901753643636837,""score"":100.0},""R4_rr_potential"":{""value"":1.8779999105060894,""score"":43.89999552530447},""_score"":61.77},""market"":{""M1_spy_regime"":{""score"":100.0},""M3_earnings_risk"":{""value"":null,""score"":80.0},""M4_vix"":{""value"":null,""score"":60.0},""_score"":84.0},""liquidity"":{""L1_price"":{""value"":125.075,""score"":100.0},""L2_dollar_vol"":{""value"":1385242786.7310433,""score"":100.0},""L3_spread_proxy"":{""value"":0.035458724765140934,""score"":64.54127523485906},""L4_volume_zscore"":{""value"":-1.5385782956994114,""score"":100.0},""_score"":96.45},""pattern_structure"":{""left_low"":116.77,""left_idx"":29,""right_low"":121.84,""right_idx"":76,""separation_bars"":47,""structural_low"":116.77,""current_price"":125.455,""neckline_distance_pct"":0.039142321948108905,""base_bars"":47},""pattern_geometry_features"":{""low_similarity_pct"":0.0424961233812498,""bounce_pct"":0.11643059004881395,""right_bottom_reaction"":0.5,""atr_pct"":0.03671128751320637},""_schema_version"":""1.0""}",,,,,,,,,,
20260608T171746Z-5e850b,2026-06-08T17:17:46.036346+00:00,JCI,vcp,setup,51.53,74.3,42.2,51.2,52.5,22.2,42.1,32.5,84.0,98.1,11.15,10.54,6.14,6.31,2.88,2.95,1.62,5.04,4.91,True,risk_unclear,143.765,141.45,129.3502,148.509,"{""trend"":{""T1_ema_stack"":{""value"":[true,true,true],""score"":100.0},""T2_ema50_slope"":{""value"":0.02300693765324509,""score"":53.83448960887418},""T3_high_proximity"":{""value"":0.9753392130257801,""score"":87.66960651289001},""T4_rs_1m"":{""value"":0.019192062746266725,""score"":69.19206274626673},""T5_rs_3m"":{""value"":-0.012659740432144906,""score"":43.67012978392755},""T6_adr_healthy"":{""value"":2.780178104018306,""score"":100.0},""_score"":74.31},""geometry"":{""sub_contraction_count"":100.0,""sub_reduction_rate"":3.9,""sub_pivot_tightness"":40.6,""sub_volume_dryup"":0,""sub_base_depth"":1.0,""sub_base_duration"":100.0,""_score"":42.16},""compression"":{""VC1_atr_ratio"":{""value"":0.6592016019838496,""score"":85.19959950403761},""VC2_range_contraction"":{""value"":1.044789741755182,""score"":0},""VC3_range_pct_rank"":{""score"":68.33333333333333},""_score"":51.16},""sr_quality"":{""SR1_touches"":{""value"":4,""score"":75.0},""SR2_tightness"":{""value"":0.9380931456950297,""score"":55.98972556718786},""SR3_recency"":{""value"":227,""score"":0.0},""SR4_price_location"":{""score"":26.593943953356835},""SR5_reaction"":{""value"":2.3863898481251202,""score"":100},""_score"":52.55,""_levels_found"":7,""_target_level"":147.0175},""volume"":{""V1_rvol_day"":{""value"":0.3004831404099981,""score"":0},""V2_rvol_sameslot"":{""value"":0.8063253508507935,""score"":20.421690056719566,""status"":""ok""},""V3_breakout_bar"":{""value"":0.6334200737466691,""score"":8.894671583111274},""V4_base_dryup"":{""value"":0.7075459612954864,""score"":79.24540387045136},""V5_bo_expansion"":{""value"":0.30048314040999813,""score"":0},""_score"":22.16},""readiness"":{""_distance_atr"":-0.543,""BR1_atr_distance"":{""score"":49.139267696442374},""BR2_compression"":{""score"":19.73952657367245},""BR3_retest"":{""score"":50.0},""BR4_bo_age"":{""score"":50.0},""_score"":42.09},""risk"":{""R1_stop_clarity"":{""score"":7.587600468476239},""R2_stop_distance_pct"":{""value"":10.0266406983619,""score"":49.33398254095249},""R3_stop_distance_atr"":{""value"":3.3813236287110686,""score"":100.0},""R4_rr_potential"":{""value"":0.3291061964092464,""score"":0.0},""_score"":32.46},""market"":{""M1_spy_regime"":{""score"":100.0},""M3_earnings_risk"":{""value"":null,""score"":80.0},""M4_vix"":{""value"":null,""score"":60.0},""_score"":84.0},""liquidity"":{""L1_price"":{""value"":143.765,""score"":100.0},""L2_dollar_vol"":{""value"":156866055.23610404,""score"":100.0},""L3_spread_proxy"":{""value"":0.01902410183285232,""score"":80.97589816714768},""L4_volume_zscore"":{""value"":-2.369814099632663,""score"":100.0},""_score"":98.1},""pattern_structure"":{""n_contractions"":5,""contractions_pct"":[9.01,5.62,6.73,8.41,7.16],""descending_strict"":false,""final_low"":131.32,""final_pivot"":141.45,""structural_low"":131.32,""dry_up_ratio"":1.0184426716752433,""current_price"":143.765,""neckline_distance_pct"":-0.016102667547734137,""base_bars"":46},""pattern_geometry_features"":{""contraction_count"":5.0,""first_contraction_pct"":0.09010760303225197,""last_contraction_pct"":0.07161541180629195,""dry_up_ratio"":1.0184426716752433,""near_monotone"":0.0,""base_depth_pct"":0.05101207553169193},""_schema_version"":""1.0""}",,,,,,,,,,
20260608T171746Z-5e850b,2026-06-08T17:17:46.036346+00:00,CARR,bull_flag,absent,51.43,78.4,43.3,55.3,55.6,11.9,36.2,69.5,84.0,97.4,10.97,13.0,4.98,5.56,1.67,3.26,2.08,5.04,4.87,True,risk_unclear,67.55,69.83,64.6357,77.34,"{""trend"":{""T1_ema_stack"":{""value"":[true,true,true],""score"":100.0},""T2_ema50_slope"":{""value"":0.12872149960942808,""score"":71.45358326823802},""T3_high_proximity"":{""value"":0.9855558797782316,""score"":92.77793988911576},""T4_rs_1m"":{""value"":-0.008322382439481357,""score"":41.67761756051864},""T5_rs_3m"":{""value"":0.05750603776019503,""score"":78.75301888009751},""T6_adr_healthy"":{""value"":3.0213543904494045,""score"":100.0},""_score"":78.36},""geometry"":{""sub_pole_impulse"":58.4,""sub_flag_tightness"":34.0,""sub_flag_shallowness"":0,""sub_flag_drift"":98.7,""sub_flag_duration"":25.0,""_score"":43.33},""compression"":{""VC1_atr_ratio"":{""value"":0.3595248618082246,""score"":100},""VC2_range_contraction"":{""value"":0.9726821907799849,""score"":4.552968203335857},""VC3_range_pct_rank"":{""score"":55.00000000000001},""_score"":55.34},""sr_quality"":{""SR1_touches"":{""value"":4,""score"":75.0},""SR2_tightness"":{""value"":0.5604183705054636,""score"":54.07079065080354},""SR3_recency"":{""value"":228,""score"":0.0},""SR4_price_location"":{""score"":40.021231422505046},""SR5_reaction"":{""value"":2.26879359968779,""score"":100},""_score"":55.62,""_levels_found"":6,""_target_level"":68.9625},""volume"":{""V1_rvol_day"":{""value"":0.26378228410007293,""score"":0},""V2_rvol_sameslot"":{""value"":0.4868709832930874,""score"":0,""status"":""ok""},""V3_breakout_bar"":{""value"":0.48225291938088044,""score"":0},""V4_base_dryup"":{""value"":0.9024733801727383,""score"":59.752661982726174},""V5_bo_expansion"":{""value"":0.26378228410007293,""score"":0},""_score"":11.95},""readiness"":{""_distance_atr"":0.934,""BR1_atr_distance"":{""score"":37.71403483096737},""BR2_compression"":{""score"":14.347317744460963},""BR3_retest"":{""score"":50.0},""BR4_bo_age"":{""score"":50.0},""_score"":36.17},""risk"":{""R1_stop_clarity"":{""score"":19.33147958436963},""R2_stop_distance_pct"":{""value"":4.3142857142857105,""score"":100.0},""R3_stop_distance_atr"":{""value"":1.1942104492902075,""score"":84.71052246451038},""R4_rr_potential"":{""value"":3.359297258346778,""score"":100.0},""_score"":69.47},""market"":{""M1_spy_regime"":{""score"":100.0},""M3_earnings_risk"":{""value"":null,""score"":80.0},""M4_vix"":{""value"":null,""score"":60.0},""_score"":84.0},""liquidity"":{""L1_price"":{""value"":67.55,""score"":100.0},""L2_dollar_vol"":{""value"":111693191.89869644,""score"":100.0},""L3_spread_proxy"":{""value"":0.026054774241302606,""score"":73.94522575869739},""L4_volume_zscore"":{""value"":-1.763556490826494,""score"":100.0},""_score"":97.39},""pattern_structure"":{""pole_low"":62.32,""pole_low_idx"":15,""peak_price"":69.83,""peak_idx"":33,""pole_gain"":0.1205070603337612,""flag_bars"":26,""flag_low"":65.62,""flag_high"":68.95,""structural_low"":65.62,""current_price"":67.71,""neckline_distance_pct"":0.03130999852311335,""base_bars"":26},""pattern_geometry_features"":{""pole_gain"":0.1205070603337612,""pullback_pct"":0.060289273951023827,""flag_range_pct"":0.04768724044107115,""flag_drift_per_bar"":-0.00026778354647209285,""atr_pct"":0.03612667865073493,""pole_atr_multiple"":3.3356805783005385},""_schema_version"":""1.0""}",,,,,,,,,,
20260608T171746Z-5e850b,2026-06-08T17:17:46.036346+00:00,ORCL,cup_with_handle,breakout_confirmed,51.38,80.8,55.0,9.8,53.0,20.5,34.5,40.6,84.0,95.4,11.31,16.51,0.78,6.36,2.67,2.76,2.03,4.2,4.77,False,,212.02,200.709,176.118,266.5089,"{""trend"":{""T1_ema_stack"":{""value"":[true,true,false],""score"":66.66666666666666},""T2_ema50_slope"":{""value"":0.5149272445911647,""score"":100},""T3_high_proximity"":{""value"":0.8544025790852308,""score"":27.20128954261536},""T4_rs_1m"":{""value"":0.07634131261223276,""score"":100},""T5_rs_3m"":{""value"":0.3060492986552428,""score"":100},""T6_adr_healthy"":{""value"":5.163530606770082,""score"":100.0},""_score"":80.75},""geometry"":{""sub_cup_depth"":51.6,""sub_cup_duration"":40.0,""sub_rim_symmetry"":96.6,""sub_handle_shallowness"":9.0,""sub_handle_proportion"":100.0,""sub_u_shape"":50.5,""_score"":55.02},""compression"":{""VC1_atr_ratio"":{""value"":1.2034577905157915,""score"":0},""VC2_range_contraction"":{""value"":1.4044913180693492,""score"":0},""VC3_range_pct_rank"":{""score"":39.16666666666667},""_score"":9.79},""sr_quality"":{""SR1_touches"":{""value"":4,""score"":75.0},""SR2_tightness"":{""value"":0.5890909750412044,""score"":90.87855688607465},""SR3_recency"":{""value"":240,""score"":0.0},""SR4_price_location"":{""score"":30.0},""SR5_reaction"":{""value"":1.2535944145042388,""score"":62.67972072521194},""_score"":53.03,""_levels_found"":6,""_target_level"":200.7297},""volume"":{""V1_rvol_day"":{""value"":0.5368227363898207,""score"":2.4548490926547135},""V2_rvol_sameslot"":{""value"":0.6957695170775683,""score"":13.051301138504554,""status"":""ok""},""V3_breakout_bar"":{""value"":0.4350219235523789,""score"":0},""V4_base_dryup"":{""value"":0.6299876853642892,""score"":87.00123146357109},""V5_bo_expansion"":{""value"":0.5368227363898208,""score"":0},""_score"":20.5},""readiness"":{""_distance_atr"":-0.876,""BR1_atr_distance"":{""score"":42.48612736693289},""BR2_compression"":{""score"":0},""BR3_retest"":{""score"":50.0},""BR4_bo_age"":{""score"":50.0},""_score"":34.49},""risk"":{""R1_stop_clarity"":{""score"":58.472101138815106},""R2_stop_distance_pct"":{""value"":16.933308178473734,""score"":0.0},""R3_stop_distance_atr"":{""value"":2.779520180675339,""score"":100.0},""R4_rr_potential"":{""value"":1.5177121051751994,""score"":25.88560525875997},""_score"":40.64},""market"":{""M1_spy_regime"":{""score"":100.0},""M3_earnings_risk"":{""value"":null,""score"":80.0},""M4_vix"":{""value"":null,""score"":60.0},""_score"":84.0},""liquidity"":{""L1_price"":{""value"":212.02,""score"":100.0},""L2_dollar_vol"":{""value"":2404577065.526751,""score"":100.0},""L3_spread_proxy"":{""value"":0.045887180454674145,""score"":54.112819545325856},""L4_volume_zscore"":{""value"":-0.9860902409011058,""score"":100.0},""_score"":95.41},""pattern_structure"":{""left_rim"":200.3699,""left_rim_idx"":68,""cup_bottom"":134.57,""cup_bottom_idx"":139,""right_rim"":200.709,""right_rim_idx"":163,""handle_low"":178.8,""handle_bars"":16,""cup_bars"":95,""structural_low"":178.8,""current_price"":212.02,""neckline_distance_pct"":-0.053348740684841085,""base_bars"":111},""pattern_geometry_features"":{""cup_depth_pct"":0.32839213873940154,""rim_symmetry_pct"":0.0016923699617557425,""handle_depth_pct"":0.10915803476675182,""handle_to_cup_ratio"":0.16842105263157894,""cup_duration_bars"":95.0,""atr_pct"":0.060921695392617936,""u_shape_score"":0.25263157894736843},""_schema_version"":""1.0""}",,,,,,,,,,
20260608T171746Z-5e850b,2026-06-08T17:17:46.036346+00:00,HPE,bull_flag,forming,51.32,91.8,65.8,8.8,33.2,0.0,26.6,79.8,84.0,96.1,12.85,19.72,0.79,3.32,0.01,2.39,2.39,5.04,4.8,False,,50.0263,64.25,47.8119,91.925,"{""trend"":{""T1_ema_stack"":{""value"":[true,true,true],""score"":100.0},""T2_ema50_slope"":{""value"":0.8403496520434338,""score"":100},""T3_high_proximity"":{""value"":0.8909403383793411,""score"":45.47016918967051},""T4_rs_1m"":{""value"":0.671155569749271,""score"":100},""T5_rs_3m"":{""value"":1.2008636112803288,""score"":100},""T6_adr_healthy"":{""value"":5.7399322034643205,""score"":100.0},""_score"":91.82},""geometry"":{""sub_pole_impulse"":100.0,""sub_flag_tightness"":61.8,""sub_flag_shallowness"":35.4,""sub_flag_drift"":71.5,""sub_flag_duration"":25.0,""_score"":65.75},""compression"":{""VC1_atr_ratio"":{""value"":1.6118731578417185,""score"":0},""VC2_range_contraction"":{""value"":1.879991273616245,""score"":0},""VC3_range_pct_rank"":{""score"":35.0},""_score"":8.75},""sr_quality"":{""SR1_touches"":{""value"":2,""score"":25.0},""SR2_tightness"":{""value"":0.4599999999999991,""score"":75.96382630505417},""SR3_recency"":{""value"":252,""score"":0.0},""SR4_price_location"":{""score"":30.0},""SR5_reaction"":{""value"":0.9059286118176609,""score"":45.29643059088305},""_score"":33.19,""_levels_found"":3,""_target_level"":26.885},""volume"":{""V1_rvol_day"":{""value"":0.3601064040188833,""score"":0},""V2_rvol_sameslot"":{""value"":0.5029766455582861,""score"":0.19844303721907597,""status"":""ok""},""V3_breakout_bar"":{""value"":0.49078235616348326,""score"":0},""V4_base_dryup"":{""value"":1.869157389884788,""score"":0},""V5_bo_expansion"":{""value"":0.36010640401888316,""score"":0},""_score"":0.04},""readiness"":{""_distance_atr"":3.716,""BR1_atr_distance"":{""score"":0},""BR2_compression"":{""score"":36.430139469455},""BR3_retest"":{""score"":50.0},""BR4_bo_age"":{""score"":50.0},""_score"":26.61},""risk"":{""R1_stop_clarity"":{""score"":61.954917245021655},""R2_stop_distance_pct"":{""value"":4.4264716758984735,""score"":100.0},""R3_stop_distance_atr"":{""value"":0.5785402503270445,""score"":53.92701251635222},""R4_rr_potential"":{""value"":18.921016979768805,""score"":100.0},""_score"":79.77},""market"":{""M1_spy_regime"":{""score"":100.0},""M3_earnings_risk"":{""value"":null,""score"":80.0},""M4_vix"":{""value"":null,""score"":60.0},""_score"":84.0},""liquidity"":{""L1_price"":{""value"":50.0263,""score"":100.0},""L2_dollar_vol"":{""value"":668522197.1541957,""score"":100.0},""L3_spread_proxy"":{""value"":0.03899948627022187,""score"":61.00051372977813},""L4_volume_zscore"":{""value"":-0.616495768250405,""score"":100.0},""_score"":96.1},""pattern_structure"":{""pole_low"":36.575,""pole_low_idx"":15,""peak_price"":64.25,""peak_idx"":33,""pole_gain"":0.7566643882433355,""flag_bars"":26,""flag_low"":48.54,""flag_high"":59.67,""structural_low"":48.54,""current_price"":50.125,""neckline_distance_pct"":0.2817955112219451,""base_bars"":26},""pattern_geometry_features"":{""pole_gain"":0.7566643882433355,""pullback_pct"":0.24451361867704283,""flag_range_pct"":0.17322957198443584,""flag_drift_per_bar"":-0.005697312295330045,""atr_pct"":0.07651104090676875,""pole_atr_multiple"":9.889610431066496},""_schema_version"":""1.0""}",,,,,,,,,,
20260608T171746Z-5e850b,2026-06-08T17:17:46.036346+00:00,HEI,bull_flag,absent,51.32,74.2,48.6,39.3,40.4,38.1,22.9,52.6,84.0,95.0,10.38,14.59,3.54,4.04,5.34,2.06,1.58,5.04,4.75,True,risk_unclear,325.6,339.748,322.1541,372.996,"{""trend"":{""T1_ema_stack"":{""value"":[true,true,false],""score"":66.66666666666666},""T2_ema50_slope"":{""value"":0.2439453272096373,""score"":90.65755453493955},""T3_high_proximity"":{""value"":0.9351484864150728,""score"":67.57424320753636},""T4_rs_1m"":{""value"":0.11107775662725916,""score"":100},""T5_rs_3m"":{""value"":-0.04352768251888284,""score"":28.23615874055858},""T6_adr_healthy"":{""value"":2.7915926327394,""score"":100.0},""_score"":74.17},""geometry"":{""sub_pole_impulse"":56.0,""sub_flag_tightness"":43.0,""sub_flag_shallowness"":31.1,""sub_flag_drift"":99.1,""sub_flag_duration"":0.0,""_score"":48.64},""compression"":{""VC1_atr_ratio"":{""value"":0.7871299259810697,""score"":53.217518504732574},""VC2_range_contraction"":{""value"":0.8910634288952801,""score"":18.15609518411998},""VC3_range_pct_rank"":{""score"":46.666666666666664},""_score"":39.31},""sr_quality"":{""SR1_touches"":{""value"":2,""score"":25.0},""SR2_tightness"":{""value"":1.4778499999999894,""score"":72.89499609602233},""SR3_recency"":{""value"":310,""score"":0.0},""SR4_price_location"":{""score"":34.92955777078472},""SR5_reaction"":{""value"":1.7676117873930361,""score"":88.3805893696518},""_score"":40.42,""_levels_found"":6,""_target_level"":338.6302},""volume"":{""V1_rvol_day"":{""value"":0.29454305479679754,""score"":0},""V2_rvol_sameslot"":{""value"":1.4036531211092977,""score"":60.243541407286514,""status"":""ok""},""V3_breakout_bar"":{""value"":1.9554382784919029,""score"":97.02921856612686},""V4_base_dryup"":{""value"":1.4077489643479737,""score"":9.22510356520263},""V5_bo_expansion"":{""value"":0.29454305479679754,""score"":0},""_score"":38.15},""readiness"":{""_distance_atr"":1.297,""BR1_atr_distance"":{""score"":13.504619270454128},""BR2_compression"":{""score"":0},""BR3_retest"":{""score"":50.0},""BR4_bo_age"":{""score"":50.0},""_score"":22.9},""risk"":{""R1_stop_clarity"":{""score"":10.021694588404856},""R2_stop_distance_pct"":{""value"":1.0583230958231116,""score"":76.45807739557779},""R3_stop_distance_atr"":{""value"":0.3160034271161442,""score"":40.800171355807215},""R4_rr_potential"":{""value"":13.754316724222772,""score"":100.0},""_score"":52.57},""market"":{""M1_spy_regime"":{""score"":100.0},""M3_earnings_risk"":{""value"":null,""score"":80.0},""M4_vix"":{""value"":null,""score"":60.0},""_score"":84.0},""liquidity"":{""L1_price"":{""value"":325.6,""score"":100.0},""L2_dollar_vol"":{""value"":75363997.6195656,""score"":93.85819635898041},""L3_spread_proxy"":{""value"":0.02575245700245697,""score"":74.24754299754304},""L4_volume_zscore"":{""value"":-1.9155455206751983,""score"":100.0},""_score"":94.97},""pattern_structure"":{""pole_low"":306.5,""pole_low_idx"":5,""peak_price"":339.748,""peak_idx"":30,""pole_gain"":0.10847634584013048,""flag_bars"":29,""flag_low"":327.06,""flag_high"":339.67,""structural_low"":327.06,""current_price"":327.7,""neckline_distance_pct"":0.03676533414708576,""base_bars"":29},""pattern_geometry_features"":{""pole_gain"":0.10847634584013048,""pullback_pct"":0.037345326536138514,""flag_range_pct"":0.03711574461071151,""flag_drift_per_bar"":-0.00017941887855497672,""atr_pct"":0.033490873990873984,""pole_atr_multiple"":3.2389822334791707},""_schema_version"":""1.0""}",,,,,,,,,,
20260608T171746Z-5e850b,2026-06-08T17:17:46.036346+00:00,GLW,vcp,absent,51.3,85.8,41.7,47.6,43.1,17.3,33.7,53.6,84.0,95.8,12.87,10.41,5.72,5.17,2.25,2.36,2.68,5.04,4.79,False,,187.75,199.93,169.8435,177.75,"{""trend"":{""T1_ema_stack"":{""value"":[true,true,true],""score"":100.0},""T2_ema50_slope"":{""value"":0.5155132397135035,""score"":100},""T3_high_proximity"":{""value"":0.9014307662761667,""score"":50.715383138083325},""T4_rs_1m"":{""value"":0.016099504712942858,""score"":66.09950471294286},""T5_rs_3m"":{""value"":0.3619938347718934,""score"":100},""T6_adr_healthy"":{""value"":6.320454904065141,""score"":100.0},""_score"":85.83},""geometry"":{""sub_contraction_count"":100.0,""sub_reduction_rate"":0,""sub_pivot_tightness"":0,""sub_volume_dryup"":44.4,""sub_base_depth"":0.0,""sub_base_duration"":100.0,""_score"":41.66},""compression"":{""VC1_atr_ratio"":{""value"":0.7151267749175866,""score"":71.21830627060335},""VC2_range_contraction"":{""value"":0.9428555795686682,""score"":9.524070071888639},""VC3_range_pct_rank"":{""score"":63.33333333333333},""_score"":47.65},""sr_quality"":{""SR1_touches"":{""value"":2,""score"":25.0},""SR2_tightness"":{""value"":1.6099999999999994,""score"":75.44981889612409},""SR3_recency"":{""value"":227,""score"":0.0},""SR4_price_location"":{""score"":37.10921071078084},""SR5_reaction"":{""value"":3.20143510730357,""score"":100},""_score"":43.09,""_levels_found"":7,""_target_level"":210.18},""volume"":{""V1_rvol_day"":{""value"":0.5527679077216849,""score"":3.5178605147789956},""V2_rvol_sameslot"":{""value"":0.8167179767704787,""score"":21.114531784698585,""status"":""ok""},""V3_breakout_bar"":{""value"":0.5901358977484887,""score"":6.0090598498992485},""V4_base_dryup"":{""value"":0.9549035828737912,""score"":54.50964171262088},""V5_bo_expansion"":{""value"":0.5527679077216849,""score"":0},""_score"":17.33},""readiness"":{""_distance_atr"":0.929,""BR1_atr_distance"":{""score"":38.09084765109546},""BR2_compression"":{""score"":3.678661999359234},""BR3_retest"":{""score"":50.0},""BR4_bo_age"":{""score"":50.0},""_score"":33.66},""risk"":{""R1_stop_clarity"":{""score"":60.5603627850185},""R2_stop_distance_pct"":{""value"":9.537390146471376,""score"":61.56524633821561},""R3_stop_distance_atr"":{""value"":1.3652378584704943,""score"":93.26189292352471},""R4_rr_potential"":{""value"":-0.5584579858095824,""score"":0.0},""_score"":53.65},""market"":{""M1_spy_regime"":{""score"":100.0},""M3_earnings_risk"":{""value"":null,""score"":80.0},""M4_vix"":{""value"":null,""score"":60.0},""_score"":84.0},""liquidity"":{""L1_price"":{""value"":187.75,""score"":100.0},""L2_dollar_vol"":{""value"":1444416954.8920066,""score"":100.0},""L3_spread_proxy"":{""value"":0.04207723035952067,""score"":57.92276964047933},""L4_volume_zscore"":{""value"":-1.453702079592352,""score"":100.0},""_score"":95.79},""pattern_structure"":{""n_contractions"":5,""contractions_pct"":[15.69,10.33,17.26,19.83,13.75],""descending_strict"":false,""final_low"":172.43,""final_pivot"":199.93,""structural_low"":172.43,""dry_up_ratio"":0.7779090141897551,""current_price"":187.75,""neckline_distance_pct"":0.06487350199733692,""base_bars"":46},""pattern_geometry_features"":{""contraction_count"":5.0,""first_contraction_pct"":0.15687188019966716,""last_contraction_pct"":0.13754814184964737,""dry_up_ratio"":0.7779090141897551,""near_monotone"":0.0,""base_depth_pct"":-0.14762063227953415},""_schema_version"":""1.0""}",,,,,,,,,,
20260608T171746Z-5e850b,2026-06-08T17:17:46.036346+00:00,WOLF,inverse_head_shoulders,forming,51.29,71.7,71.0,23.5,39.2,4.5,31.6,59.5,84.0,90.0,8.6,19.89,1.88,5.48,0.63,2.53,3.57,4.2,4.5,False,,56.9999,67.25,48.9151,84.84,"{""trend"":{""T1_ema_stack"":{""value"":[false,true,true],""score"":66.66666666666666},""T2_ema50_slope"":{""value"":1.7872985191887167,""score"":100},""T3_high_proximity"":{""value"":0.7755088435374149,""score"":0},""T4_rs_1m"":{""value"":0.24894506941078132,""score"":100},""T5_rs_3m"":{""value"":2.1165852071884785,""score"":100},""T6_adr_healthy"":{""value"":16.445591974935024,""score"":0.0},""_score"":71.67},""geometry"":{""sub_head_depth"":100.0,""sub_shoulder_price_sym"":58.7,""sub_shoulder_time_sym"":6.7,""sub_right_shoulder_reaction"":87.1,""sub_base_context"":100.0,""_score"":71.03},""compression"":{""VC1_atr_ratio"":{""value"":0.8752598359231881,""score"":31.18504101920297},""VC2_range_contraction"":{""value"":1.0358942535137916,""score"":0},""VC3_range_pct_rank"":{""score"":44.166666666666664},""_score"":23.52},""sr_quality"":{""SR1_touches"":{""value"":2,""score"":25.0},""SR2_tightness"":{""value"":2.0600000000000023,""score"":61.03566236671868},""SR3_recency"":{""value"":229,""score"":0.0},""SR4_price_location"":{""score"":30.0},""SR5_reaction"":{""value"":2.240449413913673,""score"":100},""_score"":39.16,""_levels_found"":3,""_target_level"":51.72},""volume"":{""V1_rvol_day"":{""value"":0.41358309824794887,""score"":0},""V2_rvol_sameslot"":{""value"":0.6296076869740823,""score"":8.640512464938821,""status"":""ok""},""V3_breakout_bar"":{""value"":0.6682819207783078,""score"":11.218794718553855},""V4_base_dryup"":{""value"":2.427951695993193,""score"":0},""V5_bo_expansion"":{""value"":0.41358309824794887,""score"":0},""_score"":4.53},""readiness"":{""_distance_atr"":0.969,""BR1_atr_distance"":{""score"":35.374052237071766},""BR2_compression"":{""score"":0},""BR3_retest"":{""score"":50.0},""BR4_bo_age"":{""score"":50.0},""_score"":31.65},""risk"":{""R1_stop_clarity"":{""score"":85.91041985289743},""R2_stop_distance_pct"":{""value"":14.183884533130763,""score"":0.0},""R3_stop_distance_atr"":{""value"":0.7646089245086226,""score"":63.23044622543112},""R4_rr_potential"":{""value"":3.4435112804274692,""score"":100.0},""_score"":59.55},""market"":{""M1_spy_regime"":{""score"":100.0},""M3_earnings_risk"":{""value"":null,""score"":80.0},""M4_vix"":{""value"":null,""score"":60.0},""_score"":84.0},""liquidity"":{""L1_price"":{""value"":56.9999,""score"":100.0},""L2_dollar_vol"":{""value"":256906998.54126775,""score"":100.0},""L3_spread_proxy"":{""value"":0.10000017543890422,""score"":0},""L4_volume_zscore"":{""value"":-1.016501279950292,""score"":100.0},""_score"":90.0},""pattern_structure"":{""left_shoulder"":58.52,""left_shoulder_idx"":62,""head"":49.66,""head_idx"":70,""right_shoulder"":56.62,""right_shoulder_idx"":85,""left_to_head_bars"":8,""head_to_right_bars"":15,""structural_low"":49.66,""current_price"":56.85,""neckline_distance_pct"":0.1829375549692172,""base_bars"":23},""pattern_geometry_features"":{""head_depth_pct"":0.137397950321348,""shoulder_price_asymmetry"":0.033003300330033104,""shoulder_time_asymmetry"":0.4666666666666667,""right_shoulder_reaction"":0.87139423076923,""atr_pct"":0.18550508735228358},""_schema_version"":""1.0""}",,,,,,,,,,
20260608T171746Z-5e850b,2026-06-08T17:17:46.036346+00:00,BWXT,double_bottom,forming,51.26,15.3,60.0,79.7,63.9,17.1,45.8,50.4,84.0,94.1,2.3,14.99,6.38,8.95,2.22,3.67,3.02,5.04,4.7,True,risk_unclear,187.69,190.48,181.3089,196.89,"{""trend"":{""T1_ema_stack"":{""value"":[false,false,true],""score"":33.33333333333333},""T2_ema50_slope"":{""value"":-0.23967319756226427,""score"":10.054467072955951},""T3_high_proximity"":{""value"":0.7872242261555239,""score"":0},""T4_rs_1m"":{""value"":-0.11900132452258805,""score"":0},""T5_rs_3m"":{""value"":-0.15624503762917152,""score"":0},""T6_adr_healthy"":{""value"":3.271911813038851,""score"":100.0},""_score"":15.34},""geometry"":{""sub_low_similarity"":94.6,""sub_bounce_quality"":6.9,""sub_separation_fit"":100.0,""sub_right_bottom_reaction"":61.3,""sub_base_context"":30.0,""_score"":59.95},""compression"":{""VC1_atr_ratio"":{""value"":0.4174212358237332,""score"":100},""VC2_range_contraction"":{""value"":0.7226567937387511,""score"":46.22386771020815},""VC3_range_pct_rank"":{""score"":94.16666666666667},""_score"":79.72},""sr_quality"":{""SR1_touches"":{""value"":3,""score"":50.0},""SR2_tightness"":{""value"":0.20848661028149218,""score"":93.45594407501622},""SR3_recency"":{""value"":272,""score"":0.0},""SR4_price_location"":{""score"":79.61299411207364},""SR5_reaction"":{""value"":3.5034605683537916,""score"":100},""_score"":63.92,""_levels_found"":7,""_target_level"":189.06},""volume"":{""V1_rvol_day"":{""value"":0.35056140234181776,""score"":0},""V2_rvol_sameslot"":{""value"":0.6800032178254104,""score"":12.000214521694026,""status"":""ok""},""V3_breakout_bar"":{""value"":0.7757164599767741,""score"":18.381097331784936},""V4_base_dryup"":{""value"":0.9965947059057634,""score"":50.34052940942366},""V5_bo_expansion"":{""value"":0.3505614023418177,""score"":0},""_score"":17.06},""readiness"":{""_distance_atr"":0.438,""BR1_atr_distance"":{""score"":70.8088111652935},""BR2_compression"":{""score"":0},""BR3_retest"":{""score"":50.0},""BR4_bo_age"":{""score"":50.0},""_score"":45.82},""risk"":{""R1_stop_clarity"":{""score"":13.335126954766736},""R2_stop_distance_pct"":{""value"":3.399781554691255,""score"":100.0},""R3_stop_distance_atr"":{""value"":1.0014539543747574,""score"":75.07269771873787},""R4_rr_potential"":{""value"":1.4417689878624937,""score"":22.088449393124687},""_score"":50.35},""market"":{""M1_spy_regime"":{""score"":100.0},""M3_earnings_risk"":{""value"":null,""score"":80.0},""M4_vix"":{""value"":null,""score"":60.0},""_score"":84.0},""liquidity"":{""L1_price"":{""value"":187.69,""score"":100.0},""L2_dollar_vol"":{""value"":62509365.935292505,""score"":89.79725468262197},""L3_spread_proxy"":{""value"":0.018514571900474158,""score"":81.48542809952585},""L4_volume_zscore"":{""value"":-1.8466673907737168,""score"":100.0},""_score"":94.07},""pattern_structure"":{""left_low"":184.57,""left_idx"":48,""right_low"":184.07,""right_idx"":76,""separation_bars"":28,""structural_low"":184.07,""current_price"":187.76,""neckline_distance_pct"":0.014486578610992751,""base_bars"":28},""pattern_geometry_features"":{""low_similarity_pct"":0.002712673611111111,""bounce_pct"":0.03482370837181505,""right_bottom_reaction"":0.613445378151277,""atr_pct"":0.03394845604073586},""_schema_version"":""1.0""}",,,,,,,,,,
20260608T171746Z-5e850b,2026-06-08T17:17:46.036346+00:00,INTC,vcp,absent,51.2,77.9,42.3,45.6,50.4,26.4,17.5,59.5,84.0,94.8,11.69,10.57,5.47,6.05,3.44,1.23,2.98,5.04,4.74,False,,110.4799,132.75,100.864,84.95,"{""trend"":{""T1_ema_stack"":{""value"":[true,true,true],""score"":100.0},""T2_ema50_slope"":{""value"":1.103582782745338,""score"":100},""T3_high_proximity"":{""value"":0.8535220951792336,""score"":26.761047589616783},""T4_rs_1m"":{""value"":-0.005387264172873163,""score"":44.61273582712684},""T5_rs_3m"":{""value"":1.330999302887952,""score"":100},""T6_adr_healthy"":{""value"":6.817423073624839,""score"":100.0},""_score"":77.94},""geometry"":{""sub_contraction_count"":100.0,""sub_reduction_rate"":0,""sub_pivot_tightness"":0,""sub_volume_dryup"":48.5,""sub_base_depth"":0.0,""sub_base_duration"":100.0,""_score"":42.27},""compression"":{""VC1_atr_ratio"":{""value"":0.7115076051866087,""score"":72.12309870334782},""VC2_range_contraction"":{""value"":0.9374793850503264,""score"":10.420102491612274},""VC3_range_pct_rank"":{""score"":52.5},""_score"":45.62},""sr_quality"":{""SR1_touches"":{""value"":5,""score"":100},""SR2_tightness"":{""value"":2.034394258741408,""score"":54.5494852423291},""SR3_recency"":{""value"":275,""score"":0.0},""SR4_price_location"":{""score"":30.0},""SR5_reaction"":{""value"":0.6319837740106502,""score"":31.59918870053251},""_score"":50.42,""_levels_found"":2,""_target_level"":48.195},""volume"":{""V1_rvol_day"":{""value"":0.7112484880616881,""score"":14.08323253744587},""V2_rvol_sameslot"":{""value"":1.038650883201481,""score"":35.91005888009873,""status"":""ok""},""V3_breakout_bar"":{""value"":0.7120398311603717,""score"":14.135988744024782},""V4_base_dryup"":{""value"":0.8538975062522202,""score"":64.610249374778},""V5_bo_expansion"":{""value"":0.7112484880616881,""score"":0},""_score"":26.45},""readiness"":{""_distance_atr"":2.488,""BR1_atr_distance"":{""score"":0},""BR2_compression"":{""score"":0},""BR3_retest"":{""score"":50.0},""BR4_bo_age"":{""score"":50.0},""_score"":17.5},""risk"":{""R1_stop_clarity"":{""score"":65.68413896774746},""R2_stop_distance_pct"":{""value"":8.703755162703802,""score"":82.40612093240496},""R3_stop_distance_atr"":{""value"":1.0741467711589736,""score"":78.70733855794867},""R4_rr_potential"":{""value"":-2.654967293753057,""score"":0.0},""_score"":59.52},""market"":{""M1_spy_regime"":{""score"":100.0},""M3_earnings_risk"":{""value"":null,""score"":80.0},""M4_vix"":{""value"":null,""score"":60.0},""_score"":84.0},""liquidity"":{""L1_price"":{""value"":110.4799,""score"":100.0},""L2_dollar_vol"":{""value"":9941012298.696365,""score"":100.0},""L3_spread_proxy"":{""value"":0.0516836094167356,""score"":48.3163905832644},""L4_volume_zscore"":{""value"":-1.086579435968976,""score"":100.0},""_score"":94.83},""pattern_structure"":{""n_contractions"":5,""contractions_pct"":[22.57,16.72,10.28,15.08,22.86],""descending_strict"":false,""final_low"":102.4,""final_pivot"":132.75,""structural_low"":102.4,""dry_up_ratio"":0.7575082678209955,""current_price"":110.4799,""neckline_distance_pct"":0.20157603328750298,""base_bars"":81},""pattern_geometry_features"":{""contraction_count"":5.0,""first_contraction_pct"":0.2257326007326008,""last_contraction_pct"":0.22862523540489638,""dry_up_ratio"":0.7575082678209955,""near_monotone"":0.0,""base_depth_pct"":-0.8754578754578756},""_schema_version"":""1.0""}",,,,,,,,,,
20260608T171746Z-5e850b,2026-06-08T17:17:46.036346+00:00,ANET,cup_with_handle,setup,51.17,73.5,59.1,41.3,42.8,9.4,36.0,32.5,84.0,96.2,10.28,17.72,3.3,5.13,1.22,2.88,1.62,4.2,4.81,False,,157.35,147.89,134.945,173.88,"{""trend"":{""T1_ema_stack"":{""value"":[false,true,true],""score"":66.66666666666666},""T2_ema50_slope"":{""value"":0.11484601360560165,""score"":69.14100226760027},""T3_high_proximity"":{""value"":0.8853316828897766,""score"":42.66584144488827},""T4_rs_1m"":{""value"":0.09682127441497568,""score"":100},""T5_rs_3m"":{""value"":0.05424809484284632,""score"":77.12404742142316},""T6_adr_healthy"":{""value"":4.522244418844602,""score"":100.0},""_score"":73.46},""geometry"":{""sub_cup_depth"":100.0,""sub_cup_duration"":60.0,""sub_rim_symmetry"":8.4,""sub_handle_shallowness"":38.6,""sub_handle_proportion"":100.0,""sub_u_shape"":71.1,""_score"":59.06},""compression"":{""VC1_atr_ratio"":{""value"":0.7255587530035846,""score"":68.61031174910383},""VC2_range_contraction"":{""value"":0.9948520630223393,""score"":0.8579894962767824},""VC3_range_pct_rank"":{""score"":54.16666666666667},""_score"":41.29},""sr_quality"":{""SR1_touches"":{""value"":2,""score"":25.0},""SR2_tightness"":{""value"":0.3500000000000085,""score"":91.46804478057618},""SR3_recency"":{""value"":248,""score"":0.0},""SR4_price_location"":{""score"":26.243186116364477},""SR5_reaction"":{""value"":3.7491848935638608,""score"":100},""_score"":42.78,""_levels_found"":5,""_target_level"":179.45},""volume"":{""V1_rvol_day"":{""value"":0.30006314642698195,""score"":0},""V2_rvol_sameslot"":{""value"":0.4690172866295665,""score"":0,""status"":""ok""},""V3_breakout_bar"":{""value"":0.4591984167800735,""score"":0},""V4_base_dryup"":{""value"":1.0316952477286419,""score"":46.830475227135814},""V5_bo_expansion"":{""value"":0.300063146426982,""score"":0},""_score"":9.37},""readiness"":{""_distance_atr"":-1.153,""BR1_atr_distance"":{""score"":36.93934389264359},""BR2_compression"":{""score"":14.72446428451137},""BR3_retest"":{""score"":50.0},""BR4_bo_age"":{""score"":50.0},""_score"":35.96},""risk"":{""R1_stop_clarity"":{""score"":49.905234354526925},""R2_stop_distance_pct"":{""value"":14.238957737527805,""score"":0.0},""R3_stop_distance_atr"":{""value"":2.7308350955883713,""score"":100.0},""R4_rr_potential"":{""value"":0.7377817451461728,""score"":0.0},""_score"":32.47},""market"":{""M1_spy_regime"":{""score"":100.0},""M3_earnings_risk"":{""value"":null,""score"":80.0},""M4_vix"":{""value"":null,""score"":60.0},""_score"":84.0},""liquidity"":{""L1_price"":{""value"":157.35,""score"":100.0},""L2_dollar_vol"":{""value"":501369295.6916643,""score"":100.0},""L3_spread_proxy"":{""value"":0.037988560533841705,""score"":62.01143946615829},""L4_volume_zscore"":{""value"":-2.1311660219467248,""score"":100.0},""_score"":96.2},""pattern_structure"":{""left_rim"":141.41,""left_rim_idx"":73,""cup_bottom"":115.42,""cup_bottom_idx"":131,""right_rim"":147.89,""right_rim_idx"":163,""handle_low"":137.0,""handle_bars"":16,""cup_bars"":90,""structural_low"":137.0,""current_price"":157.35,""neckline_distance_pct"":-0.06012074992055932,""base_bars"":106},""pattern_geometry_features"":{""cup_depth_pct"":0.18379181104589487,""rim_symmetry_pct"":0.04582419913726038,""handle_depth_pct"":0.07363581039962125,""handle_to_cup_ratio"":0.17777777777777778,""cup_duration_bars"":90.0,""atr_pct"":0.05214140451223385,""u_shape_score"":0.35555555555555557},""_schema_version"":""1.0""}",,,,,,,,,,
20260608T171746Z-5e850b,2026-06-08T17:17:46.036346+00:00,KLAC,vcp,setup,51.08,99.3,40.0,11.5,46.4,39.7,57.5,31.6,84.0,68.8,14.89,10.0,1.38,5.57,5.16,4.03,1.58,5.04,3.44,False,,2110.6,2060.08,1857.71,1756.53,"{""trend"":{""T1_ema_stack"":{""value"":[true,true,true],""score"":100.0},""T2_ema50_slope"":{""value"":0.3563017717973074,""score"":100},""T3_high_proximity"":{""value"":0.990380554643142,""score"":95.19027732157099},""T4_rs_1m"":{""value"":0.18376255123290086,""score"":100},""T5_rs_3m"":{""value"":0.3840049351436401,""score"":100},""T6_adr_healthy"":{""value"":4.328125489080061,""score"":100.0},""_score"":99.28},""geometry"":{""sub_contraction_count"":100.0,""sub_reduction_rate"":0,""sub_pivot_tightness"":22.1,""sub_volume_dryup"":11.2,""sub_base_depth"":0.0,""sub_base_duration"":100.0,""_score"":40.0},""compression"":{""VC1_atr_ratio"":{""value"":0.9059504597818402,""score"":23.51238505453995},""VC2_range_contraction"":{""value"":1.3121255858965666,""score"":0},""VC3_range_pct_rank"":{""score"":8.333333333333337},""_score"":11.49},""sr_quality"":{""SR1_touches"":{""value"":3,""score"":50.0},""SR2_tightness"":{""value"":21.79669750724225,""score"":59.30007324944238},""SR3_recency"":{""value"":229,""score"":0.0},""SR4_price_location"":{""score"":30.0},""SR5_reaction"":{""value"":2.4426145671352004,""score"":100},""_score"":46.4,""_levels_found"":6,""_target_level"":1912.1567},""volume"":{""V1_rvol_day"":{""value"":0.554875056553818,""score"":3.6583371035878645},""V2_rvol_sameslot"":{""value"":1.8672244432071081,""score"":91.14829621380721,""status"":""ok""},""V3_breakout_bar"":{""value"":0.9729366438862057,""score"":31.52910959241371},""V4_base_dryup"":{""value"":0.8580599158818327,""score"":64.19400841181672},""V5_bo_expansion"":{""value"":0.554875056553818,""score"":0},""_score"":39.68},""readiness"":{""_distance_atr"":-0.472,""BR1_atr_distance"":{""score"":100.0},""BR2_compression"":{""score"":0},""BR3_retest"":{""score"":50.0},""BR4_bo_age"":{""score"":50.0},""_score"":57.5},""risk"":{""R1_stop_clarity"":{""score"":47.17544126165421},""R2_stop_distance_pct"":{""value"":11.981900881265984,""score"":0.45247796835039544},""R3_stop_distance_atr"":{""value"":2.3610467761294234,""score"":100.0},""R4_rr_potential"":{""value"":-1.4000949029222196,""score"":0.0},""_score"":31.65},""market"":{""M1_spy_regime"":{""score"":100.0},""M3_earnings_risk"":{""value"":null,""score"":80.0},""M4_vix"":{""value"":null,""score"":60.0},""_score"":84.0},""liquidity"":{""L1_price"":{""value"":2110.6,""score"":0.0},""L2_dollar_vol"":{""value"":1151216263.059624,""score"":100.0},""L3_spread_proxy"":{""value"":0.0623756277835687,""score"":37.624372216431304},""L4_volume_zscore"":{""value"":-1.6578652698963763,""score"":100.0},""_score"":68.76},""pattern_structure"":{""n_contractions"":5,""contractions_pct"":[13.15,6.53,15.13,11.56,8.45],""descending_strict"":false,""final_low"":1886.0,""final_pivot"":2060.08,""structural_low"":1886.0,""dry_up_ratio"":0.9440453450377292,""current_price"":2110.6,""neckline_distance_pct"":-0.023936321425187142,""base_bars"":47},""pattern_geometry_features"":{""contraction_count"":5.0,""first_contraction_pct"":0.13145439034408668,""last_contraction_pct"":0.0845015727544561,""dry_up_ratio"":0.9440453450377292,""near_monotone"":0.0,""base_depth_pct"":-0.19182280640778537},""_schema_version"":""1.0""}",,,,,,,,,,
20260608T171746Z-5e850b,2026-06-08T17:17:46.036346+00:00,DELL,bull_flag,forming,51.04,89.2,65.9,7.1,36.5,5.2,17.5,80.5,84.0,94.8,12.49,19.78,0.64,3.65,0.73,1.57,2.42,5.04,4.74,False,,398.86,469.19,379.8259,639.81,"{""trend"":{""T1_ema_stack"":{""value"":[true,true,true],""score"":100.0},""T2_ema50_slope"":{""value"":1.0164139135466603,""score"":100},""T3_high_proximity"":{""value"":0.855996222851747,""score"":27.998111425873496},""T4_rs_1m"":{""value"":0.7189088950434397,""score"":100},""T5_rs_3m"":{""value"":1.6295394051155034,""score"":100},""T6_adr_healthy"":{""value"":6.102157631387904,""score"":100.0},""_score"":89.2},""geometry"":{""sub_pole_impulse"":100.0,""sub_flag_tightness"":57.6,""sub_flag_shallowness"":37.7,""sub_flag_drift"":76.6,""sub_flag_duration"":25.0,""_score"":65.93},""compression"":{""VC1_atr_ratio"":{""value"":1.5712851952490592,""score"":0},""VC2_range_contraction"":{""value"":1.162494207702411,""score"":0},""VC3_range_pct_rank"":{""score"":28.333333333333332},""_score"":7.08},""sr_quality"":{""SR1_touches"":{""value"":2,""score"":25.0},""SR2_tightness"":{""value"":1.7249999999999943,""score"":89.18969489200778},""SR3_recency"":{""value"":240,""score"":0.0},""SR4_price_location"":{""score"":30.0},""SR5_reaction"":{""value"":1.0772704046747075,""score"":53.86352023373537},""_score"":36.46,""_levels_found"":5,""_target_level"":262.265},""volume"":{""V1_rvol_day"":{""value"":0.454220713461197,""score"":0},""V2_rvol_sameslot"":{""value"":0.7844870540862804,""score"":18.965803605752026,""status"":""ok""},""V3_breakout_bar"":{""value"":0.5521339660304849,""score"":3.4755977353656617},""V4_base_dryup"":{""value"":1.4740856418711317,""score"":2.5914358128868287},""V5_bo_expansion"":{""value"":0.454220713461197,""score"":0},""_score"":5.18},""readiness"":{""_distance_atr"":2.204,""BR1_atr_distance"":{""score"":0},""BR2_compression"":{""score"":0},""BR3_retest"":{""score"":50.0},""BR4_bo_age"":{""score"":50.0},""_score"":17.5},""risk"":{""R1_stop_clarity"":{""score"":63.75163693310519},""R2_stop_distance_pct"":{""value"":4.772138093566667,""score"":100.0},""R3_stop_distance_atr"":{""value"":0.5964201999167855,""score"":54.821009995839276},""R4_rr_potential"":{""value"":12.658826372598712,""score"":100.0},""_score"":80.54},""market"":{""M1_spy_regime"":{""score"":100.0},""M3_earnings_risk"":{""value"":null,""score"":80.0},""M4_vix"":{""value"":null,""score"":60.0},""_score"":84.0},""liquidity"":{""L1_price"":{""value"":398.86,""score"":100.0},""L2_dollar_vol"":{""value"":2132387402.26887,""score"":100.0},""L3_spread_proxy"":{""value"":0.052374015945444545,""score"":47.62598405455545},""L4_volume_zscore"":{""value"":-0.689586283183729,""score"":100.0},""_score"":94.76},""pattern_structure"":{""pole_low"":298.57,""pole_low_idx"":9,""peak_price"":469.19,""peak_idx"":33,""pole_gain"":0.5714572796999029,""flag_bars"":26,""flag_low"":385.61,""flag_high"":453.78,""structural_low"":385.61,""current_price"":399.9,""neckline_distance_pct"":0.17326831707926987,""base_bars"":26},""pattern_geometry_features"":{""pole_gain"":0.5714572796999029,""pullback_pct"":0.17813678893412047,""flag_range_pct"":0.1452929516826871,""flag_drift_per_bar"":-0.0046835802967836035,""atr_pct"":0.08001301924771313,""pole_atr_multiple"":7.142053694170975},""_schema_version"":""1.0""}",,,,,,,,,,
20260608T171746Z-5e850b,2026-06-08T17:17:46.036346+00:00,FLEX,vcp,breakout_confirmed,51.03,95.3,39.7,41.3,53.7,10.0,37.2,35.0,84.0,94.2,14.3,9.93,4.95,6.45,1.29,2.61,1.75,5.04,4.71,False,,151.89,147.34,119.4805,93.47,"{""trend"":{""T1_ema_stack"":{""value"":[true,true,true],""score"":100.0},""T2_ema50_slope"":{""value"":1.0837851163234897,""score"":100},""T3_high_proximity"":{""value"":0.9379399777695442,""score"":68.96998888477206},""T4_rs_1m"":{""value"":0.12871257908276346,""score"":100},""T5_rs_3m"":{""value"":1.3837333675981955,""score"":100},""T6_adr_healthy"":{""value"":5.2143206374795374,""score"":100.0},""_score"":95.35},""geometry"":{""sub_contraction_count"":100.0,""sub_reduction_rate"":0,""sub_pivot_tightness"":0,""sub_volume_dryup"":31.4,""sub_base_depth"":0.0,""sub_base_duration"":100.0,""_score"":39.71},""compression"":{""VC1_atr_ratio"":{""value"":0.6332491113765963,""score"":91.68772215585092},""VC2_range_contraction"":{""value"":1.072677519738189,""score"":0},""VC3_range_pct_rank"":{""score"":18.333333333333336},""_score"":41.26},""sr_quality"":{""SR1_touches"":{""value"":6,""score"":100},""SR2_tightness"":{""value"":1.5936619256709772,""score"":62.50018159000674},""SR3_recency"":{""value"":275,""score"":0.0},""SR4_price_location"":{""score"":30.0},""SR5_reaction"":{""value"":0.9114165420105219,""score"":45.570827100526095},""_score"":53.71,""_levels_found"":2,""_target_level"":67.765},""volume"":{""V1_rvol_day"":{""value"":0.49742292532093946,""score"":0},""V2_rvol_sameslot"":{""value"":0.6710114586865531,""score"":11.400763912436872,""status"":""ok""},""V3_breakout_bar"":{""value"":0.5157176054130108,""score"":1.0478403608673879},""V4_base_dryup"":{""value"":1.1288677284687698,""score"":37.11322715312302},""V5_bo_expansion"":{""value"":0.49742292532093935,""score"":0},""_score"":9.96},""readiness"":{""_distance_atr"":-0.535,""BR1_atr_distance"":{""score"":49.29357782745352},""BR2_compression"":{""score"":0},""BR3_retest"":{""score"":50.0},""BR4_bo_age"":{""score"":50.0},""_score"":37.22},""risk"":{""R1_stop_clarity"":{""score"":57.186076608904514},""R2_stop_distance_pct"":{""value"":21.337481071828297,""score"":0.0},""R3_stop_distance_atr"":{""value"":3.8130746088038063,""score"":100.0},""R4_rr_potential"":{""value"":-1.8025578919761176,""score"":0.0},""_score"":35.02},""market"":{""M1_spy_regime"":{""score"":100.0},""M3_earnings_risk"":{""value"":null,""score"":80.0},""M4_vix"":{""value"":null,""score"":60.0},""_score"":84.0},""liquidity"":{""L1_price"":{""value"":151.89,""score"":100.0},""L2_dollar_vol"":{""value"":459671576.8103303,""score"":100.0},""L3_spread_proxy"":{""value"":0.05773915333464996,""score"":42.26084666535004},""L4_volume_zscore"":{""value"":-1.6153905258129486,""score"":100.0},""_score"":94.23},""pattern_structure"":{""n_contractions"":5,""contractions_pct"":[18.2,8.83,7.74,14.78,17.67],""descending_strict"":false,""final_low"":121.3,""final_pivot"":147.34,""structural_low"":121.3,""dry_up_ratio"":0.8428333273219464,""current_price"":151.89,""neckline_distance_pct"":-0.029955889130291548,""base_bars"":76},""pattern_geometry_features"":{""contraction_count"":5.0,""first_contraction_pct"":0.18196500074150979,""last_contraction_pct"":0.1767340844305688,""dry_up_ratio"":0.8428333273219464,""near_monotone"":0.0,""base_depth_pct"":-0.7989025656236094},""_schema_version"":""1.0""}",,,,,,,,,,
20260608T171746Z-5e850b,2026-06-08T17:17:46.036346+00:00,VRT,double_bottom,absent,50.95,53.6,48.0,64.5,50.2,21.7,17.5,76.8,84.0,97.1,8.05,11.99,5.16,7.03,2.83,1.4,4.61,5.04,4.85,False,,303.16,345.18,289.9791,395.965,"{""trend"":{""T1_ema_stack"":{""value"":[false,true,true],""score"":66.66666666666666},""T2_ema50_slope"":{""value"":0.3317238411823579,""score"":100},""T3_high_proximity"":{""value"":0.8057836961433166,""score"":2.891848071658265},""T4_rs_1m"":{""value"":-0.12161080095660126,""score"":0},""T5_rs_3m"":{""value"":0.05394431575325709,""score"":76.97215787662854},""T6_adr_healthy"":{""value"":5.306356073163868,""score"":100.0},""_score"":53.65},""geometry"":{""sub_low_similarity"":14.2,""sub_bounce_quality"":100,""sub_separation_fit"":26.7,""sub_right_bottom_reaction"":91.4,""sub_base_context"":30.0,""_score"":47.97},""compression"":{""VC1_atr_ratio"":{""value"":0.4428078023651347,""score"":100},""VC2_range_contraction"":{""value"":0.9664606544419883,""score"":5.589890926335292},""VC3_range_pct_rank"":{""score"":90.0},""_score"":64.46},""sr_quality"":{""SR1_touches"":{""value"":3,""score"":50.0},""SR2_tightness"":{""value"":2.9463683487756054,""score"":66.59028289265342},""SR3_recency"":{""value"":231,""score"":0.0},""SR4_price_location"":{""score"":51.57905333783407},""SR5_reaction"":{""value"":1.639092084867005,""score"":81.95460424335025},""_score"":50.18,""_levels_found"":8,""_target_level"":311.3367},""volume"":{""V1_rvol_day"":{""value"":0.4432378611868746,""score"":0},""V2_rvol_sameslot"":{""value"":0.786500769135581,""score"":19.100051275705397,""status"":""ok""},""V3_breakout_bar"":{""value"":0.5387886913004087,""score"":2.5859127533605824},""V4_base_dryup"":{""value"":0.6360746578875547,""score"":86.39253421124454},""V5_bo_expansion"":{""value"":0.4432378611868746,""score"":0},""_score"":21.74},""readiness"":{""_distance_atr"":2.382,""BR1_atr_distance"":{""score"":0},""BR2_compression"":{""score"":0},""BR3_retest"":{""score"":50.0},""BR4_bo_age"":{""score"":50.0},""_score"":17.5},""risk"":{""R1_stop_clarity"":{""score"":49.926557866205144},""R2_stop_distance_pct"":{""value"":4.3478443726085425,""score"":100.0},""R3_stop_distance_atr"":{""value"":0.7473114752372272,""score"":62.365573761861356},""R4_rr_potential"":{""value"":7.040856389062194,""score"":100.0},""_score"":76.83},""market"":{""M1_spy_regime"":{""score"":100.0},""M3_earnings_risk"":{""value"":null,""score"":80.0},""M4_vix"":{""value"":null,""score"":60.0},""_score"":84.0},""liquidity"":{""L1_price"":{""value"":303.16,""score"":100.0},""L2_dollar_vol"":{""value"":775836178.2221851,""score"":100.0},""L3_spread_proxy"":{""value"":0.029115318643620665,""score"":70.88468135637933},""L4_volume_zscore"":{""value"":-2.035415964496888,""score"":100.0},""_score"":97.09},""pattern_structure"":{""left_low"":307.3001,""left_idx"":35,""right_low"":294.395,""right_idx"":76,""separation_bars"":41,""structural_low"":294.395,""current_price"":304.305,""neckline_distance_pct"":0.13432247251934737,""base_bars"":41},""pattern_geometry_features"":{""low_similarity_pct"":0.04289581218128586,""bounce_pct"":0.17250632653407846,""right_bottom_reaction"":0.9138943248532296,""atr_pct"":0.05817981546755132},""_schema_version"":""1.0""}",,,,,,,,,,
20260608T171746Z-5e850b,2026-06-08T17:17:46.036346+00:00,AMD,vcp,setup,50.8,92.6,43.3,38.1,39.0,19.2,37.3,37.0,84.0,96.6,13.89,10.82,4.57,4.68,2.5,2.61,1.85,5.04,4.83,False,,489.13,469.215,387.4596,295.505,"{""trend"":{""T1_ema_stack"":{""value"":[true,true,true],""score"":100.0},""T2_ema50_slope"":{""value"":1.1345130596940098,""score"":100},""T3_high_proximity"":{""value"":0.9015888815158888,""score"":50.79444075794437},""T4_rs_1m"":{""value"":0.18426628337494333,""score"":100},""T5_rs_3m"":{""value"":1.3204430025948979,""score"":100},""T6_adr_healthy"":{""value"":5.338406503817875,""score"":100.0},""_score"":92.62},""geometry"":{""sub_contraction_count"":100.0,""sub_reduction_rate"":0,""sub_pivot_tightness"":0,""sub_volume_dryup"":55.2,""sub_base_depth"":0.0,""sub_base_duration"":100.0,""_score"":43.28},""compression"":{""VC1_atr_ratio"":{""value"":0.8292858248381251,""score"":42.67854379046873},""VC2_range_contraction"":{""value"":0.9358651476210291,""score"":10.689142063161814},""VC3_range_pct_rank"":{""score"":69.16666666666667},""_score"":38.1},""sr_quality"":{""SR1_touches"":{""value"":2,""score"":25.0},""SR2_tightness"":{""value"":3.2150999999999783,""score"":79.72867625302487},""SR3_recency"":{""value"":313,""score"":0.0},""SR4_price_location"":{""score"":30.0},""SR5_reaction"":{""value"":1.6112489962606624,""score"":80.56244981303313},""_score"":39.04,""_levels_found"":3,""_target_level"":263.7449},""volume"":{""V1_rvol_day"":{""value"":0.46990641865229904,""score"":0},""V2_rvol_sameslot"":{""value"":0.7223044422705288,""score"":14.820296151368586,""status"":""ok""},""V3_breakout_bar"":{""value"":0.49777351314273066,""score"":0},""V4_base_dryup"":{""value"":0.687820364344761,""score"":81.2179635655239},""V5_bo_expansion"":{""value"":0.46990641865229915,""score"":0},""_score"":19.21},""readiness"":{""_distance_atr"":-0.628,""BR1_atr_distance"":{""score"":47.44351925535713},""BR2_compression"":{""score"":3.2846831987846103},""BR3_retest"":{""score"":50.0},""BR4_bo_age"":{""score"":50.0},""_score"":37.3},""risk"":{""R1_stop_clarity"":{""score"":62.797760991368015},""R2_stop_distance_pct"":{""value"":20.78596692085948,""score"":0.0},""R3_stop_distance_atr"":{""value"":3.205178056490426,""score"":100.0},""R4_rr_potential"":{""value"":-1.9044382632506616,""score"":0.0},""_score"":36.98},""market"":{""M1_spy_regime"":{""score"":100.0},""M3_earnings_risk"":{""value"":null,""score"":80.0},""M4_vix"":{""value"":null,""score"":60.0},""_score"":84.0},""liquidity"":{""L1_price"":{""value"":489.13,""score"":100.0},""L2_dollar_vol"":{""value"":7383784060.121481,""score"":100.0},""L3_spread_proxy"":{""value"":0.03391736348210094,""score"":66.08263651789906},""L4_volume_zscore"":{""value"":-2.2922284826846657,""score"":100.0},""_score"":96.61},""pattern_structure"":{""n_contractions"":5,""contractions_pct"":[11.3,13.15,8.1,12.86,16.17],""descending_strict"":false,""final_low"":393.36,""final_pivot"":469.215,""structural_low"":393.36,""dry_up_ratio"":0.7238205345907668,""current_price"":489.13,""neckline_distance_pct"":-0.0407151473023532,""base_bars"":67},""pattern_geometry_features"":{""contraction_count"":5.0,""first_contraction_pct"":0.112997951286137,""last_contraction_pct"":0.161663629679358,""dry_up_ratio"":0.7238205345907668,""near_monotone"":0.0,""base_depth_pct"":-0.7908490780787617},""_schema_version"":""1.0""}",,,,,,,,,,
20260608T171746Z-5e850b,2026-06-08T17:17:46.036346+00:00,ETN,vcp,absent,50.77,63.2,41.5,67.8,57.1,16.9,17.5,51.2,84.0,98.0,9.48,10.38,8.13,6.85,2.2,1.23,2.56,5.04,4.9,True,risk_unclear,402.715,435.43,382.4361,425.24,"{""trend"":{""T1_ema_stack"":{""value"":[false,true,true],""score"":66.66666666666666},""T2_ema50_slope"":{""value"":0.0516622491491005,""score"":58.61037485818342},""T3_high_proximity"":{""value"":0.9300362578231449,""score"":65.01812891157243},""T4_rs_1m"":{""value"":-0.0043001562442226415,""score"":45.69984375577736},""T5_rs_3m"":{""value"":0.04516229366753155,""score"":72.58114683376577},""T6_adr_healthy"":{""value"":3.1915325413493103,""score"":100.0},""_score"":63.17},""geometry"":{""sub_contraction_count"":100.0,""sub_reduction_rate"":0,""sub_pivot_tightness"":0,""sub_volume_dryup"":43.5,""sub_base_depth"":0.0,""sub_base_duration"":100.0,""_score"":41.52},""compression"":{""VC1_atr_ratio"":{""value"":0.4947637965048378,""score"":100},""VC2_range_contraction"":{""value"":0.8559065855411878,""score"":24.015569076468697},""VC3_range_pct_rank"":{""score"":77.5},""_score"":67.78},""sr_quality"":{""SR1_touches"":{""value"":3,""score"":50.0},""SR2_tightness"":{""value"":3.522625283632777,""score"":48.71449818548551},""SR3_recency"":{""value"":233,""score"":0.0},""SR4_price_location"":{""score"":79.22856631465893},""SR5_reaction"":{""value"":2.2532303396102944,""score"":100},""_score"":57.11,""_levels_found"":8,""_target_level"":406.5833},""volume"":{""V1_rvol_day"":{""value"":0.31076249692233454,""score"":0},""V2_rvol_sameslot"":{""value"":0.7065357820719538,""score"":13.769052138130252,""status"":""ok""},""V3_breakout_bar"":{""value"":0.6080862034497452,""score"":7.2057468966496785},""V4_base_dryup"":{""value"":0.8808430136942864,""score"":61.915698630571356},""V5_bo_expansion"":{""value"":0.31076249692233454,""score"":0},""_score"":16.94},""readiness"":{""_distance_atr"":2.381,""BR1_atr_distance"":{""score"":0},""BR2_compression"":{""score"":0},""BR3_retest"":{""score"":50.0},""BR4_bo_age"":{""score"":50.0},""_score"":17.5},""risk"":{""R1_stop_clarity"":{""score"":15.210500700906636},""R2_stop_distance_pct"":{""value"":5.03554622996411,""score"":100.0},""R3_stop_distance_atr"":{""value"":1.476191020910719,""score"":98.80955104553595},""R4_rr_potential"":{""value"":1.1107604455863027,""score"":5.538022279315136},""_score"":51.25},""market"":{""M1_spy_regime"":{""score"":100.0},""M3_earnings_risk"":{""value"":null,""score"":80.0},""M4_vix"":{""value"":null,""score"":60.0},""_score"":84.0},""liquidity"":{""L1_price"":{""value"":402.715,""score"":100.0},""L2_dollar_vol"":{""value"":313896310.02505356,""score"":100.0},""L3_spread_proxy"":{""value"":0.019952075288975996,""score"":80.04792471102401},""L4_volume_zscore"":{""value"":-2.681991162989492,""score"":100.0},""_score"":98.0},""pattern_structure"":{""n_contractions"":5,""contractions_pct"":[10.53,5.28,10.11,7.1,10.83],""descending_strict"":false,""final_low"":388.26,""final_pivot"":435.43,""structural_low"":388.26,""dry_up_ratio"":0.7824209053890566,""current_price"":402.715,""neckline_distance_pct"":0.08123610990402651,""base_bars"":45},""pattern_geometry_features"":{""contraction_count"":5.0,""first_contraction_pct"":0.10532441082339247,""last_contraction_pct"":0.10832969708104635,""dry_up_ratio"":0.7824209053890566,""near_monotone"":0.0,""base_depth_pct"":-0.026952680720501488},""_schema_version"":""1.0""}",,,,,,,,,,
20260608T171746Z-5e850b,2026-06-08T17:17:46.036346+00:00,VSH,ascending_triangle,forming,50.66,91.5,55.0,1.9,29.8,25.1,17.5,80.6,84.0,90.9,13.73,15.4,0.15,4.17,3.02,1.4,3.23,5.04,4.54,False,,57.0,66.17,54.9354,76.568,"{""trend"":{""T1_ema_stack"":{""value"":[true,true,true],""score"":100.0},""T2_ema50_slope"":{""value"":1.2483900604416873,""score"":100},""T3_high_proximity"":{""value"":0.8910426762544943,""score"":45.52133812724713},""T4_rs_1m"":{""value"":0.7357711259453732,""score"":100},""T5_rs_3m"":{""value"":2.302009281873647,""score"":100},""T6_adr_healthy"":{""value"":8.256291818644831,""score"":93.59270453387923},""_score"":91.51},""geometry"":{""sub_flat_top_quality"":33.3,""sub_hl_slope"":100,""sub_compression"":0,""sub_duration"":100.0,""_score"":54.99},""compression"":{""VC1_atr_ratio"":{""value"":1.0172569183902769,""score"":0},""VC2_range_contraction"":{""value"":1.6755444120453922,""score"":0},""VC3_range_pct_rank"":{""score"":7.499999999999996},""_score"":1.87},""sr_quality"":{""SR1_touches"":{""value"":2,""score"":25.0},""SR2_tightness"":{""value"":1.1150000000000002,""score"":57.99240849355285},""SR3_recency"":{""value"":252,""score"":0.0},""SR4_price_location"":{""score"":30.0},""SR5_reaction"":{""value"":0.8071862314131214,""score"":40.35931157065607},""_score"":29.75,""_levels_found"":3,""_target_level"":27.365},""volume"":{""V1_rvol_day"":{""value"":0.7680896624273597,""score"":17.872644161823978},""V2_rvol_sameslot"":{""value"":1.6768646376545013,""score"":78.45764251030009,""status"":""ok""},""V3_breakout_bar"":{""value"":0.8526258639860995,""score"":23.508390932406634},""V4_base_dryup"":{""value"":2.9941010858286714,""score"":0},""V5_bo_expansion"":{""value"":0.7680896624273597,""score"":0},""_score"":25.14},""readiness"":{""_distance_atr"":1.727,""BR1_atr_distance"":{""score"":0},""BR2_compression"":{""score"":0},""BR3_retest"":{""score"":50.0},""BR4_bo_age"":{""score"":50.0},""_score"":17.5},""risk"":{""R1_stop_clarity"":{""score"":68.48187363007762},""R2_stop_distance_pct"":{""value"":3.6220701754385956,""score"":100.0},""R3_stop_distance_atr"":{""value"":0.3889149474097785,""score"":44.44574737048892},""R4_rr_potential"":{""value"":9.47795677571226,""score"":100.0},""_score"":80.64},""market"":{""M1_spy_regime"":{""score"":100.0},""M3_earnings_risk"":{""value"":null,""score"":80.0},""M4_vix"":{""value"":null,""score"":60.0},""_score"":84.0},""liquidity"":{""L1_price"":{""value"":57.0,""score"":100.0},""L2_dollar_vol"":{""value"":355232984.544573,""score"":100.0},""L3_spread_proxy"":{""value"":0.09140350877192983,""score"":8.596491228070164},""L4_volume_zscore"":{""value"":-0.7273019574081112,""score"":100.0},""_score"":90.86},""pattern_structure"":{""top"":66.17,""top_touches"":2,""low_slope_per_bar"":0.3468798735511059,""lowest_low"":55.772,""structural_low"":55.772,""current_price"":57.0,""neckline_distance_pct"":0.16087719298245617,""base_bars"":36},""pattern_geometry_features"":{""top_touches"":2.0,""low_slope"":0.3468798735511059,""compression"":-0.7846266990449502,""atr_pct"":0.09313270676691728},""_schema_version"":""1.0""}",,,,,,,,,,
20260608T171746Z-5e850b,2026-06-08T17:17:46.036346+00:00,RGTI,vcp,setup,50.61,83.3,45.0,27.4,55.6,3.6,65.3,44.5,84.0,91.7,12.5,11.25,3.29,6.68,0.47,4.57,2.23,5.04,4.58,False,,22.3901,21.02,15.2281,24.77,"{""trend"":{""T1_ema_stack"":{""value"":[true,true,true],""score"":100.0},""T2_ema50_slope"":{""value"":0.6940974409445005,""score"":100},""T3_high_proximity"":{""value"":0.8283425823159453,""score"":14.17129115797261},""T4_rs_1m"":{""value"":0.20760260645584983,""score"":100},""T5_rs_3m"":{""value"":0.17929615108692287,""score"":100},""T6_adr_healthy"":{""value"":11.029335471110798,""score"":24.26661322223005},""_score"":83.34},""geometry"":{""sub_contraction_count"":100.0,""sub_reduction_rate"":0,""sub_pivot_tightness"":0,""sub_volume_dryup"":0,""sub_base_depth"":100.0,""sub_base_duration"":100.0,""_score"":45.0},""compression"":{""VC1_atr_ratio"":{""value"":0.8196208333258689,""score"":45.09479166853278},""VC2_range_contraction"":{""value"":1.197697385815556,""score"":0},""VC3_range_pct_rank"":{""score"":37.5},""_score"":27.41},""sr_quality"":{""SR1_touches"":{""value"":5,""score"":100},""SR2_tightness"":{""value"":0.6230005791329571,""score"":57.754694068800404},""SR3_recency"":{""value"":227,""score"":0.0},""SR4_price_location"":{""score"":18.81163449433488},""SR5_reaction"":{""value"":1.636317512750592,""score"":81.8158756375296},""_score"":55.64,""_levels_found"":4,""_target_level"":27.343},""volume"":{""V1_rvol_day"":{""value"":0.3865648771717318,""score"":0},""V2_rvol_sameslot"":{""value"":0.5083736522146426,""score"":0.5582434809761727,""status"":""ok""},""V3_breakout_bar"":{""value"":0.43985309143642604,""score"":0},""V4_base_dryup"":{""value"":1.3241003146101205,""score"":17.58996853898796},""V5_bo_expansion"":{""value"":0.3865648771717317,""score"":0},""_score"":3.63},""readiness"":{""_distance_atr"":-0.465,""BR1_atr_distance"":{""score"":100.0},""BR2_compression"":{""score"":31.042669106721416},""BR3_retest"":{""score"":50.0},""BR4_bo_age"":{""score"":50.0},""_score"":65.26},""risk"":{""R1_stop_clarity"":{""score"":84.27499624626446},""R2_stop_distance_pct"":{""value"":31.98735155269516,""score"":0.0},""R3_stop_distance_atr"":{""value"":2.4282552152706804,""score"":100.0},""R4_rr_potential"":{""value"":0.33229544819882706,""score"":0.0},""_score"":44.5},""market"":{""M1_spy_regime"":{""score"":100.0},""M3_earnings_risk"":{""value"":null,""score"":80.0},""M4_vix"":{""value"":null,""score"":60.0},""_score"":84.0},""liquidity"":{""L1_price"":{""value"":22.3901,""score"":100.0},""L2_dollar_vol"":{""value"":541541893.3293829,""score"":100.0},""L3_spread_proxy"":{""value"":0.08329574231468365,""score"":16.70425768531635},""L4_volume_zscore"":{""value"":-0.8492999903171801,""score"":100.0},""_score"":91.67},""pattern_structure"":{""n_contractions"":5,""contractions_pct"":[17.02,19.83,23.13,24.14,26.45],""descending_strict"":false,""final_low"":15.46,""final_pivot"":21.02,""structural_low"":15.46,""dry_up_ratio"":1.5111907423945694,""current_price"":22.3901,""neckline_distance_pct"":-0.06119222334871219,""base_bars"":57},""pattern_geometry_features"":{""contraction_count"":5.0,""first_contraction_pct"":0.17021863612701726,""last_contraction_pct"":0.2645099904852521,""dry_up_ratio"":1.5111907423945694,""near_monotone"":0.0,""base_depth_pct"":0.1952108276939094},""_schema_version"":""1.0""}",,,,,,,,,,
20260608T171746Z-5e850b,2026-06-08T17:17:46.036346+00:00,LMT,vcp,forming,50.61,24.2,64.3,68.1,40.3,27.5,17.5,65.0,84.0,95.9,3.64,16.07,8.17,4.84,3.58,1.23,3.25,5.04,4.79,True,risk_unclear,517.835,541.21,502.4485,707.185,"{""trend"":{""T1_ema_stack"":{""value"":[false,false,true],""score"":33.33333333333333},""T2_ema50_slope"":{""value"":-0.256562803790942,""score"":7.239532701509667},""T3_high_proximity"":{""value"":0.7932156916808357,""score"":0},""T4_rs_1m"":{""value"":-0.002644410564262678,""score"":47.35558943573732},""T5_rs_3m"":{""value"":-0.31317276979965114,""score"":0},""T6_adr_healthy"":{""value"":1.8895090444835734,""score"":100.0},""_score"":24.25},""geometry"":{""sub_contraction_count"":100.0,""sub_reduction_rate"":21.7,""sub_pivot_tightness"":60.7,""sub_volume_dryup"":31.8,""sub_base_depth"":100.0,""sub_base_duration"":100.0,""_score"":64.3},""compression"":{""VC1_atr_ratio"":{""value"":0.4197066299945883,""score"":100},""VC2_range_contraction"":{""value"":0.8252572048931158,""score"":29.1237991844807},""VC3_range_pct_rank"":{""score"":71.66666666666667},""_score"":68.11},""sr_quality"":{""SR1_touches"":{""value"":2,""score"":25.0},""SR2_tightness"":{""value"":0.5600000000000023,""score"":88.86773980329691},""SR3_recency"":{""value"":272,""score"":0.0},""SR4_price_location"":{""score"":17.904889484259908},""SR5_reaction"":{""value"":4.636288186385834,""score"":100},""_score"":40.31,""_levels_found"":4,""_target_level"":594.44},""volume"":{""V1_rvol_day"":{""value"":0.47749084300309447,""score"":0},""V2_rvol_sameslot"":{""value"":1.007033249769734,""score"":33.802216651315604,""status"":""ok""},""V3_breakout_bar"":{""value"":0.8973660755508435,""score"":26.49107170338956},""V4_base_dryup"":{""value"":0.7941890114640543,""score"":70.58109885359457},""V5_bo_expansion"":{""value"":0.47749084300309436,""score"":0},""_score"":27.5},""readiness"":{""_distance_atr"":2.323,""BR1_atr_distance"":{""score"":0},""BR2_compression"":{""score"":0},""BR3_retest"":{""score"":50.0},""BR4_bo_age"":{""score"":50.0},""_score"":17.5},""risk"":{""R1_stop_clarity"":{""score"":0},""R2_stop_distance_pct"":{""value"":2.971313256153024,""score"":100.0},""R3_stop_distance_atr"":{""value"":1.5293439421122463,""score"":100.0},""R4_rr_potential"":{""value"":12.306242485295543,""score"":100.0},""_score"":65.0},""market"":{""M1_spy_regime"":{""score"":100.0},""M3_earnings_risk"":{""value"":null,""score"":80.0},""M4_vix"":{""value"":null,""score"":60.0},""_score"":84.0},""liquidity"":{""L1_price"":{""value"":517.835,""score"":91.08249999999998},""L2_dollar_vol"":{""value"":287979174.5854762,""score"":100.0},""L3_spread_proxy"":{""value"":0.0188477024534842,""score"":81.1522975465158},""L4_volume_zscore"":{""value"":-1.711469344264289,""score"":100.0},""_score"":95.89},""pattern_structure"":{""n_contractions"":5,""contractions_pct"":[10.51,6.17,5.08,4.61,5.75],""descending_strict"":false,""final_low"":510.1,""final_pivot"":541.21,""structural_low"":510.1,""dry_up_ratio"":0.8410285328175305,""current_price"":517.835,""neckline_distance_pct"":0.045139861152683765,""base_bars"":59},""pattern_geometry_features"":{""contraction_count"":5.0,""first_contraction_pct"":0.10512872092593287,""last_contraction_pct"":0.0574823081613422,""dry_up_ratio"":0.8410285328175305,""near_monotone"":0.0,""base_depth_pct"":0.24549791073475577},""_schema_version"":""1.0""}",,,,,,,,,,
20260608T171746Z-5e850b,2026-06-08T17:17:46.036346+00:00,JCI,inverse_head_shoulders,forming,50.6,74.3,50.4,51.2,52.5,14.9,33.6,37.5,84.0,98.1,8.92,14.1,4.09,7.36,2.09,2.69,2.25,4.2,4.91,True,risk_unclear,143.765,148.38,129.3502,165.44,"{""trend"":{""T1_ema_stack"":{""value"":[true,true,true],""score"":100.0},""T2_ema50_slope"":{""value"":0.02300693765324509,""score"":53.83448960887418},""T3_high_proximity"":{""value"":0.9753392130257801,""score"":87.66960651289001},""T4_rs_1m"":{""value"":0.019192062746266725,""score"":69.19206274626673},""T5_rs_3m"":{""value"":-0.012659740432144906,""score"":43.67012978392755},""T6_adr_healthy"":{""value"":2.780178104018306,""score"":100.0},""_score"":74.31},""geometry"":{""sub_head_depth"":79.9,""sub_shoulder_price_sym"":19.3,""sub_shoulder_time_sym"":33.3,""sub_right_shoulder_reaction"":43.0,""sub_base_context"":100.0,""_score"":50.37},""compression"":{""VC1_atr_ratio"":{""value"":0.6592016019838496,""score"":85.19959950403761},""VC2_range_contraction"":{""value"":1.044789741755182,""score"":0},""VC3_range_pct_rank"":{""score"":68.33333333333333},""_score"":51.16},""sr_quality"":{""SR1_touches"":{""value"":4,""score"":75.0},""SR2_tightness"":{""value"":0.9380931456950297,""score"":55.98972556718786},""SR3_recency"":{""value"":227,""score"":0.0},""SR4_price_location"":{""score"":26.593943953356835},""SR5_reaction"":{""value"":2.3863898481251202,""score"":100},""_score"":52.55,""_levels_found"":7,""_target_level"":147.0175},""volume"":{""V1_rvol_day"":{""value"":0.3004831404099981,""score"":0},""V2_rvol_sameslot"":{""value"":0.8063253508507935,""score"":20.421690056719566,""status"":""ok""},""V3_breakout_bar"":{""value"":0.6334200737466691,""score"":8.894671583111274},""V4_base_dryup"":{""value"":1.0698872421590273,""score"":43.01127578409727},""V5_bo_expansion"":{""value"":0.30048314040999813,""score"":0},""_score"":14.91},""readiness"":{""_distance_atr"":1.083,""BR1_atr_distance"":{""score"":27.829691028194986},""BR2_compression"":{""score"":19.73952657367245},""BR3_retest"":{""score"":50.0},""BR4_bo_age"":{""score"":50.0},""_score"":33.57},""risk"":{""R1_stop_clarity"":{""score"":7.587600468476239},""R2_stop_distance_pct"":{""value"":10.0266406983619,""score"":49.33398254095249},""R3_stop_distance_atr"":{""value"":3.3813236287110686,""score"":100.0},""R4_rr_potential"":{""value"":1.5036629020173733,""score"":25.183145100868664},""_score"":37.49},""market"":{""M1_spy_regime"":{""score"":100.0},""M3_earnings_risk"":{""value"":null,""score"":80.0},""M4_vix"":{""value"":null,""score"":60.0},""_score"":84.0},""liquidity"":{""L1_price"":{""value"":143.765,""score"":100.0},""L2_dollar_vol"":{""value"":156866055.23610404,""score"":100.0},""L3_spread_proxy"":{""value"":0.01902410183285232,""score"":80.97589816714768},""L4_volume_zscore"":{""value"":-2.369814099632663,""score"":100.0},""_score"":98.1},""pattern_structure"":{""left_shoulder"":135.1721,""left_shoulder_idx"":55,""head"":131.32,""head_idx"":67,""right_shoulder"":144.19,""right_shoulder_idx"":85,""left_to_head_bars"":12,""head_to_right_bars"":18,""structural_low"":131.32,""current_price"":144.35,""neckline_distance_pct"":0.027918254243158996,""base_bars"":30},""pattern_geometry_features"":{""head_depth_pct"":0.059858155419078005,""shoulder_price_asymmetry"":0.06456065443379755,""shoulder_time_asymmetry"":0.3333333333333333,""right_shoulder_reaction"":0.42967244701349117,""atr_pct"":0.029653005152257404},""_schema_version"":""1.0""}",,,,,,,,,,
20260608T171746Z-5e850b,2026-06-08T17:17:46.036346+00:00,SBGSY,vcp,absent,50.54,53.6,48.1,54.6,55.4,24.7,36.1,44.6,84.0,85.0,8.04,12.04,6.56,6.65,3.21,2.53,2.23,5.04,4.25,True,risk_unclear,62.35,64.04,60.5381,61.34,"{""trend"":{""T1_ema_stack"":{""value"":[false,true,true],""score"":66.66666666666666},""T2_ema50_slope"":{""value"":0.08210195819981803,""score"":63.683659699969674},""T3_high_proximity"":{""value"":0.9332435264182009,""score"":66.62176320910041},""T4_rs_1m"":{""value"":-0.03396353449139744,""score"":16.03646550860256},""T5_rs_3m"":{""value"":-0.020272715911810346,""score"":39.86364204409483},""T6_adr_healthy"":{""value"":2.189361444216003,""score"":100.0},""_score"":53.58},""geometry"":{""sub_contraction_count"":100.0,""sub_reduction_rate"":1.4,""sub_pivot_tightness"":85.3,""sub_volume_dryup"":0,""sub_base_depth"":0.0,""sub_base_duration"":100.0,""_score"":48.15},""compression"":{""VC1_atr_ratio"":{""value"":0.7693715274312148,""score"":57.65711814219628},""VC2_range_contraction"":{""value"":0.8371132427948216,""score"":27.14779286752974},""VC3_range_pct_rank"":{""score"":88.33333333333333},""_score"":54.65},""sr_quality"":{""SR1_touches"":{""value"":3,""score"":50.0},""SR2_tightness"":{""value"":0.20154955277108139,""score"":80.87622593989022},""SR3_recency"":{""value"":254,""score"":0.0},""SR4_price_location"":{""score"":53.18295739348381},""SR5_reaction"":{""value"":3.018884122110844,""score"":100},""_score"":55.43,""_levels_found"":5,""_target_level"":65.4633},""volume"":{""V1_rvol_day"":{""value"":1.0010473203133652,""score"":33.40315468755768},""V2_rvol_sameslot"":{""value"":0.6138202719784541,""score"":7.588018131896941,""status"":""ok""},""V3_breakout_bar"":{""value"":0.471279353239371,""score"":0},""V4_base_dryup"":{""value"":0.6758797393172857,""score"":82.41202606827143},""V5_bo_expansion"":{""value"":1.0010473203133652,""score"":0.06982135422434568},""_score"":24.69},""readiness"":{""_distance_atr"":0.802,""BR1_atr_distance"":{""score"":46.548830106156714},""BR2_compression"":{""score"":0},""BR3_retest"":{""score"":50.0},""BR4_bo_age"":{""score"":50.0},""_score"":36.12},""risk"":{""R1_stop_clarity"":{""score"":12.526686050057933},""R2_stop_distance_pct"":{""value"":2.906014434643146,""score"":100.0},""R3_stop_distance_atr"":{""value"":0.8595991839998915,""score"":67.97995919999458},""R4_rr_potential"":{""value"":-0.5574259065069801,""score"":0.0},""_score"":44.58},""market"":{""M1_spy_regime"":{""score"":100.0},""M3_earnings_risk"":{""value"":null,""score"":80.0},""M4_vix"":{""value"":null,""score"":60.0},""_score"":84.0},""liquidity"":{""L1_price"":{""value"":62.35,""score"":100.0},""L2_dollar_vol"":{""value"":20205764.5,""score"":65.27376434707554},""L3_spread_proxy"":{""value"":0.0110665597433842,""score"":88.9334402566158},""L4_volume_zscore"":{""value"":0.0037182247939030128,""score"":100.0},""_score"":85.0},""pattern_structure"":{""n_contractions"":5,""contractions_pct"":[7.95,5.95,8.0,12.44,4.03],""descending_strict"":false,""final_low"":61.46,""final_pivot"":64.04,""structural_low"":61.46,""dry_up_ratio"":1.0455065252631548,""current_price"":62.35,""neckline_distance_pct"":0.027105052125100317,""base_bars"":49},""pattern_geometry_features"":{""contraction_count"":5.0,""first_contraction_pct"":0.07947583390061257,""last_contraction_pct"":0.040287320424734624,""dry_up_ratio"":1.0455065252631548,""near_monotone"":0.0,""base_depth_pct"":-0.04594962559564335},""_schema_version"":""1.0""}",,,,,,,,,,
20260608T171746Z-5e850b,2026-06-08T17:17:46.036346+00:00,AVGO,double_bottom,forming,50.45,54.7,55.6,16.9,63.9,10.1,28.4,76.2,84.0,97.1,8.2,13.89,1.35,8.95,1.32,2.27,4.57,5.04,4.86,False,,395.73,426.48,380.5745,466.59,"{""trend"":{""T1_ema_stack"":{""value"":[false,true,true],""score"":66.66666666666666},""T2_ema50_slope"":{""value"":0.3853144477309163,""score"":100},""T3_high_proximity"":{""value"":0.8217496937101564,""score"":10.874846855078168},""T4_rs_1m"":{""value"":-0.05402570195556078,""score"":0},""T5_rs_3m"":{""value"":0.05168669289327288,""score"":75.84334644663645},""T6_adr_healthy"":{""value"":3.843515850784513,""score"":100.0},""_score"":54.67},""geometry"":{""sub_low_similarity"":15.7,""sub_bounce_quality"":100,""sub_separation_fit"":100.0,""sub_right_bottom_reaction"":65.8,""sub_base_context"":30.0,""_score"":55.58},""compression"":{""VC1_atr_ratio"":{""value"":1.0941858976276502,""score"":0},""VC2_range_contraction"":{""value"":1.3394962285830876,""score"":0},""VC3_range_pct_rank"":{""score"":67.5},""_score"":16.88},""sr_quality"":{""SR1_touches"":{""value"":4,""score"":75.0},""SR2_tightness"":{""value"":4.79567708983832,""score"":58.890576226618855},""SR3_recency"":{""value"":237,""score"":0.0},""SR4_price_location"":{""score"":84.78032529468567},""SR5_reaction"":{""value"":1.519526668521932,""score"":75.9763334260966},""_score"":63.93,""_levels_found"":6,""_target_level"":402.9025},""volume"":{""V1_rvol_day"":{""value"":0.6341310522581459,""score"":8.942070150543062},""V2_rvol_sameslot"":{""value"":1.1245316129994547,""score"":41.63544086663031,""status"":""ok""},""V3_breakout_bar"":{""value"":0.3907858681894259,""score"":0},""V4_base_dryup"":{""value"":1.8374237867478427,""score"":0},""V5_bo_expansion"":{""value"":0.6341310522581459,""score"":0},""_score"":10.12},""readiness"":{""_distance_atr"":1.318,""BR1_atr_distance"":{""score"":12.135119653904226},""BR2_compression"":{""score"":24.223881786996635},""BR3_retest"":{""score"":50.0},""BR4_bo_age"":{""score"":50.0},""_score"":28.41},""risk"":{""R1_stop_clarity"":{""score"":50.31948221562785},""R2_stop_distance_pct"":{""value"":3.8297702979304087,""score"":100.0},""R3_stop_distance_atr"":{""value"":0.649580774306962,""score"":57.479038715348096},""R4_rr_potential"":{""value"":4.675514910379365,""score"":100.0},""_score"":76.23},""market"":{""M1_spy_regime"":{""score"":100.0},""M3_earnings_risk"":{""value"":null,""score"":80.0},""M4_vix"":{""value"":null,""score"":60.0},""_score"":84.0},""liquidity"":{""L1_price"":{""value"":395.73,""score"":100.0},""L2_dollar_vol"":{""value"":6854533312.210144,""score"":100.0},""L3_spread_proxy"":{""value"":0.029029894119728096,""score"":70.9701058802719},""L4_volume_zscore"":{""value"":-0.582844246078298,""score"":100.0},""_score"":97.1},""pattern_structure"":{""left_low"":403.0101,""left_idx"":65,""right_low"":386.37,""right_idx"":76,""separation_bars"":11,""structural_low"":386.37,""current_price"":395.8,""neckline_distance_pct"":0.07751389590702376,""base_bars"":11},""pattern_geometry_features"":{""low_similarity_pct"":0.042159917636636686,""bounce_pct"":0.10381240779563634,""right_bottom_reaction"":0.6583850931677054,""atr_pct"":0.05895756847201015},""_schema_version"":""1.0""}",,,,,,,,,,
20260608T171746Z-5e850b,2026-06-08T17:17:46.036346+00:00,KLAC,bull_flag,absent,50.43,99.3,38.7,11.5,46.4,35.3,46.0,56.0,84.0,68.8,13.9,11.61,1.03,4.64,4.94,4.14,1.68,5.04,3.44,False,,2110.6,2156.69,1911.2447,2427.38,"{""trend"":{""T1_ema_stack"":{""value"":[true,true,true],""score"":100.0},""T2_ema50_slope"":{""value"":0.3563017717973074,""score"":100},""T3_high_proximity"":{""value"":0.990380554643142,""score"":95.19027732157099},""T4_rs_1m"":{""value"":0.18376255123290086,""score"":100},""T5_rs_3m"":{""value"":0.3840049351436401,""score"":100},""T6_adr_healthy"":{""value"":4.328125489080061,""score"":100.0},""_score"":99.28},""geometry"":{""sub_pole_impulse"":45.7,""sub_flag_tightness"":0,""sub_flag_shallowness"":0,""sub_flag_drift"":100,""sub_flag_duration"":100.0,""_score"":38.71},""compression"":{""VC1_atr_ratio"":{""value"":0.9059504597818402,""score"":23.51238505453995},""VC2_range_contraction"":{""value"":1.3121255858965666,""score"":0},""VC3_range_pct_rank"":{""score"":8.333333333333337},""_score"":11.49},""sr_quality"":{""SR1_touches"":{""value"":3,""score"":50.0},""SR2_tightness"":{""value"":21.79669750724225,""score"":59.30007324944238},""SR3_recency"":{""value"":229,""score"":0.0},""SR4_price_location"":{""score"":30.0},""SR5_reaction"":{""value"":2.4426145671352004,""score"":100},""_score"":46.4,""_levels_found"":6,""_target_level"":1912.1567},""volume"":{""V1_rvol_day"":{""value"":0.554875056553818,""score"":3.6583371035878645},""V2_rvol_sameslot"":{""value"":1.8672244432071081,""score"":91.14829621380721,""status"":""ok""},""V3_breakout_bar"":{""value"":0.9729366438862057,""score"":31.52910959241371},""V4_base_dryup"":{""value"":1.0765304638095723,""score"":42.34695361904277},""V5_bo_expansion"":{""value"":0.554875056553818,""score"":0},""_score"":35.31},""readiness"":{""_distance_atr"":0.43,""BR1_atr_distance"":{""score"":71.31278529220728},""BR2_compression"":{""score"":0},""BR3_retest"":{""score"":50.0},""BR4_bo_age"":{""score"":50.0},""_score"":46.03},""risk"":{""R1_stop_clarity"":{""score"":45.653164078499664},""R2_stop_distance_pct"":{""value"":9.445430209419126,""score"":63.86424476452186},""R3_stop_distance_atr"":{""value"":1.8612324343270814,""score"":100.0},""R4_rr_potential"":{""value"":1.5890226116442887,""score"":29.451130582214436},""_score"":56.03},""market"":{""M1_spy_regime"":{""score"":100.0},""M3_earnings_risk"":{""value"":null,""score"":80.0},""M4_vix"":{""value"":null,""score"":60.0},""_score"":84.0},""liquidity"":{""L1_price"":{""value"":2110.6,""score"":0.0},""L2_dollar_vol"":{""value"":1151216263.059624,""score"":100.0},""L3_spread_proxy"":{""value"":0.0623756277835687,""score"":37.624372216431304},""L4_volume_zscore"":{""value"":-1.6578652698963763,""score"":100.0},""_score"":68.76},""pattern_structure"":{""pole_low"":1886.0,""pole_low_idx"":27,""peak_price"":2156.69,""peak_idx"":50,""pole_gain"":0.14352598091198307,""flag_bars"":9,""flag_low"":1940.35,""flag_high"":2135.21,""structural_low"":1940.35,""current_price"":2117.68,""neckline_distance_pct"":0.018421102338408175,""base_bars"":9},""pattern_geometry_features"":{""pole_gain"":0.14352598091198307,""pullback_pct"":0.10031112491827761,""flag_range_pct"":0.09035141814539879,""flag_drift_per_bar"":0.006814414831324859,""atr_pct"":0.05074825709683095,""pole_atr_multiple"":2.8281952745318177},""_schema_version"":""1.0""}",,,,,,,,,,
20260608T171746Z-5e850b,2026-06-08T17:17:46.036346+00:00,TSM,vcp,setup,50.34,91.3,40.4,32.5,46.8,12.6,57.5,29.2,84.0,97.4,13.7,10.1,3.91,5.61,1.64,4.03,1.46,5.04,4.87,False,,428.68,421.97,379.2841,384.86,"{""trend"":{""T1_ema_stack"":{""value"":[true,true,true],""score"":100.0},""T2_ema50_slope"":{""value"":0.3046243794188498,""score"":100},""T3_high_proximity"":{""value"":0.959681210683024,""score"":79.84060534151199},""T4_rs_1m"":{""value"":0.02185227115912003,""score"":71.85227115912002},""T5_rs_3m"":{""value"":0.13649759573848597,""score"":100},""T6_adr_healthy"":{""value"":3.389412502637896,""score"":100.0},""_score"":91.35},""geometry"":{""sub_contraction_count"":100.0,""sub_reduction_rate"":0,""sub_pivot_tightness"":17.9,""sub_volume_dryup"":18.0,""sub_base_depth"":0.0,""sub_base_duration"":100.0,""_score"":40.38},""compression"":{""VC1_atr_ratio"":{""value"":0.8140770917822485,""score"":46.48072705443787},""VC2_range_contraction"":{""value"":1.1231545048562943,""score"":0},""VC3_range_pct_rank"":{""score"":55.833333333333336},""_score"":32.55},""sr_quality"":{""SR1_touches"":{""value"":3,""score"":50.0},""SR2_tightness"":{""value"":3.161079281230112,""score"":61.83843358414596},""SR3_recency"":{""value"":240,""score"":0.0},""SR4_price_location"":{""score"":30.0},""SR5_reaction"":{""value"":2.0239247549426467,""score"":100},""_score"":46.78,""_levels_found"":6,""_target_level"":418.8233},""volume"":{""V1_rvol_day"":{""value"":0.606514565081056,""score"":7.100971005403729},""V2_rvol_sameslot"":{""value"":0.612110574476239,""score"":7.47403829841593,""status"":""ok""},""V3_breakout_bar"":{""value"":0.37079592863106303,""score"":0},""V4_base_dryup"":{""value"":1.0167496389541277,""score"":48.32503610458723},""V5_bo_expansion"":{""value"":0.606514565081056,""score"":0},""_score"":12.58},""readiness"":{""_distance_atr"":-0.405,""BR1_atr_distance"":{""score"":100.0},""BR2_compression"":{""score"":0},""BR3_retest"":{""score"":50.0},""BR4_bo_age"":{""score"":50.0},""_score"":57.5},""risk"":{""R1_stop_clarity"":{""score"":30.271476337171578},""R2_stop_distance_pct"":{""value"":11.522790892973775,""score"":11.930227675655614},""R3_stop_distance_atr"":{""value"":2.9816160096233646,""score"":100.0},""R4_rr_potential"":{""value"":-0.8871181616287993,""score"":0.0},""_score"":29.17},""market"":{""M1_spy_regime"":{""score"":100.0},""M3_earnings_risk"":{""value"":null,""score"":80.0},""M4_vix"":{""value"":null,""score"":60.0},""_score"":84.0},""liquidity"":{""L1_price"":{""value"":428.68,""score"":100.0},""L2_dollar_vol"":{""value"":3257048893.473794,""score"":100.0},""L3_spread_proxy"":{""value"":0.026313333955398033,""score"":73.68666604460196},""L4_volume_zscore"":{""value"":-1.3142308950948556,""score"":100.0},""_score"":97.37},""pattern_structure"":{""n_contractions"":5,""contractions_pct"":[6.54,10.46,5.65,8.07,8.75],""descending_strict"":false,""final_low"":385.06,""final_pivot"":421.97,""structural_low"":385.06,""dry_up_ratio"":0.9097731172918436,""current_price"":428.68,""neckline_distance_pct"":-0.01565270131566665,""base_bars"":43},""pattern_geometry_features"":{""contraction_count"":5.0,""first_contraction_pct"":0.0654116970829142,""last_contraction_pct"":0.08747067327061171,""dry_up_ratio"":0.9097731172918436,""near_monotone"":0.0,""base_depth_pct"":-0.10665325477798539},""_schema_version"":""1.0""}",,,,,,,,,,
20260608T171746Z-5e850b,2026-06-08T17:17:46.036346+00:00,KLAC,ascending_triangle,absent,50.31,99.3,36.4,11.5,46.4,35.7,46.0,34.2,84.0,68.8,14.89,10.19,0.92,6.5,4.29,3.68,1.37,5.04,3.44,False,,2110.6,2156.69,1857.71,2427.38,"{""trend"":{""T1_ema_stack"":{""value"":[true,true,true],""score"":100.0},""T2_ema50_slope"":{""value"":0.3563017717973074,""score"":100},""T3_high_proximity"":{""value"":0.990380554643142,""score"":95.19027732157099},""T4_rs_1m"":{""value"":0.18376255123290086,""score"":100},""T5_rs_3m"":{""value"":0.3840049351436401,""score"":100},""T6_adr_healthy"":{""value"":4.328125489080061,""score"":100.0},""_score"":99.28},""geometry"":{""sub_flat_top_quality"":33.3,""sub_hl_slope"":38.0,""sub_compression"":0,""sub_duration"":100.0,""_score"":36.39},""compression"":{""VC1_atr_ratio"":{""value"":0.9059504597818402,""score"":23.51238505453995},""VC2_range_contraction"":{""value"":1.3121255858965666,""score"":0},""VC3_range_pct_rank"":{""score"":8.333333333333337},""_score"":11.49},""sr_quality"":{""SR1_touches"":{""value"":3,""score"":50.0},""SR2_tightness"":{""value"":21.79669750724225,""score"":59.30007324944238},""SR3_recency"":{""value"":229,""score"":0.0},""SR4_price_location"":{""score"":30.0},""SR5_reaction"":{""value"":2.4426145671352004,""score"":100},""_score"":46.4,""_levels_found"":6,""_target_level"":1912.1567},""volume"":{""V1_rvol_day"":{""value"":0.554875056553818,""score"":3.6583371035878645},""V2_rvol_sameslot"":{""value"":1.8672244432071081,""score"":91.14829621380721,""status"":""ok""},""V3_breakout_bar"":{""value"":0.9729366438862057,""score"":31.52910959241371},""V4_base_dryup"":{""value"":1.0568875463540406,""score"":44.31124536459594},""V5_bo_expansion"":{""value"":0.554875056553818,""score"":0},""_score"":35.71},""readiness"":{""_distance_atr"":0.43,""BR1_atr_distance"":{""score"":71.31278529220728},""BR2_compression"":{""score"":0},""BR3_retest"":{""score"":50.0},""BR4_bo_age"":{""score"":50.0},""_score"":46.03},""risk"":{""R1_stop_clarity"":{""score"":47.17544126165421},""R2_stop_distance_pct"":{""value"":11.981900881265984,""score"":0.45247796835039544},""R3_stop_distance_atr"":{""value"":2.3610467761294234,""score"":100.0},""R4_rr_potential"":{""value"":1.2526394875242215,""score"":12.631974376211074},""_score"":34.17},""market"":{""M1_spy_regime"":{""score"":100.0},""M3_earnings_risk"":{""value"":null,""score"":80.0},""M4_vix"":{""value"":null,""score"":60.0},""_score"":84.0},""liquidity"":{""L1_price"":{""value"":2110.6,""score"":0.0},""L2_dollar_vol"":{""value"":1151216263.059624,""score"":100.0},""L3_spread_proxy"":{""value"":0.0623756277835687,""score"":37.624372216431304},""L4_volume_zscore"":{""value"":-1.6578652698963763,""score"":100.0},""_score"":68.76},""pattern_structure"":{""top"":2156.69,""top_touches"":2,""low_slope_per_bar"":2.1483716283716197,""lowest_low"":1886.0,""structural_low"":1886.0,""current_price"":2117.68,""neckline_distance_pct"":0.018421102338408175,""base_bars"":41},""pattern_geometry_features"":{""top_touches"":2.0,""low_slope"":2.1483716283716197,""compression"":-0.219531722615945,""atr_pct"":0.05074825709683095},""_schema_version"":""1.0""}",,,,,,,,,,
20260608T171746Z-5e850b,2026-06-08T17:17:46.036346+00:00,FLEX,bull_flag,absent,50.28,95.3,42.0,41.3,53.7,12.0,17.5,74.6,84.0,94.2,13.35,12.61,3.71,5.37,1.68,1.57,2.24,5.04,4.71,False,,151.89,166.86,147.0605,193.81,"{""trend"":{""T1_ema_stack"":{""value"":[true,true,true],""score"":100.0},""T2_ema50_slope"":{""value"":1.0837851163234897,""score"":100},""T3_high_proximity"":{""value"":0.9379399777695442,""score"":68.96998888477206},""T4_rs_1m"":{""value"":0.12871257908276346,""score"":100},""T5_rs_3m"":{""value"":1.3837333675981955,""score"":100},""T6_adr_healthy"":{""value"":5.2143206374795374,""score"":100.0},""_score"":95.35},""geometry"":{""sub_pole_impulse"":61.1,""sub_flag_tightness"":9.5,""sub_flag_shallowness"":0,""sub_flag_drift"":75.4,""sub_flag_duration"":100.0,""_score"":42.02},""compression"":{""VC1_atr_ratio"":{""value"":0.6332491113765963,""score"":91.68772215585092},""VC2_range_contraction"":{""value"":1.072677519738189,""score"":0},""VC3_range_pct_rank"":{""score"":18.333333333333336},""_score"":41.26},""sr_quality"":{""SR1_touches"":{""value"":6,""score"":100},""SR2_tightness"":{""value"":1.5936619256709772,""score"":62.50018159000674},""SR3_recency"":{""value"":275,""score"":0.0},""SR4_price_location"":{""score"":30.0},""SR5_reaction"":{""value"":0.9114165420105219,""score"":45.570827100526095},""_score"":53.71,""_levels_found"":2,""_target_level"":67.765},""volume"":{""V1_rvol_day"":{""value"":0.49742292532093946,""score"":0},""V2_rvol_sameslot"":{""value"":0.6710114586865531,""score"":11.400763912436872,""status"":""ok""},""V3_breakout_bar"":{""value"":0.5157176054130108,""score"":1.0478403608673879},""V4_base_dryup"":{""value"":1.0267219260218352,""score"":47.32780739781648},""V5_bo_expansion"":{""value"":0.49742292532093935,""score"":0},""_score"":12.01},""readiness"":{""_distance_atr"":1.761,""BR1_atr_distance"":{""score"":0},""BR2_compression"":{""score"":0},""BR3_retest"":{""score"":50.0},""BR4_bo_age"":{""score"":50.0},""_score"":17.5},""risk"":{""R1_stop_clarity"":{""score"":47.30322537270803},""R2_stop_distance_pct"":{""value"":3.1796036605437936,""score"":100.0},""R3_stop_distance_atr"":{""value"":0.5682051195858578,""score"":53.4102559792929},""R4_rr_potential"":{""value"":8.679987576353728,""score"":100.0},""_score"":74.57},""market"":{""M1_spy_regime"":{""score"":100.0},""M3_earnings_risk"":{""value"":null,""score"":80.0},""M4_vix"":{""value"":null,""score"":60.0},""_score"":84.0},""liquidity"":{""L1_price"":{""value"":151.89,""score"":100.0},""L2_dollar_vol"":{""value"":459671576.8103303,""score"":100.0},""L3_spread_proxy"":{""value"":0.05773915333464996,""score"":42.26084666535004},""L4_volume_zscore"":{""value"":-1.6153905258129486,""score"":100.0},""_score"":94.23},""pattern_structure"":{""pole_low"":139.91,""pole_low_idx"":15,""peak_price"":166.86,""peak_idx"":40,""pole_gain"":0.19262382960474603,""flag_bars"":19,""flag_low"":149.3,""flag_high"":166.76,""structural_low"":149.3,""current_price"":150.37,""neckline_distance_pct"":0.1096628316818515,""base_bars"":19},""pattern_geometry_features"":{""pole_gain"":0.19262382960474603,""pullback_pct"":0.10523792400815055,""flag_range_pct"":0.10463861920172586,""flag_drift_per_bar"":-0.0049265099304756045,""atr_pct"":0.05595872953170996,""pole_atr_multiple"":3.4422480856287576},""_schema_version"":""1.0""}",,,,,,,,,,
20260608T171746Z-5e850b,2026-06-08T17:17:46.036346+00:00,AMZN,base_on_base,invalidated,50.2,58.4,54.5,46.5,62.7,20.5,17.5,10.0,84.0,98.2,10.51,13.62,4.65,6.27,2.46,1.4,0.5,5.88,4.91,True,risk_unclear,245.13,274.75,251.3621,285.34,"{""trend"":{""T1_ema_stack"":{""value"":[false,true,true],""score"":66.66666666666666},""T2_ema50_slope"":{""value"":0.2470695229935867,""score"":91.17825383226446},""T3_high_proximity"":{""value"":0.8914142332448453,""score"":45.7071166224226},""T4_rs_1m"":{""value"":-0.10925995735493843,""score"":0},""T5_rs_3m"":{""value"":0.05533504129468225,""score"":77.66752064734112},""T6_adr_healthy"":{""value"":2.3653448981706524,""score"":100.0},""_score"":58.41},""geometry"":{""sub_shallower_second"":0,""sub_second_base_depth"":91.2,""sub_rim_advance"":100,""sub_dry_up"":30.1,""sub_second_base_duration"":68.0,""_score"":54.46},""compression"":{""VC1_atr_ratio"":{""value"":0.7120006574644357,""score"":71.99983563389107},""VC2_range_contraction"":{""value"":1.069338702770733,""score"":0},""VC3_range_pct_rank"":{""score"":70.83333333333333},""_score"":46.51},""sr_quality"":{""SR1_touches"":{""value"":3,""score"":50.0},""SR2_tightness"":{""value"":1.0591374897633572,""score"":70.71024295987057},""SR3_recency"":{""value"":310,""score"":0.0},""SR4_price_location"":{""score"":88.31722353299325},""SR5_reaction"":{""value"":3.7607609159778597,""score"":100},""_score"":62.69,""_levels_found"":6,""_target_level"":247.6883},""volume"":{""V1_rvol_day"":{""value"":0.4132343359734624,""score"":0},""V2_rvol_sameslot"":{""value"":0.9089332670753536,""score"":27.262217805023575,""status"":""ok""},""V3_breakout_bar"":{""value"":0.6099095087435548,""score"":7.327300582903651},""V4_base_dryup"":{""value"":0.837970527137171,""score"":66.20294728628289},""V5_bo_expansion"":{""value"":0.4132343359734623,""score"":0},""_score"":20.52},""readiness"":{""_distance_atr"":4.096,""BR1_atr_distance"":{""score"":0},""BR2_compression"":{""score"":0},""BR3_retest"":{""score"":50.0},""BR4_bo_age"":{""score"":50.0},""_score"":17.5},""risk"":{""R1_stop_clarity"":{""score"":0},""R2_stop_distance_pct"":{""value"":-2.5423856729082486,""score"":0.0},""R3_stop_distance_atr"":{""value"":-0.861730233807637,""score"":0.0},""R4_rr_potential"":{""value"":null,""score"":50.0},""_score"":10.0},""market"":{""M1_spy_regime"":{""score"":100.0},""M3_earnings_risk"":{""value"":null,""score"":80.0},""M4_vix"":{""value"":null,""score"":60.0},""_score"":84.0},""liquidity"":{""L1_price"":{""value"":245.13,""score"":100.0},""L2_dollar_vol"":{""value"":3989125883.9632115,""score"":100.0},""L3_spread_proxy"":{""value"":0.018479990209276716,""score"":81.5200097907233},""L4_volume_zscore"":{""value"":-2.456891418181949,""score"":100.0},""_score"":98.15},""pattern_structure"":{""first_base_low"":202.48,""first_base_top"":213.07,""first_base_bars"":20,""second_base_low"":255.19,""second_base_top"":274.75,""second_base_bars"":17,""structural_low"":255.19,""stacking_overlap_pct"":-0.19768151311775475,""current_price"":245.13,""neckline_distance_pct"":0.12083384326683802,""base_bars"":17},""pattern_geometry_features"":{""first_base_depth_pct"":0.049701975876472536,""second_base_depth_pct"":0.07119199272065516,""second_dry_up_ratio"":0.8494380511137961,""rim_advance_pct"":0.2894823297507862,""atr_pct"":0.029503266488335633},""_schema_version"":""1.0""}",,,,,,,,,,
20260608T171746Z-5e850b,2026-06-08T17:17:46.036346+00:00,IBM,ascending_triangle,forming,50.17,72.2,58.3,6.5,50.6,3.5,28.9,70.7,84.0,96.5,10.83,16.31,0.52,7.09,0.42,2.31,2.83,5.04,4.83,False,,281.41,329.88,276.854,378.6899,"{""trend"":{""T1_ema_stack"":{""value"":[true,true,false],""score"":66.66666666666666},""T2_ema50_slope"":{""value"":0.22750846125954394,""score"":87.91807687659065},""T3_high_proximity"":{""value"":0.8547519970841053,""score"":27.37599854205264},""T4_rs_1m"":{""value"":0.20336081605027645,""score"":100},""T5_rs_3m"":{""value"":0.01797494209075201,""score"":58.987471045376004},""T6_adr_healthy"":{""value"":4.371936062248095,""score"":100.0},""_score"":72.2},""geometry"":{""sub_flat_top_quality"":66.7,""sub_hl_slope"":100,""sub_compression"":0,""sub_duration"":55.0,""_score"":58.26},""compression"":{""VC1_atr_ratio"":{""value"":1.4445440169229773,""score"":0},""VC2_range_contraction"":{""value"":1.879431250422062,""score"":0},""VC3_range_pct_rank"":{""score"":25.83333333333333},""_score"":6.46},""sr_quality"":{""SR1_touches"":{""value"":3,""score"":50.0},""SR2_tightness"":{""value"":2.9896525253316923,""score"":65.24319483001466},""SR3_recency"":{""value"":317,""score"":0.0},""SR4_price_location"":{""score"":68.9098941744581},""SR5_reaction"":{""value"":1.148425458014543,""score"":57.421272900727146},""_score"":50.63,""_levels_found"":6,""_target_level"":291.4967},""volume"":{""V1_rvol_day"":{""value"":0.2741752579402403,""score"":0},""V2_rvol_sameslot"":{""value"":0.6877069245179259,""score"":12.513794967861728,""status"":""ok""},""V3_breakout_bar"":{""value"":0.558893853019816,""score"":3.926256867987732},""V4_base_dryup"":{""value"":1.807232620426605,""score"":0},""V5_bo_expansion"":{""value"":0.27417525794024034,""score"":0},""_score"":3.48},""readiness"":{""_distance_atr"":2.817,""BR1_atr_distance"":{""score"":0},""BR2_compression"":{""score"":45.52470790228688},""BR3_retest"":{""score"":50.0},""BR4_bo_age"":{""score"":50.0},""_score"":28.88},""risk"":{""R1_stop_clarity"":{""score"":50.98544752926883},""R2_stop_distance_pct"":{""value"":1.618972851000317,""score"":90.47432127500792},""R3_stop_distance_atr"":{""value"":0.26483064053043043,""score"":38.24153202652152},""R4_rr_potential"":{""value"":21.352268565633352,""score"":100.0},""_score"":70.72},""market"":{""M1_spy_regime"":{""score"":100.0},""M3_earnings_risk"":{""value"":null,""score"":80.0},""M4_vix"":{""value"":null,""score"":60.0},""_score"":84.0},""liquidity"":{""L1_price"":{""value"":281.41,""score"":100.0},""L2_dollar_vol"":{""value"":939746305.4564545,""score"":100.0},""L3_spread_proxy"":{""value"":0.034469279698660274,""score"":65.53072030133973},""L4_volume_zscore"":{""value"":-1.0510142142655603,""score"":100.0},""_score"":96.55},""pattern_structure"":{""top"":329.88,""top_touches"":3,""low_slope_per_bar"":1.189908653369673,""lowest_low"":281.0701,""structural_low"":281.0701,""current_price"":281.69,""neckline_distance_pct"":0.17107458553729277,""base_bars"":69},""pattern_geometry_features"":{""top_touches"":3.0,""low_slope"":1.189908653369673,""compression"":-1.0177115923320454,""atr_pct"":0.06113238437054222},""_schema_version"":""1.0""}",,,,,,,,,,
20260608T171746Z-5e850b,2026-06-08T17:17:46.036346+00:00,WOLF,double_bottom,forming,50.15,71.7,59.1,23.5,39.2,4.5,24.7,86.0,84.0,90.0,10.75,14.77,1.88,5.48,0.59,1.98,5.16,5.04,4.5,False,,56.9999,70.0,53.2983,85.89,"{""trend"":{""T1_ema_stack"":{""value"":[false,true,true],""score"":66.66666666666666},""T2_ema50_slope"":{""value"":1.7872985191887167,""score"":100},""T3_high_proximity"":{""value"":0.7755088435374149,""score"":0},""T4_rs_1m"":{""value"":0.24894506941078132,""score"":100},""T5_rs_3m"":{""value"":2.1165852071884785,""score"":100},""T6_adr_healthy"":{""value"":16.445591974935024,""score"":0.0},""_score"":71.67},""geometry"":{""sub_low_similarity"":13.6,""sub_bounce_quality"":100,""sub_separation_fit"":0.0,""sub_right_bottom_reaction"":100,""sub_base_context"":100.0,""_score"":59.08},""compression"":{""VC1_atr_ratio"":{""value"":0.8752598359231881,""score"":31.18504101920297},""VC2_range_contraction"":{""value"":1.0358942535137916,""score"":0},""VC3_range_pct_rank"":{""score"":44.166666666666664},""_score"":23.52},""sr_quality"":{""SR1_touches"":{""value"":2,""score"":25.0},""SR2_tightness"":{""value"":2.0600000000000023,""score"":61.03566236671868},""SR3_recency"":{""value"":229,""score"":0.0},""SR4_price_location"":{""score"":30.0},""SR5_reaction"":{""value"":2.240449413913673,""score"":100},""_score"":39.16,""_levels_found"":3,""_target_level"":51.72},""volume"":{""V1_rvol_day"":{""value"":0.41358309824794887,""score"":0},""V2_rvol_sameslot"":{""value"":0.6296076869740823,""score"":8.640512464938821,""status"":""ok""},""V3_breakout_bar"":{""value"":0.6682819207783078,""score"":11.218794718553855},""V4_base_dryup"":{""value"":4.349601497823582,""score"":0},""V5_bo_expansion"":{""value"":0.41358309824794887,""score"":0},""_score"":4.53},""readiness"":{""_distance_atr"":1.229,""BR1_atr_distance"":{""score"":18.035552481161815},""BR2_compression"":{""score"":0},""BR3_retest"":{""score"":50.0},""BR4_bo_age"":{""score"":50.0},""_score"":24.71},""risk"":{""R1_stop_clarity"":{""score"":84.6478618252171},""R2_stop_distance_pct"":{""value"":6.4939587613311565,""score"":100.0},""R3_stop_distance_atr"":{""value"":0.3500690387535733,""score"":42.50345193767866},""R4_rr_potential"":{""value"":7.804865529305298,""score"":100.0},""_score"":86.0},""market"":{""M1_spy_regime"":{""score"":100.0},""M3_earnings_risk"":{""value"":null,""score"":80.0},""M4_vix"":{""value"":null,""score"":60.0},""_score"":84.0},""liquidity"":{""L1_price"":{""value"":56.9999,""score"":100.0},""L2_dollar_vol"":{""value"":256906998.54126775,""score"":100.0},""L3_spread_proxy"":{""value"":0.10000017543890422,""score"":0},""L4_volume_zscore"":{""value"":-1.016501279950292,""score"":100.0},""_score"":90.0},""pattern_structure"":{""left_low"":56.5,""left_idx"":30,""right_low"":54.11,""right_idx"":76,""separation_bars"":46,""structural_low"":54.11,""current_price"":56.85,""neckline_distance_pct"":0.23131046613896214,""base_bars"":46},""pattern_geometry_features"":{""low_similarity_pct"":0.04321489919537114,""bounce_pct"":0.2936610608020699,""right_bottom_reaction"":1.0,""atr_pct"":0.18550508735228358},""_schema_version"":""1.0""}",,,,,,,,,,
20260608T171746Z-5e850b,2026-06-08T17:17:46.036346+00:00,LRCX,bull_flag,absent,49.93,96.4,31.6,30.4,40.6,40.4,29.7,67.7,84.0,95.2,13.5,9.48,2.73,4.06,5.65,2.67,2.03,5.04,4.76,False,,327.33,345.17,299.4991,383.305,"{""trend"":{""T1_ema_stack"":{""value"":[true,true,true],""score"":100.0},""T2_ema50_slope"":{""value"":0.5354628281430505,""score"":100},""T3_high_proximity"":{""value"":0.9523435454307411,""score"":76.17177271537051},""T4_rs_1m"":{""value"":0.12920170234894268,""score"":100},""T5_rs_3m"":{""value"":0.4573563369199152,""score"":100},""T6_adr_healthy"":{""value"":4.49873976237221,""score"":100.0},""_score"":96.43},""geometry"":{""sub_pole_impulse"":34.3,""sub_flag_tightness"":0,""sub_flag_shallowness"":0,""sub_flag_drift"":75.4,""sub_flag_duration"":100.0,""_score"":31.6},""compression"":{""VC1_atr_ratio"":{""value"":0.7691591037842817,""score"":57.71022405392958},""VC2_range_contraction"":{""value"":1.0931882833630429,""score"":0},""VC3_range_pct_rank"":{""score"":29.166666666666664},""_score"":30.38},""sr_quality"":{""SR1_touches"":{""value"":2,""score"":25.0},""SR2_tightness"":{""value"":2.5175000000000125,""score"":70.6002446573482},""SR3_recency"":{""value"":229,""score"":0.0},""SR4_price_location"":{""score"":30.0},""SR5_reaction"":{""value"":2.261036794947028,""score"":100},""_score"":40.59,""_levels_found"":7,""_target_level"":304.5175},""volume"":{""V1_rvol_day"":{""value"":0.5399478534419236,""score"":2.663190229461576},""V2_rvol_sameslot"":{""value"":1.7814998357321594,""score"":85.43332238214396,""status"":""ok""},""V3_breakout_bar"":{""value"":1.1456027311887123,""score"":43.04018207924749},""V4_base_dryup"":{""value"":0.9010116319978698,""score"":59.89883680021302},""V5_bo_expansion"":{""value"":0.5399478534419236,""score"":0},""_score"":40.36},""readiness"":{""_distance_atr"":1.042,""BR1_atr_distance"":{""score"":30.553904625897857},""BR2_compression"":{""score"":0},""BR3_retest"":{""score"":50.0},""BR4_bo_age"":{""score"":50.0},""_score"":29.72},""risk"":{""R1_stop_clarity"":{""score"":46.73710262470704},""R2_stop_distance_pct"":{""value"":8.502398191427607,""score"":87.44004521430982},""R3_stop_distance_atr"":{""value"":1.6250678271416157,""score"":100.0},""R4_rr_potential"":{""value"":2.011253678465305,""score"":50.56268392326524},""_score"":67.7},""market"":{""M1_spy_regime"":{""score"":100.0},""M3_earnings_risk"":{""value"":null,""score"":80.0},""M4_vix"":{""value"":null,""score"":60.0},""_score"":84.0},""liquidity"":{""L1_price"":{""value"":327.33,""score"":100.0},""L2_dollar_vol"":{""value"":1547771433.7090924,""score"":100.0},""L3_spread_proxy"":{""value"":0.04790272813368774,""score"":52.09727186631226},""L4_volume_zscore"":{""value"":-2.449889534988484,""score"":100.0},""_score"":95.21},""pattern_structure"":{""pole_low"":307.035,""pole_low_idx"":27,""peak_price"":345.17,""peak_idx"":40,""pole_gain"":0.12420408096796778,""flag_bars"":19,""flag_low"":304.06,""flag_high"":344.66,""structural_low"":304.06,""current_price"":328.86,""neckline_distance_pct"":0.04959557258407834,""base_bars"":19},""pattern_geometry_features"":{""pole_gain"":0.12420408096796778,""pullback_pct"":0.11910073297215867,""flag_range_pct"":0.11762320016223896,""flag_drift_per_bar"":-0.004926268416891544,""atr_pct"":0.052320266572397474,""pole_atr_multiple"":2.3739191159529365},""_schema_version"":""1.0""}",,,,,,,,,,
20260608T171746Z-5e850b,2026-06-08T17:17:46.036346+00:00,HON,vcp,forming,49.83,35.7,56.0,51.7,59.0,10.8,40.2,60.7,84.0,98.3,5.35,13.99,6.21,7.08,1.41,2.81,3.04,5.04,4.91,True,risk_unclear,212.86,221.035,208.3275,254.79,"{""trend"":{""T1_ema_stack"":{""value"":[false,false,true],""score"":33.33333333333333},""T2_ema50_slope"":{""value"":0.04875364970633566,""score"":58.12560828438927},""T3_high_proximity"":{""value"":0.8846681351564772,""score"":42.334067578238596},""T4_rs_1m"":{""value"":-0.02808793220849004,""score"":21.91206779150996},""T5_rs_3m"":{""value"":-0.1969554939834619,""score"":0},""T6_adr_healthy"":{""value"":2.612447050198375,""score"":100.0},""_score"":35.69},""geometry"":{""sub_contraction_count"":100.0,""sub_reduction_rate"":0,""sub_pivot_tightness"":81.3,""sub_volume_dryup"":0,""sub_base_depth"":87.6,""sub_base_duration"":100.0,""_score"":55.95},""compression"":{""VC1_atr_ratio"":{""value"":0.6287463887527734,""score"":92.81340281180664},""VC2_range_contraction"":{""value"":1.4995835800233763,""score"":0},""VC3_range_pct_rank"":{""score"":58.33333333333333},""_score"":51.71},""sr_quality"":{""SR1_touches"":{""value"":5,""score"":100},""SR2_tightness"":{""value"":1.1934713295257664,""score"":64.42935598458534},""SR3_recency"":{""value"":243,""score"":0.0},""SR4_price_location"":{""score"":30.473669552505022},""SR5_reaction"":{""value"":1.5563178847422985,""score"":77.81589423711492},""_score"":58.96,""_levels_found"":6,""_target_level"":221.5726},""volume"":{""V1_rvol_day"":{""value"":0.27414743979966055,""score"":0},""V2_rvol_sameslot"":{""value"":0.5629289161372977,""score"":4.195261075819845,""status"":""ok""},""V3_breakout_bar"":{""value"":0.4476220209088967,""score"":0},""V4_base_dryup"":{""value"":0.9994677120100333,""score"":50.05322879899667},""V5_bo_expansion"":{""value"":0.27414743979966055,""score"":0},""_score"":10.85},""readiness"":{""_distance_atr"":1.218,""BR1_atr_distance"":{""score"":18.783130734677556},""BR2_compression"":{""score"":60.623928437703526},""BR3_retest"":{""score"":50.0},""BR4_bo_age"":{""score"":50.0},""_score"":40.17},""risk"":{""R1_stop_clarity"":{""score"":5.445681561747861},""R2_stop_distance_pct"":{""value"":2.129333834445188,""score"":100.0},""R3_stop_distance_atr"":{""value"":0.675441210908398,""score"":58.772060545419905},""R4_rr_potential"":{""value"":9.25096525096519,""score"":100.0},""_score"":60.72},""market"":{""M1_spy_regime"":{""score"":100.0},""M3_earnings_risk"":{""value"":null,""score"":80.0},""M4_vix"":{""value"":null,""score"":60.0},""_score"":84.0},""liquidity"":{""L1_price"":{""value"":212.86,""score"":100.0},""L2_dollar_vol"":{""value"":273928042.030841,""score"":100.0},""L3_spread_proxy"":{""value"":0.017260171004416076,""score"":82.73982899558392},""L4_volume_zscore"":{""value"":-2.7326708182701083,""score"":100.0},""_score"":98.27},""pattern_structure"":{""n_contractions"":5,""contractions_pct"":[10.37,2.86,3.34,12.1,4.31],""descending_strict"":false,""final_low"":211.5,""final_pivot"":221.035,""structural_low"":211.5,""dry_up_ratio"":1.244333293989542,""current_price"":212.86,""neckline_distance_pct"":0.03840552475805686,""base_bars"":47},""pattern_geometry_features"":{""contraction_count"":5.0,""first_contraction_pct"":0.10366761126174791,""last_contraction_pct"":0.04313796457574591,""dry_up_ratio"":1.244333293989542,""near_monotone"":0.0,""base_depth_pct"":0.13763226030050354},""_schema_version"":""1.0""}",,,,,,,,,,
20260608T171746Z-5e850b,2026-06-08T17:17:46.036346+00:00,DELL,ascending_triangle,forming,49.49,89.2,55.0,7.1,36.5,13.7,17.5,55.5,84.0,94.8,13.38,15.4,0.57,5.1,1.65,1.4,2.22,5.04,4.74,False,,398.86,469.19,314.018,619.58,"{""trend"":{""T1_ema_stack"":{""value"":[true,true,true],""score"":100.0},""T2_ema50_slope"":{""value"":1.0164139135466603,""score"":100},""T3_high_proximity"":{""value"":0.855996222851747,""score"":27.998111425873496},""T4_rs_1m"":{""value"":0.7189088950434397,""score"":100},""T5_rs_3m"":{""value"":1.6295394051155034,""score"":100},""T6_adr_healthy"":{""value"":6.102157631387904,""score"":100.0},""_score"":89.2},""geometry"":{""sub_flat_top_quality"":33.3,""sub_hl_slope"":100,""sub_compression"":0,""sub_duration"":100.0,""_score"":54.99},""compression"":{""VC1_atr_ratio"":{""value"":1.5712851952490592,""score"":0},""VC2_range_contraction"":{""value"":1.162494207702411,""score"":0},""VC3_range_pct_rank"":{""score"":28.333333333333332},""_score"":7.08},""sr_quality"":{""SR1_touches"":{""value"":2,""score"":25.0},""SR2_tightness"":{""value"":1.7249999999999943,""score"":89.18969489200778},""SR3_recency"":{""value"":240,""score"":0.0},""SR4_price_location"":{""score"":30.0},""SR5_reaction"":{""value"":1.0772704046747075,""score"":53.86352023373537},""_score"":36.46,""_levels_found"":5,""_target_level"":262.265},""volume"":{""V1_rvol_day"":{""value"":0.454220713461197,""score"":0},""V2_rvol_sameslot"":{""value"":0.7844870540862804,""score"":18.965803605752026,""status"":""ok""},""V3_breakout_bar"":{""value"":0.5521339660304849,""score"":3.4755977353656617},""V4_base_dryup"":{""value"":1.0471102246236388,""score"":45.28897753763612},""V5_bo_expansion"":{""value"":0.454220713461197,""score"":0},""_score"":13.72},""readiness"":{""_distance_atr"":2.204,""BR1_atr_distance"":{""score"":0},""BR2_compression"":{""score"":0},""BR3_retest"":{""score"":50.0},""BR4_bo_age"":{""score"":50.0},""_score"":17.5},""risk"":{""R1_stop_clarity"":{""score"":70.03195418758331},""R2_stop_distance_pct"":{""value"":21.27112269969412,""score"":0.0},""R3_stop_distance_atr"":{""value"":2.6584576984703747,""score"":100.0},""R4_rr_potential"":{""value"":2.6015416892576786,""score"":80.07708446288393},""_score"":55.53},""market"":{""M1_spy_regime"":{""score"":100.0},""M3_earnings_risk"":{""value"":null,""score"":80.0},""M4_vix"":{""value"":null,""score"":60.0},""_score"":84.0},""liquidity"":{""L1_price"":{""value"":398.86,""score"":100.0},""L2_dollar_vol"":{""value"":2132387402.26887,""score"":100.0},""L3_spread_proxy"":{""value"":0.052374015945444545,""score"":47.62598405455545},""L4_volume_zscore"":{""value"":-0.689586283183729,""score"":100.0},""_score"":94.76},""pattern_structure"":{""top"":469.19,""top_touches"":2,""low_slope_per_bar"":3.149417935006171,""lowest_low"":318.8,""structural_low"":318.8,""current_price"":399.9,""neckline_distance_pct"":0.17326831707926987,""base_bars"":54},""pattern_geometry_features"":{""top_touches"":2.0,""low_slope"":3.149417935006171,""compression"":-0.9021263189326563,""atr_pct"":0.08001301924771313},""_schema_version"":""1.0""}",,,,,,,,,,
20260608T171746Z-5e850b,2026-06-08T17:17:46.036346+00:00,CW,vcp,absent,49.46,60.5,42.3,68.2,57.3,11.4,35.3,47.8,84.0,67.1,9.07,10.57,8.19,6.88,1.49,2.47,2.39,5.04,3.36,True,risk_unclear,730.38,758.4487,697.8233,766.0087,"{""trend"":{""T1_ema_stack"":{""value"":[false,true,true],""score"":66.66666666666666},""T2_ema50_slope"":{""value"":0.11301020742120929,""score"":68.83503457020154},""T3_high_proximity"":{""value"":0.97254327563249,""score"":86.27163781624498},""T4_rs_1m"":{""value"":-0.005018281690692961,""score"":44.98171830930704},""T5_rs_3m"":{""value"":-0.05900966288826193,""score"":20.495168555869036},""T6_adr_healthy"":{""value"":3.0231590276761215,""score"":100.0},""_score"":60.45},""geometry"":{""sub_contraction_count"":100.0,""sub_reduction_rate"":0,""sub_pivot_tightness"":48.7,""sub_volume_dryup"":0,""sub_base_depth"":0.0,""sub_base_duration"":100.0,""_score"":42.3},""compression"":{""VC1_atr_ratio"":{""value"":0.36322420922374776,""score"":100},""VC2_range_contraction"":{""value"":0.9271968952652405,""score"":12.133850789126582},""VC3_range_pct_rank"":{""score"":95.83333333333334},""_score"":68.21},""sr_quality"":{""SR1_touches"":{""value"":4,""score"":75.0},""SR2_tightness"":{""value"":5.358953819718464,""score"":53.1219869335404},""SR3_recency"":{""value"":231,""score"":0.0},""SR4_price_location"":{""score"":47.43592080835201},""SR5_reaction"":{""value"":2.2163118783732947,""score"":100},""_score"":57.33,""_levels_found"":6,""_target_level"":754.3274},""volume"":{""V1_rvol_day"":{""value"":0.2381948051518948,""score"":0},""V2_rvol_sameslot"":{""value"":0.46595041514733815,""score"":0,""status"":""ok""},""V3_breakout_bar"":{""value"":0.5299999310131425,""score"":1.9999954008761645},""V4_base_dryup"":{""value"":0.9526479503837746,""score"":54.73520496162254},""V5_bo_expansion"":{""value"":0.23819480515189476,""score"":0},""_score"":11.45},""readiness"":{""_distance_atr"":1.228,""BR1_atr_distance"":{""score"":18.155363302629155},""BR2_compression"":{""score"":42.30979685450653},""BR3_retest"":{""score"":50.0},""BR4_bo_age"":{""score"":50.0},""_score"":35.34},""risk"":{""R1_stop_clarity"":{""score"":7.041384920877803},""R2_stop_distance_pct"":{""value"":4.457508420274373,""score"":100.0},""R3_stop_distance_atr"":{""value"":1.4239680012596534,""score"":96.19840006298267},""R4_rr_potential"":{""value"":1.094356777012448,""score"":4.717838850622402},""_score"":47.84},""market"":{""M1_spy_regime"":{""score"":100.0},""M3_earnings_risk"":{""value"":null,""score"":80.0},""M4_vix"":{""value"":null,""score"":60.0},""_score"":84.0},""liquidity"":{""L1_price"":{""value"":730.38,""score"":0.0},""L2_dollar_vol"":{""value"":48744014.13756882,""score"":84.39606455389553},""L3_spread_proxy"":{""value"":0.016292751718283635,""score"":83.70724828171636},""L4_volume_zscore"":{""value"":-1.3713850495870532,""score"":100.0},""_score"":67.13},""pattern_structure"":{""n_contractions"":5,""contractions_pct"":[10.62,12.71,4.82,9.87,6.59],""descending_strict"":false,""final_low"":708.45,""final_pivot"":758.4487,""structural_low"":708.45,""dry_up_ratio"":1.1947237468394876,""current_price"":730.38,""neckline_distance_pct"":0.03843026917495007,""base_bars"":59},""pattern_geometry_features"":{""contraction_count"":5.0,""first_contraction_pct"":0.10615773522716163,""last_contraction_pct"":0.06592232276223821,""dry_up_ratio"":1.1947237468394876,""near_monotone"":0.0,""base_depth_pct"":0.010558511752629077},""_schema_version"":""1.0""}",,,,,,,,,,
20260608T171746Z-5e850b,2026-06-08T17:17:46.036346+00:00,UUUU,base_on_base,invalidated,49.44,13.3,73.2,63.5,61.8,21.1,17.5,34.0,84.0,94.2,2.4,18.29,6.35,6.18,2.53,1.4,1.7,5.88,4.71,False,,15.425,19.75,15.7896,24.2995,"{""trend"":{""T1_ema_stack"":{""value"":[false,false,true],""score"":33.33333333333333},""T2_ema50_slope"":{""value"":-0.45794521738886546,""score"":0},""T3_high_proximity"":{""value"":0.6558248299319729,""score"":0},""T4_rs_1m"":{""value"":-0.3526320639034589,""score"":0},""T5_rs_3m"":{""value"":-0.3165726981375818,""score"":0},""T6_adr_healthy"":{""value"":7.065083680739456,""score"":100.0},""_score"":13.33},""geometry"":{""sub_shallower_second"":62.3,""sub_second_base_depth"":91.6,""sub_rim_advance"":100,""sub_dry_up"":21.3,""sub_second_base_duration"":100.0,""_score"":73.16},""compression"":{""VC1_atr_ratio"":{""value"":0.5623476314216815,""score"":100},""VC2_range_contraction"":{""value"":0.972079370737823,""score"":4.65343821036283},""VC3_range_pct_rank"":{""score"":87.5},""_score"":63.5},""sr_quality"":{""SR1_touches"":{""value"":3,""score"":50.0},""SR2_tightness"":{""value"":0.16336734339790407,""score"":75.40497997549839},""SR3_recency"":{""value"":237,""score"":0.0},""SR4_price_location"":{""score"":81.8963135689684},""SR5_reaction"":{""value"":2.490354647650573,""score"":100},""_score"":61.78,""_levels_found"":4,""_target_level"":16.2267},""volume"":{""V1_rvol_day"":{""value"":0.5442231316887264,""score"":2.948208779248425},""V2_rvol_sameslot"":{""value"":0.9746650041484146,""score"":31.64433360989431,""status"":""ok""},""V3_breakout_bar"":{""value"":0.5397426484805306,""score"":2.6495098987020365},""V4_base_dryup"":{""value"":0.823511981070766,""score"":67.6488018929234},""V5_bo_expansion"":{""value"":0.5442231316887266,""score"":0},""_score"":21.11},""readiness"":{""_distance_atr"":3.256,""BR1_atr_distance"":{""score"":0},""BR2_compression"":{""score"":0},""BR3_retest"":{""score"":50.0},""BR4_bo_age"":{""score"":50.0},""_score"":17.5},""risk"":{""R1_stop_clarity"":{""score"":63.80015465828216},""R2_stop_distance_pct"":{""value"":-2.363371150729332,""score"":0.0},""R3_stop_distance_atr"":{""value"":-0.2744157541967804,""score"":11.279212290160977},""R4_rr_potential"":{""value"":null,""score"":50.0},""_score"":34.02},""market"":{""M1_spy_regime"":{""score"":100.0},""M3_earnings_risk"":{""value"":null,""score"":80.0},""M4_vix"":{""value"":null,""score"":60.0},""_score"":84.0},""liquidity"":{""L1_price"":{""value"":15.425,""score"":100.0},""L2_dollar_vol"":{""value"":88599091.67757402,""score"":97.37146347503001},""L3_spread_proxy"":{""value"":0.047656401944894594,""score"":52.3435980551054},""L4_volume_zscore"":{""value"":-1.022673819558341,""score"":100.0},""_score"":94.18},""pattern_structure"":{""first_base_low"":12.0805,""first_base_top"":16.63,""first_base_bars"":20,""second_base_low"":16.03,""second_base_top"":19.75,""second_base_bars"":47,""structural_low"":16.03,""stacking_overlap_pct"":0.03607937462417306,""current_price"":15.425,""neckline_distance_pct"":0.2803889789303079,""base_bars"":47},""pattern_geometry_features"":{""first_base_depth_pct"":0.27357185808779305,""second_base_depth_pct"":0.18835443037974678,""second_dry_up_ratio"":0.8934615560542477,""rim_advance_pct"":0.1876127480457006,""atr_pct"":0.08612374160685343},""_schema_version"":""1.0""}",,,,,,,,,,
20260608T171746Z-5e850b,2026-06-08T17:17:46.036346+00:00,HON,base_on_base,forming,49.43,35.7,57.6,51.7,59.0,7.3,32.7,65.3,84.0,98.3,6.42,14.39,5.17,5.9,0.87,2.61,3.27,5.88,4.91,True,risk_unclear,212.86,239.94,204.7126,255.64,"{""trend"":{""T1_ema_stack"":{""value"":[false,false,true],""score"":33.33333333333333},""T2_ema50_slope"":{""value"":0.04875364970633566,""score"":58.12560828438927},""T3_high_proximity"":{""value"":0.8846681351564772,""score"":42.334067578238596},""T4_rs_1m"":{""value"":-0.02808793220849004,""score"":21.91206779150996},""T5_rs_3m"":{""value"":-0.1969554939834619,""score"":0},""T6_adr_healthy"":{""value"":2.612447050198375,""score"":100.0},""_score"":35.69},""geometry"":{""sub_shallower_second"":0,""sub_second_base_depth"":100.0,""sub_rim_advance"":100,""sub_dry_up"":12.8,""sub_second_base_duration"":100.0,""_score"":57.56},""compression"":{""VC1_atr_ratio"":{""value"":0.6287463887527734,""score"":92.81340281180664},""VC2_range_contraction"":{""value"":1.4995835800233763,""score"":0},""VC3_range_pct_rank"":{""score"":58.33333333333333},""_score"":51.71},""sr_quality"":{""SR1_touches"":{""value"":5,""score"":100},""SR2_tightness"":{""value"":1.1934713295257664,""score"":64.42935598458534},""SR3_recency"":{""value"":243,""score"":0.0},""SR4_price_location"":{""score"":30.473669552505022},""SR5_reaction"":{""value"":1.5563178847422985,""score"":77.81589423711492},""_score"":58.96,""_levels_found"":6,""_target_level"":221.5726},""volume"":{""V1_rvol_day"":{""value"":0.27414743979966055,""score"":0},""V2_rvol_sameslot"":{""value"":0.5629289161372977,""score"":4.195261075819845,""status"":""ok""},""V3_breakout_bar"":{""value"":0.4476220209088967,""score"":0},""V4_base_dryup"":{""value"":1.1781418893678977,""score"":32.18581106321024},""V5_bo_expansion"":{""value"":0.27414743979966055,""score"":0},""_score"":7.28},""readiness"":{""_distance_atr"":4.036,""BR1_atr_distance"":{""score"":0},""BR2_compression"":{""score"":60.623928437703526},""BR3_retest"":{""score"":50.0},""BR4_bo_age"":{""score"":50.0},""_score"":32.66},""risk"":{""R1_stop_clarity"":{""score"":7.086411342686517},""R2_stop_distance_pct"":{""value"":3.8276096965141364,""score"":100.0},""R3_stop_distance_atr"":{""value"":1.2141474889830313,""score"":85.70737444915156},""R4_rr_potential"":{""value"":5.250722618733474,""score"":100.0},""_score"":65.34},""market"":{""M1_spy_regime"":{""score"":100.0},""M3_earnings_risk"":{""value"":null,""score"":80.0},""M4_vix"":{""value"":null,""score"":60.0},""_score"":84.0},""liquidity"":{""L1_price"":{""value"":212.86,""score"":100.0},""L2_dollar_vol"":{""value"":273928042.030841,""score"":100.0},""L3_spread_proxy"":{""value"":0.017260171004416076,""score"":82.73982899558392},""L4_volume_zscore"":{""value"":-2.7326708182701083,""score"":100.0},""_score"":98.27},""pattern_structure"":{""first_base_low"":186.76,""first_base_top"":202.46,""first_base_bars"":53,""second_base_low"":207.83,""second_base_top"":239.94,""second_base_bars"":34,""structural_low"":207.83,""stacking_overlap_pct"":-0.026523757779314455,""current_price"":212.86,""neckline_distance_pct"":0.12721976886216285,""base_bars"":34},""pattern_geometry_features"":{""first_base_depth_pct"":0.07754618196186909,""second_base_depth_pct"":0.13382512294740345,""second_dry_up_ratio"":0.9358515849020673,""rim_advance_pct"":0.185122987256742,""atr_pct"":0.03152508020026577},""_schema_version"":""1.0""}",,,,,,,,,,
20260608T171746Z-5e850b,2026-06-08T17:17:46.036346+00:00,MOD,vcp,absent,48.66,74.9,35.0,61.2,43.0,13.7,36.4,40.0,84.0,96.1,11.23,8.75,7.35,5.15,1.78,2.55,2.0,5.04,4.8,False,,274.69,294.055,228.8254,273.6299,"{""trend"":{""T1_ema_stack"":{""value"":[false,true,true],""score"":66.66666666666666},""T2_ema50_slope"":{""value"":0.42999598240434356,""score"":100},""T3_high_proximity"":{""value"":0.8950764117436215,""score"":47.53820587181073},""T4_rs_1m"":{""value"":0.005459259967480312,""score"":55.459259967480314},""T5_rs_3m"":{""value"":0.2732725232345694,""score"":100},""T6_adr_healthy"":{""value"":7.243777603611037,""score"":100.0},""_score"":74.89},""geometry"":{""sub_contraction_count"":100.0,""sub_reduction_rate"":0,""sub_pivot_tightness"":0,""sub_volume_dryup"":0,""sub_base_depth"":0.0,""sub_base_duration"":100.0,""_score"":35.0},""compression"":{""VC1_atr_ratio"":{""value"":0.5704490492979177,""score"":100},""VC2_range_contraction"":{""value"":1.307905064713991,""score"":0},""VC3_range_pct_rank"":{""score"":85.0},""_score"":61.25},""sr_quality"":{""SR1_touches"":{""value"":2,""score"":25.0},""SR2_tightness"":{""value"":3.3774999999999977,""score"":72.39234342208248},""SR3_recency"":{""value"":240,""score"":0.0},""SR4_price_location"":{""score"":48.46241503753094},""SR5_reaction"":{""value"":1.6630987193398679,""score"":83.15493596699339},""_score"":42.95,""_levels_found"":7,""_target_level"":290.6775},""volume"":{""V1_rvol_day"":{""value"":0.2749440323986073,""score"":0},""V2_rvol_sameslot"":{""value"":0.3969337848689989,""score"":0,""status"":""ok""},""V3_breakout_bar"":{""value"":0.507861875033721,""score"":0.5241250022480697},""V4_base_dryup"":{""value"":0.8223699756987215,""score"":67.76300243012784},""V5_bo_expansion"":{""value"":0.2749440323986073,""score"":0},""_score"":13.68},""readiness"":{""_distance_atr"":0.791,""BR1_atr_distance"":{""score"":47.23688431962758},""BR2_compression"":{""score"":0},""BR3_retest"":{""score"":50.0},""BR4_bo_age"":{""score"":50.0},""_score"":36.39},""risk"":{""R1_stop_clarity"":{""score"":71.51648796277556},""R2_stop_distance_pct"":{""value"":16.696840620335653,""score"":0.0},""R3_stop_distance_atr"":{""value"":1.8744822900254823,""score"":100.0},""R4_rr_potential"":{""value"":-0.023113711250397316,""score"":0.0},""_score"":40.03},""market"":{""M1_spy_regime"":{""score"":100.0},""M3_earnings_risk"":{""value"":null,""score"":80.0},""M4_vix"":{""value"":null,""score"":60.0},""_score"":84.0},""liquidity"":{""L1_price"":{""value"":274.69,""score"":100.0},""L2_dollar_vol"":{""value"":105426883.89701052,""score"":100.0},""L3_spread_proxy"":{""value"":0.03917142961156209,""score"":60.8285703884379},""L4_volume_zscore"":{""value"":-1.4415587513695318,""score"":100.0},""_score"":96.08},""pattern_structure"":{""n_contractions"":5,""contractions_pct"":[11.27,16.42,10.72,12.31,21.0],""descending_strict"":false,""final_low"":232.3101,""final_pivot"":294.055,""structural_low"":232.3101,""dry_up_ratio"":1.5186151637321155,""current_price"":274.69,""neckline_distance_pct"":0.07049765189850381,""base_bars"":49},""pattern_geometry_features"":{""contraction_count"":5.0,""first_contraction_pct"":0.11267904759657361,""last_contraction_pct"":0.20997738518304399,""dry_up_ratio"":1.5186151637321155,""near_monotone"":0.0,""base_depth_pct"":-0.09639710220166607},""_schema_version"":""1.0""}",,,,,,,,,,
20260608T171746Z-5e850b,2026-06-08T17:17:46.036346+00:00,NVDA,cup_with_handle,absent,48.6,62.9,47.5,39.1,44.2,15.1,28.9,75.0,84.0,97.8,8.81,14.24,3.13,5.31,1.96,2.31,3.75,4.2,4.89,True,risk_unclear,208.04,216.825,191.8189,264.7449,"{""trend"":{""T1_ema_stack"":{""value"":[false,true,true],""score"":66.66666666666666},""T2_ema50_slope"":{""value"":0.31738498038905744,""score"":100},""T3_high_proximity"":{""value"":0.8824976669211843,""score"":41.2488334605921},""T4_rs_1m"":{""value"":-0.029590973699400003,""score"":20.409026300599997},""T5_rs_3m"":{""value"":0.04614041203060548,""score"":73.07020601530274},""T6_adr_healthy"":{""value"":3.5219962900373427,""score"":100.0},""_score"":62.9},""geometry"":{""sub_cup_depth"":100.0,""sub_cup_duration"":0.0,""sub_rim_symmetry"":56.3,""sub_handle_shallowness"":15.1,""sub_handle_proportion"":85.2,""sub_u_shape"":31.1,""_score"":47.47},""compression"":{""VC1_atr_ratio"":{""value"":0.78779195207667,""score"":53.0520119808325},""VC2_range_contraction"":{""value"":1.021402292273739,""score"":0},""VC3_range_pct_rank"":{""score"":71.66666666666667},""_score"":39.14},""sr_quality"":{""SR1_touches"":{""value"":2,""score"":25.0},""SR2_tightness"":{""value"":0.2046500000000009,""score"":94.99431748197622},""SR3_recency"":{""value"":255,""score"":0.0},""SR4_price_location"":{""score"":30.0},""SR5_reaction"":{""value"":2.604612055673826,""score"":100},""_score"":44.25,""_levels_found"":4,""_target_level"":197.4253},""volume"":{""V1_rvol_day"":{""value"":0.4615361539613913,""score"":0},""V2_rvol_sameslot"":{""value"":0.9406410596108267,""score"":29.376070640721778,""status"":""ok""},""V3_breakout_bar"":{""value"":0.64977641361382,""score"":9.985094240921333},""V4_base_dryup"":{""value"":1.1642161745177968,""score"":33.57838254822032},""V5_bo_expansion"":{""value"":0.4615361539613913,""score"":0},""_score"":15.09},""readiness"":{""_distance_atr"":1.074,""BR1_atr_distance"":{""score"":28.37377486629414},""BR2_compression"":{""score"":0},""BR3_retest"":{""score"":50.0},""BR4_bo_age"":{""score"":50.0},""_score"":28.85},""risk"":{""R1_stop_clarity"":{""score"":28.550700203277884},""R2_stop_distance_pct"":{""value"":7.797106325706585,""score"":100.0},""R3_stop_distance_atr"":{""value"":1.9838181454462518,""score"":100.0},""R4_rr_potential"":{""value"":3.495749363483368,""score"":100.0},""_score"":74.99},""market"":{""M1_spy_regime"":{""score"":100.0},""M3_earnings_risk"":{""value"":null,""score"":80.0},""M4_vix"":{""value"":null,""score"":60.0},""_score"":84.0},""liquidity"":{""L1_price"":{""value"":208.04,""score"":100.0},""L2_dollar_vol"":{""value"":16801510876.14326,""score"":100.0},""L3_spread_proxy"":{""value"":0.021486252643722357,""score"":78.51374735627765},""L4_volume_zscore"":{""value"":-2.3287228811387712,""score"":100.0},""_score"":97.85},""pattern_structure"":{""left_rim"":212.1899,""left_rim_idx"":28,""cup_bottom"":164.27,""cup_bottom_idx"":131,""right_rim"":216.825,""right_rim_idx"":150,""handle_low"":194.74,""handle_bars"":29,""cup_bars"":122,""structural_low"":194.74,""current_price"":208.04,""neckline_distance_pct"":0.04222745625841183,""base_bars"":151},""pattern_geometry_features"":{""cup_depth_pct"":0.2258349714100435,""rim_symmetry_pct"":0.021844112278671106,""handle_depth_pct"":0.10185633575464074,""handle_to_cup_ratio"":0.23770491803278687,""cup_duration_bars"":122.0,""atr_pct"":0.039303533661109134,""u_shape_score"":0.1557377049180328},""_schema_version"":""1.0""}",,,,,,,,,,
20260608T171746Z-5e850b,2026-06-08T17:17:46.036346+00:00,AOSL,vcp,setup,48.53,87.1,35.0,23.9,43.2,24.3,62.0,42.7,84.0,79.7,13.06,8.75,2.87,5.18,3.16,4.34,2.14,5.04,3.99,False,,45.301,43.6,35.8047,29.37,"{""trend"":{""T1_ema_stack"":{""value"":[true,true,true],""score"":100.0},""T2_ema50_slope"":{""value"":0.8033893034530256,""score"":100},""T3_high_proximity"":{""value"":0.8496061515378845,""score"":24.80307576894225},""T4_rs_1m"":{""value"":0.19673097119967276,""score"":100},""T5_rs_3m"":{""value"":1.1892976252110354,""score"":100},""T6_adr_healthy"":{""value"":9.329528784011472,""score"":66.76178039971319},""_score"":87.06},""geometry"":{""sub_contraction_count"":100.0,""sub_reduction_rate"":0,""sub_pivot_tightness"":0,""sub_volume_dryup"":0,""sub_base_depth"":0.0,""sub_base_duration"":100.0,""_score"":35.0},""compression"":{""VC1_atr_ratio"":{""value"":0.8607847838200215,""score"":34.803804044994614},""VC2_range_contraction"":{""value"":1.341580363062726,""score"":0},""VC3_range_pct_rank"":{""score"":40.0},""_score"":23.92},""sr_quality"":{""SR1_touches"":{""value"":3,""score"":50.0},""SR2_tightness"":{""value"":1.2428326096283275,""score"":52.635243246519146},""SR3_recency"":{""value"":229,""score"":0.0},""SR4_price_location"":{""score"":30.0},""SR5_reaction"":{""value"":1.7066947594217574,""score"":85.33473797108788},""_score"":43.2,""_levels_found"":3,""_target_level"":44.2333},""volume"":{""V1_rvol_day"":{""value"":0.43624480149204375,""score"":0},""V2_rvol_sameslot"":{""value"":1.5747361362957704,""score"":71.64907575305136,""status"":""ok""},""V3_breakout_bar"":{""value"":1.100841964906836,""score"":40.05613099378906},""V4_base_dryup"":{""value"":3.1380190688267344,""score"":0},""V5_bo_expansion"":{""value"":0.43624480149204375,""score"":0},""_score"":24.34},""readiness"":{""_distance_atr"":-0.324,""BR1_atr_distance"":{""score"":100.0},""BR2_compression"":{""score"":17.83338678718153},""BR3_retest"":{""score"":50.0},""BR4_bo_age"":{""score"":50.0},""_score"":61.96},""risk"":{""R1_stop_clarity"":{""score"":79.22034438124471},""R2_stop_distance_pct"":{""value"":20.962561532858,""score"":0.0},""R3_stop_distance_atr"":{""value"":1.809525948368674,""score"":100.0},""R4_rr_potential"":{""value"":-1.6776095827300246,""score"":0.0},""_score"":42.73},""market"":{""M1_spy_regime"":{""score"":100.0},""M3_earnings_risk"":{""value"":null,""score"":80.0},""M4_vix"":{""value"":null,""score"":60.0},""_score"":84.0},""liquidity"":{""L1_price"":{""value"":45.301,""score"":100.0},""L2_dollar_vol"":{""value"":19690818.87851315,""score"":64.71318887197613},""L3_spread_proxy"":{""value"":0.061588044414030575,""score"":38.41195558596942},""L4_volume_zscore"":{""value"":-1.4729423867664142,""score"":100.0},""_score"":79.73},""pattern_structure"":{""n_contractions"":5,""contractions_pct"":[8.05,12.46,18.29,29.96,16.63],""descending_strict"":false,""final_low"":36.35,""final_pivot"":43.6,""structural_low"":36.35,""dry_up_ratio"":1.027681454174413,""current_price"":45.301,""neckline_distance_pct"":-0.037548839981457374,""base_bars"":45},""pattern_geometry_features"":{""contraction_count"":5.0,""first_contraction_pct"":0.08047016274864381,""last_contraction_pct"":0.16628440366972477,""dry_up_ratio"":1.027681454174413,""near_monotone"":0.0,""base_depth_pct"":-0.6433092224231465},""_schema_version"":""1.0""}",,,,,,,,,,
20260608T171746Z-5e850b,2026-06-08T17:17:46.036346+00:00,GOOG,double_bottom,absent,48.42,62.5,47.8,57.8,40.5,21.0,17.5,45.3,84.0,98.5,9.38,11.94,4.62,5.67,2.74,1.4,2.72,5.04,4.92,True,risk_unclear,358.68,390.0,356.4025,418.17,"{""trend"":{""T1_ema_stack"":{""value"":[false,true,true],""score"":66.66666666666666},""T2_ema50_slope"":{""value"":0.3288365215302585,""score"":100},""T3_high_proximity"":{""value"":0.8988572574178026,""score"":49.4286287089013},""T4_rs_1m"":{""value"":-0.10587013804117229,""score"":0},""T5_rs_3m"":{""value"":0.07924993657670187,""score"":89.62496828835094},""T6_adr_healthy"":{""value"":2.396075518381264,""score"":100.0},""_score"":62.52},""geometry"":{""sub_low_similarity"":7.5,""sub_bounce_quality"":68.4,""sub_separation_fit"":0.0,""sub_right_bottom_reaction"":78.8,""sub_base_context"":100.0,""_score"":47.75},""compression"":{""VC1_atr_ratio"":{""value"":0.6655192885627362,""score"":83.62017785931593},""VC2_range_contraction"":{""value"":0.9473545160638172,""score"":8.774247322697141},""VC3_range_pct_rank"":{""score"":85.0},""_score"":57.77},""sr_quality"":{""SR1_touches"":{""value"":2,""score"":25.0},""SR2_tightness"":{""value"":0.7300000000000182,""score"":84.79252661307805},""SR3_recency"":{""value"":234,""score"":0.0},""SR4_price_location"":{""score"":24.003741814780224},""SR5_reaction"":{""value"":1.9004133694820826,""score"":95.02066847410413},""_score"":40.47,""_levels_found"":7,""_target_level"":378.99},""volume"":{""V1_rvol_day"":{""value"":0.4656632036854636,""score"":0},""V2_rvol_sameslot"":{""value"":1.0274149872499887,""score"":35.16099914999924,""status"":""ok""},""V3_breakout_bar"":{""value"":0.6038883590747917,""score"":6.925890604986111},""V4_base_dryup"":{""value"":0.886121808008293,""score"":61.3878191991707},""V5_bo_expansion"":{""value"":0.46566320368546366,""score"":0},""_score"":21.04},""readiness"":{""_distance_atr"":3.262,""BR1_atr_distance"":{""score"":0},""BR2_compression"":{""score"":0},""BR3_retest"":{""score"":50.0},""BR4_bo_age"":{""score"":50.0},""_score"":17.5},""risk"":{""R1_stop_clarity"":{""score"":0},""R2_stop_distance_pct"":{""value"":0.6349531615925181,""score"":65.87382903981296},""R3_stop_distance_atr"":{""value"":0.23722096071948767,""score"":36.861048035974385},""R4_rr_potential"":{""value"":26.121319897253002,""score"":100.0},""_score"":45.29},""market"":{""M1_spy_regime"":{""score"":100.0},""M3_earnings_risk"":{""value"":null,""score"":80.0},""M4_vix"":{""value"":null,""score"":60.0},""_score"":84.0},""liquidity"":{""L1_price"":{""value"":358.68,""score"":100.0},""L2_dollar_vol"":{""value"":3691781591.596056,""score"":100.0},""L3_spread_proxy"":{""value"":0.015306122448979618,""score"":84.69387755102038},""L4_volume_zscore"":{""value"":-1.1319338055770325,""score"":100.0},""_score"":98.47},""pattern_structure"":{""left_low"":378.97,""left_idx"":22,""right_low"":361.83,""right_idx"":71,""separation_bars"":49,""structural_low"":361.83,""current_price"":359.16,""neckline_distance_pct"":0.08586702305379211,""base_bars"":49},""pattern_geometry_features"":{""low_similarity_pct"":0.04627429805615563,""bounce_pct"":0.07785424094187883,""right_bottom_reaction"":0.7883310719131613,""atr_pct"":0.026766317768325137},""_schema_version"":""1.0""}",,,,,,,,,,
20260608T171746Z-5e850b,2026-06-08T17:17:46.036346+00:00,NVT,ascending_triangle,absent,48.35,68.1,37.0,52.5,47.8,23.4,17.5,69.4,84.0,96.6,10.22,10.37,4.2,6.69,2.81,1.4,2.77,5.04,4.83,False,,162.55,178.0,158.6934,194.8899,"{""trend"":{""T1_ema_stack"":{""value"":[false,true,true],""score"":66.66666666666666},""T2_ema50_slope"":{""value"":0.5475488795117636,""score"":100},""T3_high_proximity"":{""value"":0.921537502125971,""score"":60.76875106298546},""T4_rs_1m"":{""value"":-0.03830210885811047,""score"":11.697891141889528},""T5_rs_3m"":{""value"":0.4104144635349023,""score"":100},""T6_adr_healthy"":{""value"":3.9515136473771784,""score"":100.0},""_score"":68.12},""geometry"":{""sub_flat_top_quality"":66.7,""sub_hl_slope"":6.8,""sub_compression"":0,""sub_duration"":100.0,""_score"":37.05},""compression"":{""VC1_atr_ratio"":{""value"":0.508456564901594,""score"":100},""VC2_range_contraction"":{""value"":1.0371063646879362,""score"":0},""VC3_range_pct_rank"":{""score"":50.0},""_score"":52.5},""sr_quality"":{""SR1_touches"":{""value"":2,""score"":25.0},""SR2_tightness"":{""value"":1.5,""score"":58.53645534080073},""SR3_recency"":{""value"":228,""score"":0.0},""SR4_price_location"":{""score"":66.13633825792704},""SR5_reaction"":{""value"":2.2058605758694023,""score"":100},""_score"":47.81,""_levels_found"":7,""_target_level"":176.5},""volume"":{""V1_rvol_day"":{""value"":0.4995488981605943,""score"":0},""V2_rvol_sameslot"":{""value"":1.0065921214323263,""score"":33.77280809548842,""status"":""ok""},""V3_breakout_bar"":{""value"":0.7586539549693978,""score"":17.243596997959855},""V4_base_dryup"":{""value"":0.8809111687382947,""score"":61.90888312617054},""V5_bo_expansion"":{""value"":0.4995488981605943,""score"":0},""_score"":23.45},""readiness"":{""_distance_atr"":2.135,""BR1_atr_distance"":{""score"":0},""BR2_compression"":{""score"":0},""BR3_retest"":{""score"":50.0},""BR4_bo_age"":{""score"":50.0},""_score"":17.5},""risk"":{""R1_stop_clarity"":{""score"":33.19804173601939},""R2_stop_distance_pct"":{""value"":2.3725324515533823,""score"":100.0},""R3_stop_distance_atr"":{""value"":0.5330209845025096,""score"":51.651049225125476},""R4_rr_potential"":{""value"":8.385704171200567,""score"":100.0},""_score"":69.37},""market"":{""M1_spy_regime"":{""score"":100.0},""M3_earnings_risk"":{""value"":null,""score"":80.0},""M4_vix"":{""value"":null,""score"":60.0},""_score"":84.0},""liquidity"":{""L1_price"":{""value"":162.55,""score"":100.0},""L2_dollar_vol"":{""value"":144744856.3828472,""score"":100.0},""L3_spread_proxy"":{""value"":0.03365118425099968,""score"":66.34881574900032},""L4_volume_zscore"":{""value"":-2.106910533266483,""score"":100.0},""_score"":96.63},""pattern_structure"":{""top"":178.0,""top_touches"":3,""low_slope_per_bar"":0.0328351048702451,""lowest_low"":161.1101,""structural_low"":161.1101,""current_price"":163.5,""neckline_distance_pct"":0.08868501529051988,""base_bars"":41},""pattern_geometry_features"":{""top_touches"":3.0,""low_slope"":0.0328351048702451,""compression"":-0.06780303622519845,""atr_pct"":0.044511051544579704},""_schema_version"":""1.0""}",,,,,,,,,,
20260608T171746Z-5e850b,2026-06-08T17:17:46.036346+00:00,MSFT,double_bottom,forming,48.23,36.2,57.6,11.7,77.0,20.0,17.5,45.8,84.0,97.9,5.43,14.4,0.93,10.78,2.61,1.4,2.75,5.04,4.9,True,risk_unclear,408.925,466.32,406.9232,519.52,"{""trend"":{""T1_ema_stack"":{""value"":[false,true,false],""score"":33.33333333333333},""T2_ema50_slope"":{""value"":0.12229643700891649,""score"":70.38273950148609},""T3_high_proximity"":{""value"":0.8879636063580301,""score"":43.98180317901501},""T4_rs_1m"":{""value"":-0.04138240684310568,""score"":8.617593156894323},""T5_rs_3m"":{""value"":-0.09405325318330193,""score"":2.9733734083490333},""T6_adr_healthy"":{""value"":2.6109459351640987,""score"":100.0},""_score"":36.18},""geometry"":{""sub_low_similarity"":46.8,""sub_bounce_quality"":100,""sub_separation_fit"":40.0,""sub_right_bottom_reaction"":77.2,""sub_base_context"":30.0,""_score"":57.62},""compression"":{""VC1_atr_ratio"":{""value"":1.0094612451338592,""score"":0},""VC2_range_contraction"":{""value"":1.1735412275694563,""score"":0},""VC3_range_pct_rank"":{""score"":46.666666666666664},""_score"":11.67},""sr_quality"":{""SR1_touches"":{""value"":6,""score"":100},""SR2_tightness"":{""value"":2.666539976573883,""score"":59.7719828663238},""SR3_recency"":{""value"":232,""score"":0.0},""SR4_price_location"":{""score"":94.46643903213737},""SR5_reaction"":{""value"":1.9199708189340743,""score"":95.99854094670371},""_score"":76.98,""_levels_found"":6,""_target_level"":409.6567},""volume"":{""V1_rvol_day"":{""value"":0.40154358952935326,""score"":0},""V2_rvol_sameslot"":{""value"":1.0283276918390944,""score"":35.2218461226063,""status"":""ok""},""V3_breakout_bar"":{""value"":0.7864393881218493,""score"":19.09595920812329},""V4_base_dryup"":{""value"":1.0887668560336181,""score"":41.123314396638186},""V5_bo_expansion"":{""value"":0.4015435895293533,""score"":0},""_score"":20.04},""readiness"":{""_distance_atr"":4.329,""BR1_atr_distance"":{""score"":0},""BR2_compression"":{""score"":0},""BR3_retest"":{""score"":50.0},""BR4_bo_age"":{""score"":50.0},""_score"":17.5},""risk"":{""R1_stop_clarity"":{""score"":6.513692363892645},""R2_stop_distance_pct"":{""value"":0.4895274194534457,""score"":62.23818548633614},""R3_stop_distance_atr"":{""value"":0.15099800754095669,""score"":32.549900377047834},""R4_rr_potential"":{""value"":55.24777700069927,""score"":100.0},""_score"":45.83},""market"":{""M1_spy_regime"":{""score"":100.0},""M3_earnings_risk"":{""value"":null,""score"":80.0},""M4_vix"":{""value"":null,""score"":60.0},""_score"":84.0},""liquidity"":{""L1_price"":{""value"":408.925,""score"":100.0},""L2_dollar_vol"":{""value"":5921231006.252306,""score"":100.0},""L3_spread_proxy"":{""value"":0.020761508834138232,""score"":79.23849116586177},""L4_volume_zscore"":{""value"":-1.5631602463392416,""score"":100.0},""_score"":97.92},""pattern_structure"":{""left_low"":413.12,""left_idx"":23,""right_low"":424.25,""right_idx"":62,""separation_bars"":39,""structural_low"":413.12,""current_price"":410.49,""neckline_distance_pct"":0.1360081853394723,""base_bars"":39},""pattern_geometry_features"":{""low_similarity_pct"":0.026583230829860145,""bounce_pct"":0.12877614252517425,""right_bottom_reaction"":0.7721518987342023,""atr_pct"":0.03241946217870897},""_schema_version"":""1.0""}",,,,,,,,,,
20260608T171746Z-5e850b,2026-06-08T17:17:46.036346+00:00,TT,bull_flag,absent,48.09,50.9,40.0,69.6,57.4,15.0,33.6,62.8,84.0,98.2,7.12,12.01,6.26,5.74,2.11,3.02,1.88,5.04,4.91,True,risk_unclear,460.02,471.79,445.3481,502.6253,"{""trend"":{""T1_ema_stack"":{""value"":[false,true,true],""score"":66.66666666666666},""T2_ema50_slope"":{""value"":-0.00831499583026279,""score"":48.61416736162287},""T3_high_proximity"":{""value"":0.9339749055914239,""score"":66.98745279571195},""T4_rs_1m"":{""value"":-0.03406984682969272,""score"":15.930153170307278},""T5_rs_3m"":{""value"":-0.0168487863110085,""score"":41.57560684449575},""T6_adr_healthy"":{""value"":2.1705562019635534,""score"":100.0},""_score"":50.86},""geometry"":{""sub_pole_impulse"":47.9,""sub_flag_tightness"":5.1,""sub_flag_shallowness"":0,""sub_flag_drift"":95.9,""sub_flag_duration"":100.0,""_score"":40.03},""compression"":{""VC1_atr_ratio"":{""value"":0.3881848689208997,""score"":100},""VC2_range_contraction"":{""value"":0.7998752683326682,""score"":33.3541219445553},""VC3_range_pct_rank"":{""score"":71.66666666666667},""_score"":69.59},""sr_quality"":{""SR1_touches"":{""value"":4,""score"":75.0},""SR2_tightness"":{""value"":2.7808775031453687,""score"":49.57114669487588},""SR3_recency"":{""value"":227,""score"":0.0},""SR4_price_location"":{""score"":49.93855984271316},""SR5_reaction"":{""value"":2.957386903343245,""score"":100},""_score"":57.42,""_levels_found"":8,""_target_level"":467.6587},""volume"":{""V1_rvol_day"":{""value"":0.2704401434457126,""score"":0},""V2_rvol_sameslot"":{""value"":0.6612090311621452,""score"":10.747268744143017,""status"":""ok""},""V3_breakout_bar"":{""value"":0.6337202799931702,""score"":8.91468533287801},""V4_base_dryup"":{""value"":0.9668795159800458,""score"":53.31204840199541},""V5_bo_expansion"":{""value"":0.2704401434457126,""score"":0},""_score"":15.04},""readiness"":{""_distance_atr"":1.067,""BR1_atr_distance"":{""score"":28.85367985105796},""BR2_compression"":{""score"":18.068159416276337},""BR3_retest"":{""score"":50.0},""BR4_bo_age"":{""score"":50.0},""_score"":33.56},""risk"":{""R1_stop_clarity"":{""score"":0},""R2_stop_distance_pct"":{""value"":3.1894156775792317,""score"":100.0},""R3_stop_distance_atr"":{""value"":1.330316803622683,""score"":91.51584018113414},""R4_rr_potential"":{""value"":2.9038607683368682,""score"":95.19303841684341},""_score"":62.77},""market"":{""M1_spy_regime"":{""score"":100.0},""M3_earnings_risk"":{""value"":null,""score"":80.0},""M4_vix"":{""value"":null,""score"":60.0},""_score"":84.0},""liquidity"":{""L1_price"":{""value"":460.02,""score"":100.0},""L2_dollar_vol"":{""value"":166080171.95234388,""score"":100.0},""L3_spread_proxy"":{""value"":0.018140515629755164,""score"":81.85948437024484},""L4_volume_zscore"":{""value"":-2.09882012395942,""score"":100.0},""_score"":98.19},""pattern_structure"":{""pole_low"":440.9547,""pole_low_idx"":27,""peak_price"":471.79,""peak_idx"":40,""pole_gain"":0.06992849832420432,""flag_bars"":19,""flag_low"":452.13,""flag_high"":470.92,""structural_low"":452.13,""current_price"":462.28,""neckline_distance_pct"":0.02057194773730217,""base_bars"":19},""pattern_geometry_features"":{""pole_gain"":0.06992849832420432,""pullback_pct"":0.04167108247313429,""flag_range_pct"":0.03982704169227839,""flag_drift_per_bar"":-0.0008104471505839179,""atr_pct"":0.023974858235977333,""pole_atr_multiple"":2.916742932780628},""_schema_version"":""1.0""}",,,,,,,,,,
20260608T171746Z-5e850b,2026-06-08T17:17:46.036346+00:00,ANET,vcp,setup,48.08,73.5,49.0,41.3,42.8,5.6,36.0,32.5,84.0,96.2,11.02,12.25,4.95,5.13,0.73,2.52,1.62,5.04,4.81,False,,157.35,147.89,134.945,152.66,"{""trend"":{""T1_ema_stack"":{""value"":[false,true,true],""score"":66.66666666666666},""T2_ema50_slope"":{""value"":0.11484601360560165,""score"":69.14100226760027},""T3_high_proximity"":{""value"":0.8853316828897766,""score"":42.66584144488827},""T4_rs_1m"":{""value"":0.09682127441497568,""score"":100},""T5_rs_3m"":{""value"":0.05424809484284632,""score"":77.12404742142316},""T6_adr_healthy"":{""value"":4.522244418844602,""score"":100.0},""_score"":73.46},""geometry"":{""sub_contraction_count"":100.0,""sub_reduction_rate"":0,""sub_pivot_tightness"":37.7,""sub_volume_dryup"":55.7,""sub_base_depth"":0.0,""sub_base_duration"":100.0,""_score"":49.01},""compression"":{""VC1_atr_ratio"":{""value"":0.7255587530035846,""score"":68.61031174910383},""VC2_range_contraction"":{""value"":0.9948520630223393,""score"":0.8579894962767824},""VC3_range_pct_rank"":{""score"":54.16666666666667},""_score"":41.29},""sr_quality"":{""SR1_touches"":{""value"":2,""score"":25.0},""SR2_tightness"":{""value"":0.3500000000000085,""score"":91.46804478057618},""SR3_recency"":{""value"":248,""score"":0.0},""SR4_price_location"":{""score"":26.243186116364477},""SR5_reaction"":{""value"":3.7491848935638608,""score"":100},""_score"":42.78,""_levels_found"":5,""_target_level"":179.45},""volume"":{""V1_rvol_day"":{""value"":0.30006314642698195,""score"":0},""V2_rvol_sameslot"":{""value"":0.4690172866295665,""score"":0,""status"":""ok""},""V3_breakout_bar"":{""value"":0.4591984167800735,""score"":0},""V4_base_dryup"":{""value"":1.218356346117388,""score"":28.16436538826119},""V5_bo_expansion"":{""value"":0.300063146426982,""score"":0},""_score"":5.63},""readiness"":{""_distance_atr"":-1.153,""BR1_atr_distance"":{""score"":36.93934389264359},""BR2_compression"":{""score"":14.72446428451137},""BR3_retest"":{""score"":50.0},""BR4_bo_age"":{""score"":50.0},""_score"":35.96},""risk"":{""R1_stop_clarity"":{""score"":49.905234354526925},""R2_stop_distance_pct"":{""value"":14.238957737527805,""score"":0.0},""R3_stop_distance_atr"":{""value"":2.7308350955883713,""score"":100.0},""R4_rr_potential"":{""value"":-0.20932827493862965,""score"":0.0},""_score"":32.47},""market"":{""M1_spy_regime"":{""score"":100.0},""M3_earnings_risk"":{""value"":null,""score"":80.0},""M4_vix"":{""value"":null,""score"":60.0},""_score"":84.0},""liquidity"":{""L1_price"":{""value"":157.35,""score"":100.0},""L2_dollar_vol"":{""value"":501369295.6916643,""score"":100.0},""L3_spread_proxy"":{""value"":0.037988560533841705,""score"":62.01143946615829},""L4_volume_zscore"":{""value"":-2.1311660219467248,""score"":100.0},""_score"":96.2},""pattern_structure"":{""n_contractions"":5,""contractions_pct"":[7.94,16.49,9.76,24.55,7.36],""descending_strict"":false,""final_low"":137.0,""final_pivot"":147.89,""structural_low"":137.0,""dry_up_ratio"":0.7213362473206242,""current_price"":157.35,""neckline_distance_pct"":-0.06012074992055932,""base_bars"":49},""pattern_geometry_features"":{""contraction_count"":5.0,""first_contraction_pct"":0.07942441983494405,""last_contraction_pct"":0.07363581039962125,""dry_up_ratio"":0.7213362473206242,""near_monotone"":0.0,""base_depth_pct"":0.03364604641320455},""_schema_version"":""1.0""}",,,,,,,,,,
20260608T171746Z-5e850b,2026-06-08T17:17:46.036346+00:00,KLAC,breakout_retest_hold,setup,48.03,99.3,31.4,11.5,46.4,33.9,35.4,59.9,84.0,68.8,13.9,6.91,0.69,6.5,4.41,6.37,3.0,4.2,2.06,False,,2110.6,1935.0,1920.9465,1924.3,"{""trend"":{""T1_ema_stack"":{""value"":[true,true,true],""score"":100.0},""T2_ema50_slope"":{""value"":0.3563017717973074,""score"":100},""T3_high_proximity"":{""value"":0.990380554643142,""score"":95.19027732157099},""T4_rs_1m"":{""value"":0.18376255123290086,""score"":100},""T5_rs_3m"":{""value"":0.3840049351436401,""score"":100},""T6_adr_healthy"":{""value"":4.328125489080061,""score"":100.0},""_score"":99.28},""geometry"":{""sub_retest_depth"":38.0,""sub_retest_timing"":0.0,""sub_retest_freshness"":100.0,""sub_hold_quality"":0.0,""_score"":31.4},""compression"":{""VC1_atr_ratio"":{""value"":0.9059504597818402,""score"":23.51238505453995},""VC2_range_contraction"":{""value"":1.3121255858965666,""score"":0},""VC3_range_pct_rank"":{""score"":8.333333333333337},""_score"":11.49},""sr_quality"":{""SR1_touches"":{""value"":3,""score"":50.0},""SR2_tightness"":{""value"":21.79669750724225,""score"":59.30007324944238},""SR3_recency"":{""value"":229,""score"":0.0},""SR4_price_location"":{""score"":30.0},""SR5_reaction"":{""value"":2.4426145671352004,""score"":100},""_score"":46.4,""_levels_found"":6,""_target_level"":1912.1567},""volume"":{""V1_rvol_day"":{""value"":0.554875056553818,""score"":3.6583371035878645},""V2_rvol_sameslot"":{""value"":1.8672244432071081,""score"":91.14829621380721,""status"":""ok""},""V3_breakout_bar"":{""value"":0.9729366438862057,""score"":31.52910959241371},""V4_base_dryup"":{""value"":1.1458826300124108,""score"":35.411736998758926},""V5_bo_expansion"":{""value"":0.554875056553818,""score"":0},""_score"":33.93},""readiness"":{""_distance_atr"":-1.639,""BR1_atr_distance"":{""score"":27.211055092069536},""BR2_compression"":{""score"":0},""BR3_retest"":{""score"":100},""BR4_bo_age"":{""score"":30.0},""_score"":35.38},""risk"":{""R1_stop_clarity"":{""score"":63.76877605233297},""R2_stop_distance_pct"":{""value"":8.985762342461866,""score"":75.35594143845334},""R3_stop_distance_atr"":{""value"":1.7706543744579148,""score"":100.0},""R4_rr_potential"":{""value"":-0.9823177531656395,""score"":0.0},""_score"":59.93},""market"":{""M1_spy_regime"":{""score"":100.0},""M3_earnings_risk"":{""value"":null,""score"":80.0},""M4_vix"":{""value"":null,""score"":60.0},""_score"":84.0},""liquidity"":{""L1_price"":{""value"":2110.6,""score"":0.0},""L2_dollar_vol"":{""value"":1151216263.059624,""score"":100.0},""L3_spread_proxy"":{""value"":0.0623756277835687,""score"":37.624372216431304},""L4_volume_zscore"":{""value"":-1.6578652698963763,""score"":100.0},""_score"":68.76},""pattern_structure"":{""level"":1935.0,""level_idx"":47,""breakout_idx"":51,""bo_peak_idx"":70,""bo_peak_price"":2156.69,""retest_idx"":76,""retest_low"":1940.35,""structural_low"":1940.35,""current_price"":2117.68,""neckline_distance_pct"":-0.08626421366778732,""base_bars"":32,""bars_since_breakout"":28},""pattern_geometry_features"":{""retest_depth_atr"":-0.13421798936792603,""bars_breakout_to_retest"":25.0,""bars_since_retest"":3.0,""current_above_level_atr"":4.582979868735163,""bo_peak_excess_pct"":0.11456847545219641,""atr_pct"":0.05074825709683095},""_schema_version"":""1.0""}",,,,,,,,,,
20260608T171746Z-5e850b,2026-06-08T17:17:46.036346+00:00,IBM,bull_flag,forming,47.99,72.2,57.2,6.5,50.6,3.5,28.9,70.7,84.0,96.5,10.11,17.16,0.58,5.06,0.49,2.6,2.12,5.04,4.83,False,,281.41,329.88,276.854,405.09,"{""trend"":{""T1_ema_stack"":{""value"":[true,true,false],""score"":66.66666666666666},""T2_ema50_slope"":{""value"":0.22750846125954394,""score"":87.91807687659065},""T3_high_proximity"":{""value"":0.8547519970841053,""score"":27.37599854205264},""T4_rs_1m"":{""value"":0.20336081605027645,""score"":100},""T5_rs_3m"":{""value"":0.01797494209075201,""score"":58.987471045376004},""T6_adr_healthy"":{""value"":4.371936062248095,""score"":100.0},""_score"":72.2},""geometry"":{""sub_pole_impulse"":95.8,""sub_flag_tightness"":36.3,""sub_flag_shallowness"":0,""sub_flag_drift"":70.9,""sub_flag_duration"":87.5,""_score"":57.2},""compression"":{""VC1_atr_ratio"":{""value"":1.4445440169229773,""score"":0},""VC2_range_contraction"":{""value"":1.879431250422062,""score"":0},""VC3_range_pct_rank"":{""score"":25.83333333333333},""_score"":6.46},""sr_quality"":{""SR1_touches"":{""value"":3,""score"":50.0},""SR2_tightness"":{""value"":2.9896525253316923,""score"":65.24319483001466},""SR3_recency"":{""value"":317,""score"":0.0},""SR4_price_location"":{""score"":68.9098941744581},""SR5_reaction"":{""value"":1.148425458014543,""score"":57.421272900727146},""_score"":50.63,""_levels_found"":6,""_target_level"":291.4967},""volume"":{""V1_rvol_day"":{""value"":0.2741752579402403,""score"":0},""V2_rvol_sameslot"":{""value"":0.6877069245179259,""score"":12.513794967861728,""status"":""ok""},""V3_breakout_bar"":{""value"":0.558893853019816,""score"":3.926256867987732},""V4_base_dryup"":{""value"":1.772949677693546,""score"":0},""V5_bo_expansion"":{""value"":0.27417525794024034,""score"":0},""_score"":3.48},""readiness"":{""_distance_atr"":2.817,""BR1_atr_distance"":{""score"":0},""BR2_compression"":{""score"":45.52470790228688},""BR3_retest"":{""score"":50.0},""BR4_bo_age"":{""score"":50.0},""_score"":28.88},""risk"":{""R1_stop_clarity"":{""score"":50.98544752926883},""R2_stop_distance_pct"":{""value"":1.618972851000317,""score"":90.47432127500792},""R3_stop_distance_atr"":{""value"":0.26483064053043043,""score"":38.24153202652152},""R4_rr_potential"":{""value"":27.146908829033897,""score"":100.0},""_score"":70.72},""market"":{""M1_spy_regime"":{""score"":100.0},""M3_earnings_risk"":{""value"":null,""score"":80.0},""M4_vix"":{""value"":null,""score"":60.0},""_score"":84.0},""liquidity"":{""L1_price"":{""value"":281.41,""score"":100.0},""L2_dollar_vol"":{""value"":939746305.4564545,""score"":100.0},""L3_spread_proxy"":{""value"":0.034469279698660274,""score"":65.53072030133973},""L4_volume_zscore"":{""value"":-1.0510142142655603,""score"":100.0},""_score"":96.55},""pattern_structure"":{""pole_low"":254.67,""pole_low_idx"":13,""peak_price"":329.88,""peak_idx"":38,""pole_gain"":0.29532335964188955,""flag_bars"":21,""flag_low"":281.0701,""flag_high"":318.295,""structural_low"":281.0701,""current_price"":281.69,""neckline_distance_pct"":0.17107458553729277,""base_bars"":21},""pattern_geometry_features"":{""pole_gain"":0.29532335964188955,""pullback_pct"":0.1479625924578634,""flag_range_pct"":0.11284376136777008,""flag_drift_per_bar"":-0.005813335374200153,""atr_pct"":0.06113238437054222,""pole_atr_multiple"":4.830882398629238},""_schema_version"":""1.0""}",,,,,,,,,,
20260608T171746Z-5e850b,2026-06-08T17:17:46.036346+00:00,CSCO,bull_flag,absent,47.98,97.2,41.4,7.9,33.5,25.4,26.8,69.2,84.0,96.5,13.6,12.43,0.71,3.35,3.55,2.41,2.07,5.04,4.82,True,risk_unclear,125.075,130.3656,120.0124,142.4312,"{""trend"":{""T1_ema_stack"":{""value"":[true,true,true],""score"":100.0},""T2_ema50_slope"":{""value"":0.781656143296116,""score"":100},""T3_high_proximity"":{""value"":0.9621153846153846,""score"":81.05769230769228},""T4_rs_1m"":{""value"":0.3439189720009548,""score"":100},""T5_rs_3m"":{""value"":0.5483201987244319,""score"":100},""T6_adr_healthy"":{""value"":3.510411388159002,""score"":100.0},""_score"":97.16},""geometry"":{""sub_pole_impulse"":44.5,""sub_flag_tightness"":12.3,""sub_flag_shallowness"":0,""sub_flag_drift"":100,""sub_flag_duration"":100.0,""_score"":41.42},""compression"":{""VC1_atr_ratio"":{""value"":0.9545363616948926,""score"":11.36590957627684},""VC2_range_contraction"":{""value"":1.316343357853579,""score"":0},""VC3_range_pct_rank"":{""score"":13.33333333333333},""_score"":7.88},""sr_quality"":{""SR1_touches"":{""value"":2,""score"":25.0},""SR2_tightness"":{""value"":0.7000000000000028,""score"":69.50996604094675},""SR3_recency"":{""value"":234,""score"":0.0},""SR4_price_location"":{""score"":30.0},""SR5_reaction"":{""value"":1.0715069077038688,""score"":53.575345385193444},""_score"":33.46,""_levels_found"":6,""_target_level"":120.09},""volume"":{""V1_rvol_day"":{""value"":0.36724869046557684,""score"":0},""V2_rvol_sameslot"":{""value"":1.0458778401427749,""score"":36.39185600951833,""status"":""ok""},""V3_breakout_bar"":{""value"":0.688129096754613,""score"":12.541939783640865},""V4_base_dryup"":{""value"":0.7517870472878304,""score"":74.82129527121695},""V5_bo_expansion"":{""value"":0.3672486904655768,""score"":0},""_score"":25.38},""readiness"":{""_distance_atr"":1.152,""BR1_atr_distance"":{""score"":23.1854411124922},""BR2_compression"":{""score"":0},""BR3_retest"":{""score"":50.0},""BR4_bo_age"":{""score"":50.0},""_score"":26.77},""risk"":{""R1_stop_clarity"":{""score"":20.394877052049125},""R2_stop_distance_pct"":{""value"":4.0476514091545095,""score"":100.0},""R3_stop_distance_atr"":{""value"":1.1025631851507318,""score"":80.1281592575366},""R4_rr_potential"":{""value"":3.4283174653340134,""score"":100.0},""_score"":69.16},""market"":{""M1_spy_regime"":{""score"":100.0},""M3_earnings_risk"":{""value"":null,""score"":80.0},""M4_vix"":{""value"":null,""score"":60.0},""_score"":84.0},""liquidity"":{""L1_price"":{""value"":125.075,""score"":100.0},""L2_dollar_vol"":{""value"":1385242786.7310433,""score"":100.0},""L3_spread_proxy"":{""value"":0.035458724765140934,""score"":64.54127523485906},""L4_volume_zscore"":{""value"":-1.5385782956994114,""score"":100.0},""_score"":96.45},""pattern_structure"":{""pole_low"":118.3,""pole_low_idx"":27,""peak_price"":130.3656,""peak_idx"":50,""pole_gain"":0.10199154691462387,""flag_bars"":9,""flag_low"":121.84,""flag_high"":128.84,""structural_low"":121.84,""current_price"":125.455,""neckline_distance_pct"":0.039142321948108905,""base_bars"":9},""pattern_geometry_features"":{""pole_gain"":0.10199154691462387,""pullback_pct"":0.06539762023110389,""flag_range_pct"":0.053695146572408675,""flag_drift_per_bar"":0.0004968581031711722,""atr_pct"":0.03671128751320637,""pole_atr_multiple"":2.7782067539291244},""_schema_version"":""1.0""}",,,,,,,,,,
20260608T171746Z-5e850b,2026-06-08T17:17:46.036346+00:00,CSCO,vcp,breakout_confirmed,47.85,97.2,46.2,7.9,33.5,22.7,31.6,34.8,84.0,96.5,14.57,11.55,0.95,4.02,2.95,2.21,1.74,5.04,4.82,True,risk_unclear,125.075,119.39,111.8664,85.87,"{""trend"":{""T1_ema_stack"":{""value"":[true,true,true],""score"":100.0},""T2_ema50_slope"":{""value"":0.781656143296116,""score"":100},""T3_high_proximity"":{""value"":0.9621153846153846,""score"":81.05769230769228},""T4_rs_1m"":{""value"":0.3439189720009548,""score"":100},""T5_rs_3m"":{""value"":0.5483201987244319,""score"":100},""T6_adr_healthy"":{""value"":3.510411388159002,""score"":100.0},""_score"":97.16},""geometry"":{""sub_contraction_count"":100.0,""sub_reduction_rate"":0,""sub_pivot_tightness"":73.3,""sub_volume_dryup"":1.4,""sub_base_depth"":0.0,""sub_base_duration"":100.0,""_score"":46.2},""compression"":{""VC1_atr_ratio"":{""value"":0.9545363616948926,""score"":11.36590957627684},""VC2_range_contraction"":{""value"":1.316343357853579,""score"":0},""VC3_range_pct_rank"":{""score"":13.33333333333333},""_score"":7.88},""sr_quality"":{""SR1_touches"":{""value"":2,""score"":25.0},""SR2_tightness"":{""value"":0.7000000000000028,""score"":69.50996604094675},""SR3_recency"":{""value"":234,""score"":0.0},""SR4_price_location"":{""score"":30.0},""SR5_reaction"":{""value"":1.0715069077038688,""score"":53.575345385193444},""_score"":33.46,""_levels_found"":6,""_target_level"":120.09},""volume"":{""V1_rvol_day"":{""value"":0.36724869046557684,""score"":0},""V2_rvol_sameslot"":{""value"":1.0458778401427749,""score"":36.39185600951833,""status"":""ok""},""V3_breakout_bar"":{""value"":0.688129096754613,""score"":12.541939783640865},""V4_base_dryup"":{""value"":0.8848674372714422,""score"":61.51325627285578},""V5_bo_expansion"":{""value"":0.3672486904655768,""score"":0},""_score"":22.72},""readiness"":{""_distance_atr"":-1.238,""BR1_atr_distance"":{""score"":35.237736706111846},""BR2_compression"":{""score"":0},""BR3_retest"":{""score"":50.0},""BR4_bo_age"":{""score"":50.0},""_score"":31.6},""risk"":{""R1_stop_clarity"":{""score"":25.798146641506918},""R2_stop_distance_pct"":{""value"":10.560503697781344,""score"":35.98740755546639},""R3_stop_distance_atr"":{""value"":2.876636700356083,""score"":100.0},""R4_rr_potential"":{""value"":-2.9681532037960223,""score"":0.0},""_score"":34.83},""market"":{""M1_spy_regime"":{""score"":100.0},""M3_earnings_risk"":{""value"":null,""score"":80.0},""M4_vix"":{""value"":null,""score"":60.0},""_score"":84.0},""liquidity"":{""L1_price"":{""value"":125.075,""score"":100.0},""L2_dollar_vol"":{""value"":1385242786.7310433,""score"":100.0},""L3_spread_proxy"":{""value"":0.035458724765140934,""score"":64.54127523485906},""L4_volume_zscore"":{""value"":-1.5385782956994114,""score"":100.0},""_score"":96.45},""pattern_structure"":{""n_contractions"":5,""contractions_pct"":[4.17,8.18,4.59,5.17,4.87],""descending_strict"":false,""final_low"":113.57,""final_pivot"":119.39,""structural_low"":113.57,""dry_up_ratio"":0.9929560849178561,""current_price"":125.075,""neckline_distance_pct"":-0.045452728362982225,""base_bars"":46},""pattern_geometry_features"":{""contraction_count"":5.0,""first_contraction_pct"":0.04172392254840729,""last_contraction_pct"":0.04874780132339398,""dry_up_ratio"":0.9929560849178561,""near_monotone"":0.0,""base_depth_pct"":-0.41873828856964396},""_schema_version"":""1.0""}",,,,,,,,,,
20260608T171746Z-5e850b,2026-06-08T17:17:46.036346+00:00,AXTI,vcp,absent,47.8,51.7,42.3,63.6,40.1,17.5,22.0,71.5,84.0,92.1,7.75,10.57,7.64,4.82,2.27,1.54,3.57,5.04,4.61,False,,92.29,143.16,91.8325,96.959,"{""trend"":{""T1_ema_stack"":{""value"":[false,true,true],""score"":66.66666666666666},""T2_ema50_slope"":{""value"":1.3961639250493998,""score"":100},""T3_high_proximity"":{""value"":0.6553291202158631,""score"":0},""T4_rs_1m"":{""value"":-0.16200492469899308,""score"":0},""T5_rs_3m"":{""value"":1.3005442414301898,""score"":100},""T6_adr_healthy"":{""value"":14.19623790298887,""score"":0.0},""_score"":51.67},""geometry"":{""sub_contraction_count"":100.0,""sub_reduction_rate"":0,""sub_pivot_tightness"":0,""sub_volume_dryup"":48.5,""sub_base_depth"":0.0,""sub_base_duration"":100.0,""_score"":42.27},""compression"":{""VC1_atr_ratio"":{""value"":0.5131143411819776,""score"":100},""VC2_range_contraction"":{""value"":0.9946834138548607,""score"":0.8860976908565503},""VC3_range_pct_rank"":{""score"":93.33333333333333},""_score"":63.64},""sr_quality"":{""SR1_touches"":{""value"":2,""score"":25.0},""SR2_tightness"":{""value"":1.5655000000000001,""score"":80.07104299906388},""SR3_recency"":{""value"":229,""score"":0.0},""SR4_price_location"":{""score"":30.0},""SR5_reaction"":{""value"":1.751946908247417,""score"":87.59734541237086},""_score"":40.15,""_levels_found"":5,""_target_level"":91.6655},""volume"":{""V1_rvol_day"":{""value"":0.43945761750446,""score"":0},""V2_rvol_sameslot"":{""value"":0.5745616225752329,""score"":4.97077483834886,""status"":""ok""},""V3_breakout_bar"":{""value"":0.4879241764363282,""score"":0},""V4_base_dryup"":{""value"":0.6761813450882673,""score"":82.38186549117327},""V5_bo_expansion"":{""value"":0.4394576175044601,""score"":0},""_score"":17.47},""readiness"":{""_distance_atr"":3.238,""BR1_atr_distance"":{""score"":0},""BR2_compression"":{""score"":17.881904748012232},""BR3_retest"":{""score"":50.0},""BR4_bo_age"":{""score"":50.0},""_score"":21.97},""risk"":{""R1_stop_clarity"":{""score"":82.19741370021453},""R2_stop_distance_pct"":{""value"":0.4956820890670856,""score"":62.392052226677144},""R3_stop_distance_atr"":{""value"":0.029117854725115005,""score"":26.45589273625575},""R4_rr_potential"":{""value"":10.206245286524348,""score"":100.0},""_score"":71.46},""market"":{""M1_spy_regime"":{""score"":100.0},""M3_earnings_risk"":{""value"":null,""score"":80.0},""M4_vix"":{""value"":null,""score"":60.0},""_score"":84.0},""liquidity"":{""L1_price"":{""value"":92.29,""score"":100.0},""L2_dollar_vol"":{""value"":350624112.4586303,""score"":100.0},""L3_spread_proxy"":{""value"":0.07866507747318241,""score"":21.334922526817593},""L4_volume_zscore"":{""value"":-2.1435057613008817,""score"":100.0},""_score"":92.13},""pattern_structure"":{""n_contractions"":5,""contractions_pct"":[32.92,44.47,27.84,23.97,34.88],""descending_strict"":false,""final_low"":93.231,""final_pivot"":143.16,""structural_low"":93.231,""dry_up_ratio"":0.7574679873084331,""current_price"":92.29,""neckline_distance_pct"":0.55119731281829,""base_bars"":63},""pattern_geometry_features"":{""contraction_count"":5.0,""first_contraction_pct"":0.329151605358282,""last_contraction_pct"":0.3487636211232188,""dry_up_ratio"":0.7574679873084331,""near_monotone"":0.0,""base_depth_pct"":-0.9823729534339781},""_schema_version"":""1.0""}",,,,,,,,,,
20260608T171746Z-5e850b,2026-06-08T17:17:46.036346+00:00,VSH,bull_flag,absent,47.79,91.5,47.1,1.9,29.8,29.1,17.5,82.6,84.0,90.9,12.81,14.13,0.17,2.98,4.08,1.57,2.48,5.04,4.54,False,,57.0,66.17,53.7416,82.04,"{""trend"":{""T1_ema_stack"":{""value"":[true,true,true],""score"":100.0},""T2_ema50_slope"":{""value"":1.2483900604416873,""score"":100},""T3_high_proximity"":{""value"":0.8910426762544943,""score"":45.52133812724713},""T4_rs_1m"":{""value"":0.7357711259453732,""score"":100},""T5_rs_3m"":{""value"":2.302009281873647,""score"":100},""T6_adr_healthy"":{""value"":8.256291818644831,""score"":93.59270453387923},""_score"":91.51},""geometry"":{""sub_pole_impulse"":59.7,""sub_flag_tightness"":41.0,""sub_flag_shallowness"":0,""sub_flag_drift"":59.5,""sub_flag_duration"":100.0,""_score"":47.09},""compression"":{""VC1_atr_ratio"":{""value"":1.0172569183902769,""score"":0},""VC2_range_contraction"":{""value"":1.6755444120453922,""score"":0},""VC3_range_pct_rank"":{""score"":7.499999999999996},""_score"":1.87},""sr_quality"":{""SR1_touches"":{""value"":2,""score"":25.0},""SR2_tightness"":{""value"":1.1150000000000002,""score"":57.99240849355285},""SR3_recency"":{""value"":252,""score"":0.0},""SR4_price_location"":{""score"":30.0},""SR5_reaction"":{""value"":0.8071862314131214,""score"":40.35931157065607},""_score"":29.75,""_levels_found"":3,""_target_level"":27.365},""volume"":{""V1_rvol_day"":{""value"":0.7680896624273597,""score"":17.872644161823978},""V2_rvol_sameslot"":{""value"":1.6768646376545013,""score"":78.45764251030009,""status"":""ok""},""V3_breakout_bar"":{""value"":0.8526258639860995,""score"":23.508390932406634},""V4_base_dryup"":{""value"":1.301480613415588,""score"":19.8519386584412},""V5_bo_expansion"":{""value"":0.7680896624273597,""score"":0},""_score"":29.11},""readiness"":{""_distance_atr"":1.727,""BR1_atr_distance"":{""score"":0},""BR2_compression"":{""score"":0},""BR3_retest"":{""score"":50.0},""BR4_bo_age"":{""score"":50.0},""_score"":17.5},""risk"":{""R1_stop_clarity"":{""score"":69.16680458396726},""R2_stop_distance_pct"":{""value"":5.716491228070178,""score"":100.0},""R3_stop_distance_atr"":{""value"":0.6138006106036208,""score"":55.69003053018105},""R4_rr_potential"":{""value"":7.684753253130369,""score"":100.0},""_score"":82.56},""market"":{""M1_spy_regime"":{""score"":100.0},""M3_earnings_risk"":{""value"":null,""score"":80.0},""M4_vix"":{""value"":null,""score"":60.0},""_score"":84.0},""liquidity"":{""L1_price"":{""value"":57.0,""score"":100.0},""L2_dollar_vol"":{""value"":355232984.544573,""score"":100.0},""L3_spread_proxy"":{""value"":0.09140350877192983,""score"":8.596491228070164},""L4_volume_zscore"":{""value"":-0.7273019574081112,""score"":100.0},""_score"":90.86},""pattern_structure"":{""pole_low"":50.3,""pole_low_idx"":27,""peak_price"":66.17,""peak_idx"":50,""pole_gain"":0.3155069582504971,""flag_bars"":9,""flag_low"":54.56,""flag_high"":61.9499,""structural_low"":54.56,""current_price"":57.0,""neckline_distance_pct"":0.16087719298245617,""base_bars"":9},""pattern_geometry_features"":{""pole_gain"":0.3155069582504971,""pullback_pct"":0.17545715581079038,""flag_range_pct"":0.1116805198730542,""flag_drift_per_bar"":-0.008093684210526175,""atr_pct"":0.09313270676691728,""pole_atr_multiple"":3.387713824748106},""_schema_version"":""1.0""}",,,,,,,,,,
20260608T171746Z-5e850b,2026-06-08T17:17:46.036346+00:00,GD,tight_consolidation,absent,47.78,38.5,34.5,65.8,48.6,35.3,17.5,58.5,84.0,98.1,6.16,6.9,11.84,4.86,4.59,1.4,2.93,4.2,4.9,True,risk_unclear,341.0928,351.36,329.6401,368.06,"{""trend"":{""T1_ema_stack"":{""value"":[false,false,true],""score"":33.33333333333333},""T2_ema50_slope"":{""value"":-0.005632836943002797,""score"":49.061193842832864},""T3_high_proximity"":{""value"":0.9573459822055067,""score"":78.67299110275333},""T4_rs_1m"":{""value"":-0.03240347828803769,""score"":17.59652171196231},""T5_rs_3m"":{""value"":-0.1505712571450738,""score"":0},""T6_adr_healthy"":{""value"":1.6424004920075959,""score"":100.0},""_score"":38.47},""geometry"":{""sub_tightness"":2.8,""sub_duration"":100.0,""sub_dry_up"":52.9,""sub_location"":25.7,""_score"":34.48},""compression"":{""VC1_atr_ratio"":{""value"":0.5218666049069255,""score"":100},""VC2_range_contraction"":{""value"":0.7687886679789099,""score"":38.535222003515024},""VC3_range_pct_rank"":{""score"":49.16666666666667},""_score"":65.78},""sr_quality"":{""SR1_touches"":{""value"":2,""score"":25.0},""SR2_tightness"":{""value"":0.4900000000000091,""score"":82.88823047378379},""SR3_recency"":{""value"":277,""score"":0.0},""SR4_price_location"":{""score"":54.781781101291585},""SR5_reaction"":{""value"":2.5728680446970884,""score"":100},""_score"":48.63,""_levels_found"":7,""_target_level"":343.31},""volume"":{""V1_rvol_day"":{""value"":0.30149845763062333,""score"":0},""V2_rvol_sameslot"":{""value"":1.2250575646815078,""score"":48.33717097876719,""status"":""ok""},""V3_breakout_bar"":{""value"":0.9525450851185548,""score"":30.169672341236993},""V4_base_dryup"":{""value"":0.595657059548011,""score"":90.4342940451989},""V5_bo_expansion"":{""value"":0.30149845763062333,""score"":0},""_score"":35.3},""readiness"":{""_distance_atr"":1.793,""BR1_atr_distance"":{""score"":0},""BR2_compression"":{""score"":0},""BR3_retest"":{""score"":50.0},""BR4_bo_age"":{""score"":50.0},""_score"":17.5},""risk"":{""R1_stop_clarity"":{""score"":0},""R2_stop_distance_pct"":{""value"":3.357649296613705,""score"":100.0},""R3_stop_distance_atr"":{""value"":1.999754722988699,""score"":100.0},""R4_rr_potential"":{""value"":2.354658726763122,""score"":67.7329363381561},""_score"":58.55},""market"":{""M1_spy_regime"":{""score"":100.0},""M3_earnings_risk"":{""value"":null,""score"":80.0},""M4_vix"":{""value"":null,""score"":60.0},""_score"":84.0},""liquidity"":{""L1_price"":{""value"":341.0928,""score"":100.0},""L2_dollar_vol"":{""value"":102041251.76616967,""score"":100.0},""L3_spread_proxy"":{""value"":0.019144350159252768,""score"":80.85564984074723},""L4_volume_zscore"":{""value"":-2.054929188602348,""score"":100.0},""_score"":98.09},""pattern_structure"":{""window_bars"":14,""range_pct"":0.048960282949390865,""range_atr"":2.9159852151816836,""vol_ratio"":0.5854298492593176,""range_location_63d"":0.6527148080438758,""pivot_high"":351.36,""pivot_low"":334.66,""structural_low"":334.66,""current_price"":341.0928,""neckline_distance_pct"":0.030100899227424333,""base_bars"":14},""pattern_geometry_features"":{""range_pct"":0.048960282949390865,""range_atr"":2.9159852151816836,""duration_bars"":14.0,""vol_dryup_ratio"":0.5854298492593176,""location_in_range"":0.6527148080438758,""atr_pct"":0.01679030562105931},""_schema_version"":""1.0""}",,,,,,,,,,
20260608T171746Z-5e850b,2026-06-08T17:17:46.036346+00:00,ADI,vcp,absent,47.77,74.6,39.8,38.2,45.2,17.5,24.8,53.3,84.0,98.0,11.19,9.95,4.59,5.42,2.28,1.74,2.67,5.04,4.9,False,,409.3763,433.5,393.9114,361.77,"{""trend"":{""T1_ema_stack"":{""value"":[false,true,true],""score"":66.66666666666666},""T2_ema50_slope"":{""value"":0.35783243562649675,""score"":100},""T3_high_proximity"":{""value"":0.9353538053784815,""score"":67.6769026892407},""T4_rs_1m"":{""value"":-0.01113553263196132,""score"":38.86446736803868},""T5_rs_3m"":{""value"":0.187592733963166,""score"":100},""T6_adr_healthy"":{""value"":3.516241564465846,""score"":100.0},""_score"":74.59},""geometry"":{""sub_contraction_count"":100.0,""sub_reduction_rate"":0,""sub_pivot_tightness"":32.1,""sub_volume_dryup"":0,""sub_base_depth"":0.0,""sub_base_duration"":100.0,""_score"":39.81},""compression"":{""VC1_atr_ratio"":{""value"":0.8095351704285968,""score"":47.616207392850804},""VC2_range_contraction"":{""value"":1.304525790309593,""score"":0},""VC3_range_pct_rank"":{""score"":76.66666666666666},""_score"":38.21},""sr_quality"":{""SR1_touches"":{""value"":3,""score"":50.0},""SR2_tightness"":{""value"":2.56490848872928,""score"":73.93101830033038},""SR3_recency"":{""value"":227,""score"":0.0},""SR4_price_location"":{""score"":16.27865284974101},""SR5_reaction"":{""value"":2.171476278630802,""score"":100},""_score"":45.16,""_levels_found"":6,""_target_level"":436.3067},""volume"":{""V1_rvol_day"":{""value"":0.29634469024599536,""score"":0},""V2_rvol_sameslot"":{""value"":0.8319806500049368,""score"":22.132043333662455,""status"":""ok""},""V3_breakout_bar"":{""value"":0.5929444029380911,""score"":6.196293529206076},""V4_base_dryup"":{""value"":0.9228621001702916,""score"":57.713789982970845},""V5_bo_expansion"":{""value"":0.29634469024599536,""score"":0},""_score"":17.52},""readiness"":{""_distance_atr"":1.226,""BR1_atr_distance"":{""score"":18.271250015124636},""BR2_compression"":{""score"":0},""BR3_retest"":{""score"":50.0},""BR4_bo_age"":{""score"":50.0},""_score"":24.81},""risk"":{""R1_stop_clarity"":{""score"":39.03147119677668},""R2_stop_distance_pct"":{""value"":3.7776857136087227,""score"":100.0},""R3_stop_distance_atr"":{""value"":0.785906203491959,""score"":64.29531017459796},""R4_rr_potential"":{""value"":-3.0783352031529407,""score"":0.0},""_score"":53.31},""market"":{""M1_spy_regime"":{""score"":100.0},""M3_earnings_risk"":{""value"":null,""score"":80.0},""M4_vix"":{""value"":null,""score"":60.0},""_score"":84.0},""liquidity"":{""L1_price"":{""value"":409.3763,""score"":100.0},""L2_dollar_vol"":{""value"":602096492.7267451,""score"":100.0},""L3_spread_proxy"":{""value"":0.019541922676031807,""score"":80.4580773239682},""L4_volume_zscore"":{""value"":-1.8603557652440583,""score"":100.0},""_score"":98.05},""pattern_structure"":{""n_contractions"":5,""contractions_pct"":[8.42,3.66,6.35,12.51,7.75],""descending_strict"":false,""final_low"":399.91,""final_pivot"":433.5,""structural_low"":399.91,""dry_up_ratio"":1.1635522009222896,""current_price"":409.3763,""neckline_distance_pct"":0.05892793500747352,""base_bars"":46},""pattern_geometry_features"":{""contraction_count"":5.0,""first_contraction_pct"":0.08416113108659883,""last_contraction_pct"":0.07748558246828137,""dry_up_ratio"":1.1635522009222896,""near_monotone"":0.0,""base_depth_pct"":-0.21856907794503022},""_schema_version"":""1.0""}",,,,,,,,,,
20260608T171746Z-5e850b,2026-06-08T17:17:46.036346+00:00,CSCO,ascending_triangle,absent,47.76,97.2,39.6,7.9,33.5,17.7,26.8,66.5,84.0,96.5,14.57,11.08,0.63,4.68,2.13,2.14,2.66,5.04,4.82,True,risk_unclear,125.075,130.3656,120.0124,138.8912,"{""trend"":{""T1_ema_stack"":{""value"":[true,true,true],""score"":100.0},""T2_ema50_slope"":{""value"":0.781656143296116,""score"":100},""T3_high_proximity"":{""value"":0.9621153846153846,""score"":81.05769230769228},""T4_rs_1m"":{""value"":0.3439189720009548,""score"":100},""T5_rs_3m"":{""value"":0.5483201987244319,""score"":100},""T6_adr_healthy"":{""value"":3.510411388159002,""score"":100.0},""_score"":97.16},""geometry"":{""sub_flat_top_quality"":33.3,""sub_hl_slope"":48.6,""sub_compression"":0,""sub_duration"":100.0,""_score"":39.57},""compression"":{""VC1_atr_ratio"":{""value"":0.9545363616948926,""score"":11.36590957627684},""VC2_range_contraction"":{""value"":1.316343357853579,""score"":0},""VC3_range_pct_rank"":{""score"":13.33333333333333},""_score"":7.88},""sr_quality"":{""SR1_touches"":{""value"":2,""score"":25.0},""SR2_tightness"":{""value"":0.7000000000000028,""score"":69.50996604094675},""SR3_recency"":{""value"":234,""score"":0.0},""SR4_price_location"":{""score"":30.0},""SR5_reaction"":{""value"":1.0715069077038688,""score"":53.575345385193444},""_score"":33.46,""_levels_found"":6,""_target_level"":120.09},""volume"":{""V1_rvol_day"":{""value"":0.36724869046557684,""score"":0},""V2_rvol_sameslot"":{""value"":1.0458778401427749,""score"":36.39185600951833,""status"":""ok""},""V3_breakout_bar"":{""value"":0.688129096754613,""score"":12.541939783640865},""V4_base_dryup"":{""value"":1.1351061375011386,""score"":36.48938624988614},""V5_bo_expansion"":{""value"":0.3672486904655768,""score"":0},""_score"":17.71},""readiness"":{""_distance_atr"":1.152,""BR1_atr_distance"":{""score"":23.1854411124922},""BR2_compression"":{""score"":0},""BR3_retest"":{""score"":50.0},""BR4_bo_age"":{""score"":50.0},""_score"":26.77},""risk"":{""R1_stop_clarity"":{""score"":20.394877052049125},""R2_stop_distance_pct"":{""value"":4.0476514091545095,""score"":100.0},""R3_stop_distance_atr"":{""value"":1.1025631851507318,""score"":80.1281592575366},""R4_rr_potential"":{""value"":2.7290720183304993,""score"":86.45360091652496},""_score"":66.45},""market"":{""M1_spy_regime"":{""score"":100.0},""M3_earnings_risk"":{""value"":null,""score"":80.0},""M4_vix"":{""value"":null,""score"":60.0},""_score"":84.0},""liquidity"":{""L1_price"":{""value"":125.075,""score"":100.0},""L2_dollar_vol"":{""value"":1385242786.7310433,""score"":100.0},""L3_spread_proxy"":{""value"":0.035458724765140934,""score"":64.54127523485906},""L4_volume_zscore"":{""value"":-1.5385782956994114,""score"":100.0},""_score"":96.45},""pattern_structure"":{""top"":130.3656,""top_touches"":2,""low_slope_per_bar"":0.17758531664964328,""lowest_low"":121.84,""structural_low"":121.84,""current_price"":125.455,""neckline_distance_pct"":0.039142321948108905,""base_bars"":35},""pattern_geometry_features"":{""top_touches"":2.0,""low_slope"":0.17758531664964328,""compression"":-0.08202654657923492,""atr_pct"":0.03671128751320637},""_schema_version"":""1.0""}",,,,,,,,,,
20260608T171746Z-5e850b,2026-06-08T17:17:46.036346+00:00,ORCL,bull_flag,absent,47.74,80.8,47.2,9.8,53.0,17.5,17.5,75.1,84.0,95.4,11.31,14.17,0.88,5.3,2.44,1.57,2.25,5.04,4.77,False,,212.02,250.25,206.191,312.5839,"{""trend"":{""T1_ema_stack"":{""value"":[true,true,false],""score"":66.66666666666666},""T2_ema50_slope"":{""value"":0.5149272445911647,""score"":100},""T3_high_proximity"":{""value"":0.8544025790852308,""score"":27.20128954261536},""T4_rs_1m"":{""value"":0.07634131261223276,""score"":100},""T5_rs_3m"":{""value"":0.3060492986552428,""score"":100},""T6_adr_healthy"":{""value"":5.163530606770082,""score"":100.0},""_score"":80.75},""geometry"":{""sub_pole_impulse"":100.0,""sub_flag_tightness"":20.4,""sub_flag_shallowness"":1.4,""sub_flag_drift"":70.7,""sub_flag_duration"":12.5,""_score"":47.23},""compression"":{""VC1_atr_ratio"":{""value"":1.2034577905157915,""score"":0},""VC2_range_contraction"":{""value"":1.4044913180693492,""score"":0},""VC3_range_pct_rank"":{""score"":39.16666666666667},""_score"":9.79},""sr_quality"":{""SR1_touches"":{""value"":4,""score"":75.0},""SR2_tightness"":{""value"":0.5890909750412044,""score"":90.87855688607465},""SR3_recency"":{""value"":240,""score"":0.0},""SR4_price_location"":{""score"":30.0},""SR5_reaction"":{""value"":1.2535944145042388,""score"":62.67972072521194},""_score"":53.03,""_levels_found"":6,""_target_level"":200.7297},""volume"":{""V1_rvol_day"":{""value"":0.5368227363898207,""score"":2.4548490926547135},""V2_rvol_sameslot"":{""value"":0.6957695170775683,""score"":13.051301138504554,""status"":""ok""},""V3_breakout_bar"":{""value"":0.4350219235523789,""score"":0},""V4_base_dryup"":{""value"":0.7819023162571208,""score"":71.80976837428793},""V5_bo_expansion"":{""value"":0.5368227363898208,""score"":0},""_score"":17.46},""readiness"":{""_distance_atr"":2.96,""BR1_atr_distance"":{""score"":0},""BR2_compression"":{""score"":0},""BR3_retest"":{""score"":50.0},""BR4_bo_age"":{""score"":50.0},""_score"":17.5},""risk"":{""R1_stop_clarity"":{""score"":51.38100337522028},""R2_stop_distance_pct"":{""value"":2.7492524290161353,""score"":100.0},""R3_stop_distance_atr"":{""value"":0.45127641496156895,""score"":47.56382074807844},""R4_rr_potential"":{""value"":17.2524453312037,""score"":100.0},""_score"":75.12},""market"":{""M1_spy_regime"":{""score"":100.0},""M3_earnings_risk"":{""value"":null,""score"":80.0},""M4_vix"":{""value"":null,""score"":60.0},""_score"":84.0},""liquidity"":{""L1_price"":{""value"":212.02,""score"":100.0},""L2_dollar_vol"":{""value"":2404577065.526751,""score"":100.0},""L3_spread_proxy"":{""value"":0.045887180454674145,""score"":54.112819545325856},""L4_volume_zscore"":{""value"":-0.9860902409011058,""score"":100.0},""_score"":95.41},""pattern_structure"":{""pole_low"":187.9161,""pole_low_idx"":9,""peak_price"":250.25,""peak_idx"":32,""pole_gain"":0.3317113328767466,""flag_bars"":27,""flag_low"":209.331,""flag_high"":249.0,""structural_low"":209.331,""current_price"":213.445,""neckline_distance_pct"":0.17243317950760154,""base_bars"":27},""pattern_geometry_features"":{""pole_gain"":0.3317113328767466,""pullback_pct"":0.16351248751248756,""flag_range_pct"":0.15851748251748257,""flag_drift_per_bar"":-0.005857596402935935,""atr_pct"":0.060921695392617936,""pole_atr_multiple"":5.444880198080322},""_schema_version"":""1.0""}",,,,,,,,,,
20260608T171746Z-5e850b,2026-06-08T17:17:46.036346+00:00,NNE,vcp,absent,47.63,45.4,45.0,46.9,53.0,27.5,25.0,53.4,84.0,90.9,6.81,11.25,5.62,6.36,3.58,1.75,2.67,5.04,4.55,False,,26.165,29.73,21.3912,36.283,"{""trend"":{""T1_ema_stack"":{""value"":[false,true,false],""score"":33.33333333333333},""T2_ema50_slope"":{""value"":0.23357766769395855,""score"":88.92961128232642},""T3_high_proximity"":{""value"":0.8559044815178279,""score"":27.95224075891395},""T4_rs_1m"":{""value"":-0.03326908882145485,""score"":16.73091117854515},""T5_rs_3m"":{""value"":0.012072256738028475,""score"":56.036128369014236},""T6_adr_healthy"":{""value"":9.355265497344572,""score"":66.1183625663857},""_score"":45.37},""geometry"":{""sub_contraction_count"":100.0,""sub_reduction_rate"":0,""sub_pivot_tightness"":0,""sub_volume_dryup"":0,""sub_base_depth"":100.0,""sub_base_duration"":100.0,""_score"":45.0},""compression"":{""VC1_atr_ratio"":{""value"":0.6688417483150574,""score"":82.78956292123564},""VC2_range_contraction"":{""value"":1.204701817161473,""score"":0},""VC3_range_pct_rank"":{""score"":55.00000000000001},""_score"":46.87},""sr_quality"":{""SR1_touches"":{""value"":2,""score"":25.0},""SR2_tightness"":{""value"":0.2550000000000008,""score"":82.55106379858937},""SR3_recency"":{""value"":300,""score"":0.0},""SR4_price_location"":{""score"":96.47462938411468},""SR5_reaction"":{""value"":1.2026080538815331,""score"":60.13040269407666},""_score"":53.02,""_levels_found"":5,""_target_level"":26.295},""volume"":{""V1_rvol_day"":{""value"":1.0779306287337322,""score"":38.52870858224882},""V2_rvol_sameslot"":{""value"":1.3212401604578923,""score"":54.749344030526146,""status"":""ok""},""V3_breakout_bar"":{""value"":0.7219390607796949,""score"":14.795937385312996},""V4_base_dryup"":{""value"":1.2801874435786527,""score"":21.981255642134727},""V5_bo_expansion"":{""value"":1.077930628733732,""score"":5.195375248915468},""_score"":27.53},""readiness"":{""_distance_atr"":1.22,""BR1_atr_distance"":{""score"":18.68567639473369},""BR2_compression"":{""score"":0},""BR3_retest"":{""score"":50.0},""BR4_bo_age"":{""score"":50.0},""_score"":24.97},""risk"":{""R1_stop_clarity"":{""score"":77.70949720670384},""R2_stop_distance_pct"":{""value"":18.24481177145042,""score"":0.0},""R3_stop_distance_atr"":{""value"":1.6332734595326426,""score"":100.0},""R4_rr_potential"":{""value"":2.1195055045765856,""score"":55.97527522882928},""_score"":53.39},""market"":{""M1_spy_regime"":{""score"":100.0},""M3_earnings_risk"":{""value"":null,""score"":80.0},""M4_vix"":{""value"":null,""score"":60.0},""_score"":84.0},""liquidity"":{""L1_price"":{""value"":26.165,""score"":100.0},""L2_dollar_vol"":{""value"":82016750.36256044,""score"":95.69512789182664},""L3_spread_proxy"":{""value"":0.0733804700936366,""score"":26.619529906363397},""L4_volume_zscore"":{""value"":0.18752128753084252,""score"":100.0},""_score"":90.94},""pattern_structure"":{""n_contractions"":5,""contractions_pct"":[21.97,16.31,12.0,23.16,26.95],""descending_strict"":false,""final_low"":21.717,""final_pivot"":29.73,""structural_low"":21.717,""dry_up_ratio"":1.458137217668627,""current_price"":26.165,""neckline_distance_pct"":0.13625071660615332,""base_bars"":55},""pattern_geometry_features"":{""contraction_count"":5.0,""first_contraction_pct"":0.21966749204103292,""last_contraction_pct"":0.26952573158425835,""dry_up_ratio"":1.458137217668627,""near_monotone"":0.0,""base_depth_pct"":0.23180049522461976},""_schema_version"":""1.0""}",,,,,,,,,,
20260608T171746Z-5e850b,2026-06-08T17:17:46.036346+00:00,VRT,vcp,absent,47.56,53.6,35.8,64.5,50.2,21.8,17.5,56.8,84.0,97.1,8.05,8.96,7.74,6.02,2.84,1.23,2.84,5.04,4.85,False,,303.16,343.31,302.6906,318.0599,"{""trend"":{""T1_ema_stack"":{""value"":[false,true,true],""score"":66.66666666666666},""T2_ema50_slope"":{""value"":0.3317238411823579,""score"":100},""T3_high_proximity"":{""value"":0.8057836961433166,""score"":2.891848071658265},""T4_rs_1m"":{""value"":-0.12161080095660126,""score"":0},""T5_rs_3m"":{""value"":0.05394431575325709,""score"":76.97215787662854},""T6_adr_healthy"":{""value"":5.306356073163868,""score"":100.0},""_score"":53.65},""geometry"":{""sub_contraction_count"":100.0,""sub_reduction_rate"":0,""sub_pivot_tightness"":0,""sub_volume_dryup"":5.6,""sub_base_depth"":0.0,""sub_base_duration"":100.0,""_score"":35.84},""compression"":{""VC1_atr_ratio"":{""value"":0.4428078023651347,""score"":100},""VC2_range_contraction"":{""value"":0.9664606544419883,""score"":5.589890926335292},""VC3_range_pct_rank"":{""score"":90.0},""_score"":64.46},""sr_quality"":{""SR1_touches"":{""value"":3,""score"":50.0},""SR2_tightness"":{""value"":2.9463683487756054,""score"":66.59028289265342},""SR3_recency"":{""value"":231,""score"":0.0},""SR4_price_location"":{""score"":51.57905333783407},""SR5_reaction"":{""value"":1.639092084867005,""score"":81.95460424335025},""_score"":50.18,""_levels_found"":8,""_target_level"":311.3367},""volume"":{""V1_rvol_day"":{""value"":0.4432378611868746,""score"":0},""V2_rvol_sameslot"":{""value"":0.786500769135581,""score"":19.100051275705397,""status"":""ok""},""V3_breakout_bar"":{""value"":0.5387886913004087,""score"":2.5859127533605824},""V4_base_dryup"":{""value"":0.6323168999603724,""score"":86.76831000396275},""V5_bo_expansion"":{""value"":0.4432378611868746,""score"":0},""_score"":21.82},""readiness"":{""_distance_atr"":2.276,""BR1_atr_distance"":{""score"":0},""BR2_compression"":{""score"":0},""BR3_retest"":{""score"":50.0},""BR4_bo_age"":{""score"":50.0},""_score"":17.5},""risk"":{""R1_stop_clarity"":{""score"":47.73153832415839},""R2_stop_distance_pct"":{""value"":0.154836225095679,""score"":53.87090562739198},""R3_stop_distance_atr"":{""value"":0.026613392265232592,""score"":26.330669613261627},""R4_rr_potential"":{""value"":31.742335718991278,""score"":100.0},""_score"":56.82},""market"":{""M1_spy_regime"":{""score"":100.0},""M3_earnings_risk"":{""value"":null,""score"":80.0},""M4_vix"":{""value"":null,""score"":60.0},""_score"":84.0},""liquidity"":{""L1_price"":{""value"":303.16,""score"":100.0},""L2_dollar_vol"":{""value"":775836178.2221851,""score"":100.0},""L3_spread_proxy"":{""value"":0.029115318643620665,""score"":70.88468135637933},""L4_volume_zscore"":{""value"":-2.035415964496888,""score"":100.0},""_score"":97.09},""pattern_structure"":{""n_contractions"":5,""contractions_pct"":[17.85,6.33,11.02,17.29,10.49],""descending_strict"":false,""final_low"":307.3001,""final_pivot"":343.31,""structural_low"":307.3001,""dry_up_ratio"":0.9722090364463306,""current_price"":303.16,""neckline_distance_pct"":0.13243831640058046,""base_bars"":44},""pattern_geometry_features"":{""contraction_count"":5.0,""first_contraction_pct"":0.1785144477929446,""last_contraction_pct"":0.1048903323526842,""dry_up_ratio"":0.9722090364463306,""near_monotone"":0.0,""base_depth_pct"":-0.08952348874313056},""_schema_version"":""1.0""}",,,,,,,,,,
20260608T171746Z-5e850b,2026-06-08T17:17:46.036346+00:00,ETN,bull_flag,absent,47.51,63.2,36.2,67.8,57.1,17.7,17.5,67.1,84.0,98.0,8.84,10.85,6.1,5.71,2.47,1.57,2.01,5.04,4.9,True,risk_unclear,402.715,426.585,387.2724,464.17,"{""trend"":{""T1_ema_stack"":{""value"":[false,true,true],""score"":66.66666666666666},""T2_ema50_slope"":{""value"":0.0516622491491005,""score"":58.61037485818342},""T3_high_proximity"":{""value"":0.9300362578231449,""score"":65.01812891157243},""T4_rs_1m"":{""value"":-0.0043001562442226415,""score"":45.69984375577736},""T5_rs_3m"":{""value"":0.04516229366753155,""score"":72.58114683376577},""T6_adr_healthy"":{""value"":3.1915325413493103,""score"":100.0},""_score"":63.17},""geometry"":{""sub_pole_impulse"":45.8,""sub_flag_tightness"":0,""sub_flag_shallowness"":0,""sub_flag_drift"":82.9,""sub_flag_duration"":100.0,""_score"":36.17},""compression"":{""VC1_atr_ratio"":{""value"":0.4947637965048378,""score"":100},""VC2_range_contraction"":{""value"":0.8559065855411878,""score"":24.015569076468697},""VC3_range_pct_rank"":{""score"":77.5},""_score"":67.78},""sr_quality"":{""SR1_touches"":{""value"":3,""score"":50.0},""SR2_tightness"":{""value"":3.522625283632777,""score"":48.71449818548551},""SR3_recency"":{""value"":233,""score"":0.0},""SR4_price_location"":{""score"":79.22856631465893},""SR5_reaction"":{""value"":2.2532303396102944,""score"":100},""_score"":57.11,""_levels_found"":8,""_target_level"":406.5833},""volume"":{""V1_rvol_day"":{""value"":0.31076249692233454,""score"":0},""V2_rvol_sameslot"":{""value"":0.7065357820719538,""score"":13.769052138130252,""status"":""ok""},""V3_breakout_bar"":{""value"":0.6080862034497452,""score"":7.2057468966496785},""V4_base_dryup"":{""value"":0.8442495036421872,""score"":65.57504963578128},""V5_bo_expansion"":{""value"":0.31076249692233454,""score"":0},""_score"":17.67},""readiness"":{""_distance_atr"":1.738,""BR1_atr_distance"":{""score"":0},""BR2_compression"":{""score"":0},""BR3_retest"":{""score"":50.0},""BR4_bo_age"":{""score"":50.0},""_score"":17.5},""risk"":{""R1_stop_clarity"":{""score"":14.138238707503263},""R2_stop_distance_pct"":{""value"":3.834610084054476,""score"":100.0},""R3_stop_distance_atr"":{""value"":1.1241316664101524,""score"":81.20658332050762},""R4_rr_potential"":{""value"":3.979588863238264,""score"":100.0},""_score"":67.13},""market"":{""M1_spy_regime"":{""score"":100.0},""M3_earnings_risk"":{""value"":null,""score"":80.0},""M4_vix"":{""value"":null,""score"":60.0},""_score"":84.0},""liquidity"":{""L1_price"":{""value"":402.715,""score"":100.0},""L2_dollar_vol"":{""value"":313896310.02505356,""score"":100.0},""L3_spread_proxy"":{""value"":0.019952075288975996,""score"":80.04792471102401},""L4_volume_zscore"":{""value"":-2.681991162989492,""score"":100.0},""_score"":98.0},""pattern_structure"":{""pole_low"":389.0,""pole_low_idx"":15,""peak_price"":426.585,""peak_idx"":40,""pole_gain"":0.09661953727506421,""flag_bars"":19,""flag_low"":393.17,""flag_high"":426.38,""structural_low"":393.17,""current_price"":404.77,""neckline_distance_pct"":0.05389480445685203,""base_bars"":19},""pattern_geometry_features"":{""pole_gain"":0.09661953727506421,""pullback_pct"":0.07833139936941047,""flag_range_pct"":0.07785083863708284,""flag_drift_per_bar"":-0.0034194662855969076,""atr_pct"":0.03411175219625363,""pole_atr_multiple"":2.832441345117288},""_schema_version"":""1.0""}",,,,,,,,,,
20260608T171746Z-5e850b,2026-06-08T17:17:46.036346+00:00,AMAT,vcp,breakout_confirmed,47.49,98.3,35.4,17.2,45.6,30.2,18.6,27.4,84.0,94.6,14.75,8.84,2.07,5.47,3.92,1.3,1.37,5.04,4.73,False,,490.5875,420.4999,371.4139,439.3799,"{""trend"":{""T1_ema_stack"":{""value"":[true,true,true],""score"":100.0},""T2_ema50_slope"":{""value"":0.4097795560333387,""score"":100},""T3_high_proximity"":{""value"":0.9778503089495715,""score"":88.92515447478571},""T4_rs_1m"":{""value"":0.18145836046570873,""score"":100},""T5_rs_3m"":{""value"":0.35454832531191305,""score"":100},""T6_adr_healthy"":{""value"":4.467642693693234,""score"":100.0},""_score"":98.34},""geometry"":{""sub_contraction_count"":100.0,""sub_reduction_rate"":0,""sub_pivot_tightness"":0,""sub_volume_dryup"":2.4,""sub_base_depth"":0.0,""sub_base_duration"":100.0,""_score"":35.36},""compression"":{""VC1_atr_ratio"":{""value"":0.8612181297068435,""score"":34.69546757328912},""VC2_range_contraction"":{""value"":1.3496879988469632,""score"":0},""VC3_range_pct_rank"":{""score"":13.33333333333333},""_score"":17.21},""sr_quality"":{""SR1_touches"":{""value"":3,""score"":50.0},""SR2_tightness"":{""value"":5.044432574851446,""score"":58.81433044156361},""SR3_recency"":{""value"":237,""score"":0.0},""SR4_price_location"":{""score"":30.0},""SR5_reaction"":{""value"":1.9050208663318422,""score"":95.2510433165921},""_score"":45.61,""_levels_found"":5,""_target_level"":400.2034},""volume"":{""V1_rvol_day"":{""value"":0.5039386987173741,""score"":0.26257991449160445},""V2_rvol_sameslot"":{""value"":1.3984164399975334,""score"":59.894429333168894,""status"":""ok""},""V3_breakout_bar"":{""value"":0.8992459973732347,""score"":26.616399824882315},""V4_base_dryup"":{""value"":0.9245373609218848,""score"":57.54626390781152},""V5_bo_expansion"":{""value"":0.5039386987173742,""score"":0},""_score"":30.19},""readiness"":{""_distance_atr"":-2.861,""BR1_atr_distance"":{""score"":2.776423494393285},""BR2_compression"":{""score"":0},""BR3_retest"":{""score"":50.0},""BR4_bo_age"":{""score"":50.0},""_score"":18.61},""risk"":{""R1_stop_clarity"":{""score"":53.82073149964663},""R2_stop_distance_pct"":{""value"":24.29200703238464,""score"":0.0},""R3_stop_distance_atr"":{""value"":4.865009470911938,""score"":56.749526454403124},""R4_rr_potential"":{""value"":-0.42968930605826516,""score"":0.0},""_score"":27.35},""market"":{""M1_spy_regime"":{""score"":100.0},""M3_earnings_risk"":{""value"":null,""score"":80.0},""M4_vix"":{""value"":null,""score"":60.0},""_score"":84.0},""liquidity"":{""L1_price"":{""value"":490.5875,""score"":100.0},""L2_dollar_vol"":{""value"":2025981289.2022078,""score"":100.0},""L3_spread_proxy"":{""value"":0.054210512905444944,""score"":45.78948709455506},""L4_volume_zscore"":{""value"":-1.4692352073657082,""score"":100.0},""_score"":94.58},""pattern_structure"":{""n_contractions"":5,""contractions_pct"":[20.03,4.84,15.61,6.78,10.33],""descending_strict"":false,""final_low"":377.07,""final_pivot"":420.4999,""structural_low"":377.07,""dry_up_ratio"":0.9879461222305695,""current_price"":490.5875,""neckline_distance_pct"":-0.14286462659566326,""base_bars"":44},""pattern_geometry_features"":{""contraction_count"":5.0,""first_contraction_pct"":0.20025255714105308,""last_contraction_pct"":0.10328159412166335,""dry_up_ratio"":0.9879461222305695,""near_monotone"":0.0,""base_depth_pct"":0.047682788230837214},""_schema_version"":""1.0""}",,,,,,,,,,
20260608T171746Z-5e850b,2026-06-08T17:17:46.036346+00:00,GLW,bull_flag,absent,47.48,85.8,35.7,47.6,43.1,16.2,18.4,79.8,84.0,95.8,12.02,10.71,4.29,4.31,2.28,1.66,2.39,5.04,4.79,False,,187.75,208.57,171.6855,244.71,"{""trend"":{""T1_ema_stack"":{""value"":[true,true,true],""score"":100.0},""T2_ema50_slope"":{""value"":0.5155132397135035,""score"":100},""T3_high_proximity"":{""value"":0.9014307662761667,""score"":50.715383138083325},""T4_rs_1m"":{""value"":0.016099504712942858,""score"":66.09950471294286},""T5_rs_3m"":{""value"":0.3619938347718934,""score"":100},""T6_adr_healthy"":{""value"":6.320454904065141,""score"":100.0},""_score"":85.83},""geometry"":{""sub_pole_impulse"":50.0,""sub_flag_tightness"":0,""sub_flag_shallowness"":0,""sub_flag_drift"":71.3,""sub_flag_duration"":100.0,""_score"":35.7},""compression"":{""VC1_atr_ratio"":{""value"":0.7151267749175866,""score"":71.21830627060335},""VC2_range_contraction"":{""value"":0.9428555795686682,""score"":9.524070071888639},""VC3_range_pct_rank"":{""score"":63.33333333333333},""_score"":47.65},""sr_quality"":{""SR1_touches"":{""value"":2,""score"":25.0},""SR2_tightness"":{""value"":1.6099999999999994,""score"":75.44981889612409},""SR3_recency"":{""value"":227,""score"":0.0},""SR4_price_location"":{""score"":37.10921071078084},""SR5_reaction"":{""value"":3.20143510730357,""score"":100},""_score"":43.09,""_levels_found"":7,""_target_level"":210.18},""volume"":{""V1_rvol_day"":{""value"":0.5527679077216849,""score"":3.5178605147789956},""V2_rvol_sameslot"":{""value"":0.8167179767704787,""score"":21.114531784698585,""status"":""ok""},""V3_breakout_bar"":{""value"":0.5901358977484887,""score"":6.0090598498992485},""V4_base_dryup"":{""value"":1.0088318082340297,""score"":49.116819176597026},""V5_bo_expansion"":{""value"":0.5527679077216849,""score"":0},""_score"":16.25},""readiness"":{""_distance_atr"":1.587,""BR1_atr_distance"":{""score"":0},""BR2_compression"":{""score"":3.678661999359234},""BR3_retest"":{""score"":50.0},""BR4_bo_age"":{""score"":50.0},""_score"":18.42},""risk"":{""R1_stop_clarity"":{""score"":60.13264068566247},""R2_stop_distance_pct"":{""value"":8.556324900133145,""score"":86.09187749667137},""R3_stop_distance_atr"":{""value"":1.2248024358484917,""score"":86.24012179242459},""R4_rr_potential"":{""value"":3.5457063711911387,""score"":100.0},""_score"":79.81},""market"":{""M1_spy_regime"":{""score"":100.0},""M3_earnings_risk"":{""value"":null,""score"":80.0},""M4_vix"":{""value"":null,""score"":60.0},""_score"":84.0},""liquidity"":{""L1_price"":{""value"":187.75,""score"":100.0},""L2_dollar_vol"":{""value"":1444416954.8920066,""score"":100.0},""L3_spread_proxy"":{""value"":0.04207723035952067,""score"":57.92276964047933},""L4_volume_zscore"":{""value"":-1.453702079592352,""score"":100.0},""_score"":95.79},""pattern_structure"":{""pole_low"":172.43,""pole_low_idx"":27,""peak_price"":208.57,""peak_idx"":40,""pole_gain"":0.20959229832395745,""flag_bars"":19,""flag_low"":174.3,""flag_high"":202.87,""structural_low"":174.3,""current_price"":187.56,""neckline_distance_pct"":0.11201748773725737,""base_bars"":19},""pattern_geometry_features"":{""pole_gain"":0.20959229832395745,""pullback_pct"":0.16430934458455188,""flag_range_pct"":0.1369803902766457,""flag_drift_per_bar"":-0.005741937083057393,""atr_pct"":0.06985881681567431,""pole_atr_multiple"":3.000226855787958},""_schema_version"":""1.0""}",,,,,,,,,,
20260608T171746Z-5e850b,2026-06-08T17:17:46.036346+00:00,VZ,base_on_base,forming,47.47,29.6,58.4,53.1,58.9,16.8,17.5,42.4,84.0,98.4,5.32,14.61,5.31,5.89,2.02,1.4,2.12,5.88,4.92,True,risk_unclear,45.275,48.955,45.1228,51.525,"{""trend"":{""T1_ema_stack"":{""value"":[false,false,true],""score"":33.33333333333333},""T2_ema50_slope"":{""value"":0.004366459878235199,""score"":50.7277433130392},""T3_high_proximity"":{""value"":0.8811794472557415,""score"":40.589723627870725},""T4_rs_1m"":{""value"":-0.051774850757917434,""score"":0},""T5_rs_3m"":{""value"":-0.19544543036185635,""score"":0},""T6_adr_healthy"":{""value"":2.1207900643427835,""score"":100.0},""_score"":29.57},""geometry"":{""sub_shallower_second"":0,""sub_second_base_depth"":84.2,""sub_rim_advance"":100,""sub_dry_up"":44.9,""sub_second_base_duration"":84.0,""_score"":58.42},""compression"":{""VC1_atr_ratio"":{""value"":0.48471492723560944,""score"":100},""VC2_range_contraction"":{""value"":1.1994038737781785,""score"":0},""VC3_range_pct_rank"":{""score"":52.5},""_score"":53.12},""sr_quality"":{""SR1_touches"":{""value"":3,""score"":50.0},""SR2_tightness"":{""value"":0.20700456248326726,""score"":59.706861017236946},""SR3_recency"":{""value"":238,""score"":0.0},""SR4_price_location"":{""score"":79.93173397103902},""SR5_reaction"":{""value"":3.0926411259955437,""score"":100},""_score"":58.94,""_levels_found"":5,""_target_level"":45.9623},""volume"":{""V1_rvol_day"":{""value"":0.31969503928480314,""score"":0},""V2_rvol_sameslot"":{""value"":0.7357583036090318,""score"":15.717220240602122,""status"":""ok""},""V3_breakout_bar"":{""value"":0.3640534361615859,""score"":0},""V4_base_dryup"":{""value"":0.8150216715639328,""score"":68.49783284360672},""V5_bo_expansion"":{""value"":0.31969503928480314,""score"":0},""_score"":16.84},""readiness"":{""_distance_atr"":3.582,""BR1_atr_distance"":{""score"":0},""BR2_compression"":{""score"":0},""BR3_retest"":{""score"":50.0},""BR4_bo_age"":{""score"":50.0},""_score"":17.5},""risk"":{""R1_stop_clarity"":{""score"":0},""R2_stop_distance_pct"":{""value"":0.33605742683599976,""score"":58.40143567089999},""R3_stop_distance_atr"":{""value"":0.14807888827868004,""score"":32.403944413934006},""R4_rr_potential"":{""value"":41.07788366743375,""score"":100.0},""_score"":42.38},""market"":{""M1_spy_regime"":{""score"":100.0},""M3_earnings_risk"":{""value"":null,""score"":80.0},""M4_vix"":{""value"":null,""score"":60.0},""_score"":84.0},""liquidity"":{""L1_price"":{""value"":45.275,""score"":100.0},""L2_dollar_vol"":{""value"":300142060.9270319,""score"":100.0},""L3_spread_proxy"":{""value"":0.01623412479293207,""score"":83.76587520706792},""L4_volume_zscore"":{""value"":-1.897138255710946,""score"":100.0},""_score"":98.38},""pattern_structure"":{""first_base_low"":38.39,""first_base_top"":40.96,""first_base_bars"":50,""second_base_low"":45.81,""second_base_top"":48.955,""second_base_bars"":21,""structural_low"":45.81,""stacking_overlap_pct"":-0.11840820312500003,""current_price"":45.275,""neckline_distance_pct"":0.08128106018774157,""base_bars"":21},""pattern_geometry_features"":{""first_base_depth_pct"":0.062744140625,""second_base_depth_pct"":0.064242671841487,""second_dry_up_ratio"":0.7754134096954199,""rim_advance_pct"":0.19519042968749994,""atr_pct"":0.022694486077147594},""_schema_version"":""1.0""}",,,,,,,,,,
20260608T171746Z-5e850b,2026-06-08T17:17:46.036346+00:00,CRM,vcp,forming,47.45,21.6,52.0,34.6,59.2,13.8,60.4,79.3,84.0,98.2,3.25,13.01,4.15,7.11,1.79,4.23,3.97,5.04,4.91,False,,182.45,187.44,169.0753,220.645,"{""trend"":{""T1_ema_stack"":{""value"":[false,false,false],""score"":0.0},""T2_ema50_slope"":{""value"":-0.05481783054371141,""score"":40.86369490938143},""T3_high_proximity"":{""value"":0.8704675572519084,""score"":35.23377862595417},""T4_rs_1m"":{""value"":-0.03410745403441395,""score"":15.892545965586045},""T5_rs_3m"":{""value"":-0.17506591526678983,""score"":0},""T6_adr_healthy"":{""value"":4.231233305679653,""score"":100.0},""_score"":21.64},""geometry"":{""sub_contraction_count"":100.0,""sub_reduction_rate"":14.6,""sub_pivot_tightness"":22.6,""sub_volume_dryup"":0,""sub_base_depth"":100.0,""sub_base_duration"":100.0,""_score"":52.04},""compression"":{""VC1_atr_ratio"":{""value"":0.8728762497397808,""score"":31.78093756505479},""VC2_range_contraction"":{""value"":1.3718177728018428,""score"":0},""VC3_range_pct_rank"":{""score"":87.5},""_score"":34.59},""sr_quality"":{""SR1_touches"":{""value"":6,""score"":100},""SR2_tightness"":{""value"":1.8647289049319995,""score"":62.72232998740144},""SR3_recency"":{""value"":237,""score"":0.0},""SR4_price_location"":{""score"":27.695807399449972},""SR5_reaction"":{""value"":1.721136008548503,""score"":86.05680042742515},""_score"":59.24,""_levels_found"":6,""_target_level"":190.0783},""volume"":{""V1_rvol_day"":{""value"":0.36044919558333766,""score"":0},""V2_rvol_sameslot"":{""value"":0.7180754650224667,""score"":14.538364334831112,""status"":""ok""},""V3_breakout_bar"":{""value"":0.6329330194551159,""score"":8.862201297007728},""V4_base_dryup"":{""value"":1.0670119540616325,""score"":43.29880459383675},""V5_bo_expansion"":{""value"":0.36044919558333766,""score"":0},""_score"":13.78},""readiness"":{""_distance_atr"":0.499,""BR1_atr_distance"":{""score"":66.74841530210695},""BR2_compression"":{""score"":64.69599637937785},""BR3_retest"":{""score"":50.0},""BR4_bo_age"":{""score"":50.0},""_score"":60.37},""risk"":{""R1_stop_clarity"":{""score"":48.52834607160334},""R2_stop_distance_pct"":{""value"":7.3306385311044,""score"":100.0},""R3_stop_distance_atr"":{""value"":1.3368686345835976,""score"":91.84343172917988},""R4_rr_potential"":{""value"":2.8557543131647365,""score"":92.78771565823682},""_score"":79.32},""market"":{""M1_spy_regime"":{""score"":100.0},""M3_earnings_risk"":{""value"":null,""score"":80.0},""M4_vix"":{""value"":null,""score"":60.0},""_score"":84.0},""liquidity"":{""L1_price"":{""value"":182.45,""score"":100.0},""L2_dollar_vol"":{""value"":1003270588.1107199,""score"":100.0},""L3_spread_proxy"":{""value"":0.018141956700465894,""score"":81.8580432995341},""L4_volume_zscore"":{""value"":-1.4762850290629317,""score"":100.0},""_score"":98.19},""pattern_structure"":{""n_contractions"":5,""contractions_pct"":[12.71,13.47,11.84,13.65,8.42],""descending_strict"":false,""final_low"":171.65,""final_pivot"":187.44,""structural_low"":171.65,""dry_up_ratio"":1.5553672421963864,""current_price"":182.45,""neckline_distance_pct"":0.027349958892847408,""base_bars"":53},""pattern_geometry_features"":{""contraction_count"":5.0,""first_contraction_pct"":0.12710941885724042,""last_contraction_pct"":0.08424029022620567,""dry_up_ratio"":1.5553672421963864,""near_monotone"":0.0,""base_depth_pct"":0.16209025896365714},""_schema_version"":""1.0""}",,,,,,,,,,
20260608T171746Z-5e850b,2026-06-08T17:17:46.036346+00:00,UEC,vcp,absent,47.43,15.8,47.1,60.1,65.8,27.6,20.1,70.4,84.0,92.4,2.37,11.79,7.21,7.9,3.58,1.41,3.52,5.04,4.62,False,,12.91,16.8281,11.6033,18.9279,"{""trend"":{""T1_ema_stack"":{""value"":[false,false,true],""score"":33.33333333333333},""T2_ema50_slope"":{""value"":-0.22653403690734158,""score"":12.244327182109735},""T3_high_proximity"":{""value"":0.7838494231936856,""score"":0},""T4_rs_1m"":{""value"":-0.18513670298880025,""score"":0},""T5_rs_3m"":{""value"":-0.14080372488518755,""score"":0},""T6_adr_healthy"":{""value"":7.1231144611623085,""score"":100.0},""_score"":15.78},""geometry"":{""sub_contraction_count"":100.0,""sub_reduction_rate"":0,""sub_pivot_tightness"":0,""sub_volume_dryup"":14.3,""sub_base_depth"":100.0,""sub_base_duration"":100.0,""_score"":47.14},""compression"":{""VC1_atr_ratio"":{""value"":0.5942192055480906,""score"":100},""VC2_range_contraction"":{""value"":0.9837375376054616,""score"":2.7104103990897395},""VC3_range_pct_rank"":{""score"":76.66666666666666},""_score"":60.12},""sr_quality"":{""SR1_touches"":{""value"":4,""score"":75.0},""SR2_tightness"":{""value"":0.1756060932883588,""score"":66.1036501556329},""SR3_recency"":{""value"":229,""score"":0.0},""SR4_price_location"":{""score"":73.58916478555301},""SR5_reaction"":{""value"":2.1956583183394334,""score"":100},""_score"":65.81,""_levels_found"":7,""_target_level"":13.105},""volume"":{""V1_rvol_day"":{""value"":0.6340156335589522,""score"":8.934375570596814},""V2_rvol_sameslot"":{""value"":1.2316306570979216,""score"":48.77537713986144,""status"":""ok""},""V3_breakout_bar"":{""value"":0.8508779105026115,""score"":23.391860700174103},""V4_base_dryup"":{""value"":0.9907803279522936,""score"":50.92196720477064},""V5_bo_expansion"":{""value"":0.6340156335589522,""score"":0},""_score"":27.57},""readiness"":{""_distance_atr"":3.781,""BR1_atr_distance"":{""score"":0},""BR2_compression"":{""score"":10.525833283779448},""BR3_retest"":{""score"":50.0},""BR4_bo_age"":{""score"":50.0},""_score"":20.13},""risk"":{""R1_stop_clarity"":{""score"":65.89249891423484},""R2_stop_distance_pct"":{""value"":10.121611154144082,""score"":46.959721146397946},""R3_stop_distance_atr"":{""value"":1.26112823058204,""score"":88.056411529102},""R4_rr_potential"":{""value"":4.605418229126805,""score"":100.0},""_score"":70.36},""market"":{""M1_spy_regime"":{""score"":100.0},""M3_earnings_risk"":{""value"":null,""score"":80.0},""M4_vix"":{""value"":null,""score"":60.0},""_score"":84.0},""liquidity"":{""L1_price"":{""value"":12.91,""score"":100.0},""L2_dollar_vol"":{""value"":75153678.25943904,""score"":93.79751205964246},""L3_spread_proxy"":{""value"":0.05143299767621996,""score"":48.56700232378004},""L4_volume_zscore"":{""value"":-1.2917835713571586,""score"":100.0},""_score"":92.38},""pattern_structure"":{""n_contractions"":5,""contractions_pct"":[11.56,12.83,11.23,16.33,30.0],""descending_strict"":false,""final_low"":11.78,""final_pivot"":16.8281,""structural_low"":11.78,""dry_up_ratio"":0.9282586615982773,""current_price"":12.91,""neckline_distance_pct"":0.3034934159566227,""base_bars"":38},""pattern_geometry_features"":{""contraction_count"":5.0,""first_contraction_pct"":0.11562126255421543,""last_contraction_pct"":0.299980389943012,""dry_up_ratio"":0.9282586615982773,""near_monotone"":0.0,""base_depth_pct"":0.15128460064266058},""_schema_version"":""1.0""}",,,,,,,,,,
20260608T171746Z-5e850b,2026-06-08T17:17:46.036346+00:00,COHU,ascending_triangle,absent,47.41,94.7,44.4,11.8,38.7,6.3,18.8,74.8,84.0,82.1,14.2,12.43,0.95,5.42,0.76,1.5,2.99,5.04,4.1,False,,53.51,58.47,48.6393,67.56,"{""trend"":{""T1_ema_stack"":{""value"":[true,true,true],""score"":100.0},""T2_ema50_slope"":{""value"":0.6195730607641624,""score"":100},""T3_high_proximity"":{""value"":0.9291543670776176,""score"":64.57718353880875},""T4_rs_1m"":{""value"":0.11376920682204883,""score"":100},""T5_rs_3m"":{""value"":0.8182028069310787,""score"":100},""T6_adr_healthy"":{""value"":5.683239642718699,""score"":100.0},""_score"":94.69},""geometry"":{""sub_flat_top_quality"":33.3,""sub_hl_slope"":64.7,""sub_compression"":0,""sub_duration"":100.0,""_score"":44.4},""compression"":{""VC1_atr_ratio"":{""value"":0.9731185918775377,""score"":6.720352030615579},""VC2_range_contraction"":{""value"":1.1702302105432014,""score"":0},""VC3_range_pct_rank"":{""score"":36.66666666666667},""_score"":11.85},""sr_quality"":{""SR1_touches"":{""value"":2,""score"":25.0},""SR2_tightness"":{""value"":0.7140999999999984,""score"":58.21768812676717},""SR3_recency"":{""value"":229,""score"":0.0},""SR4_price_location"":{""score"":30.0},""SR5_reaction"":{""value"":2.3862316554068865,""score"":100},""_score"":38.73,""_levels_found"":4,""_target_level"":51.7142},""volume"":{""V1_rvol_day"":{""value"":0.27499191378145127,""score"":0},""V2_rvol_sameslot"":{""value"":0.8417651034482592,""score"":22.784340229883945,""status"":""ok""},""V3_breakout_bar"":{""value"":0.606898321595063,""score"":7.126554773004197},""V4_base_dryup"":{""value"":1.5440670293029801,""score"":0},""V5_bo_expansion"":{""value"":0.27499191378145127,""score"":0},""_score"":6.34},""readiness"":{""_distance_atr"":1.451,""BR1_atr_distance"":{""score"":3.262723758934186},""BR2_compression"":{""score"":0},""BR3_retest"":{""score"":50.0},""BR4_bo_age"":{""score"":50.0},""_score"":18.81},""risk"":{""R1_stop_clarity"":{""score"":56.66131017434003},""R2_stop_distance_pct"":{""value"":9.102410764343112,""score"":72.43973089142219},""R3_stop_distance_atr"":{""value"":1.4249342279859651,""score"":96.24671139929826},""R4_rr_potential"":{""value"":2.884595643336688,""score"":94.2297821668344},""_score"":74.85},""market"":{""M1_spy_regime"":{""score"":100.0},""M3_earnings_risk"":{""value"":null,""score"":80.0},""M4_vix"":{""value"":null,""score"":60.0},""_score"":84.0},""liquidity"":{""L1_price"":{""value"":53.51,""score"":100.0},""L2_dollar_vol"":{""value"":22834316.421551928,""score"":67.92940074505643},""L3_spread_proxy"":{""value"":0.0508316202578957,""score"":49.1683797421043},""L4_volume_zscore"":{""value"":-1.2138374630496043,""score"":100.0},""_score"":82.09},""pattern_structure"":{""top"":58.47,""top_touches"":2,""low_slope_per_bar"":0.09580180878552959,""lowest_low"":49.38,""structural_low"":49.38,""current_price"":53.82,""neckline_distance_pct"":0.08639910813823855,""base_bars"":54},""pattern_geometry_features"":{""top_touches"":2.0,""low_slope"":0.09580180878552959,""compression"":-0.20896273039853974,""atr_pct"":0.06387951517740345},""_schema_version"":""1.0""}",,,,,,,,,,
20260608T171746Z-5e850b,2026-06-08T17:17:46.036346+00:00,QUBT,vcp,absent,47.38,68.5,40.2,58.8,46.7,0.0,25.4,59.3,84.0,91.9,10.28,10.06,7.06,5.6,0.0,1.78,2.97,5.04,4.6,False,,10.37,14.45,9.0029,14.99,"{""trend"":{""T1_ema_stack"":{""value"":[false,true,false],""score"":33.33333333333333},""T2_ema50_slope"":{""value"":0.6793757387125956,""score"":100},""T3_high_proximity"":{""value"":0.8369652945924131,""score"":18.482647296206522},""T4_rs_1m"":{""value"":0.0636115627005911,""score"":100},""T5_rs_3m"":{""value"":0.2662401594867798,""score"":100},""T6_adr_healthy"":{""value"":10.070150482514801,""score"":48.24623793712996},""_score"":68.52},""geometry"":{""sub_contraction_count"":100.0,""sub_reduction_rate"":0,""sub_pivot_tightness"":0,""sub_volume_dryup"":31.1,""sub_base_depth"":5.8,""sub_base_duration"":100.0,""_score"":40.24},""compression"":{""VC1_atr_ratio"":{""value"":0.563275095058742,""score"":100},""VC2_range_contraction"":{""value"":0.9591912831715406,""score"":6.801452804743239},""VC3_range_pct_rank"":{""score"":65.83333333333333},""_score"":58.84},""sr_quality"":{""SR1_touches"":{""value"":4,""score"":75.0},""SR2_tightness"":{""value"":0.21273311184439536,""score"":61.53480913342759},""SR3_recency"":{""value"":229,""score"":0.0},""SR4_price_location"":{""score"":5.1625693074928805},""SR5_reaction"":{""value"":1.8228568661005462,""score"":91.14284330502731},""_score"":46.69,""_levels_found"":5,""_target_level"":12.6663},""volume"":{""V1_rvol_day"":{""value"":0.23087939747474034,""score"":0},""V2_rvol_sameslot"":{""value"":0.3255258698908808,""score"":0,""status"":""ok""},""V3_breakout_bar"":{""value"":0.3611808143853029,""score"":0},""V4_base_dryup"":{""value"":2.011757101126107,""score"":0},""V5_bo_expansion"":{""value"":0.2308793974747404,""score"":0},""_score"":0.0},""readiness"":{""_distance_atr"":3.689,""BR1_atr_distance"":{""score"":0},""BR2_compression"":{""score"":31.459293029680612},""BR3_retest"":{""score"":50.0},""BR4_bo_age"":{""score"":50.0},""_score"":25.36},""risk"":{""R1_stop_clarity"":{""score"":75.21035807691061},""R2_stop_distance_pct"":{""value"":13.183220829315323,""score"":0.0},""R3_stop_distance_atr"":{""value"":1.2359562171063243,""score"":86.79781085531621},""R4_rr_potential"":{""value"":3.3794162826420915,""score"":100.0},""_score"":59.34},""market"":{""M1_spy_regime"":{""score"":100.0},""M3_earnings_risk"":{""value"":null,""score"":80.0},""M4_vix"":{""value"":null,""score"":60.0},""_score"":84.0},""liquidity"":{""L1_price"":{""value"":10.37,""score"":100.0},""L2_dollar_vol"":{""value"":80145218.88258672,""score"":95.19388096654583},""L3_spread_proxy"":{""value"":0.06171648987463844,""score"":38.28351012536156},""L4_volume_zscore"":{""value"":-0.8823339018578885,""score"":100.0},""_score"":91.91},""pattern_structure"":{""n_contractions"":5,""contractions_pct"":[21.18,21.06,19.84,21.53,36.75],""descending_strict"":false,""final_low"":9.14,""final_pivot"":14.45,""structural_low"":9.14,""dry_up_ratio"":0.8442835764027466,""current_price"":10.37,""neckline_distance_pct"":0.3934426229508197,""base_bars"":68},""pattern_geometry_features"":{""contraction_count"":5.0,""first_contraction_pct"":0.21177685950413222,""last_contraction_pct"":0.3674740484429065,""dry_up_ratio"":0.8442835764027466,""near_monotone"":0.0,""base_depth_pct"":0.05578512396694206},""_schema_version"":""1.0""}",,,,,,,,,,
20260608T171746Z-5e850b,2026-06-08T17:17:46.036346+00:00,CCJ,vcp,absent,47.33,20.4,46.2,59.4,65.0,20.1,20.2,76.5,84.0,97.8,3.06,11.55,7.13,7.8,2.61,1.41,3.82,5.04,4.89,False,,106.19,124.7199,100.4207,145.0699,"{""trend"":{""T1_ema_stack"":{""value"":[false,false,true],""score"":33.33333333333333},""T2_ema50_slope"":{""value"":-0.17727828657622965,""score"":20.453618903961722},""T3_high_proximity"":{""value"":0.8396457657942595,""score"":19.822882897129745},""T4_rs_1m"":{""value"":-0.11869874034688888,""score"":0},""T5_rs_3m"":{""value"":-0.17854108590761353,""score"":0},""T6_adr_healthy"":{""value"":4.5475618472261985,""score"":100.0},""_score"":20.4},""geometry"":{""sub_contraction_count"":100.0,""sub_reduction_rate"":0,""sub_pivot_tightness"":0,""sub_volume_dryup"":8.1,""sub_base_depth"":100.0,""sub_base_duration"":100.0,""_score"":46.22},""compression"":{""VC1_atr_ratio"":{""value"":0.645184759637791,""score"":88.70381009055225},""VC2_range_contraction"":{""value"":1.089481496881296,""score"":0},""VC3_range_pct_rank"":{""score"":95.83333333333334},""_score"":59.44},""sr_quality"":{""SR1_touches"":{""value"":4,""score"":75.0},""SR2_tightness"":{""value"":1.5105959089048273,""score"":41.8591073239414},""SR3_recency"":{""value"":283,""score"":0.0},""SR4_price_location"":{""score"":84.94253065868051},""SR5_reaction"":{""value"":2.666575026873369,""score"":100},""_score"":65.01,""_levels_found"":5,""_target_level"":107.09},""volume"":{""V1_rvol_day"":{""value"":0.37126127883158333,""score"":0},""V2_rvol_sameslot"":{""value"":0.7594922473784479,""score"":17.29948315856319,""status"":""ok""},""V3_breakout_bar"":{""value"":0.5531685081130348,""score"":3.5445672075356502},""V4_base_dryup"":{""value"":0.7115544209461206,""score"":78.84455790538794},""V5_bo_expansion"":{""value"":0.37126127883158333,""score"":0},""_score"":20.11},""readiness"":{""_distance_atr"":3.566,""BR1_atr_distance"":{""score"":0},""BR2_compression"":{""score"":10.630040215697449},""BR3_retest"":{""score"":50.0},""BR4_bo_age"":{""score"":50.0},""_score"":20.16},""risk"":{""R1_stop_clarity"":{""score"":41.14113536205489},""R2_stop_distance_pct"":{""value"":5.432950371974762,""score"":100.0},""R3_stop_distance_atr"":{""value"":1.1102550427087257,""score"":80.51275213543629},""R4_rr_potential"":{""value"":6.739160202799323,""score"":100.0},""_score"":76.48},""market"":{""M1_spy_regime"":{""score"":100.0},""M3_earnings_risk"":{""value"":null,""score"":80.0},""M4_vix"":{""value"":null,""score"":60.0},""_score"":84.0},""liquidity"":{""L1_price"":{""value"":106.19,""score"":100.0},""L2_dollar_vol"":{""value"":120459577.07983625,""score"":100.0},""L3_spread_proxy"":{""value"":0.02236557114605895,""score"":77.63442885394105},""L4_volume_zscore"":{""value"":-2.442041712154181,""score"":100.0},""_score"":97.76},""pattern_structure"":{""n_contractions"":5,""contractions_pct"":[14.15,9.68,2.8,14.75,18.26],""descending_strict"":false,""final_low"":101.95,""final_pivot"":124.7199,""structural_low"":101.95,""dry_up_ratio"":0.959363958993624,""current_price"":106.19,""neckline_distance_pct"":0.1744975986439401,""base_bars"":49},""pattern_geometry_features"":{""contraction_count"":5.0,""first_contraction_pct"":0.14145543744889613,""last_contraction_pct"":0.18256829904449887,""dry_up_ratio"":0.959363958993624,""near_monotone"":0.0,""base_depth_pct"":0.16639411283728534},""_schema_version"":""1.0""}",,,,,,,,,,
20260608T171746Z-5e850b,2026-06-08T17:17:46.036346+00:00,BWXT,vcp,absent,47.32,15.3,44.3,79.7,63.9,18.0,17.5,68.0,84.0,94.1,2.3,11.07,9.57,7.67,2.34,1.23,3.4,5.04,4.7,True,risk_unclear,187.69,208.83,179.7625,239.1999,"{""trend"":{""T1_ema_stack"":{""value"":[false,false,true],""score"":33.33333333333333},""T2_ema50_slope"":{""value"":-0.23967319756226427,""score"":10.054467072955951},""T3_high_proximity"":{""value"":0.7872242261555239,""score"":0},""T4_rs_1m"":{""value"":-0.11900132452258805,""score"":0},""T5_rs_3m"":{""value"":-0.15624503762917152,""score"":0},""T6_adr_healthy"":{""value"":3.271911813038851,""score"":100.0},""_score"":15.34},""geometry"":{""sub_contraction_count"":100.0,""sub_reduction_rate"":0,""sub_pivot_tightness"":0,""sub_volume_dryup"":0,""sub_base_depth"":92.7,""sub_base_duration"":100.0,""_score"":44.27},""compression"":{""VC1_atr_ratio"":{""value"":0.4174212358237332,""score"":100},""VC2_range_contraction"":{""value"":0.7226567937387511,""score"":46.22386771020815},""VC3_range_pct_rank"":{""score"":94.16666666666667},""_score"":79.72},""sr_quality"":{""SR1_touches"":{""value"":3,""score"":50.0},""SR2_tightness"":{""value"":0.20848661028149218,""score"":93.45594407501622},""SR3_recency"":{""value"":272,""score"":0.0},""SR4_price_location"":{""score"":79.61299411207364},""SR5_reaction"":{""value"":3.5034605683537916,""score"":100},""_score"":63.92,""_levels_found"":7,""_target_level"":189.06},""volume"":{""V1_rvol_day"":{""value"":0.35056140234181776,""score"":0},""V2_rvol_sameslot"":{""value"":0.6800032178254104,""score"":12.000214521694026,""status"":""ok""},""V3_breakout_bar"":{""value"":0.7757164599767741,""score"":18.381097331784936},""V4_base_dryup"":{""value"":0.949462335627039,""score"":55.053766437296105},""V5_bo_expansion"":{""value"":0.3505614023418177,""score"":0},""_score"":18.01},""readiness"":{""_distance_atr"":3.318,""BR1_atr_distance"":{""score"":0},""BR2_compression"":{""score"":0},""BR3_retest"":{""score"":50.0},""BR4_bo_age"":{""score"":50.0},""_score"":17.5},""risk"":{""R1_stop_clarity"":{""score"":14.074323188161728},""R2_stop_distance_pct"":{""value"":4.223719963770051,""score"":100.0},""R3_stop_distance_atr"":{""value"":1.244156717672778,""score"":87.2078358836389},""R4_rr_potential"":{""value"":6.497622201198355,""score"":100.0},""_score"":68.01},""market"":{""M1_spy_regime"":{""score"":100.0},""M3_earnings_risk"":{""value"":null,""score"":80.0},""M4_vix"":{""value"":null,""score"":60.0},""_score"":84.0},""liquidity"":{""L1_price"":{""value"":187.69,""score"":100.0},""L2_dollar_vol"":{""value"":62509365.935292505,""score"":89.79725468262197},""L3_spread_proxy"":{""value"":0.018514571900474158,""score"":81.48542809952585},""L4_volume_zscore"":{""value"":-1.8466673907737168,""score"":100.0},""_score"":94.07},""pattern_structure"":{""n_contractions"":5,""contractions_pct"":[7.35,14.98,11.98,12.28,12.61],""descending_strict"":false,""final_low"":182.5,""final_pivot"":208.83,""structural_low"":182.5,""dry_up_ratio"":1.0345072342033563,""current_price"":187.69,""neckline_distance_pct"":0.11263253236720132,""base_bars"":52},""pattern_geometry_features"":{""contraction_count"":5.0,""first_contraction_pct"":0.07351861395152627,""last_contraction_pct"":0.12608341713355367,""dry_up_ratio"":1.0345072342033563,""near_monotone"":0.0,""base_depth_pct"":0.14266883199550523},""_schema_version"":""1.0""}",,,,,,,,,,
20260608T171746Z-5e850b,2026-06-08T17:17:46.036346+00:00,ADI,ascending_triangle,absent,47.31,74.6,37.8,38.2,45.2,15.7,17.5,73.3,84.0,98.0,11.19,10.58,3.06,6.32,1.89,1.4,2.93,5.04,4.9,False,,409.3763,439.0,393.9114,478.09,"{""trend"":{""T1_ema_stack"":{""value"":[false,true,true],""score"":66.66666666666666},""T2_ema50_slope"":{""value"":0.35783243562649675,""score"":100},""T3_high_proximity"":{""value"":0.9353538053784815,""score"":67.6769026892407},""T4_rs_1m"":{""value"":-0.01113553263196132,""score"":38.86446736803868},""T5_rs_3m"":{""value"":0.187592733963166,""score"":100},""T6_adr_healthy"":{""value"":3.516241564465846,""score"":100.0},""_score"":74.59},""geometry"":{""sub_flat_top_quality"":33.3,""sub_hl_slope"":7.8,""sub_compression"":41.9,""sub_duration"":100.0,""_score"":37.8},""compression"":{""VC1_atr_ratio"":{""value"":0.8095351704285968,""score"":47.616207392850804},""VC2_range_contraction"":{""value"":1.304525790309593,""score"":0},""VC3_range_pct_rank"":{""score"":76.66666666666666},""_score"":38.21},""sr_quality"":{""SR1_touches"":{""value"":3,""score"":50.0},""SR2_tightness"":{""value"":2.56490848872928,""score"":73.93101830033038},""SR3_recency"":{""value"":227,""score"":0.0},""SR4_price_location"":{""score"":16.27865284974101},""SR5_reaction"":{""value"":2.171476278630802,""score"":100},""_score"":45.16,""_levels_found"":6,""_target_level"":436.3067},""volume"":{""V1_rvol_day"":{""value"":0.29634469024599536,""score"":0},""V2_rvol_sameslot"":{""value"":0.8319806500049368,""score"":22.132043333662455,""status"":""ok""},""V3_breakout_bar"":{""value"":0.5929444029380911,""score"":6.196293529206076},""V4_base_dryup"":{""value"":1.0130830770735682,""score"":48.69169229264318},""V5_bo_expansion"":{""value"":0.29634469024599536,""score"":0},""_score"":15.71},""readiness"":{""_distance_atr"":1.505,""BR1_atr_distance"":{""score"":0},""BR2_compression"":{""score"":0},""BR3_retest"":{""score"":50.0},""BR4_bo_age"":{""score"":50.0},""_score"":17.5},""risk"":{""R1_stop_clarity"":{""score"":39.03147119677668},""R2_stop_distance_pct"":{""value"":3.7776857136087227,""score"":100.0},""R3_stop_distance_atr"":{""value"":0.785906203491959,""score"":64.29531017459796},""R4_rr_potential"":{""value"":4.44318927639598,""score"":100.0},""_score"":73.31},""market"":{""M1_spy_regime"":{""score"":100.0},""M3_earnings_risk"":{""value"":null,""score"":80.0},""M4_vix"":{""value"":null,""score"":60.0},""_score"":84.0},""liquidity"":{""L1_price"":{""value"":409.3763,""score"":100.0},""L2_dollar_vol"":{""value"":602096492.7267451,""score"":100.0},""L3_spread_proxy"":{""value"":0.019541922676031807,""score"":80.4580773239682},""L4_volume_zscore"":{""value"":-1.8603557652440583,""score"":100.0},""_score"":98.05},""pattern_structure"":{""top"":439.0,""top_touches"":2,""low_slope_per_bar"":0.09321490467937617,""lowest_low"":399.91,""structural_low"":399.91,""current_price"":410.75,""neckline_distance_pct"":0.06877662811929397,""base_bars"":41},""pattern_geometry_features"":{""top_touches"":2.0,""low_slope"":0.09321490467937617,""compression"":0.20928742392935795,""atr_pct"":0.04806789533946432},""_schema_version"":""1.0""}",,,,,,,,,,
20260608T171746Z-5e850b,2026-06-08T17:17:46.036346+00:00,POWI,vcp,invalidated,47.29,83.2,35.5,59.8,41.3,12.4,17.7,30.9,84.0,87.6,12.49,8.86,7.17,4.96,1.61,1.24,1.54,5.04,4.38,False,,77.285,89.0,79.0857,62.21,"{""trend"":{""T1_ema_stack"":{""value"":[false,true,true],""score"":66.66666666666666},""T2_ema50_slope"":{""value"":0.6800105329517934,""score"":100},""T3_high_proximity"":{""value"":0.8876191570001148,""score"":43.8095785000574},""T4_rs_1m"":{""value"":0.06271156358244712,""score"":100},""T5_rs_3m"":{""value"":0.546261813142259,""score"":100},""T6_adr_healthy"":{""value"":6.154362070162935,""score"":100.0},""_score"":83.24},""geometry"":{""sub_contraction_count"":100.0,""sub_reduction_rate"":0,""sub_pivot_tightness"":3.0,""sub_volume_dryup"":0,""sub_base_depth"":0.0,""sub_base_duration"":100.0,""_score"":35.45},""compression"":{""VC1_atr_ratio"":{""value"":0.5098834590554817,""score"":100},""VC2_range_contraction"":{""value"":1.0937367254299326,""score"":0},""VC3_range_pct_rank"":{""score"":79.16666666666666},""_score"":59.79},""sr_quality"":{""SR1_touches"":{""value"":2,""score"":25.0},""SR2_tightness"":{""value"":0.6494499999999945,""score"":76.27548956933575},""SR3_recency"":{""value"":229,""score"":0.0},""SR4_price_location"":{""score"":34.56025212867884},""SR5_reaction"":{""value"":1.8328001669950023,""score"":91.64000834975012},""_score"":41.33,""_levels_found"":7,""_target_level"":80.9394},""volume"":{""V1_rvol_day"":{""value"":0.3196492555612537,""score"":0},""V2_rvol_sameslot"":{""value"":0.988132382991267,""score"":32.54215886608447,""status"":""ok""},""V3_breakout_bar"":{""value"":0.8531799292404595,""score"":23.545328616030634},""V4_base_dryup"":{""value"":1.5135956935566004,""score"":0},""V5_bo_expansion"":{""value"":0.3196492555612537,""score"":0},""_score"":12.39},""readiness"":{""_distance_atr"":2.14,""BR1_atr_distance"":{""score"":0},""BR2_compression"":{""score"":0.6267417973207142},""BR3_retest"":{""score"":50.0},""BR4_bo_age"":{""score"":50.0},""_score"":17.66},""risk"":{""R1_stop_clarity"":{""score"":56.004905478218696},""R2_stop_distance_pct"":{""value"":-2.329882900951031,""score"":0.0},""R3_stop_distance_atr"":{""value"":-0.32889013555297614,""score"":8.555493222351195},""R4_rr_potential"":{""value"":null,""score"":50.0},""_score"":30.89},""market"":{""M1_spy_regime"":{""score"":100.0},""M3_earnings_risk"":{""value"":null,""score"":80.0},""M4_vix"":{""value"":null,""score"":60.0},""_score"":84.0},""liquidity"":{""L1_price"":{""value"":77.285,""score"":100.0},""L2_dollar_vol"":{""value"":34486795.32269933,""score"":76.88264197651526},""L3_spread_proxy"":{""value"":0.03144206508378072,""score"":68.55793491621928},""L4_volume_zscore"":{""value"":-1.2338702920228621,""score"":100.0},""_score"":87.61},""pattern_structure"":{""n_contractions"":5,""contractions_pct"":[6.39,14.92,15.93,13.44,9.79],""descending_strict"":false,""final_low"":80.29,""final_pivot"":89.0,""structural_low"":80.29,""dry_up_ratio"":1.2571649574923278,""current_price"":77.285,""neckline_distance_pct"":0.15158180759526432,""base_bars"":41},""pattern_geometry_features"":{""contraction_count"":5.0,""first_contraction_pct"":0.06392523364485984,""last_contraction_pct"":0.09786516853932577,""dry_up_ratio"":1.2571649574923278,""near_monotone"":0.0,""base_depth_pct"":-0.500747663551402},""_schema_version"":""1.0""}",,,,,,,,,,
20260608T171746Z-5e850b,2026-06-08T17:17:46.036346+00:00,BELFB,bull_flag,absent,47.26,71.3,27.5,55.7,60.5,21.8,38.3,65.5,84.0,89.2,9.98,8.26,5.01,6.05,3.05,3.45,1.96,5.04,4.46,False,,273.31,283.225,255.2825,303.37,"{""trend"":{""T1_ema_stack"":{""value"":[true,true,true],""score"":100.0},""T2_ema50_slope"":{""value"":0.25712206535927085,""score"":92.85367755987848},""T3_high_proximity"":{""value"":0.902817692333102,""score"":51.408846166551},""T4_rs_1m"":{""value"":-0.07227591023684632,""score"":0},""T5_rs_3m"":{""value"":0.33203101862866635,""score"":100},""T6_adr_healthy"":{""value"":5.077300454926631,""score"":100.0},""_score"":71.28},""geometry"":{""sub_pole_impulse"":12.9,""sub_flag_tightness"":0,""sub_flag_shallowness"":0,""sub_flag_drift"":91.0,""sub_flag_duration"":100.0,""_score"":27.52},""compression"":{""VC1_atr_ratio"":{""value"":0.4370895418037484,""score"":100},""VC2_range_contraction"":{""value"":0.8702769870015448,""score"":21.620502166409207},""VC3_range_pct_rank"":{""score"":32.49999999999999},""_score"":55.69},""sr_quality"":{""SR1_touches"":{""value"":3,""score"":50.0},""SR2_tightness"":{""value"":2.0485509518247844,""score"":70.28618653836105},""SR3_recency"":{""value"":227,""score"":0.0},""SR4_price_location"":{""score"":79.62075733639716},""SR5_reaction"":{""value"":2.3925588324882563,""score"":100},""_score"":60.45,""_levels_found"":6,""_target_level"":280.405},""volume"":{""V1_rvol_day"":{""value"":0.5725399732343885,""score"":4.835998215625903},""V2_rvol_sameslot"":{""value"":1.0653878762829971,""score"":37.69252508553314,""status"":""ok""},""V3_breakout_bar"":{""value"":1.2977485742802408,""score"":53.18323828534939},""V4_base_dryup"":{""value"":1.8870319758976053,""score"":0},""V5_bo_expansion"":{""value"":0.5725399732343885,""score"":0},""_score"":21.8},""readiness"":{""_distance_atr"":0.719,""BR1_atr_distance"":{""score"":52.06164952683274},""BR2_compression"":{""score"":0},""BR3_retest"":{""score"":50.0},""BR4_bo_age"":{""score"":50.0},""_score"":38.32},""risk"":{""R1_stop_clarity"":{""score"":43.61188067111611},""R2_stop_distance_pct"":{""value"":6.596008195821591,""score"":100.0},""R3_stop_distance_atr"":{""value"":1.3074296672807024,""score"":90.37148336403511},""R4_rr_potential"":{""value"":1.6674478783861408,""score"":33.372393919307044},""_score"":65.49},""market"":{""M1_spy_regime"":{""score"":100.0},""M3_earnings_risk"":{""value"":null,""score"":80.0},""M4_vix"":{""value"":null,""score"":60.0},""_score"":84.0},""liquidity"":{""L1_price"":{""value"":273.31,""score"":100.0},""L2_dollar_vol"":{""value"":53839542.19926629,""score"":86.55506792002919},""L3_spread_proxy"":{""value"":0.053748490724817966,""score"":46.25150927518204},""L4_volume_zscore"":{""value"":-0.7046957836204417,""score"":100.0},""_score"":89.25},""pattern_structure"":{""pole_low"":263.08,""pole_low_idx"":22,""peak_price"":283.225,""peak_idx"":40,""pole_gain"":0.07657366580507846,""flag_bars"":19,""flag_low"":259.17,""flag_high"":283.12,""structural_low"":259.17,""current_price"":274.61,""neckline_distance_pct"":0.031371763592003235,""base_bars"":19},""pattern_geometry_features"":{""pole_gain"":0.07657366580507846,""pullback_pct"":0.08493247418130463,""flag_range_pct"":0.08456174419631031,""flag_drift_per_bar"":-0.001806836745189518,""atr_pct"":0.05045019522572484,""pole_atr_multiple"":1.5178071256706083},""_schema_version"":""1.0""}",,,,,,,,,,
20260608T171746Z-5e850b,2026-06-08T17:17:46.036346+00:00,IR,ascending_triangle,setup,47.25,15.7,52.2,60.7,48.8,19.7,57.5,45.0,84.0,95.8,2.35,14.62,4.85,6.83,2.37,4.6,1.8,5.04,4.79,True,risk_unclear,73.425,72.67,68.8515,75.44,"{""trend"":{""T1_ema_stack"":{""value"":[true,false,false],""score"":33.33333333333333},""T2_ema50_slope"":{""value"":-0.44308833207949416,""score"":0},""T3_high_proximity"":{""value"":0.8313519021739131,""score"":15.67595108695652},""T4_rs_1m"":{""value"":-0.06581228079922463,""score"":0},""T5_rs_3m"":{""value"":-0.2455919080469965,""score"":0},""T6_adr_healthy"":{""value"":2.6259769055106936,""score"":100.0},""_score"":15.68},""geometry"":{""sub_flat_top_quality"":100,""sub_hl_slope"":24.0,""sub_compression"":0,""sub_duration"":100.0,""_score"":52.2},""compression"":{""VC1_atr_ratio"":{""value"":0.3653018346115224,""score"":100},""VC2_range_contraction"":{""value"":0.8707737734751235,""score"":21.537704420812748},""VC3_range_pct_rank"":{""score"":52.5},""_score"":60.66},""sr_quality"":{""SR1_touches"":{""value"":2,""score"":25.0},""SR2_tightness"":{""value"":0.3500000000000014,""score"":64.76708526724875},""SR3_recency"":{""value"":248,""score"":0.0},""SR4_price_location"":{""score"":66.2519009595577},""SR5_reaction"":{""value"":4.134834207565002,""score"":100},""_score"":48.78,""_levels_found"":4,""_target_level"":75.66},""volume"":{""V1_rvol_day"":{""value"":0.3064813527343332,""score"":0},""V2_rvol_sameslot"":{""value"":0.921537349975823,""score"":28.1024899983882,""status"":""ok""},""V3_breakout_bar"":{""value"":0.9374510095766762,""score"":29.163400638445076},""V4_base_dryup"":{""value"":1.159921134307792,""score"":34.0078865692208},""V5_bo_expansion"":{""value"":0.30648135273433325,""score"":0},""_score"":19.71},""readiness"":{""_distance_atr"":-0.38,""BR1_atr_distance"":{""score"":100.0},""BR2_compression"":{""score"":0},""BR3_retest"":{""score"":50.0},""BR4_bo_age"":{""score"":50.0},""_score"":57.5},""risk"":{""R1_stop_clarity"":{""score"":0},""R2_stop_distance_pct"":{""value"":6.2288049029622,""score"":100.0},""R3_stop_distance_atr"":{""value"":2.3019676504319575,""score"":100.0},""R4_rr_potential"":{""value"":0.44058161145730895,""score"":0.0},""_score"":45.0},""market"":{""M1_spy_regime"":{""score"":100.0},""M3_earnings_risk"":{""value"":null,""score"":80.0},""M4_vix"":{""value"":null,""score"":60.0},""_score"":84.0},""liquidity"":{""L1_price"":{""value"":73.425,""score"":100.0},""L2_dollar_vol"":{""value"":85468767.69455145,""score"":96.59037211306489},""L3_spread_proxy"":{""value"":0.028328226081035048,""score"":71.67177391896496},""L4_volume_zscore"":{""value"":-2.4509444898903356,""score"":100.0},""_score"":95.8},""pattern_structure"":{""top"":72.67,""top_touches"":5,""low_slope_per_bar"":0.05022957821676476,""lowest_low"":69.9,""structural_low"":69.9,""current_price"":73.55,""neckline_distance_pct"":-0.011964649898028491,""base_bars"":35},""pattern_geometry_features"":{""top_touches"":5.0,""low_slope"":0.05022957821676476,""compression"":-0.059316523122685094,""atr_pct"":0.027058611800184873},""_schema_version"":""1.0""}",,,,,,,,,,
20260608T171746Z-5e850b,2026-06-08T17:17:46.036346+00:00,IONQ,vcp,setup,47.19,89.1,38.9,19.8,42.8,18.3,36.0,42.2,84.0,91.0,13.36,9.72,2.37,5.13,2.38,2.52,2.11,5.04,4.55,False,,63.4,59.15,44.8273,48.525,"{""trend"":{""T1_ema_stack"":{""value"":[true,true,true],""score"":100.0},""T2_ema50_slope"":{""value"":0.9722951401871843,""score"":100},""T3_high_proximity"":{""value"":0.8797002913833774,""score"":39.85014569168865},""T4_rs_1m"":{""value"":0.3164663509392469,""score"":100},""T5_rs_3m"":{""value"":0.6746251057084096,""score"":100},""T6_adr_healthy"":{""value"":9.507061077644233,""score"":62.32347305889419},""_score"":89.09},""geometry"":{""sub_contraction_count"":100.0,""sub_reduction_rate"":0,""sub_pivot_tightness"":0,""sub_volume_dryup"":25.8,""sub_base_depth"":0.0,""sub_base_duration"":100.0,""_score"":38.87},""compression"":{""VC1_atr_ratio"":{""value"":0.8632872811984662,""score"":34.178179700383446},""VC2_range_contraction"":{""value"":0.9915482201290501,""score"":1.4086299784916527},""VC3_range_pct_rank"":{""score"":22.499999999999996},""_score"":19.79},""sr_quality"":{""SR1_touches"":{""value"":3,""score"":50.0},""SR2_tightness"":{""value"":1.219633183470434,""score"":60.30670532908832},""SR3_recency"":{""value"":320,""score"":0.0},""SR4_price_location"":{""score"":30.0},""SR5_reaction"":{""value"":1.4985145407629548,""score"":74.92572703814774},""_score"":42.78,""_levels_found"":5,""_target_level"":54.1521},""volume"":{""V1_rvol_day"":{""value"":0.5375338493572576,""score"":2.5022566238171713},""V2_rvol_sameslot"":{""value"":0.8515813850296383,""score"":23.438759001975885,""status"":""ok""},""V3_breakout_bar"":{""value"":0.527863364938876,""score"":1.8575576625917318},""V4_base_dryup"":{""value"":0.8657540991758155,""score"":63.424590082418455},""V5_bo_expansion"":{""value"":0.5375338493572576,""score"":0},""_score"":18.34},""readiness"":{""_distance_atr"":-0.692,""BR1_atr_distance"":{""score"":46.168259060371476},""BR2_compression"":{""score"":0},""BR3_retest"":{""score"":50.0},""BR4_bo_age"":{""score"":50.0},""_score"":35.97},""risk"":{""R1_stop_clarity"":{""score"":77.7829695236766},""R2_stop_distance_pct"":{""value"":29.29440063091483,""score"":0.0},""R3_stop_distance_atr"":{""value"":3.022259804263432,""score"":100.0},""R4_rr_potential"":{""value"":-0.8009088633016828,""score"":0.0},""_score"":42.22},""market"":{""M1_spy_regime"":{""score"":100.0},""M3_earnings_risk"":{""value"":null,""score"":80.0},""M4_vix"":{""value"":null,""score"":60.0},""_score"":84.0},""liquidity"":{""L1_price"":{""value"":63.4,""score"":100.0},""L2_dollar_vol"":{""value"":1159640175.9894116,""score"":100.0},""L3_spread_proxy"":{""value"":0.09021924290220824,""score"":9.78075709779175},""L4_volume_zscore"":{""value"":-1.2206745223563782,""score"":100.0},""_score"":90.98},""pattern_structure"":{""n_contractions"":5,""contractions_pct"":[13.52,27.21,24.25,19.06,23.06],""descending_strict"":false,""final_low"":45.51,""final_pivot"":59.15,""structural_low"":45.51,""dry_up_ratio"":0.871229085108608,""current_price"":63.4,""neckline_distance_pct"":-0.06703470031545741,""base_bars"":63},""pattern_geometry_features"":{""contraction_count"":5.0,""first_contraction_pct"":0.13515837752615728,""last_contraction_pct"":0.23060016906170755,""dry_up_ratio"":0.871229085108608,""near_monotone"":0.0,""base_depth_pct"":-0.30457216568725815},""_schema_version"":""1.0""}",,,,,,,,,,
20260608T171746Z-5e850b,2026-06-08T17:17:46.036346+00:00,NXE,base_on_base,forming,47.06,15.1,71.5,42.4,64.2,7.7,17.5,70.0,84.0,82.3,2.71,17.87,4.24,6.42,0.92,1.4,3.5,5.88,4.12,False,,10.4001,12.5,10.2292,14.83,"{""trend"":{""T1_ema_stack"":{""value"":[false,false,true],""score"":33.33333333333333},""T2_ema50_slope"":{""value"":-0.24762885321282144,""score"":8.728524464529755},""T3_high_proximity"":{""value"":0.7939007633587787,""score"":0},""T4_rs_1m"":{""value"":-0.17315893773809587,""score"":0},""T5_rs_3m"":{""value"":-0.27137573064508913,""score"":0},""T6_adr_healthy"":{""value"":4.795926877345242,""score"":100.0},""_score"":15.08},""geometry"":{""sub_shallower_second"":59.7,""sub_second_base_depth"":100.0,""sub_rim_advance"":100,""sub_dry_up"":55.8,""sub_second_base_duration"":36.0,""_score"":71.48},""compression"":{""VC1_atr_ratio"":{""value"":0.7470621590720713,""score"":63.23446023198217},""VC2_range_contraction"":{""value"":1.2245614776133322,""score"":0},""VC3_range_pct_rank"":{""score"":68.33333333333333},""_score"":42.38},""sr_quality"":{""SR1_touches"":{""value"":4,""score"":75.0},""SR2_tightness"":{""value"":0.14579337262029438,""score"":51.172020078366565},""SR3_recency"":{""value"":235,""score"":0.0},""SR4_price_location"":{""score"":76.2034138562401},""SR5_reaction"":{""value"":2.3773742883115636,""score"":100},""_score"":64.23,""_levels_found"":6,""_target_level"":10.6015},""volume"":{""V1_rvol_day"":{""value"":0.3171959430995831,""score"":0},""V2_rvol_sameslot"":{""value"":0.5194234636170815,""score"":1.294897574472098,""status"":""ok""},""V3_breakout_bar"":{""value"":0.4241198174475666,""score"":0},""V4_base_dryup"":{""value"":1.1289951267975962,""score"":37.10048732024038},""V5_bo_expansion"":{""value"":0.3171959430995831,""score"":0},""_score"":7.68},""readiness"":{""_distance_atr"":3.516,""BR1_atr_distance"":{""score"":0},""BR2_compression"":{""score"":0},""BR3_retest"":{""score"":50.0},""BR4_bo_age"":{""score"":50.0},""_score"":17.5},""risk"":{""R1_stop_clarity"":{""score"":47.82905124156732},""R2_stop_distance_pct"":{""value"":1.6430130479514673,""score"":91.07532619878668},""R3_stop_distance_atr"":{""value"":0.28614061528156637,""score"":39.30703076407832},""R4_rr_potential"":{""value"":25.924798829553684,""score"":100.0},""_score"":69.96},""market"":{""M1_spy_regime"":{""score"":100.0},""M3_earnings_risk"":{""value"":null,""score"":80.0},""M4_vix"":{""value"":null,""score"":60.0},""_score"":84.0},""liquidity"":{""L1_price"":{""value"":10.4001,""score"":100.0},""L2_dollar_vol"":{""value"":20971419.096548837,""score"":66.0813909675873},""L3_spread_proxy"":{""value"":0.041095758694627976,""score"":58.904241305372025},""L4_volume_zscore"":{""value"":-2.4321534877675473,""score"":100.0},""_score"":82.32},""pattern_structure"":{""first_base_low"":7.33,""first_base_top"":9.66,""first_base_bars"":60,""second_base_low"":10.385,""second_base_top"":12.5,""second_base_bars"":76,""structural_low"":10.385,""stacking_overlap_pct"":-0.07505175983436849,""current_price"":10.4001,""neckline_distance_pct"":0.20191152008153768,""base_bars"":76},""pattern_geometry_features"":{""first_base_depth_pct"":0.2412008281573499,""second_base_depth_pct"":0.16920000000000002,""second_dry_up_ratio"":0.7211702479261675,""rim_advance_pct"":0.2939958592132505,""atr_pct"":0.05741977755708394},""_schema_version"":""1.0""}",,,,,,,,,,
20260608T171746Z-5e850b,2026-06-08T17:17:46.036346+00:00,UEC,double_bottom,absent,47.05,15.8,42.0,60.1,65.8,31.0,20.1,81.0,84.0,92.4,2.37,10.5,4.81,9.21,4.03,1.61,4.86,5.04,4.62,False,,12.91,15.47,12.2439,18.5096,"{""trend"":{""T1_ema_stack"":{""value"":[false,false,true],""score"":33.33333333333333},""T2_ema50_slope"":{""value"":-0.22653403690734158,""score"":12.244327182109735},""T3_high_proximity"":{""value"":0.7838494231936856,""score"":0},""T4_rs_1m"":{""value"":-0.18513670298880025,""score"":0},""T5_rs_3m"":{""value"":-0.14080372488518755,""score"":0},""T6_adr_healthy"":{""value"":7.1231144611623085,""score"":100.0},""_score"":15.78},""geometry"":{""sub_low_similarity"":15.0,""sub_bounce_quality"":100,""sub_separation_fit"":0.0,""sub_right_bottom_reaction"":76.7,""sub_base_context"":30.0,""_score"":42.01},""compression"":{""VC1_atr_ratio"":{""value"":0.5942192055480906,""score"":100},""VC2_range_contraction"":{""value"":0.9837375376054616,""score"":2.7104103990897395},""VC3_range_pct_rank"":{""score"":76.66666666666666},""_score"":60.12},""sr_quality"":{""SR1_touches"":{""value"":4,""score"":75.0},""SR2_tightness"":{""value"":0.1756060932883588,""score"":66.1036501556329},""SR3_recency"":{""value"":229,""score"":0.0},""SR4_price_location"":{""score"":73.58916478555301},""SR5_reaction"":{""value"":2.1956583183394334,""score"":100},""_score"":65.81,""_levels_found"":7,""_target_level"":13.105},""volume"":{""V1_rvol_day"":{""value"":0.6340156335589522,""score"":8.934375570596814},""V2_rvol_sameslot"":{""value"":1.2316306570979216,""score"":48.77537713986144,""status"":""ok""},""V3_breakout_bar"":{""value"":0.8508779105026115,""score"":23.391860700174103},""V4_base_dryup"":{""value"":0.818172302485762,""score"":68.18276975142379},""V5_bo_expansion"":{""value"":0.6340156335589522,""score"":0},""_score"":31.03},""readiness"":{""_distance_atr"":2.471,""BR1_atr_distance"":{""score"":0},""BR2_compression"":{""score"":10.525833283779448},""BR3_retest"":{""score"":50.0},""BR4_bo_age"":{""score"":50.0},""_score"":20.13},""risk"":{""R1_stop_clarity"":{""score"":64.00934792050137},""R2_stop_distance_pct"":{""value"":5.1592254066614975,""score"":100.0},""R3_stop_distance_atr"":{""value"":0.6428269876395115,""score"":57.14134938197557},""R4_rr_potential"":{""value"":8.407100904428463,""score"":100.0},""_score"":80.97},""market"":{""M1_spy_regime"":{""score"":100.0},""M3_earnings_risk"":{""value"":null,""score"":80.0},""M4_vix"":{""value"":null,""score"":60.0},""_score"":84.0},""liquidity"":{""L1_price"":{""value"":12.91,""score"":100.0},""L2_dollar_vol"":{""value"":75153678.25943904,""score"":93.79751205964246},""L3_spread_proxy"":{""value"":0.05143299767621996,""score"":48.56700232378004},""L4_volume_zscore"":{""value"":-1.2917835713571586,""score"":100.0},""_score"":92.38},""pattern_structure"":{""left_low"":12.97,""left_idx"":29,""right_low"":12.4304,""right_idx"":76,""separation_bars"":47,""structural_low"":12.4304,""current_price"":13.155,""neckline_distance_pct"":0.17597871531736992,""base_bars"":47},""pattern_geometry_features"":{""low_similarity_pct"":0.042487519881576674,""bounce_pct"":0.24452954048140044,""right_bottom_reaction"":0.7670083876980468,""atr_pct"":0.08025838220648446},""_schema_version"":""1.0""}",,,,,,,,,,
20260608T171746Z-5e850b,2026-06-08T17:17:46.036346+00:00,ANET,ascending_triangle,absent,46.87,73.5,41.7,41.3,42.8,2.4,21.2,76.1,84.0,96.2,11.02,11.68,3.3,5.99,0.28,1.69,3.04,5.04,4.81,False,,157.35,177.48,149.9072,202.77,"{""trend"":{""T1_ema_stack"":{""value"":[false,true,true],""score"":66.66666666666666},""T2_ema50_slope"":{""value"":0.11484601360560165,""score"":69.14100226760027},""T3_high_proximity"":{""value"":0.8853316828897766,""score"":42.66584144488827},""T4_rs_1m"":{""value"":0.09682127441497568,""score"":100},""T5_rs_3m"":{""value"":0.05424809484284632,""score"":77.12404742142316},""T6_adr_healthy"":{""value"":4.522244418844602,""score"":100.0},""_score"":73.46},""geometry"":{""sub_flat_top_quality"":66.7,""sub_hl_slope"":22.4,""sub_compression"":0,""sub_duration"":100.0,""_score"":41.73},""compression"":{""VC1_atr_ratio"":{""value"":0.7255587530035846,""score"":68.61031174910383},""VC2_range_contraction"":{""value"":0.9948520630223393,""score"":0.8579894962767824},""VC3_range_pct_rank"":{""score"":54.16666666666667},""_score"":41.29},""sr_quality"":{""SR1_touches"":{""value"":2,""score"":25.0},""SR2_tightness"":{""value"":0.3500000000000085,""score"":91.46804478057618},""SR3_recency"":{""value"":248,""score"":0.0},""SR4_price_location"":{""score"":26.243186116364477},""SR5_reaction"":{""value"":3.7491848935638608,""score"":100},""_score"":42.78,""_levels_found"":5,""_target_level"":179.45},""volume"":{""V1_rvol_day"":{""value"":0.30006314642698195,""score"":0},""V2_rvol_sameslot"":{""value"":0.4690172866295665,""score"":0,""status"":""ok""},""V3_breakout_bar"":{""value"":0.4591984167800735,""score"":0},""V4_base_dryup"":{""value"":1.3817545033112015,""score"":11.824549668879854},""V5_bo_expansion"":{""value"":0.300063146426982,""score"":0},""_score"":2.36},""readiness"":{""_distance_atr"":2.454,""BR1_atr_distance"":{""score"":0},""BR2_compression"":{""score"":14.72446428451137},""BR3_retest"":{""score"":50.0},""BR4_bo_age"":{""score"":50.0},""_score"":21.18},""risk"":{""R1_stop_clarity"":{""score"":44.350931506682414},""R2_stop_distance_pct"":{""value"":4.730123927550043,""score"":100.0},""R3_stop_distance_atr"":{""value"":0.9071723272126707,""score"":70.35861636063355},""R4_rr_potential"":{""value"":6.10250105806244,""score"":100.0},""_score"":76.08},""market"":{""M1_spy_regime"":{""score"":100.0},""M3_earnings_risk"":{""value"":null,""score"":80.0},""M4_vix"":{""value"":null,""score"":60.0},""_score"":84.0},""liquidity"":{""L1_price"":{""value"":157.35,""score"":100.0},""L2_dollar_vol"":{""value"":501369295.6916643,""score"":100.0},""L3_spread_proxy"":{""value"":0.037988560533841705,""score"":62.01143946615829},""L4_volume_zscore"":{""value"":-2.1311660219467248,""score"":100.0},""_score"":96.2},""pattern_structure"":{""top"":177.48,""top_touches"":3,""low_slope_per_bar"":0.10239424703891771,""lowest_low"":152.19,""structural_low"":152.19,""current_price"":157.42,""neckline_distance_pct"":0.12742980561555078,""base_bars"":41},""pattern_geometry_features"":{""top_touches"":3.0,""low_slope"":0.10239424703891771,""compression"":-0.3711501188046109,""atr_pct"":0.05214140451223385},""_schema_version"":""1.0""}",,,,,,,,,,
20260608T171746Z-5e850b,2026-06-08T17:17:46.036346+00:00,APH,bull_flag,absent,46.74,70.7,29.8,60.2,57.4,19.6,21.5,72.9,84.0,97.3,9.9,8.93,5.42,5.74,2.74,1.93,2.19,5.04,4.86,False,,143.36,151.92,136.127,163.954,"{""trend"":{""T1_ema_stack"":{""value"":[true,true,true],""score"":100.0},""T2_ema50_slope"":{""value"":-0.043704120001617074,""score"":42.715979999730486},""T3_high_proximity"":{""value"":0.9381584974805315,""score"":69.07924874026573},""T4_rs_1m"":{""value"":0.03610228326120213,""score"":86.10228326120213},""T5_rs_3m"":{""value"":-0.039215821405159446,""score"":30.392089297420277},""T6_adr_healthy"":{""value"":4.024398631748772,""score"":100.0},""_score"":70.68},""geometry"":{""sub_pole_impulse"":23.7,""sub_flag_tightness"":0,""sub_flag_shallowness"":0,""sub_flag_drift"":84.4,""sub_flag_duration"":100.0,""_score"":29.77},""compression"":{""VC1_atr_ratio"":{""value"":0.5367347266364889,""score"":100},""VC2_range_contraction"":{""value"":0.996556444309587,""score"":0.5739259484021653},""VC3_range_pct_rank"":{""score"":80.0},""_score"":60.2},""sr_quality"":{""SR1_touches"":{""value"":5,""score"":100},""SR2_tightness"":{""value"":1.4909434334004792,""score"":52.94264355956238},""SR3_recency"":{""value"":227,""score"":0.0},""SR4_price_location"":{""score"":17.63341529431838},""SR5_reaction"":{""value"":2.644350547095776,""score"":100},""_score"":57.35,""_levels_found"":4,""_target_level"":154.525},""volume"":{""V1_rvol_day"":{""value"":0.25576194889894044,""score"":0},""V2_rvol_sameslot"":{""value"":0.7069661652057326,""score"":13.797744347048843,""status"":""ok""},""V3_breakout_bar"":{""value"":1.05253593403042,""score"":36.83572893536133},""V4_base_dryup"":{""value"":1.12088594914637,""score"":37.91140508536299},""V5_bo_expansion"":{""value"":0.25576194889894044,""score"":0},""_score"":19.55},""readiness"":{""_distance_atr"":1.351,""BR1_atr_distance"":{""score"":9.942710969382418},""BR2_compression"":{""score"":0},""BR3_retest"":{""score"":50.0},""BR4_bo_age"":{""score"":50.0},""_score"":21.48},""risk"":{""R1_stop_clarity"":{""score"":34.57169620544224},""R2_stop_distance_pct"":{""value"":5.045340401785737,""score"":100.0},""R3_stop_distance_atr"":{""value"":1.1414445763290804,""score"":82.07222881645401},""R4_rr_potential"":{""value"":2.847227982856335,""score"":92.36139914281677},""_score"":72.88},""market"":{""M1_spy_regime"":{""score"":100.0},""M3_earnings_risk"":{""value"":null,""score"":80.0},""M4_vix"":{""value"":null,""score"":60.0},""_score"":84.0},""liquidity"":{""L1_price"":{""value"":143.36,""score"":100.0},""L2_dollar_vol"":{""value"":418960170.1102183,""score"":100.0},""L3_spread_proxy"":{""value"":0.02716936383928578,""score"":72.83063616071422},""L4_volume_zscore"":{""value"":-1.7810654411474187,""score"":100.0},""_score"":97.28},""pattern_structure"":{""pole_low"":139.886,""pole_low_idx"":15,""peak_price"":151.92,""peak_idx"":40,""pole_gain"":0.0860271935719085,""flag_bars"":19,""flag_low"":138.2,""flag_high"":150.79,""structural_low"":138.2,""current_price"":143.5,""neckline_distance_pct"":0.05867595818815322,""base_bars"":19},""pattern_geometry_features"":{""pole_gain"":0.0860271935719085,""pullback_pct"":0.09031068983675619,""flag_range_pct"":0.08287256450763562,""flag_drift_per_bar"":-0.0031223118772541413,""atr_pct"":0.04420136120854594,""pole_atr_multiple"":1.9462566586133982},""_schema_version"":""1.0""}",,,,,,,,,,
20260608T171746Z-5e850b,2026-06-08T17:17:46.036346+00:00,VZ,vcp,forming,46.66,29.6,51.8,53.1,58.9,19.4,17.5,42.4,84.0,98.4,4.44,12.95,6.37,7.07,2.52,1.23,2.12,5.04,4.92,True,risk_unclear,45.275,48.275,45.1228,54.13,"{""trend"":{""T1_ema_stack"":{""value"":[false,false,true],""score"":33.33333333333333},""T2_ema50_slope"":{""value"":0.004366459878235199,""score"":50.7277433130392},""T3_high_proximity"":{""value"":0.8811794472557415,""score"":40.589723627870725},""T4_rs_1m"":{""value"":-0.051774850757917434,""score"":0},""T5_rs_3m"":{""value"":-0.19544543036185635,""score"":0},""T6_adr_healthy"":{""value"":2.1207900643427835,""score"":100.0},""_score"":29.57},""geometry"":{""sub_contraction_count"":100.0,""sub_reduction_rate"":0,""sub_pivot_tightness"":69.9,""sub_volume_dryup"":0,""sub_base_depth"":63.3,""sub_base_duration"":100.0,""_score"":51.81},""compression"":{""VC1_atr_ratio"":{""value"":0.48471492723560944,""score"":100},""VC2_range_contraction"":{""value"":1.1994038737781785,""score"":0},""VC3_range_pct_rank"":{""score"":52.5},""_score"":53.12},""sr_quality"":{""SR1_touches"":{""value"":3,""score"":50.0},""SR2_tightness"":{""value"":0.20700456248326726,""score"":59.706861017236946},""SR3_recency"":{""value"":238,""score"":0.0},""SR4_price_location"":{""score"":79.93173397103902},""SR5_reaction"":{""value"":3.0926411259955437,""score"":100},""_score"":58.94,""_levels_found"":5,""_target_level"":45.9623},""volume"":{""V1_rvol_day"":{""value"":0.31969503928480314,""score"":0},""V2_rvol_sameslot"":{""value"":0.7357583036090318,""score"":15.717220240602122,""status"":""ok""},""V3_breakout_bar"":{""value"":0.3640534361615859,""score"":0},""V4_base_dryup"":{""value"":0.6882999287130319,""score"":81.17000712869681},""V5_bo_expansion"":{""value"":0.31969503928480314,""score"":0},""_score"":19.38},""readiness"":{""_distance_atr"":2.92,""BR1_atr_distance"":{""score"":0},""BR2_compression"":{""score"":0},""BR3_retest"":{""score"":50.0},""BR4_bo_age"":{""score"":50.0},""_score"":17.5},""risk"":{""R1_stop_clarity"":{""score"":0},""R2_stop_distance_pct"":{""value"":0.33605742683599976,""score"":58.40143567089999},""R3_stop_distance_atr"":{""value"":0.14807888827868004,""score"":32.403944413934006},""R4_rr_potential"":{""value"":58.199145580020115,""score"":100.0},""_score"":42.38},""market"":{""M1_spy_regime"":{""score"":100.0},""M3_earnings_risk"":{""value"":null,""score"":80.0},""M4_vix"":{""value"":null,""score"":60.0},""_score"":84.0},""liquidity"":{""L1_price"":{""value"":45.275,""score"":100.0},""L2_dollar_vol"":{""value"":300142060.9270319,""score"":100.0},""L3_spread_proxy"":{""value"":0.01623412479293207,""score"":83.76587520706792},""L4_volume_zscore"":{""value"":-1.897138255710946,""score"":100.0},""_score"":98.38},""pattern_structure"":{""n_contractions"":5,""contractions_pct"":[5.33,14.34,4.92,3.27,5.11],""descending_strict"":false,""final_low"":45.81,""final_pivot"":48.275,""structural_low"":45.81,""dry_up_ratio"":1.0160993367931475,""current_price"":45.275,""neckline_distance_pct"":0.06626173384870238,""base_bars"":45},""pattern_geometry_features"":{""contraction_count"":5.0,""first_contraction_pct"":0.05332430078389631,""last_contraction_pct"":0.051061626100466,""dry_up_ratio"":1.0160993367931475,""near_monotone"":0.0,""base_depth_pct"":0.11332623633020414},""_schema_version"":""1.0""}",,,,,,,,,,
20260608T171746Z-5e850b,2026-06-08T17:17:46.036346+00:00,CCJ,double_bottom,absent,46.54,20.4,43.9,59.4,65.0,19.9,20.2,75.3,84.0,97.8,3.06,10.98,4.76,9.1,2.58,1.61,4.52,5.04,4.89,False,,106.19,122.3,101.1299,141.93,"{""trend"":{""T1_ema_stack"":{""value"":[false,false,true],""score"":33.33333333333333},""T2_ema50_slope"":{""value"":-0.17727828657622965,""score"":20.453618903961722},""T3_high_proximity"":{""value"":0.8396457657942595,""score"":19.822882897129745},""T4_rs_1m"":{""value"":-0.11869874034688888,""score"":0},""T5_rs_3m"":{""value"":-0.17854108590761353,""score"":0},""T6_adr_healthy"":{""value"":4.5475618472261985,""score"":100.0},""_score"":20.4},""geometry"":{""sub_low_similarity"":39.8,""sub_bounce_quality"":100,""sub_separation_fit"":0.0,""sub_right_bottom_reaction"":39.8,""sub_base_context"":30.0,""_score"":43.91},""compression"":{""VC1_atr_ratio"":{""value"":0.645184759637791,""score"":88.70381009055225},""VC2_range_contraction"":{""value"":1.089481496881296,""score"":0},""VC3_range_pct_rank"":{""score"":95.83333333333334},""_score"":59.44},""sr_quality"":{""SR1_touches"":{""value"":4,""score"":75.0},""SR2_tightness"":{""value"":1.5105959089048273,""score"":41.8591073239414},""SR3_recency"":{""value"":283,""score"":0.0},""SR4_price_location"":{""score"":84.94253065868051},""SR5_reaction"":{""value"":2.666575026873369,""score"":100},""_score"":65.01,""_levels_found"":5,""_target_level"":107.09},""volume"":{""V1_rvol_day"":{""value"":0.37126127883158333,""score"":0},""V2_rvol_sameslot"":{""value"":0.7594922473784479,""score"":17.29948315856319,""status"":""ok""},""V3_breakout_bar"":{""value"":0.5531685081130348,""score"":3.5445672075356502},""V4_base_dryup"":{""value"":0.7231138163624448,""score"":77.68861836375552},""V5_bo_expansion"":{""value"":0.37126127883158333,""score"":0},""_score"":19.88},""readiness"":{""_distance_atr"":3.1,""BR1_atr_distance"":{""score"":0},""BR2_compression"":{""score"":10.630040215697449},""BR3_retest"":{""score"":50.0},""BR4_bo_age"":{""score"":50.0},""_score"":20.16},""risk"":{""R1_stop_clarity"":{""score"":40.725457259658306},""R2_stop_distance_pct"":{""value"":4.765090874846976,""score"":100.0},""R3_stop_distance_atr"":{""value"":0.9737740657552181,""score"":73.6887032877609},""R4_rr_potential"":{""value"":7.063171312536434,""score"":100.0},""_score"":75.31},""market"":{""M1_spy_regime"":{""score"":100.0},""M3_earnings_risk"":{""value"":null,""score"":80.0},""M4_vix"":{""value"":null,""score"":60.0},""_score"":84.0},""liquidity"":{""L1_price"":{""value"":106.19,""score"":100.0},""L2_dollar_vol"":{""value"":120459577.07983625,""score"":100.0},""L3_spread_proxy"":{""value"":0.02236557114605895,""score"":77.63442885394105},""L4_volume_zscore"":{""value"":-2.442041712154181,""score"":100.0},""_score"":97.76},""pattern_structure"":{""left_low"":105.81,""left_idx"":29,""right_low"":102.67,""right_idx"":76,""separation_bars"":47,""structural_low"":102.67,""current_price"":106.1866,""neckline_distance_pct"":0.15174607718864713,""base_bars"":47},""pattern_geometry_features"":{""low_similarity_pct"":0.030122793553338453,""bounce_pct"":0.19119509106847177,""right_bottom_reaction"":0.39837398373983196,""atr_pct"":0.04893425531056193},""_schema_version"":""1.0""}",,,,,,,,,,
20260608T171746Z-5e850b,2026-06-08T17:17:46.036346+00:00,RTX,double_bottom,absent,46.5,39.4,36.3,52.5,55.9,24.7,42.2,49.6,84.0,97.8,5.91,9.09,4.2,7.82,3.21,3.38,2.97,5.04,4.89,True,risk_unclear,178.49,181.55,170.799,189.7,"{""trend"":{""T1_ema_stack"":{""value"":[true,false,true],""score"":66.66666666666666},""T2_ema50_slope"":{""value"":-0.18529415498859947,""score"":19.117640835233416},""T3_high_proximity"":{""value"":0.8611888449290747,""score"":30.594422464537306},""T4_rs_1m"":{""value"":-0.0035585957012898017,""score"":46.4414042987102},""T5_rs_3m"":{""value"":-0.23569146176905353,""score"":0},""T6_adr_healthy"":{""value"":2.195822382468074,""score"":100.0},""_score"":39.37},""geometry"":{""sub_low_similarity"":69.4,""sub_bounce_quality"":24.3,""sub_separation_fit"":26.7,""sub_right_bottom_reaction"":4.4,""sub_base_context"":30.0,""_score"":36.34},""compression"":{""VC1_atr_ratio"":{""value"":0.5845211923257284,""score"":100},""VC2_range_contraction"":{""value"":1.0276207545132598,""score"":0},""VC3_range_pct_rank"":{""score"":50.0},""_score"":52.5},""sr_quality"":{""SR1_touches"":{""value"":3,""score"":50.0},""SR2_tightness"":{""value"":0.9456429253276412,""score"":52.632677136969605},""SR3_recency"":{""value"":231,""score"":0.0},""SR4_price_location"":{""score"":71.81641998830824},""SR5_reaction"":{""value"":2.7279137067309738,""score"":100},""_score"":55.85,""_levels_found"":6,""_target_level"":181.2179},""volume"":{""V1_rvol_day"":{""value"":0.2785984491530594,""score"":0},""V2_rvol_sameslot"":{""value"":1.1362904568189633,""score"":42.41936378793089,""status"":""ok""},""V3_breakout_bar"":{""value"":0.7993194689191375,""score"":19.954631261275836},""V4_base_dryup"":{""value"":0.9408201910373157,""score"":55.917980896268425},""V5_bo_expansion"":{""value"":0.2785984491530594,""score"":0},""_score"":24.66},""readiness"":{""_distance_atr"":0.766,""BR1_atr_distance"":{""score"":48.908125862041175},""BR2_compression"":{""score"":20.596480677018487},""BR3_retest"":{""score"":50.0},""BR4_bo_age"":{""score"":50.0},""_score"":42.21},""risk"":{""R1_stop_clarity"":{""score"":0},""R2_stop_distance_pct"":{""value"":4.308924869740603,""score"":100.0},""R3_stop_distance_atr"":{""value"":1.926213745073731,""score"":100.0},""R4_rr_potential"":{""value"":1.4575477831231316,""score"":22.877389156156582},""_score"":49.58},""market"":{""M1_spy_regime"":{""score"":100.0},""M3_earnings_risk"":{""value"":null,""score"":80.0},""M4_vix"":{""value"":null,""score"":60.0},""_score"":84.0},""liquidity"":{""L1_price"":{""value"":178.49,""score"":100.0},""L2_dollar_vol"":{""value"":273781362.42144156,""score"":100.0},""L3_spread_proxy"":{""value"":0.021905989131043895,""score"":78.0940108689561},""L4_volume_zscore"":{""value"":-2.6125466992101103,""score"":100.0},""_score"":97.81},""pattern_structure"":{""left_low"":176.07,""left_idx"":23,""right_low"":173.4,""right_idx"":64,""separation_bars"":41,""structural_low"":173.4,""current_price"":178.72,""neckline_distance_pct"":0.015834825425246266,""base_bars"":41},""pattern_geometry_features"":{""low_similarity_pct"":0.015280281569233337,""bounce_pct"":0.047001153402537514,""right_bottom_reaction"":0.04417670682731455,""atr_pct"":0.02236992068383183},""_schema_version"":""1.0""}",,,,,,,,,,
20260608T171746Z-5e850b,2026-06-08T17:17:46.036346+00:00,PL,vcp,invalidated,46.42,54.3,35.0,36.3,59.9,40.2,18.5,36.8,84.0,91.6,8.14,8.75,4.35,7.19,5.23,1.29,1.84,5.04,4.58,False,,31.52,45.78,37.4497,35.3288,"{""trend"":{""T1_ema_stack"":{""value"":[false,true,true],""score"":66.66666666666666},""T2_ema50_slope"":{""value"":1.0690477432682248,""score"":100},""T3_high_proximity"":{""value"":0.6132295719844358,""score"":0},""T4_rs_1m"":{""value"":-0.11879349715893317,""score"":0},""T5_rs_3m"":{""value"":0.12789047983137758,""score"":100},""T6_adr_healthy"":{""value"":9.902436268217867,""score"":52.43909329455332},""_score"":54.29},""geometry"":{""sub_contraction_count"":100.0,""sub_reduction_rate"":0,""sub_pivot_tightness"":0,""sub_volume_dryup"":0,""sub_base_depth"":0.0,""sub_base_duration"":100.0,""_score"":35.0},""compression"":{""VC1_atr_ratio"":{""value"":0.7706352270310773,""score"":57.34119324223066},""VC2_range_contraction"":{""value"":1.29344196692983,""score"":0},""VC3_range_pct_rank"":{""score"":53.333333333333336},""_score"":36.27},""sr_quality"":{""SR1_touches"":{""value"":3,""score"":50.0},""SR2_tightness"":{""value"":0.6861381202061287,""score"":71.79114353583454},""SR3_recency"":{""value"":251,""score"":0.0},""SR4_price_location"":{""score"":92.80192971876535},""SR5_reaction"":{""value"":1.460028367628014,""score"":73.0014183814007},""_score"":59.92,""_levels_found"":5,""_target_level"":31.7826},""volume"":{""V1_rvol_day"":{""value"":0.9835476282566662,""score"":32.23650855044441},""V2_rvol_sameslot"":{""value"":2.113543356125814,""score"":100,""status"":""ok""},""V3_breakout_bar"":{""value"":0.628466514576148,""score"":8.564434305076533},""V4_base_dryup"":{""value"":0.9184778005012206,""score"":58.15221994987794},""V5_bo_expansion"":{""value"":0.9835476282566662,""score"":0},""_score"":40.22},""readiness"":{""_distance_atr"":2.931,""BR1_atr_distance"":{""score"":0},""BR2_compression"":{""score"":3.8602920615890177},""BR3_retest"":{""score"":50.0},""BR4_bo_age"":{""score"":50.0},""_score"":18.47},""risk"":{""R1_stop_clarity"":{""score"":76.55353875881336},""R2_stop_distance_pct"":{""value"":-18.8125,""score"":0.0},""R3_stop_distance_atr"":{""value"":-1.2189240857606845,""score"":0.0},""R4_rr_potential"":{""value"":null,""score"":50.0},""_score"":36.79},""market"":{""M1_spy_regime"":{""score"":100.0},""M3_earnings_risk"":{""value"":null,""score"":80.0},""M4_vix"":{""value"":null,""score"":60.0},""_score"":84.0},""liquidity"":{""L1_price"":{""value"":31.52,""score"":100.0},""L2_dollar_vol"":{""value"":414746396.987629,""score"":100.0},""L3_spread_proxy"":{""value"":0.08375634517766499,""score"":16.243654822335017},""L4_volume_zscore"":{""value"":-0.029693902743904488,""score"":100.0},""_score"":91.62},""pattern_structure"":{""n_contractions"":5,""contractions_pct"":[14.17,29.06,16.57,21.91,16.95],""descending_strict"":false,""final_low"":38.02,""final_pivot"":45.78,""structural_low"":38.02,""dry_up_ratio"":1.9673858893091385,""current_price"":31.52,""neckline_distance_pct"":0.4524111675126904,""base_bars"":51},""pattern_geometry_features"":{""contraction_count"":5.0,""first_contraction_pct"":0.14171091959026147,""last_contraction_pct"":0.16950633464394926,""dry_up_ratio"":1.9673858893091385,""near_monotone"":0.0,""base_depth_pct"":-0.3790952090769277},""_schema_version"":""1.0""}",,,,,,,,,,
20260608T171746Z-5e850b,2026-06-08T17:17:46.036346+00:00,INTC,bull_flag,absent,46.36,77.9,27.5,45.6,50.4,26.4,34.2,49.7,84.0,94.8,10.91,8.24,4.11,5.04,3.7,3.08,1.49,5.04,4.74,False,,110.4799,118.29,97.909,132.41,"{""trend"":{""T1_ema_stack"":{""value"":[true,true,true],""score"":100.0},""T2_ema50_slope"":{""value"":1.103582782745338,""score"":100},""T3_high_proximity"":{""value"":0.8535220951792336,""score"":26.761047589616783},""T4_rs_1m"":{""value"":-0.005387264172873163,""score"":44.61273582712684},""T5_rs_3m"":{""value"":1.330999302887952,""score"":100},""T6_adr_healthy"":{""value"":6.817423073624839,""score"":100.0},""_score"":77.94},""geometry"":{""sub_pole_impulse"":16.8,""sub_flag_tightness"":0,""sub_flag_shallowness"":0,""sub_flag_drift"":82.8,""sub_flag_duration"":100.0,""_score"":27.46},""compression"":{""VC1_atr_ratio"":{""value"":0.7115076051866087,""score"":72.12309870334782},""VC2_range_contraction"":{""value"":0.9374793850503264,""score"":10.420102491612274},""VC3_range_pct_rank"":{""score"":52.5},""_score"":45.62},""sr_quality"":{""SR1_touches"":{""value"":5,""score"":100},""SR2_tightness"":{""value"":2.034394258741408,""score"":54.5494852423291},""SR3_recency"":{""value"":275,""score"":0.0},""SR4_price_location"":{""score"":30.0},""SR5_reaction"":{""value"":0.6319837740106502,""score"":31.59918870053251},""_score"":50.42,""_levels_found"":2,""_target_level"":48.195},""volume"":{""V1_rvol_day"":{""value"":0.7112484880616881,""score"":14.08323253744587},""V2_rvol_sameslot"":{""value"":1.038650883201481,""score"":35.91005888009873,""status"":""ok""},""V3_breakout_bar"":{""value"":0.7120398311603717,""score"":14.135988744024782},""V4_base_dryup"":{""value"":0.8538975062522202,""score"":64.610249374778},""V5_bo_expansion"":{""value"":0.7112484880616881,""score"":0},""_score"":26.45},""readiness"":{""_distance_atr"":0.872,""BR1_atr_distance"":{""score"":41.838041178820426},""BR2_compression"":{""score"":0},""BR3_retest"":{""score"":50.0},""BR4_bo_age"":{""score"":50.0},""_score"":34.24},""risk"":{""R1_stop_clarity"":{""score"":66.68948645892678},""R2_stop_distance_pct"":{""value"":11.37844983567146,""score"":15.538754108213482},""R3_stop_distance_atr"":{""value"":1.404235864096168,""score"":95.2117932048084},""R4_rr_potential"":{""value"":1.7445131215744325,""score"":37.22565607872163},""_score"":49.73},""market"":{""M1_spy_regime"":{""score"":100.0},""M3_earnings_risk"":{""value"":null,""score"":80.0},""M4_vix"":{""value"":null,""score"":60.0},""_score"":84.0},""liquidity"":{""L1_price"":{""value"":110.4799,""score"":100.0},""L2_dollar_vol"":{""value"":9941012298.696365,""score"":100.0},""L3_spread_proxy"":{""value"":0.0516836094167356,""score"":48.3163905832644},""L4_volume_zscore"":{""value"":-1.086579435968976,""score"":100.0},""_score"":94.83},""pattern_structure"":{""pole_low"":104.17,""pole_low_idx"":33,""peak_price"":118.29,""peak_idx"":39,""pole_gain"":0.13554766247480085,""flag_bars"":20,""flag_low"":99.4,""flag_high"":114.5,""structural_low"":99.4,""current_price"":111.365,""neckline_distance_pct"":0.06218291204597505,""base_bars"":20},""pattern_geometry_features"":{""pole_gain"":0.13554766247480085,""pullback_pct"":0.15969228168061544,""flag_range_pct"":0.12765237974469518,""flag_drift_per_bar"":-0.0034494564881651793,""atr_pct"":0.08102947750159596,""pole_atr_multiple"":1.6728191598191053},""_schema_version"":""1.0""}",,,,,,,,,,
20260608T171746Z-5e850b,2026-06-08T17:17:46.036346+00:00,CW,bull_flag,absent,46.34,60.5,36.5,68.2,57.3,7.2,43.4,57.8,84.0,67.1,8.46,10.96,6.14,5.73,1.01,3.91,1.73,5.04,3.36,True,risk_unclear,730.38,751.5,717.4937,794.55,"{""trend"":{""T1_ema_stack"":{""value"":[false,true,true],""score"":66.66666666666666},""T2_ema50_slope"":{""value"":0.11301020742120929,""score"":68.83503457020154},""T3_high_proximity"":{""value"":0.97254327563249,""score"":86.27163781624498},""T4_rs_1m"":{""value"":-0.005018281690692961,""score"":44.98171830930704},""T5_rs_3m"":{""value"":-0.05900966288826193,""score"":20.495168555869036},""T6_adr_healthy"":{""value"":3.0231590276761215,""score"":100.0},""_score"":60.45},""geometry"":{""sub_pole_impulse"":23.5,""sub_flag_tightness"":23.1,""sub_flag_shallowness"":0,""sub_flag_drift"":91.3,""sub_flag_duration"":100.0,""_score"":36.52},""compression"":{""VC1_atr_ratio"":{""value"":0.36322420922374776,""score"":100},""VC2_range_contraction"":{""value"":0.9271968952652405,""score"":12.133850789126582},""VC3_range_pct_rank"":{""score"":95.83333333333334},""_score"":68.21},""sr_quality"":{""SR1_touches"":{""value"":4,""score"":75.0},""SR2_tightness"":{""value"":5.358953819718464,""score"":53.1219869335404},""SR3_recency"":{""value"":231,""score"":0.0},""SR4_price_location"":{""score"":47.43592080835201},""SR5_reaction"":{""value"":2.2163118783732947,""score"":100},""_score"":57.33,""_levels_found"":6,""_target_level"":754.3274},""volume"":{""V1_rvol_day"":{""value"":0.2381948051518948,""score"":0},""V2_rvol_sameslot"":{""value"":0.46595041514733815,""score"":0,""status"":""ok""},""V3_breakout_bar"":{""value"":0.5299999310131425,""score"":1.9999954008761645},""V4_base_dryup"":{""value"":1.1647198203391425,""score"":33.528017966085756},""V5_bo_expansion"":{""value"":0.23819480515189476,""score"":0},""_score"":7.21},""readiness"":{""_distance_atr"":0.924,""BR1_atr_distance"":{""score"":38.41685838501711},""BR2_compression"":{""score"":42.30979685450653},""BR3_retest"":{""score"":50.0},""BR4_bo_age"":{""score"":50.0},""_score"":43.44},""risk"":{""R1_stop_clarity"":{""score"":4.42103974037137},""R2_stop_distance_pct"":{""value"":1.76432815794518,""score"":94.1082039486295},""R3_stop_distance_atr"":{""value"":0.5636213336599107,""score"":53.181066682995535},""R4_rr_potential"":{""value"":4.979707130828859,""score"":100.0},""_score"":57.76},""market"":{""M1_spy_regime"":{""score"":100.0},""M3_earnings_risk"":{""value"":null,""score"":80.0},""M4_vix"":{""value"":null,""score"":60.0},""_score"":84.0},""liquidity"":{""L1_price"":{""value"":730.38,""score"":0.0},""L2_dollar_vol"":{""value"":48744014.13756882,""score"":84.39606455389553},""L3_spread_proxy"":{""value"":0.016292751718283635,""score"":83.70724828171636},""L4_volume_zscore"":{""value"":-1.3713850495870532,""score"":100.0},""_score"":67.13},""pattern_structure"":{""pole_low"":708.45,""pole_low_idx"":39,""peak_price"":751.5,""peak_idx"":50,""pole_gain"":0.06076646199449496,""flag_bars"":9,""flag_low"":728.42,""flag_high"":749.48,""structural_low"":728.42,""current_price"":731.59,""neckline_distance_pct"":0.027214696756379896,""base_bars"":9},""pattern_geometry_features"":{""pole_gain"":0.06076646199449496,""pullback_pct"":0.03071190951430478,""flag_range_pct"":0.028023952095808463,""flag_drift_per_bar"":-0.0017428933327865133,""atr_pct"":0.03130343109066514,""pole_atr_multiple"":1.9412077167673756},""_schema_version"":""1.0""}",,,,,,,,,,
20260608T171746Z-5e850b,2026-06-08T17:17:46.036346+00:00,DIOD,double_bottom,absent,46.26,64.0,48.8,35.8,37.4,4.3,25.7,80.3,84.0,77.6,9.61,12.21,2.86,5.24,0.56,2.06,4.82,5.04,3.88,False,,104.42,121.96,98.5591,143.86,"{""trend"":{""T1_ema_stack"":{""value"":[false,true,true],""score"":66.66666666666666},""T2_ema50_slope"":{""value"":0.4500250198111537,""score"":100},""T3_high_proximity"":{""value"":0.8984684219583549,""score"":49.234210979177405},""T4_rs_1m"":{""value"":-0.08579580652344809,""score"":0},""T5_rs_3m"":{""value"":0.5829458543667116,""score"":100},""T6_adr_healthy"":{""value"":5.796148441892017,""score"":100.0},""_score"":64.05},""geometry"":{""sub_low_similarity"":4.8,""sub_bounce_quality"":100,""sub_separation_fit"":0.0,""sub_right_bottom_reaction"":49.2,""sub_base_context"":100.0,""_score"":48.82},""compression"":{""VC1_atr_ratio"":{""value"":0.8214843524102714,""score"":44.62891189743215},""VC2_range_contraction"":{""value"":1.2697074576851963,""score"":0},""VC3_range_pct_rank"":{""score"":71.66666666666667},""_score"":35.77},""sr_quality"":{""SR1_touches"":{""value"":2,""score"":25.0},""SR2_tightness"":{""value"":1.3699999999999974,""score"":61.977374753809514},""SR3_recency"":{""value"":275,""score"":0.0},""SR4_price_location"":{""score"":30.0},""SR5_reaction"":{""value"":1.7488326082668482,""score"":87.44163041334241},""_score"":37.41,""_levels_found"":4,""_target_level"":73.68},""volume"":{""V1_rvol_day"":{""value"":0.14086544168030415,""score"":0},""V2_rvol_sameslot"":{""value"":0.3700880900685488,""score"":0,""status"":""ok""},""V3_breakout_bar"":{""value"":0.6375865390475343,""score"":9.172435936502284},""V4_base_dryup"":{""value"":1.4008246407350164,""score"":9.91753592649836},""V5_bo_expansion"":{""value"":0.14086544168030415,""score"":0},""_score"":4.28},""readiness"":{""_distance_atr"":2.434,""BR1_atr_distance"":{""score"":0},""BR2_compression"":{""score"":32.872639000939216},""BR3_retest"":{""score"":50.0},""BR4_bo_age"":{""score"":50.0},""_score"":25.72},""risk"":{""R1_stop_clarity"":{""score"":58.344410049629595},""R2_stop_distance_pct"":{""value"":5.612813637234247,""score"":100.0},""R3_stop_distance_atr"":{""value"":0.8133095047642273,""score"":65.66547523821136},""R4_rr_potential"":{""value"":6.729341909945568,""score"":100.0},""_score"":80.27},""market"":{""M1_spy_regime"":{""score"":100.0},""M3_earnings_risk"":{""value"":null,""score"":80.0},""M4_vix"":{""value"":null,""score"":60.0},""_score"":84.0},""liquidity"":{""L1_price"":{""value"":104.42,""score"":100.0},""L2_dollar_vol"":{""value"":10883239.2764249,""score"":51.837908878846406},""L3_spread_proxy"":{""value"":0.03179371767860567,""score"":68.20628232139433},""L4_volume_zscore"":{""value"":-2.574624125731562,""score"":100.0},""_score"":77.56},""pattern_structure"":{""left_low"":104.94,""left_idx"":29,""right_low"":100.06,""right_idx"":76,""separation_bars"":47,""structural_low"":100.06,""current_price"":105.08,""neckline_distance_pct"":0.16063951275218877,""base_bars"":47},""pattern_geometry_features"":{""low_similarity_pct"":0.047609756097560935,""bounce_pct"":0.21886867879272429,""right_bottom_reaction"":0.49197860962566814,""atr_pct"":0.06901202561085724},""_schema_version"":""1.0""}",,,,,,,,,,
20260608T171746Z-5e850b,2026-06-08T17:17:46.036346+00:00,TSM,bull_flag,absent,46.25,91.3,32.1,32.5,46.8,15.8,22.9,68.4,84.0,97.4,12.79,9.62,2.93,4.68,2.21,2.06,2.05,5.04,4.87,True,risk_unclear,428.68,450.1636,406.5982,485.6172,"{""trend"":{""T1_ema_stack"":{""value"":[true,true,true],""score"":100.0},""T2_ema50_slope"":{""value"":0.3046243794188498,""score"":100},""T3_high_proximity"":{""value"":0.959681210683024,""score"":79.84060534151199},""T4_rs_1m"":{""value"":0.02185227115912003,""score"":71.85227115912002},""T5_rs_3m"":{""value"":0.13649759573848597,""score"":100},""T6_adr_healthy"":{""value"":3.389412502637896,""score"":100.0},""_score"":91.35},""geometry"":{""sub_pole_impulse"":30.3,""sub_flag_tightness"":0,""sub_flag_shallowness"":0,""sub_flag_drift"":86.5,""sub_flag_duration"":100.0,""_score"":32.06},""compression"":{""VC1_atr_ratio"":{""value"":0.8140770917822485,""score"":46.48072705443787},""VC2_range_contraction"":{""value"":1.1231545048562943,""score"":0},""VC3_range_pct_rank"":{""score"":55.833333333333336},""_score"":32.55},""sr_quality"":{""SR1_touches"":{""value"":3,""score"":50.0},""SR2_tightness"":{""value"":3.161079281230112,""score"":61.83843358414596},""SR3_recency"":{""value"":240,""score"":0.0},""SR4_price_location"":{""score"":30.0},""SR5_reaction"":{""value"":2.0239247549426467,""score"":100},""_score"":46.78,""_levels_found"":6,""_target_level"":418.8233},""volume"":{""V1_rvol_day"":{""value"":0.606514565081056,""score"":7.100971005403729},""V2_rvol_sameslot"":{""value"":0.612110574476239,""score"":7.47403829841593,""status"":""ok""},""V3_breakout_bar"":{""value"":0.37079592863106303,""score"":0},""V4_base_dryup"":{""value"":0.8565754966504436,""score"":64.34245033495563},""V5_bo_expansion"":{""value"":0.606514565081056,""score"":0},""_score"":15.78},""readiness"":{""_distance_atr"":1.297,""BR1_atr_distance"":{""score"":13.547688904889625},""BR2_compression"":{""score"":0},""BR3_retest"":{""score"":50.0},""BR4_bo_age"":{""score"":50.0},""_score"":22.92},""risk"":{""R1_stop_clarity"":{""score"":25.249994071627796},""R2_stop_distance_pct"":{""value"":5.151126714565637,""score"":100.0},""R3_stop_distance_atr"":{""value"":1.3328959991031977,""score"":91.64479995515988},""R4_rr_potential"":{""value"":2.5784614966590222,""score"":78.92307483295112},""_score"":68.37},""market"":{""M1_spy_regime"":{""score"":100.0},""M3_earnings_risk"":{""value"":null,""score"":80.0},""M4_vix"":{""value"":null,""score"":60.0},""_score"":84.0},""liquidity"":{""L1_price"":{""value"":428.68,""score"":100.0},""L2_dollar_vol"":{""value"":3257048893.473794,""score"":100.0},""L3_spread_proxy"":{""value"":0.026313333955398033,""score"":73.68666604460196},""L4_volume_zscore"":{""value"":-1.3142308950948556,""score"":100.0},""_score"":97.37},""pattern_structure"":{""pole_low"":414.71,""pole_low_idx"":15,""peak_price"":450.1636,""peak_idx"":39,""pole_gain"":0.08549010151672252,""flag_bars"":20,""flag_low"":412.79,""flag_high"":448.01,""structural_low"":412.79,""current_price"":428.83,""neckline_distance_pct"":0.049748385140964926,""base_bars"":20},""pattern_geometry_features"":{""pole_gain"":0.08549010151672252,""pullback_pct"":0.08302226124013572,""flag_range_pct"":0.07823822272613773,""flag_drift_per_bar"":-0.0027057394670128164,""atr_pct"":0.03864612631466695,""pole_atr_multiple"":2.2121260180293256},""_schema_version"":""1.0""}",,,,,,,,,,
20260608T171746Z-5e850b,2026-06-08T17:17:46.036346+00:00,GOOG,vcp,absent,46.16,62.5,36.9,57.8,40.5,19.4,17.5,41.3,84.0,98.5,9.38,9.21,6.93,4.86,2.53,1.23,2.06,5.04,4.92,True,risk_unclear,358.68,390.0,349.0643,346.689,"{""trend"":{""T1_ema_stack"":{""value"":[false,true,true],""score"":66.66666666666666},""T2_ema50_slope"":{""value"":0.3288365215302585,""score"":100},""T3_high_proximity"":{""value"":0.8988572574178026,""score"":49.4286287089013},""T4_rs_1m"":{""value"":-0.10587013804117229,""score"":0},""T5_rs_3m"":{""value"":0.07924993657670187,""score"":89.62496828835094},""T6_adr_healthy"":{""value"":2.396075518381264,""score"":100.0},""_score"":62.52},""geometry"":{""sub_contraction_count"":100.0,""sub_reduction_rate"":0,""sub_pivot_tightness"":12.4,""sub_volume_dryup"":0,""sub_base_depth"":0.0,""sub_base_duration"":100.0,""_score"":36.86},""compression"":{""VC1_atr_ratio"":{""value"":0.6655192885627362,""score"":83.62017785931593},""VC2_range_contraction"":{""value"":0.9473545160638172,""score"":8.774247322697141},""VC3_range_pct_rank"":{""score"":85.0},""_score"":57.77},""sr_quality"":{""SR1_touches"":{""value"":2,""score"":25.0},""SR2_tightness"":{""value"":0.7300000000000182,""score"":84.79252661307805},""SR3_recency"":{""value"":234,""score"":0.0},""SR4_price_location"":{""score"":24.003741814780224},""SR5_reaction"":{""value"":1.9004133694820826,""score"":95.02066847410413},""_score"":40.47,""_levels_found"":7,""_target_level"":378.99},""volume"":{""V1_rvol_day"":{""value"":0.4656632036854636,""score"":0},""V2_rvol_sameslot"":{""value"":1.0274149872499887,""score"":35.16099914999924,""status"":""ok""},""V3_breakout_bar"":{""value"":0.6038883590747917,""score"":6.925890604986111},""V4_base_dryup"":{""value"":0.9657381587359077,""score"":53.426184126409225},""V5_bo_expansion"":{""value"":0.46566320368546366,""score"":0},""_score"":19.45},""readiness"":{""_distance_atr"":3.262,""BR1_atr_distance"":{""score"":0},""BR2_compression"":{""score"":0},""BR3_retest"":{""score"":50.0},""BR4_bo_age"":{""score"":50.0},""_score"":17.5},""risk"":{""R1_stop_clarity"":{""score"":0},""R2_stop_distance_pct"":{""value"":2.6808575889372155,""score"":100.0},""R3_stop_distance_atr"":{""value"":1.001578779771382,""score"":75.07893898856909},""R4_rr_potential"":{""value"":-1.2470230976423953,""score"":0.0},""_score"":41.26},""market"":{""M1_spy_regime"":{""score"":100.0},""M3_earnings_risk"":{""value"":null,""score"":80.0},""M4_vix"":{""value"":null,""score"":60.0},""_score"":84.0},""liquidity"":{""L1_price"":{""value"":358.68,""score"":100.0},""L2_dollar_vol"":{""value"":3691781591.596056,""score"":100.0},""L3_spread_proxy"":{""value"":0.015306122448979618,""score"":84.69387755102038},""L4_volume_zscore"":{""value"":-1.1319338055770325,""score"":100.0},""_score"":98.47},""pattern_structure"":{""n_contractions"":5,""contractions_pct"":[3.63,12.62,3.05,6.48,9.13],""descending_strict"":false,""final_low"":354.38,""final_pivot"":390.0,""structural_low"":354.38,""dry_up_ratio"":1.3905969615064633,""current_price"":358.68,""neckline_distance_pct"":0.08732017397122782,""base_bars"":58},""pattern_geometry_features"":{""contraction_count"":5.0,""first_contraction_pct"":0.03629066220034787,""last_contraction_pct"":0.09133333333333335,""dry_up_ratio"":1.3905969615064633,""near_monotone"":0.0,""base_depth_pct"":-0.13923277472200693},""_schema_version"":""1.0""}",,,,,,,,,,
20260608T171746Z-5e850b,2026-06-08T17:17:46.036346+00:00,COHU,vcp,setup,46.12,94.7,35.0,11.8,38.7,15.9,57.5,37.2,84.0,82.1,14.2,8.75,1.42,4.65,2.07,4.03,1.86,5.04,4.1,False,,53.51,52.4283,40.9267,41.5283,"{""trend"":{""T1_ema_stack"":{""value"":[true,true,true],""score"":100.0},""T2_ema50_slope"":{""value"":0.6195730607641624,""score"":100},""T3_high_proximity"":{""value"":0.9291543670776176,""score"":64.57718353880875},""T4_rs_1m"":{""value"":0.11376920682204883,""score"":100},""T5_rs_3m"":{""value"":0.8182028069310787,""score"":100},""T6_adr_healthy"":{""value"":5.683239642718699,""score"":100.0},""_score"":94.69},""geometry"":{""sub_contraction_count"":100.0,""sub_reduction_rate"":0,""sub_pivot_tightness"":0,""sub_volume_dryup"":0,""sub_base_depth"":0.0,""sub_base_duration"":100.0,""_score"":35.0},""compression"":{""VC1_atr_ratio"":{""value"":0.9731185918775377,""score"":6.720352030615579},""VC2_range_contraction"":{""value"":1.1702302105432014,""score"":0},""VC3_range_pct_rank"":{""score"":36.66666666666667},""_score"":11.85},""sr_quality"":{""SR1_touches"":{""value"":2,""score"":25.0},""SR2_tightness"":{""value"":0.7140999999999984,""score"":58.21768812676717},""SR3_recency"":{""value"":229,""score"":0.0},""SR4_price_location"":{""score"":30.0},""SR5_reaction"":{""value"":2.3862316554068865,""score"":100},""_score"":38.73,""_levels_found"":4,""_target_level"":51.7142},""volume"":{""V1_rvol_day"":{""value"":0.27499191378145127,""score"":0},""V2_rvol_sameslot"":{""value"":0.8417651034482592,""score"":22.784340229883945,""status"":""ok""},""V3_breakout_bar"":{""value"":0.606898321595063,""score"":7.126554773004197},""V4_base_dryup"":{""value"":1.0224510357785648,""score"":47.754896422143524},""V5_bo_expansion"":{""value"":0.27499191378145127,""score"":0},""_score"":15.89},""readiness"":{""_distance_atr"":-0.316,""BR1_atr_distance"":{""score"":100.0},""BR2_compression"":{""score"":0},""BR3_retest"":{""score"":50.0},""BR4_bo_age"":{""score"":50.0},""_score"":57.5},""risk"":{""R1_stop_clarity"":{""score"":63.53336244924749},""R2_stop_distance_pct"":{""value"":23.51569800037376,""score"":0.0},""R3_stop_distance_atr"":{""value"":3.681258058247151,""score"":100.0},""R4_rr_potential"":{""value"":-0.9521943853932805,""score"":0.0},""_score"":37.24},""market"":{""M1_spy_regime"":{""score"":100.0},""M3_earnings_risk"":{""value"":null,""score"":80.0},""M4_vix"":{""value"":null,""score"":60.0},""_score"":84.0},""liquidity"":{""L1_price"":{""value"":53.51,""score"":100.0},""L2_dollar_vol"":{""value"":22834316.421551928,""score"":67.92940074505643},""L3_spread_proxy"":{""value"":0.0508316202578957,""score"":49.1683797421043},""L4_volume_zscore"":{""value"":-1.2138374630496043,""score"":100.0},""_score"":82.09},""pattern_structure"":{""n_contractions"":5,""contractions_pct"":[10.46,19.19,16.55,13.42,20.75],""descending_strict"":false,""final_low"":41.55,""final_pivot"":52.4283,""structural_low"":41.55,""dry_up_ratio"":1.3557114041391913,""current_price"":53.51,""neckline_distance_pct"":-0.020214913100355034,""base_bars"":81},""pattern_geometry_features"":{""contraction_count"":5.0,""first_contraction_pct"":0.10463621533442079,""last_contraction_pct"":0.20748908509335612,""dry_up_ratio"":1.3557114041391913,""near_monotone"":0.0,""base_depth_pct"":-0.3556280587275693},""_schema_version"":""1.0""}",,,,,,,,,,
20260608T171746Z-5e850b,2026-06-08T17:17:46.036346+00:00,TT,ascending_triangle,absent,46.09,50.9,29.7,69.6,57.4,14.2,33.6,55.1,84.0,98.2,7.63,8.32,5.57,8.04,1.7,2.68,2.21,5.04,4.91,True,risk_unclear,460.02,471.79,445.3481,491.45,"{""trend"":{""T1_ema_stack"":{""value"":[false,true,true],""score"":66.66666666666666},""T2_ema50_slope"":{""value"":-0.00831499583026279,""score"":48.61416736162287},""T3_high_proximity"":{""value"":0.9339749055914239,""score"":66.98745279571195},""T4_rs_1m"":{""value"":-0.03406984682969272,""score"":15.930153170307278},""T5_rs_3m"":{""value"":-0.0168487863110085,""score"":41.57560684449575},""T6_adr_healthy"":{""value"":2.1705562019635534,""score"":100.0},""_score"":50.86},""geometry"":{""sub_flat_top_quality"":33.3,""sub_hl_slope"":15.7,""sub_compression"":0,""sub_duration"":100.0,""_score"":29.7},""compression"":{""VC1_atr_ratio"":{""value"":0.3881848689208997,""score"":100},""VC2_range_contraction"":{""value"":0.7998752683326682,""score"":33.3541219445553},""VC3_range_pct_rank"":{""score"":71.66666666666667},""_score"":69.59},""sr_quality"":{""SR1_touches"":{""value"":4,""score"":75.0},""SR2_tightness"":{""value"":2.7808775031453687,""score"":49.57114669487588},""SR3_recency"":{""value"":227,""score"":0.0},""SR4_price_location"":{""score"":49.93855984271316},""SR5_reaction"":{""value"":2.957386903343245,""score"":100},""_score"":57.42,""_levels_found"":8,""_target_level"":467.6587},""volume"":{""V1_rvol_day"":{""value"":0.2704401434457126,""score"":0},""V2_rvol_sameslot"":{""value"":0.6612090311621452,""score"":10.747268744143017,""status"":""ok""},""V3_breakout_bar"":{""value"":0.6337202799931702,""score"":8.91468533287801},""V4_base_dryup"":{""value"":1.009774423761734,""score"":49.02255762382659},""V5_bo_expansion"":{""value"":0.2704401434457126,""score"":0},""_score"":14.18},""readiness"":{""_distance_atr"":1.067,""BR1_atr_distance"":{""score"":28.85367985105796},""BR2_compression"":{""score"":18.068159416276337},""BR3_retest"":{""score"":50.0},""BR4_bo_age"":{""score"":50.0},""_score"":33.56},""risk"":{""R1_stop_clarity"":{""score"":0},""R2_stop_distance_pct"":{""value"":3.1894156775792317,""score"":100.0},""R3_stop_distance_atr"":{""value"":1.330316803622683,""score"":91.51584018113414},""R4_rr_potential"":{""value"":2.142182872760615,""score"":57.109143638030744},""_score"":55.15},""market"":{""M1_spy_regime"":{""score"":100.0},""M3_earnings_risk"":{""value"":null,""score"":80.0},""M4_vix"":{""value"":null,""score"":60.0},""_score"":84.0},""liquidity"":{""L1_price"":{""value"":460.02,""score"":100.0},""L2_dollar_vol"":{""value"":166080171.95234388,""score"":100.0},""L3_spread_proxy"":{""value"":0.018140515629755164,""score"":81.85948437024484},""L4_volume_zscore"":{""value"":-2.09882012395942,""score"":100.0},""_score"":98.19},""pattern_structure"":{""top"":471.79,""top_touches"":2,""low_slope_per_bar"":0.2124129828326163,""lowest_low"":452.13,""structural_low"":452.13,""current_price"":462.28,""neckline_distance_pct"":0.02057194773730217,""base_bars"":35},""pattern_geometry_features"":{""top_touches"":2.0,""low_slope"":0.2124129828326163,""compression"":-0.0658950579599904,""atr_pct"":0.023974858235977333},""_schema_version"":""1.0""}",,,,,,,,,,
20260608T171746Z-5e850b,2026-06-08T17:17:46.036346+00:00,AEVA,vcp,retest_hold,45.94,71.7,35.0,40.5,42.6,10.3,57.5,43.6,84.0,77.9,10.75,8.75,4.85,5.11,1.34,4.03,2.18,5.04,3.9,False,,22.855,22.16,17.07,22.77,"{""trend"":{""T1_ema_stack"":{""value"":[false,true,true],""score"":66.66666666666666},""T2_ema50_slope"":{""value"":1.2239677609331414,""score"":100},""T3_high_proximity"":{""value"":0.7803004438374872,""score"":0},""T4_rs_1m"":{""value"":0.6599016000868094,""score"":100},""T5_rs_3m"":{""value"":0.4555731127769944,""score"":100},""T6_adr_healthy"":{""value"":12.538763960320152,""score"":0.0},""_score"":71.67},""geometry"":{""sub_contraction_count"":100.0,""sub_reduction_rate"":0,""sub_pivot_tightness"":0,""sub_volume_dryup"":0,""sub_base_depth"":0.0,""sub_base_duration"":100.0,""_score"":35.0},""compression"":{""VC1_atr_ratio"":{""value"":0.6840115272798841,""score"":78.99711818002896},""VC2_range_contraction"":{""value"":0.9447735722197349,""score"":9.204404630044182},""VC3_range_pct_rank"":{""score"":22.499999999999996},""_score"":40.45},""sr_quality"":{""SR1_touches"":{""value"":2,""score"":25.0},""SR2_tightness"":{""value"":0.23000000000000043,""score"":83.84288459705054},""SR3_recency"":{""value"":240,""score"":0.0},""SR4_price_location"":{""score"":30.0},""SR5_reaction"":{""value"":2.053007381092161,""score"":100},""_score"":42.58,""_levels_found"":4,""_target_level"":22.39},""volume"":{""V1_rvol_day"":{""value"":0.3733469071123283,""score"":0},""V2_rvol_sameslot"":{""value"":0.5692654308099763,""score"":4.617695387331752,""status"":""ok""},""V3_breakout_bar"":{""value"":0.48361863527096066,""score"":0},""V4_base_dryup"":{""value"":1.0326821937383965,""score"":46.731780626160344},""V5_bo_expansion"":{""value"":0.3733469071123284,""score"":0},""_score"":10.27},""readiness"":{""_distance_atr"":-0.244,""BR1_atr_distance"":{""score"":100.0},""BR2_compression"":{""score"":0},""BR3_retest"":{""score"":50.0},""BR4_bo_age"":{""score"":50.0},""_score"":57.5},""risk"":{""R1_stop_clarity"":{""score"":81.73894717827521},""R2_stop_distance_pct"":{""value"":25.31152920586306,""score"":0.0},""R3_stop_distance_atr"":{""value"":2.0319153206585283,""score"":100.0},""R4_rr_potential"":{""value"":-0.014693298991347768,""score"":0.0},""_score"":43.61},""market"":{""M1_spy_regime"":{""score"":100.0},""M3_earnings_risk"":{""value"":null,""score"":80.0},""M4_vix"":{""value"":null,""score"":60.0},""_score"":84.0},""liquidity"":{""L1_price"":{""value"":22.855,""score"":100.0},""L2_dollar_vol"":{""value"":24862777.170636408,""score"":69.77748188406446},""L3_spread_proxy"":{""value"":0.11659155545832421,""score"":0},""L4_volume_zscore"":{""value"":-1.584742533213995,""score"":100.0},""_score"":77.91},""pattern_structure"":{""n_contractions"":5,""contractions_pct"":[24.19,30.54,21.51,25.83,21.8],""descending_strict"":false,""final_low"":17.33,""final_pivot"":22.16,""structural_low"":17.33,""dry_up_ratio"":1.2105736669665206,""current_price"":22.855,""neckline_distance_pct"":-0.030409100853205,""base_bars"":48},""pattern_geometry_features"":{""contraction_count"":5.0,""first_contraction_pct"":0.24191750278706808,""last_contraction_pct"":0.21796028880866433,""dry_up_ratio"":1.2105736669665206,""near_monotone"":0.0,""base_depth_pct"":0.034002229654403734},""_schema_version"":""1.0""}",,,,,,,,,,
20260608T171746Z-5e850b,2026-06-08T17:17:46.036346+00:00,AMZN,vcp,invalidated,45.93,58.4,39.2,46.5,62.7,20.0,17.5,10.0,84.0,98.2,8.76,9.79,5.58,7.52,2.59,1.23,0.5,5.04,4.91,True,risk_unclear,245.13,278.56,251.3621,243.84,"{""trend"":{""T1_ema_stack"":{""value"":[false,true,true],""score"":66.66666666666666},""T2_ema50_slope"":{""value"":0.2470695229935867,""score"":91.17825383226446},""T3_high_proximity"":{""value"":0.8914142332448453,""score"":45.7071166224226},""T4_rs_1m"":{""value"":-0.10925995735493843,""score"":0},""T5_rs_3m"":{""value"":0.05533504129468225,""score"":77.66752064734112},""T6_adr_healthy"":{""value"":2.3653448981706524,""score"":100.0},""_score"":58.41},""geometry"":{""sub_contraction_count"":100.0,""sub_reduction_rate"":0,""sub_pivot_tightness"":23.0,""sub_volume_dryup"":4.8,""sub_base_depth"":0.0,""sub_base_duration"":100.0,""_score"":39.17},""compression"":{""VC1_atr_ratio"":{""value"":0.7120006574644357,""score"":71.99983563389107},""VC2_range_contraction"":{""value"":1.069338702770733,""score"":0},""VC3_range_pct_rank"":{""score"":70.83333333333333},""_score"":46.51},""sr_quality"":{""SR1_touches"":{""value"":3,""score"":50.0},""SR2_tightness"":{""value"":1.0591374897633572,""score"":70.71024295987057},""SR3_recency"":{""value"":310,""score"":0.0},""SR4_price_location"":{""score"":88.31722353299325},""SR5_reaction"":{""value"":3.7607609159778597,""score"":100},""_score"":62.69,""_levels_found"":6,""_target_level"":247.6883},""volume"":{""V1_rvol_day"":{""value"":0.4132343359734624,""score"":0},""V2_rvol_sameslot"":{""value"":0.9089332670753536,""score"":27.262217805023575,""status"":""ok""},""V3_breakout_bar"":{""value"":0.6099095087435548,""score"":7.327300582903651},""V4_base_dryup"":{""value"":0.8663760596766137,""score"":63.36239403233863},""V5_bo_expansion"":{""value"":0.4132343359734623,""score"":0},""_score"":19.96},""readiness"":{""_distance_atr"":4.622,""BR1_atr_distance"":{""score"":0},""BR2_compression"":{""score"":0},""BR3_retest"":{""score"":50.0},""BR4_bo_age"":{""score"":50.0},""_score"":17.5},""risk"":{""R1_stop_clarity"":{""score"":0},""R2_stop_distance_pct"":{""value"":-2.5423856729082486,""score"":0.0},""R3_stop_distance_atr"":{""value"":-0.861730233807637,""score"":0.0},""R4_rr_potential"":{""value"":null,""score"":50.0},""_score"":10.0},""market"":{""M1_spy_regime"":{""score"":100.0},""M3_earnings_risk"":{""value"":null,""score"":80.0},""M4_vix"":{""value"":null,""score"":60.0},""_score"":84.0},""liquidity"":{""L1_price"":{""value"":245.13,""score"":100.0},""L2_dollar_vol"":{""value"":3989125883.9632115,""score"":100.0},""L3_spread_proxy"":{""value"":0.018479990209276716,""score"":81.5200097907233},""L4_volume_zscore"":{""value"":-2.456891418181949,""score"":100.0},""_score"":98.15},""pattern_structure"":{""n_contractions"":5,""contractions_pct"":[6.06,5.28,6.54,0.01,8.39],""descending_strict"":false,""final_low"":255.19,""final_pivot"":278.56,""structural_low"":255.19,""dry_up_ratio"":0.9761447062956233,""current_price"":245.13,""neckline_distance_pct"":0.13637661648920985,""base_bars"":52},""pattern_geometry_features"":{""contraction_count"":5.0,""first_contraction_pct"":0.06059781376150943,""last_contraction_pct"":0.08389574956921311,""dry_up_ratio"":0.9761447062956233,""near_monotone"":0.0,""base_depth_pct"":-0.157481743547875},""_schema_version"":""1.0""}",,,,,,,,,,
20260608T171746Z-5e850b,2026-06-08T17:17:46.036346+00:00,MSFT,vcp,forming,45.9,36.2,52.7,11.7,77.0,23.0,17.5,50.3,84.0,97.9,5.43,13.16,1.4,9.24,2.99,1.23,2.51,5.04,4.9,True,risk_unclear,408.925,432.7,405.1306,434.4499,"{""trend"":{""T1_ema_stack"":{""value"":[false,true,false],""score"":33.33333333333333},""T2_ema50_slope"":{""value"":0.12229643700891649,""score"":70.38273950148609},""T3_high_proximity"":{""value"":0.8879636063580301,""score"":43.98180317901501},""T4_rs_1m"":{""value"":-0.04138240684310568,""score"":8.617593156894323},""T5_rs_3m"":{""value"":-0.09405325318330193,""score"":2.9733734083490333},""T6_adr_healthy"":{""value"":2.6109459351640987,""score"":100.0},""_score"":36.18},""geometry"":{""sub_contraction_count"":100.0,""sub_reduction_rate"":27.4,""sub_pivot_tightness"":72.1,""sub_volume_dryup"":0,""sub_base_depth"":0.0,""sub_base_duration"":100.0,""_score"":52.66},""compression"":{""VC1_atr_ratio"":{""value"":1.0094612451338592,""score"":0},""VC2_range_contraction"":{""value"":1.1735412275694563,""score"":0},""VC3_range_pct_rank"":{""score"":46.666666666666664},""_score"":11.67},""sr_quality"":{""SR1_touches"":{""value"":6,""score"":100},""SR2_tightness"":{""value"":2.666539976573883,""score"":59.7719828663238},""SR3_recency"":{""value"":232,""score"":0.0},""SR4_price_location"":{""score"":94.46643903213737},""SR5_reaction"":{""value"":1.9199708189340743,""score"":95.99854094670371},""_score"":76.98,""_levels_found"":6,""_target_level"":409.6567},""volume"":{""V1_rvol_day"":{""value"":0.40154358952935326,""score"":0},""V2_rvol_sameslot"":{""value"":1.0283276918390944,""score"":35.2218461226063,""status"":""ok""},""V3_breakout_bar"":{""value"":0.7864393881218493,""score"":19.09595920812329},""V4_base_dryup"":{""value"":0.939226930753008,""score"":56.0773069246992},""V5_bo_expansion"":{""value"":0.4015435895293533,""score"":0},""_score"":23.03},""readiness"":{""_distance_atr"":1.793,""BR1_atr_distance"":{""score"":0},""BR2_compression"":{""score"":0},""BR3_retest"":{""score"":50.0},""BR4_bo_age"":{""score"":50.0},""_score"":17.5},""risk"":{""R1_stop_clarity"":{""score"":6.9255236266414215},""R2_stop_distance_pct"":{""value"":0.927896680320364,""score"":73.1974170080091},""R3_stop_distance_atr"":{""value"":0.28621593881028273,""score"":39.31079694051414},""R4_rr_potential"":{""value"":6.726989750557412,""score"":100.0},""_score"":50.28},""market"":{""M1_spy_regime"":{""score"":100.0},""M3_earnings_risk"":{""value"":null,""score"":80.0},""M4_vix"":{""value"":null,""score"":60.0},""_score"":84.0},""liquidity"":{""L1_price"":{""value"":408.925,""score"":100.0},""L2_dollar_vol"":{""value"":5921231006.252306,""score"":100.0},""L3_spread_proxy"":{""value"":0.020761508834138232,""score"":79.23849116586177},""L4_volume_zscore"":{""value"":-1.5631602463392416,""score"":100.0},""_score"":97.92},""pattern_structure"":{""n_contractions"":5,""contractions_pct"":[13.74,5.14,7.42,6.33,4.95],""descending_strict"":false,""final_low"":411.3001,""final_pivot"":432.7,""structural_low"":411.3001,""dry_up_ratio"":1.1485217273228188,""current_price"":408.925,""neckline_distance_pct"":0.058140245766338514,""base_bars"":52},""pattern_geometry_features"":{""contraction_count"":5.0,""first_contraction_pct"":0.13744098777387734,""last_contraction_pct"":0.04945666743702335,""dry_up_ratio"":1.1485217273228188,""near_monotone"":0.0,""base_depth_pct"":0.004236533107372049},""_schema_version"":""1.0""}",,,,,,,,,,
20260608T171746Z-5e850b,2026-06-08T17:17:46.036346+00:00,KEYS,vcp,absent,45.83,62.1,41.3,46.5,45.9,9.3,17.5,55.0,84.0,97.2,9.31,10.33,5.58,5.51,1.21,1.23,2.75,5.04,4.86,False,,333.2,359.05,321.2183,349.94,"{""trend"":{""T1_ema_stack"":{""value"":[false,true,true],""score"":66.66666666666666},""T2_ema50_slope"":{""value"":0.24419985182750897,""score"":90.69997530458483},""T3_high_proximity"":{""value"":0.9086942293007526,""score"":54.347114650376284},""T4_rs_1m"":{""value"":-0.0747986947265391,""score"":0},""T5_rs_3m"":{""value"":0.08860786938865517,""score"":94.30393469432758},""T6_adr_healthy"":{""value"":3.6476848326700186,""score"":100.0},""_score"":62.1},""geometry"":{""sub_contraction_count"":100.0,""sub_reduction_rate"":18.1,""sub_pivot_tightness"":11.9,""sub_volume_dryup"":0,""sub_base_depth"":0.0,""sub_base_duration"":100.0,""_score"":41.31},""compression"":{""VC1_atr_ratio"":{""value"":0.6638338050484944,""score"":84.0415487378764},""VC2_range_contraction"":{""value"":1.016368911302773,""score"":0},""VC3_range_pct_rank"":{""score"":51.66666666666666},""_score"":46.53},""sr_quality"":{""SR1_touches"":{""value"":3,""score"":50.0},""SR2_tightness"":{""value"":2.5675453041551117,""score"":64.07344274373152},""SR3_recency"":{""value"":227,""score"":0.0},""SR4_price_location"":{""score"":25.138182622153405},""SR5_reaction"":{""value"":2.1496085578557778,""score"":100},""_score"":45.9,""_levels_found"":5,""_target_level"":355.7733},""volume"":{""V1_rvol_day"":{""value"":0.3598138761107631,""score"":0},""V2_rvol_sameslot"":{""value"":0.7155300282890432,""score"":14.36866855260288,""status"":""ok""},""V3_breakout_bar"":{""value"":0.8882350771393774,""score"":25.882338475958495},""V4_base_dryup"":{""value"":1.7584370509136378,""score"":0},""V5_bo_expansion"":{""value"":0.3598138761107631,""score"":0},""_score"":9.34},""readiness"":{""_distance_atr"":1.809,""BR1_atr_distance"":{""score"":0},""BR2_compression"":{""score"":0},""BR3_retest"":{""score"":50.0},""BR4_bo_age"":{""score"":50.0},""_score"":17.5},""risk"":{""R1_stop_clarity"":{""score"":31.553245226784227},""R2_stop_distance_pct"":{""value"":3.59593337334934,""score"":100.0},""R3_stop_distance_atr"":{""value"":0.838270378429054,""score"":66.91351892145269},""R4_rr_potential"":{""value"":1.3971364544949991,""score"":19.856822724749957},""_score"":55.05},""market"":{""M1_spy_regime"":{""score"":100.0},""M3_earnings_risk"":{""value"":null,""score"":80.0},""M4_vix"":{""value"":null,""score"":60.0},""_score"":84.0},""liquidity"":{""L1_price"":{""value"":333.2,""score"":100.0},""L2_dollar_vol"":{""value"":227997041.374326,""score"":100.0},""L3_spread_proxy"":{""value"":0.027986194477791253,""score"":72.01380552220874},""L4_volume_zscore"":{""value"":-1.4566019583597207,""score"":100.0},""_score"":97.2},""pattern_structure"":{""n_contractions"":5,""contractions_pct"":[16.5,11.76,8.08,11.8,9.17],""descending_strict"":false,""final_low"":326.11,""final_pivot"":359.05,""structural_low"":326.11,""dry_up_ratio"":1.0449409071786877,""current_price"":333.2,""neckline_distance_pct"":0.07758103241296525,""base_bars"":63},""pattern_geometry_features"":{""contraction_count"":5.0,""first_contraction_pct"":0.16498422712933758,""last_contraction_pct"":0.09174209720094693,""dry_up_ratio"":1.0449409071786877,""near_monotone"":0.0,""base_depth_pct"":-0.028738170347003197},""_schema_version"":""1.0""}",,,,,,,,,,
20260608T171746Z-5e850b,2026-06-08T17:17:46.036346+00:00,QCOM,vcp,absent,45.79,81.6,45.0,18.4,39.8,10.9,29.2,39.4,84.0,96.6,12.24,11.26,2.21,4.77,1.42,2.05,1.97,5.04,4.83,False,,217.215,247.9,188.1547,241.33,"{""trend"":{""T1_ema_stack"":{""value"":[false,true,true],""score"":66.66666666666666},""T2_ema50_slope"":{""value"":0.9699595139607944,""score"":100},""T3_high_proximity"":{""value"":0.8653294558202533,""score"":32.66472791012664},""T4_rs_1m"":{""value"":0.059170240442045996,""score"":100},""T5_rs_3m"":{""value"":0.4798994617714232,""score"":100},""T6_adr_healthy"":{""value"":7.281697003049771,""score"":100.0},""_score"":81.57},""geometry"":{""sub_contraction_count"":100.0,""sub_reduction_rate"":0,""sub_pivot_tightness"":0,""sub_volume_dryup"":66.9,""sub_base_depth"":0.0,""sub_base_duration"":100.0,""_score"":45.03},""compression"":{""VC1_atr_ratio"":{""value"":0.9738407676880233,""score"":6.5398080779941745},""VC2_range_contraction"":{""value"":0.8938386744513224,""score"":17.69355425811294},""VC3_range_pct_rank"":{""score"":38.33333333333333},""_score"":18.39},""sr_quality"":{""SR1_touches"":{""value"":2,""score"":25.0},""SR2_tightness"":{""value"":3.285000000000011,""score"":65.23745148719674},""SR3_recency"":{""value"":237,""score"":0.0},""SR4_price_location"":{""score"":30.0},""SR5_reaction"":{""value"":2.2873439455228,""score"":100},""_score"":39.79,""_levels_found"":4,""_target_level"":187.735},""volume"":{""V1_rvol_day"":{""value"":0.36491055495477026,""score"":0},""V2_rvol_sameslot"":{""value"":0.4996911778666708,""score"":0,""status"":""ok""},""V3_breakout_bar"":{""value"":0.6048214976541076,""score"":6.988099843607176},""V4_base_dryup"":{""value"":1.0403097891378135,""score"":45.96902108621865},""V5_bo_expansion"":{""value"":0.36491055495477026,""score"":0},""_score"":10.94},""readiness"":{""_distance_atr"":1.624,""BR1_atr_distance"":{""score"":0},""BR2_compression"":{""score"":46.97189692761959},""BR3_retest"":{""score"":50.0},""BR4_bo_age"":{""score"":50.0},""_score"":29.24},""risk"":{""R1_stop_clarity"":{""score"":69.6788035757277},""R2_stop_distance_pct"":{""value"":13.378588034896294,""score"":0.0},""R3_stop_distance_atr"":{""value"":1.5376104848502476,""score"":100.0},""R4_rr_potential"":{""value"":0.8298262578156452,""score"":0.0},""_score"":39.39},""market"":{""M1_spy_regime"":{""score"":100.0},""M3_earnings_risk"":{""value"":null,""score"":80.0},""M4_vix"":{""value"":null,""score"":60.0},""_score"":84.0},""liquidity"":{""L1_price"":{""value"":217.215,""score"":100.0},""L2_dollar_vol"":{""value"":1949842716.9529188,""score"":100.0},""L3_spread_proxy"":{""value"":0.03360725548419773,""score"":66.39274451580226},""L4_volume_zscore"":{""value"":-1.9300898122728445,""score"":100.0},""_score"":96.64},""pattern_structure"":{""n_contractions"":5,""contractions_pct"":[16.92,3.35,6.33,4.66,22.94],""descending_strict"":false,""final_low"":191.02,""final_pivot"":247.9,""structural_low"":191.02,""dry_up_ratio"":0.665325984209294,""current_price"":217.215,""neckline_distance_pct"":0.14126556637432958,""base_bars"":92},""pattern_geometry_features"":{""contraction_count"":5.0,""first_contraction_pct"":0.16915153158037402,""last_contraction_pct"":0.22944735780556674,""dry_up_ratio"":0.665325984209294,""near_monotone"":0.0,""base_depth_pct"":-0.03561940905394428},""_schema_version"":""1.0""}",,,,,,,,,,
20260608T171746Z-5e850b,2026-06-08T17:17:46.036346+00:00,COF,vcp,absent,45.7,15.9,42.0,63.3,55.8,27.3,25.9,63.7,84.0,98.7,2.38,10.5,7.6,6.69,3.55,1.82,3.18,5.04,4.94,True,risk_unclear,181.17,192.03,174.3942,205.97,"{""trend"":{""T1_ema_stack"":{""value"":[false,false,false],""score"":0.0},""T2_ema50_slope"":{""value"":-0.14772900531373143,""score"":25.378499114378094},""T3_high_proximity"":{""value"":0.8774640383590836,""score"":38.73201917954178},""T4_rs_1m"":{""value"":-0.0725285877122892,""score"":0},""T5_rs_3m"":{""value"":-0.1174203903368447,""score"":0},""T6_adr_healthy"":{""value"":2.418262347147466,""score"":100.0},""_score"":15.89},""geometry"":{""sub_contraction_count"":100.0,""sub_reduction_rate"":0,""sub_pivot_tightness"":31.4,""sub_volume_dryup"":0,""sub_base_depth"":23.0,""sub_base_duration"":100.0,""_score"":42.01},""compression"":{""VC1_atr_ratio"":{""value"":0.5239686957206985,""score"":100},""VC2_range_contraction"":{""value"":1.196982715040648,""score"":0},""VC3_range_pct_rank"":{""score"":93.33333333333333},""_score"":63.33},""sr_quality"":{""SR1_touches"":{""value"":5,""score"":100},""SR2_tightness"":{""value"":1.0454152047870668,""score"":59.12577623333196},""SR3_recency"":{""value"":238,""score"":0.0},""SR4_price_location"":{""score"":7.537608316880785},""SR5_reaction"":{""value"":2.266687891596465,""score"":100},""_score"":55.75,""_levels_found"":9,""_target_level"":187.5487},""volume"":{""V1_rvol_day"":{""value"":0.396256006111845,""score"":0},""V2_rvol_sameslot"":{""value"":1.1345337933178643,""score"":42.30225288785762,""status"":""ok""},""V3_breakout_bar"":{""value"":0.746824348857009,""score"":16.454956590467265},""V4_base_dryup"":{""value"":0.7654474485952578,""score"":73.45525514047422},""V5_bo_expansion"":{""value"":0.396256006111845,""score"":0},""_score"":27.27},""readiness"":{""_distance_atr"":2.123,""BR1_atr_distance"":{""score"":0},""BR2_compression"":{""score"":33.72989492815267},""BR3_retest"":{""score"":50.0},""BR4_bo_age"":{""score"":50.0},""_score"":25.93},""risk"":{""R1_stop_clarity"":{""score"":0},""R2_stop_distance_pct"":{""value"":3.7399955842578727,""score"":100.0},""R3_stop_distance_atr"":{""value"":1.3246101664620957,""score"":91.23050832310479},""R4_rr_potential"":{""value"":3.6601114267793315,""score"":100.0},""_score"":63.68},""market"":{""M1_spy_regime"":{""score"":100.0},""M3_earnings_risk"":{""value"":null,""score"":80.0},""M4_vix"":{""value"":null,""score"":60.0},""_score"":84.0},""liquidity"":{""L1_price"":{""value"":181.17,""score"":100.0},""L2_dollar_vol"":{""value"":335179470.7073904,""score"":100.0},""L3_spread_proxy"":{""value"":0.012805100182149464,""score"":87.19489981785054},""L4_volume_zscore"":{""value"":-2.0159795096245894,""score"":100.0},""_score"":98.72},""pattern_structure"":{""n_contractions"":5,""contractions_pct"":[8.38,10.71,7.5,4.68,7.8],""descending_strict"":false,""final_low"":177.05,""final_pivot"":192.03,""structural_low"":177.05,""dry_up_ratio"":1.108480764842415,""current_price"":181.17,""neckline_distance_pct"":0.059943699287961665,""base_bars"":50},""pattern_geometry_features"":{""contraction_count"":5.0,""first_contraction_pct"":0.08382637834441603,""last_contraction_pct"":0.07800864448263287,""dry_up_ratio"":1.108480764842415,""near_monotone"":0.0,""base_depth_pct"":0.07298811456097176},""_schema_version"":""1.0""}",,,,,,,,,,
20260608T171746Z-5e850b,2026-06-08T17:17:46.036346+00:00,ETN,ascending_triangle,absent,45.63,63.2,26.5,67.8,57.1,10.7,17.5,67.1,84.0,98.0,9.48,7.43,5.42,8.0,1.28,1.4,2.69,5.04,4.9,True,risk_unclear,402.715,426.585,387.2724,460.0,"{""trend"":{""T1_ema_stack"":{""value"":[false,true,true],""score"":66.66666666666666},""T2_ema50_slope"":{""value"":0.0516622491491005,""score"":58.61037485818342},""T3_high_proximity"":{""value"":0.9300362578231449,""score"":65.01812891157243},""T4_rs_1m"":{""value"":-0.0043001562442226415,""score"":45.69984375577736},""T5_rs_3m"":{""value"":0.04516229366753155,""score"":72.58114683376577},""T6_adr_healthy"":{""value"":3.1915325413493103,""score"":100.0},""_score"":63.17},""geometry"":{""sub_flat_top_quality"":33.3,""sub_hl_slope"":5.1,""sub_compression"":0,""sub_duration"":100.0,""_score"":26.52},""compression"":{""VC1_atr_ratio"":{""value"":0.4947637965048378,""score"":100},""VC2_range_contraction"":{""value"":0.8559065855411878,""score"":24.015569076468697},""VC3_range_pct_rank"":{""score"":77.5},""_score"":67.78},""sr_quality"":{""SR1_touches"":{""value"":3,""score"":50.0},""SR2_tightness"":{""value"":3.522625283632777,""score"":48.71449818548551},""SR3_recency"":{""value"":233,""score"":0.0},""SR4_price_location"":{""score"":79.22856631465893},""SR5_reaction"":{""value"":2.2532303396102944,""score"":100},""_score"":57.11,""_levels_found"":8,""_target_level"":406.5833},""volume"":{""V1_rvol_day"":{""value"":0.31076249692233454,""score"":0},""V2_rvol_sameslot"":{""value"":0.7065357820719538,""score"":13.769052138130252,""status"":""ok""},""V3_breakout_bar"":{""value"":0.6080862034497452,""score"":7.2057468966496785},""V4_base_dryup"":{""value"":1.1927975796503003,""score"":30.72024203496997},""V5_bo_expansion"":{""value"":0.31076249692233454,""score"":0},""_score"":10.7},""readiness"":{""_distance_atr"":1.738,""BR1_atr_distance"":{""score"":0},""BR2_compression"":{""score"":0},""BR3_retest"":{""score"":50.0},""BR4_bo_age"":{""score"":50.0},""_score"":17.5},""risk"":{""R1_stop_clarity"":{""score"":14.138238707503263},""R2_stop_distance_pct"":{""value"":3.834610084054476,""score"":100.0},""R3_stop_distance_atr"":{""value"":1.1241316664101524,""score"":81.20658332050762},""R4_rr_potential"":{""value"":3.709555740470326,""score"":100.0},""_score"":67.13},""market"":{""M1_spy_regime"":{""score"":100.0},""M3_earnings_risk"":{""value"":null,""score"":80.0},""M4_vix"":{""value"":null,""score"":60.0},""_score"":84.0},""liquidity"":{""L1_price"":{""value"":402.715,""score"":100.0},""L2_dollar_vol"":{""value"":313896310.02505356,""score"":100.0},""L3_spread_proxy"":{""value"":0.019952075288975996,""score"":80.04792471102401},""L4_volume_zscore"":{""value"":-2.681991162989492,""score"":100.0},""_score"":98.0},""pattern_structure"":{""top"":426.585,""top_touches"":2,""low_slope_per_bar"":0.060339358218728524,""lowest_low"":393.17,""structural_low"":393.17,""current_price"":404.77,""neckline_distance_pct"":0.05389480445685203,""base_bars"":29},""pattern_geometry_features"":{""top_touches"":2.0,""low_slope"":0.060339358218728524,""compression"":-0.1490962495506356,""atr_pct"":0.03411175219625363},""_schema_version"":""1.0""}",,,,,,,,,,
20260608T171746Z-5e850b,2026-06-08T17:17:46.036346+00:00,LHX,vcp,invalidated,45.58,24.1,54.9,63.2,43.8,29.6,17.5,10.0,84.0,95.8,3.61,13.73,7.59,5.26,3.84,1.23,0.5,5.04,4.79,True,risk_unclear,301.0,364.27,339.7265,381.605,"{""trend"":{""T1_ema_stack"":{""value"":[false,false,true],""score"":33.33333333333333},""T2_ema50_slope"":{""value"":-0.2315800480639939,""score"":11.403325322667676},""T3_high_proximity"":{""value"":0.8160277612102153,""score"":8.013880605107603},""T4_rs_1m"":{""value"":-0.013829284884232185,""score"":36.17071511576782},""T5_rs_3m"":{""value"":-0.28211604931906553,""score"":0},""T6_adr_healthy"":{""value"":2.032435254629333,""score"":100.0},""_score"":24.05},""geometry"":{""sub_contraction_count"":100.0,""sub_reduction_rate"":3.9,""sub_pivot_tightness"":66.9,""sub_volume_dryup"":59.4,""sub_base_depth"":0.0,""sub_base_duration"":100.0,""_score"":54.92},""compression"":{""VC1_atr_ratio"":{""value"":0.5253206078455384,""score"":100},""VC2_range_contraction"":{""value"":0.7479810256496221,""score"":42.00316239172965},""VC3_range_pct_rank"":{""score"":34.166666666666664},""_score"":63.24},""sr_quality"":{""SR1_touches"":{""value"":2,""score"":25.0},""SR2_tightness"":{""value"":0.3199999999999932,""score"":89.60889552765032},""SR3_recency"":{""value"":231,""score"":0.0},""SR4_price_location"":{""score"":31.467418784704748},""SR5_reaction"":{""value"":2.2706186882158343,""score"":100},""_score"":43.81,""_levels_found"":5,""_target_level"":315.07},""volume"":{""V1_rvol_day"":{""value"":0.2594735528981278,""score"":0},""V2_rvol_sameslot"":{""value"":1.1929231412169097,""score"":46.19487608112731,""status"":""ok""},""V3_breakout_bar"":{""value"":1.2017821762276002,""score"":46.78547841517335},""V4_base_dryup"":{""value"":1.068883878720909,""score"":43.111612127909105},""V5_bo_expansion"":{""value"":0.25947355289812785,""score"":0},""_score"":29.56},""readiness"":{""_distance_atr"":10.273,""BR1_atr_distance"":{""score"":0},""BR2_compression"":{""score"":0},""BR3_retest"":{""score"":50.0},""BR4_bo_age"":{""score"":50.0},""_score"":17.5},""risk"":{""R1_stop_clarity"":{""score"":0},""R2_stop_distance_pct"":{""value"":-12.865946843853818,""score"":0.0},""R3_stop_distance_atr"":{""value"":-6.287673552319669,""score"":0.0},""R4_rr_potential"":{""value"":null,""score"":50.0},""_score"":10.0},""market"":{""M1_spy_regime"":{""score"":100.0},""M3_earnings_risk"":{""value"":null,""score"":80.0},""M4_vix"":{""value"":null,""score"":60.0},""_score"":84.0},""liquidity"":{""L1_price"":{""value"":301.0,""score"":100.0},""L2_dollar_vol"":{""value"":84304741.879435,""score"":96.29260015125772},""L3_spread_proxy"":{""value"":0.0268,""score"":73.2},""L4_volume_zscore"":{""value"":-2.3065252594242915,""score"":100.0},""_score"":95.84},""pattern_structure"":{""n_contractions"":5,""contractions_pct"":[9.1,6.32,4.73,8.9,5.32],""descending_strict"":false,""final_low"":344.9,""final_pivot"":364.27,""structural_low"":344.9,""dry_up_ratio"":0.7029696366733112,""current_price"":301.0,""neckline_distance_pct"":0.2101993355481727,""base_bars"":34},""pattern_geometry_features"":{""contraction_count"":5.0,""first_contraction_pct"":0.09097547172415696,""last_contraction_pct"":0.053174842836357664,""dry_up_ratio"":0.7029696366733112,""near_monotone"":0.0,""base_depth_pct"":0.047855673802918094},""_schema_version"":""1.0""}",,,,,,,,,,
20260608T171746Z-5e850b,2026-06-08T17:17:46.036346+00:00,VICR,vcp,absent,45.53,71.2,38.1,47.3,43.6,11.6,17.5,40.9,84.0,91.4,10.69,9.53,5.68,5.23,1.51,1.23,2.05,5.04,4.57,False,,271.56,316.82,227.535,257.67,"{""trend"":{""T1_ema_stack"":{""value"":[false,true,true],""score"":66.66666666666666},""T2_ema50_slope"":{""value"":0.919887643252927,""score"":100},""T3_high_proximity"":{""value"":0.7852185981956975,""score"":0},""T4_rs_1m"":{""value"":0.025874509613462493,""score"":75.8745096134625},""T5_rs_3m"":{""value"":0.5042612966093709,""score"":100},""T6_adr_healthy"":{""value"":8.474806628095763,""score"":88.12983429760592},""_score"":71.25},""geometry"":{""sub_contraction_count"":100.0,""sub_reduction_rate"":0,""sub_pivot_tightness"":0,""sub_volume_dryup"":20.9,""sub_base_depth"":0.0,""sub_base_duration"":100.0,""_score"":38.13},""compression"":{""VC1_atr_ratio"":{""value"":0.4616310831506601,""score"":100},""VC2_range_contraction"":{""value"":0.999351509836584,""score"":0.10808169390265818},""VC3_range_pct_rank"":{""score"":29.166666666666664},""_score"":47.33},""sr_quality"":{""SR1_touches"":{""value"":2,""score"":25.0},""SR2_tightness"":{""value"":1.25,""score"":90.64425029036236},""SR3_recency"":{""value"":237,""score"":0.0},""SR4_price_location"":{""score"":30.0},""SR5_reaction"":{""value"":3.3375701514161262,""score"":100},""_score"":43.6,""_levels_found"":5,""_target_level"":232.25},""volume"":{""V1_rvol_day"":{""value"":0.46451784390124323,""score"":0},""V2_rvol_sameslot"":{""value"":0.6279564700590334,""score"":8.530431337268896,""status"":""ok""},""V3_breakout_bar"":{""value"":0.3927323504469502,""score"":0},""V4_base_dryup"":{""value"":1.0031731685705587,""score"":49.68268314294413},""V5_bo_expansion"":{""value"":0.46451784390124323,""score"":0},""_score"":11.64},""readiness"":{""_distance_atr"":1.694,""BR1_atr_distance"":{""score"":0},""BR2_compression"":{""score"":0},""BR3_retest"":{""score"":50.0},""BR4_bo_age"":{""score"":50.0},""_score"":17.5},""risk"":{""R1_stop_clarity"":{""score"":74.06586180488448},""R2_stop_distance_pct"":{""value"":16.211886875828547,""score"":0.0},""R3_stop_distance_atr"":{""value"":1.647547523867186,""score"":100.0},""R4_rr_potential"":{""value"":-0.3155025553662701,""score"":0.0},""_score"":40.92},""market"":{""M1_spy_regime"":{""score"":100.0},""M3_earnings_risk"":{""value"":null,""score"":80.0},""M4_vix"":{""value"":null,""score"":60.0},""_score"":84.0},""liquidity"":{""L1_price"":{""value"":271.56,""score"":100.0},""L2_dollar_vol"":{""value"":113444017.71799104,""score"":100.0},""L3_spread_proxy"":{""value"":0.08599130947120351,""score"":14.008690528796492},""L4_volume_zscore"":{""value"":-1.2519162677133941,""score"":100.0},""_score"":91.4},""pattern_structure"":{""n_contractions"":5,""contractions_pct"":[26.68,24.72,28.3,20.56,27.09],""descending_strict"":false,""final_low"":231.0,""final_pivot"":316.82,""structural_low"":231.0,""dry_up_ratio"":0.8955700087990809,""current_price"":271.56,""neckline_distance_pct"":0.16666666666666663,""base_bars"":66},""pattern_geometry_features"":{""contraction_count"":5.0,""first_contraction_pct"":0.2668024439918533,""last_contraction_pct"":0.27087936367653553,""dry_up_ratio"":0.8955700087990809,""near_monotone"":0.0,""base_depth_pct"":-0.34419551934826886},""_schema_version"":""1.0""}",,,,,,,,,,
20260608T171746Z-5e850b,2026-06-08T17:17:46.036346+00:00,LMT,double_bottom,absent,45.39,24.2,49.8,68.1,40.3,24.9,17.5,62.2,84.0,95.9,3.64,12.45,5.45,5.64,3.24,1.4,3.73,5.04,4.79,True,risk_unclear,517.835,541.21,506.4279,568.28,"{""trend"":{""T1_ema_stack"":{""value"":[false,false,true],""score"":33.33333333333333},""T2_ema50_slope"":{""value"":-0.256562803790942,""score"":7.239532701509667},""T3_high_proximity"":{""value"":0.7932156916808357,""score"":0},""T4_rs_1m"":{""value"":-0.002644410564262678,""score"":47.35558943573732},""T5_rs_3m"":{""value"":-0.31317276979965114,""score"":0},""T6_adr_healthy"":{""value"":1.8895090444835734,""score"":100.0},""_score"":24.25},""geometry"":{""sub_low_similarity"":61.1,""sub_bounce_quality"":32.4,""sub_separation_fit"":46.7,""sub_right_bottom_reaction"":80.0,""sub_base_context"":30.0,""_score"":49.81},""compression"":{""VC1_atr_ratio"":{""value"":0.4197066299945883,""score"":100},""VC2_range_contraction"":{""value"":0.8252572048931158,""score"":29.1237991844807},""VC3_range_pct_rank"":{""score"":71.66666666666667},""_score"":68.11},""sr_quality"":{""SR1_touches"":{""value"":2,""score"":25.0},""SR2_tightness"":{""value"":0.5600000000000023,""score"":88.86773980329691},""SR3_recency"":{""value"":272,""score"":0.0},""SR4_price_location"":{""score"":17.904889484259908},""SR5_reaction"":{""value"":4.636288186385834,""score"":100},""_score"":40.31,""_levels_found"":4,""_target_level"":594.44},""volume"":{""V1_rvol_day"":{""value"":0.47749084300309447,""score"":0},""V2_rvol_sameslot"":{""value"":1.007033249769734,""score"":33.802216651315604,""status"":""ok""},""V3_breakout_bar"":{""value"":0.8973660755508435,""score"":26.49107170338956},""V4_base_dryup"":{""value"":0.9239146997611036,""score"":57.608530023889635},""V5_bo_expansion"":{""value"":0.47749084300309436,""score"":0},""_score"":24.9},""readiness"":{""_distance_atr"":2.323,""BR1_atr_distance"":{""score"":0},""BR2_compression"":{""score"":0},""BR3_retest"":{""score"":50.0},""BR4_bo_age"":{""score"":50.0},""_score"":17.5},""risk"":{""R1_stop_clarity"":{""score"":0},""R2_stop_distance_pct"":{""value"":2.202844535421528,""score"":100.0},""R3_stop_distance_atr"":{""value"":1.1338107615161797,""score"":81.69053807580899},""R4_rr_potential"":{""value"":4.422245794285992,""score"":100.0},""_score"":62.25},""market"":{""M1_spy_regime"":{""score"":100.0},""M3_earnings_risk"":{""value"":null,""score"":80.0},""M4_vix"":{""value"":null,""score"":60.0},""_score"":84.0},""liquidity"":{""L1_price"":{""value"":517.835,""score"":91.08249999999998},""L2_dollar_vol"":{""value"":287979174.5854762,""score"":100.0},""L3_spread_proxy"":{""value"":0.0188477024534842,""score"":81.1522975465158},""L4_volume_zscore"":{""value"":-1.711469344264289,""score"":100.0},""_score"":95.89},""pattern_structure"":{""left_low"":524.25,""left_idx"":29,""right_low"":514.14,""right_idx"":67,""separation_bars"":38,""structural_low"":514.14,""current_price"":517.98,""neckline_distance_pct"":0.044847291401212436,""base_bars"":38},""pattern_geometry_features"":{""low_similarity_pct"":0.019472452546731026,""bounce_pct"":0.05265102890263362,""right_bottom_reaction"":0.8000000000000211,""atr_pct"":0.019428679019378784},""_schema_version"":""1.0""}",,,,,,,,,,
20260608T171746Z-5e850b,2026-06-08T17:17:46.036346+00:00,GD,double_bottom,absent,45.37,38.5,35.5,65.8,48.6,28.7,17.5,59.6,84.0,98.1,5.77,8.87,5.26,6.81,3.73,1.4,3.58,5.04,4.9,True,risk_unclear,341.0928,351.36,335.1463,362.47,"{""trend"":{""T1_ema_stack"":{""value"":[false,false,true],""score"":33.33333333333333},""T2_ema50_slope"":{""value"":-0.005632836943002797,""score"":49.061193842832864},""T3_high_proximity"":{""value"":0.9573459822055067,""score"":78.67299110275333},""T4_rs_1m"":{""value"":-0.03240347828803769,""score"":17.59652171196231},""T5_rs_3m"":{""value"":-0.1505712571450738,""score"":0},""T6_adr_healthy"":{""value"":1.6424004920075959,""score"":100.0},""_score"":38.47},""geometry"":{""sub_low_similarity"":93.7,""sub_bounce_quality"":3.8,""sub_separation_fit"":0.0,""sub_right_bottom_reaction"":4.1,""sub_base_context"":30.0,""_score"":35.48},""compression"":{""VC1_atr_ratio"":{""value"":0.5218666049069255,""score"":100},""VC2_range_contraction"":{""value"":0.7687886679789099,""score"":38.535222003515024},""VC3_range_pct_rank"":{""score"":49.16666666666667},""_score"":65.78},""sr_quality"":{""SR1_touches"":{""value"":2,""score"":25.0},""SR2_tightness"":{""value"":0.4900000000000091,""score"":82.88823047378379},""SR3_recency"":{""value"":277,""score"":0.0},""SR4_price_location"":{""score"":54.781781101291585},""SR5_reaction"":{""value"":2.5728680446970884,""score"":100},""_score"":48.63,""_levels_found"":7,""_target_level"":343.31},""volume"":{""V1_rvol_day"":{""value"":0.30149845763062333,""score"":0},""V2_rvol_sameslot"":{""value"":1.2250575646815078,""score"":48.33717097876719,""status"":""ok""},""V3_breakout_bar"":{""value"":0.9525450851185548,""score"":30.169672341236993},""V4_base_dryup"":{""value"":0.9238858396394624,""score"":57.61141603605376},""V5_bo_expansion"":{""value"":0.30149845763062333,""score"":0},""_score"":28.73},""readiness"":{""_distance_atr"":1.793,""BR1_atr_distance"":{""score"":0},""BR2_compression"":{""score"":0},""BR3_retest"":{""score"":50.0},""BR4_bo_age"":{""score"":50.0},""_score"":17.5},""risk"":{""R1_stop_clarity"":{""score"":0},""R2_stop_distance_pct"":{""value"":1.7433818597167698,""score"":93.58454649291926},""R3_stop_distance_atr"":{""value"":1.0383264599603987,""score"":76.91632299801994},""R4_rr_potential"":{""value"":3.594891155375808,""score"":100.0},""_score"":59.61},""market"":{""M1_spy_regime"":{""score"":100.0},""M3_earnings_risk"":{""value"":null,""score"":80.0},""M4_vix"":{""value"":null,""score"":60.0},""_score"":84.0},""liquidity"":{""L1_price"":{""value"":341.0928,""score"":100.0},""L2_dollar_vol"":{""value"":102041251.76616967,""score"":100.0},""L3_spread_proxy"":{""value"":0.019144350159252768,""score"":80.85564984074723},""L4_volume_zscore"":{""value"":-2.054929188602348,""score"":100.0},""_score"":98.09},""pattern_structure"":{""left_low"":341.3225,""left_idx"":23,""right_low"":340.25,""right_idx"":70,""separation_bars"":47,""structural_low"":340.25,""current_price"":340.96,""neckline_distance_pct"":0.030502111684655192,""base_bars"":47},""pattern_geometry_features"":{""low_similarity_pct"":0.0031471340172908703,""bounce_pct"":0.032652461425422524,""right_bottom_reaction"":0.04081632653063237,""atr_pct"":0.01679030562105931},""_schema_version"":""1.0""}",,,,,,,,,,
20260608T171746Z-5e850b,2026-06-08T17:17:46.036346+00:00,AOSL,bull_flag,absent,45.33,87.1,25.4,23.9,43.2,39.9,22.0,82.3,84.0,79.7,12.19,7.61,2.15,4.32,5.58,1.98,2.47,5.04,3.99,False,,45.301,54.34,41.4685,65.5499,"{""trend"":{""T1_ema_stack"":{""value"":[true,true,true],""score"":100.0},""T2_ema50_slope"":{""value"":0.8033893034530256,""score"":100},""T3_high_proximity"":{""value"":0.8496061515378845,""score"":24.80307576894225},""T4_rs_1m"":{""value"":0.19673097119967276,""score"":100},""T5_rs_3m"":{""value"":1.1892976252110354,""score"":100},""T6_adr_healthy"":{""value"":9.329528784011472,""score"":66.76178039971319},""_score"":87.06},""geometry"":{""sub_pole_impulse"":31.1,""sub_flag_tightness"":0,""sub_flag_shallowness"":0,""sub_flag_drift"":40.2,""sub_flag_duration"":100.0,""_score"":25.36},""compression"":{""VC1_atr_ratio"":{""value"":0.8607847838200215,""score"":34.803804044994614},""VC2_range_contraction"":{""value"":1.341580363062726,""score"":0},""VC3_range_pct_rank"":{""score"":40.0},""_score"":23.92},""sr_quality"":{""SR1_touches"":{""value"":3,""score"":50.0},""SR2_tightness"":{""value"":1.2428326096283275,""score"":52.635243246519146},""SR3_recency"":{""value"":229,""score"":0.0},""SR4_price_location"":{""score"":30.0},""SR5_reaction"":{""value"":1.7066947594217574,""score"":85.33473797108788},""_score"":43.2,""_levels_found"":3,""_target_level"":44.2333},""volume"":{""V1_rvol_day"":{""value"":0.43624480149204375,""score"":0},""V2_rvol_sameslot"":{""value"":1.5747361362957704,""score"":71.64907575305136,""status"":""ok""},""V3_breakout_bar"":{""value"":1.100841964906836,""score"":40.05613099378906},""V4_base_dryup"":{""value"":0.7233989073663476,""score"":77.66010926336524},""V5_bo_expansion"":{""value"":0.43624480149204375,""score"":0},""_score"":39.88},""readiness"":{""_distance_atr"":1.722,""BR1_atr_distance"":{""score"":0},""BR2_compression"":{""score"":17.83338678718153},""BR3_retest"":{""score"":50.0},""BR4_bo_age"":{""score"":50.0},""_score"":21.96},""risk"":{""R1_stop_clarity"":{""score"":75.93332870565072},""R2_stop_distance_pct"":{""value"":8.460078143970339,""score"":88.49804640074153},""R3_stop_distance_atr"":{""value"":0.7302891348819741,""score"":61.5144567440987},""R4_rr_potential"":{""value"":5.2834703196347,""score"":100.0},""_score"":82.35},""market"":{""M1_spy_regime"":{""score"":100.0},""M3_earnings_risk"":{""value"":null,""score"":80.0},""M4_vix"":{""value"":null,""score"":60.0},""_score"":84.0},""liquidity"":{""L1_price"":{""value"":45.301,""score"":100.0},""L2_dollar_vol"":{""value"":19690818.87851315,""score"":64.71318887197613},""L3_spread_proxy"":{""value"":0.061588044414030575,""score"":38.41195558596942},""L4_volume_zscore"":{""value"":-1.4729423867664142,""score"":100.0},""_score"":79.73},""pattern_structure"":{""pole_low"":43.1301,""pole_low_idx"":28,""peak_price"":54.34,""peak_idx"":39,""pole_gain"":0.259908973083763,""flag_bars"":20,""flag_low"":42.1,""flag_high"":54.3,""structural_low"":42.1,""current_price"":45.42,""neckline_distance_pct"":0.1963892558344342,""base_bars"":20},""pattern_geometry_features"":{""pole_gain"":0.259908973083763,""pullback_pct"":0.2252484357747516,""flag_range_pct"":0.22451232977548757,""flag_drift_per_bar"":-0.011969060696655782,""atr_pct"":0.11584559785813624,""pole_atr_multiple"":2.243580920546034},""_schema_version"":""1.0""}",,,,,,,,,,
20260608T171746Z-5e850b,2026-06-08T17:17:46.036346+00:00,RKLB,vcp,absent,45.31,76.3,37.9,49.8,34.3,7.2,17.5,46.4,84.0,95.4,11.44,9.48,5.98,4.12,0.94,1.23,2.32,5.04,4.77,False,,113.885,138.38,113.5016,101.35,"{""trend"":{""T1_ema_stack"":{""value"":[false,true,true],""score"":66.66666666666666},""T2_ema50_slope"":{""value"":1.3326794123156984,""score"":100},""T3_high_proximity"":{""value"":0.7580709578646077,""score"":0},""T4_rs_1m"":{""value"":0.4360557148329236,""score"":100},""T5_rs_3m"":{""value"":0.5003742434967515,""score"":100},""T6_adr_healthy"":{""value"":8.298559164387456,""score"":92.53602089031361},""_score"":76.29},""geometry"":{""sub_contraction_count"":100.0,""sub_reduction_rate"":0,""sub_pivot_tightness"":0,""sub_volume_dryup"":19.4,""sub_base_depth"":0.0,""sub_base_duration"":100.0,""_score"":37.91},""compression"":{""VC1_atr_ratio"":{""value"":0.8054133542302147,""score"":48.64666144244634},""VC2_range_contraction"":{""value"":0.8899078212830267,""score"":18.348696452828882},""VC3_range_pct_rank"":{""score"":95.83333333333334},""_score"":49.84},""sr_quality"":{""SR1_touches"":{""value"":2,""score"":25.0},""SR2_tightness"":{""value"":1.6149999999999949,""score"":72.98682555176299},""SR3_recency"":{""value"":256,""score"":0.0},""SR4_price_location"":{""score"":30.0},""SR5_reaction"":{""value"":1.1173251103047914,""score"":55.86625551523957},""_score"":34.33,""_levels_found"":3,""_target_level"":91.485},""volume"":{""V1_rvol_day"":{""value"":0.29778203077553766,""score"":0},""V2_rvol_sameslot"":{""value"":0.41168556966914943,""score"":0,""status"":""ok""},""V3_breakout_bar"":{""value"":0.4978870216200881,""score"":0},""V4_base_dryup"":{""value"":1.1394136147505887,""score"":36.05863852494113},""V5_bo_expansion"":{""value"":0.29778203077553766,""score"":0},""_score"":7.21},""readiness"":{""_distance_atr"":2.049,""BR1_atr_distance"":{""score"":0},""BR2_compression"":{""score"":0},""BR3_retest"":{""score"":50.0},""BR4_bo_age"":{""score"":50.0},""_score"":17.5},""risk"":{""R1_stop_clarity"":{""score"":71.08921277086361},""R2_stop_distance_pct"":{""value"":0.3366993019273796,""score"":58.41748254818449},""R3_stop_distance_atr"":{""value"":0.03206873604388983,""score"":26.60343680219449},""R4_rr_potential"":{""value"":-32.69005085408823,""score"":0.0},""_score"":46.4},""market"":{""M1_spy_regime"":{""score"":100.0},""M3_earnings_risk"":{""value"":null,""score"":80.0},""M4_vix"":{""value"":null,""score"":60.0},""_score"":84.0},""liquidity"":{""L1_price"":{""value"":113.885,""score"":100.0},""L2_dollar_vol"":{""value"":956601100.5290238,""score"":100.0},""L3_spread_proxy"":{""value"":0.046098257013654095,""score"":53.9017429863459},""L4_volume_zscore"":{""value"":-2.1395478720146746,""score"":100.0},""_score"":95.39},""pattern_structure"":{""n_contractions"":5,""contractions_pct"":[18.03,10.21,25.22,20.53,16.73],""descending_strict"":false,""final_low"":115.23,""final_pivot"":138.38,""structural_low"":115.23,""dry_up_ratio"":0.9028814310456846,""current_price"":113.885,""neckline_distance_pct"":0.21508539315976632,""base_bars"":61},""pattern_geometry_features"":{""contraction_count"":5.0,""first_contraction_pct"":0.1803069053708441,""last_contraction_pct"":0.16729296141060843,""dry_up_ratio"":0.9028814310456846,""near_monotone"":0.0,""base_depth_pct"":-0.47352941176470587},""_schema_version"":""1.0""}",,,,,,,,,,
20260608T171746Z-5e850b,2026-06-08T17:17:46.036346+00:00,AMZN,double_bottom,invalidated,45.29,58.4,36.0,46.5,62.7,21.0,17.5,16.1,84.0,98.2,8.76,9.0,3.72,8.78,2.72,1.4,0.96,5.04,4.91,True,risk_unclear,245.13,274.75,248.2299,297.4899,"{""trend"":{""T1_ema_stack"":{""value"":[false,true,true],""score"":66.66666666666666},""T2_ema50_slope"":{""value"":0.2470695229935867,""score"":91.17825383226446},""T3_high_proximity"":{""value"":0.8914142332448453,""score"":45.7071166224226},""T4_rs_1m"":{""value"":-0.10925995735493843,""score"":0},""T5_rs_3m"":{""value"":0.05533504129468225,""score"":77.66752064734112},""T6_adr_healthy"":{""value"":2.3653448981706524,""score"":100.0},""_score"":58.41},""geometry"":{""sub_low_similarity"":21.7,""sub_bounce_quality"":86.0,""sub_separation_fit"":0.0,""sub_right_bottom_reaction"":41.9,""sub_base_context"":30.0,""_score"":36.0},""compression"":{""VC1_atr_ratio"":{""value"":0.7120006574644357,""score"":71.99983563389107},""VC2_range_contraction"":{""value"":1.069338702770733,""score"":0},""VC3_range_pct_rank"":{""score"":70.83333333333333},""_score"":46.51},""sr_quality"":{""SR1_touches"":{""value"":3,""score"":50.0},""SR2_tightness"":{""value"":1.0591374897633572,""score"":70.71024295987057},""SR3_recency"":{""value"":310,""score"":0.0},""SR4_price_location"":{""score"":88.31722353299325},""SR5_reaction"":{""value"":3.7607609159778597,""score"":100},""_score"":62.69,""_levels_found"":6,""_target_level"":247.6883},""volume"":{""V1_rvol_day"":{""value"":0.4132343359734624,""score"":0},""V2_rvol_sameslot"":{""value"":0.9089332670753536,""score"":27.262217805023575,""status"":""ok""},""V3_breakout_bar"":{""value"":0.6099095087435548,""score"":7.327300582903651},""V4_base_dryup"":{""value"":0.8162793281668083,""score"":68.37206718331917},""V5_bo_expansion"":{""value"":0.4132343359734623,""score"":0},""_score"":20.96},""readiness"":{""_distance_atr"":4.096,""BR1_atr_distance"":{""score"":0},""BR2_compression"":{""score"":0},""BR3_retest"":{""score"":50.0},""BR4_bo_age"":{""score"":50.0},""_score"":17.5},""risk"":{""R1_stop_clarity"":{""score"":0},""R2_stop_distance_pct"":{""value"":-1.2646140823236578,""score"":18.38464794190855},""R3_stop_distance_atr"":{""value"":-0.42863527766446935,""score"":3.5682361167765353},""R4_rr_potential"":{""value"":null,""score"":50.0},""_score"":16.05},""market"":{""M1_spy_regime"":{""score"":100.0},""M3_earnings_risk"":{""value"":null,""score"":80.0},""M4_vix"":{""value"":null,""score"":60.0},""_score"":84.0},""liquidity"":{""L1_price"":{""value"":245.13,""score"":100.0},""L2_dollar_vol"":{""value"":3989125883.9632115,""score"":100.0},""L3_spread_proxy"":{""value"":0.018479990209276716,""score"":81.5200097907233},""L4_volume_zscore"":{""value"":-2.456891418181949,""score"":100.0},""_score"":98.15},""pattern_structure"":{""left_low"":262.07,""left_idx"":26,""right_low"":252.0101,""right_idx"":71,""separation_bars"":45,""structural_low"":252.0101,""current_price"":246.46,""neckline_distance_pct"":0.11478536070761987,""base_bars"":45},""pattern_geometry_features"":{""low_similarity_pct"":0.039137480715553855,""bounce_pct"":0.09023408188798784,""right_bottom_reaction"":0.41875100116707675,""atr_pct"":0.029503266488335633},""_schema_version"":""1.0""}",,,,,,,,,,
20260608T171746Z-5e850b,2026-06-08T17:17:46.036346+00:00,MU,vcp,breakout_confirmed,45.2,90.9,35.0,15.1,54.9,15.0,27.5,39.8,84.0,70.1,13.63,8.75,1.81,6.59,1.96,1.92,1.99,5.04,3.5,False,,948.6,818.67,642.4269,431.21,"{""trend"":{""T1_ema_stack"":{""value"":[true,true,true],""score"":100.0},""T2_ema50_slope"":{""value"":1.1809823127583952,""score"":100},""T3_high_proximity"":{""value"":0.8786831794140261,""score"":39.341589707013014},""T4_rs_1m"":{""value"":0.4537587607247462,""score"":100},""T5_rs_3m"":{""value"":1.3436874247995967,""score"":100},""T6_adr_healthy"":{""value"":6.55686754559115,""score"":100.0},""_score"":90.9},""geometry"":{""sub_contraction_count"":100.0,""sub_reduction_rate"":0,""sub_pivot_tightness"":0,""sub_volume_dryup"":0,""sub_base_depth"":0.0,""sub_base_duration"":100.0,""_score"":35.0},""compression"":{""VC1_atr_ratio"":{""value"":1.1256518642146693,""score"":0},""VC2_range_contraction"":{""value"":0.9731355603029136,""score"":4.477406616181067},""VC3_range_pct_rank"":{""score"":54.16666666666667},""_score"":15.11},""sr_quality"":{""SR1_touches"":{""value"":5,""score"":100},""SR2_tightness"":{""value"":13.824114857798305,""score"":62.69257746620865},""SR3_recency"":{""value"":258,""score"":0.0},""SR4_price_location"":{""score"":30.0},""SR5_reaction"":{""value"":1.0671224034573696,""score"":53.35612017286848},""_score"":54.91,""_levels_found"":2,""_target_level"":447.68},""volume"":{""V1_rvol_day"":{""value"":0.6513036442624811,""score"":10.08690961749874},""V2_rvol_sameslot"":{""value"":1.012488803997386,""score"":34.16592026649241,""status"":""ok""},""V3_breakout_bar"":{""value"":0.6191878247401171,""score"":7.945854982674476},""V4_base_dryup"":{""value"":1.2900857307649187,""score"":20.99142692350813},""V5_bo_expansion"":{""value"":0.651303644262481,""score"":0},""_score"":15.04},""readiness"":{""_distance_atr"":-1.753,""BR1_atr_distance"":{""score"":24.93552419321025},""BR2_compression"":{""score"":0},""BR3_retest"":{""score"":50.0},""BR4_bo_age"":{""score"":50.0},""_score"":27.47},""risk"":{""R1_stop_clarity"":{""score"":73.5980122766725},""R2_stop_distance_pct"":{""value"":32.276317731393625,""score"":0.0},""R3_stop_distance_atr"":{""value"":4.131378823544833,""score"":93.43105882275835},""R4_rr_potential"":{""value"":-1.6898607862903725,""score"":0.0},""_score"":39.77},""market"":{""M1_spy_regime"":{""score"":100.0},""M3_earnings_risk"":{""value"":null,""score"":80.0},""M4_vix"":{""value"":null,""score"":60.0},""_score"":84.0},""liquidity"":{""L1_price"":{""value"":948.6,""score"":0.0},""L2_dollar_vol"":{""value"":33999788664.068687,""score"":100.0},""L3_spread_proxy"":{""value"":0.04896689858739199,""score"":51.03310141260801},""L4_volume_zscore"":{""value"":-1.4184719313779333,""score"":100.0},""_score"":70.1},""pattern_structure"":{""n_contractions"":5,""contractions_pct"":[16.26,20.11,18.13,33.91,20.33],""descending_strict"":false,""final_low"":652.21,""final_pivot"":818.67,""structural_low"":652.21,""dry_up_ratio"":1.1049099372002003,""current_price"":948.6,""neckline_distance_pct"":-0.13697027197975972,""base_bars"":109},""pattern_geometry_features"":{""contraction_count"":5.0,""first_contraction_pct"":0.16264400377714827,""last_contraction_pct"":0.20332979100247955,""dry_up_ratio"":1.1049099372002003,""near_monotone"":0.0,""base_depth_pct"":-1.463493862134089},""_schema_version"":""1.0""}",,,,,,,,,,
20260608T171746Z-5e850b,2026-06-08T17:17:46.036346+00:00,SBGSY,ascending_triangle,absent,45.17,53.6,32.4,54.6,55.4,21.1,17.5,67.9,84.0,85.0,8.04,9.06,4.37,7.76,2.54,1.4,2.71,5.04,4.25,True,risk_unclear,62.35,67.1499,59.7304,73.6598,"{""trend"":{""T1_ema_stack"":{""value"":[false,true,true],""score"":66.66666666666666},""T2_ema50_slope"":{""value"":0.08210195819981803,""score"":63.683659699969674},""T3_high_proximity"":{""value"":0.9332435264182009,""score"":66.62176320910041},""T4_rs_1m"":{""value"":-0.03396353449139744,""score"":16.03646550860256},""T5_rs_3m"":{""value"":-0.020272715911810346,""score"":39.86364204409483},""T6_adr_healthy"":{""value"":2.189361444216003,""score"":100.0},""_score"":53.58},""geometry"":{""sub_flat_top_quality"":33.3,""sub_hl_slope"":5.7,""sub_compression"":22.6,""sub_duration"":100.0,""_score"":32.35},""compression"":{""VC1_atr_ratio"":{""value"":0.7693715274312148,""score"":57.65711814219628},""VC2_range_contraction"":{""value"":0.8371132427948216,""score"":27.14779286752974},""VC3_range_pct_rank"":{""score"":88.33333333333333},""_score"":54.65},""sr_quality"":{""SR1_touches"":{""value"":3,""score"":50.0},""SR2_tightness"":{""value"":0.20154955277108139,""score"":80.87622593989022},""SR3_recency"":{""value"":254,""score"":0.0},""SR4_price_location"":{""score"":53.18295739348381},""SR5_reaction"":{""value"":3.018884122110844,""score"":100},""_score"":55.43,""_levels_found"":5,""_target_level"":65.4633},""volume"":{""V1_rvol_day"":{""value"":1.0010473203133652,""score"":33.40315468755768},""V2_rvol_sameslot"":{""value"":0.6138202719784541,""score"":7.588018131896941,""status"":""ok""},""V3_breakout_bar"":{""value"":0.471279353239371,""score"":0},""V4_base_dryup"":{""value"":0.853047289422431,""score"":64.6952710577569},""V5_bo_expansion"":{""value"":1.0010473203133652,""score"":0.06982135422434568},""_score"":21.15},""readiness"":{""_distance_atr"":2.277,""BR1_atr_distance"":{""score"":0},""BR2_compression"":{""score"":0},""BR3_retest"":{""score"":50.0},""BR4_bo_age"":{""score"":50.0},""_score"":17.5},""risk"":{""R1_stop_clarity"":{""score"":13.693755972592456},""R2_stop_distance_pct"":{""value"":4.201443464314352,""score"":100.0},""R3_stop_distance_atr"":{""value"":1.2427871418986218,""score"":87.13935709493109},""R4_rr_potential"":{""value"":4.317376698732635,""score"":100.0},""_score"":67.86},""market"":{""M1_spy_regime"":{""score"":100.0},""M3_earnings_risk"":{""value"":null,""score"":80.0},""M4_vix"":{""value"":null,""score"":60.0},""_score"":84.0},""liquidity"":{""L1_price"":{""value"":62.35,""score"":100.0},""L2_dollar_vol"":{""value"":20205764.5,""score"":65.27376434707554},""L3_spread_proxy"":{""value"":0.0110665597433842,""score"":88.9334402566158},""L4_volume_zscore"":{""value"":0.0037182247939030128,""score"":100.0},""_score"":85.0},""pattern_structure"":{""top"":67.1499,""top_touches"":2,""low_slope_per_bar"":0.010331781140861076,""lowest_low"":60.64,""structural_low"":60.64,""current_price"":62.42,""neckline_distance_pct"":0.07577539250240309,""base_bars"":41},""pattern_geometry_features"":{""top_touches"":2.0,""low_slope"":0.010331781140861076,""compression"":0.11308558822055026,""atr_pct"":0.03380662160614047},""_schema_version"":""1.0""}",,,,,,,,,,
20260608T171746Z-5e850b,2026-06-08T17:17:46.036346+00:00,WOLF,bull_flag,absent,45.12,71.7,39.2,23.5,39.2,21.0,24.7,86.0,84.0,90.0,10.03,11.77,2.12,3.92,2.94,2.22,2.58,5.04,4.5,False,,56.9999,70.0,53.2983,90.34,"{""trend"":{""T1_ema_stack"":{""value"":[false,true,true],""score"":66.66666666666666},""T2_ema50_slope"":{""value"":1.7872985191887167,""score"":100},""T3_high_proximity"":{""value"":0.7755088435374149,""score"":0},""T4_rs_1m"":{""value"":0.24894506941078132,""score"":100},""T5_rs_3m"":{""value"":2.1165852071884785,""score"":100},""T6_adr_healthy"":{""value"":16.445591974935024,""score"":0.0},""_score"":71.67},""geometry"":{""sub_pole_impulse"":30.2,""sub_flag_tightness"":45.4,""sub_flag_shallowness"":0,""sub_flag_drift"":58.9,""sub_flag_duration"":100.0,""_score"":39.24},""compression"":{""VC1_atr_ratio"":{""value"":0.8752598359231881,""score"":31.18504101920297},""VC2_range_contraction"":{""value"":1.0358942535137916,""score"":0},""VC3_range_pct_rank"":{""score"":44.166666666666664},""_score"":23.52},""sr_quality"":{""SR1_touches"":{""value"":2,""score"":25.0},""SR2_tightness"":{""value"":2.0600000000000023,""score"":61.03566236671868},""SR3_recency"":{""value"":229,""score"":0.0},""SR4_price_location"":{""score"":30.0},""SR5_reaction"":{""value"":2.240449413913673,""score"":100},""_score"":39.16,""_levels_found"":3,""_target_level"":51.72},""volume"":{""V1_rvol_day"":{""value"":0.41358309824794887,""score"":0},""V2_rvol_sameslot"":{""value"":0.6296076869740823,""score"":8.640512464938821,""status"":""ok""},""V3_breakout_bar"":{""value"":0.6682819207783078,""score"":11.218794718553855},""V4_base_dryup"":{""value"":0.6780313636062967,""score"":82.19686363937033},""V5_bo_expansion"":{""value"":0.41358309824794887,""score"":0},""_score"":20.97},""readiness"":{""_distance_atr"":1.229,""BR1_atr_distance"":{""score"":18.035552481161815},""BR2_compression"":{""score"":0},""BR3_retest"":{""score"":50.0},""BR4_bo_age"":{""score"":50.0},""_score"":24.71},""risk"":{""R1_stop_clarity"":{""score"":84.6478618252171},""R2_stop_distance_pct"":{""value"":6.4939587613311565,""score"":100.0},""R3_stop_distance_atr"":{""value"":0.3500690387535733,""score"":42.50345193767866},""R4_rr_potential"":{""value"":9.0070646080696,""score"":100.0},""_score"":86.0},""market"":{""M1_spy_regime"":{""score"":100.0},""M3_earnings_risk"":{""value"":null,""score"":80.0},""M4_vix"":{""value"":null,""score"":60.0},""_score"":84.0},""liquidity"":{""L1_price"":{""value"":56.9999,""score"":100.0},""L2_dollar_vol"":{""value"":256906998.54126775,""score"":100.0},""L3_spread_proxy"":{""value"":0.10000017543890422,""score"":0},""L4_volume_zscore"":{""value"":-1.016501279950292,""score"":100.0},""_score"":90.0},""pattern_structure"":{""pole_low"":49.66,""pole_low_idx"":30,""peak_price"":70.0,""peak_idx"":50,""pole_gain"":0.40958517921868715,""flag_bars"":9,""flag_low"":54.11,""flag_high"":63.503,""structural_low"":54.11,""current_price"":56.85,""neckline_distance_pct"":0.23131046613896214,""base_bars"":9},""pattern_geometry_features"":{""pole_gain"":0.40958517921868715,""pullback_pct"":0.227,""flag_range_pct"":0.1341857142857143,""flag_drift_per_bar"":-0.008226326590442657,""atr_pct"":0.18550508735228358,""pole_atr_multiple"":2.207945803884419},""_schema_version"":""1.0""}",,,,,,,,,,
20260608T171746Z-5e850b,2026-06-08T17:17:46.036346+00:00,ORCL,vcp,breakout_confirmed,45.08,80.8,37.8,9.8,53.0,15.2,34.5,35.5,84.0,95.4,12.11,9.45,1.17,6.36,1.98,2.41,1.77,5.04,4.77,False,,212.02,200.709,176.118,193.669,"{""trend"":{""T1_ema_stack"":{""value"":[true,true,false],""score"":66.66666666666666},""T2_ema50_slope"":{""value"":0.5149272445911647,""score"":100},""T3_high_proximity"":{""value"":0.8544025790852308,""score"":27.20128954261536},""T4_rs_1m"":{""value"":0.07634131261223276,""score"":100},""T5_rs_3m"":{""value"":0.3060492986552428,""score"":100},""T6_adr_healthy"":{""value"":5.163530606770082,""score"":100.0},""_score"":80.75},""geometry"":{""sub_contraction_count"":100.0,""sub_reduction_rate"":11.2,""sub_pivot_tightness"":0,""sub_volume_dryup"":0,""sub_base_depth"":0.0,""sub_base_duration"":100.0,""_score"":37.8},""compression"":{""VC1_atr_ratio"":{""value"":1.2034577905157915,""score"":0},""VC2_range_contraction"":{""value"":1.4044913180693492,""score"":0},""VC3_range_pct_rank"":{""score"":39.16666666666667},""_score"":9.79},""sr_quality"":{""SR1_touches"":{""value"":4,""score"":75.0},""SR2_tightness"":{""value"":0.5890909750412044,""score"":90.87855688607465},""SR3_recency"":{""value"":240,""score"":0.0},""SR4_price_location"":{""score"":30.0},""SR5_reaction"":{""value"":1.2535944145042388,""score"":62.67972072521194},""_score"":53.03,""_levels_found"":6,""_target_level"":200.7297},""volume"":{""V1_rvol_day"":{""value"":0.5368227363898207,""score"":2.4548490926547135},""V2_rvol_sameslot"":{""value"":0.6957695170775683,""score"":13.051301138504554,""status"":""ok""},""V3_breakout_bar"":{""value"":0.4350219235523789,""score"":0},""V4_base_dryup"":{""value"":0.8941711667490077,""score"":60.58288332509923},""V5_bo_expansion"":{""value"":0.5368227363898208,""score"":0},""_score"":15.22},""readiness"":{""_distance_atr"":-0.876,""BR1_atr_distance"":{""score"":42.48612736693289},""BR2_compression"":{""score"":0},""BR3_retest"":{""score"":50.0},""BR4_bo_age"":{""score"":50.0},""_score"":34.49},""risk"":{""R1_stop_clarity"":{""score"":58.472101138815106},""R2_stop_distance_pct"":{""value"":16.933308178473734,""score"":0.0},""R3_stop_distance_atr"":{""value"":2.779520180675339,""score"":100.0},""R4_rr_potential"":{""value"":-0.5111414405882686,""score"":0.0},""_score"":35.47},""market"":{""M1_spy_regime"":{""score"":100.0},""M3_earnings_risk"":{""value"":null,""score"":80.0},""M4_vix"":{""value"":null,""score"":60.0},""_score"":84.0},""liquidity"":{""L1_price"":{""value"":212.02,""score"":100.0},""L2_dollar_vol"":{""value"":2404577065.526751,""score"":100.0},""L3_spread_proxy"":{""value"":0.045887180454674145,""score"":54.112819545325856},""L4_volume_zscore"":{""value"":-0.9860902409011058,""score"":100.0},""_score"":95.41},""pattern_structure"":{""n_contractions"":5,""contractions_pct"":[20.27,10.08,15.25,9.63,10.92],""descending_strict"":false,""final_low"":178.8,""final_pivot"":200.709,""structural_low"":178.8,""dry_up_ratio"":1.184170933325389,""current_price"":212.02,""neckline_distance_pct"":-0.053348740684841085,""base_bars"":49},""pattern_geometry_features"":{""contraction_count"":5.0,""first_contraction_pct"":0.20266651141127157,""last_contraction_pct"":0.10915803476675182,""dry_up_ratio"":1.184170933325389,""near_monotone"":0.0,""base_depth_pct"":-0.040987424312995},""_schema_version"":""1.0""}",,,,,,,,,,
20260608T171746Z-5e850b,2026-06-08T17:17:46.036346+00:00,AVGO,vcp,invalidated,44.99,54.7,43.2,16.9,63.9,22.5,23.6,36.5,84.0,97.1,8.2,10.79,2.03,7.67,2.93,1.65,1.83,5.04,4.86,False,,395.73,442.36,399.7721,389.64,"{""trend"":{""T1_ema_stack"":{""value"":[false,true,true],""score"":66.66666666666666},""T2_ema50_slope"":{""value"":0.3853144477309163,""score"":100},""T3_high_proximity"":{""value"":0.8217496937101564,""score"":10.874846855078168},""T4_rs_1m"":{""value"":-0.05402570195556078,""score"":0},""T5_rs_3m"":{""value"":0.05168669289327288,""score"":75.84334644663645},""T6_adr_healthy"":{""value"":3.843515850784513,""score"":100.0},""_score"":54.67},""geometry"":{""sub_contraction_count"":100.0,""sub_reduction_rate"":17.7,""sub_pivot_tightness"":25.0,""sub_volume_dryup"":0,""sub_base_depth"":0.0,""sub_base_duration"":100.0,""_score"":43.17},""compression"":{""VC1_atr_ratio"":{""value"":1.0941858976276502,""score"":0},""VC2_range_contraction"":{""value"":1.3394962285830876,""score"":0},""VC3_range_pct_rank"":{""score"":67.5},""_score"":16.88},""sr_quality"":{""SR1_touches"":{""value"":4,""score"":75.0},""SR2_tightness"":{""value"":4.79567708983832,""score"":58.890576226618855},""SR3_recency"":{""value"":237,""score"":0.0},""SR4_price_location"":{""score"":84.78032529468567},""SR5_reaction"":{""value"":1.519526668521932,""score"":75.9763334260966},""_score"":63.93,""_levels_found"":6,""_target_level"":402.9025},""volume"":{""V1_rvol_day"":{""value"":0.6341310522581459,""score"":8.942070150543062},""V2_rvol_sameslot"":{""value"":1.1245316129994547,""score"":41.63544086663031,""status"":""ok""},""V3_breakout_bar"":{""value"":0.3907858681894259,""score"":0},""V4_base_dryup"":{""value"":0.8798677659672658,""score"":62.01322340327342},""V5_bo_expansion"":{""value"":0.6341310522581459,""score"":0},""_score"":22.52},""readiness"":{""_distance_atr"":1.999,""BR1_atr_distance"":{""score"":0},""BR2_compression"":{""score"":24.223881786996635},""BR3_retest"":{""score"":50.0},""BR4_bo_age"":{""score"":50.0},""_score"":23.56},""risk"":{""R1_stop_clarity"":{""score"":47.81340438448824},""R2_stop_distance_pct"":{""value"":-1.0214287519268201,""score"":24.464281201829497},""R3_stop_distance_atr"":{""value"":-0.17324811358388006,""score"":16.33759432080599},""R4_rr_potential"":{""value"":null,""score"":50.0},""_score"":36.52},""market"":{""M1_spy_regime"":{""score"":100.0},""M3_earnings_risk"":{""value"":null,""score"":80.0},""M4_vix"":{""value"":null,""score"":60.0},""_score"":84.0},""liquidity"":{""L1_price"":{""value"":395.73,""score"":100.0},""L2_dollar_vol"":{""value"":6854533312.210144,""score"":100.0},""L3_spread_proxy"":{""value"":0.029029894119728096,""score"":70.9701058802719},""L4_volume_zscore"":{""value"":-0.582844246078298,""score"":100.0},""_score"":97.1},""pattern_structure"":{""n_contractions"":5,""contractions_pct"":[12.64,11.19,8.07,7.17,8.25],""descending_strict"":false,""final_low"":405.86,""final_pivot"":442.36,""structural_low"":405.86,""dry_up_ratio"":1.9838006497733633,""current_price"":395.73,""neckline_distance_pct"":0.11783286584287266,""base_bars"":49},""pattern_geometry_features"":{""contraction_count"":5.0,""first_contraction_pct"":0.12638047233391855,""last_contraction_pct"":0.08251198119178949,""dry_up_ratio"":1.9838006497733633,""near_monotone"":0.0,""base_depth_pct"":-0.14928923373166458},""_schema_version"":""1.0""}",,,,,,,,,,
20260608T171746Z-5e850b,2026-06-08T17:17:46.036346+00:00,ACN,double_bottom,forming,44.95,15.5,54.9,53.7,48.1,16.9,18.4,71.6,84.0,97.4,2.32,13.72,4.3,6.74,2.2,1.47,4.3,5.04,4.87,False,,176.86,198.0,170.5331,222.87,"{""trend"":{""T1_ema_stack"":{""value"":[false,false,false],""score"":0.0},""T2_ema50_slope"":{""value"":-0.2510497301590566,""score"":8.158378306823892},""T3_high_proximity"":{""value"":0.8688774256939327,""score"":34.43871284696631},""T4_rs_1m"":{""value"":-0.03171212845107585,""score"":18.28787154892415},""T5_rs_3m"":{""value"":-0.2481036235509344,""score"":0},""T6_adr_healthy"":{""value"":4.183439038229135,""score"":100.0},""_score"":15.46},""geometry"":{""sub_low_similarity"":62.9,""sub_bounce_quality"":100,""sub_separation_fit"":0.0,""sub_right_bottom_reaction"":66.8,""sub_base_context"":30.0,""_score"":54.89},""compression"":{""VC1_atr_ratio"":{""value"":0.6619010352596402,""score"":84.52474118508995},""VC2_range_contraction"":{""value"":0.9803499418144479,""score"":3.275009697592017},""VC3_range_pct_rank"":{""score"":75.0},""_score"":53.71},""sr_quality"":{""SR1_touches"":{""value"":4,""score"":75.0},""SR2_tightness"":{""value"":2.04581137632481,""score"":47.83395463614957},""SR3_recency"":{""value"":237,""score"":0.0},""SR4_price_location"":{""score"":13.876337346587784},""SR5_reaction"":{""value"":2.3059976921991665,""score"":100},""_score"":48.14,""_levels_found"":7,""_target_level"":184.2457},""volume"":{""V1_rvol_day"":{""value"":0.22995750614342128,""score"":0},""V2_rvol_sameslot"":{""value"":0.48595175984393935,""score"":0,""status"":""ok""},""V3_breakout_bar"":{""value"":0.6126659214144251,""score"":7.5110614276283405},""V4_base_dryup"":{""value"":0.7493467619362832,""score"":75.06532380637168},""V5_bo_expansion"":{""value"":0.2299575061434213,""score"":0},""_score"":16.89},""readiness"":{""_distance_atr"":2.695,""BR1_atr_distance"":{""score"":0},""BR2_compression"":{""score"":3.3808320219713512},""BR3_retest"":{""score"":50.0},""BR4_bo_age"":{""score"":50.0},""_score"":18.35},""risk"":{""R1_stop_clarity"":{""score"":33.78049752024536},""R2_stop_distance_pct"":{""value"":3.577377586791818,""score"":100.0},""R3_stop_distance_atr"":{""value"":0.8066529606158869,""score"":65.33264803079435},""R4_rr_potential"":{""value"":7.2720663194746145,""score"":100.0},""_score"":71.62},""market"":{""M1_spy_regime"":{""score"":100.0},""M3_earnings_risk"":{""value"":null,""score"":80.0},""M4_vix"":{""value"":null,""score"":60.0},""_score"":84.0},""liquidity"":{""L1_price"":{""value"":176.86,""score"":100.0},""L2_dollar_vol"":{""value"":228357136.64273342,""score"":100.0},""L3_spread_proxy"":{""value"":0.026405066154020218,""score"":73.59493384597978},""L4_volume_zscore"":{""value"":-1.52754700976713,""score"":100.0},""_score"":97.36},""pattern_structure"":{""left_low"":173.13,""left_idx"":11,""right_low"":176.37,""right_idx"":60,""separation_bars"":49,""structural_low"":173.13,""current_price"":176.65,""neckline_distance_pct"":0.1208604585338239,""base_bars"":49},""pattern_geometry_features"":{""low_similarity_pct"":0.018540772532188894,""bounce_pct"":0.1436492808871946,""right_bottom_reaction"":0.6680000000000064,""atr_pct"":0.044348409557196176},""_schema_version"":""1.0""}",,,,,,,,,,
20260608T171746Z-5e850b,2026-06-08T17:17:46.036346+00:00,TXN,vcp,absent,44.94,76.5,35.0,25.3,48.7,17.0,17.5,49.8,84.0,97.2,11.47,8.75,3.04,5.85,2.22,1.23,2.49,5.04,4.86,False,,292.3,331.51,285.5811,265.75,"{""trend"":{""T1_ema_stack"":{""value"":[false,true,true],""score"":66.66666666666666},""T2_ema50_slope"":{""value"":0.6733803737847217,""score"":100},""T3_high_proximity"":{""value"":0.8996891255501863,""score"":49.84456277509314},""T4_rs_1m"":{""value"":0.011519451166160488,""score"":61.519451166160486},""T5_rs_3m"":{""value"":0.39693769844119986,""score"":100},""T6_adr_healthy"":{""value"":3.4913636107205805,""score"":100.0},""_score"":76.45},""geometry"":{""sub_contraction_count"":100.0,""sub_reduction_rate"":0,""sub_pivot_tightness"":0,""sub_volume_dryup"":0,""sub_base_depth"":0.0,""sub_base_duration"":100.0,""_score"":35.0},""compression"":{""VC1_atr_ratio"":{""value"":0.8465592309601482,""score"":38.36019225996296},""VC2_range_contraction"":{""value"":1.2343429114431603,""score"":0},""VC3_range_pct_rank"":{""score"":40.0},""_score"":25.34},""sr_quality"":{""SR1_touches"":{""value"":3,""score"":50.0},""SR2_tightness"":{""value"":1.6820886487406745,""score"":74.91592721403961},""SR3_recency"":{""value"":229,""score"":0.0},""SR4_price_location"":{""score"":30.0},""SR5_reaction"":{""value"":2.1370792002307857,""score"":100},""_score"":48.74,""_levels_found"":6,""_target_level"":289.9033},""volume"":{""V1_rvol_day"":{""value"":0.41066821566633144,""score"":0},""V2_rvol_sameslot"":{""value"":0.8605045074983061,""score"":24.033633833220406,""status"":""ok""},""V3_breakout_bar"":{""value"":0.5342323492832678,""score"":2.2821566188845193},""V4_base_dryup"":{""value"":0.9167013079287438,""score"":58.32986920712562},""V5_bo_expansion"":{""value"":0.41066821566633144,""score"":0},""_score"":17.04},""readiness"":{""_distance_atr"":2.924,""BR1_atr_distance"":{""score"":0},""BR2_compression"":{""score"":0},""BR3_retest"":{""score"":50.0},""BR4_bo_age"":{""score"":50.0},""_score"":17.5},""risk"":{""R1_stop_clarity"":{""score"":35.14647493509088},""R2_stop_distance_pct"":{""value"":2.298648648648651,""score"":100.0},""R3_stop_distance_atr"":{""value"":0.5009802276812465,""score"":50.049011384062325},""R4_rr_potential"":{""value"":-3.9515102806242024,""score"":0.0},""_score"":49.81},""market"":{""M1_spy_regime"":{""score"":100.0},""M3_earnings_risk"":{""value"":null,""score"":80.0},""M4_vix"":{""value"":null,""score"":60.0},""_score"":84.0},""liquidity"":{""L1_price"":{""value"":292.3,""score"":100.0},""L2_dollar_vol"":{""value"":951852030.8169215,""score"":100.0},""L3_spread_proxy"":{""value"":0.027540198426274413,""score"":72.45980157372558},""L4_volume_zscore"":{""value"":-1.6298428718778706,""score"":100.0},""_score"":97.25},""pattern_structure"":{""n_contractions"":5,""contractions_pct"":[15.39,5.87,7.05,5.91,12.54],""descending_strict"":false,""final_low"":289.93,""final_pivot"":331.51,""structural_low"":289.93,""dry_up_ratio"":1.1761994654106376,""current_price"":292.3,""neckline_distance_pct"":0.13414300376325686,""base_bars"":67},""pattern_geometry_features"":{""contraction_count"":5.0,""first_contraction_pct"":0.153856448231253,""last_contraction_pct"":0.1254260806612168,""dry_up_ratio"":1.1761994654106376,""near_monotone"":0.0,""base_depth_pct"":-0.2933487977873936},""_schema_version"":""1.0""}",,,,,,,,,,
20260608T171746Z-5e850b,2026-06-08T17:17:46.036346+00:00,MOD,bull_flag,absent,44.9,74.9,36.0,61.2,43.0,0.1,17.5,78.8,84.0,96.1,10.48,10.81,5.51,4.3,0.02,1.57,2.36,5.04,4.8,False,,274.69,318.61,268.905,379.98,"{""trend"":{""T1_ema_stack"":{""value"":[false,true,true],""score"":66.66666666666666},""T2_ema50_slope"":{""value"":0.42999598240434356,""score"":100},""T3_high_proximity"":{""value"":0.8950764117436215,""score"":47.53820587181073},""T4_rs_1m"":{""value"":0.005459259967480312,""score"":55.459259967480314},""T5_rs_3m"":{""value"":0.2732725232345694,""score"":100},""T6_adr_healthy"":{""value"":7.243777603611037,""score"":100.0},""_score"":74.89},""geometry"":{""sub_pole_impulse"":42.0,""sub_flag_tightness"":11.1,""sub_flag_shallowness"":0,""sub_flag_drift"":71.0,""sub_flag_duration"":100.0,""_score"":36.02},""compression"":{""VC1_atr_ratio"":{""value"":0.5704490492979177,""score"":100},""VC2_range_contraction"":{""value"":1.307905064713991,""score"":0},""VC3_range_pct_rank"":{""score"":85.0},""_score"":61.25},""sr_quality"":{""SR1_touches"":{""value"":2,""score"":25.0},""SR2_tightness"":{""value"":3.3774999999999977,""score"":72.39234342208248},""SR3_recency"":{""value"":240,""score"":0.0},""SR4_price_location"":{""score"":48.46241503753094},""SR5_reaction"":{""value"":1.6630987193398679,""score"":83.15493596699339},""_score"":42.95,""_levels_found"":7,""_target_level"":290.6775},""volume"":{""V1_rvol_day"":{""value"":0.2749440323986073,""score"":0},""V2_rvol_sameslot"":{""value"":0.3969337848689989,""score"":0,""status"":""ok""},""V3_breakout_bar"":{""value"":0.507861875033721,""score"":0.5241250022480697},""V4_base_dryup"":{""value"":1.6058662090953821,""score"":0},""V5_bo_expansion"":{""value"":0.2749440323986073,""score"":0},""_score"":0.13},""readiness"":{""_distance_atr"":1.795,""BR1_atr_distance"":{""score"":0},""BR2_compression"":{""score"":0},""BR3_retest"":{""score"":50.0},""BR4_bo_age"":{""score"":50.0},""_score"":17.5},""risk"":{""R1_stop_clarity"":{""score"":66.52750445993394},""R2_stop_distance_pct"":{""value"":2.106010411736876,""score"":100.0},""R3_stop_distance_atr"":{""value"":0.23643270659252952,""score"":36.82163532962648},""R4_rr_potential"":{""value"":18.20051858254098,""score"":100.0},""_score"":78.81},""market"":{""M1_spy_regime"":{""score"":100.0},""M3_earnings_risk"":{""value"":null,""score"":80.0},""M4_vix"":{""value"":null,""score"":60.0},""_score"":84.0},""liquidity"":{""L1_price"":{""value"":274.69,""score"":100.0},""L2_dollar_vol"":{""value"":105426883.89701052,""score"":100.0},""L3_spread_proxy"":{""value"":0.03917142961156209,""score"":60.8285703884379},""L4_volume_zscore"":{""value"":-1.4415587513695318,""score"":100.0},""_score"":96.08},""pattern_structure"":{""pole_low"":257.24,""pole_low_idx"":15,""peak_price"":318.61,""peak_idx"":40,""pole_gain"":0.23857098429482196,""flag_bars"":19,""flag_low"":273.0,""flag_high"":313.54,""structural_low"":273.0,""current_price"":277.685,""neckline_distance_pct"":0.14737922466103684,""base_bars"":19},""pattern_geometry_features"":{""pole_gain"":0.23857098429482196,""pullback_pct"":0.1431530711528201,""flag_range_pct"":0.12724019961708677,""flag_drift_per_bar"":-0.0057943984869894445,""atr_pct"":0.08907441115439224,""pole_atr_multiple"":2.678333555091462},""_schema_version"":""1.0""}",,,,,,,,,,
20260608T171746Z-5e850b,2026-06-08T17:17:46.036346+00:00,AMD,bull_flag,absent,44.63,92.6,25.7,38.1,39.0,19.1,18.3,81.0,84.0,96.6,12.97,7.7,3.43,3.9,2.68,1.65,2.43,5.04,4.83,False,,489.13,546.44,456.9907,606.08,"{""trend"":{""T1_ema_stack"":{""value"":[true,true,true],""score"":100.0},""T2_ema50_slope"":{""value"":1.1345130596940098,""score"":100},""T3_high_proximity"":{""value"":0.9015888815158888,""score"":50.79444075794437},""T4_rs_1m"":{""value"":0.18426628337494333,""score"":100},""T5_rs_3m"":{""value"":1.3204430025948979,""score"":100},""T6_adr_healthy"":{""value"":5.338406503817875,""score"":100.0},""_score"":92.62},""geometry"":{""sub_pole_impulse"":22.2,""sub_flag_tightness"":0,""sub_flag_shallowness"":0,""sub_flag_drift"":60.1,""sub_flag_duration"":100.0,""_score"":25.68},""compression"":{""VC1_atr_ratio"":{""value"":0.8292858248381251,""score"":42.67854379046873},""VC2_range_contraction"":{""value"":0.9358651476210291,""score"":10.689142063161814},""VC3_range_pct_rank"":{""score"":69.16666666666667},""_score"":38.1},""sr_quality"":{""SR1_touches"":{""value"":2,""score"":25.0},""SR2_tightness"":{""value"":3.2150999999999783,""score"":79.72867625302487},""SR3_recency"":{""value"":313,""score"":0.0},""SR4_price_location"":{""score"":30.0},""SR5_reaction"":{""value"":1.6112489962606624,""score"":80.56244981303313},""_score"":39.04,""_levels_found"":3,""_target_level"":263.7449},""volume"":{""V1_rvol_day"":{""value"":0.46990641865229904,""score"":0},""V2_rvol_sameslot"":{""value"":0.7223044422705288,""score"":14.820296151368586,""status"":""ok""},""V3_breakout_bar"":{""value"":0.49777351314273066,""score"":0},""V4_base_dryup"":{""value"":0.692006197620722,""score"":80.7993802379278},""V5_bo_expansion"":{""value"":0.46990641865229915,""score"":0},""_score"":19.12},""readiness"":{""_distance_atr"":1.807,""BR1_atr_distance"":{""score"":0},""BR2_compression"":{""score"":3.2846831987846103},""BR3_retest"":{""score"":50.0},""BR4_bo_age"":{""score"":50.0},""_score"":18.32},""risk"":{""R1_stop_clarity"":{""score"":56.121672798314954},""R2_stop_distance_pct"":{""value"":6.570696951730624,""score"":100.0},""R3_stop_distance_atr"":{""value"":1.0131957664380191,""score"":75.65978832190096},""R4_rr_potential"":{""value"":3.6388528045925197,""score"":100.0},""_score"":80.99},""market"":{""M1_spy_regime"":{""score"":100.0},""M3_earnings_risk"":{""value"":null,""score"":80.0},""M4_vix"":{""value"":null,""score"":60.0},""_score"":84.0},""liquidity"":{""L1_price"":{""value"":489.13,""score"":100.0},""L2_dollar_vol"":{""value"":7383784060.121481,""score"":100.0},""L3_spread_proxy"":{""value"":0.03391736348210094,""score"":66.08263651789906},""L4_volume_zscore"":{""value"":-2.2922284826846657,""score"":100.0},""_score"":96.61},""pattern_structure"":{""pole_low"":486.8,""pole_low_idx"":27,""peak_price"":546.44,""peak_idx"":44,""pole_gain"":0.12251437962202145,""flag_bars"":15,""flag_low"":463.95,""flag_high"":532.19,""structural_low"":463.95,""current_price"":487.855,""neckline_distance_pct"":0.12008691106988764,""base_bars"":15},""pattern_geometry_features"":{""pole_gain"":0.12251437962202145,""pullback_pct"":0.15095893419222614,""flag_range_pct"":0.12488104823951406,""flag_drift_per_bar"":-0.00798452628635268,""atr_pct"":0.06485120812170882,""pole_atr_multiple"":1.8891610992364845},""_schema_version"":""1.0""}",,,,,,,,,,
20260608T171746Z-5e850b,2026-06-08T17:17:46.036346+00:00,MRVL,vcp,breakout_confirmed,44.49,94.4,35.0,3.3,32.9,34.5,17.5,37.7,84.0,92.0,14.16,8.75,0.4,3.95,4.48,1.23,1.88,5.04,4.6,False,,295.891,192.15,160.4092,122.738,"{""trend"":{""T1_ema_stack"":{""value"":[true,true,true],""score"":100.0},""T2_ema50_slope"":{""value"":0.8366571965001233,""score"":100},""T3_high_proximity"":{""value"":0.9350914894289417,""score"":67.54574471447083},""T4_rs_1m"":{""value"":0.8359715391636409,""score"":100},""T5_rs_3m"":{""value"":2.1007741198599197,""score"":100},""T6_adr_healthy"":{""value"":8.581579661416255,""score"":85.46050846459363},""_score"":94.4},""geometry"":{""sub_contraction_count"":100.0,""sub_reduction_rate"":0,""sub_pivot_tightness"":0,""sub_volume_dryup"":0,""sub_base_depth"":0.0,""sub_base_duration"":100.0,""_score"":35.0},""compression"":{""VC1_atr_ratio"":{""value"":1.6267434478008578,""score"":0},""VC2_range_contraction"":{""value"":1.7125478473468299,""score"":0},""VC3_range_pct_rank"":{""score"":13.33333333333333},""_score"":3.33},""sr_quality"":{""SR1_touches"":{""value"":2,""score"":25.0},""SR2_tightness"":{""value"":2.480000000000004,""score"":82.30750494034385},""SR3_recency"":{""value"":246,""score"":0.0},""SR4_price_location"":{""score"":30.0},""SR5_reaction"":{""value"":0.7460382977292261,""score"":37.301914886461304},""_score"":32.94,""_levels_found"":3,""_target_level"":173.32},""volume"":{""V1_rvol_day"":{""value"":1.1780056263216212,""score"":45.20037508810808},""V2_rvol_sameslot"":{""value"":2.0789520696898176,""score"":100,""status"":""ok""},""V3_breakout_bar"":{""value"":0.718367024362543,""score"":14.557801624169532},""V4_base_dryup"":{""value"":1.7932345001473255,""score"":0},""V5_bo_expansion"":{""value"":1.1780056263216214,""score"":11.86704175477476},""_score"":34.46},""readiness"":{""_distance_atr"":-3.7,""BR1_atr_distance"":{""score"":0},""BR2_compression"":{""score"":0},""BR3_retest"":{""score"":50.0},""BR4_bo_age"":{""score"":50.0},""_score"":17.5},""risk"":{""R1_stop_clarity"":{""score"":82.57303504765049},""R2_stop_distance_pct"":{""value"":45.7877326447915,""score"":0.0},""R3_stop_distance_atr"":{""value"":4.8326829099262465,""score"":58.36585450368767},""R4_rr_potential"":{""value"":-1.2780537722489327,""score"":0.0},""_score"":37.66},""market"":{""M1_spy_regime"":{""score"":100.0},""M3_earnings_risk"":{""value"":null,""score"":80.0},""M4_vix"":{""value"":null,""score"":60.0},""_score"":84.0},""liquidity"":{""L1_price"":{""value"":295.891,""score"":100.0},""L2_dollar_vol"":{""value"":16285158227.172861,""score"":100.0},""L3_spread_proxy"":{""value"":0.07975910047956837,""score"":20.240899520431626},""L4_volume_zscore"":{""value"":0.2687749904482837,""score"":100.0},""_score"":92.02},""pattern_structure"":{""n_contractions"":5,""contractions_pct"":[8.89,13.95,14.04,10.15,15.25],""descending_strict"":false,""final_low"":162.852,""final_pivot"":192.15,""structural_low"":162.852,""dry_up_ratio"":2.8986404647333375,""current_price"":295.891,""neckline_distance_pct"":-0.3506054594428354,""base_bars"":44},""pattern_geometry_features"":{""contraction_count"":5.0,""first_contraction_pct"":0.08893407534246578,""last_contraction_pct"":0.15247462919594068,""dry_up_ratio"":2.8986404647333375,""near_monotone"":0.0,""base_depth_pct"":-0.7428510273972604},""_schema_version"":""1.0""}",,,,,,,,,,
20260608T171746Z-5e850b,2026-06-08T17:17:46.036346+00:00,QCOM,ascending_triangle,invalidated,44.33,81.6,40.2,18.4,39.8,1.8,29.2,34.0,84.0,96.6,12.24,11.27,1.47,5.57,0.21,2.34,1.36,5.04,4.83,False,,217.215,259.92,222.6593,293.79,"{""trend"":{""T1_ema_stack"":{""value"":[false,true,true],""score"":66.66666666666666},""T2_ema50_slope"":{""value"":0.9699595139607944,""score"":100},""T3_high_proximity"":{""value"":0.8653294558202533,""score"":32.66472791012664},""T4_rs_1m"":{""value"":0.059170240442045996,""score"":100},""T5_rs_3m"":{""value"":0.4798994617714232,""score"":100},""T6_adr_healthy"":{""value"":7.281697003049771,""score"":100.0},""_score"":81.57},""geometry"":{""sub_flat_top_quality"":33.3,""sub_hl_slope"":46.0,""sub_compression"":5.8,""sub_duration"":100.0,""_score"":40.24},""compression"":{""VC1_atr_ratio"":{""value"":0.9738407676880233,""score"":6.5398080779941745},""VC2_range_contraction"":{""value"":0.8938386744513224,""score"":17.69355425811294},""VC3_range_pct_rank"":{""score"":38.33333333333333},""_score"":18.39},""sr_quality"":{""SR1_touches"":{""value"":2,""score"":25.0},""SR2_tightness"":{""value"":3.285000000000011,""score"":65.23745148719674},""SR3_recency"":{""value"":237,""score"":0.0},""SR4_price_location"":{""score"":30.0},""SR5_reaction"":{""value"":2.2873439455228,""score"":100},""_score"":39.79,""_levels_found"":4,""_target_level"":187.735},""volume"":{""V1_rvol_day"":{""value"":0.36491055495477026,""score"":0},""V2_rvol_sameslot"":{""value"":0.4996911778666708,""score"":0,""status"":""ok""},""V3_breakout_bar"":{""value"":0.6048214976541076,""score"":6.988099843607176},""V4_base_dryup"":{""value"":2.2656224888290293,""score"":0},""V5_bo_expansion"":{""value"":0.36491055495477026,""score"":0},""_score"":1.75},""readiness"":{""_distance_atr"":2.26,""BR1_atr_distance"":{""score"":0},""BR2_compression"":{""score"":46.97189692761959},""BR3_retest"":{""score"":50.0},""BR4_bo_age"":{""score"":50.0},""_score"":29.24},""risk"":{""R1_stop_clarity"":{""score"":64.11838314466144},""R2_stop_distance_pct"":{""value"":-2.5063876804088165,""score"":0.0},""R3_stop_distance_atr"":{""value"":-0.28806089001648233,""score"":10.596955499175886},""R4_rr_potential"":{""value"":null,""score"":50.0},""_score"":34.03},""market"":{""M1_spy_regime"":{""score"":100.0},""M3_earnings_risk"":{""value"":null,""score"":80.0},""M4_vix"":{""value"":null,""score"":60.0},""_score"":84.0},""liquidity"":{""L1_price"":{""value"":217.215,""score"":100.0},""L2_dollar_vol"":{""value"":1949842716.9529188,""score"":100.0},""L3_spread_proxy"":{""value"":0.03360725548419773,""score"":66.39274451580226},""L4_volume_zscore"":{""value"":-1.9300898122728445,""score"":100.0},""_score"":96.64},""pattern_structure"":{""top"":259.92,""top_touches"":2,""low_slope_per_bar"":0.3118606548279702,""lowest_low"":226.05,""structural_low"":226.05,""current_price"":218.42,""neckline_distance_pct"":0.1900009156670636,""base_bars"":35},""pattern_geometry_features"":{""top_touches"":2.0,""low_slope"":0.3118606548279702,""compression"":0.02902407148899555,""atr_pct"":0.08700895426190641},""_schema_version"":""1.0""}",,,,,,,,,,
20260608T171746Z-5e850b,2026-06-08T17:17:46.036346+00:00,ARM,bull_flag,absent,44.3,88.3,42.5,5.8,44.0,3.8,17.5,82.6,84.0,92.8,12.36,12.76,0.52,4.4,0.53,1.57,2.48,5.04,4.64,False,,349.34,427.99,332.488,555.1,"{""trend"":{""T1_ema_stack"":{""value"":[true,true,true],""score"":100.0},""T2_ema50_slope"":{""value"":1.1963122023184884,""score"":100},""T3_high_proximity"":{""value"":0.8482626326396814,""score"":24.131316319840668},""T4_rs_1m"":{""value"":0.6244787389342845,""score"":100},""T5_rs_3m"":{""value"":1.8769520023501285,""score"":100},""T6_adr_healthy"":{""value"":8.290631087516905,""score"":92.73422281207738},""_score"":88.26},""geometry"":{""sub_pole_impulse"":74.5,""sub_flag_tightness"":26.3,""sub_flag_shallowness"":0,""sub_flag_drift"":57.3,""sub_flag_duration"":50.0,""_score"":42.52},""compression"":{""VC1_atr_ratio"":{""value"":1.1856331277596879,""score"":0},""VC2_range_contraction"":{""value"":1.2427607292980372,""score"":0},""VC3_range_pct_rank"":{""score"":23.33333333333333},""_score"":5.83},""sr_quality"":{""SR1_touches"":{""value"":3,""score"":50.0},""SR2_tightness"":{""value"":4.730337079837849,""score"":74.48181424464892},""SR3_recency"":{""value"":240,""score"":0.0},""SR4_price_location"":{""score"":30.0},""SR5_reaction"":{""value"":1.370223532163454,""score"":68.51117660817269},""_score"":43.95,""_levels_found"":4,""_target_level"":235.2867},""volume"":{""V1_rvol_day"":{""value"":0.46586119422021155,""score"":0},""V2_rvol_sameslot"":{""value"":0.7355191302338582,""score"":15.701275348923879,""status"":""ok""},""V3_breakout_bar"":{""value"":0.5408165305568037,""score"":2.721102037120245},""V4_base_dryup"":{""value"":1.547401889889453,""score"":0},""V5_bo_expansion"":{""value"":0.46586119422021144,""score"":0},""_score"":3.82},""readiness"":{""_distance_atr"":2.121,""BR1_atr_distance"":{""score"":0},""BR2_compression"":{""score"":0},""BR3_retest"":{""score"":50.0},""BR4_bo_age"":{""score"":50.0},""_score"":17.5},""risk"":{""R1_stop_clarity"":{""score"":72.68578339139577},""R2_stop_distance_pct"":{""value"":4.823945010591384,""score"":100.0},""R3_stop_distance_atr"":{""value"":0.45454655850788805,""score"":47.727327925394405},""R4_rr_potential"":{""value"":12.209848825088415,""score"":100.0},""_score"":82.6},""market"":{""M1_spy_regime"":{""score"":100.0},""M3_earnings_risk"":{""value"":null,""score"":80.0},""M4_vix"":{""value"":null,""score"":60.0},""_score"":84.0},""liquidity"":{""L1_price"":{""value"":349.34,""score"":100.0},""L2_dollar_vol"":{""value"":1987371789.6591733,""score"":100.0},""L3_spread_proxy"":{""value"":0.07254823381233198,""score"":27.451766187668014},""L4_volume_zscore"":{""value"":-1.5229228540705821,""score"":100.0},""_score"":92.75},""pattern_structure"":{""pole_low"":300.88,""pole_low_idx"":12,""peak_price"":427.99,""peak_idx"":35,""pole_gain"":0.42246078170699286,""flag_bars"":24,""flag_low"":337.5513,""flag_high"":417.5,""structural_low"":337.5513,""current_price"":351.2,""neckline_distance_pct"":0.21865034168564926,""base_bars"":24},""pattern_geometry_features"":{""pole_gain"":0.42246078170699286,""pullback_pct"":0.21131031098857445,""flag_range_pct"":0.18680039253253575,""flag_drift_per_bar"":-0.008543348271763918,""atr_pct"":0.10612653248165932,""pole_atr_multiple"":3.980727267990237},""_schema_version"":""1.0""}",,,,,,,,,,
20260608T171746Z-5e850b,2026-06-08T17:17:46.036346+00:00,CSCO,breakout_retest_hold,setup,44.23,97.2,25.9,7.9,33.5,17.2,42.1,57.5,84.0,96.5,13.6,5.69,0.47,4.68,2.23,7.59,2.87,4.2,2.89,False,,125.075,121.43,120.6216,120.61,"{""trend"":{""T1_ema_stack"":{""value"":[true,true,true],""score"":100.0},""T2_ema50_slope"":{""value"":0.781656143296116,""score"":100},""T3_high_proximity"":{""value"":0.9621153846153846,""score"":81.05769230769228},""T4_rs_1m"":{""value"":0.3439189720009548,""score"":100},""T5_rs_3m"":{""value"":0.5483201987244319,""score"":100},""T6_adr_healthy"":{""value"":3.510411388159002,""score"":100.0},""_score"":97.16},""geometry"":{""sub_retest_depth"":19.5,""sub_retest_timing"":0.0,""sub_retest_freshness"":100.0,""sub_hold_quality"":0.0,""_score"":25.85},""compression"":{""VC1_atr_ratio"":{""value"":0.9545363616948926,""score"":11.36590957627684},""VC2_range_contraction"":{""value"":1.316343357853579,""score"":0},""VC3_range_pct_rank"":{""score"":13.33333333333333},""_score"":7.88},""sr_quality"":{""SR1_touches"":{""value"":2,""score"":25.0},""SR2_tightness"":{""value"":0.7000000000000028,""score"":69.50996604094675},""SR3_recency"":{""value"":234,""score"":0.0},""SR4_price_location"":{""score"":30.0},""SR5_reaction"":{""value"":1.0715069077038688,""score"":53.575345385193444},""_score"":33.46,""_levels_found"":6,""_target_level"":120.09},""volume"":{""V1_rvol_day"":{""value"":0.36724869046557684,""score"":0},""V2_rvol_sameslot"":{""value"":1.0458778401427749,""score"":36.39185600951833,""status"":""ok""},""V3_breakout_bar"":{""value"":0.688129096754613,""score"":12.541939783640865},""V4_base_dryup"":{""value"":1.1625982562133759,""score"":33.74017437866242},""V5_bo_expansion"":{""value"":0.3672486904655768,""score"":0},""_score"":17.16},""readiness"":{""_distance_atr"":-0.794,""BR1_atr_distance"":{""score"":44.123403745607355},""BR2_compression"":{""score"":0},""BR3_retest"":{""score"":100},""BR4_bo_age"":{""score"":30.0},""_score"":42.15},""risk"":{""R1_stop_clarity"":{""score"":46.929918034699426},""R2_stop_distance_pct"":{""value"":3.5605836498101153,""score"":100.0},""R3_stop_distance_atr"":{""value"":0.9698879802374802,""score"":73.49439901187401},""R4_rr_potential"":{""value"":-1.002604751425874,""score"":0.0},""_score"":57.45},""market"":{""M1_spy_regime"":{""score"":100.0},""M3_earnings_risk"":{""value"":null,""score"":80.0},""M4_vix"":{""value"":null,""score"":60.0},""_score"":84.0},""liquidity"":{""L1_price"":{""value"":125.075,""score"":100.0},""L2_dollar_vol"":{""value"":1385242786.7310433,""score"":100.0},""L3_spread_proxy"":{""value"":0.035458724765140934,""score"":64.54127523485906},""L4_volume_zscore"":{""value"":-1.5385782956994114,""score"":100.0},""_score"":96.45},""pattern_structure"":{""level"":121.43,""level_idx"":46,""breakout_idx"":53,""bo_peak_idx"":70,""bo_peak_price"":130.3656,""retest_idx"":76,""retest_low"":121.84,""structural_low"":121.84,""current_price"":125.455,""neckline_distance_pct"":-0.03208321708979309,""base_bars"":33,""bars_since_breakout"":26},""pattern_geometry_features"":{""retest_depth_atr"":-0.2632351322596005,""bars_breakout_to_retest"":23.0,""bars_since_retest"":3.0,""current_above_level_atr"":2.584198554499753,""bo_peak_excess_pct"":0.07358642839496,""atr_pct"":0.03671128751320637},""_schema_version"":""1.0""}",,,,,,,,,,
20260608T171746Z-5e850b,2026-06-08T17:17:46.036346+00:00,NVDA,vcp,absent,44.22,62.9,35.0,39.1,44.2,19.7,17.5,46.2,84.0,97.8,9.43,8.75,4.7,5.31,2.56,1.23,2.31,5.04,4.89,True,risk_unclear,208.04,236.54,205.6483,212.46,"{""trend"":{""T1_ema_stack"":{""value"":[false,true,true],""score"":66.66666666666666},""T2_ema50_slope"":{""value"":0.31738498038905744,""score"":100},""T3_high_proximity"":{""value"":0.8824976669211843,""score"":41.2488334605921},""T4_rs_1m"":{""value"":-0.029590973699400003,""score"":20.409026300599997},""T5_rs_3m"":{""value"":0.04614041203060548,""score"":73.07020601530274},""T6_adr_healthy"":{""value"":3.5219962900373427,""score"":100.0},""_score"":62.9},""geometry"":{""sub_contraction_count"":100.0,""sub_reduction_rate"":0,""sub_pivot_tightness"":0,""sub_volume_dryup"":0,""sub_base_depth"":0.0,""sub_base_duration"":100.0,""_score"":35.0},""compression"":{""VC1_atr_ratio"":{""value"":0.78779195207667,""score"":53.0520119808325},""VC2_range_contraction"":{""value"":1.021402292273739,""score"":0},""VC3_range_pct_rank"":{""score"":71.66666666666667},""_score"":39.14},""sr_quality"":{""SR1_touches"":{""value"":2,""score"":25.0},""SR2_tightness"":{""value"":0.2046500000000009,""score"":94.99431748197622},""SR3_recency"":{""value"":255,""score"":0.0},""SR4_price_location"":{""score"":30.0},""SR5_reaction"":{""value"":2.604612055673826,""score"":100},""_score"":44.25,""_levels_found"":4,""_target_level"":197.4253},""volume"":{""V1_rvol_day"":{""value"":0.4615361539613913,""score"":0},""V2_rvol_sameslot"":{""value"":0.9406410596108267,""score"":29.376070640721778,""status"":""ok""},""V3_breakout_bar"":{""value"":0.64977641361382,""score"":9.985094240921333},""V4_base_dryup"":{""value"":0.9335347367240128,""score"":56.64652632759872},""V5_bo_expansion"":{""value"":0.4615361539613913,""score"":0},""_score"":19.7},""readiness"":{""_distance_atr"":3.486,""BR1_atr_distance"":{""score"":0},""BR2_compression"":{""score"":0},""BR3_retest"":{""score"":50.0},""BR4_bo_age"":{""score"":50.0},""_score"":17.5},""risk"":{""R1_stop_clarity"":{""score"":23.39948232741274},""R2_stop_distance_pct"":{""value"":1.1496346856373707,""score"":78.74086714093427},""R3_stop_distance_atr"":{""value"":0.29250160953719406,""score"":39.62508047685971},""R4_rr_potential"":{""value"":1.8480578667893186,""score"":42.40289333946593},""_score"":46.24},""market"":{""M1_spy_regime"":{""score"":100.0},""M3_earnings_risk"":{""value"":null,""score"":80.0},""M4_vix"":{""value"":null,""score"":60.0},""_score"":84.0},""liquidity"":{""L1_price"":{""value"":208.04,""score"":100.0},""L2_dollar_vol"":{""value"":16801510876.14326,""score"":100.0},""L3_spread_proxy"":{""value"":0.021486252643722357,""score"":78.51374735627765},""L4_volume_zscore"":{""value"":-2.3287228811387712,""score"":100.0},""_score"":97.85},""pattern_structure"":{""n_contractions"":5,""contractions_pct"":[4.95,9.09,9.35,10.19,11.74],""descending_strict"":false,""final_low"":208.78,""final_pivot"":236.54,""structural_low"":208.78,""dry_up_ratio"":1.122585699472459,""current_price"":208.04,""neckline_distance_pct"":0.13699288598346474,""base_bars"":58},""pattern_geometry_features"":{""contraction_count"":5.0,""first_contraction_pct"":0.049485652409312325,""last_contraction_pct"":0.11735858628561761,""dry_up_ratio"":1.122585699472459,""near_monotone"":0.0,""base_depth_pct"":-0.13037357877639422},""_schema_version"":""1.0""}",,,,,,,,,,
20260608T171746Z-5e850b,2026-06-08T17:17:46.036346+00:00,NXE,double_bottom,invalidated,44.14,15.1,62.2,42.4,64.2,13.7,17.5,26.7,84.0,82.3,2.26,15.55,3.39,8.99,1.79,1.4,1.6,5.04,4.12,False,,10.4001,12.5,10.64,14.198,"{""trend"":{""T1_ema_stack"":{""value"":[false,false,true],""score"":33.33333333333333},""T2_ema50_slope"":{""value"":-0.24762885321282144,""score"":8.728524464529755},""T3_high_proximity"":{""value"":0.7939007633587787,""score"":0},""T4_rs_1m"":{""value"":-0.17315893773809587,""score"":0},""T5_rs_3m"":{""value"":-0.27137573064508913,""score"":0},""T6_adr_healthy"":{""value"":4.795926877345242,""score"":100.0},""_score"":15.08},""geometry"":{""sub_low_similarity"":45.6,""sub_bounce_quality"":100,""sub_separation_fit"":60.0,""sub_right_bottom_reaction"":90.2,""sub_base_context"":30.0,""_score"":62.21},""compression"":{""VC1_atr_ratio"":{""value"":0.7470621590720713,""score"":63.23446023198217},""VC2_range_contraction"":{""value"":1.2245614776133322,""score"":0},""VC3_range_pct_rank"":{""score"":68.33333333333333},""_score"":42.38},""sr_quality"":{""SR1_touches"":{""value"":4,""score"":75.0},""SR2_tightness"":{""value"":0.14579337262029438,""score"":51.172020078366565},""SR3_recency"":{""value"":235,""score"":0.0},""SR4_price_location"":{""score"":76.2034138562401},""SR5_reaction"":{""value"":2.3773742883115636,""score"":100},""_score"":64.23,""_levels_found"":6,""_target_level"":10.6015},""volume"":{""V1_rvol_day"":{""value"":0.3171959430995831,""score"":0},""V2_rvol_sameslot"":{""value"":0.5194234636170815,""score"":1.294897574472098,""status"":""ok""},""V3_breakout_bar"":{""value"":0.4241198174475666,""score"":0},""V4_base_dryup"":{""value"":0.8259431411813988,""score"":67.40568588186012},""V5_bo_expansion"":{""value"":0.3171959430995831,""score"":0},""_score"":13.74},""readiness"":{""_distance_atr"":3.516,""BR1_atr_distance"":{""score"":0},""BR2_compression"":{""score"":0},""BR3_retest"":{""score"":50.0},""BR4_bo_age"":{""score"":50.0},""_score"":17.5},""risk"":{""R1_stop_clarity"":{""score"":45.73417539830642},""R2_stop_distance_pct"":{""value"":-2.3064201305756655,""score"":0.0},""R3_stop_distance_atr"":{""value"":-0.4016769532558247,""score"":4.916152337208768},""R4_rr_potential"":{""value"":null,""score"":50.0},""_score"":26.74},""market"":{""M1_spy_regime"":{""score"":100.0},""M3_earnings_risk"":{""value"":null,""score"":80.0},""M4_vix"":{""value"":null,""score"":60.0},""_score"":84.0},""liquidity"":{""L1_price"":{""value"":10.4001,""score"":100.0},""L2_dollar_vol"":{""value"":20971419.096548837,""score"":66.0813909675873},""L3_spread_proxy"":{""value"":0.041095758694627976,""score"":58.904241305372025},""L4_volume_zscore"":{""value"":-2.4321534877675473,""score"":100.0},""_score"":82.32},""pattern_structure"":{""left_low"":10.802,""left_idx"":29,""right_low"":11.1,""right_idx"":65,""separation_bars"":36,""structural_low"":10.802,""current_price"":10.405,""neckline_distance_pct"":0.201345506967804,""base_bars"":36},""pattern_geometry_features"":{""low_similarity_pct"":0.027212126746415856,""bounce_pct"":0.1571931123865951,""right_bottom_reaction"":0.9016393442622971,""atr_pct"":0.05741977755708394},""_schema_version"":""1.0""}",,,,,,,,,,
20260608T171746Z-5e850b,2026-06-08T17:17:46.036346+00:00,LUNR,vcp,invalidated,44.09,71.7,35.0,29.8,58.9,3.5,22.1,43.0,84.0,95.2,10.75,8.75,3.57,7.07,0.45,1.55,2.15,5.04,4.76,False,,29.91,38.55,30.4562,26.77,"{""trend"":{""T1_ema_stack"":{""value"":[false,true,true],""score"":66.66666666666666},""T2_ema50_slope"":{""value"":1.299574159363819,""score"":100},""T3_high_proximity"":{""value"":0.6544857768052516,""score"":0},""T4_rs_1m"":{""value"":0.22733244565613453,""score"":100},""T5_rs_3m"":{""value"":0.5614455376516858,""score"":100},""T6_adr_healthy"":{""value"":13.337945575145573,""score"":0.0},""_score"":71.67},""geometry"":{""sub_contraction_count"":100.0,""sub_reduction_rate"":0,""sub_pivot_tightness"":0,""sub_volume_dryup"":0,""sub_base_depth"":0.0,""sub_base_duration"":100.0,""_score"":35.0},""compression"":{""VC1_atr_ratio"":{""value"":0.9502181195267675,""score"":12.445470118308128},""VC2_range_contraction"":{""value"":1.37727138206354,""score"":0},""VC3_range_pct_rank"":{""score"":99.16666666666667},""_score"":29.77},""sr_quality"":{""SR1_touches"":{""value"":2,""score"":25.0},""SR2_tightness"":{""value"":0.11499999999999844,""score"":95.59430379054068},""SR3_recency"":{""value"":237,""score"":0.0},""SR4_price_location"":{""score"":88.2155763892526},""SR5_reaction"":{""value"":2.202848104729693,""score"":100},""_score"":58.89,""_levels_found"":3,""_target_level"":31.035},""volume"":{""V1_rvol_day"":{""value"":0.3346513889713857,""score"":0},""V2_rvol_sameslot"":{""value"":0.488021954175171,""score"":0,""status"":""ok""},""V3_breakout_bar"":{""value"":0.4241196054890009,""score"":0},""V4_base_dryup"":{""value"":1.3262620578315247,""score"":17.37379421684753},""V5_bo_expansion"":{""value"":0.3346513889713857,""score"":0},""_score"":3.47},""readiness"":{""_distance_atr"":1.655,""BR1_atr_distance"":{""score"":0},""BR2_compression"":{""score"":18.364345296188727},""BR3_retest"":{""score"":50.0},""BR4_bo_age"":{""score"":50.0},""_score"":22.09},""risk"":{""R1_stop_clarity"":{""score"":82.23163563524122},""R2_stop_distance_pct"":{""value"":-1.8261451019725927,""score"":4.3463724506851875},""R3_stop_distance_atr"":{""value"":-0.10462570737420553,""score"":19.76871463128972},""R4_rr_potential"":{""value"":null,""score"":50.0},""_score"":43.05},""market"":{""M1_spy_regime"":{""score"":100.0},""M3_earnings_risk"":{""value"":null,""score"":80.0},""M4_vix"":{""value"":null,""score"":60.0},""_score"":84.0},""liquidity"":{""L1_price"":{""value"":29.91,""score"":100.0},""L2_dollar_vol"":{""value"":173250094.28011313,""score"":100.0},""L3_spread_proxy"":{""value"":0.04781009695753927,""score"":52.18990304246073},""L4_volume_zscore"":{""value"":-1.1757242262119119,""score"":100.0},""_score"":95.22},""pattern_structure"":{""n_contractions"":5,""contractions_pct"":[19.38,16.37,27.39,26.97,19.79],""descending_strict"":false,""final_low"":30.92,""final_pivot"":38.55,""structural_low"":30.92,""dry_up_ratio"":1.6339817723493244,""current_price"":29.91,""neckline_distance_pct"":0.2888665997993981,""base_bars"":59},""pattern_geometry_features"":{""contraction_count"":5.0,""first_contraction_pct"":0.1938349007314525,""last_contraction_pct"":0.1979247730220492,""dry_up_ratio"":1.6339817723493244,""near_monotone"":0.0,""base_depth_pct"":-0.6154649947753397},""_schema_version"":""1.0""}",,,,,,,,,,
20260608T171746Z-5e850b,2026-06-08T17:17:46.036346+00:00,OKLO,vcp,absent,43.98,13.5,45.0,63.8,64.3,3.8,24.0,66.7,84.0,96.0,2.02,11.25,7.65,7.72,0.49,1.68,3.33,5.04,4.8,False,,59.545,80.08,53.1457,92.305,"{""trend"":{""T1_ema_stack"":{""value"":[false,false,false],""score"":0.0},""T2_ema50_slope"":{""value"":-0.03834749595883959,""score"":43.608750673526735},""T3_high_proximity"":{""value"":0.7478648580758603,""score"":0},""T4_rs_1m"":{""value"":-0.18426045368053479,""score"":0},""T5_rs_3m"":{""value"":-0.12904537787214,""score"":0},""T6_adr_healthy"":{""value"":8.19722595221641,""score"":95.06935119458974},""_score"":13.48},""geometry"":{""sub_contraction_count"":100.0,""sub_reduction_rate"":0,""sub_pivot_tightness"":0,""sub_volume_dryup"":0,""sub_base_depth"":100.0,""sub_base_duration"":100.0,""_score"":45.0},""compression"":{""VC1_atr_ratio"":{""value"":0.477002878437336,""score"":100},""VC2_range_contraction"":{""value"":1.0363319250857095,""score"":0},""VC3_range_pct_rank"":{""score"":95.0},""_score"":63.75},""sr_quality"":{""SR1_touches"":{""value"":5,""score"":100},""SR2_tightness"":{""value"":1.360574878498056,""score"":53.02032960917102},""SR3_recency"":{""value"":251,""score"":0.0},""SR4_price_location"":{""score"":47.144754316069104},""SR5_reaction"":{""value"":1.9477966620052136,""score"":97.38983310026069},""_score"":64.35,""_levels_found"":8,""_target_level"":62.331},""volume"":{""V1_rvol_day"":{""value"":0.3803905867743559,""score"":0},""V2_rvol_sameslot"":{""value"":0.45957824435040356,""score"":0,""status"":""ok""},""V3_breakout_bar"":{""value"":0.3900133811504607,""score"":0},""V4_base_dryup"":{""value"":1.3118028369878076,""score"":18.81971630121923},""V5_bo_expansion"":{""value"":0.380390586774356,""score"":0},""_score"":3.76},""readiness"":{""_distance_atr"":3.545,""BR1_atr_distance"":{""score"":0},""BR2_compression"":{""score"":25.85623636281535},""BR3_retest"":{""score"":50.0},""BR4_bo_age"":{""score"":50.0},""_score"":23.96},""risk"":{""R1_stop_clarity"":{""score"":72.0545907910411},""R2_stop_distance_pct"":{""value"":10.747040053740875,""score"":31.323998656478125},""R3_stop_distance_atr"":{""value"":1.1048204107504451,""score"":80.24102053752226},""R4_rr_potential"":{""value"":5.119289925109286,""score"":100.0},""_score"":66.65},""market"":{""M1_spy_regime"":{""score"":100.0},""M3_earnings_risk"":{""value"":null,""score"":80.0},""M4_vix"":{""value"":null,""score"":60.0},""_score"":84.0},""liquidity"":{""L1_price"":{""value"":59.545,""score"":100.0},""L2_dollar_vol"":{""value"":347801671.1738342,""score"":100.0},""L3_spread_proxy"":{""value"":0.0394743471324208,""score"":60.5256528675792},""L4_volume_zscore"":{""value"":-1.8052408629494463,""score"":100.0},""_score"":96.05},""pattern_structure"":{""n_contractions"":5,""contractions_pct"":[14.67,20.04,22.15,22.45,32.62],""descending_strict"":false,""final_low"":53.955,""final_pivot"":80.08,""structural_low"":53.955,""dry_up_ratio"":1.2424997137005225,""current_price"":59.545,""neckline_distance_pct"":0.34486522797883945,""base_bars"":53},""pattern_geometry_features"":{""contraction_count"":5.0,""first_contraction_pct"":0.14672106376548816,""last_contraction_pct"":0.32623626373626374,""dry_up_ratio"":1.2424997137005225,""near_monotone"":0.0,""base_depth_pct"":0.18472348141432468},""_schema_version"":""1.0""}",,,,,,,,,,
20260608T171746Z-5e850b,2026-06-08T17:17:46.036346+00:00,ASTS,vcp,absent,43.85,62.3,35.0,27.3,56.2,3.0,34.1,64.1,84.0,94.4,9.34,8.75,3.27,6.74,0.4,2.39,3.2,5.04,4.72,False,,92.76,104.15,72.3975,160.54,"{""trend"":{""T1_ema_stack"":{""value"":[false,true,true],""score"":66.66666666666666},""T2_ema50_slope"":{""value"":0.7383877091659862,""score"":100},""T3_high_proximity"":{""value"":0.6969719738522804,""score"":0},""T4_rs_1m"":{""value"":0.40620218226566185,""score"":100},""T5_rs_3m"":{""value"":-0.05944616174730166,""score"":20.27691912634917},""T6_adr_healthy"":{""value"":9.949706126691746,""score"":51.257346832706354},""_score"":62.27},""geometry"":{""sub_contraction_count"":100.0,""sub_reduction_rate"":0,""sub_pivot_tightness"":0,""sub_volume_dryup"":0,""sub_base_depth"":0.0,""sub_base_duration"":100.0,""_score"":35.0},""compression"":{""VC1_atr_ratio"":{""value"":0.9522272336263402,""score"":11.943191593414948},""VC2_range_contraction"":{""value"":1.066067443263271,""score"":0},""VC3_range_pct_rank"":{""score"":90.0},""_score"":27.28},""sr_quality"":{""SR1_touches"":{""value"":7,""score"":100},""SR2_tightness"":{""value"":2.961190294321467,""score"":54.38106417480903},""SR3_recency"":{""value"":262,""score"":0.0},""SR4_price_location"":{""score"":20.40519190855318},""SR5_reaction"":{""value"":1.7236123949117481,""score"":86.1806197455874},""_score"":56.19,""_levels_found"":5,""_target_level"":101.9364},""volume"":{""V1_rvol_day"":{""value"":0.2922394958312595,""score"":0},""V2_rvol_sameslot"":{""value"":0.46393526810574326,""score"":0,""status"":""ok""},""V3_breakout_bar"":{""value"":0.4520285286251327,""score"":0},""V4_base_dryup"":{""value"":1.347269934273505,""score"":15.273006572649493},""V5_bo_expansion"":{""value"":0.2922394958312595,""score"":0},""_score"":3.05},""readiness"":{""_distance_atr"":0.877,""BR1_atr_distance"":{""score"":41.51004298898132},""BR2_compression"":{""score"":0},""BR3_retest"":{""score"":50.0},""BR4_bo_age"":{""score"":50.0},""_score"":34.1},""risk"":{""R1_stop_clarity"":{""score"":83.01531757559742},""R2_stop_distance_pct"":{""value"":21.951811125485136,""score"":0.0},""R3_stop_distance_atr"":{""value"":1.568483427967781,""score"":100.0},""R4_rr_potential"":{""value"":3.328667894413748,""score"":100.0},""_score"":64.06},""market"":{""M1_spy_regime"":{""score"":100.0},""M3_earnings_risk"":{""value"":null,""score"":80.0},""M4_vix"":{""value"":null,""score"":60.0},""_score"":84.0},""liquidity"":{""L1_price"":{""value"":92.76,""score"":100.0},""L2_dollar_vol"":{""value"":725469902.1683179,""score"":100.0},""L3_spread_proxy"":{""value"":0.056274256144890025,""score"":43.725743855109975},""L4_volume_zscore"":{""value"":-1.6796989021346136,""score"":100.0},""_score"":94.37},""pattern_structure"":{""n_contractions"":5,""contractions_pct"":[29.67,12.88,21.33,27.06,29.43],""descending_strict"":false,""final_low"":73.5,""final_pivot"":104.15,""structural_low"":73.5,""dry_up_ratio"":1.313217055831789,""current_price"":92.76,""neckline_distance_pct"":0.12278999568779646,""base_bars"":54},""pattern_geometry_features"":{""contraction_count"":5.0,""first_contraction_pct"":0.2967126029717453,""last_contraction_pct"":0.2942870859337494,""dry_up_ratio"":1.313217055831789,""near_monotone"":0.0,""base_depth_pct"":0.43413657710370307},""_schema_version"":""1.0""}",,,,,,,,,,
20260608T171746Z-5e850b,2026-06-08T17:17:46.036346+00:00,IBM,vcp,breakout_confirmed,43.61,72.2,45.0,6.5,50.6,6.2,31.7,35.5,84.0,96.5,10.83,11.25,0.78,6.08,0.81,2.22,1.78,5.04,4.83,False,,281.41,235.95,209.1549,283.99,"{""trend"":{""T1_ema_stack"":{""value"":[true,true,false],""score"":66.66666666666666},""T2_ema50_slope"":{""value"":0.22750846125954394,""score"":87.91807687659065},""T3_high_proximity"":{""value"":0.8547519970841053,""score"":27.37599854205264},""T4_rs_1m"":{""value"":0.20336081605027645,""score"":100},""T5_rs_3m"":{""value"":0.01797494209075201,""score"":58.987471045376004},""T6_adr_healthy"":{""value"":4.371936062248095,""score"":100.0},""_score"":72.2},""geometry"":{""sub_contraction_count"":100.0,""sub_reduction_rate"":0,""sub_pivot_tightness"":0,""sub_volume_dryup"":0,""sub_base_depth"":100.0,""sub_base_duration"":100.0,""_score"":45.0},""compression"":{""VC1_atr_ratio"":{""value"":1.4445440169229773,""score"":0},""VC2_range_contraction"":{""value"":1.879431250422062,""score"":0},""VC3_range_pct_rank"":{""score"":25.83333333333333},""_score"":6.46},""sr_quality"":{""SR1_touches"":{""value"":3,""score"":50.0},""SR2_tightness"":{""value"":2.9896525253316923,""score"":65.24319483001466},""SR3_recency"":{""value"":317,""score"":0.0},""SR4_price_location"":{""score"":68.9098941744581},""SR5_reaction"":{""value"":1.148425458014543,""score"":57.421272900727146},""_score"":50.63,""_levels_found"":6,""_target_level"":291.4967},""volume"":{""V1_rvol_day"":{""value"":0.2741752579402403,""score"":0},""V2_rvol_sameslot"":{""value"":0.6877069245179259,""score"":12.513794967861728,""status"":""ok""},""V3_breakout_bar"":{""value"":0.558893853019816,""score"":3.926256867987732},""V4_base_dryup"":{""value"":1.3624913905205005,""score"":13.750860947949946},""V5_bo_expansion"":{""value"":0.27417525794024034,""score"":0},""_score"":6.23},""readiness"":{""_distance_atr"":-2.643,""BR1_atr_distance"":{""score"":7.14956505347611},""BR2_compression"":{""score"":45.52470790228688},""BR3_retest"":{""score"":50.0},""BR4_bo_age"":{""score"":50.0},""_score"":31.74},""risk"":{""R1_stop_clarity"":{""score"":62.97098100568117},""R2_stop_distance_pct"":{""value"":25.676095376852288,""score"":0.0},""R3_stop_distance_atr"":{""value"":4.2000807986192,""score"":89.99596006904001},""R4_rr_potential"":{""value"":0.03570682207899488,""score"":0.0},""_score"":35.54},""market"":{""M1_spy_regime"":{""score"":100.0},""M3_earnings_risk"":{""value"":null,""score"":80.0},""M4_vix"":{""value"":null,""score"":60.0},""_score"":84.0},""liquidity"":{""L1_price"":{""value"":281.41,""score"":100.0},""L2_dollar_vol"":{""value"":939746305.4564545,""score"":100.0},""L3_spread_proxy"":{""value"":0.034469279698660274,""score"":65.53072030133973},""L4_volume_zscore"":{""value"":-1.0510142142655603,""score"":100.0},""_score"":96.55},""pattern_structure"":{""n_contractions"":5,""contractions_pct"":[6.02,9.5,7.8,14.22,10.01],""descending_strict"":false,""final_low"":212.34,""final_pivot"":235.95,""structural_low"":212.34,""dry_up_ratio"":1.9733808973316815,""current_price"":281.41,""neckline_distance_pct"":-0.16154365516506178,""base_bars"":48},""pattern_geometry_features"":{""contraction_count"":5.0,""first_contraction_pct"":0.06018127352331203,""last_contraction_pct"":0.10006357279084546,""dry_up_ratio"":1.9733808973316815,""near_monotone"":0.0,""base_depth_pct"":0.18449957754051768},""_schema_version"":""1.0""}",,,,,,,,,,
20260608T171746Z-5e850b,2026-06-08T17:17:46.036346+00:00,TMUS,vcp,invalidated,43.52,10.4,57.4,54.0,59.6,17.3,18.1,10.4,84.0,98.0,1.56,14.36,6.48,7.15,2.25,1.27,0.52,5.04,4.9,True,risk_unclear,178.835,196.235,182.3235,235.885,"{""trend"":{""T1_ema_stack"":{""value"":[false,false,false],""score"":0.0},""T2_ema50_slope"":{""value"":-0.17707899103746252,""score"":20.486834827089577},""T3_high_proximity"":{""value"":0.8174193253496663,""score"":8.70966267483314},""T4_rs_1m"":{""value"":-0.0923511001075531,""score"":0},""T5_rs_3m"":{""value"":-0.2706387365828785,""score"":0},""T6_adr_healthy"":{""value"":2.558001761378876,""score"":100.0},""_score"":10.4},""geometry"":{""sub_contraction_count"":100.0,""sub_reduction_rate"":0,""sub_pivot_tightness"":61.9,""sub_volume_dryup"":21.0,""sub_base_depth"":100.0,""sub_base_duration"":100.0,""_score"":57.43},""compression"":{""VC1_atr_ratio"":{""value"":0.41217430534315824,""score"":100},""VC2_range_contraction"":{""value"":1.1317950282776879,""score"":0},""VC3_range_pct_rank"":{""score"":55.833333333333336},""_score"":53.96},""sr_quality"":{""SR1_touches"":{""value"":3,""score"":50.0},""SR2_tightness"":{""value"":0.7884584115009833,""score"":66.45102557560003},""SR3_recency"":{""value"":253,""score"":0.0},""SR4_price_location"":{""score"":78.4590181871231},""SR5_reaction"":{""value"":3.0054545159826276,""score"":100},""_score"":59.58,""_levels_found"":8,""_target_level"":182.21},""volume"":{""V1_rvol_day"":{""value"":0.3523841364073409,""score"":0},""V2_rvol_sameslot"":{""value"":1.0161565831619743,""score"":34.410438877464955,""status"":""ok""},""V3_breakout_bar"":{""value"":0.4551759681397453,""score"":0},""V4_base_dryup"":{""value"":0.9786691395486079,""score"":52.13308604513921},""V5_bo_expansion"":{""value"":0.3523841364073409,""score"":0},""_score"":17.31},""readiness"":{""_distance_atr"":3.702,""BR1_atr_distance"":{""score"":0},""BR2_compression"":{""score"":2.43099773417782},""BR3_retest"":{""score"":50.0},""BR4_bo_age"":{""score"":50.0},""_score"":18.11},""risk"":{""R1_stop_clarity"":{""score"":0},""R2_stop_distance_pct"":{""value"":-1.950680795146357,""score"":1.2329801213410763},""R3_stop_distance_atr"":{""value"":-0.7421799017700818,""score"":0.0},""R4_rr_potential"":{""value"":null,""score"":50.0},""_score"":10.37},""market"":{""M1_spy_regime"":{""score"":100.0},""M3_earnings_risk"":{""value"":null,""score"":80.0},""M4_vix"":{""value"":null,""score"":60.0},""_score"":84.0},""liquidity"":{""L1_price"":{""value"":178.835,""score"":100.0},""L2_dollar_vol"":{""value"":294463531.92813164,""score"":100.0},""L3_spread_proxy"":{""value"":0.02040987502446392,""score"":79.59012497553607},""L4_volume_zscore"":{""value"":-1.9026631701862975,""score"":100.0},""_score"":97.96},""pattern_structure"":{""n_contractions"":5,""contractions_pct"":[5.6,7.02,13.2,11.98,5.67],""descending_strict"":false,""final_low"":185.1,""final_pivot"":196.235,""structural_low"":185.1,""dry_up_ratio"":0.894853058307933,""current_price"":178.835,""neckline_distance_pct"":0.09729639052758132,""base_bars"":57},""pattern_geometry_features"":{""contraction_count"":5.0,""first_contraction_pct"":0.05597330367074533,""last_contraction_pct"":0.05674319056233607,""dry_up_ratio"":0.894853058307933,""near_monotone"":0.0,""base_depth_pct"":0.1764182424916574},""_schema_version"":""1.0""}",,,,,,,,,,
20260608T171746Z-5e850b,2026-06-08T17:17:46.036346+00:00,GD,ascending_triangle,absent,43.49,38.5,28.4,65.8,48.6,33.2,17.5,59.0,84.0,98.1,5.77,7.96,5.26,6.81,3.98,1.4,2.36,5.04,4.9,True,risk_unclear,341.0928,351.36,329.9947,367.7,"{""trend"":{""T1_ema_stack"":{""value"":[false,false,true],""score"":33.33333333333333},""T2_ema50_slope"":{""value"":-0.005632836943002797,""score"":49.061193842832864},""T3_high_proximity"":{""value"":0.9573459822055067,""score"":78.67299110275333},""T4_rs_1m"":{""value"":-0.03240347828803769,""score"":17.59652171196231},""T5_rs_3m"":{""value"":-0.1505712571450738,""score"":0},""T6_adr_healthy"":{""value"":1.6424004920075959,""score"":100.0},""_score"":38.47},""geometry"":{""sub_flat_top_quality"":33.3,""sub_hl_slope"":11.5,""sub_compression"":0,""sub_duration"":100.0,""_score"":28.44},""compression"":{""VC1_atr_ratio"":{""value"":0.5218666049069255,""score"":100},""VC2_range_contraction"":{""value"":0.7687886679789099,""score"":38.535222003515024},""VC3_range_pct_rank"":{""score"":49.16666666666667},""_score"":65.78},""sr_quality"":{""SR1_touches"":{""value"":2,""score"":25.0},""SR2_tightness"":{""value"":0.4900000000000091,""score"":82.88823047378379},""SR3_recency"":{""value"":277,""score"":0.0},""SR4_price_location"":{""score"":54.781781101291585},""SR5_reaction"":{""value"":2.5728680446970884,""score"":100},""_score"":48.63,""_levels_found"":7,""_target_level"":343.31},""volume"":{""V1_rvol_day"":{""value"":0.30149845763062333,""score"":0},""V2_rvol_sameslot"":{""value"":1.2250575646815078,""score"":48.33717097876719,""status"":""ok""},""V3_breakout_bar"":{""value"":0.9525450851185548,""score"":30.169672341236993},""V4_base_dryup"":{""value"":0.7012703231672645,""score"":79.87296768327356},""V5_bo_expansion"":{""value"":0.30149845763062333,""score"":0},""_score"":33.18},""readiness"":{""_distance_atr"":1.793,""BR1_atr_distance"":{""score"":0},""BR2_compression"":{""score"":0},""BR3_retest"":{""score"":50.0},""BR4_bo_age"":{""score"":50.0},""_score"":17.5},""risk"":{""R1_stop_clarity"":{""score"":0},""R2_stop_distance_pct"":{""value"":3.2536893185666904,""score"":100.0},""R3_stop_distance_atr"":{""value"":1.9378380548867065,""score"":100.0},""R4_rr_potential"":{""value"":2.3974554202971614,""score"":69.87277101485807},""_score"":58.97},""market"":{""M1_spy_regime"":{""score"":100.0},""M3_earnings_risk"":{""value"":null,""score"":80.0},""M4_vix"":{""value"":null,""score"":60.0},""_score"":84.0},""liquidity"":{""L1_price"":{""value"":341.0928,""score"":100.0},""L2_dollar_vol"":{""value"":102041251.76616967,""score"":100.0},""L3_spread_proxy"":{""value"":0.019144350159252768,""score"":80.85564984074723},""L4_volume_zscore"":{""value"":-2.054929188602348,""score"":100.0},""_score"":98.09},""pattern_structure"":{""top"":351.36,""top_touches"":2,""low_slope_per_bar"":0.11559655596555798,""lowest_low"":335.02,""structural_low"":335.02,""current_price"":340.96,""neckline_distance_pct"":0.030502111684655192,""base_bars"":23},""pattern_geometry_features"":{""top_touches"":2.0,""low_slope"":0.11559655596555798,""compression"":-0.1547842264331747,""atr_pct"":0.01679030562105931},""_schema_version"":""1.0""}",,,,,,,,,,
20260608T171746Z-5e850b,2026-06-08T17:17:46.036346+00:00,IR,double_bottom,setup,43.45,15.7,38.0,60.7,48.8,21.5,57.5,45.0,84.0,95.8,2.35,9.5,4.85,6.83,2.79,4.6,2.7,5.04,4.79,True,risk_unclear,73.425,72.67,68.1227,76.1799,"{""trend"":{""T1_ema_stack"":{""value"":[true,false,false],""score"":33.33333333333333},""T2_ema50_slope"":{""value"":-0.44308833207949416,""score"":0},""T3_high_proximity"":{""value"":0.8313519021739131,""score"":15.67595108695652},""T4_rs_1m"":{""value"":-0.06581228079922463,""score"":0},""T5_rs_3m"":{""value"":-0.2455919080469965,""score"":0},""T6_adr_healthy"":{""value"":2.6259769055106936,""score"":100.0},""_score"":15.68},""geometry"":{""sub_low_similarity"":30.7,""sub_bounce_quality"":29.6,""sub_separation_fit"":26.7,""sub_right_bottom_reaction"":85.7,""sub_base_context"":30.0,""_score"":37.99},""compression"":{""VC1_atr_ratio"":{""value"":0.3653018346115224,""score"":100},""VC2_range_contraction"":{""value"":0.8707737734751235,""score"":21.537704420812748},""VC3_range_pct_rank"":{""score"":52.5},""_score"":60.66},""sr_quality"":{""SR1_touches"":{""value"":2,""score"":25.0},""SR2_tightness"":{""value"":0.3500000000000014,""score"":64.76708526724875},""SR3_recency"":{""value"":248,""score"":0.0},""SR4_price_location"":{""score"":66.2519009595577},""SR5_reaction"":{""value"":4.134834207565002,""score"":100},""_score"":48.78,""_levels_found"":4,""_target_level"":75.66},""volume"":{""V1_rvol_day"":{""value"":0.3064813527343332,""score"":0},""V2_rvol_sameslot"":{""value"":0.921537349975823,""score"":28.1024899983882,""status"":""ok""},""V3_breakout_bar"":{""value"":0.9374510095766762,""score"":29.163400638445076},""V4_base_dryup"":{""value"":1.0723481895788927,""score"":42.76518104211073},""V5_bo_expansion"":{""value"":0.30648135273433325,""score"":0},""_score"":21.46},""readiness"":{""_distance_atr"":-0.38,""BR1_atr_distance"":{""score"":100.0},""BR2_compression"":{""score"":0},""BR3_retest"":{""score"":50.0},""BR4_bo_age"":{""score"":50.0},""_score"":57.5},""risk"":{""R1_stop_clarity"":{""score"":0},""R2_stop_distance_pct"":{""value"":7.221384405856314,""score"":100.0},""R3_stop_distance_atr"":{""value"":2.6687933805262603,""score"":100.0},""R4_rr_potential"":{""value"":0.5195668333835801,""score"":0.0},""_score"":45.0},""market"":{""M1_spy_regime"":{""score"":100.0},""M3_earnings_risk"":{""value"":null,""score"":80.0},""M4_vix"":{""value"":null,""score"":60.0},""_score"":84.0},""liquidity"":{""L1_price"":{""value"":73.425,""score"":100.0},""L2_dollar_vol"":{""value"":85468767.69455145,""score"":96.59037211306489},""L3_spread_proxy"":{""value"":0.028328226081035048,""score"":71.67177391896496},""L4_volume_zscore"":{""value"":-2.4509444898903356,""score"":100.0},""_score"":95.8},""pattern_structure"":{""left_low"":69.1601,""left_idx"":35,""right_low"":71.6,""right_idx"":76,""separation_bars"":41,""structural_low"":69.1601,""current_price"":73.55,""neckline_distance_pct"":-0.011964649898028491,""base_bars"":41},""pattern_geometry_features"":{""low_similarity_pct"":0.034667494552788676,""bounce_pct"":0.050750360395661685,""right_bottom_reaction"":0.8571428571428447,""atr_pct"":0.027058611800184873},""_schema_version"":""1.0""}",,,,,,,,,,
20260608T171746Z-5e850b,2026-06-08T17:17:46.036346+00:00,COF,double_bottom,absent,43.39,15.9,36.2,63.3,55.8,26.1,25.9,60.4,84.0,98.7,2.38,9.06,5.07,7.81,3.39,2.07,3.62,5.04,4.94,True,risk_unclear,181.17,192.03,176.631,204.7392,"{""trend"":{""T1_ema_stack"":{""value"":[false,false,false],""score"":0.0},""T2_ema50_slope"":{""value"":-0.14772900531373143,""score"":25.378499114378094},""T3_high_proximity"":{""value"":0.8774640383590836,""score"":38.73201917954178},""T4_rs_1m"":{""value"":-0.0725285877122892,""score"":0},""T5_rs_3m"":{""value"":-0.1174203903368447,""score"":0},""T6_adr_healthy"":{""value"":2.418262347147466,""score"":100.0},""_score"":15.89},""geometry"":{""sub_low_similarity"":31.1,""sub_bounce_quality"":58.4,""sub_separation_fit"":0.0,""sub_right_bottom_reaction"":61.6,""sub_base_context"":30.0,""_score"":36.25},""compression"":{""VC1_atr_ratio"":{""value"":0.5239686957206985,""score"":100},""VC2_range_contraction"":{""value"":1.196982715040648,""score"":0},""VC3_range_pct_rank"":{""score"":93.33333333333333},""_score"":63.33},""sr_quality"":{""SR1_touches"":{""value"":5,""score"":100},""SR2_tightness"":{""value"":1.0454152047870668,""score"":59.12577623333196},""SR3_recency"":{""value"":238,""score"":0.0},""SR4_price_location"":{""score"":7.537608316880785},""SR5_reaction"":{""value"":2.266687891596465,""score"":100},""_score"":55.75,""_levels_found"":9,""_target_level"":187.5487},""volume"":{""V1_rvol_day"":{""value"":0.396256006111845,""score"":0},""V2_rvol_sameslot"":{""value"":1.1345337933178643,""score"":42.30225288785762,""status"":""ok""},""V3_breakout_bar"":{""value"":0.746824348857009,""score"":16.454956590467265},""V4_base_dryup"":{""value"":0.8235919202609269,""score"":67.64080797390731},""V5_bo_expansion"":{""value"":0.396256006111845,""score"":0},""_score"":26.1},""readiness"":{""_distance_atr"":2.123,""BR1_atr_distance"":{""score"":0},""BR2_compression"":{""score"":33.72989492815267},""BR3_retest"":{""score"":50.0},""BR4_bo_age"":{""score"":50.0},""_score"":25.93},""risk"":{""R1_stop_clarity"":{""score"":0},""R2_stop_distance_pct"":{""value"":2.5053883093227274,""score"":100.0},""R3_stop_distance_atr"":{""value"":0.8873440491301244,""score"":69.36720245650622},""R4_rr_potential"":{""value"":5.192583760518831,""score"":100.0},""_score"":60.41},""market"":{""M1_spy_regime"":{""score"":100.0},""M3_earnings_risk"":{""value"":null,""score"":80.0},""M4_vix"":{""value"":null,""score"":60.0},""_score"":84.0},""liquidity"":{""L1_price"":{""value"":181.17,""score"":100.0},""L2_dollar_vol"":{""value"":335179470.7073904,""score"":100.0},""L3_spread_proxy"":{""value"":0.012805100182149464,""score"":87.19489981785054},""L4_volume_zscore"":{""value"":-2.0159795096245894,""score"":100.0},""_score"":98.72},""pattern_structure"":{""left_low"":185.6052,""left_idx"":28,""right_low"":179.3208,""right_idx"":74,""separation_bars"":46,""structural_low"":179.3208,""current_price"":181.38,""neckline_distance_pct"":0.05871650678134307,""base_bars"":46},""pattern_geometry_features"":{""low_similarity_pct"":0.03444205126518804,""bounce_pct"":0.07087409826411666,""right_bottom_reaction"":0.615754082612881,""atr_pct"":0.02823468880845929},""_schema_version"":""1.0""}",,,,,,,,,,
20260608T171746Z-5e850b,2026-06-08T17:17:46.036346+00:00,UUUU,vcp,invalidated,43.3,13.3,42.9,63.5,61.8,22.1,17.5,34.0,84.0,94.2,2.0,10.72,7.62,7.41,2.87,1.23,1.7,5.04,4.71,False,,15.425,25.79,15.7896,33.37,"{""trend"":{""T1_ema_stack"":{""value"":[false,false,true],""score"":33.33333333333333},""T2_ema50_slope"":{""value"":-0.45794521738886546,""score"":0},""T3_high_proximity"":{""value"":0.6558248299319729,""score"":0},""T4_rs_1m"":{""value"":-0.3526320639034589,""score"":0},""T5_rs_3m"":{""value"":-0.3165726981375818,""score"":0},""T6_adr_healthy"":{""value"":7.065083680739456,""score"":100.0},""_score"":13.33},""geometry"":{""sub_contraction_count"":100.0,""sub_reduction_rate"":0,""sub_pivot_tightness"":0,""sub_volume_dryup"":0,""sub_base_depth"":78.9,""sub_base_duration"":100.0,""_score"":42.89},""compression"":{""VC1_atr_ratio"":{""value"":0.5623476314216815,""score"":100},""VC2_range_contraction"":{""value"":0.972079370737823,""score"":4.65343821036283},""VC3_range_pct_rank"":{""score"":87.5},""_score"":63.5},""sr_quality"":{""SR1_touches"":{""value"":3,""score"":50.0},""SR2_tightness"":{""value"":0.16336734339790407,""score"":75.40497997549839},""SR3_recency"":{""value"":237,""score"":0.0},""SR4_price_location"":{""score"":81.8963135689684},""SR5_reaction"":{""value"":2.490354647650573,""score"":100},""_score"":61.78,""_levels_found"":4,""_target_level"":16.2267},""volume"":{""V1_rvol_day"":{""value"":0.5442231316887264,""score"":2.948208779248425},""V2_rvol_sameslot"":{""value"":0.9746650041484146,""score"":31.64433360989431,""status"":""ok""},""V3_breakout_bar"":{""value"":0.5397426484805306,""score"":2.6495098987020365},""V4_base_dryup"":{""value"":0.7752825743499321,""score"":72.47174256500679},""V5_bo_expansion"":{""value"":0.5442231316887266,""score"":0},""_score"":22.08},""readiness"":{""_distance_atr"":7.802,""BR1_atr_distance"":{""score"":0},""BR2_compression"":{""score"":0},""BR3_retest"":{""score"":50.0},""BR4_bo_age"":{""score"":50.0},""_score"":17.5},""risk"":{""R1_stop_clarity"":{""score"":63.80015465828216},""R2_stop_distance_pct"":{""value"":-2.363371150729332,""score"":0.0},""R3_stop_distance_atr"":{""value"":-0.2744157541967804,""score"":11.279212290160977},""R4_rr_potential"":{""value"":null,""score"":50.0},""_score"":34.02},""market"":{""M1_spy_regime"":{""score"":100.0},""M3_earnings_risk"":{""value"":null,""score"":80.0},""M4_vix"":{""value"":null,""score"":60.0},""_score"":84.0},""liquidity"":{""L1_price"":{""value"":15.425,""score"":100.0},""L2_dollar_vol"":{""value"":88599091.67757402,""score"":97.37146347503001},""L3_spread_proxy"":{""value"":0.047656401944894594,""score"":52.3435980551054},""L4_volume_zscore"":{""value"":-1.022673819558341,""score"":100.0},""_score"":94.18},""pattern_structure"":{""n_contractions"":5,""contractions_pct"":[22.24,17.83,9.85,15.87,37.84],""descending_strict"":false,""final_low"":16.03,""final_pivot"":25.79,""structural_low"":16.03,""dry_up_ratio"":1.11333039828818,""current_price"":15.425,""neckline_distance_pct"":0.671961102106969,""base_bars"":58},""pattern_geometry_features"":{""contraction_count"":5.0,""first_contraction_pct"":0.22236340533672172,""last_contraction_pct"":0.37844125630089176,""dry_up_ratio"":1.11333039828818,""near_monotone"":0.0,""base_depth_pct"":0.32105040237187626},""_schema_version"":""1.0""}",,,,,,,,,,
20260608T171746Z-5e850b,2026-06-08T17:17:46.036346+00:00,ASX,vcp,invalidated,43.02,82.3,35.0,13.4,44.9,18.1,17.5,29.7,84.0,96.4,12.34,8.75,1.61,5.39,2.36,1.23,1.48,5.04,4.82,False,,35.515,41.1,36.3662,26.73,"{""trend"":{""T1_ema_stack"":{""value"":[false,true,true],""score"":66.66666666666666},""T2_ema50_slope"":{""value"":0.746812551904165,""score"":100},""T3_high_proximity"":{""value"":0.8747536945812807,""score"":37.376847290640335},""T4_rs_1m"":{""value"":0.05200531697154376,""score"":100},""T5_rs_3m"":{""value"":0.5467897347770094,""score"":100},""T6_adr_healthy"":{""value"":4.304731143558987,""score"":100.0},""_score"":82.27},""geometry"":{""sub_contraction_count"":100.0,""sub_reduction_rate"":0,""sub_pivot_tightness"":0,""sub_volume_dryup"":0,""sub_base_depth"":0.0,""sub_base_duration"":100.0,""_score"":35.0},""compression"":{""VC1_atr_ratio"":{""value"":0.9511640559972676,""score"":12.208986000683097},""VC2_range_contraction"":{""value"":1.347856845479517,""score"":0},""VC3_range_pct_rank"":{""score"":34.166666666666664},""_score"":13.43},""sr_quality"":{""SR1_touches"":{""value"":2,""score"":25.0},""SR2_tightness"":{""value"":0.31514999999999915,""score"":73.35760803601357},""SR3_recency"":{""value"":227,""score"":0.0},""SR4_price_location"":{""score"":52.661836898767966},""SR5_reaction"":{""value"":1.7668602000549511,""score"":88.34301000274756},""_score"":44.92,""_levels_found"":6,""_target_level"":40.7849},""volume"":{""V1_rvol_day"":{""value"":0.4843328079547521,""score"":0},""V2_rvol_sameslot"":{""value"":1.1163047143985463,""score"":41.08698095990309,""status"":""ok""},""V3_breakout_bar"":{""value"":0.4670213476059734,""score"":0},""V4_base_dryup"":{""value"":1.0045409576583386,""score"":49.54590423416614},""V5_bo_expansion"":{""value"":0.484332807954752,""score"":0},""_score"":18.13},""readiness"":{""_distance_atr"":2.361,""BR1_atr_distance"":{""score"":0},""BR2_compression"":{""score"":0},""BR3_retest"":{""score"":50.0},""BR4_bo_age"":{""score"":50.0},""_score"":17.5},""risk"":{""R1_stop_clarity"":{""score"":53.18243163682122},""R2_stop_distance_pct"":{""value"":-2.396733774461491,""score"":0.0},""R3_stop_distance_atr"":{""value"":-0.3597969861930077,""score"":7.010150690349615},""R4_rr_potential"":{""value"":null,""score"":50.0},""_score"":29.67},""market"":{""M1_spy_regime"":{""score"":100.0},""M3_earnings_risk"":{""value"":null,""score"":80.0},""M4_vix"":{""value"":null,""score"":60.0},""_score"":84.0},""liquidity"":{""L1_price"":{""value"":35.515,""score"":100.0},""L2_dollar_vol"":{""value"":166716470.63701823,""score"":100.0},""L3_spread_proxy"":{""value"":0.03590032380684214,""score"":64.09967619315786},""L4_volume_zscore"":{""value"":-1.3959200748886984,""score"":100.0},""_score"":96.41},""pattern_structure"":{""n_contractions"":5,""contractions_pct"":[8.6,5.44,8.94,16.31,10.17],""descending_strict"":false,""final_low"":36.92,""final_pivot"":41.1,""structural_low"":36.92,""dry_up_ratio"":1.2772532228145912,""current_price"":35.515,""neckline_distance_pct"":0.1572574968323244,""base_bars"":46},""pattern_geometry_features"":{""contraction_count"":5.0,""first_contraction_pct"":0.08603104212860316,""last_contraction_pct"":0.10170316301703163,""dry_up_ratio"":1.2772532228145912,""near_monotone"":0.0,""base_depth_pct"":-0.6372505543237251},""_schema_version"":""1.0""}",,,,,,,,,,
20260608T171746Z-5e850b,2026-06-08T17:17:46.036346+00:00,MSFT,ascending_triangle,absent,43.01,36.2,34.1,11.7,77.0,23.3,17.5,54.5,84.0,97.9,5.43,9.56,0.93,10.78,2.8,1.4,2.18,5.04,4.9,True,risk_unclear,408.925,466.32,403.4363,523.06,"{""trend"":{""T1_ema_stack"":{""value"":[false,true,false],""score"":33.33333333333333},""T2_ema50_slope"":{""value"":0.12229643700891649,""score"":70.38273950148609},""T3_high_proximity"":{""value"":0.8879636063580301,""score"":43.98180317901501},""T4_rs_1m"":{""value"":-0.04138240684310568,""score"":8.617593156894323},""T5_rs_3m"":{""value"":-0.09405325318330193,""score"":2.9733734083490333},""T6_adr_healthy"":{""value"":2.6109459351640987,""score"":100.0},""_score"":36.18},""geometry"":{""sub_flat_top_quality"":33.3,""sub_hl_slope"":30.5,""sub_compression"":0,""sub_duration"":100.0,""_score"":34.14},""compression"":{""VC1_atr_ratio"":{""value"":1.0094612451338592,""score"":0},""VC2_range_contraction"":{""value"":1.1735412275694563,""score"":0},""VC3_range_pct_rank"":{""score"":46.666666666666664},""_score"":11.67},""sr_quality"":{""SR1_touches"":{""value"":6,""score"":100},""SR2_tightness"":{""value"":2.666539976573883,""score"":59.7719828663238},""SR3_recency"":{""value"":232,""score"":0.0},""SR4_price_location"":{""score"":94.46643903213737},""SR5_reaction"":{""value"":1.9199708189340743,""score"":95.99854094670371},""_score"":76.98,""_levels_found"":6,""_target_level"":409.6567},""volume"":{""V1_rvol_day"":{""value"":0.40154358952935326,""score"":0},""V2_rvol_sameslot"":{""value"":1.0283276918390944,""score"":35.2218461226063,""status"":""ok""},""V3_breakout_bar"":{""value"":0.7864393881218493,""score"":19.09595920812329},""V4_base_dryup"":{""value"":0.9257253236718841,""score"":57.42746763281159},""V5_bo_expansion"":{""value"":0.4015435895293533,""score"":0},""_score"":23.3},""readiness"":{""_distance_atr"":4.329,""BR1_atr_distance"":{""score"":0},""BR2_compression"":{""score"":0},""BR3_retest"":{""score"":50.0},""BR4_bo_age"":{""score"":50.0},""_score"":17.5},""risk"":{""R1_stop_clarity"":{""score"":7.314770813330213},""R2_stop_distance_pct"":{""value"":1.3422265696643765,""score"":83.5556642416094},""R3_stop_distance_atr"":{""value"":0.414018765106432,""score"":45.7009382553216},""R4_rr_potential"":{""value"":20.794541512561967,""score"":100.0},""_score"":54.48},""market"":{""M1_spy_regime"":{""score"":100.0},""M3_earnings_risk"":{""value"":null,""score"":80.0},""M4_vix"":{""value"":null,""score"":60.0},""_score"":84.0},""liquidity"":{""L1_price"":{""value"":408.925,""score"":100.0},""L2_dollar_vol"":{""value"":5921231006.252306,""score"":100.0},""L3_spread_proxy"":{""value"":0.020761508834138232,""score"":79.23849116586177},""L4_volume_zscore"":{""value"":-1.5631602463392416,""score"":100.0},""_score"":97.92},""pattern_structure"":{""top"":466.32,""top_touches"":2,""low_slope_per_bar"":0.3749475917145001,""lowest_low"":409.58,""structural_low"":409.58,""current_price"":410.49,""neckline_distance_pct"":0.1360081853394723,""base_bars"":51},""pattern_geometry_features"":{""top_touches"":2.0,""low_slope"":0.3749475917145001,""compression"":-0.1947779641142653,""atr_pct"":0.03241946217870897},""_schema_version"":""1.0""}",,,,,,,,,,
20260608T171746Z-5e850b,2026-06-08T17:17:46.036346+00:00,CRM,double_bottom,absent,42.99,21.6,38.2,34.6,59.2,15.0,33.7,75.7,84.0,98.2,3.25,9.55,2.77,8.29,1.95,2.69,4.54,5.04,4.91,False,,182.45,211.34,175.016,244.9988,"{""trend"":{""T1_ema_stack"":{""value"":[false,false,false],""score"":0.0},""T2_ema50_slope"":{""value"":-0.05481783054371141,""score"":40.86369490938143},""T3_high_proximity"":{""value"":0.8704675572519084,""score"":35.23377862595417},""T4_rs_1m"":{""value"":-0.03410745403441395,""score"":15.892545965586045},""T5_rs_3m"":{""value"":-0.17506591526678983,""score"":0},""T6_adr_healthy"":{""value"":4.231233305679653,""score"":100.0},""_score"":21.64},""geometry"":{""sub_low_similarity"":21.1,""sub_bounce_quality"":100,""sub_separation_fit"":0.0,""sub_right_bottom_reaction"":39.1,""sub_base_context"":30.0,""_score"":38.2},""compression"":{""VC1_atr_ratio"":{""value"":0.8728762497397808,""score"":31.78093756505479},""VC2_range_contraction"":{""value"":1.3718177728018428,""score"":0},""VC3_range_pct_rank"":{""score"":87.5},""_score"":34.59},""sr_quality"":{""SR1_touches"":{""value"":6,""score"":100},""SR2_tightness"":{""value"":1.8647289049319995,""score"":62.72232998740144},""SR3_recency"":{""value"":237,""score"":0.0},""SR4_price_location"":{""score"":27.695807399449972},""SR5_reaction"":{""value"":1.721136008548503,""score"":86.05680042742515},""_score"":59.24,""_levels_found"":6,""_target_level"":190.0783},""volume"":{""V1_rvol_day"":{""value"":0.36044919558333766,""score"":0},""V2_rvol_sameslot"":{""value"":0.7180754650224667,""score"":14.538364334831112,""status"":""ok""},""V3_breakout_bar"":{""value"":0.6329330194551159,""score"":8.862201297007728},""V4_base_dryup"":{""value"":1.006331948925391,""score"":49.3668051074609},""V5_bo_expansion"":{""value"":0.36044919558333766,""score"":0},""_score"":15.0},""readiness"":{""_distance_atr"":2.888,""BR1_atr_distance"":{""score"":0},""BR2_compression"":{""score"":64.69599637937785},""BR3_retest"":{""score"":50.0},""BR4_bo_age"":{""score"":50.0},""_score"":33.67},""risk"":{""R1_stop_clarity"":{""score"":46.71980637353751},""R2_stop_distance_pct"":{""value"":4.074550835845443,""score"":100.0},""R3_stop_distance_atr"":{""value"":0.7430647670520881,""score"":62.153238352604404},""R4_rr_potential"":{""value"":8.41386179048799,""score"":100.0},""_score"":75.67},""market"":{""M1_spy_regime"":{""score"":100.0},""M3_earnings_risk"":{""value"":null,""score"":80.0},""M4_vix"":{""value"":null,""score"":60.0},""_score"":84.0},""liquidity"":{""L1_price"":{""value"":182.45,""score"":100.0},""L2_dollar_vol"":{""value"":1003270588.1107199,""score"":100.0},""L3_spread_proxy"":{""value"":0.018141956700465894,""score"":81.8580432995341},""L4_volume_zscore"":{""value"":-1.4762850290629317,""score"":100.0},""_score"":98.19},""pattern_structure"":{""left_low"":177.6812,""left_idx"":23,""right_low"":184.83,""right_idx"":73,""separation_bars"":50,""structural_low"":177.6812,""current_price"":182.46,""neckline_distance_pct"":0.15828126712704152,""base_bars"":50},""pattern_geometry_features"":{""low_similarity_pct"":0.039440436598924516,""bounce_pct"":0.18943365983570584,""right_bottom_reaction"":0.39106145251396185,""atr_pct"":0.054834396899346195},""_schema_version"":""1.0""}",,,,,,,,,,
20260608T171746Z-5e850b,2026-06-08T17:17:46.036346+00:00,TCEHY,double_bottom,absent,42.81,5.0,48.7,33.3,58.2,24.0,26.1,65.0,84.0,98.7,0.75,12.17,2.66,8.15,3.12,2.09,3.9,5.04,4.94,True,risk_unclear,56.84,61.38,54.3523,67.58,"{""trend"":{""T1_ema_stack"":{""value"":[false,false,false],""score"":0.0},""T2_ema50_slope"":{""value"":-0.3703875924911984,""score"":0},""T3_high_proximity"":{""value"":0.7685235262303949,""score"":0},""T4_rs_1m"":{""value"":-0.0755872938365485,""score"":0},""T5_rs_3m"":{""value"":-0.24451041268512586,""score"":0},""T6_adr_healthy"":{""value"":1.7857631734749722,""score"":100.0},""_score"":5.0},""geometry"":{""sub_low_similarity"":47.8,""sub_bounce_quality"":100,""sub_separation_fit"":0.0,""sub_right_bottom_reaction"":55.6,""sub_base_context"":30.0,""_score"":48.68},""compression"":{""VC1_atr_ratio"":{""value"":0.8088879355034754,""score"":47.778016124131156},""VC2_range_contraction"":{""value"":1.0265943764414018,""score"":0},""VC3_range_pct_rank"":{""score"":56.666666666666664},""_score"":33.28},""sr_quality"":{""SR1_touches"":{""value"":6,""score"":100},""SR2_tightness"":{""value"":0.3259729027593139,""score"":60.56154657019059},""SR3_recency"":{""value"":228,""score"":0.0},""SR4_price_location"":{""score"":16.4282936525085},""SR5_reaction"":{""value"":2.193492632761528,""score"":100},""_score"":58.19,""_levels_found"":8,""_target_level"":61.445},""volume"":{""V1_rvol_day"":{""value"":0.5486977144808545,""score"":3.2465142987236315},""V2_rvol_sameslot"":{""value"":1.1332134012280606,""score"":42.21422674853737,""status"":""ok""},""V3_breakout_bar"":{""value"":0.9991998667899816,""score"":33.27999111933211},""V4_base_dryup"":{""value"":1.171440564519984,""score"":32.855943548001605},""V5_bo_expansion"":{""value"":0.5486977144808545,""score"":0},""_score"":23.98},""readiness"":{""_distance_atr"":2.746,""BR1_atr_distance"":{""score"":0},""BR2_compression"":{""score"":34.362905658612995},""BR3_retest"":{""score"":50.0},""BR4_bo_age"":{""score"":50.0},""_score"":26.09},""risk"":{""R1_stop_clarity"":{""score"":0},""R2_stop_distance_pct"":{""value"":4.376671358198458,""score"":100.0},""R3_stop_distance_atr"":{""value"":1.5048956487922938,""score"":100.0},""R4_rr_potential"":{""value"":4.3172408248583,""score"":100.0},""_score"":65.0},""market"":{""M1_spy_regime"":{""score"":100.0},""M3_earnings_risk"":{""value"":null,""score"":80.0},""M4_vix"":{""value"":null,""score"":60.0},""_score"":84.0},""liquidity"":{""L1_price"":{""value"":56.84,""score"":100.0},""L2_dollar_vol"":{""value"":154499077.60000002,""score"":100.0},""L3_spread_proxy"":{""value"":0.01293103448275861,""score"":87.0689655172414},""L4_volume_zscore"":{""value"":-0.8621697092705725,""score"":100.0},""_score"":98.71},""pattern_structure"":{""left_low"":55.18,""left_idx"":29,""right_low"":56.64,""right_idx"":76,""separation_bars"":47,""structural_low"":55.18,""current_price"":56.95,""neckline_distance_pct"":0.0777875329236172,""base_bars"":47},""pattern_geometry_features"":{""low_similarity_pct"":0.02611339653013774,""bounce_pct"":0.1123595505617978,""right_bottom_reaction"":0.555555555555552,""atr_pct"":0.02908288931336081},""_schema_version"":""1.0""}",,,,,,,,,,
20260608T171746Z-5e850b,2026-06-08T17:17:46.036346+00:00,MU,bull_flag,absent,42.78,90.9,29.5,15.1,54.9,15.0,17.5,70.9,84.0,70.1,12.73,8.85,1.36,5.49,2.11,1.57,2.13,5.04,3.5,False,,948.6,1088.71,853.4729,1272.64,"{""trend"":{""T1_ema_stack"":{""value"":[true,true,true],""score"":100.0},""T2_ema50_slope"":{""value"":1.1809823127583952,""score"":100},""T3_high_proximity"":{""value"":0.8786831794140261,""score"":39.341589707013014},""T4_rs_1m"":{""value"":0.4537587607247462,""score"":100},""T5_rs_3m"":{""value"":1.3436874247995967,""score"":100},""T6_adr_healthy"":{""value"":6.55686754559115,""score"":100.0},""_score"":90.9},""geometry"":{""sub_pole_impulse"":40.1,""sub_flag_tightness"":0,""sub_flag_shallowness"":0,""sub_flag_drift"":49.8,""sub_flag_duration"":100.0,""_score"":29.5},""compression"":{""VC1_atr_ratio"":{""value"":1.1256518642146693,""score"":0},""VC2_range_contraction"":{""value"":0.9731355603029136,""score"":4.477406616181067},""VC3_range_pct_rank"":{""score"":54.16666666666667},""_score"":15.11},""sr_quality"":{""SR1_touches"":{""value"":5,""score"":100},""SR2_tightness"":{""value"":13.824114857798305,""score"":62.69257746620865},""SR3_recency"":{""value"":258,""score"":0.0},""SR4_price_location"":{""score"":30.0},""SR5_reaction"":{""value"":1.0671224034573696,""score"":53.35612017286848},""_score"":54.91,""_levels_found"":2,""_target_level"":447.68},""volume"":{""V1_rvol_day"":{""value"":0.6513036442624811,""score"":10.08690961749874},""V2_rvol_sameslot"":{""value"":1.012488803997386,""score"":34.16592026649241,""status"":""ok""},""V3_breakout_bar"":{""value"":0.6191878247401171,""score"":7.945854982674476},""V4_base_dryup"":{""value"":1.2900857307649187,""score"":20.99142692350813},""V5_bo_expansion"":{""value"":0.651303644262481,""score"":0},""_score"":15.04},""readiness"":{""_distance_atr"":1.891,""BR1_atr_distance"":{""score"":0},""BR2_compression"":{""score"":0},""BR3_retest"":{""score"":50.0},""BR4_bo_age"":{""score"":50.0},""_score"":17.5},""risk"":{""R1_stop_clarity"":{""score"":64.92459437507591},""R2_stop_distance_pct"":{""value"":10.028152013493575,""score"":49.296199662660634},""R3_stop_distance_atr"":{""value"":1.2836066125206955,""score"":89.18033062603477},""R4_rr_potential"":{""value"":3.4063917676412743,""score"":100.0},""_score"":70.89},""market"":{""M1_spy_regime"":{""score"":100.0},""M3_earnings_risk"":{""value"":null,""score"":80.0},""M4_vix"":{""value"":null,""score"":60.0},""_score"":84.0},""liquidity"":{""L1_price"":{""value"":948.6,""score"":0.0},""L2_dollar_vol"":{""value"":33999788664.068687,""score"":100.0},""L3_spread_proxy"":{""value"":0.04896689858739199,""score"":51.03310141260801},""L4_volume_zscore"":{""value"":-1.4184719313779333,""score"":100.0},""_score"":70.1},""pattern_structure"":{""pole_low"":904.78,""pole_low_idx"":15,""peak_price"":1088.71,""peak_idx"":39,""pole_gain"":0.2032869868918412,""flag_bars"":20,""flag_low"":866.47,""flag_high"":1076.88,""structural_low"":866.47,""current_price"":952.85,""neckline_distance_pct"":0.14258277798184396,""base_bars"":20},""pattern_geometry_features"":{""pole_gain"":0.2032869868918412,""pullback_pct"":0.20413149507214962,""flag_range_pct"":0.19326542421765217,""flag_drift_per_bar"":-0.010033821606016943,""atr_pct"":0.0781248079877112,""pole_atr_multiple"":2.60207982749625},""_schema_version"":""1.0""}",,,,,,,,,,
20260608T171746Z-5e850b,2026-06-08T17:17:46.036346+00:00,HPE,vcp,breakout_confirmed,42.65,91.8,39.0,8.8,33.2,4.9,26.6,34.8,84.0,96.1,13.77,9.76,1.05,3.98,0.63,1.86,1.74,5.04,4.8,False,,50.0263,34.695,31.4018,24.955,"{""trend"":{""T1_ema_stack"":{""value"":[true,true,true],""score"":100.0},""T2_ema50_slope"":{""value"":0.8403496520434338,""score"":100},""T3_high_proximity"":{""value"":0.8909403383793411,""score"":45.47016918967051},""T4_rs_1m"":{""value"":0.671155569749271,""score"":100},""T5_rs_3m"":{""value"":1.2008636112803288,""score"":100},""T6_adr_healthy"":{""value"":5.7399322034643205,""score"":100.0},""_score"":91.82},""geometry"":{""sub_contraction_count"":100.0,""sub_reduction_rate"":0,""sub_pivot_tightness"":27.0,""sub_volume_dryup"":0,""sub_base_depth"":0.0,""sub_base_duration"":100.0,""_score"":39.05},""compression"":{""VC1_atr_ratio"":{""value"":1.6118731578417185,""score"":0},""VC2_range_contraction"":{""value"":1.879991273616245,""score"":0},""VC3_range_pct_rank"":{""score"":35.0},""_score"":8.75},""sr_quality"":{""SR1_touches"":{""value"":2,""score"":25.0},""SR2_tightness"":{""value"":0.4599999999999991,""score"":75.96382630505417},""SR3_recency"":{""value"":252,""score"":0.0},""SR4_price_location"":{""score"":30.0},""SR5_reaction"":{""value"":0.9059286118176609,""score"":45.29643059088305},""_score"":33.19,""_levels_found"":3,""_target_level"":26.885},""volume"":{""V1_rvol_day"":{""value"":0.3601064040188833,""score"":0},""V2_rvol_sameslot"":{""value"":0.5029766455582861,""score"":0.19844303721907597,""status"":""ok""},""V3_breakout_bar"":{""value"":0.49078235616348326,""score"":0},""V4_base_dryup"":{""value"":1.2588551352074169,""score"":24.114486479258318},""V5_bo_expansion"":{""value"":0.36010640401888316,""score"":0},""_score"":4.86},""readiness"":{""_distance_atr"":-4.005,""BR1_atr_distance"":{""score"":0},""BR2_compression"":{""score"":36.430139469455},""BR3_retest"":{""score"":50.0},""BR4_bo_age"":{""score"":50.0},""_score"":26.61},""risk"":{""R1_stop_clarity"":{""score"":75.01282986755838},""R2_stop_distance_pct"":{""value"":37.22941732648627,""score"":0.0},""R3_stop_distance_atr"":{""value"":4.865888228059994,""score"":56.7055885970003},""R4_rr_potential"":{""value"":-1.3461462052672553,""score"":0.0},""_score"":34.76},""market"":{""M1_spy_regime"":{""score"":100.0},""M3_earnings_risk"":{""value"":null,""score"":80.0},""M4_vix"":{""value"":null,""score"":60.0},""_score"":84.0},""liquidity"":{""L1_price"":{""value"":50.0263,""score"":100.0},""L2_dollar_vol"":{""value"":668522197.1541957,""score"":100.0},""L3_spread_proxy"":{""value"":0.03899948627022187,""score"":61.00051372977813},""L4_volume_zscore"":{""value"":-0.616495768250405,""score"":100.0},""_score"":96.1},""pattern_structure"":{""n_contractions"":5,""contractions_pct"":[4.43,15.63,7.16,7.71,8.11],""descending_strict"":false,""final_low"":31.88,""final_pivot"":34.695,""structural_low"":31.88,""dry_up_ratio"":3.5306270312182777,""current_price"":50.0263,""neckline_distance_pct"":-0.30646479951545486,""base_bars"":49},""pattern_geometry_features"":{""contraction_count"":5.0,""first_contraction_pct"":0.044263775971093065,""last_contraction_pct"":0.08113561031848973,""dry_up_ratio"":3.5306270312182777,""near_monotone"":0.0,""base_depth_pct"":-0.43992773261065937},""_schema_version"":""1.0""}",,,,,,,,,,
20260608T171746Z-5e850b,2026-06-08T17:17:46.036346+00:00,SBGSY,bull_flag,absent,42.64,53.6,30.1,54.6,55.4,19.6,17.5,67.9,84.0,85.0,7.5,9.04,4.92,5.54,2.74,1.57,2.04,5.04,4.25,True,risk_unclear,62.35,67.1499,59.7304,72.8398,"{""trend"":{""T1_ema_stack"":{""value"":[false,true,true],""score"":66.66666666666666},""T2_ema50_slope"":{""value"":0.08210195819981803,""score"":63.683659699969674},""T3_high_proximity"":{""value"":0.9332435264182009,""score"":66.62176320910041},""T4_rs_1m"":{""value"":-0.03396353449139744,""score"":16.03646550860256},""T5_rs_3m"":{""value"":-0.020272715911810346,""score"":39.86364204409483},""T6_adr_healthy"":{""value"":2.189361444216003,""score"":100.0},""_score"":53.58},""geometry"":{""sub_pole_impulse"":43.5,""sub_flag_tightness"":0,""sub_flag_shallowness"":0,""sub_flag_drift"":80.6,""sub_flag_duration"":50.0,""_score"":30.14},""compression"":{""VC1_atr_ratio"":{""value"":0.7693715274312148,""score"":57.65711814219628},""VC2_range_contraction"":{""value"":0.8371132427948216,""score"":27.14779286752974},""VC3_range_pct_rank"":{""score"":88.33333333333333},""_score"":54.65},""sr_quality"":{""SR1_touches"":{""value"":3,""score"":50.0},""SR2_tightness"":{""value"":0.20154955277108139,""score"":80.87622593989022},""SR3_recency"":{""value"":254,""score"":0.0},""SR4_price_location"":{""score"":53.18295739348381},""SR5_reaction"":{""value"":3.018884122110844,""score"":100},""_score"":55.43,""_levels_found"":5,""_target_level"":65.4633},""volume"":{""V1_rvol_day"":{""value"":1.0010473203133652,""score"":33.40315468755768},""V2_rvol_sameslot"":{""value"":0.6138202719784541,""score"":7.588018131896941,""status"":""ok""},""V3_breakout_bar"":{""value"":0.471279353239371,""score"":0},""V4_base_dryup"":{""value"":0.9326521275732631,""score"":56.73478724267369},""V5_bo_expansion"":{""value"":1.0010473203133652,""score"":0.06982135422434568},""_score"":19.56},""readiness"":{""_distance_atr"":2.277,""BR1_atr_distance"":{""score"":0},""BR2_compression"":{""score"":0},""BR3_retest"":{""score"":50.0},""BR4_bo_age"":{""score"":50.0},""_score"":17.5},""risk"":{""R1_stop_clarity"":{""score"":13.693755972592456},""R2_stop_distance_pct"":{""value"":4.201443464314352,""score"":100.0},""R3_stop_distance_atr"":{""value"":1.2427871418986218,""score"":87.13935709493109},""R4_rr_potential"":{""value"":4.004351809436556,""score"":100.0},""_score"":67.86},""market"":{""M1_spy_regime"":{""score"":100.0},""M3_earnings_risk"":{""value"":null,""score"":80.0},""M4_vix"":{""value"":null,""score"":60.0},""_score"":84.0},""liquidity"":{""L1_price"":{""value"":62.35,""score"":100.0},""L2_dollar_vol"":{""value"":20205764.5,""score"":65.27376434707554},""L3_spread_proxy"":{""value"":0.0110665597433842,""score"":88.9334402566158},""L4_volume_zscore"":{""value"":0.0037182247939030128,""score"":100.0},""_score"":85.0},""pattern_structure"":{""pole_low"":61.46,""pole_low_idx"":15,""peak_price"":67.1499,""peak_idx"":35,""pole_gain"":0.09257891311422066,""flag_bars"":24,""flag_low"":60.64,""flag_high"":66.844,""structural_low"":60.64,""current_price"":62.42,""neckline_distance_pct"":0.07577539250240309,""base_bars"":24},""pattern_geometry_features"":{""pole_gain"":0.09257891311422066,""pullback_pct"":0.09694578845240279,""flag_range_pct"":0.09239030884632729,""flag_drift_per_bar"":-0.0038879170555702848,""atr_pct"":0.03380662160614047,""pole_atr_multiple"":2.7384846138368664},""_schema_version"":""1.0""}",,,,,,,,,,
20260608T171746Z-5e850b,2026-06-08T17:17:46.036346+00:00,POWI,bull_flag,absent,42.62,83.2,20.4,59.8,41.3,14.4,17.7,76.8,84.0,87.6,11.65,6.12,5.38,4.13,2.02,1.59,2.3,5.04,4.38,False,,77.285,87.36,75.3131,94.43,"{""trend"":{""T1_ema_stack"":{""value"":[false,true,true],""score"":66.66666666666666},""T2_ema50_slope"":{""value"":0.6800105329517934,""score"":100},""T3_high_proximity"":{""value"":0.8876191570001148,""score"":43.8095785000574},""T4_rs_1m"":{""value"":0.06271156358244712,""score"":100},""T5_rs_3m"":{""value"":0.546261813142259,""score"":100},""T6_adr_healthy"":{""value"":6.154362070162935,""score"":100.0},""_score"":83.24},""geometry"":{""sub_pole_impulse"":6.1,""sub_flag_tightness"":0,""sub_flag_shallowness"":0,""sub_flag_drift"":57.2,""sub_flag_duration"":100.0,""_score"":20.41},""compression"":{""VC1_atr_ratio"":{""value"":0.5098834590554817,""score"":100},""VC2_range_contraction"":{""value"":1.0937367254299326,""score"":0},""VC3_range_pct_rank"":{""score"":79.16666666666666},""_score"":59.79},""sr_quality"":{""SR1_touches"":{""value"":2,""score"":25.0},""SR2_tightness"":{""value"":0.6494499999999945,""score"":76.27548956933575},""SR3_recency"":{""value"":229,""score"":0.0},""SR4_price_location"":{""score"":34.56025212867884},""SR5_reaction"":{""value"":1.8328001669950023,""score"":91.64000834975012},""_score"":41.33,""_levels_found"":7,""_target_level"":80.9394},""volume"":{""V1_rvol_day"":{""value"":0.3196492555612537,""score"":0},""V2_rvol_sameslot"":{""value"":0.988132382991267,""score"":32.54215886608447,""status"":""ok""},""V3_breakout_bar"":{""value"":0.8531799292404595,""score"":23.545328616030634},""V4_base_dryup"":{""value"":1.3989283016579341,""score"":10.107169834206587},""V5_bo_expansion"":{""value"":0.3196492555612537,""score"":0},""_score"":14.42},""readiness"":{""_distance_atr"":1.84,""BR1_atr_distance"":{""score"":0},""BR2_compression"":{""score"":0.6267417973207142},""BR3_retest"":{""score"":50.0},""BR4_bo_age"":{""score"":50.0},""_score"":17.66},""risk"":{""R1_stop_clarity"":{""score"":58.10356299495092},""R2_stop_distance_pct"":{""value"":2.5514653555023683,""score"":100.0},""R3_stop_distance_atr"":{""value"":0.3601690824407373,""score"":43.008454122036866},""R4_rr_potential"":{""value"":8.69465997261522,""score"":100.0},""_score"":76.79},""market"":{""M1_spy_regime"":{""score"":100.0},""M3_earnings_risk"":{""value"":null,""score"":80.0},""M4_vix"":{""value"":null,""score"":60.0},""_score"":84.0},""liquidity"":{""L1_price"":{""value"":77.285,""score"":100.0},""L2_dollar_vol"":{""value"":34486795.32269933,""score"":76.88264197651526},""L3_spread_proxy"":{""value"":0.03144206508378072,""score"":68.55793491621928},""L4_volume_zscore"":{""value"":-1.2338702920228621,""score"":100.0},""_score"":87.61},""pattern_structure"":{""pole_low"":80.29,""pole_low_idx"":27,""peak_price"":87.36,""peak_idx"":49,""pole_gain"":0.08805579773321699,""flag_bars"":10,""flag_low"":76.46,""flag_high"":87.195,""structural_low"":76.46,""current_price"":78.29,""neckline_distance_pct"":0.11585132200791917,""base_bars"":10},""pattern_geometry_features"":{""pole_gain"":0.08805579773321699,""pullback_pct"":0.12477106227106234,""flag_range_pct"":0.122882326007326,""flag_drift_per_bar"":-0.008553397043625684,""atr_pct"":0.07084076562629968,""pole_atr_multiple"":1.2430102491795518},""_schema_version"":""1.0""}",,,,,,,,,,
20260608T171746Z-5e850b,2026-06-08T17:17:46.036346+00:00,ARM,vcp,breakout_confirmed,42.54,88.3,38.9,5.8,44.0,3.8,17.5,44.0,84.0,92.8,13.24,9.72,0.7,5.27,0.5,1.23,2.2,5.04,4.64,False,,349.34,228.68,199.9598,192.3651,"{""trend"":{""T1_ema_stack"":{""value"":[true,true,true],""score"":100.0},""T2_ema50_slope"":{""value"":1.1963122023184884,""score"":100},""T3_high_proximity"":{""value"":0.8482626326396814,""score"":24.131316319840668},""T4_rs_1m"":{""value"":0.6244787389342845,""score"":100},""T5_rs_3m"":{""value"":1.8769520023501285,""score"":100},""T6_adr_healthy"":{""value"":8.290631087516905,""score"":92.73422281207738},""_score"":88.26},""geometry"":{""sub_contraction_count"":100.0,""sub_reduction_rate"":15.6,""sub_pivot_tightness"":0,""sub_volume_dryup"":0,""sub_base_depth"":0.0,""sub_base_duration"":100.0,""_score"":38.9},""compression"":{""VC1_atr_ratio"":{""value"":1.1856331277596879,""score"":0},""VC2_range_contraction"":{""value"":1.2427607292980372,""score"":0},""VC3_range_pct_rank"":{""score"":23.33333333333333},""_score"":5.83},""sr_quality"":{""SR1_touches"":{""value"":3,""score"":50.0},""SR2_tightness"":{""value"":4.730337079837849,""score"":74.48181424464892},""SR3_recency"":{""value"":240,""score"":0.0},""SR4_price_location"":{""score"":30.0},""SR5_reaction"":{""value"":1.370223532163454,""score"":68.51117660817269},""_score"":43.95,""_levels_found"":4,""_target_level"":235.2867},""volume"":{""V1_rvol_day"":{""value"":0.46586119422021155,""score"":0},""V2_rvol_sameslot"":{""value"":0.7355191302338582,""score"":15.701275348923879,""status"":""ok""},""V3_breakout_bar"":{""value"":0.5408165305568037,""score"":2.721102037120245},""V4_base_dryup"":{""value"":1.8423574583951914,""score"":0},""V5_bo_expansion"":{""value"":0.46586119422021144,""score"":0},""_score"":3.82},""readiness"":{""_distance_atr"":-3.255,""BR1_atr_distance"":{""score"":0},""BR2_compression"":{""score"":0},""BR3_retest"":{""score"":50.0},""BR4_bo_age"":{""score"":50.0},""_score"":17.5},""risk"":{""R1_stop_clarity"":{""score"":83.57310485485303},""R2_stop_distance_pct"":{""value"":42.760684004122055,""score"":0.0},""R3_stop_distance_atr"":{""value"":4.02921710567637,""score"":98.53914471618151},""R4_rr_potential"":{""value"":-1.050841596458582,""score"":0.0},""_score"":44.03},""market"":{""M1_spy_regime"":{""score"":100.0},""M3_earnings_risk"":{""value"":null,""score"":80.0},""M4_vix"":{""value"":null,""score"":60.0},""_score"":84.0},""liquidity"":{""L1_price"":{""value"":349.34,""score"":100.0},""L2_dollar_vol"":{""value"":1987371789.6591733,""score"":100.0},""L3_spread_proxy"":{""value"":0.07254823381233198,""score"":27.451766187668014},""L4_volume_zscore"":{""value"":-1.5229228540705821,""score"":100.0},""_score"":92.75},""pattern_structure"":{""n_contractions"":5,""contractions_pct"":[18.41,13.13,18.42,16.12,11.23],""descending_strict"":false,""final_low"":203.0049,""final_pivot"":228.68,""structural_low"":203.0049,""dry_up_ratio"":1.0368640529991058,""current_price"":349.34,""neckline_distance_pct"":-0.34539417186694904,""base_bars"":37},""pattern_geometry_features"":{""contraction_count"":5.0,""first_contraction_pct"":0.18411422400863878,""last_contraction_pct"":0.11227523176491173,""dry_up_ratio"":1.0368640529991058,""near_monotone"":0.0,""base_depth_pct"":-0.2178588997540344},""_schema_version"":""1.0""}",,,,,,,,,,
20260608T171746Z-5e850b,2026-06-08T17:17:46.036346+00:00,NVT,bull_flag,absent,42.5,68.1,23.8,52.5,47.8,20.0,17.5,69.4,84.0,96.6,9.54,7.12,4.72,4.78,2.8,1.57,2.08,5.04,4.83,False,,162.55,178.0,158.6934,193.73,"{""trend"":{""T1_ema_stack"":{""value"":[false,true,true],""score"":66.66666666666666},""T2_ema50_slope"":{""value"":0.5475488795117636,""score"":100},""T3_high_proximity"":{""value"":0.921537502125971,""score"":60.76875106298546},""T4_rs_1m"":{""value"":-0.03830210885811047,""score"":11.697891141889528},""T5_rs_3m"":{""value"":0.4104144635349023,""score"":100},""T6_adr_healthy"":{""value"":3.9515136473771784,""score"":100.0},""_score"":68.12},""geometry"":{""sub_pole_impulse"":29.4,""sub_flag_tightness"":0,""sub_flag_shallowness"":0,""sub_flag_drift"":82.9,""sub_flag_duration"":25.0,""_score"":23.75},""compression"":{""VC1_atr_ratio"":{""value"":0.508456564901594,""score"":100},""VC2_range_contraction"":{""value"":1.0371063646879362,""score"":0},""VC3_range_pct_rank"":{""score"":50.0},""_score"":52.5},""sr_quality"":{""SR1_touches"":{""value"":2,""score"":25.0},""SR2_tightness"":{""value"":1.5,""score"":58.53645534080073},""SR3_recency"":{""value"":228,""score"":0.0},""SR4_price_location"":{""score"":66.13633825792704},""SR5_reaction"":{""value"":2.2058605758694023,""score"":100},""_score"":47.81,""_levels_found"":7,""_target_level"":176.5},""volume"":{""V1_rvol_day"":{""value"":0.4995488981605943,""score"":0},""V2_rvol_sameslot"":{""value"":1.0065921214323263,""score"":33.77280809548842,""status"":""ok""},""V3_breakout_bar"":{""value"":0.7586539549693978,""score"":17.243596997959855},""V4_base_dryup"":{""value"":1.0523450681313586,""score"":44.765493186864134},""V5_bo_expansion"":{""value"":0.4995488981605943,""score"":0},""_score"":20.02},""readiness"":{""_distance_atr"":2.135,""BR1_atr_distance"":{""score"":0},""BR2_compression"":{""score"":0},""BR3_retest"":{""score"":50.0},""BR4_bo_age"":{""score"":50.0},""_score"":17.5},""risk"":{""R1_stop_clarity"":{""score"":33.19804173601939},""R2_stop_distance_pct"":{""value"":2.3725324515533823,""score"":100.0},""R3_stop_distance_atr"":{""value"":0.5330209845025096,""score"":51.651049225125476},""R4_rr_potential"":{""value"":8.084943245280089,""score"":100.0},""_score"":69.37},""market"":{""M1_spy_regime"":{""score"":100.0},""M3_earnings_risk"":{""value"":null,""score"":80.0},""M4_vix"":{""value"":null,""score"":60.0},""_score"":84.0},""liquidity"":{""L1_price"":{""value"":162.55,""score"":100.0},""L2_dollar_vol"":{""value"":144744856.3828472,""score"":100.0},""L3_spread_proxy"":{""value"":0.03365118425099968,""score"":66.34881574900032},""L4_volume_zscore"":{""value"":-2.106910533266483,""score"":100.0},""_score"":96.63},""pattern_structure"":{""pole_low"":162.27,""pole_low_idx"":22,""peak_price"":178.0,""peak_idx"":33,""pole_gain"":0.09693720342638805,""flag_bars"":26,""flag_low"":161.1101,""flag_high"":177.45,""structural_low"":161.1101,""current_price"":163.5,""neckline_distance_pct"":0.08868501529051988,""base_bars"":26},""pattern_geometry_features"":{""pole_gain"":0.09693720342638805,""pullback_pct"":0.09488707865168546,""flag_range_pct"":0.09179719101123596,""flag_drift_per_bar"":-0.0034100054889045807,""atr_pct"":0.044511051544579704,""pole_atr_multiple"":2.1778232610231942},""_schema_version"":""1.0""}",,,,,,,,,,
20260608T171746Z-5e850b,2026-06-08T17:17:46.036346+00:00,RTX,breakout_retest_hold,setup,42.45,39.4,22.4,52.5,55.9,25.3,49.5,33.9,84.0,97.8,5.51,4.94,3.15,7.82,3.29,8.91,1.7,4.2,2.93,True,risk_unclear,178.49,176.42,176.6061,172.48,"{""trend"":{""T1_ema_stack"":{""value"":[true,false,true],""score"":66.66666666666666},""T2_ema50_slope"":{""value"":-0.18529415498859947,""score"":19.117640835233416},""T3_high_proximity"":{""value"":0.8611888449290747,""score"":30.594422464537306},""T4_rs_1m"":{""value"":-0.0035585957012898017,""score"":46.4414042987102},""T5_rs_3m"":{""value"":-0.23569146176905353,""score"":0},""T6_adr_healthy"":{""value"":2.195822382468074,""score"":100.0},""_score"":39.37},""geometry"":{""sub_retest_depth"":0.0,""sub_retest_timing"":0.0,""sub_retest_freshness"":75.0,""sub_hold_quality"":24.8,""_score"":22.44},""compression"":{""VC1_atr_ratio"":{""value"":0.5845211923257284,""score"":100},""VC2_range_contraction"":{""value"":1.0276207545132598,""score"":0},""VC3_range_pct_rank"":{""score"":50.0},""_score"":52.5},""sr_quality"":{""SR1_touches"":{""value"":3,""score"":50.0},""SR2_tightness"":{""value"":0.9456429253276412,""score"":52.632677136969605},""SR3_recency"":{""value"":231,""score"":0.0},""SR4_price_location"":{""score"":71.81641998830824},""SR5_reaction"":{""value"":2.7279137067309738,""score"":100},""_score"":55.85,""_levels_found"":6,""_target_level"":181.2179},""volume"":{""V1_rvol_day"":{""value"":0.2785984491530594,""score"":0},""V2_rvol_sameslot"":{""value"":1.1362904568189633,""score"":42.41936378793089,""status"":""ok""},""V3_breakout_bar"":{""value"":0.7993194689191375,""score"":19.954631261275836},""V4_base_dryup"":{""value"":0.9089007343207415,""score"":59.109926567925854},""V5_bo_expansion"":{""value"":0.2785984491530594,""score"":0},""_score"":25.29},""readiness"":{""_distance_atr"":-0.518,""BR1_atr_distance"":{""score"":49.63135495435532},""BR2_compression"":{""score"":20.596480677018487},""BR3_retest"":{""score"":100},""BR4_bo_age"":{""score"":30.0},""_score"":49.5},""risk"":{""R1_stop_clarity"":{""score"":10.644319338525392},""R2_stop_distance_pct"":{""value"":1.0554652921732373,""score"":76.38663230433093},""R3_stop_distance_atr"":{""value"":0.47182343964951534,""score"":48.591171982475764},""R4_rr_potential"":{""value"":-3.1901905621317392,""score"":0.0},""_score"":33.93},""market"":{""M1_spy_regime"":{""score"":100.0},""M3_earnings_risk"":{""value"":null,""score"":80.0},""M4_vix"":{""value"":null,""score"":60.0},""_score"":84.0},""liquidity"":{""L1_price"":{""value"":178.49,""score"":100.0},""L2_dollar_vol"":{""value"":273781362.42144156,""score"":100.0},""L3_spread_proxy"":{""value"":0.021905989131043895,""score"":78.0940108689561},""L4_volume_zscore"":{""value"":-2.6125466992101103,""score"":100.0},""_score"":97.81},""pattern_structure"":{""level"":176.42,""level_idx"":60,""breakout_idx"":65,""bo_peak_idx"":72,""bo_peak_price"":182.53,""retest_idx"":79,""retest_low"":178.39,""structural_low"":178.39,""current_price"":178.72,""neckline_distance_pct"":-0.012869292748433367,""base_bars"":19,""bars_since_breakout"":14},""pattern_geometry_features"":{""retest_depth_atr"":-1.3718117066571172,""bars_breakout_to_retest"":14.0,""bars_since_retest"":0.0,""current_above_level_atr"":1.6016075763001965,""bo_peak_excess_pct"":0.03463326153497344,""atr_pct"":0.02236992068383183},""_schema_version"":""1.0""}",,,,,,,,,,
20260608T171746Z-5e850b,2026-06-08T17:17:46.036346+00:00,VSH,vcp,breakout_confirmed,42.38,91.5,35.0,1.9,29.8,25.1,17.5,40.7,84.0,90.9,13.73,8.75,0.22,3.57,3.27,1.23,2.04,5.04,4.54,False,,57.0,40.07,34.0416,26.035,"{""trend"":{""T1_ema_stack"":{""value"":[true,true,true],""score"":100.0},""T2_ema50_slope"":{""value"":1.2483900604416873,""score"":100},""T3_high_proximity"":{""value"":0.8910426762544943,""score"":45.52133812724713},""T4_rs_1m"":{""value"":0.7357711259453732,""score"":100},""T5_rs_3m"":{""value"":2.302009281873647,""score"":100},""T6_adr_healthy"":{""value"":8.256291818644831,""score"":93.59270453387923},""_score"":91.51},""geometry"":{""sub_contraction_count"":100.0,""sub_reduction_rate"":0,""sub_pivot_tightness"":0,""sub_volume_dryup"":0,""sub_base_depth"":0.0,""sub_base_duration"":100.0,""_score"":35.0},""compression"":{""VC1_atr_ratio"":{""value"":1.0172569183902769,""score"":0},""VC2_range_contraction"":{""value"":1.6755444120453922,""score"":0},""VC3_range_pct_rank"":{""score"":7.499999999999996},""_score"":1.87},""sr_quality"":{""SR1_touches"":{""value"":2,""score"":25.0},""SR2_tightness"":{""value"":1.1150000000000002,""score"":57.99240849355285},""SR3_recency"":{""value"":252,""score"":0.0},""SR4_price_location"":{""score"":30.0},""SR5_reaction"":{""value"":0.8071862314131214,""score"":40.35931157065607},""_score"":29.75,""_levels_found"":3,""_target_level"":27.365},""volume"":{""V1_rvol_day"":{""value"":0.7680896624273597,""score"":17.872644161823978},""V2_rvol_sameslot"":{""value"":1.6768646376545013,""score"":78.45764251030009,""status"":""ok""},""V3_breakout_bar"":{""value"":0.8526258639860995,""score"":23.508390932406634},""V4_base_dryup"":{""value"":2.1090265266356587,""score"":0},""V5_bo_expansion"":{""value"":0.7680896624273597,""score"":0},""_score"":25.14},""readiness"":{""_distance_atr"":-3.189,""BR1_atr_distance"":{""score"":0},""BR2_compression"":{""score"":0},""BR3_retest"":{""score"":50.0},""BR4_bo_age"":{""score"":50.0},""_score"":17.5},""risk"":{""R1_stop_clarity"":{""score"":80.46929557224917},""R2_stop_distance_pct"":{""value"":40.2778947368421,""score"":0.0},""R3_stop_distance_atr"":{""value"":4.324785151756124,""score"":83.76074241219378},""R4_rr_potential"":{""value"":-1.3487438148999933,""score"":0.0},""_score"":40.73},""market"":{""M1_spy_regime"":{""score"":100.0},""M3_earnings_risk"":{""value"":null,""score"":80.0},""M4_vix"":{""value"":null,""score"":60.0},""_score"":84.0},""liquidity"":{""L1_price"":{""value"":57.0,""score"":100.0},""L2_dollar_vol"":{""value"":355232984.544573,""score"":100.0},""L3_spread_proxy"":{""value"":0.09140350877192983,""score"":8.596491228070164},""L4_volume_zscore"":{""value"":-0.7273019574081112,""score"":100.0},""_score"":90.86},""pattern_structure"":{""n_contractions"":5,""contractions_pct"":[23.95,8.26,13.46,7.83,13.75],""descending_strict"":false,""final_low"":34.56,""final_pivot"":40.07,""structural_low"":34.56,""dry_up_ratio"":1.7490418569373385,""current_price"":57.0,""neckline_distance_pct"":-0.2970175438596491,""base_bars"":59},""pattern_geometry_features"":{""contraction_count"":5.0,""first_contraction_pct"":0.23946406820950059,""last_contraction_pct"":0.13750935862241073,""dry_up_ratio"":1.7490418569373385,""near_monotone"":0.0,""base_depth_pct"":-0.6838002436053595},""_schema_version"":""1.0""}",,,,,,,,,,
20260608T171746Z-5e850b,2026-06-08T17:17:46.036346+00:00,BABA,vcp,invalidated,42.37,11.6,51.2,72.7,52.6,4.4,17.5,20.6,84.0,98.2,1.74,12.8,8.73,6.32,0.57,1.23,1.03,5.04,4.91,True,risk_unclear,120.425,146.87,121.5786,191.695,"{""trend"":{""T1_ema_stack"":{""value"":[false,false,false],""score"":0.0},""T2_ema50_slope"":{""value"":-0.1599675540037211,""score"":23.338740999379816},""T3_high_proximity"":{""value"":0.8259035731431315,""score"":12.951786571565705},""T4_rs_1m"":{""value"":-0.15915362145353718,""score"":0},""T5_rs_3m"":{""value"":-0.18495999679113384,""score"":0},""T6_adr_healthy"":{""value"":2.7065195135486877,""score"":100.0},""_score"":11.61},""geometry"":{""sub_contraction_count"":100.0,""sub_reduction_rate"":0,""sub_pivot_tightness"":0,""sub_volume_dryup"":41.4,""sub_base_depth"":100.0,""sub_base_duration"":100.0,""_score"":51.21},""compression"":{""VC1_atr_ratio"":{""value"":0.565297373863973,""score"":100},""VC2_range_contraction"":{""value"":0.7425981509897107,""score"":42.90030816838155},""VC3_range_pct_rank"":{""score"":70.83333333333333},""_score"":72.72},""sr_quality"":{""SR1_touches"":{""value"":4,""score"":75.0},""SR2_tightness"":{""value"":0.8886506625215587,""score"":53.80161614830505},""SR3_recency"":{""value"":241,""score"":0.0},""SR4_price_location"":{""score"":28.296772157186695},""SR5_reaction"":{""value"":2.836222022113091,""score"":100},""_score"":52.64,""_levels_found"":6,""_target_level"":129.62},""volume"":{""V1_rvol_day"":{""value"":0.3770478475695866,""score"":0},""V2_rvol_sameslot"":{""value"":0.5401014717208037,""score"":2.67343144805358,""status"":""ok""},""V3_breakout_bar"":{""value"":0.5235330618217028,""score"":1.5688707881135189},""V4_base_dryup"":{""value"":1.32537390115634,""score"":17.462609884366003},""V5_bo_expansion"":{""value"":0.37704784756958665,""score"":0},""_score"":4.42},""readiness"":{""_distance_atr"":6.874,""BR1_atr_distance"":{""score"":0},""BR2_compression"":{""score"":0},""BR3_retest"":{""score"":50.0},""BR4_bo_age"":{""score"":50.0},""_score"":17.5},""risk"":{""R1_stop_clarity"":{""score"":3.748456632534655},""R2_stop_distance_pct"":{""value"":-0.9578991073282207,""score"":26.05252231679448},""R3_stop_distance_atr"":{""value"":-0.2998486803627984,""score"":10.007565981860079},""R4_rr_potential"":{""value"":null,""score"":50.0},""_score"":20.63},""market"":{""M1_spy_regime"":{""score"":100.0},""M3_earnings_risk"":{""value"":null,""score"":80.0},""M4_vix"":{""value"":null,""score"":60.0},""_score"":84.0},""liquidity"":{""L1_price"":{""value"":120.425,""score"":100.0},""L2_dollar_vol"":{""value"":572200291.5828598,""score"":100.0},""L3_spread_proxy"":{""value"":0.017932323022628142,""score"":82.06767697737186},""L4_volume_zscore"":{""value"":-1.0344954934521655,""score"":100.0},""_score"":98.21},""pattern_structure"":{""n_contractions"":5,""contractions_pct"":[9.15,12.93,6.69,10.31,15.96],""descending_strict"":false,""final_low"":123.43,""final_pivot"":146.87,""structural_low"":123.43,""dry_up_ratio"":0.7930763454206788,""current_price"":120.425,""neckline_distance_pct"":0.21959725970521077,""base_bars"":75},""pattern_geometry_features"":{""contraction_count"":5.0,""first_contraction_pct"":0.09152774063177918,""last_contraction_pct"":0.15959692244842374,""dry_up_ratio"":0.7930763454206788,""near_monotone"":0.0,""base_depth_pct"":0.2664111021960714},""_schema_version"":""1.0""}",,,,,,,,,,
20260608T171746Z-5e850b,2026-06-08T17:17:46.036346+00:00,LHX,double_bottom,absent,42.27,24.1,35.1,63.2,43.8,32.9,17.5,53.0,84.0,95.8,3.61,8.79,5.06,6.13,4.27,1.4,3.18,5.04,4.79,True,risk_unclear,301.0,315.39,297.1646,329.09,"{""trend"":{""T1_ema_stack"":{""value"":[false,false,true],""score"":33.33333333333333},""T2_ema50_slope"":{""value"":-0.2315800480639939,""score"":11.403325322667676},""T3_high_proximity"":{""value"":0.8160277612102153,""score"":8.013880605107603},""T4_rs_1m"":{""value"":-0.013829284884232185,""score"":36.17071511576782},""T5_rs_3m"":{""value"":-0.28211604931906553,""score"":0},""T6_adr_healthy"":{""value"":2.032435254629333,""score"":100.0},""_score"":24.05},""geometry"":{""sub_low_similarity"":76.3,""sub_bounce_quality"":22.0,""sub_separation_fit"":0.0,""sub_right_bottom_reaction"":12.4,""sub_base_context"":30.0,""_score"":35.15},""compression"":{""VC1_atr_ratio"":{""value"":0.5253206078455384,""score"":100},""VC2_range_contraction"":{""value"":0.7479810256496221,""score"":42.00316239172965},""VC3_range_pct_rank"":{""score"":34.166666666666664},""_score"":63.24},""sr_quality"":{""SR1_touches"":{""value"":2,""score"":25.0},""SR2_tightness"":{""value"":0.3199999999999932,""score"":89.60889552765032},""SR3_recency"":{""value"":231,""score"":0.0},""SR4_price_location"":{""score"":31.467418784704748},""SR5_reaction"":{""value"":2.2706186882158343,""score"":100},""_score"":43.81,""_levels_found"":5,""_target_level"":315.07},""volume"":{""V1_rvol_day"":{""value"":0.2594735528981278,""score"":0},""V2_rvol_sameslot"":{""value"":1.1929231412169097,""score"":46.19487608112731,""status"":""ok""},""V3_breakout_bar"":{""value"":1.2017821762276002,""score"":46.78547841517335},""V4_base_dryup"":{""value"":0.902724614047146,""score"":59.7275385952854},""V5_bo_expansion"":{""value"":0.25947355289812785,""score"":0},""_score"":32.88},""readiness"":{""_distance_atr"":2.336,""BR1_atr_distance"":{""score"":0},""BR2_compression"":{""score"":0},""BR3_retest"":{""score"":50.0},""BR4_bo_age"":{""score"":50.0},""_score"":17.5},""risk"":{""R1_stop_clarity"":{""score"":0},""R2_stop_distance_pct"":{""value"":1.2742026578073107,""score"":81.85506644518277},""R3_stop_distance_atr"":{""value"":0.6227112896566765,""score"":56.135564482833836},""R4_rr_potential"":{""value"":7.323973040270102,""score"":100.0},""_score"":52.98},""market"":{""M1_spy_regime"":{""score"":100.0},""M3_earnings_risk"":{""value"":null,""score"":80.0},""M4_vix"":{""value"":null,""score"":60.0},""_score"":84.0},""liquidity"":{""L1_price"":{""value"":301.0,""score"":100.0},""L2_dollar_vol"":{""value"":84304741.879435,""score"":96.29260015125772},""L3_spread_proxy"":{""value"":0.0268,""score"":73.2},""L4_volume_zscore"":{""value"":-2.3065252594242915,""score"":100.0},""_score"":95.84},""pattern_structure"":{""left_low"":305.29,""left_idx"":16,""right_low"":301.69,""right_idx"":64,""separation_bars"":48,""structural_low"":301.69,""current_price"":301.14,""neckline_distance_pct"":0.0473201833034469,""base_bars"":48},""pattern_geometry_features"":{""low_similarity_pct"":0.011862005337902477,""bounce_pct"":0.04541085219927737,""right_bottom_reaction"":0.12385321100918405,""atr_pct"":0.02046217370669199},""_schema_version"":""1.0""}",,,,,,,,,,
20260608T171746Z-5e850b,2026-06-08T17:17:46.036346+00:00,CRM,bull_flag,absent,42.15,21.6,43.5,34.6,59.2,13.5,33.7,71.5,84.0,98.2,3.03,13.06,3.11,5.92,1.89,3.03,2.15,5.04,4.91,False,,182.45,211.34,178.9844,251.03,"{""trend"":{""T1_ema_stack"":{""value"":[false,false,false],""score"":0.0},""T2_ema50_slope"":{""value"":-0.05481783054371141,""score"":40.86369490938143},""T3_high_proximity"":{""value"":0.8704675572519084,""score"":35.23377862595417},""T4_rs_1m"":{""value"":-0.03410745403441395,""score"":15.892545965586045},""T5_rs_3m"":{""value"":-0.17506591526678983,""score"":0},""T6_adr_healthy"":{""value"":4.231233305679653,""score"":100.0},""_score"":21.64},""geometry"":{""sub_pole_impulse"":80.4,""sub_flag_tightness"":22.6,""sub_flag_shallowness"":0,""sub_flag_drift"":83.4,""sub_flag_duration"":12.5,""_score"":43.53},""compression"":{""VC1_atr_ratio"":{""value"":0.8728762497397808,""score"":31.78093756505479},""VC2_range_contraction"":{""value"":1.3718177728018428,""score"":0},""VC3_range_pct_rank"":{""score"":87.5},""_score"":34.59},""sr_quality"":{""SR1_touches"":{""value"":6,""score"":100},""SR2_tightness"":{""value"":1.8647289049319995,""score"":62.72232998740144},""SR3_recency"":{""value"":237,""score"":0.0},""SR4_price_location"":{""score"":27.695807399449972},""SR5_reaction"":{""value"":1.721136008548503,""score"":86.05680042742515},""_score"":59.24,""_levels_found"":6,""_target_level"":190.0783},""volume"":{""V1_rvol_day"":{""value"":0.36044919558333766,""score"":0},""V2_rvol_sameslot"":{""value"":0.7180754650224667,""score"":14.538364334831112,""status"":""ok""},""V3_breakout_bar"":{""value"":0.6329330194551159,""score"":8.862201297007728},""V4_base_dryup"":{""value"":1.0796890954134128,""score"":42.03109045865872},""V5_bo_expansion"":{""value"":0.36044919558333766,""score"":0},""_score"":13.53},""readiness"":{""_distance_atr"":2.888,""BR1_atr_distance"":{""score"":0},""BR2_compression"":{""score"":64.69599637937785},""BR3_retest"":{""score"":50.0},""BR4_bo_age"":{""score"":50.0},""_score"":33.67},""risk"":{""R1_stop_clarity"":{""score"":45.511714329571895},""R2_stop_distance_pct"":{""value"":1.8995067141682558,""score"":97.48766785420639},""R3_stop_distance_atr"":{""value"":0.3464078792833234,""score"":42.32039396416617},""R4_rr_potential"":{""value"":19.78849566459405,""score"":100.0},""_score"":71.52},""market"":{""M1_spy_regime"":{""score"":100.0},""M3_earnings_risk"":{""value"":null,""score"":80.0},""M4_vix"":{""value"":null,""score"":60.0},""_score"":84.0},""liquidity"":{""L1_price"":{""value"":182.45,""score"":100.0},""L2_dollar_vol"":{""value"":1003270588.1107199,""score"":100.0},""L3_spread_proxy"":{""value"":0.018141956700465894,""score"":81.8580432995341},""L4_volume_zscore"":{""value"":-1.4762850290629317,""score"":100.0},""_score"":98.19},""pattern_structure"":{""pole_low"":171.65,""pole_low_idx"":15,""peak_price"":211.34,""peak_idx"":32,""pole_gain"":0.23122633265365566,""flag_bars"":27,""flag_low"":181.71,""flag_high"":204.39,""structural_low"":181.71,""current_price"":182.46,""neckline_distance_pct"":0.15828126712704152,""base_bars"":27},""pattern_geometry_features"":{""pole_gain"":0.23122633265365566,""pullback_pct"":0.14020062458597518,""flag_range_pct"":0.1073152266490015,""flag_drift_per_bar"":-0.0033104300245043383,""atr_pct"":0.054834396899346195,""pole_atr_multiple"":4.216811813907497},""_schema_version"":""1.0""}",,,,,,,,,,
20260608T171746Z-5e850b,2026-06-08T17:17:46.036346+00:00,BA,double_bottom,absent,42.02,30.1,42.5,56.9,39.5,12.9,17.5,62.2,84.0,98.7,4.52,10.62,4.55,5.54,1.67,1.4,3.73,5.04,4.94,True,risk_unclear,216.115,232.3,210.4255,250.97,"{""trend"":{""T1_ema_stack"":{""value"":[false,false,true],""score"":33.33333333333333},""T2_ema50_slope"":{""value"":-0.017407477558465966,""score"":47.098753740255674},""T3_high_proximity"":{""value"":0.898233582709892,""score"":49.11679135494595},""T4_rs_1m"":{""value"":-0.07779035095629117,""score"":0},""T5_rs_3m"":{""value"":-0.1323575105292386,""score"":0},""T6_adr_healthy"":{""value"":2.968404521463263,""score"":100.0},""_score"":30.12},""geometry"":{""sub_low_similarity"":60.3,""sub_bounce_quality"":82.0,""sub_separation_fit"":0.0,""sub_right_bottom_reaction"":13.4,""sub_base_context"":30.0,""_score"":42.5},""compression"":{""VC1_atr_ratio"":{""value"":0.6745045385806865,""score"":81.37386535482838},""VC2_range_contraction"":{""value"":1.0283437739300785,""score"":0},""VC3_range_pct_rank"":{""score"":97.5},""_score"":56.92},""sr_quality"":{""SR1_touches"":{""value"":3,""score"":50.0},""SR2_tightness"":{""value"":1.5007849797874304,""score"":56.18146044416263},""SR3_recency"":{""value"":230,""score"":0.0},""SR4_price_location"":{""score"":4.4756484746439265},""SR5_reaction"":{""value"":3.368856447688564,""score"":100},""_score"":39.55,""_levels_found"":3,""_target_level"":231.0733},""volume"":{""V1_rvol_day"":{""value"":0.24209742540710338,""score"":0},""V2_rvol_sameslot"":{""value"":0.4504575376523486,""score"":0,""status"":""ok""},""V3_breakout_bar"":{""value"":0.5857857168781748,""score"":5.719047791878321},""V4_base_dryup"":{""value"":0.9276297795210232,""score"":57.23702204789768},""V5_bo_expansion"":{""value"":0.24209742540710338,""score"":0},""_score"":12.88},""readiness"":{""_distance_atr"":2.363,""BR1_atr_distance"":{""score"":0},""BR2_compression"":{""score"":0},""BR3_retest"":{""score"":50.0},""BR4_bo_age"":{""score"":50.0},""_score"":17.5},""risk"":{""R1_stop_clarity"":{""score"":6.439416058393945},""R2_stop_distance_pct"":{""value"":2.632603012285136,""score"":100.0},""R3_stop_distance_atr"":{""value"":0.8305766423357693,""score"":66.52883211678846},""R4_rr_potential"":{""value"":6.126251219362132,""score"":100.0},""_score"":62.23},""market"":{""M1_spy_regime"":{""score"":100.0},""M3_earnings_risk"":{""value"":null,""score"":80.0},""M4_vix"":{""value"":null,""score"":60.0},""_score"":84.0},""liquidity"":{""L1_price"":{""value"":216.115,""score"":100.0},""L2_dollar_vol"":{""value"":384334865.929692,""score"":100.0},""L3_spread_proxy"":{""value"":0.012909793397033948,""score"":87.09020660296605},""L4_volume_zscore"":{""value"":-1.7801367701963076,""score"":100.0},""_score"":98.71},""pattern_structure"":{""left_low"":217.91,""left_idx"":28,""right_low"":213.63,""right_idx"":76,""separation_bars"":48,""structural_low"":213.63,""current_price"":216.61,""neckline_distance_pct"":0.07243432897834817,""base_bars"":48},""pattern_geometry_features"":{""low_similarity_pct"":0.019835936413773934,""bounce_pct"":0.08739409258999212,""right_bottom_reaction"":0.1337209302325688,""atr_pct"":0.03169608773106911},""_schema_version"":""1.0""}",,,,,,,,,,
20260608T171746Z-5e850b,2026-06-08T17:17:46.036346+00:00,TXN,bull_flag,absent,41.99,76.5,26.9,25.3,48.7,17.0,17.5,72.9,84.0,97.2,10.7,8.08,2.28,4.87,2.39,1.57,2.19,5.04,4.86,False,,292.3,312.76,280.6955,335.59,"{""trend"":{""T1_ema_stack"":{""value"":[false,true,true],""score"":66.66666666666666},""T2_ema50_slope"":{""value"":0.6733803737847217,""score"":100},""T3_high_proximity"":{""value"":0.8996891255501863,""score"":49.84456277509314},""T4_rs_1m"":{""value"":0.011519451166160488,""score"":61.519451166160486},""T5_rs_3m"":{""value"":0.39693769844119986,""score"":100},""T6_adr_healthy"":{""value"":3.4913636107205805,""score"":100.0},""_score"":76.45},""geometry"":{""sub_pole_impulse"":17.9,""sub_flag_tightness"":0,""sub_flag_shallowness"":0,""sub_flag_drift"":77.1,""sub_flag_duration"":100.0,""_score"":26.93},""compression"":{""VC1_atr_ratio"":{""value"":0.8465592309601482,""score"":38.36019225996296},""VC2_range_contraction"":{""value"":1.2343429114431603,""score"":0},""VC3_range_pct_rank"":{""score"":40.0},""_score"":25.34},""sr_quality"":{""SR1_touches"":{""value"":3,""score"":50.0},""SR2_tightness"":{""value"":1.6820886487406745,""score"":74.91592721403961},""SR3_recency"":{""value"":229,""score"":0.0},""SR4_price_location"":{""score"":30.0},""SR5_reaction"":{""value"":2.1370792002307857,""score"":100},""_score"":48.74,""_levels_found"":6,""_target_level"":289.9033},""volume"":{""V1_rvol_day"":{""value"":0.41066821566633144,""score"":0},""V2_rvol_sameslot"":{""value"":0.8605045074983061,""score"":24.033633833220406,""status"":""ok""},""V3_breakout_bar"":{""value"":0.5342323492832678,""score"":2.2821566188845193},""V4_base_dryup"":{""value"":0.9167013079287438,""score"":58.32986920712562},""V5_bo_expansion"":{""value"":0.41066821566633144,""score"":0},""_score"":17.04},""readiness"":{""_distance_atr"":1.526,""BR1_atr_distance"":{""score"":0},""BR2_compression"":{""score"":0},""BR3_retest"":{""score"":50.0},""BR4_bo_age"":{""score"":50.0},""_score"":17.5},""risk"":{""R1_stop_clarity"":{""score"":36.25596165368523},""R2_stop_distance_pct"":{""value"":3.970082107423866,""score"":100.0},""R3_stop_distance_atr"":{""value"":0.8652617002862625,""score"":68.26308501431313},""R4_rr_potential"":{""value"":3.730433321412731,""score"":100.0},""_score"":72.93},""market"":{""M1_spy_regime"":{""score"":100.0},""M3_earnings_risk"":{""value"":null,""score"":80.0},""M4_vix"":{""value"":null,""score"":60.0},""_score"":84.0},""liquidity"":{""L1_price"":{""value"":292.3,""score"":100.0},""L2_dollar_vol"":{""value"":951852030.8169215,""score"":100.0},""L3_spread_proxy"":{""value"":0.027540198426274413,""score"":72.45980157372558},""L4_volume_zscore"":{""value"":-1.6298428718778706,""score"":100.0},""_score"":97.25},""pattern_structure"":{""pole_low"":289.93,""pole_low_idx"":28,""peak_price"":312.76,""peak_idx"":39,""pole_gain"":0.07874314489704405,""flag_bars"":20,""flag_low"":284.97,""flag_high"":310.95,""structural_low"":284.97,""current_price"":292.11,""neckline_distance_pct"":0.07069254732806127,""base_bars"":20},""pattern_geometry_features"":{""pole_gain"":0.07874314489704405,""pullback_pct"":0.088854073410922,""flag_range_pct"":0.0830668883488936,""flag_drift_per_bar"":-0.004583812411793597,""atr_pct"":0.045883021357704924,""pole_atr_multiple"":1.7161717464759125},""_schema_version"":""1.0""}",,,,,,,,,,
20260608T171746Z-5e850b,2026-06-08T17:17:46.036346+00:00,NXE,vcp,absent,41.99,15.1,44.4,42.4,64.2,15.1,17.5,70.0,84.0,82.3,2.26,11.1,5.09,7.71,1.96,1.23,3.5,5.04,4.12,False,,10.4001,12.985,10.2292,14.73,"{""trend"":{""T1_ema_stack"":{""value"":[false,false,true],""score"":33.33333333333333},""T2_ema50_slope"":{""value"":-0.24762885321282144,""score"":8.728524464529755},""T3_high_proximity"":{""value"":0.7939007633587787,""score"":0},""T4_rs_1m"":{""value"":-0.17315893773809587,""score"":0},""T5_rs_3m"":{""value"":-0.27137573064508913,""score"":0},""T6_adr_healthy"":{""value"":4.795926877345242,""score"":100.0},""_score"":15.08},""geometry"":{""sub_contraction_count"":100.0,""sub_reduction_rate"":0,""sub_pivot_tightness"":0,""sub_volume_dryup"":0,""sub_base_depth"":93.9,""sub_base_duration"":100.0,""_score"":44.39},""compression"":{""VC1_atr_ratio"":{""value"":0.7470621590720713,""score"":63.23446023198217},""VC2_range_contraction"":{""value"":1.2245614776133322,""score"":0},""VC3_range_pct_rank"":{""score"":68.33333333333333},""_score"":42.38},""sr_quality"":{""SR1_touches"":{""value"":4,""score"":75.0},""SR2_tightness"":{""value"":0.14579337262029438,""score"":51.172020078366565},""SR3_recency"":{""value"":235,""score"":0.0},""SR4_price_location"":{""score"":76.2034138562401},""SR5_reaction"":{""value"":2.3773742883115636,""score"":100},""_score"":64.23,""_levels_found"":6,""_target_level"":10.6015},""volume"":{""V1_rvol_day"":{""value"":0.3171959430995831,""score"":0},""V2_rvol_sameslot"":{""value"":0.5194234636170815,""score"":1.294897574472098,""status"":""ok""},""V3_breakout_bar"":{""value"":0.4241198174475666,""score"":0},""V4_base_dryup"":{""value"":0.7601083475683552,""score"":73.98916524316448},""V5_bo_expansion"":{""value"":0.3171959430995831,""score"":0},""_score"":15.06},""readiness"":{""_distance_atr"":4.329,""BR1_atr_distance"":{""score"":0},""BR2_compression"":{""score"":0},""BR3_retest"":{""score"":50.0},""BR4_bo_age"":{""score"":50.0},""_score"":17.5},""risk"":{""R1_stop_clarity"":{""score"":47.82905124156732},""R2_stop_distance_pct"":{""value"":1.6430130479514673,""score"":91.07532619878668},""R3_stop_distance_atr"":{""value"":0.28614061528156637,""score"":39.30703076407832},""R4_rr_potential"":{""value"":25.339575713240592,""score"":100.0},""_score"":69.96},""market"":{""M1_spy_regime"":{""score"":100.0},""M3_earnings_risk"":{""value"":null,""score"":80.0},""M4_vix"":{""value"":null,""score"":60.0},""_score"":84.0},""liquidity"":{""L1_price"":{""value"":10.4001,""score"":100.0},""L2_dollar_vol"":{""value"":20971419.096548837,""score"":66.0813909675873},""L3_spread_proxy"":{""value"":0.041095758694627976,""score"":58.904241305372025},""L4_volume_zscore"":{""value"":-2.4321534877675473,""score"":100.0},""_score"":82.32},""pattern_structure"":{""n_contractions"":5,""contractions_pct"":[12.24,9.66,8.35,12.7,20.02],""descending_strict"":false,""final_low"":10.385,""final_pivot"":12.985,""structural_low"":10.385,""dry_up_ratio"":1.0494415381255717,""current_price"":10.4001,""neckline_distance_pct"":0.24854568706070126,""base_bars"":40},""pattern_geometry_features"":{""contraction_count"":5.0,""first_contraction_pct"":0.1224237427864799,""last_contraction_pct"":0.20023103581055063,""dry_up_ratio"":1.0494415381255717,""near_monotone"":0.0,""base_depth_pct"":0.14385820280296793},""_schema_version"":""1.0""}",,,,,,,,,,
20260608T171746Z-5e850b,2026-06-08T17:17:46.036346+00:00,HII,vcp,absent,41.78,13.3,44.4,76.5,30.4,15.7,17.5,63.1,84.0,87.8,2.0,11.09,9.18,3.65,2.04,1.23,3.16,5.04,4.39,True,risk_unclear,293.055,323.86,283.1186,469.84,"{""trend"":{""T1_ema_stack"":{""value"":[false,false,true],""score"":33.33333333333333},""T2_ema50_slope"":{""value"":-0.6188300120925544,""score"":0},""T3_high_proximity"":{""value"":0.684723942148181,""score"":0},""T4_rs_1m"":{""value"":-0.08207060360946461,""score"":0},""T5_rs_3m"":{""value"":-0.4106790411198413,""score"":0},""T6_adr_healthy"":{""value"":2.641973203948571,""score"":100.0},""_score"":13.33},""geometry"":{""sub_contraction_count"":100.0,""sub_reduction_rate"":0,""sub_pivot_tightness"":0,""sub_volume_dryup"":20.3,""sub_base_depth"":63.2,""sub_base_duration"":100.0,""_score"":44.37},""compression"":{""VC1_atr_ratio"":{""value"":0.4665847528803487,""score"":100},""VC2_range_contraction"":{""value"":0.7743716985064991,""score"":37.60471691558348},""VC3_range_pct_rank"":{""score"":93.33333333333333},""_score"":76.49},""sr_quality"":{""SR1_touches"":{""value"":2,""score"":25.0},""SR2_tightness"":{""value"":1.8799999999999955,""score"":52.71064827915822},""SR3_recency"":{""value"":240,""score"":0.0},""SR4_price_location"":{""score"":0},""SR5_reaction"":{""value"":4.953433823205741,""score"":100},""_score"":30.41,""_levels_found"":5,""_target_level"":337.88},""volume"":{""V1_rvol_day"":{""value"":0.20465084795587474,""score"":0},""V2_rvol_sameslot"":{""value"":0.4911154854533994,""score"":0,""status"":""ok""},""V3_breakout_bar"":{""value"":0.6339660779182266,""score"":8.931071861215106},""V4_base_dryup"":{""value"":0.8259700277925138,""score"":67.40299722074862},""V5_bo_expansion"":{""value"":0.20465084795587474,""score"":0},""_score"":15.71},""readiness"":{""_distance_atr"":3.874,""BR1_atr_distance"":{""score"":0},""BR2_compression"":{""score"":0},""BR3_retest"":{""score"":50.0},""BR4_bo_age"":{""score"":50.0},""_score"":17.5},""risk"":{""R1_stop_clarity"":{""score"":0},""R2_stop_distance_pct"":{""value"":3.390643394584627,""score"":100.0},""R3_stop_distance_atr"":{""value"":1.2497028694323362,""score"":87.48514347161681},""R4_rr_potential"":{""value"":17.791565398104996,""score"":100.0},""_score"":63.12},""market"":{""M1_spy_regime"":{""score"":100.0},""M3_earnings_risk"":{""value"":null,""score"":80.0},""M4_vix"":{""value"":null,""score"":60.0},""_score"":84.0},""liquidity"":{""L1_price"":{""value"":293.055,""score"":100.0},""L2_dollar_vol"":{""value"":30299023.496295124,""score"":74.07143159507483},""L3_spread_proxy"":{""value"":0.017743768234631772,""score"":82.25623176536823},""L4_volume_zscore"":{""value"":-1.813089891274899,""score"":100.0},""_score"":87.85},""pattern_structure"":{""n_contractions"":5,""contractions_pct"":[15.44,6.65,12.85,16.24,11.25],""descending_strict"":false,""final_low"":287.43,""final_pivot"":323.86,""structural_low"":287.43,""dry_up_ratio"":0.8985304638568493,""current_price"":293.055,""neckline_distance_pct"":0.1051167869512549,""base_bars"":53},""pattern_geometry_features"":{""contraction_count"":5.0,""first_contraction_pct"":0.15442652453796638,""last_contraction_pct"":0.11248687704563702,""dry_up_ratio"":0.8985304638568493,""near_monotone"":0.0,""base_depth_pct"":0.3368173323181283},""_schema_version"":""1.0""}",,,,,,,,,,
20260608T171746Z-5e850b,2026-06-08T17:17:46.036346+00:00,ADI,bull_flag,absent,41.77,74.6,29.6,38.2,45.2,6.0,17.5,71.8,84.0,98.0,10.44,8.87,3.44,4.52,0.84,1.57,2.15,5.04,4.9,False,,409.3763,439.0,397.4475,478.09,"{""trend"":{""T1_ema_stack"":{""value"":[false,true,true],""score"":66.66666666666666},""T2_ema50_slope"":{""value"":0.35783243562649675,""score"":100},""T3_high_proximity"":{""value"":0.9353538053784815,""score"":67.6769026892407},""T4_rs_1m"":{""value"":-0.01113553263196132,""score"":38.86446736803868},""T5_rs_3m"":{""value"":0.187592733963166,""score"":100},""T6_adr_healthy"":{""value"":3.516241564465846,""score"":100.0},""_score"":74.59},""geometry"":{""sub_pole_impulse"":25.8,""sub_flag_tightness"":0,""sub_flag_shallowness"":0,""sub_flag_drift"":78.8,""sub_flag_duration"":100.0,""_score"":29.56},""compression"":{""VC1_atr_ratio"":{""value"":0.8095351704285968,""score"":47.616207392850804},""VC2_range_contraction"":{""value"":1.304525790309593,""score"":0},""VC3_range_pct_rank"":{""score"":76.66666666666666},""_score"":38.21},""sr_quality"":{""SR1_touches"":{""value"":3,""score"":50.0},""SR2_tightness"":{""value"":2.56490848872928,""score"":73.93101830033038},""SR3_recency"":{""value"":227,""score"":0.0},""SR4_price_location"":{""score"":16.27865284974101},""SR5_reaction"":{""value"":2.171476278630802,""score"":100},""_score"":45.16,""_levels_found"":6,""_target_level"":436.3067},""volume"":{""V1_rvol_day"":{""value"":0.29634469024599536,""score"":0},""V2_rvol_sameslot"":{""value"":0.8319806500049368,""score"":22.132043333662455,""status"":""ok""},""V3_breakout_bar"":{""value"":0.5929444029380911,""score"":6.196293529206076},""V4_base_dryup"":{""value"":1.5805281198403598,""score"":0},""V5_bo_expansion"":{""value"":0.29634469024599536,""score"":0},""_score"":5.98},""readiness"":{""_distance_atr"":1.505,""BR1_atr_distance"":{""score"":0},""BR2_compression"":{""score"":0},""BR3_retest"":{""score"":50.0},""BR4_bo_age"":{""score"":50.0},""_score"":17.5},""risk"":{""R1_stop_clarity"":{""score"":38.484155504736925},""R2_stop_distance_pct"":{""value"":2.9138960902231084,""score"":100.0},""R3_stop_distance_atr"":{""value"":0.6062042179389463,""score"":55.31021089694732},""R4_rr_potential"":{""value"":5.7603195627389026,""score"":100.0},""_score"":71.77},""market"":{""M1_spy_regime"":{""score"":100.0},""M3_earnings_risk"":{""value"":null,""score"":80.0},""M4_vix"":{""value"":null,""score"":60.0},""_score"":84.0},""liquidity"":{""L1_price"":{""value"":409.3763,""score"":100.0},""L2_dollar_vol"":{""value"":602096492.7267451,""score"":100.0},""L3_spread_proxy"":{""value"":0.019541922676031807,""score"":80.4580773239682},""L4_volume_zscore"":{""value"":-1.8603557652440583,""score"":100.0},""_score"":98.05},""pattern_structure"":{""pole_low"":399.91,""pole_low_idx"":27,""peak_price"":439.0,""peak_idx"":44,""pole_gain"":0.09774699307344145,""flag_bars"":15,""flag_low"":403.5,""flag_high"":432.27,""structural_low"":403.5,""current_price"":410.75,""neckline_distance_pct"":0.06877662811929397,""base_bars"":15},""pattern_geometry_features"":{""pole_gain"":0.09774699307344145,""pullback_pct"":0.08086560364464693,""flag_range_pct"":0.06553530751708424,""flag_drift_per_bar"":-0.004230936440309563,""atr_pct"":0.04806789533946432,""pole_atr_multiple"":2.033519303958166},""_schema_version"":""1.0""}",,,,,,,,,,
20260608T171746Z-5e850b,2026-06-08T17:17:46.036346+00:00,BA,vcp,absent,41.75,30.1,40.1,56.9,39.5,8.2,17.5,67.2,84.0,98.7,4.52,10.04,6.83,4.75,1.06,1.23,3.36,5.04,4.94,True,risk_unclear,216.115,232.3,206.4855,254.63,"{""trend"":{""T1_ema_stack"":{""value"":[false,false,true],""score"":33.33333333333333},""T2_ema50_slope"":{""value"":-0.017407477558465966,""score"":47.098753740255674},""T3_high_proximity"":{""value"":0.898233582709892,""score"":49.11679135494595},""T4_rs_1m"":{""value"":-0.07779035095629117,""score"":0},""T5_rs_3m"":{""value"":-0.1323575105292386,""score"":0},""T6_adr_healthy"":{""value"":2.968404521463263,""score"":100.0},""_score"":30.12},""geometry"":{""sub_contraction_count"":100.0,""sub_reduction_rate"":0,""sub_pivot_tightness"":3.4,""sub_volume_dryup"":0,""sub_base_depth"":46.3,""sub_base_duration"":100.0,""_score"":40.14},""compression"":{""VC1_atr_ratio"":{""value"":0.6745045385806865,""score"":81.37386535482838},""VC2_range_contraction"":{""value"":1.0283437739300785,""score"":0},""VC3_range_pct_rank"":{""score"":97.5},""_score"":56.92},""sr_quality"":{""SR1_touches"":{""value"":3,""score"":50.0},""SR2_tightness"":{""value"":1.5007849797874304,""score"":56.18146044416263},""SR3_recency"":{""value"":230,""score"":0.0},""SR4_price_location"":{""score"":4.4756484746439265},""SR5_reaction"":{""value"":3.368856447688564,""score"":100},""_score"":39.55,""_levels_found"":3,""_target_level"":231.0733},""volume"":{""V1_rvol_day"":{""value"":0.24209742540710338,""score"":0},""V2_rvol_sameslot"":{""value"":0.4504575376523486,""score"":0,""status"":""ok""},""V3_breakout_bar"":{""value"":0.5857857168781748,""score"":5.719047791878321},""V4_base_dryup"":{""value"":1.1628965106843374,""score"":33.71034893156626},""V5_bo_expansion"":{""value"":0.24209742540710338,""score"":0},""_score"":8.17},""readiness"":{""_distance_atr"":2.363,""BR1_atr_distance"":{""score"":0},""BR2_compression"":{""score"":0},""BR3_retest"":{""score"":50.0},""BR4_bo_age"":{""score"":50.0},""_score"":17.5},""risk"":{""R1_stop_clarity"":{""score"":8.191240875912271},""R2_stop_distance_pct"":{""value"":4.455706452583125,""score"":100.0},""R3_stop_distance_atr"":{""value"":1.4057591240875937,""score"":95.28795620437968},""R4_rr_potential"":{""value"":3.9997092253451583,""score"":100.0},""_score"":67.16},""market"":{""M1_spy_regime"":{""score"":100.0},""M3_earnings_risk"":{""value"":null,""score"":80.0},""M4_vix"":{""value"":null,""score"":60.0},""_score"":84.0},""liquidity"":{""L1_price"":{""value"":216.115,""score"":100.0},""L2_dollar_vol"":{""value"":384334865.929692,""score"":100.0},""L3_spread_proxy"":{""value"":0.012909793397033948,""score"":87.09020660296605},""L4_volume_zscore"":{""value"":-1.7801367701963076,""score"":100.0},""_score"":98.71},""pattern_structure"":{""n_contractions"":5,""contractions_pct"":[11.92,11.33,6.52,12.32,9.76],""descending_strict"":false,""final_low"":209.63,""final_pivot"":232.3,""structural_low"":209.63,""dry_up_ratio"":1.022275735954835,""current_price"":216.115,""neckline_distance_pct"":0.0748906832010735,""base_bars"":61},""pattern_geometry_features"":{""contraction_count"":5.0,""first_contraction_pct"":0.11924469736161405,""last_contraction_pct"":0.09758932414980635,""dry_up_ratio"":1.022275735954835,""near_monotone"":0.0,""base_depth_pct"":0.09626659768925681},""_schema_version"":""1.0""}",,,,,,,,,,
20260608T171746Z-5e850b,2026-06-08T17:17:46.036346+00:00,ARM,breakout_retest_hold,setup,41.75,88.3,20.0,5.8,44.0,3.8,43.0,65.4,84.0,92.8,12.36,4.4,0.35,6.15,0.5,7.74,3.27,4.2,2.78,False,,349.34,323.77,334.1758,296.2074,"{""trend"":{""T1_ema_stack"":{""value"":[true,true,true],""score"":100.0},""T2_ema50_slope"":{""value"":1.1963122023184884,""score"":100},""T3_high_proximity"":{""value"":0.8482626326396814,""score"":24.131316319840668},""T4_rs_1m"":{""value"":0.6244787389342845,""score"":100},""T5_rs_3m"":{""value"":1.8769520023501285,""score"":100},""T6_adr_healthy"":{""value"":8.290631087516905,""score"":92.73422281207738},""_score"":88.26},""geometry"":{""sub_retest_depth"":0.0,""sub_retest_timing"":0.0,""sub_retest_freshness"":100.0,""sub_hold_quality"":0.0,""_score"":20.0},""compression"":{""VC1_atr_ratio"":{""value"":1.1856331277596879,""score"":0},""VC2_range_contraction"":{""value"":1.2427607292980372,""score"":0},""VC3_range_pct_rank"":{""score"":23.33333333333333},""_score"":5.83},""sr_quality"":{""SR1_touches"":{""value"":3,""score"":50.0},""SR2_tightness"":{""value"":4.730337079837849,""score"":74.48181424464892},""SR3_recency"":{""value"":240,""score"":0.0},""SR4_price_location"":{""score"":30.0},""SR5_reaction"":{""value"":1.370223532163454,""score"":68.51117660817269},""_score"":43.95,""_levels_found"":4,""_target_level"":235.2867},""volume"":{""V1_rvol_day"":{""value"":0.46586119422021155,""score"":0},""V2_rvol_sameslot"":{""value"":0.7355191302338582,""score"":15.701275348923879,""status"":""ok""},""V3_breakout_bar"":{""value"":0.5408165305568037,""score"":2.721102037120245},""V4_base_dryup"":{""value"":1.5290411712932557,""score"":0},""V5_bo_expansion"":{""value"":0.46586119422021144,""score"":0},""_score"":3.82},""readiness"":{""_distance_atr"":-0.69,""BR1_atr_distance"":{""score"":46.20605680416555},""BR2_compression"":{""score"":0},""BR3_retest"":{""score"":100},""BR4_bo_age"":{""score"":30.0},""_score"":42.98},""risk"":{""R1_stop_clarity"":{""score"":81.79052226093042},""R2_stop_distance_pct"":{""value"":4.340817827904036,""score"":100.0},""R3_stop_distance_atr"":{""value"":0.4090228641602148,""score"":45.451143208010734},""R4_rr_potential"":{""value"":-3.5038151996414335,""score"":0.0},""_score"":65.44},""market"":{""M1_spy_regime"":{""score"":100.0},""M3_earnings_risk"":{""value"":null,""score"":80.0},""M4_vix"":{""value"":null,""score"":60.0},""_score"":84.0},""liquidity"":{""L1_price"":{""value"":349.34,""score"":100.0},""L2_dollar_vol"":{""value"":1987371789.6591733,""score"":100.0},""L3_spread_proxy"":{""value"":0.07254823381233198,""score"":27.451766187668014},""L4_volume_zscore"":{""value"":-1.5229228540705821,""score"":100.0},""_score"":92.75},""pattern_structure"":{""level"":323.77,""level_idx"":29,""breakout_idx"":35,""bo_peak_idx"":55,""bo_peak_price"":427.99,""retest_idx"":76,""retest_low"":337.5513,""structural_low"":337.5513,""current_price"":351.2,""neckline_distance_pct"":-0.07810364464692485,""base_bars"":50,""bars_since_breakout"":44},""pattern_geometry_features"":{""retest_depth_atr"":-1.3529344941910402,""bars_breakout_to_retest"":41.0,""bars_since_retest"":3.0,""current_above_level_atr"":2.6928514128318897,""bo_peak_excess_pct"":0.3218951724989963,""atr_pct"":0.10612653248165932},""_schema_version"":""1.0""}",,,,,,,,,,
20260608T171746Z-5e850b,2026-06-08T17:17:46.036346+00:00,SMR,vcp,absent,41.73,7.3,35.0,64.2,62.7,14.0,26.9,62.4,84.0,96.1,1.09,8.75,7.7,7.52,1.82,1.88,3.12,5.04,4.81,False,,10.745,13.67,9.52,26.295,"{""trend"":{""T1_ema_stack"":{""value"":[false,false,false],""score"":0.0},""T2_ema50_slope"":{""value"":-0.19605588113854824,""score"":17.324019810241957},""T3_high_proximity"":{""value"":0.7702508960573476,""score"":0},""T4_rs_1m"":{""value"":-0.15909809032791844,""score"":0},""T5_rs_3m"":{""value"":-0.20923375321929727,""score"":0},""T6_adr_healthy"":{""value"":8.947402341509312,""score"":76.3149414622672},""_score"":7.28},""geometry"":{""sub_contraction_count"":100.0,""sub_reduction_rate"":0,""sub_pivot_tightness"":0,""sub_volume_dryup"":0,""sub_base_depth"":0.0,""sub_base_duration"":100.0,""_score"":35.0},""compression"":{""VC1_atr_ratio"":{""value"":0.5613811722266444,""score"":100},""VC2_range_contraction"":{""value"":1.2110173069368746,""score"":0},""VC3_range_pct_rank"":{""score"":96.66666666666667},""_score"":64.17},""sr_quality"":{""SR1_touches"":{""value"":4,""score"":75.0},""SR2_tightness"":{""value"":0.26431515280059165,""score"":53.8889453058158},""SR3_recency"":{""value"":251,""score"":0.0},""SR4_price_location"":{""score"":81.39534883720927},""SR5_reaction"":{""value"":1.567912772585669,""score"":78.39563862928345},""_score"":62.69,""_levels_found"":4,""_target_level"":11.145},""volume"":{""V1_rvol_day"":{""value"":0.4394770337036728,""score"":0},""V2_rvol_sameslot"":{""value"":0.6284302993622507,""score"":8.562019957483379,""status"":""ok""},""V3_breakout_bar"":{""value"":0.4908337597705499,""score"":0},""V4_base_dryup"":{""value"":0.8860784155547855,""score"":61.39215844452145},""V5_bo_expansion"":{""value"":0.4394770337036728,""score"":0},""_score"":13.99},""readiness"":{""_distance_atr"":2.551,""BR1_atr_distance"":{""score"":0},""BR2_compression"":{""score"":37.53494680363253},""BR3_retest"":{""score"":50.0},""BR4_bo_age"":{""score"":50.0},""_score"":26.88},""risk"":{""R1_stop_clarity"":{""score"":74.70841121495319},""R2_stop_distance_pct"":{""value"":11.400418799441606,""score"":14.98953001395984},""R3_stop_distance_atr"":{""value"":1.068514018691589,""score"":78.42570093457944},""R4_rr_potential"":{""value"":12.694136615032956,""score"":100.0},""_score"":62.41},""market"":{""M1_spy_regime"":{""score"":100.0},""M3_earnings_risk"":{""value"":null,""score"":80.0},""M4_vix"":{""value"":null,""score"":60.0},""_score"":84.0},""liquidity"":{""L1_price"":{""value"":10.745,""score"":100.0},""L2_dollar_vol"":{""value"":167194106.9772346,""score"":100.0},""L3_spread_proxy"":{""value"":0.03862261516984653,""score"":61.37738483015347},""L4_volume_zscore"":{""value"":-1.5995228917417195,""score"":100.0},""_score"":96.14},""pattern_structure"":{""n_contractions"":5,""contractions_pct"":[17.14,29.84,16.87,23.72,29.3],""descending_strict"":false,""final_low"":9.665,""final_pivot"":13.67,""structural_low"":9.665,""dry_up_ratio"":1.2853151740387772,""current_price"":10.745,""neckline_distance_pct"":0.272219637040484,""base_bars"":89},""pattern_geometry_features"":{""contraction_count"":5.0,""first_contraction_pct"":0.17137729923732617,""last_contraction_pct"":0.2929773226042429,""dry_up_ratio"":1.2853151740387772,""near_monotone"":0.0,""base_depth_pct"":0.566397487662629},""_schema_version"":""1.0""}",,,,,,,,,,
20260608T171746Z-5e850b,2026-06-08T17:17:46.036346+00:00,LEU,vcp,invalidated,41.68,5.0,48.0,64.6,53.1,17.6,17.5,32.0,84.0,93.1,0.75,12.0,7.75,6.38,2.29,1.23,1.6,5.04,4.66,False,,165.5297,189.27,170.405,243.64,"{""trend"":{""T1_ema_stack"":{""value"":[false,false,false],""score"":0.0},""T2_ema50_slope"":{""value"":-0.46586803200922755,""score"":0},""T3_high_proximity"":{""value"":0.7155874978384921,""score"":0},""T4_rs_1m"":{""value"":-0.21085790805674198,""score"":0},""T5_rs_3m"":{""value"":-0.24768250982007922,""score"":0},""T6_adr_healthy"":{""value"":6.819969663540751,""score"":100.0},""_score"":5.0},""geometry"":{""sub_contraction_count"":100.0,""sub_reduction_rate"":0,""sub_pivot_tightness"":20.0,""sub_volume_dryup"":0,""sub_base_depth"":100.0,""sub_base_duration"":100.0,""_score"":48.0},""compression"":{""VC1_atr_ratio"":{""value"":0.5956369306021578,""score"":100},""VC2_range_contraction"":{""value"":1.0638530840621097,""score"":0},""VC3_range_pct_rank"":{""score"":98.33333333333333},""_score"":64.58},""sr_quality"":{""SR1_touches"":{""value"":8,""score"":100},""SR2_tightness"":{""value"":3.3574534620750938,""score"":48.548041318612164},""SR3_recency"":{""value"":234,""score"":0.0},""SR4_price_location"":{""score"":3.4183662380002984},""SR5_reaction"":{""value"":2.279835133620416,""score"":100},""_score"":53.14,""_levels_found"":7,""_target_level"":187.7475},""volume"":{""V1_rvol_day"":{""value"":0.43407581435007114,""score"":0},""V2_rvol_sameslot"":{""value"":0.6907180134364177,""score"":12.714534229094513,""status"":""ok""},""V3_breakout_bar"":{""value"":0.37575535100202334,""score"":0},""V4_base_dryup"":{""value"":0.7483309881582861,""score"":75.1669011841714},""V5_bo_expansion"":{""value"":0.43407581435007103,""score"":0},""_score"":17.58},""readiness"":{""_distance_atr"":1.819,""BR1_atr_distance"":{""score"":0},""BR2_compression"":{""score"":0},""BR3_retest"":{""score"":50.0},""BR4_bo_age"":{""score"":50.0},""_score"":17.5},""risk"":{""R1_stop_clarity"":{""score"":60.23240998382152},""R2_stop_distance_pct"":{""value"":-2.9452720569178887,""score"":0.0},""R3_stop_distance_atr"":{""value"":-0.37356248864330527,""score"":6.321875567834734},""R4_rr_potential"":{""value"":null,""score"":50.0},""_score"":32.03},""market"":{""M1_spy_regime"":{""score"":100.0},""M3_earnings_risk"":{""value"":null,""score"":80.0},""M4_vix"":{""value"":null,""score"":60.0},""_score"":84.0},""liquidity"":{""L1_price"":{""value"":165.5297,""score"":100.0},""L2_dollar_vol"":{""value"":62519600.34751004,""score"":89.80080965783586},""L3_spread_proxy"":{""value"":0.028001017340090577,""score"":71.99898265990942},""L4_volume_zscore"":{""value"":-1.7741179923185575,""score"":100.0},""_score"":93.12},""pattern_structure"":{""n_contractions"":5,""contractions_pct"":[27.31,9.95,17.78,30.52,8.6],""descending_strict"":false,""final_low"":173.0,""final_pivot"":189.27,""structural_low"":173.0,""dry_up_ratio"":1.0075890912429983,""current_price"":165.5297,""neckline_distance_pct"":0.1434201838099146,""base_bars"":54},""pattern_geometry_features"":{""contraction_count"":5.0,""first_contraction_pct"":0.27307912213572594,""last_contraction_pct"":0.08596185343688915,""dry_up_ratio"":1.0075890912429983,""near_monotone"":0.0,""base_depth_pct"":0.23912565421999385},""_schema_version"":""1.0""}",,,,,,,,,,
20260608T171746Z-5e850b,2026-06-08T17:17:46.036346+00:00,ANET,bull_flag,absent,41.55,73.5,30.8,41.3,42.8,0.0,21.2,76.1,84.0,96.2,10.28,9.24,3.72,4.28,0.0,1.91,2.28,5.04,4.81,False,,157.35,177.48,149.9072,204.3,"{""trend"":{""T1_ema_stack"":{""value"":[false,true,true],""score"":66.66666666666666},""T2_ema50_slope"":{""value"":0.11484601360560165,""score"":69.14100226760027},""T3_high_proximity"":{""value"":0.8853316828897766,""score"":42.66584144488827},""T4_rs_1m"":{""value"":0.09682127441497568,""score"":100},""T5_rs_3m"":{""value"":0.05424809484284632,""score"":77.12404742142316},""T6_adr_healthy"":{""value"":4.522244418844602,""score"":100.0},""_score"":73.46},""geometry"":{""sub_pole_impulse"":60.4,""sub_flag_tightness"":0,""sub_flag_shallowness"":0,""sub_flag_drift"":67.8,""sub_flag_duration"":25.0,""_score"":30.79},""compression"":{""VC1_atr_ratio"":{""value"":0.7255587530035846,""score"":68.61031174910383},""VC2_range_contraction"":{""value"":0.9948520630223393,""score"":0.8579894962767824},""VC3_range_pct_rank"":{""score"":54.16666666666667},""_score"":41.29},""sr_quality"":{""SR1_touches"":{""value"":2,""score"":25.0},""SR2_tightness"":{""value"":0.3500000000000085,""score"":91.46804478057618},""SR3_recency"":{""value"":248,""score"":0.0},""SR4_price_location"":{""score"":26.243186116364477},""SR5_reaction"":{""value"":3.7491848935638608,""score"":100},""_score"":42.78,""_levels_found"":5,""_target_level"":179.45},""volume"":{""V1_rvol_day"":{""value"":0.30006314642698195,""score"":0},""V2_rvol_sameslot"":{""value"":0.4690172866295665,""score"":0,""status"":""ok""},""V3_breakout_bar"":{""value"":0.4591984167800735,""score"":0},""V4_base_dryup"":{""value"":1.7546883232935,""score"":0},""V5_bo_expansion"":{""value"":0.300063146426982,""score"":0},""_score"":0.0},""readiness"":{""_distance_atr"":2.454,""BR1_atr_distance"":{""score"":0},""BR2_compression"":{""score"":14.72446428451137},""BR3_retest"":{""score"":50.0},""BR4_bo_age"":{""score"":50.0},""_score"":21.18},""risk"":{""R1_stop_clarity"":{""score"":44.350931506682414},""R2_stop_distance_pct"":{""value"":4.730123927550043,""score"":100.0},""R3_stop_distance_atr"":{""value"":0.9071723272126707,""score"":70.35861636063355},""R4_rr_potential"":{""value"":6.3080674741530505,""score"":100.0},""_score"":76.08},""market"":{""M1_spy_regime"":{""score"":100.0},""M3_earnings_risk"":{""value"":null,""score"":80.0},""M4_vix"":{""value"":null,""score"":60.0},""_score"":84.0},""liquidity"":{""L1_price"":{""value"":157.35,""score"":100.0},""L2_dollar_vol"":{""value"":501369295.6916643,""score"":100.0},""L3_spread_proxy"":{""value"":0.037988560533841705,""score"":62.01143946615829},""L4_volume_zscore"":{""value"":-2.1311660219467248,""score"":100.0},""_score"":96.2},""pattern_structure"":{""pole_low"":150.66,""pole_low_idx"":15,""peak_price"":177.48,""peak_idx"":33,""pole_gain"":0.17801672640382313,""flag_bars"":26,""flag_low"":152.19,""flag_high"":177.48,""structural_low"":152.19,""current_price"":157.42,""neckline_distance_pct"":0.12742980561555078,""base_bars"":26},""pattern_geometry_features"":{""pole_gain"":0.17801672640382313,""pullback_pct"":0.14249492900608515,""flag_range_pct"":0.14249492900608515,""flag_drift_per_bar"":-0.0064374882588578534,""atr_pct"":0.05214140451223385,""pole_atr_multiple"":3.414114523172374},""_schema_version"":""1.0""}",,,,,,,,,,
20260608T171746Z-5e850b,2026-06-08T17:17:46.036346+00:00,DELL,vcp,breakout_confirmed,41.47,89.2,35.0,7.1,36.5,11.9,17.5,31.4,84.0,94.8,13.38,8.75,0.85,4.38,1.54,1.23,1.57,5.04,4.74,False,,398.86,260.54,223.861,186.99,"{""trend"":{""T1_ema_stack"":{""value"":[true,true,true],""score"":100.0},""T2_ema50_slope"":{""value"":1.0164139135466603,""score"":100},""T3_high_proximity"":{""value"":0.855996222851747,""score"":27.998111425873496},""T4_rs_1m"":{""value"":0.7189088950434397,""score"":100},""T5_rs_3m"":{""value"":1.6295394051155034,""score"":100},""T6_adr_healthy"":{""value"":6.102157631387904,""score"":100.0},""_score"":89.2},""geometry"":{""sub_contraction_count"":100.0,""sub_reduction_rate"":0,""sub_pivot_tightness"":0,""sub_volume_dryup"":0,""sub_base_depth"":0.0,""sub_base_duration"":100.0,""_score"":35.0},""compression"":{""VC1_atr_ratio"":{""value"":1.5712851952490592,""score"":0},""VC2_range_contraction"":{""value"":1.162494207702411,""score"":0},""VC3_range_pct_rank"":{""score"":28.333333333333332},""_score"":7.08},""sr_quality"":{""SR1_touches"":{""value"":2,""score"":25.0},""SR2_tightness"":{""value"":1.7249999999999943,""score"":89.18969489200778},""SR3_recency"":{""value"":240,""score"":0.0},""SR4_price_location"":{""score"":30.0},""SR5_reaction"":{""value"":1.0772704046747075,""score"":53.86352023373537},""_score"":36.46,""_levels_found"":5,""_target_level"":262.265},""volume"":{""V1_rvol_day"":{""value"":0.454220713461197,""score"":0},""V2_rvol_sameslot"":{""value"":0.7844870540862804,""score"":18.965803605752026,""status"":""ok""},""V3_breakout_bar"":{""value"":0.5521339660304849,""score"":3.4755977353656617},""V4_base_dryup"":{""value"":1.1401206124008234,""score"":35.987938759917654},""V5_bo_expansion"":{""value"":0.454220713461197,""score"":0},""_score"":11.86},""readiness"":{""_distance_atr"":-4.334,""BR1_atr_distance"":{""score"":0},""BR2_compression"":{""score"":0},""BR3_retest"":{""score"":50.0},""BR4_bo_age"":{""score"":50.0},""_score"":17.5},""risk"":{""R1_stop_clarity"":{""score"":78.63601702701385},""R2_stop_distance_pct"":{""value"":43.87480569623427,""score"":0.0},""R3_stop_distance_atr"":{""value"":5.483458330750125,""score"":25.82708346249376},""R4_rr_potential"":{""value"":-1.21069228661527,""score"":0.0},""_score"":31.4},""market"":{""M1_spy_regime"":{""score"":100.0},""M3_earnings_risk"":{""value"":null,""score"":80.0},""M4_vix"":{""value"":null,""score"":60.0},""_score"":84.0},""liquidity"":{""L1_price"":{""value"":398.86,""score"":100.0},""L2_dollar_vol"":{""value"":2132387402.26887,""score"":100.0},""L3_spread_proxy"":{""value"":0.052374015945444545,""score"":47.62598405455545},""L4_volume_zscore"":{""value"":-0.689586283183729,""score"":100.0},""_score"":94.76},""pattern_structure"":{""n_contractions"":5,""contractions_pct"":[10.55,7.12,16.64,9.33,12.77],""descending_strict"":false,""final_low"":227.27,""final_pivot"":260.54,""structural_low"":227.27,""dry_up_ratio"":2.6551084756514354,""current_price"":398.86,""neckline_distance_pct"":-0.34678834678834675,""base_bars"":55},""pattern_geometry_features"":{""contraction_count"":5.0,""first_contraction_pct"":0.10554905022118133,""last_contraction_pct"":0.1276963230214171,""dry_up_ratio"":2.6551084756514354,""near_monotone"":0.0,""base_depth_pct"":-0.47846734322144163},""_schema_version"":""1.0""}",,,,,,,,,,
20260608T171746Z-5e850b,2026-06-08T17:17:46.036346+00:00,KEYS,bull_flag,absent,41.46,62.1,30.3,46.5,45.9,9.3,17.5,70.5,84.0,97.2,8.69,9.09,4.19,4.59,1.31,1.57,2.12,5.04,4.86,False,,333.2,355.49,322.1787,384.87,"{""trend"":{""T1_ema_stack"":{""value"":[false,true,true],""score"":66.66666666666666},""T2_ema50_slope"":{""value"":0.24419985182750897,""score"":90.69997530458483},""T3_high_proximity"":{""value"":0.9086942293007526,""score"":54.347114650376284},""T4_rs_1m"":{""value"":-0.0747986947265391,""score"":0},""T5_rs_3m"":{""value"":0.08860786938865517,""score"":94.30393469432758},""T6_adr_healthy"":{""value"":3.6476848326700186,""score"":100.0},""_score"":62.1},""geometry"":{""sub_pole_impulse"":27.5,""sub_flag_tightness"":0,""sub_flag_shallowness"":0,""sub_flag_drift"":80.3,""sub_flag_duration"":100.0,""_score"":30.3},""compression"":{""VC1_atr_ratio"":{""value"":0.6638338050484944,""score"":84.0415487378764},""VC2_range_contraction"":{""value"":1.016368911302773,""score"":0},""VC3_range_pct_rank"":{""score"":51.66666666666666},""_score"":46.53},""sr_quality"":{""SR1_touches"":{""value"":3,""score"":50.0},""SR2_tightness"":{""value"":2.5675453041551117,""score"":64.07344274373152},""SR3_recency"":{""value"":227,""score"":0.0},""SR4_price_location"":{""score"":25.138182622153405},""SR5_reaction"":{""value"":2.1496085578557778,""score"":100},""_score"":45.9,""_levels_found"":5,""_target_level"":355.7733},""volume"":{""V1_rvol_day"":{""value"":0.3598138761107631,""score"":0},""V2_rvol_sameslot"":{""value"":0.7155300282890432,""score"":14.36866855260288,""status"":""ok""},""V3_breakout_bar"":{""value"":0.8882350771393774,""score"":25.882338475958495},""V4_base_dryup"":{""value"":1.7181081426677918,""score"":0},""V5_bo_expansion"":{""value"":0.3598138761107631,""score"":0},""_score"":9.34},""readiness"":{""_distance_atr"":1.559,""BR1_atr_distance"":{""score"":0},""BR2_compression"":{""score"":0},""BR3_retest"":{""score"":50.0},""BR4_bo_age"":{""score"":50.0},""_score"":17.5},""risk"":{""R1_stop_clarity"":{""score"":31.34860389133381},""R2_stop_distance_pct"":{""value"":3.3077055822328942,""score"":100.0},""R3_stop_distance_atr"":{""value"":0.7710798066226834,""score"":63.553990331134166},""R4_rr_potential"":{""value"":4.688205311998839,""score"":100.0},""_score"":70.51},""market"":{""M1_spy_regime"":{""score"":100.0},""M3_earnings_risk"":{""value"":null,""score"":80.0},""M4_vix"":{""value"":null,""score"":60.0},""_score"":84.0},""liquidity"":{""L1_price"":{""value"":333.2,""score"":100.0},""L2_dollar_vol"":{""value"":227997041.374326,""score"":100.0},""L3_spread_proxy"":{""value"":0.027986194477791253,""score"":72.01380552220874},""L4_volume_zscore"":{""value"":-1.4566019583597207,""score"":100.0},""_score"":97.2},""pattern_structure"":{""pole_low"":326.11,""pole_low_idx"":28,""peak_price"":355.49,""peak_idx"":40,""pole_gain"":0.09009230014412313,""flag_bars"":19,""flag_low"":327.085,""flag_high"":353.3199,""structural_low"":327.085,""current_price"":332.78,""neckline_distance_pct"":0.06824328385119309,""base_bars"":19},""pattern_geometry_features"":{""pole_gain"":0.09009230014412313,""pullback_pct"":0.07990379476215935,""flag_range_pct"":0.07379926298911373,""flag_drift_per_bar"":-0.003941303089444307,""atr_pct"":0.04289705882352943,""pole_atr_multiple"":2.1001976036339975},""_schema_version"":""1.0""}",,,,,,,,,,
20260608T171746Z-5e850b,2026-06-08T17:17:46.036346+00:00,NVDA,bull_flag,absent,41.4,62.9,29.0,39.1,44.2,17.0,17.5,68.7,84.0,97.8,8.81,8.69,3.52,4.42,2.38,1.57,2.06,5.04,4.89,True,risk_unclear,208.04,232.28,201.2651,255.78,"{""trend"":{""T1_ema_stack"":{""value"":[false,true,true],""score"":66.66666666666666},""T2_ema50_slope"":{""value"":0.31738498038905744,""score"":100},""T3_high_proximity"":{""value"":0.8824976669211843,""score"":41.2488334605921},""T4_rs_1m"":{""value"":-0.029590973699400003,""score"":20.409026300599997},""T5_rs_3m"":{""value"":0.04614041203060548,""score"":73.07020601530274},""T6_adr_healthy"":{""value"":3.5219962900373427,""score"":100.0},""_score"":62.9},""geometry"":{""sub_pole_impulse"":46.6,""sub_flag_tightness"":0,""sub_flag_shallowness"":0,""sub_flag_drift"":83.3,""sub_flag_duration"":25.0,""_score"":28.98},""compression"":{""VC1_atr_ratio"":{""value"":0.78779195207667,""score"":53.0520119808325},""VC2_range_contraction"":{""value"":1.021402292273739,""score"":0},""VC3_range_pct_rank"":{""score"":71.66666666666667},""_score"":39.14},""sr_quality"":{""SR1_touches"":{""value"":2,""score"":25.0},""SR2_tightness"":{""value"":0.2046500000000009,""score"":94.99431748197622},""SR3_recency"":{""value"":255,""score"":0.0},""SR4_price_location"":{""score"":30.0},""SR5_reaction"":{""value"":2.604612055673826,""score"":100},""_score"":44.25,""_levels_found"":4,""_target_level"":197.4253},""volume"":{""V1_rvol_day"":{""value"":0.4615361539613913,""score"":0},""V2_rvol_sameslot"":{""value"":0.9406410596108267,""score"":29.376070640721778,""status"":""ok""},""V3_breakout_bar"":{""value"":0.64977641361382,""score"":9.985094240921333},""V4_base_dryup"":{""value"":1.0692831093186694,""score"":43.071689068133054},""V5_bo_expansion"":{""value"":0.4615361539613913,""score"":0},""_score"":16.99},""readiness"":{""_distance_atr"":2.965,""BR1_atr_distance"":{""score"":0},""BR2_compression"":{""score"":0},""BR3_retest"":{""score"":50.0},""BR4_bo_age"":{""score"":50.0},""_score"":17.5},""risk"":{""R1_stop_clarity"":{""score"":25.032168904876755},""R2_stop_distance_pct"":{""value"":3.256561238223414,""score"":100.0},""R3_stop_distance_atr"":{""value"":0.8285670358046668,""score"":66.42835179023334},""R4_rr_potential"":{""value"":7.046546468977643,""score"":100.0},""_score"":68.73},""market"":{""M1_spy_regime"":{""score"":100.0},""M3_earnings_risk"":{""value"":null,""score"":80.0},""M4_vix"":{""value"":null,""score"":60.0},""_score"":84.0},""liquidity"":{""L1_price"":{""value"":208.04,""score"":100.0},""L2_dollar_vol"":{""value"":16801510876.14326,""score"":100.0},""L3_spread_proxy"":{""value"":0.021486252643722357,""score"":78.51374735627765},""L4_volume_zscore"":{""value"":-2.3287228811387712,""score"":100.0},""_score"":97.85},""pattern_structure"":{""pole_low"":208.78,""pole_low_idx"":10,""peak_price"":232.28,""peak_idx"":33,""pole_gain"":0.11255867420250981,""flag_bars"":26,""flag_low"":204.33,""flag_high"":228.95,""structural_low"":204.33,""current_price"":208.575,""neckline_distance_pct"":0.11365216349035126,""base_bars"":26},""pattern_geometry_features"":{""pole_gain"":0.11255867420250981,""pullback_pct"":0.12032891338040291,""flag_range_pct"":0.1059927673497502,""flag_drift_per_bar"":-0.003337894114621922,""atr_pct"":0.039303533661109134,""pole_atr_multiple"":2.8638309006267972},""_schema_version"":""1.0""}",,,,,,,,,,
20260608T171746Z-5e850b,2026-06-08T17:17:46.036346+00:00,AVGO,bull_flag,absent,41.39,54.7,32.1,16.9,63.9,13.6,23.6,76.2,84.0,97.1,7.65,9.62,1.52,6.39,1.9,2.12,2.29,5.04,4.86,False,,395.73,495.0,380.5745,575.99,"{""trend"":{""T1_ema_stack"":{""value"":[false,true,true],""score"":66.66666666666666},""T2_ema50_slope"":{""value"":0.3853144477309163,""score"":100},""T3_high_proximity"":{""value"":0.8217496937101564,""score"":10.874846855078168},""T4_rs_1m"":{""value"":-0.05402570195556078,""score"":0},""T5_rs_3m"":{""value"":0.05168669289327288,""score"":75.84334644663645},""T6_adr_healthy"":{""value"":3.843515850784513,""score"":100.0},""_score"":54.67},""geometry"":{""sub_pole_impulse"":58.0,""sub_flag_tightness"":0,""sub_flag_shallowness"":0,""sub_flag_drift"":31.2,""sub_flag_duration"":100.0,""_score"":32.08},""compression"":{""VC1_atr_ratio"":{""value"":1.0941858976276502,""score"":0},""VC2_range_contraction"":{""value"":1.3394962285830876,""score"":0},""VC3_range_pct_rank"":{""score"":67.5},""_score"":16.88},""sr_quality"":{""SR1_touches"":{""value"":4,""score"":75.0},""SR2_tightness"":{""value"":4.79567708983832,""score"":58.890576226618855},""SR3_recency"":{""value"":237,""score"":0.0},""SR4_price_location"":{""score"":84.78032529468567},""SR5_reaction"":{""value"":1.519526668521932,""score"":75.9763334260966},""_score"":63.93,""_levels_found"":6,""_target_level"":402.9025},""volume"":{""V1_rvol_day"":{""value"":0.6341310522581459,""score"":8.942070150543062},""V2_rvol_sameslot"":{""value"":1.1245316129994547,""score"":41.63544086663031,""status"":""ok""},""V3_breakout_bar"":{""value"":0.3907858681894259,""score"":0},""V4_base_dryup"":{""value"":1.328107763872107,""score"":17.18922361278929},""V5_bo_expansion"":{""value"":0.6341310522581459,""score"":0},""_score"":13.55},""readiness"":{""_distance_atr"":4.255,""BR1_atr_distance"":{""score"":0},""BR2_compression"":{""score"":24.223881786996635},""BR3_retest"":{""score"":50.0},""BR4_bo_age"":{""score"":50.0},""_score"":23.56},""risk"":{""R1_stop_clarity"":{""score"":50.31948221562785},""R2_stop_distance_pct"":{""value"":3.8297702979304087,""score"":100.0},""R3_stop_distance_atr"":{""value"":0.649580774306962,""score"":57.479038715348096},""R4_rr_potential"":{""value"":11.893992629762689,""score"":100.0},""_score"":76.23},""market"":{""M1_spy_regime"":{""score"":100.0},""M3_earnings_risk"":{""value"":null,""score"":80.0},""M4_vix"":{""value"":null,""score"":60.0},""_score"":84.0},""liquidity"":{""L1_price"":{""value"":395.73,""score"":100.0},""L2_dollar_vol"":{""value"":6854533312.210144,""score"":100.0},""L3_spread_proxy"":{""value"":0.029029894119728096,""score"":70.9701058802719},""L4_volume_zscore"":{""value"":-0.582844246078298,""score"":100.0},""_score"":97.1},""pattern_structure"":{""pole_low"":414.01,""pole_low_idx"":15,""peak_price"":495.0,""peak_idx"":39,""pole_gain"":0.19562329412333038,""flag_bars"":20,""flag_low"":386.37,""flag_high"":489.98,""structural_low"":386.37,""current_price"":395.8,""neckline_distance_pct"":0.2506316321374431,""base_bars"":20},""pattern_geometry_features"":{""pole_gain"":0.19562329412333038,""pullback_pct"":0.21945454545454546,""flag_range_pct"":0.20931313131313134,""flag_drift_per_bar"":-0.013767918786354496,""atr_pct"":0.05895756847201015,""pole_atr_multiple"":3.318035312399318},""_schema_version"":""1.0""}",,,,,,,,,,
20260608T171746Z-5e850b,2026-06-08T17:17:46.036346+00:00,DIOD,bull_flag,absent,41.19,64.0,33.4,35.8,37.4,11.4,25.7,80.3,84.0,77.6,8.97,10.03,3.22,3.74,1.59,2.31,2.41,5.04,3.88,False,,104.42,121.96,98.5591,143.17,"{""trend"":{""T1_ema_stack"":{""value"":[false,true,true],""score"":66.66666666666666},""T2_ema50_slope"":{""value"":0.4500250198111537,""score"":100},""T3_high_proximity"":{""value"":0.8984684219583549,""score"":49.234210979177405},""T4_rs_1m"":{""value"":-0.08579580652344809,""score"":0},""T5_rs_3m"":{""value"":0.5829458543667116,""score"":100},""T6_adr_healthy"":{""value"":5.796148441892017,""score"":100.0},""_score"":64.05},""geometry"":{""sub_pole_impulse"":51.3,""sub_flag_tightness"":0,""sub_flag_shallowness"":0,""sub_flag_drift"":53.6,""sub_flag_duration"":100.0,""_score"":33.43},""compression"":{""VC1_atr_ratio"":{""value"":0.8214843524102714,""score"":44.62891189743215},""VC2_range_contraction"":{""value"":1.2697074576851963,""score"":0},""VC3_range_pct_rank"":{""score"":71.66666666666667},""_score"":35.77},""sr_quality"":{""SR1_touches"":{""value"":2,""score"":25.0},""SR2_tightness"":{""value"":1.3699999999999974,""score"":61.977374753809514},""SR3_recency"":{""value"":275,""score"":0.0},""SR4_price_location"":{""score"":30.0},""SR5_reaction"":{""value"":1.7488326082668482,""score"":87.44163041334241},""_score"":37.41,""_levels_found"":4,""_target_level"":73.68},""volume"":{""V1_rvol_day"":{""value"":0.14086544168030415,""score"":0},""V2_rvol_sameslot"":{""value"":0.3700880900685488,""score"":0,""status"":""ok""},""V3_breakout_bar"":{""value"":0.6375865390475343,""score"":9.172435936502284},""V4_base_dryup"":{""value"":1.0468263187721158,""score"":45.317368122788416},""V5_bo_expansion"":{""value"":0.14086544168030415,""score"":0},""_score"":11.36},""readiness"":{""_distance_atr"":2.434,""BR1_atr_distance"":{""score"":0},""BR2_compression"":{""score"":32.872639000939216},""BR3_retest"":{""score"":50.0},""BR4_bo_age"":{""score"":50.0},""_score"":25.72},""risk"":{""R1_stop_clarity"":{""score"":58.344410049629595},""R2_stop_distance_pct"":{""value"":5.612813637234247,""score"":100.0},""R3_stop_distance_atr"":{""value"":0.8133095047642273,""score"":65.66547523821136},""R4_rr_potential"":{""value"":6.611612550973397,""score"":100.0},""_score"":80.27},""market"":{""M1_spy_regime"":{""score"":100.0},""M3_earnings_risk"":{""value"":null,""score"":80.0},""M4_vix"":{""value"":null,""score"":60.0},""_score"":84.0},""liquidity"":{""L1_price"":{""value"":104.42,""score"":100.0},""L2_dollar_vol"":{""value"":10883239.2764249,""score"":51.837908878846406},""L3_spread_proxy"":{""value"":0.03179371767860567,""score"":68.20628232139433},""L4_volume_zscore"":{""value"":-2.574624125731562,""score"":100.0},""_score"":77.56},""pattern_structure"":{""pole_low"":100.75,""pole_low_idx"":32,""peak_price"":121.96,""peak_idx"":40,""pole_gain"":0.21052109181141432,""flag_bars"":19,""flag_low"":100.06,""flag_high"":120.39,""structural_low"":100.06,""current_price"":105.08,""neckline_distance_pct"":0.16063951275218877,""base_bars"":19},""pattern_geometry_features"":{""pole_gain"":0.21052109181141432,""pullback_pct"":0.17956707117087564,""flag_range_pct"":0.1666939980321417,""flag_drift_per_bar"":-0.009274303955549335,""atr_pct"":0.06901202561085724,""pole_atr_multiple"":3.0504986623417456},""_schema_version"":""1.0""}",,,,,,,,,,
20260608T171746Z-5e850b,2026-06-08T17:17:46.036346+00:00,TCEHY,vcp,absent,41.14,5.0,45.6,33.3,58.2,22.6,26.1,65.6,84.0,98.7,0.75,11.39,3.99,6.98,2.94,1.83,3.28,5.04,4.94,True,risk_unclear,56.84,61.99,53.3082,72.65,"{""trend"":{""T1_ema_stack"":{""value"":[false,false,false],""score"":0.0},""T2_ema50_slope"":{""value"":-0.3703875924911984,""score"":0},""T3_high_proximity"":{""value"":0.7685235262303949,""score"":0},""T4_rs_1m"":{""value"":-0.0755872938365485,""score"":0},""T5_rs_3m"":{""value"":-0.24451041268512586,""score"":0},""T6_adr_healthy"":{""value"":1.7857631734749722,""score"":100.0},""_score"":5.0},""geometry"":{""sub_contraction_count"":100.0,""sub_reduction_rate"":0,""sub_pivot_tightness"":0,""sub_volume_dryup"":3.8,""sub_base_depth"":100.0,""sub_base_duration"":100.0,""_score"":45.57},""compression"":{""VC1_atr_ratio"":{""value"":0.8088879355034754,""score"":47.778016124131156},""VC2_range_contraction"":{""value"":1.0265943764414018,""score"":0},""VC3_range_pct_rank"":{""score"":56.666666666666664},""_score"":33.28},""sr_quality"":{""SR1_touches"":{""value"":6,""score"":100},""SR2_tightness"":{""value"":0.3259729027593139,""score"":60.56154657019059},""SR3_recency"":{""value"":228,""score"":0.0},""SR4_price_location"":{""score"":16.4282936525085},""SR5_reaction"":{""value"":2.193492632761528,""score"":100},""_score"":58.19,""_levels_found"":8,""_target_level"":61.445},""volume"":{""V1_rvol_day"":{""value"":0.5486977144808545,""score"":3.2465142987236315},""V2_rvol_sameslot"":{""value"":1.1332134012280606,""score"":42.21422674853737,""status"":""ok""},""V3_breakout_bar"":{""value"":0.9991998667899816,""score"":33.27999111933211},""V4_base_dryup"":{""value"":1.239523168173407,""score"":26.047683182659313},""V5_bo_expansion"":{""value"":0.5486977144808545,""score"":0},""_score"":22.62},""readiness"":{""_distance_atr"":3.115,""BR1_atr_distance"":{""score"":0},""BR2_compression"":{""score"":34.362905658612995},""BR3_retest"":{""score"":50.0},""BR4_bo_age"":{""score"":50.0},""_score"":26.09},""risk"":{""R1_stop_clarity"":{""score"":1.7828285010588587},""R2_stop_distance_pct"":{""value"":6.213581984517952,""score"":100.0},""R3_stop_distance_atr"":{""value"":2.1365077993345745,""score"":100.0},""R4_rr_potential"":{""value"":4.47647092134322,""score"":100.0},""_score"":65.62},""market"":{""M1_spy_regime"":{""score"":100.0},""M3_earnings_risk"":{""value"":null,""score"":80.0},""M4_vix"":{""value"":null,""score"":60.0},""_score"":84.0},""liquidity"":{""L1_price"":{""value"":56.84,""score"":100.0},""L2_dollar_vol"":{""value"":154499077.60000002,""score"":100.0},""L3_spread_proxy"":{""value"":0.01293103448275861,""score"":87.0689655172414},""L4_volume_zscore"":{""value"":-0.8621697092705725,""score"":100.0},""_score"":98.71},""pattern_structure"":{""n_contractions"":5,""contractions_pct"":[4.82,4.57,11.74,5.62,12.7],""descending_strict"":false,""final_low"":54.12,""final_pivot"":61.99,""structural_low"":54.12,""dry_up_ratio"":0.9809854138214488,""current_price"":56.84,""neckline_distance_pct"":0.09060520760028146,""base_bars"":39},""pattern_geometry_features"":{""contraction_count"":5.0,""first_contraction_pct"":0.048163013275702445,""last_contraction_pct"":0.1269559606388128,""dry_up_ratio"":0.9809854138214488,""near_monotone"":0.0,""base_depth_pct"":0.1645569620253165},""_schema_version"":""1.0""}",,,,,,,,,,
20260608T171746Z-5e850b,2026-06-08T17:17:46.036346+00:00,WOLF,vcp,absent,41.08,71.7,37.9,23.5,39.2,4.5,17.5,39.5,84.0,90.0,10.75,9.48,2.82,4.7,0.59,1.23,1.98,5.04,4.5,False,,56.9999,80.82,48.9151,49.66,"{""trend"":{""T1_ema_stack"":{""value"":[false,true,true],""score"":66.66666666666666},""T2_ema50_slope"":{""value"":1.7872985191887167,""score"":100},""T3_high_proximity"":{""value"":0.7755088435374149,""score"":0},""T4_rs_1m"":{""value"":0.24894506941078132,""score"":100},""T5_rs_3m"":{""value"":2.1165852071884785,""score"":100},""T6_adr_healthy"":{""value"":16.445591974935024,""score"":0.0},""_score"":71.67},""geometry"":{""sub_contraction_count"":100.0,""sub_reduction_rate"":0,""sub_pivot_tightness"":0,""sub_volume_dryup"":19.4,""sub_base_depth"":0.0,""sub_base_duration"":100.0,""_score"":37.91},""compression"":{""VC1_atr_ratio"":{""value"":0.8752598359231881,""score"":31.18504101920297},""VC2_range_contraction"":{""value"":1.0358942535137916,""score"":0},""VC3_range_pct_rank"":{""score"":44.166666666666664},""_score"":23.52},""sr_quality"":{""SR1_touches"":{""value"":2,""score"":25.0},""SR2_tightness"":{""value"":2.0600000000000023,""score"":61.03566236671868},""SR3_recency"":{""value"":229,""score"":0.0},""SR4_price_location"":{""score"":30.0},""SR5_reaction"":{""value"":2.240449413913673,""score"":100},""_score"":39.16,""_levels_found"":3,""_target_level"":51.72},""volume"":{""V1_rvol_day"":{""value"":0.41358309824794887,""score"":0},""V2_rvol_sameslot"":{""value"":0.6296076869740823,""score"":8.640512464938821,""status"":""ok""},""V3_breakout_bar"":{""value"":0.6682819207783078,""score"":11.218794718553855},""V4_base_dryup"":{""value"":4.349601497823582,""score"":0},""V5_bo_expansion"":{""value"":0.41358309824794887,""score"":0},""_score"":4.53},""readiness"":{""_distance_atr"":2.253,""BR1_atr_distance"":{""score"":0},""BR2_compression"":{""score"":0},""BR3_retest"":{""score"":50.0},""BR4_bo_age"":{""score"":50.0},""_score"":17.5},""risk"":{""R1_stop_clarity"":{""score"":85.91041985289743},""R2_stop_distance_pct"":{""value"":14.183884533130763,""score"":0.0},""R3_stop_distance_atr"":{""value"":0.7646089245086226,""score"":63.23044622543112},""R4_rr_potential"":{""value"":-0.9078641401147831,""score"":0.0},""_score"":39.55},""market"":{""M1_spy_regime"":{""score"":100.0},""M3_earnings_risk"":{""value"":null,""score"":80.0},""M4_vix"":{""value"":null,""score"":60.0},""_score"":84.0},""liquidity"":{""L1_price"":{""value"":56.9999,""score"":100.0},""L2_dollar_vol"":{""value"":256906998.54126775,""score"":100.0},""L3_spread_proxy"":{""value"":0.10000017543890422,""score"":0},""L4_volume_zscore"":{""value"":-1.016501279950292,""score"":100.0},""_score"":90.0},""pattern_structure"":{""n_contractions"":5,""contractions_pct"":[21.19,16.99,23.47,27.07,38.55],""descending_strict"":false,""final_low"":49.66,""final_pivot"":80.82,""structural_low"":49.66,""dry_up_ratio"":0.9029628373493216,""current_price"":56.9999,""neckline_distance_pct"":0.4178972243810954,""base_bars"":46},""pattern_geometry_features"":{""contraction_count"":5.0,""first_contraction_pct"":0.2118918918918919,""last_contraction_pct"":0.38554813165058155,""dry_up_ratio"":0.9029628373493216,""near_monotone"":0.0,""base_depth_pct"":-1.6843243243243242},""_schema_version"":""1.0""}",,,,,,,,,,
20260608T171746Z-5e850b,2026-06-08T17:17:46.036346+00:00,DIOD,vcp,absent,41.07,64.0,35.0,35.8,37.4,10.6,25.7,36.7,84.0,77.6,9.61,8.75,4.29,4.49,1.38,1.8,1.84,5.04,3.88,False,,104.42,117.8,89.6547,108.4899,"{""trend"":{""T1_ema_stack"":{""value"":[false,true,true],""score"":66.66666666666666},""T2_ema50_slope"":{""value"":0.4500250198111537,""score"":100},""T3_high_proximity"":{""value"":0.8984684219583549,""score"":49.234210979177405},""T4_rs_1m"":{""value"":-0.08579580652344809,""score"":0},""T5_rs_3m"":{""value"":0.5829458543667116,""score"":100},""T6_adr_healthy"":{""value"":5.796148441892017,""score"":100.0},""_score"":64.05},""geometry"":{""sub_contraction_count"":100.0,""sub_reduction_rate"":0,""sub_pivot_tightness"":0,""sub_volume_dryup"":0,""sub_base_depth"":0.0,""sub_base_duration"":100.0,""_score"":35.0},""compression"":{""VC1_atr_ratio"":{""value"":0.8214843524102714,""score"":44.62891189743215},""VC2_range_contraction"":{""value"":1.2697074576851963,""score"":0},""VC3_range_pct_rank"":{""score"":71.66666666666667},""_score"":35.77},""sr_quality"":{""SR1_touches"":{""value"":2,""score"":25.0},""SR2_tightness"":{""value"":1.3699999999999974,""score"":61.977374753809514},""SR3_recency"":{""value"":275,""score"":0.0},""SR4_price_location"":{""score"":30.0},""SR5_reaction"":{""value"":1.7488326082668482,""score"":87.44163041334241},""_score"":37.41,""_levels_found"":4,""_target_level"":73.68},""volume"":{""V1_rvol_day"":{""value"":0.14086544168030415,""score"":0},""V2_rvol_sameslot"":{""value"":0.3700880900685488,""score"":0,""status"":""ok""},""V3_breakout_bar"":{""value"":0.6375865390475343,""score"":9.172435936502284},""V4_base_dryup"":{""value"":1.084954204099222,""score"":41.5045795900778},""V5_bo_expansion"":{""value"":0.14086544168030415,""score"":0},""_score"":10.59},""readiness"":{""_distance_atr"":1.857,""BR1_atr_distance"":{""score"":0},""BR2_compression"":{""score"":32.872639000939216},""BR3_retest"":{""score"":50.0},""BR4_bo_age"":{""score"":50.0},""_score"":25.72},""risk"":{""R1_stop_clarity"":{""score"":62.107817336770694},""R2_stop_distance_pct"":{""value"":14.14029879333462,""score"":0.0},""R3_stop_distance_atr"":{""value"":2.048961564042255,""score"":100.0},""R4_rr_potential"":{""value"":0.2756395061393945,""score"":0.0},""_score"":36.74},""market"":{""M1_spy_regime"":{""score"":100.0},""M3_earnings_risk"":{""value"":null,""score"":80.0},""M4_vix"":{""value"":null,""score"":60.0},""_score"":84.0},""liquidity"":{""L1_price"":{""value"":104.42,""score"":100.0},""L2_dollar_vol"":{""value"":10883239.2764249,""score"":51.837908878846406},""L3_spread_proxy"":{""value"":0.03179371767860567,""score"":68.20628232139433},""L4_volume_zscore"":{""value"":-2.574624125731562,""score"":100.0},""_score"":77.56},""pattern_structure"":{""n_contractions"":5,""contractions_pct"":[20.36,19.33,14.96,11.96,22.73],""descending_strict"":false,""final_low"":91.02,""final_pivot"":117.8,""structural_low"":91.02,""dry_up_ratio"":1.0525617445561202,""current_price"":104.42,""neckline_distance_pct"":0.12813637234246308,""base_bars"":67},""pattern_geometry_features"":{""contraction_count"":5.0,""first_contraction_pct"":0.20364606981528566,""last_contraction_pct"":0.2273344651952462,""dry_up_ratio"":1.0525617445561202,""near_monotone"":0.0,""base_depth_pct"":-0.11394090556958203},""_schema_version"":""1.0""}",,,,,,,,,,
20260608T171746Z-5e850b,2026-06-08T17:17:46.036346+00:00,MSFT,bull_flag,absent,41.01,36.2,37.4,11.7,77.0,20.4,17.5,53.9,84.0,97.9,5.07,11.21,1.05,7.7,2.86,1.57,1.62,5.04,4.9,True,risk_unclear,408.925,464.12,403.6727,518.66,"{""trend"":{""T1_ema_stack"":{""value"":[false,true,false],""score"":33.33333333333333},""T2_ema50_slope"":{""value"":0.12229643700891649,""score"":70.38273950148609},""T3_high_proximity"":{""value"":0.8879636063580301,""score"":43.98180317901501},""T4_rs_1m"":{""value"":-0.04138240684310568,""score"":8.617593156894323},""T5_rs_3m"":{""value"":-0.09405325318330193,""score"":2.9733734083490333},""T6_adr_healthy"":{""value"":2.6109459351640987,""score"":100.0},""_score"":36.18},""geometry"":{""sub_pole_impulse"":77.7,""sub_flag_tightness"":0,""sub_flag_shallowness"":0,""sub_flag_drift"":85.3,""sub_flag_duration"":12.5,""_score"":37.35},""compression"":{""VC1_atr_ratio"":{""value"":1.0094612451338592,""score"":0},""VC2_range_contraction"":{""value"":1.1735412275694563,""score"":0},""VC3_range_pct_rank"":{""score"":46.666666666666664},""_score"":11.67},""sr_quality"":{""SR1_touches"":{""value"":6,""score"":100},""SR2_tightness"":{""value"":2.666539976573883,""score"":59.7719828663238},""SR3_recency"":{""value"":232,""score"":0.0},""SR4_price_location"":{""score"":94.46643903213737},""SR5_reaction"":{""value"":1.9199708189340743,""score"":95.99854094670371},""_score"":76.98,""_levels_found"":6,""_target_level"":409.6567},""volume"":{""V1_rvol_day"":{""value"":0.40154358952935326,""score"":0},""V2_rvol_sameslot"":{""value"":1.0283276918390944,""score"":35.2218461226063,""status"":""ok""},""V3_breakout_bar"":{""value"":0.7864393881218493,""score"":19.09595920812329},""V4_base_dryup"":{""value"":1.0686098767355972,""score"":43.13901232644029},""V5_bo_expansion"":{""value"":0.4015435895293533,""score"":0},""_score"":20.45},""readiness"":{""_distance_atr"":4.163,""BR1_atr_distance"":{""score"":0},""BR2_compression"":{""score"":0},""BR3_retest"":{""score"":50.0},""BR4_bo_age"":{""score"":50.0},""_score"":17.5},""risk"":{""R1_stop_clarity"":{""score"":7.260460409978393},""R2_stop_distance_pct"":{""value"":1.2844164577856692,""score"":82.11041144464173},""R3_stop_distance_atr"":{""value"":0.3961868493392811,""score"":44.809342466964054},""R4_rr_potential"":{""value"":20.89275174685358,""score"":100.0},""_score"":53.9},""market"":{""M1_spy_regime"":{""score"":100.0},""M3_earnings_risk"":{""value"":null,""score"":80.0},""M4_vix"":{""value"":null,""score"":60.0},""_score"":84.0},""liquidity"":{""L1_price"":{""value"":408.925,""score"":100.0},""L2_dollar_vol"":{""value"":5921231006.252306,""score"":100.0},""L3_spread_proxy"":{""value"":0.020761508834138232,""score"":79.23849116586177},""L4_volume_zscore"":{""value"":-1.5631602463392416,""score"":100.0},""_score"":97.92},""pattern_structure"":{""pole_low"":409.58,""pole_low_idx"":9,""peak_price"":464.12,""peak_idx"":32,""pole_gain"":0.13316079886713225,""flag_bars"":27,""flag_low"":409.82,""flag_high"":453.5,""structural_low"":409.82,""current_price"":410.49,""neckline_distance_pct"":0.13064873687544154,""base_bars"":27},""pattern_geometry_features"":{""pole_gain"":0.13316079886713225,""pullback_pct"":0.11699560458502113,""flag_range_pct"":0.09411359131259159,""flag_drift_per_bar"":-0.002941619163207991,""atr_pct"":0.03241946217870897,""pole_atr_multiple"":4.1074339275925364},""_schema_version"":""1.0""}",,,,,,,,,,
20260608T171746Z-5e850b,2026-06-08T17:17:46.036346+00:00,ACN,vcp,absent,40.9,15.5,38.5,53.7,48.1,10.2,43.3,49.1,84.0,97.4,2.32,9.63,6.45,5.78,1.33,3.03,2.46,5.04,4.87,False,,176.86,181.29,153.4778,316.565,"{""trend"":{""T1_ema_stack"":{""value"":[false,false,false],""score"":0.0},""T2_ema50_slope"":{""value"":-0.2510497301590566,""score"":8.158378306823892},""T3_high_proximity"":{""value"":0.8688774256939327,""score"":34.43871284696631},""T4_rs_1m"":{""value"":-0.03171212845107585,""score"":18.28787154892415},""T5_rs_3m"":{""value"":-0.2481036235509344,""score"":0},""T6_adr_healthy"":{""value"":4.183439038229135,""score"":100.0},""_score"":15.46},""geometry"":{""sub_contraction_count"":100.0,""sub_reduction_rate"":0,""sub_pivot_tightness"":0,""sub_volume_dryup"":23.6,""sub_base_depth"":0.0,""sub_base_duration"":100.0,""_score"":38.54},""compression"":{""VC1_atr_ratio"":{""value"":0.6619010352596402,""score"":84.52474118508995},""VC2_range_contraction"":{""value"":0.9803499418144479,""score"":3.275009697592017},""VC3_range_pct_rank"":{""score"":75.0},""_score"":53.71},""sr_quality"":{""SR1_touches"":{""value"":4,""score"":75.0},""SR2_tightness"":{""value"":2.04581137632481,""score"":47.83395463614957},""SR3_recency"":{""value"":237,""score"":0.0},""SR4_price_location"":{""score"":13.876337346587784},""SR5_reaction"":{""value"":2.3059976921991665,""score"":100},""_score"":48.14,""_levels_found"":7,""_target_level"":184.2457},""volume"":{""V1_rvol_day"":{""value"":0.22995750614342128,""score"":0},""V2_rvol_sameslot"":{""value"":0.48595175984393935,""score"":0,""status"":""ok""},""V3_breakout_bar"":{""value"":0.6126659214144251,""score"":7.5110614276283405},""V4_base_dryup"":{""value"":1.0819024541340687,""score"":41.80975458659313},""V5_bo_expansion"":{""value"":0.2299575061434213,""score"":0},""_score"":10.24},""readiness"":{""_distance_atr"":0.565,""BR1_atr_distance"":{""score"":62.346548067885735},""BR2_compression"":{""score"":3.3808320219713512},""BR3_retest"":{""score"":50.0},""BR4_bo_age"":{""score"":50.0},""_score"":43.28},""risk"":{""R1_stop_clarity"":{""score"":40.40321273677034},""R2_stop_distance_pct"":{""value"":13.220753703494292,""score"":0.0},""R3_stop_distance_atr"":{""value"":2.981111123374893,""score"":100.0},""R4_rr_potential"":{""value"":5.974837723954837,""score"":100.0},""_score"":49.14},""market"":{""M1_spy_regime"":{""score"":100.0},""M3_earnings_risk"":{""value"":null,""score"":80.0},""M4_vix"":{""value"":null,""score"":60.0},""_score"":84.0},""liquidity"":{""L1_price"":{""value"":176.86,""score"":100.0},""L2_dollar_vol"":{""value"":228357136.64273342,""score"":100.0},""L3_spread_proxy"":{""value"":0.026405066154020218,""score"":73.59493384597978},""L4_volume_zscore"":{""value"":-1.52754700976713,""score"":100.0},""_score"":97.36},""pattern_structure"":{""n_contractions"":5,""contractions_pct"":[6.48,9.28,12.2,12.93,14.05],""descending_strict"":false,""final_low"":155.815,""final_pivot"":181.29,""structural_low"":155.815,""dry_up_ratio"":0.881829621602588,""current_price"":176.86,""neckline_distance_pct"":0.025048060612914046,""base_bars"":82},""pattern_geometry_features"":{""contraction_count"":5.0,""first_contraction_pct"":0.06482531175924955,""last_contraction_pct"":0.14052071267030722,""dry_up_ratio"":0.881829621602588,""near_monotone"":0.0,""base_depth_pct"":0.4647188154866192},""_schema_version"":""1.0""}",,,,,,,,,,
20260608T171746Z-5e850b,2026-06-08T17:17:46.036346+00:00,TCEHY,breakout_retest_hold,setup,40.81,5.0,20.0,33.3,58.2,23.7,73.1,43.4,84.0,98.7,0.7,4.4,2.0,8.15,3.08,13.16,2.17,4.2,2.96,False,,56.84,56.24,56.0736,55.44,"{""trend"":{""T1_ema_stack"":{""value"":[false,false,false],""score"":0.0},""T2_ema50_slope"":{""value"":-0.3703875924911984,""score"":0},""T3_high_proximity"":{""value"":0.7685235262303949,""score"":0},""T4_rs_1m"":{""value"":-0.0755872938365485,""score"":0},""T5_rs_3m"":{""value"":-0.24451041268512586,""score"":0},""T6_adr_healthy"":{""value"":1.7857631734749722,""score"":100.0},""_score"":5.0},""geometry"":{""sub_retest_depth"":0.0,""sub_retest_timing"":0.0,""sub_retest_freshness"":100.0,""sub_hold_quality"":0.0,""_score"":20.0},""compression"":{""VC1_atr_ratio"":{""value"":0.8088879355034754,""score"":47.778016124131156},""VC2_range_contraction"":{""value"":1.0265943764414018,""score"":0},""VC3_range_pct_rank"":{""score"":56.666666666666664},""_score"":33.28},""sr_quality"":{""SR1_touches"":{""value"":6,""score"":100},""SR2_tightness"":{""value"":0.3259729027593139,""score"":60.56154657019059},""SR3_recency"":{""value"":228,""score"":0.0},""SR4_price_location"":{""score"":16.4282936525085},""SR5_reaction"":{""value"":2.193492632761528,""score"":100},""_score"":58.19,""_levels_found"":8,""_target_level"":61.445},""volume"":{""V1_rvol_day"":{""value"":0.5486977144808545,""score"":3.2465142987236315},""V2_rvol_sameslot"":{""value"":1.1332134012280606,""score"":42.21422674853737,""status"":""ok""},""V3_breakout_bar"":{""value"":0.9991998667899816,""score"":33.27999111933211},""V4_base_dryup"":{""value"":1.1858485150658304,""score"":31.41514849341695},""V5_bo_expansion"":{""value"":0.5486977144808545,""score"":0},""_score"":23.7},""readiness"":{""_distance_atr"":-0.363,""BR1_atr_distance"":{""score"":100.0},""BR2_compression"":{""score"":34.362905658612995},""BR3_retest"":{""score"":100},""BR4_bo_age"":{""score"":30.0},""_score"":73.09},""risk"":{""R1_stop_clarity"":{""score"":31.47301559866895},""R2_stop_distance_pct"":{""value"":1.3483462350457502,""score"":83.70865587614375},""R3_stop_distance_atr"":{""value"":0.46362182949488234,""score"":48.18109147474412},""R4_rr_potential"":{""value"":-1.8267223382045805,""score"":0.0},""_score"":43.36},""market"":{""M1_spy_regime"":{""score"":100.0},""M3_earnings_risk"":{""value"":null,""score"":80.0},""M4_vix"":{""value"":null,""score"":60.0},""_score"":84.0},""liquidity"":{""L1_price"":{""value"":56.84,""score"":100.0},""L2_dollar_vol"":{""value"":154499077.60000002,""score"":100.0},""L3_spread_proxy"":{""value"":0.01293103448275861,""score"":87.0689655172414},""L4_volume_zscore"":{""value"":-0.8621697092705725,""score"":100.0},""_score"":98.71},""pattern_structure"":{""level"":56.24,""level_idx"":27,""breakout_idx"":53,""bo_peak_idx"":54,""bo_peak_price"":61.38,""retest_idx"":76,""retest_low"":56.64,""structural_low"":56.64,""current_price"":56.95,""neckline_distance_pct"":-0.012467076382791938,""base_bars"":52,""bars_since_breakout"":26},""pattern_geometry_features"":{""retest_depth_atr"":-1.3810110974105945,""bars_breakout_to_retest"":23.0,""bars_since_retest"":3.0,""current_above_level_atr"":2.451294697903817,""bo_peak_excess_pct"":0.09139402560455193,""atr_pct"":0.02908288931336081},""_schema_version"":""1.0""}",,,,,,,,,,
20260608T171746Z-5e850b,2026-06-08T17:17:46.036346+00:00,DIOD,breakout_retest_hold,breakout_confirmed,40.79,64.0,20.0,35.8,37.4,10.6,49.5,64.6,84.0,77.6,8.97,4.4,2.15,5.24,1.38,8.91,3.23,4.2,2.33,False,,104.42,97.915,99.0594,93.625,"{""trend"":{""T1_ema_stack"":{""value"":[false,true,true],""score"":66.66666666666666},""T2_ema50_slope"":{""value"":0.4500250198111537,""score"":100},""T3_high_proximity"":{""value"":0.8984684219583549,""score"":49.234210979177405},""T4_rs_1m"":{""value"":-0.08579580652344809,""score"":0},""T5_rs_3m"":{""value"":0.5829458543667116,""score"":100},""T6_adr_healthy"":{""value"":5.796148441892017,""score"":100.0},""_score"":64.05},""geometry"":{""sub_retest_depth"":0.0,""sub_retest_timing"":0.0,""sub_retest_freshness"":100.0,""sub_hold_quality"":0.0,""_score"":20.0},""compression"":{""VC1_atr_ratio"":{""value"":0.8214843524102714,""score"":44.62891189743215},""VC2_range_contraction"":{""value"":1.2697074576851963,""score"":0},""VC3_range_pct_rank"":{""score"":71.66666666666667},""_score"":35.77},""sr_quality"":{""SR1_touches"":{""value"":2,""score"":25.0},""SR2_tightness"":{""value"":1.3699999999999974,""score"":61.977374753809514},""SR3_recency"":{""value"":275,""score"":0.0},""SR4_price_location"":{""score"":30.0},""SR5_reaction"":{""value"":1.7488326082668482,""score"":87.44163041334241},""_score"":37.41,""_levels_found"":4,""_target_level"":73.68},""volume"":{""V1_rvol_day"":{""value"":0.14086544168030415,""score"":0},""V2_rvol_sameslot"":{""value"":0.3700880900685488,""score"":0,""status"":""ok""},""V3_breakout_bar"":{""value"":0.6375865390475343,""score"":9.172435936502284},""V4_base_dryup"":{""value"":1.084954204099222,""score"":41.5045795900778},""V5_bo_expansion"":{""value"":0.14086544168030415,""score"":0},""_score"":10.59},""readiness"":{""_distance_atr"":-0.903,""BR1_atr_distance"":{""score"":41.9461914433234},""BR2_compression"":{""score"":32.872639000939216},""BR3_retest"":{""score"":100},""BR4_bo_age"":{""score"":30.0},""_score"":49.5},""risk"":{""R1_stop_clarity"":{""score"":72.22960669975294},""R2_stop_distance_pct"":{""value"":5.133690863819196,""score"":100.0},""R3_stop_distance_atr"":{""value"":0.7438835215136105,""score"":62.19417607568052},""R4_rr_potential"":{""value"":-2.0137671156213814,""score"":0.0},""_score"":64.61},""market"":{""M1_spy_regime"":{""score"":100.0},""M3_earnings_risk"":{""value"":null,""score"":80.0},""M4_vix"":{""value"":null,""score"":60.0},""_score"":84.0},""liquidity"":{""L1_price"":{""value"":104.42,""score"":100.0},""L2_dollar_vol"":{""value"":10883239.2764249,""score"":51.837908878846406},""L3_spread_proxy"":{""value"":0.03179371767860567,""score"":68.20628232139433},""L4_volume_zscore"":{""value"":-2.574624125731562,""score"":100.0},""_score"":77.56},""pattern_structure"":{""level"":97.915,""level_idx"":11,""breakout_idx"":17,""bo_peak_idx"":60,""bo_peak_price"":121.96,""retest_idx"":76,""retest_low"":100.06,""structural_low"":100.06,""current_price"":105.08,""neckline_distance_pct"":-0.06818614389036917,""base_bars"":68,""bars_since_breakout"":62},""pattern_geometry_features"":{""retest_depth_atr"":-1.1172498465316123,""bars_breakout_to_retest"":59.0,""bars_since_retest"":3.0,""current_above_level_atr"":3.7319790910951087,""bo_peak_excess_pct"":0.2455701373640401,""atr_pct"":0.06901202561085724},""_schema_version"":""1.0""}",,,,,,,,,,
20260608T171746Z-5e850b,2026-06-08T17:17:46.036346+00:00,VRT,bull_flag,absent,40.68,53.6,21.8,64.5,50.2,14.7,17.5,76.8,84.0,97.1,7.51,6.53,5.8,5.02,2.05,1.57,2.3,5.04,4.85,False,,303.16,345.18,289.9791,383.0599,"{""trend"":{""T1_ema_stack"":{""value"":[false,true,true],""score"":66.66666666666666},""T2_ema50_slope"":{""value"":0.3317238411823579,""score"":100},""T3_high_proximity"":{""value"":0.8057836961433166,""score"":2.891848071658265},""T4_rs_1m"":{""value"":-0.12161080095660126,""score"":0},""T5_rs_3m"":{""value"":0.05394431575325709,""score"":76.97215787662854},""T6_adr_healthy"":{""value"":5.306356073163868,""score"":100.0},""_score"":53.65},""geometry"":{""sub_pole_impulse"":28.0,""sub_flag_tightness"":0,""sub_flag_shallowness"":0,""sub_flag_drift"":72.4,""sub_flag_duration"":25.0,""_score"":21.76},""compression"":{""VC1_atr_ratio"":{""value"":0.4428078023651347,""score"":100},""VC2_range_contraction"":{""value"":0.9664606544419883,""score"":5.589890926335292},""VC3_range_pct_rank"":{""score"":90.0},""_score"":64.46},""sr_quality"":{""SR1_touches"":{""value"":3,""score"":50.0},""SR2_tightness"":{""value"":2.9463683487756054,""score"":66.59028289265342},""SR3_recency"":{""value"":231,""score"":0.0},""SR4_price_location"":{""score"":51.57905333783407},""SR5_reaction"":{""value"":1.639092084867005,""score"":81.95460424335025},""_score"":50.18,""_levels_found"":8,""_target_level"":311.3367},""volume"":{""V1_rvol_day"":{""value"":0.4432378611868746,""score"":0},""V2_rvol_sameslot"":{""value"":0.786500769135581,""score"":19.100051275705397,""status"":""ok""},""V3_breakout_bar"":{""value"":0.5387886913004087,""score"":2.5859127533605824},""V4_base_dryup"":{""value"":0.990636208256349,""score"":50.9363791743651},""V5_bo_expansion"":{""value"":0.4432378611868746,""score"":0},""_score"":14.65},""readiness"":{""_distance_atr"":2.382,""BR1_atr_distance"":{""score"":0},""BR2_compression"":{""score"":0},""BR3_retest"":{""score"":50.0},""BR4_bo_age"":{""score"":50.0},""_score"":17.5},""risk"":{""R1_stop_clarity"":{""score"":49.926557866205144},""R2_stop_distance_pct"":{""value"":4.3478443726085425,""score"":100.0},""R3_stop_distance_atr"":{""value"":0.7473114752372272,""score"":62.365573761861356},""R4_rr_potential"":{""value"":6.061782462156461,""score"":100.0},""_score"":76.83},""market"":{""M1_spy_regime"":{""score"":100.0},""M3_earnings_risk"":{""value"":null,""score"":80.0},""M4_vix"":{""value"":null,""score"":60.0},""_score"":84.0},""liquidity"":{""L1_price"":{""value"":303.16,""score"":100.0},""L2_dollar_vol"":{""value"":775836178.2221851,""score"":100.0},""L3_spread_proxy"":{""value"":0.029115318643620665,""score"":70.88468135637933},""L4_volume_zscore"":{""value"":-2.035415964496888,""score"":100.0},""_score"":97.09},""pattern_structure"":{""pole_low"":307.3001,""pole_low_idx"":15,""peak_price"":345.18,""peak_idx"":33,""pole_gain"":0.12326680010842829,""flag_bars"":26,""flag_low"":294.395,""flag_high"":343.63,""structural_low"":294.395,""current_price"":304.305,""neckline_distance_pct"":0.13432247251934737,""base_bars"":26},""pattern_geometry_features"":{""pole_gain"":0.12326680010842829,""pullback_pct"":0.14712613708789624,""flag_range_pct"":0.14263572628773397,""flag_drift_per_bar"":-0.005522746311231539,""atr_pct"":0.05817981546755132,""pole_atr_multiple"":2.118721056741371},""_schema_version"":""1.0""}",,,,,,,,,,
20260608T171746Z-5e850b,2026-06-08T17:17:46.036346+00:00,UEC,bull_flag,absent,40.59,15.8,29.3,60.1,65.8,26.3,20.1,81.0,84.0,92.4,2.21,8.8,5.41,6.58,3.69,1.81,2.43,5.04,4.62,False,,12.91,15.47,12.2439,18.015,"{""trend"":{""T1_ema_stack"":{""value"":[false,false,true],""score"":33.33333333333333},""T2_ema50_slope"":{""value"":-0.22653403690734158,""score"":12.244327182109735},""T3_high_proximity"":{""value"":0.7838494231936856,""score"":0},""T4_rs_1m"":{""value"":-0.18513670298880025,""score"":0},""T5_rs_3m"":{""value"":-0.14080372488518755,""score"":0},""T6_adr_healthy"":{""value"":7.1231144611623085,""score"":100.0},""_score"":15.78},""geometry"":{""sub_pole_impulse"":36.3,""sub_flag_tightness"":0,""sub_flag_shallowness"":0,""sub_flag_drift"":64.7,""sub_flag_duration"":87.5,""_score"":29.34},""compression"":{""VC1_atr_ratio"":{""value"":0.5942192055480906,""score"":100},""VC2_range_contraction"":{""value"":0.9837375376054616,""score"":2.7104103990897395},""VC3_range_pct_rank"":{""score"":76.66666666666666},""_score"":60.12},""sr_quality"":{""SR1_touches"":{""value"":4,""score"":75.0},""SR2_tightness"":{""value"":0.1756060932883588,""score"":66.1036501556329},""SR3_recency"":{""value"":229,""score"":0.0},""SR4_price_location"":{""score"":73.58916478555301},""SR5_reaction"":{""value"":2.1956583183394334,""score"":100},""_score"":65.81,""_levels_found"":7,""_target_level"":13.105},""volume"":{""V1_rvol_day"":{""value"":0.6340156335589522,""score"":8.934375570596814},""V2_rvol_sameslot"":{""value"":1.2316306570979216,""score"":48.77537713986144,""status"":""ok""},""V3_breakout_bar"":{""value"":0.8508779105026115,""score"":23.391860700174103},""V4_base_dryup"":{""value"":1.0528434624530711,""score"":44.71565375469289},""V5_bo_expansion"":{""value"":0.6340156335589522,""score"":0},""_score"":26.33},""readiness"":{""_distance_atr"":2.471,""BR1_atr_distance"":{""score"":0},""BR2_compression"":{""score"":10.525833283779448},""BR3_retest"":{""score"":50.0},""BR4_bo_age"":{""score"":50.0},""_score"":20.13},""risk"":{""R1_stop_clarity"":{""score"":64.00934792050137},""R2_stop_distance_pct"":{""value"":5.1592254066614975,""score"":100.0},""R3_stop_distance_atr"":{""value"":0.6428269876395115,""score"":57.14134938197557},""R4_rr_potential"":{""value"":7.66452070096209,""score"":100.0},""_score"":80.97},""market"":{""M1_spy_regime"":{""score"":100.0},""M3_earnings_risk"":{""value"":null,""score"":80.0},""M4_vix"":{""value"":null,""score"":60.0},""_score"":84.0},""liquidity"":{""L1_price"":{""value"":12.91,""score"":100.0},""L2_dollar_vol"":{""value"":75153678.25943904,""score"":93.79751205964246},""L3_spread_proxy"":{""value"":0.05143299767621996,""score"":48.56700232378004},""L4_volume_zscore"":{""value"":-1.2917835713571586,""score"":100.0},""_score"":92.38},""pattern_structure"":{""pole_low"":12.925,""pole_low_idx"":27,""peak_price"":15.47,""peak_idx"":38,""pole_gain"":0.19690522243713732,""flag_bars"":21,""flag_low"":12.4304,""flag_high"":15.14,""structural_low"":12.4304,""current_price"":13.155,""neckline_distance_pct"":0.17597871531736992,""base_bars"":21},""pattern_geometry_features"":{""pole_gain"":0.19690522243713732,""pullback_pct"":0.19648351648351647,""flag_range_pct"":0.17515190691661278,""flag_drift_per_bar"":-0.007063710899514763,""atr_pct"":0.08025838220648446,""pole_atr_multiple"":2.4533913720133325},""_schema_version"":""1.0""}",,,,,,,,,,
20260608T171746Z-5e850b,2026-06-08T17:17:46.036346+00:00,TCEHY,bull_flag,absent,40.44,5.0,45.5,33.3,58.2,23.2,26.1,57.4,84.0,98.7,0.7,13.63,3.0,5.82,3.24,2.35,1.72,5.04,4.94,True,risk_unclear,56.84,61.38,55.7904,68.64,"{""trend"":{""T1_ema_stack"":{""value"":[false,false,false],""score"":0.0},""T2_ema50_slope"":{""value"":-0.3703875924911984,""score"":0},""T3_high_proximity"":{""value"":0.7685235262303949,""score"":0},""T4_rs_1m"":{""value"":-0.0755872938365485,""score"":0},""T5_rs_3m"":{""value"":-0.24451041268512586,""score"":0},""T6_adr_healthy"":{""value"":1.7857631734749722,""score"":100.0},""_score"":5.0},""geometry"":{""sub_pole_impulse"":90.3,""sub_flag_tightness"":6.3,""sub_flag_shallowness"":0,""sub_flag_drift"":86.9,""sub_flag_duration"":37.5,""_score"":45.45},""compression"":{""VC1_atr_ratio"":{""value"":0.8088879355034754,""score"":47.778016124131156},""VC2_range_contraction"":{""value"":1.0265943764414018,""score"":0},""VC3_range_pct_rank"":{""score"":56.666666666666664},""_score"":33.28},""sr_quality"":{""SR1_touches"":{""value"":6,""score"":100},""SR2_tightness"":{""value"":0.3259729027593139,""score"":60.56154657019059},""SR3_recency"":{""value"":228,""score"":0.0},""SR4_price_location"":{""score"":16.4282936525085},""SR5_reaction"":{""value"":2.193492632761528,""score"":100},""_score"":58.19,""_levels_found"":8,""_target_level"":61.445},""volume"":{""V1_rvol_day"":{""value"":0.5486977144808545,""score"":3.2465142987236315},""V2_rvol_sameslot"":{""value"":1.1332134012280606,""score"":42.21422674853737,""status"":""ok""},""V3_breakout_bar"":{""value"":0.9991998667899816,""score"":33.27999111933211},""V4_base_dryup"":{""value"":1.212424216592093,""score"":28.757578340790687},""V5_bo_expansion"":{""value"":0.5486977144808545,""score"":0},""_score"":23.16},""readiness"":{""_distance_atr"":2.746,""BR1_atr_distance"":{""score"":0},""BR2_compression"":{""score"":34.362905658612995},""BR3_retest"":{""score"":50.0},""BR4_bo_age"":{""score"":50.0},""_score"":26.09},""risk"":{""R1_stop_clarity"":{""score"":0},""R2_stop_distance_pct"":{""value"":1.8465869106263286,""score"":96.16467276565821},""R3_stop_distance_atr"":{""value"":0.63493929049821,""score"":56.7469645249105},""R4_rr_potential"":{""value"":11.242378048780443,""score"":100.0},""_score"":57.36},""market"":{""M1_spy_regime"":{""score"":100.0},""M3_earnings_risk"":{""value"":null,""score"":80.0},""M4_vix"":{""value"":null,""score"":60.0},""_score"":84.0},""liquidity"":{""L1_price"":{""value"":56.84,""score"":100.0},""L2_dollar_vol"":{""value"":154499077.60000002,""score"":100.0},""L3_spread_proxy"":{""value"":0.01293103448275861,""score"":87.0689655172414},""L4_volume_zscore"":{""value"":-0.8621697092705725,""score"":100.0},""_score"":98.71},""pattern_structure"":{""pole_low"":54.12,""pole_low_idx"":15,""peak_price"":61.38,""peak_idx"":34,""pole_gain"":0.13414634146341473,""flag_bars"":25,""flag_low"":56.64,""flag_high"":61.27,""structural_low"":56.64,""current_price"":56.95,""neckline_distance_pct"":0.0777875329236172,""base_bars"":25},""pattern_geometry_features"":{""pole_gain"":0.13414634146341473,""pullback_pct"":0.07722385141739983,""flag_range_pct"":0.07543173672205934,""flag_drift_per_bar"":-0.0026294320253934223,""atr_pct"":0.02908288931336081,""pole_atr_multiple"":4.612552075484031},""_schema_version"":""1.0""}",,,,,,,,,,
20260608T171746Z-5e850b,2026-06-08T17:17:46.036346+00:00,QBTS,bull_flag,absent,40.44,87.3,17.3,35.0,60.8,6.5,17.5,58.9,84.0,90.0,12.22,5.19,3.15,6.08,0.91,1.57,1.77,5.04,4.5,False,,26.25,31.3,22.9357,36.905,"{""trend"":{""T1_ema_stack"":{""value"":[true,true,true],""score"":100.0},""T2_ema50_slope"":{""value"":0.7192011452285039,""score"":100},""T3_high_proximity"":{""value"":0.8709356337093563,""score"":35.46781685467815},""T4_rs_1m"":{""value"":0.18049278455306172,""score"":100},""T5_rs_3m"":{""value"":0.28580784894788547,""score"":100},""T6_adr_healthy"":{""value"":10.397095023720237,""score"":40.07262440699408},""_score"":87.32},""geometry"":{""sub_pole_impulse"":20.4,""sub_flag_tightness"":0,""sub_flag_shallowness"":0,""sub_flag_drift"":57.8,""sub_flag_duration"":25.0,""_score"":17.29},""compression"":{""VC1_atr_ratio"":{""value"":0.7102996324132794,""score"":72.42509189668014},""VC2_range_contraction"":{""value"":1.1345265262440543,""score"":0},""VC3_range_pct_rank"":{""score"":24.16666666666667},""_score"":35.01},""sr_quality"":{""SR1_touches"":{""value"":5,""score"":100},""SR2_tightness"":{""value"":0.44004999715941395,""score"":72.11703197699104},""SR3_recency"":{""value"":228,""score"":0.0},""SR4_price_location"":{""score"":21.17217167012968},""SR5_reaction"":{""value"":1.9597677739382706,""score"":97.98838869691353},""_score"":60.81,""_levels_found"":4,""_target_level"":31.751},""volume"":{""V1_rvol_day"":{""value"":0.4428010923051962,""score"":0},""V2_rvol_sameslot"":{""value"":0.6827525122648388,""score"":12.183500817655919,""status"":""ok""},""V3_breakout_bar"":{""value"":0.5886153486984134,""score"":5.907689913227557},""V4_base_dryup"":{""value"":1.3689406019490094,""score"":13.10593980509907},""V5_bo_expansion"":{""value"":0.4428010923051962,""score"":0},""_score"":6.53},""readiness"":{""_distance_atr"":1.6,""BR1_atr_distance"":{""score"":0},""BR2_compression"":{""score"":0},""BR3_retest"":{""score"":50.0},""BR4_bo_age"":{""score"":50.0},""_score"":17.5},""risk"":{""R1_stop_clarity"":{""score"":77.86882463560521},""R2_stop_distance_pct"":{""value"":12.625809523809517,""score"":0.0},""R3_stop_distance_atr"":{""value"":1.0500150487557052,""score"":77.50075243778525},""R4_rr_potential"":{""value"":3.2148810825897085,""score"":100.0},""_score"":58.88},""market"":{""M1_spy_regime"":{""score"":100.0},""M3_earnings_risk"":{""value"":null,""score"":80.0},""M4_vix"":{""value"":null,""score"":60.0},""_score"":84.0},""liquidity"":{""L1_price"":{""value"":26.25,""score"":100.0},""L2_dollar_vol"":{""value"":524321284.54256254,""score"":100.0},""L3_spread_proxy"":{""value"":0.10247619047619053,""score"":0},""L4_volume_zscore"":{""value"":-0.8006816257055848,""score"":100.0},""_score"":90.0},""pattern_structure"":{""pole_low"":25.695,""pole_low_idx"":9,""peak_price"":31.3,""peak_idx"":33,""pole_gain"":0.21813582409028995,""flag_bars"":26,""flag_low"":23.285,""flag_high"":30.39,""structural_low"":23.285,""current_price"":25.8601,""neckline_distance_pct"":0.21035881531780626,""base_bars"":26},""pattern_geometry_features"":{""pole_gain"":0.21813582409028995,""pullback_pct"":0.2560702875399361,""flag_range_pct"":0.2269968051118211,""flag_drift_per_bar"":-0.008433388637486841,""atr_pct"":0.12024408163265304,""pole_atr_multiple"":1.8141086124862031},""_schema_version"":""1.0""}",,,,,,,,,,
20260608T171746Z-5e850b,2026-06-08T17:17:46.036346+00:00,QCOM,bull_flag,absent,40.44,81.6,20.8,18.4,39.8,16.1,29.2,79.1,84.0,96.6,11.42,6.24,1.66,3.98,2.26,2.63,2.37,5.04,4.83,False,,217.215,255.09,211.4106,284.13,"{""trend"":{""T1_ema_stack"":{""value"":[false,true,true],""score"":66.66666666666666},""T2_ema50_slope"":{""value"":0.9699595139607944,""score"":100},""T3_high_proximity"":{""value"":0.8653294558202533,""score"":32.66472791012664},""T4_rs_1m"":{""value"":0.059170240442045996,""score"":100},""T5_rs_3m"":{""value"":0.4798994617714232,""score"":100},""T6_adr_healthy"":{""value"":7.281697003049771,""score"":100.0},""_score"":81.57},""geometry"":{""sub_pole_impulse"":11.9,""sub_flag_tightness"":0,""sub_flag_shallowness"":0,""sub_flag_drift"":48.3,""sub_flag_duration"":100.0,""_score"":20.81},""compression"":{""VC1_atr_ratio"":{""value"":0.9738407676880233,""score"":6.5398080779941745},""VC2_range_contraction"":{""value"":0.8938386744513224,""score"":17.69355425811294},""VC3_range_pct_rank"":{""score"":38.33333333333333},""_score"":18.39},""sr_quality"":{""SR1_touches"":{""value"":2,""score"":25.0},""SR2_tightness"":{""value"":3.285000000000011,""score"":65.23745148719674},""SR3_recency"":{""value"":237,""score"":0.0},""SR4_price_location"":{""score"":30.0},""SR5_reaction"":{""value"":2.2873439455228,""score"":100},""_score"":39.79,""_levels_found"":4,""_target_level"":187.735},""volume"":{""V1_rvol_day"":{""value"":0.36491055495477026,""score"":0},""V2_rvol_sameslot"":{""value"":0.4996911778666708,""score"":0,""status"":""ok""},""V3_breakout_bar"":{""value"":0.6048214976541076,""score"":6.988099843607176},""V4_base_dryup"":{""value"":0.7800806725462165,""score"":71.99193274537835},""V5_bo_expansion"":{""value"":0.36491055495477026,""score"":0},""_score"":16.15},""readiness"":{""_distance_atr"":2.004,""BR1_atr_distance"":{""score"":0},""BR2_compression"":{""score"":46.97189692761959},""BR3_retest"":{""score"":50.0},""BR4_bo_age"":{""score"":50.0},""_score"":29.24},""risk"":{""R1_stop_clarity"":{""score"":65.93111512647064},""R2_stop_distance_pct"":{""value"":2.6722141656883744,""score"":100.0},""R3_stop_distance_atr"":{""value"":0.30711944401086805,""score"":40.3559722005434},""R4_rr_potential"":{""value"":11.528224035007616,""score"":100.0},""_score"":79.13},""market"":{""M1_spy_regime"":{""score"":100.0},""M3_earnings_risk"":{""value"":null,""score"":80.0},""M4_vix"":{""value"":null,""score"":60.0},""_score"":84.0},""liquidity"":{""L1_price"":{""value"":217.215,""score"":100.0},""L2_dollar_vol"":{""value"":1949842716.9529188,""score"":100.0},""L3_spread_proxy"":{""value"":0.03360725548419773,""score"":66.39274451580226},""L4_volume_zscore"":{""value"":-1.9300898122728445,""score"":100.0},""_score"":96.64},""pattern_structure"":{""pole_low"":226.05,""pole_low_idx"":33,""peak_price"":255.09,""peak_idx"":41,""pole_gain"":0.12846715328467148,""flag_bars"":18,""flag_low"":214.63,""flag_high"":251.6746,""structural_low"":214.63,""current_price"":218.42,""neckline_distance_pct"":0.16788755608460773,""base_bars"":18},""pattern_geometry_features"":{""pole_gain"":0.12846715328467148,""pullback_pct"":0.15861068642439927,""flag_range_pct"":0.1452216864636011,""flag_drift_per_bar"":-0.010332846867487836,""atr_pct"":0.08700895426190641,""pole_atr_multiple"":1.4764819825091953},""_schema_version"":""1.0""}",,,,,,,,,,
20260608T171746Z-5e850b,2026-06-08T17:17:46.036346+00:00,BABA,double_bottom,absent,40.26,11.6,37.0,72.7,52.6,10.8,17.5,55.4,84.0,98.2,1.74,9.26,5.82,7.37,1.4,1.4,3.32,5.04,4.91,True,risk_unclear,120.425,134.09,118.6531,147.72,"{""trend"":{""T1_ema_stack"":{""value"":[false,false,false],""score"":0.0},""T2_ema50_slope"":{""value"":-0.1599675540037211,""score"":23.338740999379816},""T3_high_proximity"":{""value"":0.8259035731431315,""score"":12.951786571565705},""T4_rs_1m"":{""value"":-0.15915362145353718,""score"":0},""T5_rs_3m"":{""value"":-0.18495999679113384,""score"":0},""T6_adr_healthy"":{""value"":2.7065195135486877,""score"":100.0},""_score"":11.61},""geometry"":{""sub_low_similarity"":6.1,""sub_bounce_quality"":100,""sub_separation_fit"":0.0,""sub_right_bottom_reaction"":61.4,""sub_base_context"":30.0,""_score"":37.04},""compression"":{""VC1_atr_ratio"":{""value"":0.565297373863973,""score"":100},""VC2_range_contraction"":{""value"":0.7425981509897107,""score"":42.90030816838155},""VC3_range_pct_rank"":{""score"":70.83333333333333},""_score"":72.72},""sr_quality"":{""SR1_touches"":{""value"":4,""score"":75.0},""SR2_tightness"":{""value"":0.8886506625215587,""score"":53.80161614830505},""SR3_recency"":{""value"":241,""score"":0.0},""SR4_price_location"":{""score"":28.296772157186695},""SR5_reaction"":{""value"":2.836222022113091,""score"":100},""_score"":52.64,""_levels_found"":6,""_target_level"":129.62},""volume"":{""V1_rvol_day"":{""value"":0.3770478475695866,""score"":0},""V2_rvol_sameslot"":{""value"":0.5401014717208037,""score"":2.67343144805358,""status"":""ok""},""V3_breakout_bar"":{""value"":0.5235330618217028,""score"":1.5688707881135189},""V4_base_dryup"":{""value"":1.0067855166054593,""score"":49.321448339454065},""V5_bo_expansion"":{""value"":0.37704784756958665,""score"":0},""_score"":10.79},""readiness"":{""_distance_atr"":3.552,""BR1_atr_distance"":{""score"":0},""BR2_compression"":{""score"":0},""BR3_retest"":{""score"":50.0},""BR4_bo_age"":{""score"":50.0},""_score"":17.5},""risk"":{""R1_stop_clarity"":{""score"":6.06448258895837},""R2_stop_distance_pct"":{""value"":1.4713722233755469,""score"":86.78430558438868},""R3_stop_distance_atr"":{""value"":0.4605798419963058,""score"":48.02899209981529},""R4_rr_potential"":{""value"":15.404368192335909,""score"":100.0},""_score"":55.36},""market"":{""M1_spy_regime"":{""score"":100.0},""M3_earnings_risk"":{""value"":null,""score"":80.0},""M4_vix"":{""value"":null,""score"":60.0},""_score"":84.0},""liquidity"":{""L1_price"":{""value"":120.425,""score"":100.0},""L2_dollar_vol"":{""value"":572200291.5828598,""score"":100.0},""L3_spread_proxy"":{""value"":0.017932323022628142,""score"":82.06767697737186},""L4_volume_zscore"":{""value"":-1.0344954934521655,""score"":100.0},""_score"":98.21},""pattern_structure"":{""left_low"":126.25,""left_idx"":29,""right_low"":120.46,""right_idx"":76,""separation_bars"":47,""structural_low"":120.46,""current_price"":121.2898,""neckline_distance_pct"":0.10553401852422878,""base_bars"":47},""pattern_geometry_features"":{""low_similarity_pct"":0.04693770013376034,""bounce_pct"":0.11314959322596721,""right_bottom_reaction"":0.6135227272727238,""atr_pct"":0.03194608381031466},""_schema_version"":""1.0""}",,,,,,,,,,
20260608T171746Z-5e850b,2026-06-08T17:17:46.036346+00:00,INTU,double_bottom,absent,40.21,5.0,48.1,48.6,45.1,9.2,17.5,80.3,84.0,95.9,0.75,12.02,3.89,6.32,1.19,1.4,4.82,5.04,4.79,False,,302.74,363.175,289.2649,432.68,"{""trend"":{""T1_ema_stack"":{""value"":[false,false,false],""score"":0.0},""T2_ema50_slope"":{""value"":-0.7767808655302196,""score"":0},""T3_high_proximity"":{""value"":0.6591621668698834,""score"":0},""T4_rs_1m"":{""value"":-0.26899642250061184,""score"":0},""T5_rs_3m"":{""value"":-0.45373166975401547,""score"":0},""T6_adr_healthy"":{""value"":4.676359049046501,""score"":100.0},""_score"":5.0},""geometry"":{""sub_low_similarity"":54.0,""sub_bounce_quality"":100,""sub_separation_fit"":6.7,""sub_right_bottom_reaction"":32.4,""sub_base_context"":30.0,""_score"":48.07},""compression"":{""VC1_atr_ratio"":{""value"":0.6266008525585057,""score"":93.34978686037357},""VC2_range_contraction"":{""value"":1.2805870434279842,""score"":0},""VC3_range_pct_rank"":{""score"":44.99999999999999},""_score"":48.59},""sr_quality"":{""SR1_touches"":{""value"":2,""score"":25.0},""SR2_tightness"":{""value"":3.447499999999991,""score"":71.76049459067058},""SR3_recency"":{""value"":264,""score"":0.0},""SR4_price_location"":{""score"":47.39649780985125},""SR5_reaction"":{""value"":2.939140691714296,""score"":100},""_score"":45.11,""_levels_found"":6,""_target_level"":345.5525},""volume"":{""V1_rvol_day"":{""value"":0.36519079714243297,""score"":0},""V2_rvol_sameslot"":{""value"":0.557326878684938,""score"":3.8217919123292012,""status"":""ok""},""V3_breakout_bar"":{""value"":0.4196456615434268,""score"":0},""V4_base_dryup"":{""value"":1.079467787740206,""score"":42.05322122597941},""V5_bo_expansion"":{""value"":0.36519079714243297,""score"":0},""_score"":9.18},""readiness"":{""_distance_atr"":2.475,""BR1_atr_distance"":{""score"":0},""BR2_compression"":{""score"":0},""BR3_retest"":{""score"":50.0},""BR4_bo_age"":{""score"":50.0},""_score"":17.5},""risk"":{""R1_stop_clarity"":{""score"":63.916915648044274},""R2_stop_distance_pct"":{""value"":4.45103058730264,""score"":100.0},""R3_stop_distance_atr"":{""value"":0.5518908591239821,""score"":52.5945429561991},""R4_rr_potential"":{""value"":9.643006890512458,""score"":100.0},""_score"":80.26},""market"":{""M1_spy_regime"":{""score"":100.0},""M3_earnings_risk"":{""value"":null,""score"":80.0},""M4_vix"":{""value"":null,""score"":60.0},""_score"":84.0},""liquidity"":{""L1_price"":{""value"":302.74,""score"":100.0},""L2_dollar_vol"":{""value"":723159333.4010599,""score"":100.0},""L3_spread_proxy"":{""value"":0.04142168197132841,""score"":58.57831802867159},""L4_volume_zscore"":{""value"":-0.8790184380757552,""score"":100.0},""_score"":95.86},""pattern_structure"":{""left_low"":300.5,""left_idx"":29,""right_low"":293.67,""right_idx"":73,""separation_bars"":44,""structural_low"":293.67,""current_price"":302.42,""neckline_distance_pct"":0.2008961047549765,""base_bars"":44},""pattern_geometry_features"":{""low_similarity_pct"":0.022990053351734294,""bounce_pct"":0.2366772227329996,""right_bottom_reaction"":0.324228187919447,""atr_pct"":0.0806505582347889},""_schema_version"":""1.0""}",,,,,,,,,,
20260608T171746Z-5e850b,2026-06-08T17:17:46.036346+00:00,IONQ,bull_flag,absent,40.19,89.1,21.2,19.8,42.8,18.3,17.5,52.7,84.0,91.0,12.47,6.35,1.78,4.28,2.57,1.57,1.58,5.04,4.55,False,,63.4,73.65,55.0024,82.9,"{""trend"":{""T1_ema_stack"":{""value"":[true,true,true],""score"":100.0},""T2_ema50_slope"":{""value"":0.9722951401871843,""score"":100},""T3_high_proximity"":{""value"":0.8797002913833774,""score"":39.85014569168865},""T4_rs_1m"":{""value"":0.3164663509392469,""score"":100},""T5_rs_3m"":{""value"":0.6746251057084096,""score"":100},""T6_adr_healthy"":{""value"":9.507061077644233,""score"":62.32347305889419},""_score"":89.09},""geometry"":{""sub_pole_impulse"":12.0,""sub_flag_tightness"":0,""sub_flag_shallowness"":0,""sub_flag_drift"":50.5,""sub_flag_duration"":100.0,""_score"":21.17},""compression"":{""VC1_atr_ratio"":{""value"":0.8632872811984662,""score"":34.178179700383446},""VC2_range_contraction"":{""value"":0.9915482201290501,""score"":1.4086299784916527},""VC3_range_pct_rank"":{""score"":22.499999999999996},""_score"":19.79},""sr_quality"":{""SR1_touches"":{""value"":3,""score"":50.0},""SR2_tightness"":{""value"":1.219633183470434,""score"":60.30670532908832},""SR3_recency"":{""value"":320,""score"":0.0},""SR4_price_location"":{""score"":30.0},""SR5_reaction"":{""value"":1.4985145407629548,""score"":74.92572703814774},""_score"":42.78,""_levels_found"":5,""_target_level"":54.1521},""volume"":{""V1_rvol_day"":{""value"":0.5375338493572576,""score"":2.5022566238171713},""V2_rvol_sameslot"":{""value"":0.8515813850296383,""score"":23.438759001975885,""status"":""ok""},""V3_breakout_bar"":{""value"":0.527863364938876,""score"":1.8575576625917318},""V4_base_dryup"":{""value"":0.8657540991758155,""score"":63.424590082418455},""V5_bo_expansion"":{""value"":0.5375338493572576,""score"":0},""_score"":18.34},""readiness"":{""_distance_atr"":1.668,""BR1_atr_distance"":{""score"":0},""BR2_compression"":{""score"":0},""BR3_retest"":{""score"":50.0},""BR4_bo_age"":{""score"":50.0},""_score"":17.5},""risk"":{""R1_stop_clarity"":{""score"":72.74007950345205},""R2_stop_distance_pct"":{""value"":13.245425867507882,""score"":0.0},""R3_stop_distance_atr"":{""value"":1.3665109142896994,""score"":93.32554571448497},""R4_rr_potential"":{""value"":2.322092026293228,""score"":66.10460131466141},""_score"":52.68},""market"":{""M1_spy_regime"":{""score"":100.0},""M3_earnings_risk"":{""value"":null,""score"":80.0},""M4_vix"":{""value"":null,""score"":60.0},""_score"":84.0},""liquidity"":{""L1_price"":{""value"":63.4,""score"":100.0},""L2_dollar_vol"":{""value"":1159640175.9894116,""score"":100.0},""L3_spread_proxy"":{""value"":0.09021924290220824,""score"":9.78075709779175},""L4_volume_zscore"":{""value"":-1.2206745223563782,""score"":100.0},""_score"":90.98},""pattern_structure"":{""pole_low"":64.4,""pole_low_idx"":14,""peak_price"":73.65,""peak_idx"":39,""pole_gain"":0.1436335403726708,""flag_bars"":20,""flag_low"":55.84,""flag_high"":71.48,""structural_low"":55.84,""current_price"":62.48,""neckline_distance_pct"":0.17877720870678632,""base_bars"":20},""pattern_geometry_features"":{""pole_gain"":0.1436335403726708,""pullback_pct"":0.24181941615750172,""flag_range_pct"":0.21235573659198914,""flag_drift_per_bar"":-0.009902073926814494,""atr_pct"":0.09692879675529516,""pole_atr_multiple"":1.48184590318691},""_schema_version"":""1.0""}",,,,,,,,,,
20260608T171746Z-5e850b,2026-06-08T17:17:46.036346+00:00,COHU,bull_flag,absent,40.15,94.7,24.5,11.8,38.7,11.6,18.8,71.5,84.0,82.1,13.26,7.35,1.07,3.87,1.63,1.69,2.15,5.04,4.1,False,,53.51,58.47,48.6393,65.9399,"{""trend"":{""T1_ema_stack"":{""value"":[true,true,true],""score"":100.0},""T2_ema50_slope"":{""value"":0.6195730607641624,""score"":100},""T3_high_proximity"":{""value"":0.9291543670776176,""score"":64.57718353880875},""T4_rs_1m"":{""value"":0.11376920682204883,""score"":100},""T5_rs_3m"":{""value"":0.8182028069310787,""score"":100},""T6_adr_healthy"":{""value"":5.683239642718699,""score"":100.0},""_score"":94.69},""geometry"":{""sub_pole_impulse"":32.3,""sub_flag_tightness"":0,""sub_flag_shallowness"":0,""sub_flag_drift"":73.7,""sub_flag_duration"":37.5,""_score"":24.49},""compression"":{""VC1_atr_ratio"":{""value"":0.9731185918775377,""score"":6.720352030615579},""VC2_range_contraction"":{""value"":1.1702302105432014,""score"":0},""VC3_range_pct_rank"":{""score"":36.66666666666667},""_score"":11.85},""sr_quality"":{""SR1_touches"":{""value"":2,""score"":25.0},""SR2_tightness"":{""value"":0.7140999999999984,""score"":58.21768812676717},""SR3_recency"":{""value"":229,""score"":0.0},""SR4_price_location"":{""score"":30.0},""SR5_reaction"":{""value"":2.3862316554068865,""score"":100},""_score"":38.73,""_levels_found"":4,""_target_level"":51.7142},""volume"":{""V1_rvol_day"":{""value"":0.27499191378145127,""score"":0},""V2_rvol_sameslot"":{""value"":0.8417651034482592,""score"":22.784340229883945,""status"":""ok""},""V3_breakout_bar"":{""value"":0.606898321595063,""score"":7.126554773004197},""V4_base_dryup"":{""value"":1.2354379616309599,""score"":26.45620383690401},""V5_bo_expansion"":{""value"":0.27499191378145127,""score"":0},""_score"":11.63},""readiness"":{""_distance_atr"":1.451,""BR1_atr_distance"":{""score"":3.262723758934186},""BR2_compression"":{""score"":0},""BR3_retest"":{""score"":50.0},""BR4_bo_age"":{""score"":50.0},""_score"":18.81},""risk"":{""R1_stop_clarity"":{""score"":56.66131017434003},""R2_stop_distance_pct"":{""value"":9.102410764343112,""score"":72.43973089142219},""R3_stop_distance_atr"":{""value"":1.4249342279859651,""score"":96.24671139929826},""R4_rr_potential"":{""value"":2.5519740489046745,""score"":77.59870244523373},""_score"":71.52},""market"":{""M1_spy_regime"":{""score"":100.0},""M3_earnings_risk"":{""value"":null,""score"":80.0},""M4_vix"":{""value"":null,""score"":60.0},""_score"":84.0},""liquidity"":{""L1_price"":{""value"":53.51,""score"":100.0},""L2_dollar_vol"":{""value"":22834316.421551928,""score"":67.92940074505643},""L3_spread_proxy"":{""value"":0.0508316202578957,""score"":49.1683797421043},""L4_volume_zscore"":{""value"":-1.2138374630496043,""score"":100.0},""_score"":82.09},""pattern_structure"":{""pole_low"":51.0001,""pole_low_idx"":27,""peak_price"":58.47,""peak_idx"":34,""pole_gain"":0.14646834025815625,""flag_bars"":25,""flag_low"":49.38,""flag_high"":58.4599,""structural_low"":49.38,""current_price"":53.82,""neckline_distance_pct"":0.08639910813823855,""base_bars"":25},""pattern_geometry_features"":{""pole_gain"":0.14646834025815625,""pullback_pct"":0.155464340687532,""flag_range_pct"":0.1552916025312125,""flag_drift_per_bar"":-0.005255552697024275,""atr_pct"":0.06387951517740345,""pole_atr_multiple"":2.292884344087313},""_schema_version"":""1.0""}",,,,,,,,,,
20260608T171746Z-5e850b,2026-06-08T17:17:46.036346+00:00,NOC,vcp,forming,40.13,5.3,51.9,40.5,41.4,18.7,17.5,63.5,84.0,93.2,0.79,12.98,4.86,4.97,2.43,1.23,3.17,5.04,4.66,True,risk_unclear,532.8,563.93,517.8441,753.81,"{""trend"":{""T1_ema_stack"":{""value"":[false,false,false],""score"":0.0},""T2_ema50_slope"":{""value"":-0.4537559195397906,""score"":0},""T3_high_proximity"":{""value"":0.7236180904522613,""score"":0},""T4_rs_1m"":{""value"":-0.0484861307218607,""score"":1.5138692781393033},""T5_rs_3m"":{""value"":-0.3799401018233991,""score"":0},""T6_adr_healthy"":{""value"":2.0083561558895773,""score"":100.0},""_score"":5.3},""geometry"":{""sub_contraction_count"":100.0,""sub_reduction_rate"":0,""sub_pivot_tightness"":46.1,""sub_volume_dryup"":0,""sub_base_depth"":100.0,""sub_base_duration"":100.0,""_score"":51.91},""compression"":{""VC1_atr_ratio"":{""value"":0.6698614355005676,""score"":82.53464112485808},""VC2_range_contraction"":{""value"":1.0593656757948828,""score"":0},""VC3_range_pct_rank"":{""score"":30.000000000000004},""_score"":40.51},""sr_quality"":{""SR1_touches"":{""value"":2,""score"":25.0},""SR2_tightness"":{""value"":0.285000000000025,""score"":95.07102845647175},""SR3_recency"":{""value"":230,""score"":0.0},""SR4_price_location"":{""score"":18.503346821091398},""SR5_reaction"":{""value"":4.865846118496674,""score"":100},""_score"":41.39,""_levels_found"":3,""_target_level"":564.215},""volume"":{""V1_rvol_day"":{""value"":0.3076902459135446,""score"":0},""V2_rvol_sameslot"":{""value"":1.1044915275397644,""score"":40.299435169317626,""status"":""ok""},""V3_breakout_bar"":{""value"":0.6360679768909474,""score"":9.071198459396495},""V4_base_dryup"":{""value"":1.0825191657554418,""score"":41.748083424455814},""V5_bo_expansion"":{""value"":0.3076902459135446,""score"":0},""_score"":18.68},""readiness"":{""_distance_atr"":2.692,""BR1_atr_distance"":{""score"":0},""BR2_compression"":{""score"":0},""BR3_retest"":{""score"":50.0},""BR4_bo_age"":{""score"":50.0},""_score"":17.5},""risk"":{""R1_stop_clarity"":{""score"":0},""R2_stop_distance_pct"":{""value"":2.807047672672657,""score"":100.0},""R3_stop_distance_atr"":{""value"":1.293288630814465,""score"":89.66443154072326},""R4_rr_potential"":{""value"":14.777396287096522,""score"":100.0},""_score"":63.45},""market"":{""M1_spy_regime"":{""score"":100.0},""M3_earnings_risk"":{""value"":null,""score"":80.0},""M4_vix"":{""value"":null,""score"":60.0},""_score"":84.0},""liquidity"":{""L1_price"":{""value"":532.8,""score"":83.60000000000002},""L2_dollar_vol"":{""value"":147789514.326888,""score"":100.0},""L3_spread_proxy"":{""value"":0.026801614114114112,""score"":73.19838588588588},""L4_volume_zscore"":{""value"":-1.58253696563357,""score"":100.0},""_score"":93.22},""pattern_structure"":{""n_contractions"":5,""contractions_pct"":[5.71,7.31,10.54,6.15,6.77],""descending_strict"":false,""final_low"":525.73,""final_pivot"":563.93,""structural_low"":525.73,""dry_up_ratio"":1.376203124455428,""current_price"":532.8,""neckline_distance_pct"":0.05842717717717717,""base_bars"":79},""pattern_geometry_features"":{""contraction_count"":5.0,""first_contraction_pct"":0.05709814004835038,""last_contraction_pct"":0.06773890376465153,""dry_up_ratio"":1.376203124455428,""near_monotone"":0.0,""base_depth_pct"":0.2653400595296321},""_schema_version"":""1.0""}",,,,,,,,,,
20260608T171746Z-5e850b,2026-06-08T17:17:46.036346+00:00,CCJ,bull_flag,absent,40.03,20.4,31.7,59.4,65.0,12.9,20.2,75.3,84.0,97.8,2.86,9.51,5.35,6.5,1.81,1.81,2.26,5.04,4.89,False,,106.19,122.3,101.1299,139.04,"{""trend"":{""T1_ema_stack"":{""value"":[false,false,true],""score"":33.33333333333333},""T2_ema50_slope"":{""value"":-0.17727828657622965,""score"":20.453618903961722},""T3_high_proximity"":{""value"":0.8396457657942595,""score"":19.822882897129745},""T4_rs_1m"":{""value"":-0.11869874034688888,""score"":0},""T5_rs_3m"":{""value"":-0.17854108590761353,""score"":0},""T6_adr_healthy"":{""value"":4.5475618472261985,""score"":100.0},""_score"":20.4},""geometry"":{""sub_pole_impulse"":56.0,""sub_flag_tightness"":0,""sub_flag_shallowness"":0,""sub_flag_drift"":66.0,""sub_flag_duration"":50.0,""_score"":31.7},""compression"":{""VC1_atr_ratio"":{""value"":0.645184759637791,""score"":88.70381009055225},""VC2_range_contraction"":{""value"":1.089481496881296,""score"":0},""VC3_range_pct_rank"":{""score"":95.83333333333334},""_score"":59.44},""sr_quality"":{""SR1_touches"":{""value"":4,""score"":75.0},""SR2_tightness"":{""value"":1.5105959089048273,""score"":41.8591073239414},""SR3_recency"":{""value"":283,""score"":0.0},""SR4_price_location"":{""score"":84.94253065868051},""SR5_reaction"":{""value"":2.666575026873369,""score"":100},""_score"":65.01,""_levels_found"":5,""_target_level"":107.09},""volume"":{""V1_rvol_day"":{""value"":0.37126127883158333,""score"":0},""V2_rvol_sameslot"":{""value"":0.7594922473784479,""score"":17.29948315856319,""status"":""ok""},""V3_breakout_bar"":{""value"":0.5531685081130348,""score"":3.5445672075356502},""V4_base_dryup"":{""value"":1.070293463319852,""score"":42.970653668014805},""V5_bo_expansion"":{""value"":0.37126127883158333,""score"":0},""_score"":12.94},""readiness"":{""_distance_atr"":3.1,""BR1_atr_distance"":{""score"":0},""BR2_compression"":{""score"":10.630040215697449},""BR3_retest"":{""score"":50.0},""BR4_bo_age"":{""score"":50.0},""_score"":20.16},""risk"":{""R1_stop_clarity"":{""score"":40.725457259658306},""R2_stop_distance_pct"":{""value"":4.765090874846976,""score"":100.0},""R3_stop_distance_atr"":{""value"":0.9737740657552181,""score"":73.6887032877609},""R4_rr_potential"":{""value"":6.492030711158974,""score"":100.0},""_score"":75.31},""market"":{""M1_spy_regime"":{""score"":100.0},""M3_earnings_risk"":{""value"":null,""score"":80.0},""M4_vix"":{""value"":null,""score"":60.0},""_score"":84.0},""liquidity"":{""L1_price"":{""value"":106.19,""score"":100.0},""L2_dollar_vol"":{""value"":120459577.07983625,""score"":100.0},""L3_spread_proxy"":{""value"":0.02236557114605895,""score"":77.63442885394105},""L4_volume_zscore"":{""value"":-2.442041712154181,""score"":100.0},""_score"":97.76},""pattern_structure"":{""pole_low"":105.56,""pole_low_idx"":15,""peak_price"":122.3,""peak_idx"":35,""pole_gain"":0.15858279651383095,""flag_bars"":24,""flag_low"":102.67,""flag_high"":121.43,""structural_low"":102.67,""current_price"":106.1866,""neckline_distance_pct"":0.15174607718864713,""base_bars"":24},""pattern_geometry_features"":{""pole_gain"":0.15858279651383095,""pullback_pct"":0.16050695012264918,""flag_range_pct"":0.15339329517579728,""flag_drift_per_bar"":-0.006791298238809987,""atr_pct"":0.04893425531056193,""pole_atr_multiple"":3.2407317840515404},""_schema_version"":""1.0""}",,,,,,,,,,
20260608T171746Z-5e850b,2026-06-08T17:17:46.036346+00:00,ASX,bull_flag,absent,39.43,82.3,21.4,13.4,44.9,13.7,17.5,81.1,84.0,96.4,11.52,6.42,1.21,4.49,1.92,1.57,2.43,5.04,4.82,False,,35.515,40.4697,33.1984,44.0194,"{""trend"":{""T1_ema_stack"":{""value"":[false,true,true],""score"":66.66666666666666},""T2_ema50_slope"":{""value"":0.746812551904165,""score"":100},""T3_high_proximity"":{""value"":0.8747536945812807,""score"":37.376847290640335},""T4_rs_1m"":{""value"":0.05200531697154376,""score"":100},""T5_rs_3m"":{""value"":0.5467897347770094,""score"":100},""T6_adr_healthy"":{""value"":4.304731143558987,""score"":100.0},""_score"":82.27},""geometry"":{""sub_pole_impulse"":11.1,""sub_flag_tightness"":0,""sub_flag_shallowness"":0,""sub_flag_drift"":53.8,""sub_flag_duration"":100.0,""_score"":21.4},""compression"":{""VC1_atr_ratio"":{""value"":0.9511640559972676,""score"":12.208986000683097},""VC2_range_contraction"":{""value"":1.347856845479517,""score"":0},""VC3_range_pct_rank"":{""score"":34.166666666666664},""_score"":13.43},""sr_quality"":{""SR1_touches"":{""value"":2,""score"":25.0},""SR2_tightness"":{""value"":0.31514999999999915,""score"":73.35760803601357},""SR3_recency"":{""value"":227,""score"":0.0},""SR4_price_location"":{""score"":52.661836898767966},""SR5_reaction"":{""value"":1.7668602000549511,""score"":88.34301000274756},""_score"":44.92,""_levels_found"":6,""_target_level"":40.7849},""volume"":{""V1_rvol_day"":{""value"":0.4843328079547521,""score"":0},""V2_rvol_sameslot"":{""value"":1.1163047143985463,""score"":41.08698095990309,""status"":""ok""},""V3_breakout_bar"":{""value"":0.4670213476059734,""score"":0},""V4_base_dryup"":{""value"":1.224693995992152,""score"":27.530600400784806},""V5_bo_expansion"":{""value"":0.484332807954752,""score"":0},""_score"":13.72},""readiness"":{""_distance_atr"":2.094,""BR1_atr_distance"":{""score"":0},""BR2_compression"":{""score"":0},""BR3_retest"":{""score"":50.0},""BR4_bo_age"":{""score"":50.0},""_score"":17.5},""risk"":{""R1_stop_clarity"":{""score"":57.26058168709158},""R2_stop_distance_pct"":{""value"":6.522765028861052,""score"":100.0},""R3_stop_distance_atr"":{""value"":0.9791956136457661,""score"":73.9597806822883},""R4_rr_potential"":{""value"":3.671133059363882,""score"":100.0},""_score"":81.14},""market"":{""M1_spy_regime"":{""score"":100.0},""M3_earnings_risk"":{""value"":null,""score"":80.0},""M4_vix"":{""value"":null,""score"":60.0},""_score"":84.0},""liquidity"":{""L1_price"":{""value"":35.515,""score"":100.0},""L2_dollar_vol"":{""value"":166716470.63701823,""score"":100.0},""L3_spread_proxy"":{""value"":0.03590032380684214,""score"":64.09967619315786},""L4_volume_zscore"":{""value"":-1.3959200748886984,""score"":100.0},""_score"":96.41},""pattern_structure"":{""pole_low"":36.92,""pole_low_idx"":27,""peak_price"":40.4697,""peak_idx"":40,""pole_gain"":0.09614572047670643,""flag_bars"":19,""flag_low"":33.704,""flag_high"":40.1,""structural_low"":33.704,""current_price"":35.72,""neckline_distance_pct"":0.13297032474804044,""base_bars"":19},""pattern_geometry_features"":{""pole_gain"":0.09614572047670643,""pullback_pct"":0.16717939594313774,""flag_range_pct"":0.158044166376326,""flag_drift_per_bar"":-0.009238246792793855,""atr_pct"":0.06661350334868563,""pole_atr_multiple"":1.4433367957459862},""_schema_version"":""1.0""}",,,,,,,,,,
20260608T171746Z-5e850b,2026-06-08T17:17:46.036346+00:00,RGTI,bull_flag,absent,39.36,83.3,19.7,27.4,55.6,0.1,25.3,61.4,84.0,91.7,11.67,5.91,2.47,5.56,0.02,2.27,1.84,5.04,4.58,False,,22.3901,28.06,19.7985,32.075,"{""trend"":{""T1_ema_stack"":{""value"":[true,true,true],""score"":100.0},""T2_ema50_slope"":{""value"":0.6940974409445005,""score"":100},""T3_high_proximity"":{""value"":0.8283425823159453,""score"":14.17129115797261},""T4_rs_1m"":{""value"":0.20760260645584983,""score"":100},""T5_rs_3m"":{""value"":0.17929615108692287,""score"":100},""T6_adr_healthy"":{""value"":11.029335471110798,""score"":24.26661322223005},""_score"":83.34},""geometry"":{""sub_pole_impulse"":6.7,""sub_flag_tightness"":0,""sub_flag_shallowness"":0,""sub_flag_drift"":51.2,""sub_flag_duration"":100.0,""_score"":19.69},""compression"":{""VC1_atr_ratio"":{""value"":0.8196208333258689,""score"":45.09479166853278},""VC2_range_contraction"":{""value"":1.197697385815556,""score"":0},""VC3_range_pct_rank"":{""score"":37.5},""_score"":27.41},""sr_quality"":{""SR1_touches"":{""value"":5,""score"":100},""SR2_tightness"":{""value"":0.6230005791329571,""score"":57.754694068800404},""SR3_recency"":{""value"":227,""score"":0.0},""SR4_price_location"":{""score"":18.81163449433488},""SR5_reaction"":{""value"":1.636317512750592,""score"":81.8158756375296},""_score"":55.64,""_levels_found"":4,""_target_level"":27.343},""volume"":{""V1_rvol_day"":{""value"":0.3865648771717318,""score"":0},""V2_rvol_sameslot"":{""value"":0.5083736522146426,""score"":0.5582434809761727,""status"":""ok""},""V3_breakout_bar"":{""value"":0.43985309143642604,""score"":0},""V4_base_dryup"":{""value"":1.9560889166880993,""score"":0},""V5_bo_expansion"":{""value"":0.3865648771717317,""score"":0},""_score"":0.11},""readiness"":{""_distance_atr"":1.922,""BR1_atr_distance"":{""score"":0},""BR2_compression"":{""score"":31.042669106721416},""BR3_retest"":{""score"":50.0},""BR4_bo_age"":{""score"":50.0},""_score"":25.26},""risk"":{""R1_stop_clarity"":{""score"":79.55546083763998},""R2_stop_distance_pct"":{""value"":11.574758487009882,""score"":10.631037824752942},""R3_stop_distance_atr"":{""value"":0.8786744227723395,""score"":68.93372113861697},""R4_rr_potential"":{""value"":3.737035036271028,""score"":100.0},""_score"":61.37},""market"":{""M1_spy_regime"":{""score"":100.0},""M3_earnings_risk"":{""value"":null,""score"":80.0},""M4_vix"":{""value"":null,""score"":60.0},""_score"":84.0},""liquidity"":{""L1_price"":{""value"":22.3901,""score"":100.0},""L2_dollar_vol"":{""value"":541541893.3293829,""score"":100.0},""L3_spread_proxy"":{""value"":0.08329574231468365,""score"":16.70425768531635},""L4_volume_zscore"":{""value"":-0.8492999903171801,""score"":100.0},""_score"":91.67},""pattern_structure"":{""pole_low"":24.045,""pole_low_idx"":14,""peak_price"":28.06,""peak_idx"":39,""pole_gain"":0.16697858182574327,""flag_bars"":20,""flag_low"":20.1,""flag_high"":25.9001,""structural_low"":20.1,""current_price"":22.105,""neckline_distance_pct"":0.2693960642388599,""base_bars"":20},""pattern_geometry_features"":{""pole_gain"":0.16697858182574327,""pullback_pct"":0.2836778332145402,""flag_range_pct"":0.20670349251603695,""flag_drift_per_bar"":-0.009762582207611342,""atr_pct"":0.13172977597879673,""pole_atr_multiple"":1.2675841933612655},""_schema_version"":""1.0""}",,,,,,,,,,
20260608T171746Z-5e850b,2026-06-08T17:17:46.036346+00:00,BA,cup_with_handle,absent,38.69,30.1,34.0,56.9,39.5,8.2,17.5,67.2,84.0,98.7,4.22,10.21,4.55,4.75,1.06,1.4,3.36,4.2,4.94,True,risk_unclear,216.115,236.45,206.4855,285.24,"{""trend"":{""T1_ema_stack"":{""value"":[false,false,true],""score"":33.33333333333333},""T2_ema50_slope"":{""value"":-0.017407477558465966,""score"":47.098753740255674},""T3_high_proximity"":{""value"":0.898233582709892,""score"":49.11679135494595},""T4_rs_1m"":{""value"":-0.07779035095629117,""score"":0},""T5_rs_3m"":{""value"":-0.1323575105292386,""score"":0},""T6_adr_healthy"":{""value"":2.968404521463263,""score"":100.0},""_score"":30.12},""geometry"":{""sub_cup_depth"":100.0,""sub_cup_duration"":0.0,""sub_rim_symmetry"":3.4,""sub_handle_shallowness"":5.5,""sub_handle_proportion"":78.4,""sub_u_shape"":29.5,""_score"":34.05},""compression"":{""VC1_atr_ratio"":{""value"":0.6745045385806865,""score"":81.37386535482838},""VC2_range_contraction"":{""value"":1.0283437739300785,""score"":0},""VC3_range_pct_rank"":{""score"":97.5},""_score"":56.92},""sr_quality"":{""SR1_touches"":{""value"":3,""score"":50.0},""SR2_tightness"":{""value"":1.5007849797874304,""score"":56.18146044416263},""SR3_recency"":{""value"":230,""score"":0.0},""SR4_price_location"":{""score"":4.4756484746439265},""SR5_reaction"":{""value"":3.368856447688564,""score"":100},""_score"":39.55,""_levels_found"":3,""_target_level"":231.0733},""volume"":{""V1_rvol_day"":{""value"":0.24209742540710338,""score"":0},""V2_rvol_sameslot"":{""value"":0.4504575376523486,""score"":0,""status"":""ok""},""V3_breakout_bar"":{""value"":0.5857857168781748,""score"":5.719047791878321},""V4_base_dryup"":{""value"":1.1628965106843374,""score"":33.71034893156626},""V5_bo_expansion"":{""value"":0.24209742540710338,""score"":0},""_score"":8.17},""readiness"":{""_distance_atr"":2.969,""BR1_atr_distance"":{""score"":0},""BR2_compression"":{""score"":0},""BR3_retest"":{""score"":50.0},""BR4_bo_age"":{""score"":50.0},""_score"":17.5},""risk"":{""R1_stop_clarity"":{""score"":8.191240875912271},""R2_stop_distance_pct"":{""value"":4.455706452583125,""score"":100.0},""R3_stop_distance_atr"":{""value"":1.4057591240875937,""score"":95.28795620437968},""R4_rr_potential"":{""value"":7.178499291236764,""score"":100.0},""_score"":67.16},""market"":{""M1_spy_regime"":{""score"":100.0},""M3_earnings_risk"":{""value"":null,""score"":80.0},""M4_vix"":{""value"":null,""score"":60.0},""_score"":84.0},""liquidity"":{""L1_price"":{""value"":216.115,""score"":100.0},""L2_dollar_vol"":{""value"":384334865.929692,""score"":100.0},""L3_spread_proxy"":{""value"":0.012909793397033948,""score"":87.09020660296605},""L4_volume_zscore"":{""value"":-1.7801367701963076,""score"":100.0},""_score"":98.71},""pattern_structure"":{""left_rim"":225.56,""left_rim_idx"":27,""cup_bottom"":176.77,""cup_bottom_idx"":45,""right_rim"":236.45,""right_rim_idx"":149,""handle_low"":209.63,""handle_bars"":30,""cup_bars"":122,""structural_low"":209.63,""current_price"":216.115,""neckline_distance_pct"":0.09409342248339994,""base_bars"":152},""pattern_geometry_features"":{""cup_depth_pct"":0.2163060826387657,""rim_symmetry_pct"":0.048279836850505346,""handle_depth_pct"":0.11342778600126874,""handle_to_cup_ratio"":0.2459016393442623,""cup_duration_bars"":122.0,""atr_pct"":0.03169608773106911,""u_shape_score"":0.14754098360655737},""_schema_version"":""1.0""}",,,,,,,,,,
20260608T171746Z-5e850b,2026-06-08T17:17:46.036346+00:00,AXTI,bull_flag,absent,38.62,51.7,16.9,63.6,40.1,16.9,22.0,85.9,84.0,92.1,7.23,5.07,5.73,4.01,2.37,1.98,2.58,5.04,4.61,False,,92.29,123.2,85.9609,153.169,"{""trend"":{""T1_ema_stack"":{""value"":[false,true,true],""score"":66.66666666666666},""T2_ema50_slope"":{""value"":1.3961639250493998,""score"":100},""T3_high_proximity"":{""value"":0.6553291202158631,""score"":0},""T4_rs_1m"":{""value"":-0.16200492469899308,""score"":0},""T5_rs_3m"":{""value"":1.3005442414301898,""score"":100},""T6_adr_healthy"":{""value"":14.19623790298887,""score"":0.0},""_score"":51.67},""geometry"":{""sub_pole_impulse"":22.2,""sub_flag_tightness"":0,""sub_flag_shallowness"":0,""sub_flag_drift"":51.6,""sub_flag_duration"":25.0,""_score"":16.9},""compression"":{""VC1_atr_ratio"":{""value"":0.5131143411819776,""score"":100},""VC2_range_contraction"":{""value"":0.9946834138548607,""score"":0.8860976908565503},""VC3_range_pct_rank"":{""score"":93.33333333333333},""_score"":63.64},""sr_quality"":{""SR1_touches"":{""value"":2,""score"":25.0},""SR2_tightness"":{""value"":1.5655000000000001,""score"":80.07104299906388},""SR3_recency"":{""value"":229,""score"":0.0},""SR4_price_location"":{""score"":30.0},""SR5_reaction"":{""value"":1.751946908247417,""score"":87.59734541237086},""_score"":40.15,""_levels_found"":5,""_target_level"":91.6655},""volume"":{""V1_rvol_day"":{""value"":0.43945761750446,""score"":0},""V2_rvol_sameslot"":{""value"":0.5745616225752329,""score"":4.97077483834886,""status"":""ok""},""V3_breakout_bar"":{""value"":0.4879241764363282,""score"":0},""V4_base_dryup"":{""value"":0.7030377921183238,""score"":79.69622078816761},""V5_bo_expansion"":{""value"":0.4394576175044601,""score"":0},""_score"":16.93},""readiness"":{""_distance_atr"":1.967,""BR1_atr_distance"":{""score"":0},""BR2_compression"":{""score"":17.881904748012232},""BR3_retest"":{""score"":50.0},""BR4_bo_age"":{""score"":50.0},""_score"":21.97},""risk"":{""R1_stop_clarity"":{""score"":83.33567476073114},""R2_stop_distance_pct"":{""value"":6.857785242171426,""score"":100.0},""R3_stop_distance_atr"":{""value"":0.4028469029280579,""score"":45.142345146402896},""R4_rr_potential"":{""value"":9.618979151689418,""score"":100.0},""_score"":85.94},""market"":{""M1_spy_regime"":{""score"":100.0},""M3_earnings_risk"":{""value"":null,""score"":80.0},""M4_vix"":{""value"":null,""score"":60.0},""_score"":84.0},""liquidity"":{""L1_price"":{""value"":92.29,""score"":100.0},""L2_dollar_vol"":{""value"":350624112.4586303,""score"":100.0},""L3_spread_proxy"":{""value"":0.07866507747318241,""score"":21.334922526817593},""L4_volume_zscore"":{""value"":-2.1435057613008817,""score"":100.0},""_score"":92.13},""pattern_structure"":{""pole_low"":93.231,""pole_low_idx"":27,""peak_price"":123.2,""peak_idx"":33,""pole_gain"":0.32144887430146635,""flag_bars"":26,""flag_low"":87.27,""flag_high"":118.84,""structural_low"":87.27,""current_price"":92.7887,""neckline_distance_pct"":0.3277478830935232,""base_bars"":26},""pattern_geometry_features"":{""pole_gain"":0.32144887430146635,""pullback_pct"":0.29163961038961045,""flag_range_pct"":0.25625000000000003,""flag_drift_per_bar"":-0.009675540453878773,""atr_pct"":0.1702330387133724,""pole_atr_multiple"":1.888287236901772},""_schema_version"":""1.0""}",,,,,,,,,,
20260608T171746Z-5e850b,2026-06-08T17:17:46.036346+00:00,QUBT,bull_flag,absent,38.45,68.5,14.8,58.8,46.7,0.0,25.4,84.2,84.0,91.9,9.59,4.44,5.3,4.67,0.0,2.28,2.53,5.04,4.6,False,,10.37,13.0,9.6629,14.97,"{""trend"":{""T1_ema_stack"":{""value"":[false,true,false],""score"":33.33333333333333},""T2_ema50_slope"":{""value"":0.6793757387125956,""score"":100},""T3_high_proximity"":{""value"":0.8369652945924131,""score"":18.482647296206522},""T4_rs_1m"":{""value"":0.0636115627005911,""score"":100},""T5_rs_3m"":{""value"":0.2662401594867798,""score"":100},""T6_adr_healthy"":{""value"":10.070150482514801,""score"":48.24623793712996},""_score"":68.52},""geometry"":{""sub_pole_impulse"":16.9,""sub_flag_tightness"":0,""sub_flag_shallowness"":0,""sub_flag_drift"":56.6,""sub_flag_duration"":12.5,""_score"":14.81},""compression"":{""VC1_atr_ratio"":{""value"":0.563275095058742,""score"":100},""VC2_range_contraction"":{""value"":0.9591912831715406,""score"":6.801452804743239},""VC3_range_pct_rank"":{""score"":65.83333333333333},""_score"":58.84},""sr_quality"":{""SR1_touches"":{""value"":4,""score"":75.0},""SR2_tightness"":{""value"":0.21273311184439536,""score"":61.53480913342759},""SR3_recency"":{""value"":229,""score"":0.0},""SR4_price_location"":{""score"":5.1625693074928805},""SR5_reaction"":{""value"":1.8228568661005462,""score"":91.14284330502731},""_score"":46.69,""_levels_found"":5,""_target_level"":12.6663},""volume"":{""V1_rvol_day"":{""value"":0.23087939747474034,""score"":0},""V2_rvol_sameslot"":{""value"":0.3255258698908808,""score"":0,""status"":""ok""},""V3_breakout_bar"":{""value"":0.3611808143853029,""score"":0},""V4_base_dryup"":{""value"":2.0945142350765575,""score"":0},""V5_bo_expansion"":{""value"":0.2308793974747404,""score"":0},""_score"":0.0},""readiness"":{""_distance_atr"":2.378,""BR1_atr_distance"":{""score"":0},""BR2_compression"":{""score"":31.459293029680612},""BR3_retest"":{""score"":50.0},""BR4_bo_age"":{""score"":50.0},""_score"":25.36},""risk"":{""R1_stop_clarity"":{""score"":73.39317425979144},""R2_stop_distance_pct"":{""value"":6.819189971070383,""score"":100.0},""R3_stop_distance_atr"":{""value"":0.6393141971521734,""score"":56.96570985760867},""R4_rr_potential"":{""value"":6.504984798133367,""score"":100.0},""_score"":84.23},""market"":{""M1_spy_regime"":{""score"":100.0},""M3_earnings_risk"":{""value"":null,""score"":80.0},""M4_vix"":{""value"":null,""score"":60.0},""_score"":84.0},""liquidity"":{""L1_price"":{""value"":10.37,""score"":100.0},""L2_dollar_vol"":{""value"":80145218.88258672,""score"":95.19388096654583},""L3_spread_proxy"":{""value"":0.06171648987463844,""score"":38.28351012536156},""L4_volume_zscore"":{""value"":-0.8823339018578885,""score"":100.0},""_score"":91.91},""pattern_structure"":{""pole_low"":11.03,""pole_low_idx"":27,""peak_price"":13.0,""peak_idx"":32,""pole_gain"":0.17860380779691756,""flag_bars"":27,""flag_low"":9.81,""flag_high"":12.698,""structural_low"":9.81,""current_price"":10.3198,""neckline_distance_pct"":0.2597143355491385,""base_bars"":27},""pattern_geometry_features"":{""pole_gain"":0.17860380779691756,""pullback_pct"":0.24538461538461534,""flag_range_pct"":0.22215384615384615,""flag_drift_per_bar"":-0.00868675200542097,""atr_pct"":0.10666414106626257,""pole_atr_multiple"":1.674450344900487},""_schema_version"":""1.0""}",,,,,,,,,,
20260608T171746Z-5e850b,2026-06-08T17:17:46.036346+00:00,VICR,bull_flag,absent,38.05,71.2,13.9,47.3,43.6,11.6,17.5,82.8,84.0,91.4,9.98,4.16,4.26,4.36,1.63,1.57,2.48,5.04,4.57,False,,271.56,340.19,256.3758,368.4,"{""trend"":{""T1_ema_stack"":{""value"":[false,true,true],""score"":66.66666666666666},""T2_ema50_slope"":{""value"":0.919887643252927,""score"":100},""T3_high_proximity"":{""value"":0.7852185981956975,""score"":0},""T4_rs_1m"":{""value"":0.025874509613462493,""score"":75.8745096134625},""T5_rs_3m"":{""value"":0.5042612966093709,""score"":100},""T6_adr_healthy"":{""value"":8.474806628095763,""score"":88.12983429760592},""_score"":71.25},""geometry"":{""sub_pole_impulse"":0.0,""sub_flag_tightness"":0,""sub_flag_shallowness"":0,""sub_flag_drift"":25.7,""sub_flag_duration"":100.0,""_score"":13.86},""compression"":{""VC1_atr_ratio"":{""value"":0.4616310831506601,""score"":100},""VC2_range_contraction"":{""value"":0.999351509836584,""score"":0.10808169390265818},""VC3_range_pct_rank"":{""score"":29.166666666666664},""_score"":47.33},""sr_quality"":{""SR1_touches"":{""value"":2,""score"":25.0},""SR2_tightness"":{""value"":1.25,""score"":90.64425029036236},""SR3_recency"":{""value"":237,""score"":0.0},""SR4_price_location"":{""score"":30.0},""SR5_reaction"":{""value"":3.3375701514161262,""score"":100},""_score"":43.6,""_levels_found"":5,""_target_level"":232.25},""volume"":{""V1_rvol_day"":{""value"":0.46451784390124323,""score"":0},""V2_rvol_sameslot"":{""value"":0.6279564700590334,""score"":8.530431337268896,""status"":""ok""},""V3_breakout_bar"":{""value"":0.3927323504469502,""score"":0},""V4_base_dryup"":{""value"":1.0031731685705587,""score"":49.68268314294413},""V5_bo_expansion"":{""value"":0.46451784390124323,""score"":0},""_score"":11.64},""readiness"":{""_distance_atr"":2.568,""BR1_atr_distance"":{""score"":0},""BR2_compression"":{""score"":0},""BR3_retest"":{""score"":50.0},""BR4_bo_age"":{""score"":50.0},""_score"":17.5},""risk"":{""R1_stop_clarity"":{""score"":70.7786255869062},""R2_stop_distance_pct"":{""value"":5.591471498011502,""score"":100.0},""R3_stop_distance_atr"":{""value"":0.5682382989643198,""score"":53.41191494821599},""R4_rr_potential"":{""value"":6.377682064250982,""score"":100.0},""_score"":82.78},""market"":{""M1_spy_regime"":{""score"":100.0},""M3_earnings_risk"":{""value"":null,""score"":80.0},""M4_vix"":{""value"":null,""score"":60.0},""_score"":84.0},""liquidity"":{""L1_price"":{""value"":271.56,""score"":100.0},""L2_dollar_vol"":{""value"":113444017.71799104,""score"":100.0},""L3_spread_proxy"":{""value"":0.08599130947120351,""score"":14.008690528796492},""L4_volume_zscore"":{""value"":-1.2519162677133941,""score"":100.0},""_score"":91.4},""pattern_structure"":{""pole_low"":311.98,""pole_low_idx"":27,""peak_price"":340.19,""peak_idx"":39,""pole_gain"":0.09042246297839598,""flag_bars"":20,""flag_low"":260.28,""flag_high"":340.0,""structural_low"":260.28,""current_price"":271.13,""neckline_distance_pct"":0.2547117618854424,""base_bars"":20},""pattern_geometry_features"":{""pole_gain"":0.09042246297839598,""pullback_pct"":0.23489814515417862,""flag_range_pct"":0.23433963373408986,""flag_drift_per_bar"":-0.014867412047989664,""atr_pct"":0.09840011678555646,""pole_atr_multiple"":0.9189263786693852},""_schema_version"":""1.0""}",,,,,,,,,,
20260608T171746Z-5e850b,2026-06-08T17:17:46.036346+00:00,INTU,vcp,absent,37.83,5.0,38.3,48.6,45.1,10.1,17.5,77.9,84.0,95.9,0.75,9.57,5.83,5.41,1.31,1.23,3.9,5.04,4.79,False,,302.74,423.99,295.9925,598.26,"{""trend"":{""T1_ema_stack"":{""value"":[false,false,false],""score"":0.0},""T2_ema50_slope"":{""value"":-0.7767808655302196,""score"":0},""T3_high_proximity"":{""value"":0.6591621668698834,""score"":0},""T4_rs_1m"":{""value"":-0.26899642250061184,""score"":0},""T5_rs_3m"":{""value"":-0.45373166975401547,""score"":0},""T6_adr_healthy"":{""value"":4.676359049046501,""score"":100.0},""_score"":5.0},""geometry"":{""sub_contraction_count"":100.0,""sub_reduction_rate"":0,""sub_pivot_tightness"":0,""sub_volume_dryup"":0,""sub_base_depth"":32.9,""sub_base_duration"":100.0,""_score"":38.29},""compression"":{""VC1_atr_ratio"":{""value"":0.6266008525585057,""score"":93.34978686037357},""VC2_range_contraction"":{""value"":1.2805870434279842,""score"":0},""VC3_range_pct_rank"":{""score"":44.99999999999999},""_score"":48.59},""sr_quality"":{""SR1_touches"":{""value"":2,""score"":25.0},""SR2_tightness"":{""value"":3.447499999999991,""score"":71.76049459067058},""SR3_recency"":{""value"":264,""score"":0.0},""SR4_price_location"":{""score"":47.39649780985125},""SR5_reaction"":{""value"":2.939140691714296,""score"":100},""_score"":45.11,""_levels_found"":6,""_target_level"":345.5525},""volume"":{""V1_rvol_day"":{""value"":0.36519079714243297,""score"":0},""V2_rvol_sameslot"":{""value"":0.557326878684938,""score"":3.8217919123292012,""status"":""ok""},""V3_breakout_bar"":{""value"":0.4196456615434268,""score"":0},""V4_base_dryup"":{""value"":1.033813238927366,""score"":46.618676107263404},""V5_bo_expansion"":{""value"":0.36519079714243297,""score"":0},""_score"":10.09},""readiness"":{""_distance_atr"":4.966,""BR1_atr_distance"":{""score"":0},""BR2_compression"":{""score"":0},""BR3_retest"":{""score"":50.0},""BR4_bo_age"":{""score"":50.0},""_score"":17.5},""risk"":{""R1_stop_clarity"":{""score"":63.07771700288542},""R2_stop_distance_pct"":{""value"":2.228810200171765,""score"":100.0},""R3_stop_distance_atr"":{""value"":0.2763539706300954,""score"":38.817698531504774},""R4_rr_potential"":{""value"":43.79696183771765,""score"":100.0},""_score"":77.9},""market"":{""M1_spy_regime"":{""score"":100.0},""M3_earnings_risk"":{""value"":null,""score"":80.0},""M4_vix"":{""value"":null,""score"":60.0},""_score"":84.0},""liquidity"":{""L1_price"":{""value"":302.74,""score"":100.0},""L2_dollar_vol"":{""value"":723159333.4010599,""score"":100.0},""L3_spread_proxy"":{""value"":0.04142168197132841,""score"":58.57831802867159},""L4_volume_zscore"":{""value"":-0.8790184380757552,""score"":100.0},""_score"":95.86},""pattern_structure"":{""n_contractions"":5,""contractions_pct"":[13.75,21.64,10.75,8.76,29.13],""descending_strict"":false,""final_low"":300.5,""final_pivot"":423.99,""structural_low"":300.5,""dry_up_ratio"":1.662557779070961,""current_price"":302.74,""neckline_distance_pct"":0.4005086873224549,""base_bars"":49},""pattern_geometry_features"":{""contraction_count"":5.0,""first_contraction_pct"":0.13747688354361062,""last_contraction_pct"":0.2912568692657846,""dry_up_ratio"":1.662557779070961,""near_monotone"":0.0,""base_depth_pct"":0.3670619457842745},""_schema_version"":""1.0""}",,,,,,,,,,
20260608T171746Z-5e850b,2026-06-08T17:17:46.036346+00:00,HII,double_bottom,absent,37.38,13.3,38.3,76.5,30.4,7.4,17.5,60.5,84.0,87.8,2.0,9.58,6.12,4.26,0.96,1.4,3.63,5.04,4.39,True,risk_unclear,293.055,311.14,285.8864,332.04,"{""trend"":{""T1_ema_stack"":{""value"":[false,false,true],""score"":33.33333333333333},""T2_ema50_slope"":{""value"":-0.6188300120925544,""score"":0},""T3_high_proximity"":{""value"":0.684723942148181,""score"":0},""T4_rs_1m"":{""value"":-0.08207060360946461,""score"":0},""T5_rs_3m"":{""value"":-0.4106790411198413,""score"":0},""T6_adr_healthy"":{""value"":2.641973203948571,""score"":100.0},""_score"":13.33},""geometry"":{""sub_low_similarity"":5.7,""sub_bounce_quality"":60.0,""sub_separation_fit"":73.3,""sub_right_bottom_reaction"":50.8,""sub_base_context"":30.0,""_score"":38.32},""compression"":{""VC1_atr_ratio"":{""value"":0.4665847528803487,""score"":100},""VC2_range_contraction"":{""value"":0.7743716985064991,""score"":37.60471691558348},""VC3_range_pct_rank"":{""score"":93.33333333333333},""_score"":76.49},""sr_quality"":{""SR1_touches"":{""value"":2,""score"":25.0},""SR2_tightness"":{""value"":1.8799999999999955,""score"":52.71064827915822},""SR3_recency"":{""value"":240,""score"":0.0},""SR4_price_location"":{""score"":0},""SR5_reaction"":{""value"":4.953433823205741,""score"":100},""_score"":30.41,""_levels_found"":5,""_target_level"":337.88},""volume"":{""V1_rvol_day"":{""value"":0.20465084795587474,""score"":0},""V2_rvol_sameslot"":{""value"":0.4911154854533994,""score"":0,""status"":""ok""},""V3_breakout_bar"":{""value"":0.6339660779182266,""score"":8.931071861215106},""V4_base_dryup"":{""value"":1.2422647358216405,""score"":25.77352641783594},""V5_bo_expansion"":{""value"":0.20465084795587474,""score"":0},""_score"":7.39},""readiness"":{""_distance_atr"":2.275,""BR1_atr_distance"":{""score"":0},""BR2_compression"":{""score"":0},""BR3_retest"":{""score"":50.0},""BR4_bo_age"":{""score"":50.0},""_score"":17.5},""risk"":{""R1_stop_clarity"":{""score"":0},""R2_stop_distance_pct"":{""value"":2.446161983245475,""score"":100.0},""R3_stop_distance_atr"":{""value"":0.9015916136862459,""score"":70.07958068431229},""R4_rr_potential"":{""value"":5.438300365482774,""score"":100.0},""_score"":60.51},""market"":{""M1_spy_regime"":{""score"":100.0},""M3_earnings_risk"":{""value"":null,""score"":80.0},""M4_vix"":{""value"":null,""score"":60.0},""_score"":84.0},""liquidity"":{""L1_price"":{""value"":293.055,""score"":100.0},""L2_dollar_vol"":{""value"":30299023.496295124,""score"":74.07143159507483},""L3_spread_proxy"":{""value"":0.017743768234631772,""score"":82.25623176536823},""L4_volume_zscore"":{""value"":-1.813089891274899,""score"":100.0},""_score"":87.85},""pattern_structure"":{""left_low"":304.25,""left_idx"":42,""right_low"":290.24,""right_idx"":76,""separation_bars"":34,""structural_low"":290.24,""current_price"":292.21,""neckline_distance_pct"":0.06478217720132784,""base_bars"":34},""pattern_geometry_features"":{""low_similarity_pct"":0.04713283654897472,""bounce_pct"":0.07200937155457544,""right_bottom_reaction"":0.5076923076923153,""atr_pct"":0.02713159645800277},""_schema_version"":""1.0""}",,,,,,,,,,
20260608T171746Z-5e850b,2026-06-08T17:17:46.036346+00:00,NNE,bull_flag,absent,37.26,45.4,17.4,46.9,53.0,23.1,17.5,58.4,84.0,90.9,6.35,5.23,4.22,5.3,3.24,1.57,1.75,5.04,4.55,False,,26.165,31.59,22.4186,36.75,"{""trend"":{""T1_ema_stack"":{""value"":[false,true,false],""score"":33.33333333333333},""T2_ema50_slope"":{""value"":0.23357766769395855,""score"":88.92961128232642},""T3_high_proximity"":{""value"":0.8559044815178279,""score"":27.95224075891395},""T4_rs_1m"":{""value"":-0.03326908882145485,""score"":16.73091117854515},""T5_rs_3m"":{""value"":0.012072256738028475,""score"":56.036128369014236},""T6_adr_healthy"":{""value"":9.355265497344572,""score"":66.1183625663857},""_score"":45.37},""geometry"":{""sub_pole_impulse"":18.7,""sub_flag_tightness"":0,""sub_flag_shallowness"":0,""sub_flag_drift"":53.9,""sub_flag_duration"":37.5,""_score"":17.45},""compression"":{""VC1_atr_ratio"":{""value"":0.6688417483150574,""score"":82.78956292123564},""VC2_range_contraction"":{""value"":1.204701817161473,""score"":0},""VC3_range_pct_rank"":{""score"":55.00000000000001},""_score"":46.87},""sr_quality"":{""SR1_touches"":{""value"":2,""score"":25.0},""SR2_tightness"":{""value"":0.2550000000000008,""score"":82.55106379858937},""SR3_recency"":{""value"":300,""score"":0.0},""SR4_price_location"":{""score"":96.47462938411468},""SR5_reaction"":{""value"":1.2026080538815331,""score"":60.13040269407666},""_score"":53.02,""_levels_found"":5,""_target_level"":26.295},""volume"":{""V1_rvol_day"":{""value"":1.0779306287337322,""score"":38.52870858224882},""V2_rvol_sameslot"":{""value"":1.3212401604578923,""score"":54.749344030526146,""status"":""ok""},""V3_breakout_bar"":{""value"":0.7219390607796949,""score"":14.795937385312996},""V4_base_dryup"":{""value"":1.49906338781676,""score"":0.09366121832398733},""V5_bo_expansion"":{""value"":1.077930628733732,""score"":5.195375248915468},""_score"":23.15},""readiness"":{""_distance_atr"":1.856,""BR1_atr_distance"":{""score"":0},""BR2_compression"":{""score"":0},""BR3_retest"":{""score"":50.0},""BR4_bo_age"":{""score"":50.0},""_score"":17.5},""risk"":{""R1_stop_clarity"":{""score"":76.63895365034676},""R2_stop_distance_pct"":{""value"":14.318364227020822,""score"":0.0},""R3_stop_distance_atr"":{""value"":1.2817783251953834,""score"":89.08891625976916},""R4_rr_potential"":{""value"":2.825379030535983,""score"":91.26895152679914},""_score"":58.44},""market"":{""M1_spy_regime"":{""score"":100.0},""M3_earnings_risk"":{""value"":null,""score"":80.0},""M4_vix"":{""value"":null,""score"":60.0},""_score"":84.0},""liquidity"":{""L1_price"":{""value"":26.165,""score"":100.0},""L2_dollar_vol"":{""value"":82016750.36256044,""score"":95.69512789182664},""L3_spread_proxy"":{""value"":0.0733804700936366,""score"":26.619529906363397},""L4_volume_zscore"":{""value"":0.18752128753084252,""score"":100.0},""_score"":90.94},""pattern_structure"":{""pole_low"":26.43,""pole_low_idx"":21,""peak_price"":31.59,""peak_idx"":34,""pole_gain"":0.1952326901248581,""flag_bars"":25,""flag_low"":22.76,""flag_high"":31.4999,""structural_low"":22.76,""current_price"":26.39,""neckline_distance_pct"":0.19704433497536944,""base_bars"":25},""pattern_geometry_features"":{""pole_gain"":0.1952326901248581,""pullback_pct"":0.27951883507439057,""flag_range_pct"":0.2766666666666666,""flag_drift_per_bar"":-0.009217328825021139,""atr_pct"":0.11170702410526603,""pole_atr_multiple"":1.7477208052815234},""_schema_version"":""1.0""}",,,,,,,,,,
20260608T171746Z-5e850b,2026-06-08T17:17:46.036346+00:00,PL,bull_flag,absent,37.16,54.3,3.8,36.3,59.9,38.9,18.5,82.0,84.0,91.6,7.6,1.12,3.26,5.99,5.44,1.66,2.46,5.04,4.58,False,,31.52,50.77,30.929,56.76,"{""trend"":{""T1_ema_stack"":{""value"":[false,true,true],""score"":66.66666666666666},""T2_ema50_slope"":{""value"":1.0690477432682248,""score"":100},""T3_high_proximity"":{""value"":0.6132295719844358,""score"":0},""T4_rs_1m"":{""value"":-0.11879349715893317,""score"":0},""T5_rs_3m"":{""value"":0.12789047983137758,""score"":100},""T6_adr_healthy"":{""value"":9.902436268217867,""score"":52.43909329455332},""_score"":54.29},""geometry"":{""sub_pole_impulse"":0.0,""sub_flag_tightness"":0,""sub_flag_shallowness"":0,""sub_flag_drift"":0,""sub_flag_duration"":37.5,""_score"":3.75},""compression"":{""VC1_atr_ratio"":{""value"":0.7706352270310773,""score"":57.34119324223066},""VC2_range_contraction"":{""value"":1.29344196692983,""score"":0},""VC3_range_pct_rank"":{""score"":53.333333333333336},""_score"":36.27},""sr_quality"":{""SR1_touches"":{""value"":3,""score"":50.0},""SR2_tightness"":{""value"":0.6861381202061287,""score"":71.79114353583454},""SR3_recency"":{""value"":251,""score"":0.0},""SR4_price_location"":{""score"":92.80192971876535},""SR5_reaction"":{""value"":1.460028367628014,""score"":73.0014183814007},""_score"":59.92,""_levels_found"":5,""_target_level"":31.7826},""volume"":{""V1_rvol_day"":{""value"":0.9835476282566662,""score"":32.23650855044441},""V2_rvol_sameslot"":{""value"":2.113543356125814,""score"":100,""status"":""ok""},""V3_breakout_bar"":{""value"":0.628466514576148,""score"":8.564434305076533},""V4_base_dryup"":{""value"":0.9866752536242451,""score"":51.33247463757549},""V5_bo_expansion"":{""value"":0.9835476282566662,""score"":0},""_score"":38.85},""readiness"":{""_distance_atr"":3.957,""BR1_atr_distance"":{""score"":0},""BR2_compression"":{""score"":3.8602920615890177},""BR3_retest"":{""score"":50.0},""BR4_bo_age"":{""score"":50.0},""_score"":18.47},""risk"":{""R1_stop_clarity"":{""score"":80.63601044257611},""R2_stop_distance_pct"":{""value"":1.8750000000000033,""score"":96.87500000000009},""R3_stop_distance_atr"":{""value"":0.12148745040804185,""score"":31.074372520402093},""R4_rr_potential"":{""value"":42.70727580372244,""score"":100.0},""_score"":81.95},""market"":{""M1_spy_regime"":{""score"":100.0},""M3_earnings_risk"":{""value"":null,""score"":80.0},""M4_vix"":{""value"":null,""score"":60.0},""_score"":84.0},""liquidity"":{""L1_price"":{""value"":31.52,""score"":100.0},""L2_dollar_vol"":{""value"":414746396.987629,""score"":100.0},""L3_spread_proxy"":{""value"":0.08375634517766499,""score"":16.243654822335017},""L4_volume_zscore"":{""value"":-0.029693902743904488,""score"":100.0},""_score"":91.62},""pattern_structure"":{""pole_low"":44.78,""pole_low_idx"":21,""peak_price"":50.77,""peak_idx"":34,""pole_gain"":0.13376507369361326,""flag_bars"":25,""flag_low"":31.4,""flag_high"":49.5897,""structural_low"":31.4,""current_price"":31.59,""neckline_distance_pct"":0.6071541627097183,""base_bars"":25},""pattern_geometry_features"":{""pole_gain"":0.13376507369361326,""pullback_pct"":0.38152452235572193,""flag_range_pct"":0.3582765412645263,""flag_drift_per_bar"":-0.025123946234202662,""atr_pct"":0.15433692893401013,""pole_atr_multiple"":0.8667081470229799},""_schema_version"":""1.0""}",,,,,,,,,,
20260608T171746Z-5e850b,2026-06-08T17:17:46.036346+00:00,LUNR,bull_flag,absent,36.58,71.7,8.0,29.8,58.9,8.7,22.1,85.5,84.0,95.2,10.03,2.39,2.68,5.89,1.22,1.99,2.57,5.04,4.76,False,,29.91,41.05,28.1365,46.77,"{""trend"":{""T1_ema_stack"":{""value"":[false,true,true],""score"":66.66666666666666},""T2_ema50_slope"":{""value"":1.299574159363819,""score"":100},""T3_high_proximity"":{""value"":0.6544857768052516,""score"":0},""T4_rs_1m"":{""value"":0.22733244565613453,""score"":100},""T5_rs_3m"":{""value"":0.5614455376516858,""score"":100},""T6_adr_healthy"":{""value"":13.337945575145573,""score"":0.0},""_score"":71.67},""geometry"":{""sub_pole_impulse"":0.0,""sub_flag_tightness"":0,""sub_flag_shallowness"":0,""sub_flag_drift"":28.2,""sub_flag_duration"":37.5,""_score"":7.98},""compression"":{""VC1_atr_ratio"":{""value"":0.9502181195267675,""score"":12.445470118308128},""VC2_range_contraction"":{""value"":1.37727138206354,""score"":0},""VC3_range_pct_rank"":{""score"":99.16666666666667},""_score"":29.77},""sr_quality"":{""SR1_touches"":{""value"":2,""score"":25.0},""SR2_tightness"":{""value"":0.11499999999999844,""score"":95.59430379054068},""SR3_recency"":{""value"":237,""score"":0.0},""SR4_price_location"":{""score"":88.2155763892526},""SR5_reaction"":{""value"":2.202848104729693,""score"":100},""_score"":58.89,""_levels_found"":3,""_target_level"":31.035},""volume"":{""V1_rvol_day"":{""value"":0.3346513889713857,""score"":0},""V2_rvol_sameslot"":{""value"":0.488021954175171,""score"":0,""status"":""ok""},""V3_breakout_bar"":{""value"":0.4241196054890009,""score"":0},""V4_base_dryup"":{""value"":1.0628801536807249,""score"":43.711984631927514},""V5_bo_expansion"":{""value"":0.3346513889713857,""score"":0},""_score"":8.74},""readiness"":{""_distance_atr"":2.134,""BR1_atr_distance"":{""score"":0},""BR2_compression"":{""score"":18.364345296188727},""BR3_retest"":{""score"":50.0},""BR4_bo_age"":{""score"":50.0},""_score"":22.09},""risk"":{""R1_stop_clarity"":{""score"":83.5849505795817},""R2_stop_distance_pct"":{""value"":5.929371447676355,""score"":100.0},""R3_stop_distance_atr"":{""value"":0.3397126993509119,""score"":41.98563496754559},""R4_rr_potential"":{""value"":9.506759328437118,""score"":100.0},""_score"":85.55},""market"":{""M1_spy_regime"":{""score"":100.0},""M3_earnings_risk"":{""value"":null,""score"":80.0},""M4_vix"":{""value"":null,""score"":60.0},""_score"":84.0},""liquidity"":{""L1_price"":{""value"":29.91,""score"":100.0},""L2_dollar_vol"":{""value"":173250094.28011313,""score"":100.0},""L3_spread_proxy"":{""value"":0.04781009695753927,""score"":52.18990304246073},""L4_volume_zscore"":{""value"":-1.1757242262119119,""score"":100.0},""_score"":95.22},""pattern_structure"":{""pole_low"":35.33,""pole_low_idx"":9,""peak_price"":41.05,""peak_idx"":34,""pole_gain"":0.16190206623266343,""flag_bars"":25,""flag_low"":28.565,""flag_high"":40.78,""structural_low"":28.565,""current_price"":29.96,""neckline_distance_pct"":0.37016021361815743,""base_bars"":25},""pattern_geometry_features"":{""pole_gain"":0.16190206623266343,""pullback_pct"":0.3041412911084043,""flag_range_pct"":0.297563946406821,""flag_drift_per_bar"":-0.014359576871726414,""atr_pct"":0.17454076515260067,""pole_atr_multiple"":0.9275888420170082},""_schema_version"":""1.0""}",,,,,,,,,,
20260608T171746Z-5e850b,2026-06-08T17:17:46.036346+00:00,BABA,bull_flag,absent,36.27,11.6,30.0,72.7,52.6,4.7,17.5,55.4,84.0,98.2,1.63,9.0,6.54,5.26,0.65,1.57,1.66,5.04,4.91,True,risk_unclear,120.425,134.09,118.6531,144.75,"{""trend"":{""T1_ema_stack"":{""value"":[false,false,false],""score"":0.0},""T2_ema50_slope"":{""value"":-0.1599675540037211,""score"":23.338740999379816},""T3_high_proximity"":{""value"":0.8259035731431315,""score"":12.951786571565705},""T4_rs_1m"":{""value"":-0.15915362145353718,""score"":0},""T5_rs_3m"":{""value"":-0.18495999679113384,""score"":0},""T6_adr_healthy"":{""value"":2.7065195135486877,""score"":100.0},""_score"":11.61},""geometry"":{""sub_pole_impulse"":42.6,""sub_flag_tightness"":0,""sub_flag_shallowness"":0,""sub_flag_drift"":81.5,""sub_flag_duration"":50.0,""_score"":30.0},""compression"":{""VC1_atr_ratio"":{""value"":0.565297373863973,""score"":100},""VC2_range_contraction"":{""value"":0.7425981509897107,""score"":42.90030816838155},""VC3_range_pct_rank"":{""score"":70.83333333333333},""_score"":72.72},""sr_quality"":{""SR1_touches"":{""value"":4,""score"":75.0},""SR2_tightness"":{""value"":0.8886506625215587,""score"":53.80161614830505},""SR3_recency"":{""value"":241,""score"":0.0},""SR4_price_location"":{""score"":28.296772157186695},""SR5_reaction"":{""value"":2.836222022113091,""score"":100},""_score"":52.64,""_levels_found"":6,""_target_level"":129.62},""volume"":{""V1_rvol_day"":{""value"":0.3770478475695866,""score"":0},""V2_rvol_sameslot"":{""value"":0.5401014717208037,""score"":2.67343144805358,""status"":""ok""},""V3_breakout_bar"":{""value"":0.5235330618217028,""score"":1.5688707881135189},""V4_base_dryup"":{""value"":1.3127451778710062,""score"":18.72548221289938},""V5_bo_expansion"":{""value"":0.37704784756958665,""score"":0},""_score"":4.67},""readiness"":{""_distance_atr"":3.552,""BR1_atr_distance"":{""score"":0},""BR2_compression"":{""score"":0},""BR3_retest"":{""score"":50.0},""BR4_bo_age"":{""score"":50.0},""_score"":17.5},""risk"":{""R1_stop_clarity"":{""score"":6.06448258895837},""R2_stop_distance_pct"":{""value"":1.4713722233755469,""score"":86.78430558438868},""R3_stop_distance_atr"":{""value"":0.4605798419963058,""score"":48.02899209981529},""R4_rr_potential"":{""value"":13.728201365765546,""score"":100.0},""_score"":55.36},""market"":{""M1_spy_regime"":{""score"":100.0},""M3_earnings_risk"":{""value"":null,""score"":80.0},""M4_vix"":{""value"":null,""score"":60.0},""_score"":84.0},""liquidity"":{""L1_price"":{""value"":120.425,""score"":100.0},""L2_dollar_vol"":{""value"":572200291.5828598,""score"":100.0},""L3_spread_proxy"":{""value"":0.017932323022628142,""score"":82.06767697737186},""L4_volume_zscore"":{""value"":-1.0344954934521655,""score"":100.0},""_score"":98.21},""pattern_structure"":{""pole_low"":123.43,""pole_low_idx"":21,""peak_price"":134.09,""peak_idx"":35,""pole_gain"":0.08636474114882926,""flag_bars"":24,""flag_low"":120.46,""flag_high"":132.86,""structural_low"":120.46,""current_price"":121.2898,""neckline_distance_pct"":0.10553401852422878,""base_bars"":24},""pattern_geometry_features"":{""pole_gain"":0.08636474114882926,""pullback_pct"":0.1016481467670968,""flag_range_pct"":0.0924752032217169,""flag_drift_per_bar"":-0.0037074697202037384,""atr_pct"":0.03194608381031466,""pole_atr_multiple"":2.7034531575649363},""_schema_version"":""1.0""}",,,,,,,,,,
20260608T171746Z-5e850b,2026-06-08T17:17:46.036346+00:00,ACN,bull_flag,absent,35.43,15.5,28.7,53.7,48.1,9.8,18.4,69.1,84.0,97.4,2.16,8.62,4.83,4.81,1.37,1.65,2.07,5.04,4.87,False,,176.86,197.32,172.8773,219.31,"{""trend"":{""T1_ema_stack"":{""value"":[false,false,false],""score"":0.0},""T2_ema50_slope"":{""value"":-0.2510497301590566,""score"":8.158378306823892},""T3_high_proximity"":{""value"":0.8688774256939327,""score"":34.43871284696631},""T4_rs_1m"":{""value"":-0.03171212845107585,""score"":18.28787154892415},""T5_rs_3m"":{""value"":-0.2481036235509344,""score"":0},""T6_adr_healthy"":{""value"":4.183439038229135,""score"":100.0},""_score"":15.46},""geometry"":{""sub_pole_impulse"":45.7,""sub_flag_tightness"":0,""sub_flag_shallowness"":0,""sub_flag_drift"":91.8,""sub_flag_duration"":12.5,""_score"":28.73},""compression"":{""VC1_atr_ratio"":{""value"":0.6619010352596402,""score"":84.52474118508995},""VC2_range_contraction"":{""value"":0.9803499418144479,""score"":3.275009697592017},""VC3_range_pct_rank"":{""score"":75.0},""_score"":53.71},""sr_quality"":{""SR1_touches"":{""value"":4,""score"":75.0},""SR2_tightness"":{""value"":2.04581137632481,""score"":47.83395463614957},""SR3_recency"":{""value"":237,""score"":0.0},""SR4_price_location"":{""score"":13.876337346587784},""SR5_reaction"":{""value"":2.3059976921991665,""score"":100},""_score"":48.14,""_levels_found"":7,""_target_level"":184.2457},""volume"":{""V1_rvol_day"":{""value"":0.22995750614342128,""score"":0},""V2_rvol_sameslot"":{""value"":0.48595175984393935,""score"":0,""status"":""ok""},""V3_breakout_bar"":{""value"":0.6126659214144251,""score"":7.5110614276283405},""V4_base_dryup"":{""value"":1.1058542674119207,""score"":39.41457325880793},""V5_bo_expansion"":{""value"":0.2299575061434213,""score"":0},""_score"":9.76},""readiness"":{""_distance_atr"":2.609,""BR1_atr_distance"":{""score"":0},""BR2_compression"":{""score"":3.3808320219713512},""BR3_retest"":{""score"":50.0},""BR4_bo_age"":{""score"":50.0},""_score"":18.35},""risk"":{""R1_stop_clarity"":{""score"":32.87018494644589},""R2_stop_distance_pct"":{""value"":2.2518658826190405,""score"":100.0},""R3_stop_distance_atr"":{""value"":0.5077669988852266,""score"":50.388349944261336},""R4_rr_potential"":{""value"":10.658732251139213,""score"":100.0},""_score"":69.06},""market"":{""M1_spy_regime"":{""score"":100.0},""M3_earnings_risk"":{""value"":null,""score"":80.0},""M4_vix"":{""value"":null,""score"":60.0},""_score"":84.0},""liquidity"":{""L1_price"":{""value"":176.86,""score"":100.0},""L2_dollar_vol"":{""value"":228357136.64273342,""score"":100.0},""L3_spread_proxy"":{""value"":0.026405066154020218,""score"":73.59493384597978},""L4_volume_zscore"":{""value"":-1.52754700976713,""score"":100.0},""_score"":97.36},""pattern_structure"":{""pole_low"":175.33,""pole_low_idx"":15,""peak_price"":197.32,""peak_idx"":32,""pole_gain"":0.12542063537329595,""flag_bars"":27,""flag_low"":175.51,""flag_high"":191.9,""structural_low"":175.51,""current_price"":176.65,""neckline_distance_pct"":0.11701103877724306,""base_bars"":27},""pattern_geometry_features"":{""pole_gain"":0.12542063537329595,""pullback_pct"":0.11053111696736267,""flag_range_pct"":0.08306304480032442,""flag_drift_per_bar"":-0.001648292205325893,""atr_pct"":0.044348409557196176,""pole_atr_multiple"":2.8280751581754213},""_schema_version"":""1.0""}",,,,,,,,,,
20260608T171746Z-5e850b,2026-06-08T17:17:46.036346+00:00,ASTS,bull_flag,absent,35.31,62.3,15.6,27.3,56.2,0.0,17.5,83.3,84.0,94.4,8.72,4.69,2.46,5.62,0.0,1.57,2.5,5.04,4.72,False,,92.76,118.7099,89.5414,136.2098,"{""trend"":{""T1_ema_stack"":{""value"":[false,true,true],""score"":66.66666666666666},""T2_ema50_slope"":{""value"":0.7383877091659862,""score"":100},""T3_high_proximity"":{""value"":0.6969719738522804,""score"":0},""T4_rs_1m"":{""value"":0.40620218226566185,""score"":100},""T5_rs_3m"":{""value"":-0.05944616174730166,""score"":20.27691912634917},""T6_adr_healthy"":{""value"":9.949706126691746,""score"":51.257346832706354},""_score"":62.27},""geometry"":{""sub_pole_impulse"":5.9,""sub_flag_tightness"":0,""sub_flag_shallowness"":0,""sub_flag_drift"":42.4,""sub_flag_duration"":75.0,""_score"":15.63},""compression"":{""VC1_atr_ratio"":{""value"":0.9522272336263402,""score"":11.943191593414948},""VC2_range_contraction"":{""value"":1.066067443263271,""score"":0},""VC3_range_pct_rank"":{""score"":90.0},""_score"":27.28},""sr_quality"":{""SR1_touches"":{""value"":7,""score"":100},""SR2_tightness"":{""value"":2.961190294321467,""score"":54.38106417480903},""SR3_recency"":{""value"":262,""score"":0.0},""SR4_price_location"":{""score"":20.40519190855318},""SR5_reaction"":{""value"":1.7236123949117481,""score"":86.1806197455874},""_score"":56.19,""_levels_found"":5,""_target_level"":101.9364},""volume"":{""V1_rvol_day"":{""value"":0.2922394958312595,""score"":0},""V2_rvol_sameslot"":{""value"":0.46393526810574326,""score"":0,""status"":""ok""},""V3_breakout_bar"":{""value"":0.4520285286251327,""score"":0},""V4_base_dryup"":{""value"":1.5323340211275676,""score"":0},""V5_bo_expansion"":{""value"":0.2922394958312595,""score"":0},""_score"":0.0},""readiness"":{""_distance_atr"":1.999,""BR1_atr_distance"":{""score"":0},""BR2_compression"":{""score"":0},""BR3_retest"":{""score"":50.0},""BR4_bo_age"":{""score"":50.0},""_score"":17.5},""risk"":{""R1_stop_clarity"":{""score"":78.99329856067612},""R2_stop_distance_pct"":{""value"":3.469787623975853,""score"":100.0},""R3_stop_distance_atr"":{""value"":0.24792051806857707,""score"":37.39602590342885},""R4_rr_potential"":{""value"":13.49970095461501,""score"":100.0},""_score"":83.26},""market"":{""M1_spy_regime"":{""score"":100.0},""M3_earnings_risk"":{""value"":null,""score"":80.0},""M4_vix"":{""value"":null,""score"":60.0},""_score"":84.0},""liquidity"":{""L1_price"":{""value"":92.76,""score"":100.0},""L2_dollar_vol"":{""value"":725469902.1683179,""score"":100.0},""L3_spread_proxy"":{""value"":0.056274256144890025,""score"":43.725743855109975},""L4_volume_zscore"":{""value"":-1.6796989021346136,""score"":100.0},""_score"":94.37},""pattern_structure"":{""pole_low"":101.21,""pole_low_idx"":30,""peak_price"":118.7099,""peak_idx"":37,""pole_gain"":0.17290682738859808,""flag_bars"":22,""flag_low"":90.905,""flag_high"":117.77,""structural_low"":90.905,""current_price"":93.11,""neckline_distance_pct"":0.2749425410804425,""base_bars"":22},""pattern_geometry_features"":{""pole_gain"":0.17290682738859808,""pullback_pct"":0.23422562060957008,""flag_range_pct"":0.2263079995855442,""flag_drift_per_bar"":-0.011522431983784349,""atr_pct"":0.13995564590648676,""pole_atr_multiple"":1.2354401729825755},""_schema_version"":""1.0""}",,,,,,,,,,
20260608T171746Z-5e850b,2026-06-08T17:17:46.036346+00:00,SMR,bull_flag,absent,35.29,7.3,19.3,64.2,62.7,11.7,26.9,84.3,84.0,96.1,1.02,5.79,5.78,6.27,1.64,2.42,2.53,5.04,4.81,False,,10.745,14.3,9.9977,17.06,"{""trend"":{""T1_ema_stack"":{""value"":[false,false,false],""score"":0.0},""T2_ema50_slope"":{""value"":-0.19605588113854824,""score"":17.324019810241957},""T3_high_proximity"":{""value"":0.7702508960573476,""score"":0},""T4_rs_1m"":{""value"":-0.15909809032791844,""score"":0},""T5_rs_3m"":{""value"":-0.20923375321929727,""score"":0},""T6_adr_healthy"":{""value"":8.947402341509312,""score"":76.3149414622672},""_score"":7.28},""geometry"":{""sub_pole_impulse"":31.0,""sub_flag_tightness"":0,""sub_flag_shallowness"":0,""sub_flag_drift"":33.4,""sub_flag_duration"":50.0,""_score"":19.31},""compression"":{""VC1_atr_ratio"":{""value"":0.5613811722266444,""score"":100},""VC2_range_contraction"":{""value"":1.2110173069368746,""score"":0},""VC3_range_pct_rank"":{""score"":96.66666666666667},""_score"":64.17},""sr_quality"":{""SR1_touches"":{""value"":4,""score"":75.0},""SR2_tightness"":{""value"":0.26431515280059165,""score"":53.8889453058158},""SR3_recency"":{""value"":251,""score"":0.0},""SR4_price_location"":{""score"":81.39534883720927},""SR5_reaction"":{""value"":1.567912772585669,""score"":78.39563862928345},""_score"":62.69,""_levels_found"":4,""_target_level"":11.145},""volume"":{""V1_rvol_day"":{""value"":0.4394770337036728,""score"":0},""V2_rvol_sameslot"":{""value"":0.6284302993622507,""score"":8.562019957483379,""status"":""ok""},""V3_breakout_bar"":{""value"":0.4908337597705499,""score"":0},""V4_base_dryup"":{""value"":1.0000702247953288,""score"":49.99297752046712},""V5_bo_expansion"":{""value"":0.4394770337036728,""score"":0},""_score"":11.71},""readiness"":{""_distance_atr"":3.101,""BR1_atr_distance"":{""score"":0},""BR2_compression"":{""score"":37.53494680363253},""BR3_retest"":{""score"":50.0},""BR4_bo_age"":{""score"":50.0},""_score"":26.88},""risk"":{""R1_stop_clarity"":{""score"":73.43925233644853},""R2_stop_distance_pct"":{""value"":6.954397394136802,""score"":100.0},""R3_stop_distance_atr"":{""value"":0.6518068535825537,""score"":57.59034267912768},""R4_rr_potential"":{""value"":8.450986952157924,""score"":100.0},""_score"":84.34},""market"":{""M1_spy_regime"":{""score"":100.0},""M3_earnings_risk"":{""value"":null,""score"":80.0},""M4_vix"":{""value"":null,""score"":60.0},""_score"":84.0},""liquidity"":{""L1_price"":{""value"":10.745,""score"":100.0},""L2_dollar_vol"":{""value"":167194106.9772346,""score"":100.0},""L3_spread_proxy"":{""value"":0.03862261516984653,""score"":61.37738483015347},""L4_volume_zscore"":{""value"":-1.5995228917417195,""score"":100.0},""_score"":96.14},""pattern_structure"":{""pole_low"":11.54,""pole_low_idx"":15,""peak_price"":14.3,""peak_idx"":35,""pole_gain"":0.23916811091854434,""flag_bars"":24,""flag_low"":10.15,""flag_high"":14.11,""structural_low"":10.15,""current_price"":10.7799,""neckline_distance_pct"":0.3265429178378279,""base_bars"":24},""pattern_geometry_features"":{""pole_gain"":0.23916811091854434,""pullback_pct"":0.2902097902097902,""flag_range_pct"":0.2769230769230768,""flag_drift_per_bar"":-0.013317264780628382,""atr_pct"":0.10669414345542781,""pole_atr_multiple"":2.2416236090639634},""_schema_version"":""1.0""}",,,,,,,,,,
20260608T171746Z-5e850b,2026-06-08T17:17:46.036346+00:00,AEVA,bull_flag,absent,34.94,71.7,12.7,40.5,42.6,0.9,17.5,85.2,84.0,77.9,10.03,3.81,3.64,4.26,0.13,1.57,2.56,5.04,3.9,False,,22.855,29.4,21.01,33.58,"{""trend"":{""T1_ema_stack"":{""value"":[false,true,true],""score"":66.66666666666666},""T2_ema50_slope"":{""value"":1.2239677609331414,""score"":100},""T3_high_proximity"":{""value"":0.7803004438374872,""score"":0},""T4_rs_1m"":{""value"":0.6599016000868094,""score"":100},""T5_rs_3m"":{""value"":0.4555731127769944,""score"":100},""T6_adr_healthy"":{""value"":12.538763960320152,""score"":0.0},""_score"":71.67},""geometry"":{""sub_pole_impulse"":8.3,""sub_flag_tightness"":0,""sub_flag_shallowness"":0,""sub_flag_drift"":51.5,""sub_flag_duration"":25.0,""_score"":12.71},""compression"":{""VC1_atr_ratio"":{""value"":0.6840115272798841,""score"":78.99711818002896},""VC2_range_contraction"":{""value"":0.9447735722197349,""score"":9.204404630044182},""VC3_range_pct_rank"":{""score"":22.499999999999996},""_score"":40.45},""sr_quality"":{""SR1_touches"":{""value"":2,""score"":25.0},""SR2_tightness"":{""value"":0.23000000000000043,""score"":83.84288459705054},""SR3_recency"":{""value"":240,""score"":0.0},""SR4_price_location"":{""score"":30.0},""SR5_reaction"":{""value"":2.053007381092161,""score"":100},""_score"":42.58,""_levels_found"":4,""_target_level"":22.39},""volume"":{""V1_rvol_day"":{""value"":0.3733469071123283,""score"":0},""V2_rvol_sameslot"":{""value"":0.5692654308099763,""score"":4.617695387331752,""status"":""ok""},""V3_breakout_bar"":{""value"":0.48361863527096066,""score"":0},""V4_base_dryup"":{""value"":2.3076329365923907,""score"":0},""V5_bo_expansion"":{""value"":0.3733469071123284,""score"":0},""_score"":0.92},""readiness"":{""_distance_atr"":2.299,""BR1_atr_distance"":{""score"":0},""BR2_compression"":{""score"":0},""BR3_retest"":{""score"":50.0},""BR4_bo_age"":{""score"":50.0},""_score"":17.5},""risk"":{""R1_stop_clarity"":{""score"":77.52404750794068},""R2_stop_distance_pct"":{""value"":8.072413038722383,""score"":98.18967403194043},""R3_stop_distance_atr"":{""value"":0.6480232622319902,""score"":57.40116311159951},""R4_rr_potential"":{""value"":5.813165668446296,""score"":100.0},""_score"":85.2},""market"":{""M1_spy_regime"":{""score"":100.0},""M3_earnings_risk"":{""value"":null,""score"":80.0},""M4_vix"":{""value"":null,""score"":60.0},""_score"":84.0},""liquidity"":{""L1_price"":{""value"":22.855,""score"":100.0},""L2_dollar_vol"":{""value"":24862777.170636408,""score"":69.77748188406446},""L3_spread_proxy"":{""value"":0.11659155545832421,""score"":0},""L4_volume_zscore"":{""value"":-1.584742533213995,""score"":100.0},""_score"":77.91},""pattern_structure"":{""pole_low"":25.22,""pole_low_idx"":20,""peak_price"":29.4,""peak_idx"":33,""pole_gain"":0.16574147501982553,""flag_bars"":26,""flag_low"":21.33,""flag_high"":29.29,""structural_low"":21.33,""current_price"":22.96,""neckline_distance_pct"":0.2804878048780487,""base_bars"":26},""pattern_geometry_features"":{""pole_gain"":0.16574147501982553,""pullback_pct"":0.27448979591836736,""flag_range_pct"":0.27074829931972794,""flag_drift_per_bar"":-0.009699195926025188,""atr_pct"":0.12456980341907056,""pole_atr_multiple"":1.3305108499067595},""_schema_version"":""1.0""}",,,,,,,,,,
20260608T171746Z-5e850b,2026-06-08T17:17:46.036346+00:00,OKLO,bull_flag,absent,34.61,13.5,16.3,63.8,64.3,8.2,24.0,83.4,84.0,96.0,1.89,4.9,5.74,6.43,1.15,2.16,2.5,5.04,4.8,False,,59.545,73.805,55.7756,83.3258,"{""trend"":{""T1_ema_stack"":{""value"":[false,false,false],""score"":0.0},""T2_ema50_slope"":{""value"":-0.03834749595883959,""score"":43.608750673526735},""T3_high_proximity"":{""value"":0.7478648580758603,""score"":0},""T4_rs_1m"":{""value"":-0.18426045368053479,""score"":0},""T5_rs_3m"":{""value"":-0.12904537787214,""score"":0},""T6_adr_healthy"":{""value"":8.19722595221641,""score"":95.06935119458974},""_score"":13.48},""geometry"":{""sub_pole_impulse"":13.1,""sub_flag_tightness"":0,""sub_flag_shallowness"":0,""sub_flag_drift"":49.4,""sub_flag_duration"":50.0,""_score"":16.34},""compression"":{""VC1_atr_ratio"":{""value"":0.477002878437336,""score"":100},""VC2_range_contraction"":{""value"":1.0363319250857095,""score"":0},""VC3_range_pct_rank"":{""score"":95.0},""_score"":63.75},""sr_quality"":{""SR1_touches"":{""value"":5,""score"":100},""SR2_tightness"":{""value"":1.360574878498056,""score"":53.02032960917102},""SR3_recency"":{""value"":251,""score"":0.0},""SR4_price_location"":{""score"":47.144754316069104},""SR5_reaction"":{""value"":1.9477966620052136,""score"":97.38983310026069},""_score"":64.35,""_levels_found"":8,""_target_level"":62.331},""volume"":{""V1_rvol_day"":{""value"":0.3803905867743559,""score"":0},""V2_rvol_sameslot"":{""value"":0.45957824435040356,""score"":0,""status"":""ok""},""V3_breakout_bar"":{""value"":0.3900133811504607,""score"":0},""V4_base_dryup"":{""value"":1.0889415538660698,""score"":41.10584461339302},""V5_bo_expansion"":{""value"":0.380390586774356,""score"":0},""_score"":8.22},""readiness"":{""_distance_atr"":2.462,""BR1_atr_distance"":{""score"":0},""BR2_compression"":{""score"":25.85623636281535},""BR3_retest"":{""score"":50.0},""BR4_bo_age"":{""score"":50.0},""_score"":23.96},""risk"":{""R1_stop_clarity"":{""score"":70.67169314322491},""R2_stop_distance_pct"":{""value"":6.330296414476452,""score"":100.0},""R3_stop_distance_atr"":{""value"":0.6507690163841438,""score"":57.538450819207185},""R4_rr_potential"":{""value"":6.3089504228154505,""score"":100.0},""_score"":83.37},""market"":{""M1_spy_regime"":{""score"":100.0},""M3_earnings_risk"":{""value"":null,""score"":80.0},""M4_vix"":{""value"":null,""score"":60.0},""_score"":84.0},""liquidity"":{""L1_price"":{""value"":59.545,""score"":100.0},""L2_dollar_vol"":{""value"":347801671.1738342,""score"":100.0},""L3_spread_proxy"":{""value"":0.0394743471324208,""score"":60.5256528675792},""L4_volume_zscore"":{""value"":-1.8052408629494463,""score"":100.0},""_score"":96.05},""pattern_structure"":{""pole_low"":64.2842,""pole_low_idx"":21,""peak_price"":73.805,""peak_idx"":35,""pole_gain"":0.14810482202469671,""flag_bars"":24,""flag_low"":56.625,""flag_high"":73.62,""structural_low"":56.625,""current_price"":59.45,""neckline_distance_pct"":0.2414634146341464,""base_bars"":24},""pattern_geometry_features"":{""pole_gain"":0.14810482202469671,""pullback_pct"":0.23277555721157112,""flag_range_pct"":0.23026895196802388,""flag_drift_per_bar"":-0.010112813836983975,""atr_pct"":0.09727409042380913,""pole_atr_multiple"":1.5225516001170039},""_schema_version"":""1.0""}",,,,,,,,,,
20260608T171746Z-5e850b,2026-06-08T17:17:46.036346+00:00,NXE,bull_flag,absent,34.21,15.1,26.9,42.4,64.2,5.8,17.5,74.8,84.0,82.3,2.11,8.07,3.81,6.42,0.82,1.57,2.24,5.04,4.12,False,,10.4001,12.5,10.0815,14.215,"{""trend"":{""T1_ema_stack"":{""value"":[false,false,true],""score"":33.33333333333333},""T2_ema50_slope"":{""value"":-0.24762885321282144,""score"":8.728524464529755},""T3_high_proximity"":{""value"":0.7939007633587787,""score"":0},""T4_rs_1m"":{""value"":-0.17315893773809587,""score"":0},""T5_rs_3m"":{""value"":-0.27137573064508913,""score"":0},""T6_adr_healthy"":{""value"":4.795926877345242,""score"":100.0},""_score"":15.08},""geometry"":{""sub_pole_impulse"":44.2,""sub_flag_tightness"":0,""sub_flag_shallowness"":0,""sub_flag_drift"":57.7,""sub_flag_duration"":50.0,""_score"":26.91},""compression"":{""VC1_atr_ratio"":{""value"":0.7470621590720713,""score"":63.23446023198217},""VC2_range_contraction"":{""value"":1.2245614776133322,""score"":0},""VC3_range_pct_rank"":{""score"":68.33333333333333},""_score"":42.38},""sr_quality"":{""SR1_touches"":{""value"":4,""score"":75.0},""SR2_tightness"":{""value"":0.14579337262029438,""score"":51.172020078366565},""SR3_recency"":{""value"":235,""score"":0.0},""SR4_price_location"":{""score"":76.2034138562401},""SR5_reaction"":{""value"":2.3773742883115636,""score"":100},""_score"":64.23,""_levels_found"":6,""_target_level"":10.6015},""volume"":{""V1_rvol_day"":{""value"":0.3171959430995831,""score"":0},""V2_rvol_sameslot"":{""value"":0.5194234636170815,""score"":1.294897574472098,""status"":""ok""},""V3_breakout_bar"":{""value"":0.4241198174475666,""score"":0},""V4_base_dryup"":{""value"":1.2216264737685298,""score"":27.837352623147012},""V5_bo_expansion"":{""value"":0.3171959430995831,""score"":0},""_score"":5.83},""readiness"":{""_distance_atr"":3.516,""BR1_atr_distance"":{""score"":0},""BR2_compression"":{""score"":0},""BR3_retest"":{""score"":50.0},""BR4_bo_age"":{""score"":50.0},""_score"":17.5},""risk"":{""R1_stop_clarity"":{""score"":48.58260370317207},""R2_stop_distance_pct"":{""value"":3.0636724646878477,""score"":100.0},""R3_stop_distance_atr"":{""value"":0.5335570068417792,""score"":51.67785034208896},""R4_rr_potential"":{""value"":11.9730090231463,""score"":100.0},""_score"":74.76},""market"":{""M1_spy_regime"":{""score"":100.0},""M3_earnings_risk"":{""value"":null,""score"":80.0},""M4_vix"":{""value"":null,""score"":60.0},""_score"":84.0},""liquidity"":{""L1_price"":{""value"":10.4001,""score"":100.0},""L2_dollar_vol"":{""value"":20971419.096548837,""score"":66.0813909675873},""L3_spread_proxy"":{""value"":0.041095758694627976,""score"":58.904241305372025},""L4_volume_zscore"":{""value"":-2.4321534877675473,""score"":100.0},""_score"":82.32},""pattern_structure"":{""pole_low"":10.785,""pole_low_idx"":15,""peak_price"":12.5,""peak_idx"":35,""pole_gain"":0.1590171534538711,""flag_bars"":24,""flag_low"":10.235,""flag_high"":12.415,""structural_low"":10.235,""current_price"":10.405,""neckline_distance_pct"":0.201345506967804,""base_bars"":24},""pattern_geometry_features"":{""pole_gain"":0.1590171534538711,""pullback_pct"":0.18120000000000006,""flag_range_pct"":0.17439999999999997,""flag_drift_per_bar"":-0.008457890228360136,""atr_pct"":0.05741977755708394,""pole_atr_multiple"":2.7693794754914194},""_schema_version"":""1.0""}",,,,,,,,,,
20260608T171746Z-5e850b,2026-06-08T17:17:46.036346+00:00,LEU,bull_flag,absent,34.16,5.0,23.1,64.6,53.1,12.0,17.5,81.7,84.0,93.1,0.7,6.93,5.81,5.31,1.68,1.57,2.45,5.04,4.66,False,,165.5297,204.8,155.6399,236.6,"{""trend"":{""T1_ema_stack"":{""value"":[false,false,false],""score"":0.0},""T2_ema50_slope"":{""value"":-0.46586803200922755,""score"":0},""T3_high_proximity"":{""value"":0.7155874978384921,""score"":0},""T4_rs_1m"":{""value"":-0.21085790805674198,""score"":0},""T5_rs_3m"":{""value"":-0.24768250982007922,""score"":0},""T6_adr_healthy"":{""value"":6.819969663540751,""score"":100.0},""_score"":5.0},""geometry"":{""sub_pole_impulse"":33.3,""sub_flag_tightness"":0,""sub_flag_shallowness"":0,""sub_flag_drift"":54.1,""sub_flag_duration"":50.0,""_score"":23.1},""compression"":{""VC1_atr_ratio"":{""value"":0.5956369306021578,""score"":100},""VC2_range_contraction"":{""value"":1.0638530840621097,""score"":0},""VC3_range_pct_rank"":{""score"":98.33333333333333},""_score"":64.58},""sr_quality"":{""SR1_touches"":{""value"":8,""score"":100},""SR2_tightness"":{""value"":3.3574534620750938,""score"":48.548041318612164},""SR3_recency"":{""value"":234,""score"":0.0},""SR4_price_location"":{""score"":3.4183662380002984},""SR5_reaction"":{""value"":2.279835133620416,""score"":100},""_score"":53.14,""_levels_found"":7,""_target_level"":187.7475},""volume"":{""V1_rvol_day"":{""value"":0.43407581435007114,""score"":0},""V2_rvol_sameslot"":{""value"":0.6907180134364177,""score"":12.714534229094513,""status"":""ok""},""V3_breakout_bar"":{""value"":0.37575535100202334,""score"":0},""V4_base_dryup"":{""value"":1.0262852612648805,""score"":47.371473873511945},""V5_bo_expansion"":{""value"":0.43407581435007103,""score"":0},""_score"":12.02},""readiness"":{""_distance_atr"":3.009,""BR1_atr_distance"":{""score"":0},""BR2_compression"":{""score"":0},""BR3_retest"":{""score"":50.0},""BR4_bo_age"":{""score"":50.0},""_score"":17.5},""risk"":{""R1_stop_clarity"":{""score"":63.67814522996911},""R2_stop_distance_pct"":{""value"":5.974608484157217,""score"":100.0},""R3_stop_distance_atr"":{""value"":0.7577872505084506,""score"":62.889362525422534},""R4_rr_potential"":{""value"":7.186257410006724,""score"":100.0},""_score"":81.72},""market"":{""M1_spy_regime"":{""score"":100.0},""M3_earnings_risk"":{""value"":null,""score"":80.0},""M4_vix"":{""value"":null,""score"":60.0},""_score"":84.0},""liquidity"":{""L1_price"":{""value"":165.5297,""score"":100.0},""L2_dollar_vol"":{""value"":62519600.34751004,""score"":89.80080965783586},""L3_spread_proxy"":{""value"":0.028001017340090577,""score"":71.99898265990942},""L4_volume_zscore"":{""value"":-1.7741179923185575,""score"":100.0},""_score"":93.12},""pattern_structure"":{""pole_low"":173.0,""pole_low_idx"":27,""peak_price"":204.8,""peak_idx"":35,""pole_gain"":0.18381502890173418,""flag_bars"":24,""flag_low"":158.0101,""flag_high"":202.63,""structural_low"":158.0101,""current_price"":166.04,""neckline_distance_pct"":0.2334377258491931,""base_bars"":24},""pattern_geometry_features"":{""pole_gain"":0.18381502890173418,""pullback_pct"":0.22846630859375008,""flag_range_pct"":0.21787060546875,""flag_drift_per_bar"":-0.00918390984885781,""atr_pct"":0.07884282138751278,""pole_atr_multiple"":2.331411099537935},""_schema_version"":""1.0""}",,,,,,,,,,
20260608T171746Z-5e850b,2026-06-08T17:17:46.036346+00:00,UUUU,bull_flag,absent,33.84,13.3,14.2,63.5,61.8,14.6,17.5,81.9,84.0,94.2,1.87,4.25,5.71,6.18,2.05,1.57,2.46,5.04,4.71,False,,15.425,19.75,14.5681,22.24,"{""trend"":{""T1_ema_stack"":{""value"":[false,false,true],""score"":33.33333333333333},""T2_ema50_slope"":{""value"":-0.45794521738886546,""score"":0},""T3_high_proximity"":{""value"":0.6558248299319729,""score"":0},""T4_rs_1m"":{""value"":-0.3526320639034589,""score"":0},""T5_rs_3m"":{""value"":-0.3165726981375818,""score"":0},""T6_adr_healthy"":{""value"":7.065083680739456,""score"":100.0},""_score"":13.33},""geometry"":{""sub_pole_impulse"":16.9,""sub_flag_tightness"":0,""sub_flag_shallowness"":0,""sub_flag_drift"":35.7,""sub_flag_duration"":37.5,""_score"":14.18},""compression"":{""VC1_atr_ratio"":{""value"":0.5623476314216815,""score"":100},""VC2_range_contraction"":{""value"":0.972079370737823,""score"":4.65343821036283},""VC3_range_pct_rank"":{""score"":87.5},""_score"":63.5},""sr_quality"":{""SR1_touches"":{""value"":3,""score"":50.0},""SR2_tightness"":{""value"":0.16336734339790407,""score"":75.40497997549839},""SR3_recency"":{""value"":237,""score"":0.0},""SR4_price_location"":{""score"":81.8963135689684},""SR5_reaction"":{""value"":2.490354647650573,""score"":100},""_score"":61.78,""_levels_found"":4,""_target_level"":16.2267},""volume"":{""V1_rvol_day"":{""value"":0.5442231316887264,""score"":2.948208779248425},""V2_rvol_sameslot"":{""value"":0.9746650041484146,""score"":31.64433360989431,""status"":""ok""},""V3_breakout_bar"":{""value"":0.5397426484805306,""score"":2.6495098987020365},""V4_base_dryup"":{""value"":1.1468700651001849,""score"":35.31299348998151},""V5_bo_expansion"":{""value"":0.5442231316887266,""score"":0},""_score"":14.64},""readiness"":{""_distance_atr"":3.256,""BR1_atr_distance"":{""score"":0},""BR2_compression"":{""score"":0},""BR3_retest"":{""score"":50.0},""BR4_bo_age"":{""score"":50.0},""_score"":17.5},""risk"":{""R1_stop_clarity"":{""score"":66.60039222682443},""R2_stop_distance_pct"":{""value"":5.554943273906006,""score"":100.0},""R3_stop_distance_atr"":{""value"":0.6449955808078782,""score"":57.24977904039391},""R4_rr_potential"":{""value"":7.953550796522129,""score"":100.0},""_score"":81.9},""market"":{""M1_spy_regime"":{""score"":100.0},""M3_earnings_risk"":{""value"":null,""score"":80.0},""M4_vix"":{""value"":null,""score"":60.0},""_score"":84.0},""liquidity"":{""L1_price"":{""value"":15.425,""score"":100.0},""L2_dollar_vol"":{""value"":88599091.67757402,""score"":97.37146347503001},""L3_spread_proxy"":{""value"":0.047656401944894594,""score"":52.3435980551054},""L4_volume_zscore"":{""value"":-1.022673819558341,""score"":100.0},""_score"":94.18},""pattern_structure"":{""pole_low"":17.26,""pole_low_idx"":27,""peak_price"":19.75,""peak_idx"":34,""pole_gain"":0.14426419466975657,""flag_bars"":25,""flag_low"":14.79,""flag_high"":19.75,""structural_low"":14.79,""current_price"":15.435,""neckline_distance_pct"":0.2795594428247489,""base_bars"":25},""pattern_geometry_features"":{""pole_gain"":0.14426419466975657,""pullback_pct"":0.25113924050632913,""flag_range_pct"":0.25113924050632913,""flag_drift_per_bar"":-0.012860272607211357,""atr_pct"":0.08612374160685343,""pole_atr_multiple"":1.675080436336692},""_schema_version"":""1.0""}",,,,,,,,,,
20260608T171746Z-5e850b,2026-06-08T17:17:46.036346+00:00,NOC,double_bottom,absent,33.4,5.3,23.5,40.5,41.4,21.7,17.5,62.9,84.0,93.2,0.79,5.87,3.24,5.79,2.82,1.4,3.77,5.04,4.66,True,risk_unclear,532.8,562.7,518.6715,598.83,"{""trend"":{""T1_ema_stack"":{""value"":[false,false,false],""score"":0.0},""T2_ema50_slope"":{""value"":-0.4537559195397906,""score"":0},""T3_high_proximity"":{""value"":0.7236180904522613,""score"":0},""T4_rs_1m"":{""value"":-0.0484861307218607,""score"":1.5138692781393033},""T5_rs_3m"":{""value"":-0.3799401018233991,""score"":0},""T6_adr_healthy"":{""value"":2.0083561558895773,""score"":100.0},""_score"":5.3},""geometry"":{""sub_low_similarity"":14.7,""sub_bounce_quality"":55.2,""sub_separation_fit"":0.0,""sub_right_bottom_reaction"":13.6,""sub_base_context"":30.0,""_score"":23.49},""compression"":{""VC1_atr_ratio"":{""value"":0.6698614355005676,""score"":82.53464112485808},""VC2_range_contraction"":{""value"":1.0593656757948828,""score"":0},""VC3_range_pct_rank"":{""score"":30.000000000000004},""_score"":40.51},""sr_quality"":{""SR1_touches"":{""value"":2,""score"":25.0},""SR2_tightness"":{""value"":0.285000000000025,""score"":95.07102845647175},""SR3_recency"":{""value"":230,""score"":0.0},""SR4_price_location"":{""score"":18.503346821091398},""SR5_reaction"":{""value"":4.865846118496674,""score"":100},""_score"":41.39,""_levels_found"":3,""_target_level"":564.215},""volume"":{""V1_rvol_day"":{""value"":0.3076902459135446,""score"":0},""V2_rvol_sameslot"":{""value"":1.1044915275397644,""score"":40.299435169317626,""status"":""ok""},""V3_breakout_bar"":{""value"":0.6360679768909474,""score"":9.071198459396495},""V4_base_dryup"":{""value"":0.9304558577426765,""score"":56.95441422573235},""V5_bo_expansion"":{""value"":0.3076902459135446,""score"":0},""_score"":21.72},""readiness"":{""_distance_atr"":2.586,""BR1_atr_distance"":{""score"":0},""BR2_compression"":{""score"":0},""BR3_retest"":{""score"":50.0},""BR4_bo_age"":{""score"":50.0},""_score"":17.5},""risk"":{""R1_stop_clarity"":{""score"":0},""R2_stop_distance_pct"":{""value"":2.6517548798798622,""score"":100.0},""R3_stop_distance_atr"":{""value"":1.221740717566834,""score"":86.0870358783417},""R4_rr_potential"":{""value"":4.6735156827841875,""score"":100.0},""_score"":62.91},""market"":{""M1_spy_regime"":{""score"":100.0},""M3_earnings_risk"":{""value"":null,""score"":80.0},""M4_vix"":{""value"":null,""score"":60.0},""_score"":84.0},""liquidity"":{""L1_price"":{""value"":532.8,""score"":83.60000000000002},""L2_dollar_vol"":{""value"":147789514.326888,""score"":100.0},""L3_spread_proxy"":{""value"":0.026801614114114112,""score"":73.19838588588588},""L4_volume_zscore"":{""value"":-1.58253696563357,""score"":100.0},""_score"":93.22},""pattern_structure"":{""left_low"":549.52,""left_idx"":16,""right_low"":526.57,""right_idx"":64,""separation_bars"":48,""structural_low"":526.57,""current_price"":533.02,""neckline_distance_pct"":0.05568271359423674,""base_bars"":48},""pattern_geometry_features"":{""low_similarity_pct"":0.04265442481576807,""bounce_pct"":0.06861385950585866,""right_bottom_reaction"":0.13605442176868784,""atr_pct"":0.021704727048477052},""_schema_version"":""1.0""}",,,,,,,,,,
20260608T171746Z-5e850b,2026-06-08T17:17:46.036346+00:00,INTU,bull_flag,absent,30.48,5.0,23.2,48.6,45.1,0.8,17.5,81.1,84.0,95.9,0.7,6.95,4.37,4.51,0.11,1.57,2.43,5.04,4.79,False,,302.74,363.175,286.8714,425.85,"{""trend"":{""T1_ema_stack"":{""value"":[false,false,false],""score"":0.0},""T2_ema50_slope"":{""value"":-0.7767808655302196,""score"":0},""T3_high_proximity"":{""value"":0.6591621668698834,""score"":0},""T4_rs_1m"":{""value"":-0.26899642250061184,""score"":0},""T5_rs_3m"":{""value"":-0.45373166975401547,""score"":0},""T6_adr_healthy"":{""value"":4.676359049046501,""score"":100.0},""_score"":5.0},""geometry"":{""sub_pole_impulse"":39.7,""sub_flag_tightness"":0,""sub_flag_shallowness"":0,""sub_flag_drift"":75.1,""sub_flag_duration"":0.0,""_score"":23.17},""compression"":{""VC1_atr_ratio"":{""value"":0.6266008525585057,""score"":93.34978686037357},""VC2_range_contraction"":{""value"":1.2805870434279842,""score"":0},""VC3_range_pct_rank"":{""score"":44.99999999999999},""_score"":48.59},""sr_quality"":{""SR1_touches"":{""value"":2,""score"":25.0},""SR2_tightness"":{""value"":3.447499999999991,""score"":71.76049459067058},""SR3_recency"":{""value"":264,""score"":0.0},""SR4_price_location"":{""score"":47.39649780985125},""SR5_reaction"":{""value"":2.939140691714296,""score"":100},""_score"":45.11,""_levels_found"":6,""_target_level"":345.5525},""volume"":{""V1_rvol_day"":{""value"":0.36519079714243297,""score"":0},""V2_rvol_sameslot"":{""value"":0.557326878684938,""score"":3.8217919123292012,""status"":""ok""},""V3_breakout_bar"":{""value"":0.4196456615434268,""score"":0},""V4_base_dryup"":{""value"":1.6100889953534232,""score"":0},""V5_bo_expansion"":{""value"":0.36519079714243297,""score"":0},""_score"":0.76},""readiness"":{""_distance_atr"":2.475,""BR1_atr_distance"":{""score"":0},""BR2_compression"":{""score"":0},""BR3_retest"":{""score"":50.0},""BR4_bo_age"":{""score"":50.0},""_score"":17.5},""risk"":{""R1_stop_clarity"":{""score"":64.21548851886955},""R2_stop_distance_pct"":{""value"":5.241659509810403,""score"":100.0},""R3_stop_distance_atr"":{""value"":0.6499222850449403,""score"":57.49611425224701},""R4_rr_potential"":{""value"":7.7580883001651,""score"":100.0},""_score"":81.1},""market"":{""M1_spy_regime"":{""score"":100.0},""M3_earnings_risk"":{""value"":null,""score"":80.0},""M4_vix"":{""value"":null,""score"":60.0},""_score"":84.0},""liquidity"":{""L1_price"":{""value"":302.74,""score"":100.0},""L2_dollar_vol"":{""value"":723159333.4010599,""score"":100.0},""L3_spread_proxy"":{""value"":0.04142168197132841,""score"":58.57831802867159},""L4_volume_zscore"":{""value"":-0.8790184380757552,""score"":100.0},""_score"":95.86},""pattern_structure"":{""pole_low"":300.5,""pole_low_idx"":9,""peak_price"":363.175,""peak_idx"":30,""pole_gain"":0.20856905158069888,""flag_bars"":29,""flag_low"":291.24,""flag_high"":357.86,""structural_low"":291.24,""current_price"":302.42,""neckline_distance_pct"":0.2008961047549765,""base_bars"":29},""pattern_geometry_features"":{""pole_gain"":0.20856905158069888,""pullback_pct"":0.19807255455358988,""flag_range_pct"":0.18343773662834723,""flag_drift_per_bar"":-0.00497522969882033,""atr_pct"":0.0806505582347889,""pole_atr_multiple"":2.5860831734544885},""_schema_version"":""1.0""}",,,,,,,,,,
20260608T171746Z-5e850b,2026-06-08T17:17:46.036346+00:00,CRM,ascending_triangle,breakout_failed,0.0,21.6,0.0,34.6,59.2,0.0,0.0,0.0,84.0,98.2,0.0,0.0,0.0,0.0,0.0,0.0,0.0,0.0,0.0,False,,182.45,183.92,169.0753,,"{""_source"":""active_monitor"",""_prior_state"":""breakout_confirmed"",""_schema_version"":""1.0""}",active_monitor_event,,,,,,,,,
20260608T171746Z-5e850b,2026-06-08T17:17:46.036346+00:00,NOC,breakout_retest_hold,invalidated,0.0,5.3,0.0,40.5,41.4,0.0,0.0,0.0,84.0,93.2,0.0,0.0,0.0,0.0,0.0,0.0,0.0,0.0,0.0,False,,532.8,536.98,534.7633,,"{""_source"":""active_monitor"",""_prior_state"":""setup"",""_schema_version"":""1.0""}",active_monitor_event,,,,,,,,,
