run_id,asof,ticker,pattern,pattern_state,final_score,trend,geometry,compression,sr_quality,volume,readiness,risk,market,liquidity,comp_trend,comp_geometry,comp_compression,comp_sr,comp_volume,comp_readiness,comp_risk,comp_market,comp_liquidity,veto_triggered,veto_reasons,price,trigger,invalid_below,measured_move_target,features_json,note,ret_1h,ret_eod,ret_1d,ret_3d,ret_5d,max_dd_5d,max_fav_5d,touched_invalid_5d,post_hoc_tag
20260513T161427Z-28c0e1,2026-05-13T16:14:27.317311+00:00,LRCX,double_bottom,candidate,64.96,90.9,88.1,54.0,41.8,15.1,43.5,63.4,84.0,97.0,13.63,22.02,4.32,5.85,1.97,3.48,3.81,5.04,4.85,False,,292.85,300.0,270.8257,325.05,"{""trend"":{""T1_ema_stack"":{""value"":[true,true,true],""score"":100.0},""T2_ema50_slope"":{""value"":0.38963102223368173,""score"":100},""T3_high_proximity"":{""value"":0.9854628663727832,""score"":92.7314331863916},""T4_rs_1m"":{""value"":0.00978901765563256,""score"":59.78901765563256},""T5_rs_3m"":{""value"":0.1764406060797148,""score"":100},""T6_adr_healthy"":{""value"":3.8503135433535167,""score"":100.0},""_score"":90.87},""geometry"":{""sub_low_similarity"":79.6,""sub_bounce_quality"":87.3,""sub_separation_fit"":100.0,""sub_right_bottom_reaction"":78.2,""sub_base_context"":100.0,""_score"":88.07},""compression"":{""VC1_atr_ratio"":{""value"":0.650230735984452,""score"":87.44231600388699},""VC2_range_contraction"":{""value"":0.9991924967620466,""score"":0.134583872992237},""VC3_range_pct_rank"":{""score"":75.83333333333333},""_score"":53.98},""sr_quality"":{""SR1_touches"":{""value"":2,""score"":25.0},""SR2_tightness"":{""value"":1.1699999999999875,""score"":82.82208588957074},""SR3_recency"":{""value"":236,""score"":0.0},""SR4_price_location"":{""score"":30.0},""SR5_reaction"":{""value"":1.9182004089979539,""score"":95.91002044989769},""_score"":41.81,""_levels_found"":8,""_target_level"":274.67},""volume"":{""V1_rvol_day"":{""value"":0.23475894456041288,""score"":0},""V2_rvol_sameslot"":{""value"":0.47913369771167713,""score"":0,""status"":""ok""},""V3_breakout_bar"":{""value"":0.6075119471765017,""score"":7.167463145100113},""V4_base_dryup"":{""value"":0.8330170689753905,""score"":66.69829310246095},""V5_bo_expansion"":{""value"":0.23475894456041288,""score"":0},""_score"":15.13},""readiness"":{""_distance_atr"":0.525,""BR1_atr_distance"":{""score"":65.00795273801421},""BR2_compression"":{""score"":0},""BR3_retest"":{""score"":50.0},""BR4_bo_age"":{""score"":50.0},""_score"":43.5},""risk"":{""R1_stop_clarity"":{""score"":39.44785276073597},""R2_stop_distance_pct"":{""value"":7.520659040464419,""score"":100.0},""R3_stop_distance_atr"":{""value"":1.616797755754814,""score"":100.0},""R4_rr_potential"":{""value"":1.462024813557779,""score"":23.101240677888946},""_score"":63.43},""market"":{""M1_spy_regime"":{""score"":100.0},""M3_earnings_risk"":{""value"":null,""score"":80.0},""M4_vix"":{""value"":null,""score"":60.0},""_score"":84.0},""liquidity"":{""L1_price"":{""value"":292.85,""score"":100.0},""L2_dollar_vol"":{""value"":633917813.7706628,""score"":100.0},""L3_spread_proxy"":{""value"":0.029810483182516705,""score"":70.1895168174833},""L4_volume_zscore"":{""value"":-2.5940157173774807,""score"":100.0},""_score"":97.02},""pattern_structure"":{""left_low"":274.95,""left_idx"":47,""right_low"":277.77,""right_idx"":75,""separation_bars"":28,""structural_low"":274.95,""current_price"":291.95,""neckline_distance_pct"":0.027573214591539687,""base_bars"":28},""pattern_geometry_features"":{""low_similarity_pct"":0.010204081632653036,""bounce_pct"":0.09110747408619753,""right_bottom_reaction"":0.7821782178217834,""atr_pct"":0.04651576867728483},""_schema_version"":""1.0""}",,,,,,,,,,
20260513T161427Z-28c0e1,2026-05-13T16:14:27.317311+00:00,DELL,double_bottom,breakout_failed,64.43,94.5,96.7,11.5,45.0,16.5,26.2,79.9,84.0,96.0,14.17,24.16,0.92,6.3,2.15,2.1,4.8,5.04,4.8,False,,241.195,263.99,224.58,299.98,"{""trend"":{""T1_ema_stack"":{""value"":[true,true,true],""score"":100.0},""T2_ema50_slope"":{""value"":0.7388545574844646,""score"":100},""T3_high_proximity"":{""value"":0.926034707824618,""score"":63.017353912309005},""T4_rs_1m"":{""value"":0.24197418240147828,""score"":100},""T5_rs_3m"":{""value"":0.8735207793318904,""score"":100},""T6_adr_healthy"":{""value"":4.809175336118124,""score"":100.0},""_score"":94.45},""geometry"":{""sub_low_similarity"":95.6,""sub_bounce_quality"":100,""sub_separation_fit"":100.0,""sub_right_bottom_reaction"":86.5,""sub_base_context"":100.0,""_score"":96.65},""compression"":{""VC1_atr_ratio"":{""value"":1.0579100742183285,""score"":0},""VC2_range_contraction"":{""value"":1.297038372627838,""score"":0},""VC3_range_pct_rank"":{""score"":45.833333333333336},""_score"":11.46},""sr_quality"":{""SR1_touches"":{""value"":3,""score"":50.0},""SR2_tightness"":{""value"":1.6757684804292081,""score"":74.217487334713},""SR3_recency"":{""value"":253,""score"":0.0},""SR4_price_location"":{""score"":30.0},""SR5_reaction"":{""value"":1.5175192149152756,""score"":75.87596074576378},""_score"":45.01,""_levels_found"":4,""_target_level"":155.63},""volume"":{""V1_rvol_day"":{""value"":0.29150126982356134,""score"":0},""V2_rvol_sameslot"":{""value"":0.5669579107256175,""score"":4.463860715041168,""status"":""ok""},""V3_breakout_bar"":{""value"":0.5003579821458083,""score"":0.023865476387219253},""V4_base_dryup"":{""value"":0.7181189497666601,""score"":78.18810502333399},""V5_bo_expansion"":{""value"":0.29150126982356134,""score"":0},""_score"":16.54},""readiness"":{""_distance_atr"":1.754,""BR1_atr_distance"":{""score"":0},""BR2_compression"":{""score"":34.74207466858875},""BR3_retest"":{""score"":50.0},""BR4_bo_age"":{""score"":50.0},""_score"":26.19},""risk"":{""R1_stop_clarity"":{""score"":47.381637532233725},""R2_stop_distance_pct"":{""value"":6.888617094052534,""score"":100.0},""R3_stop_distance_atr"":{""value"":1.278149257897563,""score"":88.90746289487815},""R4_rr_potential"":{""value"":3.538068010833584,""score"":100.0},""_score"":79.92},""market"":{""M1_spy_regime"":{""score"":100.0},""M3_earnings_risk"":{""value"":null,""score"":80.0},""M4_vix"":{""value"":null,""score"":60.0},""_score"":84.0},""liquidity"":{""L1_price"":{""value"":241.195,""score"":100.0},""L2_dollar_vol"":{""value"":442914470.0777811,""score"":100.0},""L3_spread_proxy"":{""value"":0.0399257861895976,""score"":60.0742138104024},""L4_volume_zscore"":{""value"":-1.506263816734337,""score"":100.0},""_score"":96.01},""pattern_structure"":{""left_low"":228.0,""left_idx"":57,""right_low"":228.5,""right_idx"":75,""separation_bars"":18,""structural_low"":228.0,""current_price"":241.22,""neckline_distance_pct"":0.09439515794710228,""base_bars"":18},""pattern_geometry_features"":{""low_similarity_pct"":0.002190580503833516,""bounce_pct"":0.1578508771929825,""right_bottom_reaction"":0.8648148148148116,""atr_pct"":0.053895247769291596},""_schema_version"":""1.0""}",,,,,,,,,,
20260513T161427Z-28c0e1,2026-05-13T16:14:27.317311+00:00,ORCL,double_bottom,candidate,64.41,88.6,89.7,57.1,40.0,16.9,23.6,76.2,84.0,96.7,13.29,22.42,4.57,5.61,2.2,1.89,4.57,5.04,4.83,False,,187.905,200.15,176.315,221.3,"{""trend"":{""T1_ema_stack"":{""value"":[true,true,false],""score"":66.66666666666666},""T2_ema50_slope"":{""value"":0.33223104299381195,""score"":100},""T3_high_proximity"":{""value"":0.9589436080632815,""score"":79.47180403164073},""T4_rs_1m"":{""value"":0.08754647252956738,""score"":100},""T5_rs_3m"":{""value"":0.12653506946696846,""score"":100},""T6_adr_healthy"":{""value"":4.305701432325713,""score"":100.0},""_score"":88.59},""geometry"":{""sub_low_similarity"":79.2,""sub_bounce_quality"":100,""sub_separation_fit"":80.0,""sub_right_bottom_reaction"":92.8,""sub_base_context"":100.0,""_score"":89.68},""compression"":{""VC1_atr_ratio"":{""value"":0.6158304320984438,""score"":96.04239197538905},""VC2_range_contraction"":{""value"":0.9797749375399742,""score"":3.370843743337626},""VC3_range_pct_rank"":{""score"":70.0},""_score"":57.1},""sr_quality"":{""SR1_touches"":{""value"":3,""score"":50.0},""SR2_tightness"":{""value"":0.6800833298615336,""score"":84.64945700389687},""SR3_recency"":{""value"":227,""score"":0.0},""SR4_price_location"":{""score"":9.439532881333633},""SR5_reaction"":{""value"":1.330587932759316,""score"":66.5293966379658},""_score"":40.04,""_levels_found"":6,""_target_level"":200.7366},""volume"":{""V1_rvol_day"":{""value"":0.2526541836082305,""score"":0},""V2_rvol_sameslot"":{""value"":0.5099522431806407,""score"":0.6634828787093798,""status"":""ok""},""V3_breakout_bar"":{""value"":0.8979503961094164,""score"":26.53002640729443},""V4_base_dryup"":{""value"":0.9922504825195503,""score"":50.77495174804497},""V5_bo_expansion"":{""value"":0.2526541836082305,""score"":0},""_score"":16.92},""readiness"":{""_distance_atr"":1.382,""BR1_atr_distance"":{""score"":7.870408064281619},""BR2_compression"":{""score"":11.813828144346914},""BR3_retest"":{""score"":50.0},""BR4_bo_age"":{""score"":50.0},""_score"":23.6},""risk"":{""R1_stop_clarity"":{""score"":39.395356223584166},""R2_stop_distance_pct"":{""value"":6.168010430802801,""score"":100.0},""R3_stop_distance_atr"":{""value"":1.3080220137218979,""score"":90.40110068609489},""R4_rr_potential"":{""value"":2.881363244176014,""score"":94.0681622088007},""_score"":76.16},""market"":{""M1_spy_regime"":{""score"":100.0},""M3_earnings_risk"":{""value"":null,""score"":80.0},""M4_vix"":{""value"":null,""score"":60.0},""_score"":84.0},""liquidity"":{""L1_price"":{""value"":187.905,""score"":100.0},""L2_dollar_vol"":{""value"":1338919718.0675201,""score"":100.0},""L3_spread_proxy"":{""value"":0.033208270136505194,""score"":66.79172986349481},""L4_volume_zscore"":{""value"":-2.141183396655803,""score"":100.0},""_score"":96.68},""pattern_structure"":{""left_low"":179.0,""left_idx"":42,""right_low"":180.8701,""right_idx"":75,""separation_bars"":33,""structural_low"":179.0,""current_price"":189.165,""neckline_distance_pct"":0.05807099622023109,""base_bars"":33},""pattern_geometry_features"":{""low_similarity_pct"":0.010393194655516021,""bounce_pct"":0.11815642458100561,""right_bottom_reaction"":0.9280549660059653,""atr_pct"":0.047155249423150754},""_schema_version"":""1.0""}",,,,,,,,,,
20260513T161427Z-28c0e1,2026-05-13T16:14:27.317311+00:00,AMAT,double_bottom,candidate,63.5,91.2,79.8,35.3,57.5,20.4,29.6,69.0,84.0,96.3,13.67,19.95,2.83,8.04,2.66,2.36,4.14,5.04,4.82,False,,428.71,448.45,399.9198,490.89,"{""trend"":{""T1_ema_stack"":{""value"":[true,true,true],""score"":100.0},""T2_ema50_slope"":{""value"":0.3514879645620654,""score"":100},""T3_high_proximity"":{""value"":0.9663901537351787,""score"":83.19507686758931},""T4_rs_1m"":{""value"":0.01834114984978119,""score"":68.34114984978119},""T5_rs_3m"":{""value"":0.19226336028678181,""score"":100},""T6_adr_healthy"":{""value"":3.3227287323233363,""score"":100.0},""_score"":91.15},""geometry"":{""sub_low_similarity"":48.7,""sub_bounce_quality"":100,""sub_separation_fit"":100.0,""sub_right_bottom_reaction"":67.8,""sub_base_context"":100.0,""_score"":79.78},""compression"":{""VC1_atr_ratio"":{""value"":0.7549893884545082,""score"":61.252652886372935},""VC2_range_contraction"":{""value"":1.2370947451527776,""score"":0},""VC3_range_pct_rank"":{""score"":43.333333333333336},""_score"":35.33},""sr_quality"":{""SR1_touches"":{""value"":4,""score"":75.0},""SR2_tightness"":{""value"":1.5960028195463891,""score"":83.05439097566808},""SR3_recency"":{""value"":233,""score"":0.0},""SR4_price_location"":{""score"":30.0},""SR5_reaction"":{""value"":2.231008650253985,""score"":100},""_score"":57.46,""_levels_found"":5,""_target_level"":378.265},""volume"":{""V1_rvol_day"":{""value"":0.3476780122798868,""score"":0},""V2_rvol_sameslot"":{""value"":0.919000307598416,""score"":27.933353839894398,""status"":""ok""},""V3_breakout_bar"":{""value"":0.7378832469817269,""score"":15.858883132115128},""V4_base_dryup"":{""value"":0.9563072927525766,""score"":54.369270724742336},""V5_bo_expansion"":{""value"":0.3476780122798868,""score"":0},""_score"":20.43},""readiness"":{""_distance_atr"":1.048,""BR1_atr_distance"":{""score"":30.136647620838886},""BR2_compression"":{""score"":0},""BR3_retest"":{""score"":50.0},""BR4_bo_age"":{""score"":50.0},""_score"":29.55},""risk"":{""R1_stop_clarity"":{""score"":35.33764506201406},""R2_stop_distance_pct"":{""value"":6.715530311865827,""score"":100.0},""R3_stop_distance_atr"":{""value"":1.5284015155766744,""score"":100.0},""R4_rr_potential"":{""value"":2.159766447899717,""score"":57.98832239498586},""_score"":68.97},""market"":{""M1_spy_regime"":{""score"":100.0},""M3_earnings_risk"":{""value"":null,""score"":80.0},""M4_vix"":{""value"":null,""score"":60.0},""_score"":84.0},""liquidity"":{""L1_price"":{""value"":428.71,""score"":100.0},""L2_dollar_vol"":{""value"":918278257.1630989,""score"":100.0},""L3_spread_proxy"":{""value"":0.036598166592801656,""score"":63.401833407198346},""L4_volume_zscore"":{""value"":-2.040660214831687,""score"":100.0},""_score"":96.34},""pattern_structure"":{""left_low"":406.01,""left_idx"":56,""right_low"":416.56,""right_idx"":75,""separation_bars"":19,""structural_low"":406.01,""current_price"":428.39,""neckline_distance_pct"":0.04682648988071618,""base_bars"":19},""pattern_geometry_features"":{""low_similarity_pct"":0.02565131235031672,""bounce_pct"":0.10452944508755942,""right_bottom_reaction"":0.6778975741239841,""atr_pct"":0.043938259962612115},""_schema_version"":""1.0""}",,,,,,,,,,
20260513T161427Z-28c0e1,2026-05-13T16:14:27.317311+00:00,MRVL,double_bottom,candidate,62.63,100.0,78.1,29.0,37.7,30.1,55.6,41.3,84.0,92.3,15.0,19.53,2.32,5.27,3.92,4.44,2.48,5.04,4.62,False,,175.02,175.8,155.591,193.6396,"{""trend"":{""T1_ema_stack"":{""value"":[true,true,true],""score"":100.0},""T2_ema50_slope"":{""value"":1.0333071756953909,""score"":100},""T3_high_proximity"":{""value"":1.0,""score"":99.99999999999997},""T4_rs_1m"":{""value"":0.24253358648101853,""score"":100},""T5_rs_3m"":{""value"":1.0826152870968027,""score"":100},""T6_adr_healthy"":{""value"":5.5828104458219885,""score"":100.0},""_score"":100.0},""geometry"":{""sub_low_similarity"":83.6,""sub_bounce_quality"":100,""sub_separation_fit"":0.0,""sub_right_bottom_reaction"":87.0,""sub_base_context"":100.0,""_score"":78.13},""compression"":{""VC1_atr_ratio"":{""value"":0.7285797054642315,""score"":67.85507363394213},""VC2_range_contraction"":{""value"":1.1402260404382996,""score"":0},""VC3_range_pct_rank"":{""score"":7.499999999999996},""_score"":29.02},""sr_quality"":{""SR1_touches"":{""value"":2,""score"":25.0},""SR2_tightness"":{""value"":2.480000000000004,""score"":53.83592607366037},""SR3_recency"":{""value"":228,""score"":0.0},""SR4_price_location"":{""score"":30.0},""SR5_reaction"":{""value"":1.9465975269246116,""score"":97.32987634623058},""_score"":37.67,""_levels_found"":5,""_target_level"":173.32},""volume"":{""V1_rvol_day"":{""value"":0.7649976906078854,""score"":17.666512707192357},""V2_rvol_sameslot"":{""value"":1.313691241433115,""score"":54.24608276220767,""status"":""ok""},""V3_breakout_bar"":{""value"":1.356826225196651,""score"":57.121748346443404},""V4_base_dryup"":{""value"":1.426736366509575,""score"":7.326363349042509},""V5_bo_expansion"":{""value"":0.7649976906078854,""score"":0},""_score"":30.13},""readiness"":{""_distance_atr"":0.073,""BR1_atr_distance"":{""score"":95.16021805610956},""BR2_compression"":{""score"":0},""BR3_retest"":{""score"":50.0},""BR4_bo_age"":{""score"":50.0},""_score"":55.56},""risk"":{""R1_stop_clarity"":{""score"":55.89458316713208},""R2_stop_distance_pct"":{""value"":11.101020454805173,""score"":22.47448862987067},""R3_stop_distance_atr"":{""value"":1.8083106235872897,""score"":100.0},""R4_rr_potential"":{""value"":0.9583403288876439,""score"":0.0},""_score"":41.31},""market"":{""M1_spy_regime"":{""score"":100.0},""M3_earnings_risk"":{""value"":null,""score"":80.0},""M4_vix"":{""value"":null,""score"":60.0},""_score"":84.0},""liquidity"":{""L1_price"":{""value"":175.02,""score"":100.0},""L2_dollar_vol"":{""value"":3359108730.963597,""score"":100.0},""L3_spread_proxy"":{""value"":0.07656267855102276,""score"":23.43732144897723},""L4_volume_zscore"":{""value"":-0.8187658529162581,""score"":100.0},""_score"":92.34},""pattern_structure"":{""left_low"":159.26,""left_idx"":30,""right_low"":157.9604,""right_idx"":75,""separation_bars"":45,""structural_low"":157.9604,""current_price"":176.91,""neckline_distance_pct"":-0.006274376801763525,""base_bars"":45},""pattern_geometry_features"":{""low_similarity_pct"":0.008193672285893329,""bounce_pct"":0.1129371665303457,""right_bottom_reaction"":0.8704190392758102,""atr_pct"":0.06138890249277636},""_schema_version"":""1.0""}",,,,,,,,,,
20260513T161427Z-28c0e1,2026-05-13T16:14:27.317311+00:00,NNE,double_bottom,candidate,61.61,68.0,90.7,53.0,46.4,7.7,36.1,83.8,84.0,81.1,10.19,22.66,4.24,6.5,1.0,2.89,5.03,5.04,4.05,False,,27.04,29.73,25.1175,33.96,"{""trend"":{""T1_ema_stack"":{""value"":[true,true,false],""score"":66.66666666666666},""T2_ema50_slope"":{""value"":0.08610214565911811,""score"":64.35035760985302},""T3_high_proximity"":{""value"":0.9301685586515307,""score"":65.08427932576532},""T4_rs_1m"":{""value"":0.08441492543220086,""score"":100},""T5_rs_3m"":{""value"":-0.03545444549392385,""score"":32.27277725303807},""T6_adr_healthy"":{""value"":8.955241837347188,""score"":76.1189540663203},""_score"":67.95},""geometry"":{""sub_low_similarity"":70.4,""sub_bounce_quality"":100,""sub_separation_fit"":100.0,""sub_right_bottom_reaction"":96.9,""sub_base_context"":100.0,""_score"":90.66},""compression"":{""VC1_atr_ratio"":{""value"":0.6884256176269201,""score"":77.89359559326996},""VC2_range_contraction"":{""value"":1.046196853747947,""score"":0},""VC3_range_pct_rank"":{""score"":87.5},""_score"":53.03},""sr_quality"":{""SR1_touches"":{""value"":2,""score"":25.0},""SR2_tightness"":{""value"":0.02999999999999936,""score"":97.5794390638193},""SR3_recency"":{""value"":237,""score"":0.0},""SR4_price_location"":{""score"":37.15710723192016},""SR5_reaction"":{""value"":2.5758802629190227,""score"":100},""_score"":46.43,""_levels_found"":4,""_target_level"":28.3},""volume"":{""V1_rvol_day"":{""value"":0.30778384985057045,""score"":0},""V2_rvol_sameslot"":{""value"":0.5294789512650451,""score"":1.9652634176696715,""status"":""ok""},""V3_breakout_bar"":{""value"":0.6166463094606888,""score"":7.776420630712584},""V4_base_dryup"":{""value"":1.2326044065748827,""score"":26.739559342511726},""V5_bo_expansion"":{""value"":0.30778384985057045,""score"":0},""_score"":7.69},""readiness"":{""_distance_atr"":1.085,""BR1_atr_distance"":{""score"":27.652123129708443},""BR2_compression"":{""score"":30.204212884385278},""BR3_retest"":{""score"":50.0},""BR4_bo_age"":{""score"":50.0},""_score"":36.11},""risk"":{""R1_stop_clarity"":{""score"":69.13784806369532},""R2_stop_distance_pct"":{""value"":7.1098372781065065,""score"":100.0},""R3_stop_distance_atr"":{""value"":0.7755880666345841,""score"":63.7794033317292},""R4_rr_potential"":{""value"":3.599479843953188,""score"":100.0},""_score"":83.77},""market"":{""M1_spy_regime"":{""score"":100.0},""M3_earnings_risk"":{""value"":null,""score"":80.0},""M4_vix"":{""value"":null,""score"":60.0},""_score"":84.0},""liquidity"":{""L1_price"":{""value"":27.04,""score"":100.0},""L2_dollar_vol"":{""value"":20118917.36434944,""score"":65.18023034171082},""L3_spread_proxy"":{""value"":0.0499260355029585,""score"":50.0739644970415},""L4_volume_zscore"":{""value"":-1.3148793968135837,""score"":100.0},""_score"":81.08},""pattern_structure"":{""left_low"":25.88,""left_idx"":58,""right_low"":25.5,""right_idx"":75,""separation_bars"":17,""structural_low"":25.5,""current_price"":27.42,""neckline_distance_pct"":0.08424507658643321,""base_bars"":17},""pattern_geometry_features"":{""low_similarity_pct"":0.014791747761774972,""bounce_pct"":0.16588235294117648,""right_bottom_reaction"":0.9685230024213098,""atr_pct"":0.0916702768385461},""_schema_version"":""1.0""}",,,,,,,,,,
20260513T161427Z-28c0e1,2026-05-13T16:14:27.317311+00:00,OKLO,double_bottom,candidate,60.2,62.7,86.4,37.7,64.6,8.9,18.9,80.5,84.0,92.4,9.4,21.59,3.01,9.04,1.15,1.51,4.83,5.04,4.62,False,,69.36,79.5,67.4429,90.53,"{""trend"":{""T1_ema_stack"":{""value"":[false,true,false],""score"":33.33333333333333},""T2_ema50_slope"":{""value"":0.41393490344534517,""score"":100},""T3_high_proximity"":{""value"":0.8711379050489826,""score"":35.56895252449127},""T4_rs_1m"":{""value"":0.11877691194753082,""score"":100},""T5_rs_3m"":{""value"":-0.02183403917196447,""score"":39.08298041401777},""T6_adr_healthy"":{""value"":9.487218511803604,""score"":62.81953720490989},""_score"":62.67},""geometry"":{""sub_low_similarity"":78.2,""sub_bounce_quality"":100,""sub_separation_fit"":66.7,""sub_right_bottom_reaction"":86.0,""sub_base_context"":100.0,""_score"":86.37},""compression"":{""VC1_atr_ratio"":{""value"":0.7729168949319587,""score"":56.770776267010326},""VC2_range_contraction"":{""value"":0.9614409894240407,""score"":6.426501762659891},""VC3_range_pct_rank"":{""score"":50.83333333333333},""_score"":37.67},""sr_quality"":{""SR1_touches"":{""value"":3,""score"":50.0},""SR2_tightness"":{""value"":0.3904698025029146,""score"":88.86074707224914},""SR3_recency"":{""value"":276,""score"":0.0},""SR4_price_location"":{""score"":84.9352687328363},""SR5_reaction"":{""value"":2.4125027933492142,""score"":100},""_score"":64.56,""_levels_found"":7,""_target_level"":70.32},""volume"":{""V1_rvol_day"":{""value"":0.46781061179359057,""score"":0},""V2_rvol_sameslot"":{""value"":0.6688393811949964,""score"":11.255958746333095,""status"":""ok""},""V3_breakout_bar"":{""value"":0.896959934299998,""score"":26.463995619999864},""V4_base_dryup"":{""value"":1.5339556504108922,""score"":0},""V5_bo_expansion"":{""value"":0.4678106117935907,""score"":0},""_score"":8.87},""readiness"":{""_distance_atr"":1.446,""BR1_atr_distance"":{""score"":3.5759624573865665},""BR2_compression"":{""score"":0},""BR3_retest"":{""score"":50.0},""BR4_bo_age"":{""score"":50.0},""_score"":18.93},""risk"":{""R1_stop_clarity"":{""score"":70.70050066327178},""R2_stop_distance_pct"":{""value"":2.7639129181084248,""score"":100.0},""R3_stop_distance_atr"":{""value"":0.27344630350749616,""score"":38.672315175374806},""R4_rr_potential"":{""value"":11.043008789546422,""score"":100.0},""_score"":80.55},""market"":{""M1_spy_regime"":{""score"":100.0},""M3_earnings_risk"":{""value"":null,""score"":80.0},""M4_vix"":{""value"":null,""score"":60.0},""_score"":84.0},""liquidity"":{""L1_price"":{""value"":69.36,""score"":100.0},""L2_dollar_vol"":{""value"":526758842.2818729,""score"":100.0},""L3_spread_proxy"":{""value"":0.0764114763552481,""score"":23.588523644751902},""L4_volume_zscore"":{""value"":-1.415072218516393,""score"":100.0},""_score"":92.36},""pattern_structure"":{""left_low"":68.47,""left_idx"":31,""right_low"":69.22,""right_idx"":66,""separation_bars"":35,""structural_low"":68.47,""current_price"":71.17,""neckline_distance_pct"":0.1170436981874385,""base_bars"":35},""pattern_geometry_features"":{""low_similarity_pct"":0.010894037330234585,""bounce_pct"":0.1610924492478458,""right_bottom_reaction"":0.8596385542168684,""atr_pct"":0.10107698961937717},""_schema_version"":""1.0""}",,,,,,,,,,
20260513T161427Z-28c0e1,2026-05-13T16:14:27.317311+00:00,QUBT,double_bottom,breakout_confirmed,60.12,86.1,87.4,21.6,43.8,19.1,36.8,40.4,84.0,92.0,12.91,21.85,1.73,6.14,2.49,2.94,2.42,5.04,4.6,False,,10.97,10.385,8.9044,11.73,"{""trend"":{""T1_ema_stack"":{""value"":[true,true,false],""score"":66.66666666666666},""T2_ema50_slope"":{""value"":0.33037684452521304,""score"":100},""T3_high_proximity"":{""value"":0.9312393887945671,""score"":65.61969439728355},""T4_rs_1m"":{""value"":0.28740610957540214,""score"":100},""T5_rs_3m"":{""value"":0.21544973630212172,""score"":100},""T6_adr_healthy"":{""value"":8.337168899077698,""score"":91.57077752305756},""_score"":86.09},""geometry"":{""sub_low_similarity"":60.6,""sub_bounce_quality"":100,""sub_separation_fit"":100.0,""sub_right_bottom_reaction"":94.7,""sub_base_context"":100.0,""_score"":87.39},""compression"":{""VC1_atr_ratio"":{""value"":0.8692597226453496,""score"":32.68506933866261},""VC2_range_contraction"":{""value"":1.3735091471425083,""score"":0},""VC3_range_pct_rank"":{""score"":34.166666666666664},""_score"":21.62},""sr_quality"":{""SR1_touches"":{""value"":3,""score"":50.0},""SR2_tightness"":{""value"":0.10412333498735513,""score"":78.94964310467265},""SR3_recency"":{""value"":308,""score"":0.0},""SR4_price_location"":{""score"":18.717628758482768},""SR5_reaction"":{""value"":1.6426448325740026,""score"":82.13224162870013},""_score"":43.84,""_levels_found"":5,""_target_level"":12.555},""volume"":{""V1_rvol_day"":{""value"":0.9602675309766662,""score"":30.68450206511108},""V2_rvol_sameslot"":{""value"":1.476101339182557,""score"":65.07342261217048,""status"":""ok""},""V3_breakout_bar"":{""value"":0.4021549443667107,""score"":0},""V4_base_dryup"":{""value"":1.8277342799216139,""score"":0},""V5_bo_expansion"":{""value"":0.9602675309766664,""score"":0},""_score"":19.15},""readiness"":{""_distance_atr"":-0.591,""BR1_atr_distance"":{""score"":48.173199806496775},""BR2_compression"":{""score"":0},""BR3_retest"":{""score"":50.0},""BR4_bo_age"":{""score"":50.0},""_score"":36.77},""risk"":{""R1_stop_clarity"":{""score"":72.58608365403356},""R2_stop_distance_pct"":{""value"":18.829535095715602,""score"":0.0},""R3_stop_distance_atr"":{""value"":2.0879861948461746,""score"":100.0},""R4_rr_potential"":{""value"":0.36793183578621186,""score"":0.0},""_score"":40.41},""market"":{""M1_spy_regime"":{""score"":100.0},""M3_earnings_risk"":{""value"":null,""score"":80.0},""M4_vix"":{""value"":null,""score"":60.0},""_score"":84.0},""liquidity"":{""L1_price"":{""value"":10.97,""score"":100.0},""L2_dollar_vol"":{""value"":238677619.1230537,""score"":100.0},""L3_spread_proxy"":{""value"":0.07976298997265269,""score"":20.23701002734731},""L4_volume_zscore"":{""value"":-0.03130951824882693,""score"":100.0},""_score"":92.02},""pattern_structure"":{""left_low"":9.04,""left_idx"":35,""right_low"":9.22,""right_idx"":64,""separation_bars"":29,""structural_low"":9.04,""current_price"":11.175,""neckline_distance_pct"":-0.07069351230425064,""base_bars"":29},""pattern_geometry_features"":{""low_similarity_pct"":0.019715224534501807,""bounce_pct"":0.14878318584070804,""right_bottom_reaction"":0.9473684210526307,""atr_pct"":0.09018036202630547},""_schema_version"":""1.0""}",,,,,,,,,,
20260513T161427Z-28c0e1,2026-05-13T16:14:27.317311+00:00,ARM,double_bottom,forming,59.3,93.3,62.0,29.9,53.6,24.3,26.4,81.1,84.0,94.5,14.0,15.51,2.39,7.5,3.16,2.11,4.86,5.04,4.72,False,,216.1799,239.5,197.8766,278.11,"{""trend"":{""T1_ema_stack"":{""value"":[true,true,true],""score"":100.0},""T2_ema50_slope"":{""value"":0.9530451805430896,""score"":100},""T3_high_proximity"":{""value"":0.9109983143699958,""score"":55.49915718499787},""T4_rs_1m"":{""value"":0.27565507389203137,""score"":100},""T5_rs_3m"":{""value"":0.6564803252068625,""score"":100},""T6_adr_healthy"":{""value"":6.45253028253117,""score"":100.0},""_score"":93.32},""geometry"":{""sub_low_similarity"":38.5,""sub_bounce_quality"":100,""sub_separation_fit"":0.0,""sub_right_bottom_reaction"":70.0,""sub_base_context"":100.0,""_score"":62.05},""compression"":{""VC1_atr_ratio"":{""value"":0.7801143618437474,""score"":54.97140953906315},""VC2_range_contraction"":{""value"":1.174680712492378,""score"":0},""VC3_range_pct_rank"":{""score"":31.666666666666664},""_score"":29.91},""sr_quality"":{""SR1_touches"":{""value"":2,""score"":25.0},""SR2_tightness"":{""value"":0.9099999999999966,""score"":89.6684496835659},""SR3_recency"":{""value"":228,""score"":0.0},""SR4_price_location"":{""score"":70.53628714173021},""SR5_reaction"":{""value"":2.3382228435929795,""score"":100},""_score"":53.58,""_levels_found"":5,""_target_level"":238.59},""volume"":{""V1_rvol_day"":{""value"":0.4146368453889079,""score"":0},""V2_rvol_sameslot"":{""value"":0.9955753476126646,""score"":33.038356507510976,""status"":""ok""},""V3_breakout_bar"":{""value"":1.519564429635849,""score"":67.97096197572327},""V4_base_dryup"":{""value"":1.4658632382718615,""score"":3.413676172813851},""V5_bo_expansion"":{""value"":0.41463684538890794,""score"":0},""_score"":24.28},""readiness"":{""_distance_atr"":1.324,""BR1_atr_distance"":{""score"":11.746232038726845},""BR2_compression"":{""score"":16.880680494390177},""BR3_retest"":{""score"":50.0},""BR4_bo_age"":{""score"":50.0},""_score"":26.42},""risk"":{""R1_stop_clarity"":{""score"":65.78837676260787},""R2_stop_distance_pct"":{""value"":8.46667520893479,""score"":88.33311977663026},""R3_stop_distance_atr"":{""value"":1.039016199611392,""score"":76.9508099805696},""R4_rr_potential"":{""value"":3.383557564913332,""score"":100.0},""_score"":81.07},""market"":{""M1_spy_regime"":{""score"":100.0},""M3_earnings_risk"":{""value"":null,""score"":80.0},""M4_vix"":{""value"":null,""score"":60.0},""_score"":84.0},""liquidity"":{""L1_price"":{""value"":216.1799,""score"":100.0},""L2_dollar_vol"":{""value"":991178111.5263568,""score"":100.0},""L3_spread_proxy"":{""value"":0.05518551909775149,""score"":44.81448090224851},""L4_volume_zscore"":{""value"":-1.032001132335348,""score"":100.0},""_score"":94.48},""pattern_structure"":{""left_low"":207.16,""left_idx"":30,""right_low"":200.89,""right_idx"":75,""separation_bars"":45,""structural_low"":200.89,""current_price"":218.21,""neckline_distance_pct"":0.09756656431877544,""base_bars"":45},""pattern_geometry_features"":{""low_similarity_pct"":0.03073152799901978,""bounce_pct"":0.19219473343620896,""right_bottom_reaction"":0.699524940617581,""atr_pct"":0.08148742254549501},""_schema_version"":""1.0""}",,,,,,,,,,
20260513T161427Z-28c0e1,2026-05-13T16:14:27.317311+00:00,MU,bull_flag,forming,59.1,99.3,72.0,15.2,51.1,21.9,41.7,57.5,84.0,70.5,13.91,21.59,1.37,5.12,3.07,3.75,1.72,5.04,3.53,False,,788.4318,818.67,696.002,1064.84,"{""trend"":{""T1_ema_stack"":{""value"":[true,true,true],""score"":100.0},""T2_ema50_slope"":{""value"":0.681242411756172,""score"":100},""T3_high_proximity"":{""value"":0.9913266191392252,""score"":95.66330956961255},""T4_rs_1m"":{""value"":0.6279041402135908,""score"":100},""T5_rs_3m"":{""value"":0.852317435778845,""score"":100},""T6_adr_healthy"":{""value"":5.871662421553951,""score"":100.0},""_score"":99.35},""geometry"":{""sub_pole_impulse"":100.0,""sub_flag_tightness"":48.0,""sub_flag_shallowness"":36.3,""sub_flag_drift"":84.8,""sub_flag_duration"":100.0,""_score"":71.98},""compression"":{""VC1_atr_ratio"":{""value"":1.22674506936501,""score"":0},""VC2_range_contraction"":{""value"":1.3434581541429855,""score"":0},""VC3_range_pct_rank"":{""score"":60.83333333333334},""_score"":15.21},""sr_quality"":{""SR1_touches"":{""value"":4,""score"":75.0},""SR2_tightness"":{""value"":7.9966410918506945,""score"":68.67453276812543},""SR3_recency"":{""value"":240,""score"":0.0},""SR4_price_location"":{""score"":30.0},""SR5_reaction"":{""value"":1.4467618316251225,""score"":72.33809158125612},""_score"":51.15,""_levels_found"":3,""_target_level"":441.765},""volume"":{""V1_rvol_day"":{""value"":0.6918361849785826,""score"":12.78907899857217},""V2_rvol_sameslot"":{""value"":1.2122498097174936,""score"":47.48332064783291,""status"":""ok""},""V3_breakout_bar"":{""value"":0.8475074093388246,""score"":23.16716062258831},""V4_base_dryup"":{""value"":1.2973344850387232,""score"":20.266551496127676},""V5_bo_expansion"":{""value"":0.6918361849785826,""score"":0},""_score"":21.9},""readiness"":{""_distance_atr"":0.592,""BR1_atr_distance"":{""score"":60.51568267347571},""BR2_compression"":{""score"":0},""BR3_retest"":{""score"":50.0},""BR4_bo_age"":{""score"":50.0},""_score"":41.71},""risk"":{""R1_stop_clarity"":{""score"":58.48018020828709},""R2_stop_distance_pct"":{""value"":11.723247971479584,""score"":6.918800713010409},""R3_stop_distance_atr"":{""value"":1.8103895796832812,""score"":100.0},""R4_rr_potential"":{""value"":2.9904657928829574,""score"":99.52328964414787},""_score"":57.45},""market"":{""M1_spy_regime"":{""score"":100.0},""M3_earnings_risk"":{""value"":null,""score"":80.0},""M4_vix"":{""value"":null,""score"":60.0},""_score"":84.0},""liquidity"":{""L1_price"":{""value"":788.4318,""score"":0.0},""L2_dollar_vol"":{""value"":24519701406.548775,""score"":100.0},""L3_spread_proxy"":{""value"":0.04500072168575649,""score"":54.99927831424351},""L4_volume_zscore"":{""value"":-0.9956592958818886,""score"":100.0},""_score"":70.5},""pattern_structure"":{""pole_low"":572.5,""pole_low_idx"":21,""peak_price"":818.67,""peak_idx"":46,""pole_gain"":0.4299912663755458,""flag_bars"":13,""flag_low"":706.601,""flag_high"":816.51,""structural_low"":706.601,""current_price"":792.205,""neckline_distance_pct"":0.03340675708938964,""base_bars"":13},""pattern_geometry_features"":{""pole_gain"":0.4299912663755458,""pullback_pct"":0.13689154360120678,""flag_range_pct"":0.13425311786189795,""flag_drift_per_bar"":-0.0030431850008852974,""atr_pct"":0.06475538802830774,""pole_atr_multiple"":6.6402392058491815},""_schema_version"":""1.0""}",,,,,,,,,,
20260513T161427Z-28c0e1,2026-05-13T16:14:27.317311+00:00,AMD,bull_flag,forming,58.99,97.8,76.5,6.2,39.7,17.4,36.0,80.1,84.0,94.0,13.69,22.94,0.56,3.97,2.44,3.24,2.4,5.04,4.7,False,,445.4399,469.215,419.7183,587.1,"{""trend"":{""T1_ema_stack"":{""value"":[true,true,true],""score"":100.0},""T2_ema50_slope"":{""value"":0.9277170424867814,""score"":100},""T3_high_proximity"":{""value"":0.9709015017764119,""score"":85.45075088820592},""T4_rs_1m"":{""value"":0.681098810261469,""score"":100},""T5_rs_3m"":{""value"":1.016494480819201,""score"":100},""T6_adr_healthy"":{""value"":5.446719529708108,""score"":100.0},""_score"":97.82},""geometry"":{""sub_pole_impulse"":100.0,""sub_flag_tightness"":56.6,""sub_flag_shallowness"":45.2,""sub_flag_drift"":88.5,""sub_flag_duration"":100.0,""_score"":76.47},""compression"":{""VC1_atr_ratio"":{""value"":1.2918731876170075,""score"":0},""VC2_range_contraction"":{""value"":1.3373012622902039,""score"":0},""VC3_range_pct_rank"":{""score"":25.0},""_score"":6.25},""sr_quality"":{""SR1_touches"":{""value"":2,""score"":25.0},""SR2_tightness"":{""value"":3.2150999999999783,""score"":78.18985813915529},""SR3_recency"":{""value"":295,""score"":0.0},""SR4_price_location"":{""score"":30.0},""SR5_reaction"":{""value"":1.7335606505141283,""score"":86.67803252570641},""_score"":39.73,""_levels_found"":3,""_target_level"":263.7449},""volume"":{""V1_rvol_day"":{""value"":0.3150400817315784,""score"":0},""V2_rvol_sameslot"":{""value"":0.6382818181476029,""score"":9.218787876506857,""status"":""ok""},""V3_breakout_bar"":{""value"":0.8413720323348545,""score"":22.7581354889903},""V4_base_dryup"":{""value"":1.0052554457906488,""score"":49.474455420935115},""V5_bo_expansion"":{""value"":0.3150400817315784,""score"":0},""_score"":17.43},""readiness"":{""_distance_atr"":0.806,""BR1_atr_distance"":{""score"":46.23927677150823},""BR2_compression"":{""score"":0},""BR3_retest"":{""score"":50.0},""BR4_bo_age"":{""score"":50.0},""_score"":36.0},""risk"":{""R1_stop_clarity"":{""score"":56.64122633048127},""R2_stop_distance_pct"":{""value"":5.774415358839663,""score"":100.0},""R3_stop_distance_atr"":{""value"":0.8724311131548241,""score"":68.62155565774121},""R4_rr_potential"":{""value"":5.50744803481904,""score"":100.0},""_score"":80.12},""market"":{""M1_spy_regime"":{""score"":100.0},""M3_earnings_risk"":{""value"":null,""score"":80.0},""M4_vix"":{""value"":null,""score"":60.0},""_score"":84.0},""liquidity"":{""L1_price"":{""value"":445.4399,""score"":100.0},""L2_dollar_vol"":{""value"":6745368944.35652,""score"":100.0},""L3_spread_proxy"":{""value"":0.060277491980399646,""score"":39.722508019600355},""L4_volume_zscore"":{""value"":-1.981194219099925,""score"":100.0},""_score"":93.97},""pattern_structure"":{""pole_low"":351.33,""pole_low_idx"":25,""peak_price"":469.215,""peak_idx"":50,""pole_gain"":0.3355392366151481,""flag_bars"":9,""flag_low"":426.11,""flag_high"":467.09,""structural_low"":426.11,""current_price"":445.875,""neckline_distance_pct"":0.05234650967199322,""base_bars"":9},""pattern_geometry_features"":{""pole_gain"":0.3355392366151481,""pullback_pct"":0.09186620206088886,""flag_range_pct"":0.08733736133755307,""flag_drift_per_bar"":-0.0023099523409026534,""atr_pct"":0.06618763672880289,""pole_atr_multiple"":5.06951529316549},""_schema_version"":""1.0""}",,,,,,,,,,
20260513T161427Z-28c0e1,2026-05-13T16:14:27.317311+00:00,QBTS,breakout_retest_hold,setup,58.82,74.0,60.7,30.7,63.9,20.3,64.5,62.4,84.0,91.9,10.37,13.35,1.84,8.95,2.64,11.61,3.12,4.2,2.76,False,,20.91,20.6663,20.493,20.5989,"{""trend"":{""T1_ema_stack"":{""value"":[true,true,false],""score"":66.66666666666666},""T2_ema50_slope"":{""value"":0.36862484728491784,""score"":100},""T3_high_proximity"":{""value"":0.8701622971285893,""score"":35.081148564294615},""T4_rs_1m"":{""value"":0.1669294869433111,""score"":100},""T5_rs_3m"":{""value"":-0.004429638104647582,""score"":47.78518094767621},""T6_adr_healthy"":{""value"":8.044204535984298,""score"":98.89488660039257},""_score"":74.04},""geometry"":{""sub_retest_depth"":52.2,""sub_retest_timing"":0.0,""sub_retest_freshness"":75.0,""sub_hold_quality"":100.0,""_score"":60.66},""compression"":{""VC1_atr_ratio"":{""value"":0.8017299736971775,""score"":49.567506575705636},""VC2_range_contraction"":{""value"":1.1208990402737171,""score"":0},""VC3_range_pct_rank"":{""score"":43.333333333333336},""_score"":30.66},""sr_quality"":{""SR1_touches"":{""value"":3,""score"":50.0},""SR2_tightness"":{""value"":0.15518731334172292,""score"":82.67169894094656},""SR3_recency"":{""value"":276,""score"":0.0},""SR4_price_location"":{""score"":86.00143963962567},""SR5_reaction"":{""value"":2.973539107779018,""score"":100},""_score"":63.9,""_levels_found"":4,""_target_level"":21.5129},""volume"":{""V1_rvol_day"":{""value"":0.43655733015247866,""score"":0},""V2_rvol_sameslot"":{""value"":0.6964569971294828,""score"":13.097133141965521,""status"":""ok""},""V3_breakout_bar"":{""value"":0.7716124513181575,""score"":18.10749675454383},""V4_base_dryup"":{""value"":0.8411057120469683,""score"":65.88942879530317},""V5_bo_expansion"":{""value"":0.43655733015247855,""score"":0},""_score"":20.32},""readiness"":{""_distance_atr"":-0.136,""BR1_atr_distance"":{""score"":100.0},""BR2_compression"":{""score"":0},""BR3_retest"":{""score"":100},""BR4_bo_age"":{""score"":30.0},""_score"":64.5},""risk"":{""R1_stop_clarity"":{""score"":76.8862657521135},""R2_stop_distance_pct"":{""value"":1.9942611190817867,""score"":99.85652797704468},""R3_stop_distance_atr"":{""value"":0.23281225075769746,""score"":36.64061253788488},""R4_rr_potential"":{""value"":-0.7460431654676224,""score"":0.0},""_score"":62.36},""market"":{""M1_spy_regime"":{""score"":100.0},""M3_earnings_risk"":{""value"":null,""score"":80.0},""M4_vix"":{""value"":null,""score"":60.0},""_score"":84.0},""liquidity"":{""L1_price"":{""value"":20.91,""score"":100.0},""L2_dollar_vol"":{""value"":288151082.24491197,""score"":100.0},""L3_spread_proxy"":{""value"":0.08082257293161173,""score"":19.17742706838827},""L4_volume_zscore"":{""value"":-1.0488398590483254,""score"":100.0},""_score"":91.92},""pattern_structure"":{""level"":20.6663,""level_idx"":32,""breakout_idx"":36,""bo_peak_idx"":71,""bo_peak_price"":24.78,""retest_idx"":79,""retest_low"":20.7,""structural_low"":20.7,""current_price"":21.12,""neckline_distance_pct"":-0.021482007575757637,""base_bars"":47,""bars_since_breakout"":43},""pattern_geometry_features"":{""retest_depth_atr"":-0.03447595524994663,""bars_breakout_to_retest"":43.0,""bars_since_retest"":0.0,""current_above_level_atr"":0.4641466141513652,""bo_peak_excess_pct"":0.19905353159491546,""atr_pct"":0.08565962970554077},""_schema_version"":""1.0""}",,,,,,,,,,
20260513T161427Z-28c0e1,2026-05-13T16:14:27.317311+00:00,LRCX,ascending_triangle,forming,58.41,90.9,59.9,54.0,41.8,16.1,43.5,63.4,84.0,97.0,13.63,16.77,4.32,5.85,1.93,3.48,2.54,5.04,4.85,False,,292.85,300.0,270.8257,325.05,"{""trend"":{""T1_ema_stack"":{""value"":[true,true,true],""score"":100.0},""T2_ema50_slope"":{""value"":0.38963102223368173,""score"":100},""T3_high_proximity"":{""value"":0.9854628663727832,""score"":92.7314331863916},""T4_rs_1m"":{""value"":0.00978901765563256,""score"":59.78901765563256},""T5_rs_3m"":{""value"":0.1764406060797148,""score"":100},""T6_adr_healthy"":{""value"":3.8503135433535167,""score"":100.0},""_score"":90.87},""geometry"":{""sub_flat_top_quality"":66.7,""sub_hl_slope"":83.0,""sub_compression"":0,""sub_duration"":100.0,""_score"":59.91},""compression"":{""VC1_atr_ratio"":{""value"":0.650230735984452,""score"":87.44231600388699},""VC2_range_contraction"":{""value"":0.9991924967620466,""score"":0.134583872992237},""VC3_range_pct_rank"":{""score"":75.83333333333333},""_score"":53.98},""sr_quality"":{""SR1_touches"":{""value"":2,""score"":25.0},""SR2_tightness"":{""value"":1.1699999999999875,""score"":82.82208588957074},""SR3_recency"":{""value"":236,""score"":0.0},""SR4_price_location"":{""score"":30.0},""SR5_reaction"":{""value"":1.9182004089979539,""score"":95.91002044989769},""_score"":41.81,""_levels_found"":8,""_target_level"":274.67},""volume"":{""V1_rvol_day"":{""value"":0.23475894456041288,""score"":0},""V2_rvol_sameslot"":{""value"":0.47913369771167713,""score"":0,""status"":""ok""},""V3_breakout_bar"":{""value"":0.6075119471765017,""score"":7.167463145100113},""V4_base_dryup"":{""value"":0.7865548054131507,""score"":71.34451945868493},""V5_bo_expansion"":{""value"":0.23475894456041288,""score"":0},""_score"":16.06},""readiness"":{""_distance_atr"":0.525,""BR1_atr_distance"":{""score"":65.00795273801421},""BR2_compression"":{""score"":0},""BR3_retest"":{""score"":50.0},""BR4_bo_age"":{""score"":50.0},""_score"":43.5},""risk"":{""R1_stop_clarity"":{""score"":39.44785276073597},""R2_stop_distance_pct"":{""value"":7.520659040464419,""score"":100.0},""R3_stop_distance_atr"":{""value"":1.616797755754814,""score"":100.0},""R4_rr_potential"":{""value"":1.462024813557779,""score"":23.101240677888946},""_score"":63.43},""market"":{""M1_spy_regime"":{""score"":100.0},""M3_earnings_risk"":{""value"":null,""score"":80.0},""M4_vix"":{""value"":null,""score"":60.0},""_score"":84.0},""liquidity"":{""L1_price"":{""value"":292.85,""score"":100.0},""L2_dollar_vol"":{""value"":633917813.7706628,""score"":100.0},""L3_spread_proxy"":{""value"":0.029810483182516705,""score"":70.1895168174833},""L4_volume_zscore"":{""value"":-2.5940157173774807,""score"":100.0},""_score"":97.02},""pattern_structure"":{""top"":300.0,""top_touches"":3,""low_slope_per_bar"":0.6848232573505084,""lowest_low"":274.95,""structural_low"":274.95,""current_price"":291.95,""neckline_distance_pct"":0.027573214591539687,""base_bars"":45},""pattern_geometry_features"":{""top_touches"":3.0,""low_slope"":0.6848232573505084,""compression"":-0.09210763844544334,""atr_pct"":0.04651576867728483},""_schema_version"":""1.0""}",,,,,,,,,,
20260513T161427Z-28c0e1,2026-05-13T16:14:27.317311+00:00,NXE,double_bottom,forming,57.14,52.5,74.2,53.1,58.8,16.1,27.8,76.9,84.0,85.4,7.88,18.55,4.25,8.23,2.09,2.22,4.61,5.04,4.27,False,,12.24,12.985,11.6427,14.15,"{""trend"":{""T1_ema_stack"":{""value"":[false,true,true],""score"":66.66666666666666},""T2_ema50_slope"":{""value"":0.1608032008807984,""score"":76.80053348013307},""T3_high_proximity"":{""value"":0.9203007518796992,""score"":60.15037593984957},""T4_rs_1m"":{""value"":-0.038399300929484736,""score"":11.600699070515262},""T5_rs_3m"":{""value"":-0.044825806798032275,""score"":27.587096600983863},""T6_adr_healthy"":{""value"":4.983723128385313,""score"":100.0},""_score"":52.51},""geometry"":{""sub_low_similarity"":64.8,""sub_bounce_quality"":97.9,""sub_separation_fit"":13.3,""sub_right_bottom_reaction"":87.9,""sub_base_context"":100.0,""_score"":74.2},""compression"":{""VC1_atr_ratio"":{""value"":0.5127501632394786,""score"":100},""VC2_range_contraction"":{""value"":1.0385776350561415,""score"":0},""VC3_range_pct_rank"":{""score"":52.5},""_score"":53.12},""sr_quality"":{""SR1_touches"":{""value"":5,""score"":100},""SR2_tightness"":{""value"":0.1538180743605902,""score"":53.95603884907339},""SR3_recency"":{""value"":227,""score"":0.0},""SR4_price_location"":{""score"":22.659256092347242},""SR5_reaction"":{""value"":2.3385967350516887,""score"":100},""_score"":58.76,""_levels_found"":5,""_target_level"":13.245},""volume"":{""V1_rvol_day"":{""value"":0.44801207647855634,""score"":0},""V2_rvol_sameslot"":{""value"":0.5508506208964103,""score"":3.390041393094023,""status"":""ok""},""V3_breakout_bar"":{""value"":0.5152346587837765,""score"":1.0156439189184332},""V4_base_dryup"":{""value"":0.741395925293292,""score"":75.8604074706708},""V5_bo_expansion"":{""value"":0.44801207647855634,""score"":0},""_score"":16.1},""readiness"":{""_distance_atr"":1.115,""BR1_atr_distance"":{""score"":25.66380511515706},""BR2_compression"":{""score"":0},""BR3_retest"":{""score"":50.0},""BR4_bo_age"":{""score"":50.0},""_score"":27.77},""risk"":{""R1_stop_clarity"":{""score"":46.926950256042744},""R2_stop_distance_pct"":{""value"":4.879901960784318,""score"":100.0},""R3_stop_distance_atr"":{""value"":0.8939800511016801,""score"":69.69900255508401},""R4_rr_potential"":{""value"":3.1977230872258438,""score"":100.0},""_score"":76.88},""market"":{""M1_spy_regime"":{""score"":100.0},""M3_earnings_risk"":{""value"":null,""score"":80.0},""M4_vix"":{""value"":null,""score"":60.0},""_score"":84.0},""liquidity"":{""L1_price"":{""value"":12.24,""score"":100.0},""L2_dollar_vol"":{""value"":32485677.91215696,""score"":75.58459670334865},""L3_spread_proxy"":{""value"":0.048611111111111015,""score"":51.388888888888985},""L4_volume_zscore"":{""value"":-2.0411613987311905,""score"":100.0},""_score"":85.37},""pattern_structure"":{""left_low"":12.03,""left_idx"":31,""right_low"":11.82,""right_idx"":74,""separation_bars"":43,""structural_low"":11.82,""current_price"":12.115,""neckline_distance_pct"":0.07181180354931896,""base_bars"":43},""pattern_geometry_features"":{""low_similarity_pct"":0.01761006289308168,""bounce_pct"":0.09856175972927235,""right_bottom_reaction"":0.8787878787878808,""atr_pct"":0.05458625116713354},""_schema_version"":""1.0""}",,,,,,,,,,
20260513T161427Z-28c0e1,2026-05-13T16:14:27.317311+00:00,ORCL,breakout_retest_hold,setup,56.85,88.6,50.7,57.1,40.0,18.9,64.5,62.0,84.0,96.7,12.4,11.16,3.43,5.61,2.45,11.61,3.1,4.2,2.9,False,,187.905,183.5,179.0614,188.7598,"{""trend"":{""T1_ema_stack"":{""value"":[true,true,false],""score"":66.66666666666666},""T2_ema50_slope"":{""value"":0.33223104299381195,""score"":100},""T3_high_proximity"":{""value"":0.9589436080632815,""score"":79.47180403164073},""T4_rs_1m"":{""value"":0.08754647252956738,""score"":100},""T5_rs_3m"":{""value"":0.12653506946696846,""score"":100},""T6_adr_healthy"":{""value"":4.305701432325713,""score"":100.0},""_score"":88.59},""geometry"":{""sub_retest_depth"":100.0,""sub_retest_timing"":0.0,""sub_retest_freshness"":100.0,""sub_hold_quality"":2.4,""_score"":50.72},""compression"":{""VC1_atr_ratio"":{""value"":0.6158304320984438,""score"":96.04239197538905},""VC2_range_contraction"":{""value"":0.9797749375399742,""score"":3.370843743337626},""VC3_range_pct_rank"":{""score"":70.0},""_score"":57.1},""sr_quality"":{""SR1_touches"":{""value"":3,""score"":50.0},""SR2_tightness"":{""value"":0.6800833298615336,""score"":84.64945700389687},""SR3_recency"":{""value"":227,""score"":0.0},""SR4_price_location"":{""score"":9.439532881333633},""SR5_reaction"":{""value"":1.330587932759316,""score"":66.5293966379658},""_score"":40.04,""_levels_found"":6,""_target_level"":200.7366},""volume"":{""V1_rvol_day"":{""value"":0.2526541836082305,""score"":0},""V2_rvol_sameslot"":{""value"":0.5099522431806407,""score"":0.6634828787093798,""status"":""ok""},""V3_breakout_bar"":{""value"":0.8979503961094164,""score"":26.53002640729443},""V4_base_dryup"":{""value"":0.8947565365109318,""score"":60.52434634890682},""V5_bo_expansion"":{""value"":0.2526541836082305,""score"":0},""_score"":18.87},""readiness"":{""_distance_atr"":-0.497,""BR1_atr_distance"":{""score"":100.0},""BR2_compression"":{""score"":11.813828144346914},""BR3_retest"":{""score"":85.15976232145294},""BR4_bo_age"":{""score"":30.0},""_score"":64.49},""risk"":{""R1_stop_clarity"":{""score"":59.17479336944215},""R2_stop_distance_pct"":{""value"":4.706421329927361,""score"":100.0},""R3_stop_distance_atr"":{""value"":0.9980694381857631,""score"":74.90347190928816},""R4_rr_potential"":{""value"":0.09665745887902252,""score"":0.0},""_score"":61.95},""market"":{""M1_spy_regime"":{""score"":100.0},""M3_earnings_risk"":{""value"":null,""score"":80.0},""M4_vix"":{""value"":null,""score"":60.0},""_score"":84.0},""liquidity"":{""L1_price"":{""value"":187.905,""score"":100.0},""L2_dollar_vol"":{""value"":1338919718.0675201,""score"":100.0},""L3_spread_proxy"":{""value"":0.033208270136505194,""score"":66.79172986349481},""L4_volume_zscore"":{""value"":-2.141183396655803,""score"":100.0},""_score"":96.68},""pattern_structure"":{""level"":183.5,""level_idx"":37,""breakout_idx"":46,""bo_peak_idx"":54,""bo_peak_price"":200.15,""retest_idx"":75,""retest_low"":180.8701,""structural_low"":180.8701,""current_price"":189.165,""neckline_distance_pct"":-0.029947400417624784,""base_bars"":42,""bars_since_breakout"":33},""pattern_geometry_features"":{""retest_depth_atr"":0.8266022482101179,""bars_breakout_to_retest"":29.0,""bars_since_retest"":4.0,""current_above_level_atr"":1.7805626586981729,""bo_peak_excess_pct"":0.09073569482288832,""atr_pct"":0.047155249423150754},""_schema_version"":""1.0""}",,,,,,,,,,
20260513T161427Z-28c0e1,2026-05-13T16:14:27.317311+00:00,RGTI,double_bottom,forming,56.58,65.2,80.6,37.4,38.3,4.6,48.4,68.9,84.0,93.0,9.77,20.16,2.99,5.37,0.6,3.88,4.13,5.04,4.65,False,,18.1501,18.6486,16.8238,20.2172,"{""trend"":{""T1_ema_stack"":{""value"":[true,true,false],""score"":66.66666666666666},""T2_ema50_slope"":{""value"":0.1447314289643202,""score"":74.1219048273867},""T3_high_proximity"":{""value"":0.8849390541199413,""score"":42.469527059970645},""T4_rs_1m"":{""value"":0.010635322304642703,""score"":60.6353223046427},""T5_rs_3m"":{""value"":0.035599046198196094,""score"":67.79952309909805},""T6_adr_healthy"":{""value"":7.69959927467294,""score"":100.0},""_score"":65.16},""geometry"":{""sub_low_similarity"":80.2,""sub_bounce_quality"":88.3,""sub_separation_fit"":80.0,""sub_right_bottom_reaction"":46.1,""sub_base_context"":100.0,""_score"":80.63},""compression"":{""VC1_atr_ratio"":{""value"":0.7612228721704725,""score"":59.694281957381875},""VC2_range_contraction"":{""value"":1.1748387081588654,""score"":0},""VC3_range_pct_rank"":{""score"":54.16666666666667},""_score"":37.42},""sr_quality"":{""SR1_touches"":{""value"":2,""score"":25.0},""SR2_tightness"":{""value"":0.35999999999999943,""score"":50.92908571345126},""SR3_recency"":{""value"":316,""score"":0.0},""SR4_price_location"":{""score"":32.77510814988792},""SR5_reaction"":{""value"":3.3184205786278635,""score"":100},""_score"":38.33,""_levels_found"":4,""_target_level"":21.89},""volume"":{""V1_rvol_day"":{""value"":0.49275155663145154,""score"":0},""V2_rvol_sameslot"":{""value"":0.695623863836053,""score"":13.041590922403534,""status"":""ok""},""V3_breakout_bar"":{""value"":0.5561860073413866,""score"":3.7457338227591044},""V4_base_dryup"":{""value"":1.448368137884968,""score"":5.163186211503202},""V5_bo_expansion"":{""value"":0.49275155663145154,""score"":0},""_score"":4.58},""readiness"":{""_distance_atr"":0.34,""BR1_atr_distance"":{""score"":77.35013817421797},""BR2_compression"":{""score"":0},""BR3_retest"":{""score"":50.0},""BR4_bo_age"":{""score"":50.0},""_score"":48.44},""risk"":{""R1_stop_clarity"":{""score"":65.07786599940613},""R2_stop_distance_pct"":{""value"":7.307397755384268,""score"":100.0},""R3_stop_distance_atr"":{""value"":0.9039271335868012,""score"":70.19635667934006},""R4_rr_potential"":{""value"":1.5585463319007768,""score"":27.927316595038842},""_score"":68.89},""market"":{""M1_spy_regime"":{""score"":100.0},""M3_earnings_risk"":{""value"":null,""score"":80.0},""M4_vix"":{""value"":null,""score"":60.0},""_score"":84.0},""liquidity"":{""L1_price"":{""value"":18.1501,""score"":100.0},""L2_dollar_vol"":{""value"":267201060.91470906,""score"":100.0},""L3_spread_proxy"":{""value"":0.07052302742133659,""score"":29.476972578663407},""L4_volume_zscore"":{""value"":-1.2039252793071773,""score"":100.0},""_score"":92.95},""pattern_structure"":{""left_low"":17.25,""left_idx"":35,""right_low"":17.08,""right_idx"":42,""separation_bars"":7,""structural_low"":17.08,""current_price"":18.445,""neckline_distance_pct"":0.01103822174030892,""base_bars"":7},""pattern_geometry_features"":{""low_similarity_pct"":0.009903874162540151,""bounce_pct"":0.09183840749414521,""right_bottom_reaction"":0.461111111111113,""atr_pct"":0.08084056207482526},""_schema_version"":""1.0""}",,,,,,,,,,
20260513T161427Z-28c0e1,2026-05-13T16:14:27.317311+00:00,KLAC,double_bottom,forming,56.52,76.5,67.7,59.2,45.6,13.2,36.9,61.1,84.0,72.5,11.48,16.92,4.73,6.39,1.72,2.95,3.67,5.04,3.62,False,,1829.13,1897.49,1669.575,2099.98,"{""trend"":{""T1_ema_stack"":{""value"":[true,true,true],""score"":100.0},""T2_ema50_slope"":{""value"":0.4239902369626909,""score"":100},""T3_high_proximity"":{""value"":0.9452868217054264,""score"":72.6434108527132},""T4_rs_1m"":{""value"":-0.04674735233144167,""score"":3.2526476685583248},""T5_rs_3m"":{""value"":0.1672227338573118,""score"":100},""T6_adr_healthy"":{""value"":3.545285375521175,""score"":100.0},""_score"":76.55},""geometry"":{""sub_low_similarity"":44.2,""sub_bounce_quality"":100,""sub_separation_fit"":0.0,""sub_right_bottom_reaction"":96.1,""sub_base_context"":100.0,""_score"":67.67},""compression"":{""VC1_atr_ratio"":{""value"":0.5776273824812704,""score"":100},""VC2_range_contraction"":{""value"":1.2865969264419732,""score"":0},""VC3_range_pct_rank"":{""score"":76.66666666666666},""_score"":59.17},""sr_quality"":{""SR1_touches"":{""value"":3,""score"":50.0},""SR2_tightness"":{""value"":19.994086742501274,""score"":54.102846687271644},""SR3_recency"":{""value"":232,""score"":0.0},""SR4_price_location"":{""score"":30.0},""SR5_reaction"":{""value"":2.7923631330846774,""score"":100},""_score"":45.62,""_levels_found"":6,""_target_level"":1673.287},""volume"":{""V1_rvol_day"":{""value"":0.27401067232553206,""score"":0},""V2_rvol_sameslot"":{""value"":0.4930447703681458,""score"":0,""status"":""ok""},""V3_breakout_bar"":{""value"":0.5020610970275441,""score"":0.1374064685029393},""V4_base_dryup"":{""value"":0.8414616028681423,""score"":65.85383971318578},""V5_bo_expansion"":{""value"":0.27401067232553206,""score"":0},""_score"":13.21},""readiness"":{""_distance_atr"":0.785,""BR1_atr_distance"":{""score"":47.69237790376818},""BR2_compression"":{""score"":1.3164565555297547},""BR3_retest"":{""score"":50.0},""BR4_bo_age"":{""score"":50.0},""_score"":36.91},""risk"":{""R1_stop_clarity"":{""score"":41.635987779548266},""R2_stop_distance_pct"":{""value"":8.722999458759086,""score"":81.92501353102286},""R3_stop_distance_atr"":{""value"":1.8313215279909925,""score"":100.0},""R4_rr_potential"":{""value"":1.6975337657860914,""score"":34.87668828930457},""_score"":61.13},""market"":{""M1_spy_regime"":{""score"":100.0},""M3_earnings_risk"":{""value"":null,""score"":80.0},""M4_vix"":{""value"":null,""score"":60.0},""_score"":84.0},""liquidity"":{""L1_price"":{""value"":1829.13,""score"":0.0},""L2_dollar_vol"":{""value"":506747018.90817827,""score"":100.0},""L3_spread_proxy"":{""value"":0.02520597223816788,""score"":74.79402776183213},""L4_volume_zscore"":{""value"":-2.083733320381272,""score"":100.0},""_score"":72.48},""pattern_structure"":{""left_low"":1695.0,""left_idx"":30,""right_low"":1743.0,""right_idx"":75,""separation_bars"":45,""structural_low"":1695.0,""current_price"":1817.98,""neckline_distance_pct"":0.0437353546243633,""base_bars"":45},""pattern_geometry_features"":{""low_similarity_pct"":0.027923211169284468,""bounce_pct"":0.11946312684365783,""right_bottom_reaction"":0.9611069558713552,""atr_pct"":0.04763226623742278},""_schema_version"":""1.0""}",,,,,,,,,,
20260513T161427Z-28c0e1,2026-05-13T16:14:27.317311+00:00,UEC,double_bottom,forming,56.29,75.2,68.1,56.2,36.3,17.1,31.2,71.8,84.0,87.1,11.28,17.02,4.5,5.08,2.22,2.5,4.31,5.04,4.35,False,,15.64,16.8281,14.2135,19.2262,"{""trend"":{""T1_ema_stack"":{""value"":[true,true,true],""score"":100.0},""T2_ema50_slope"":{""value"":0.1361167587158465,""score"":72.68612645264108},""T3_high_proximity"":{""value"":0.9496053430479661,""score"":74.80267152398301},""T4_rs_1m"":{""value"":0.041619888096672275,""score"":91.61988809667227},""T5_rs_3m"":{""value"":-0.0854457904826722,""score"":7.277104758663896},""T6_adr_healthy"":{""value"":6.961551737746263,""score"":100.0},""_score"":75.17},""geometry"":{""sub_low_similarity"":50.7,""sub_bounce_quality"":100,""sub_separation_fit"":6.7,""sub_right_bottom_reaction"":79.0,""sub_base_context"":100.0,""_score"":68.06},""compression"":{""VC1_atr_ratio"":{""value"":0.5082520395337319,""score"":100},""VC2_range_contraction"":{""value"":1.0943238642707696,""score"":0},""VC3_range_pct_rank"":{""score"":65.0},""_score"":56.25},""sr_quality"":{""SR1_touches"":{""value"":2,""score"":25.0},""SR2_tightness"":{""value"":0.05749999999999922,""score"":90.45496045626487},""SR3_recency"":{""value"":296,""score"":0.0},""SR4_price_location"":{""score"":0.995201706060072},""SR5_reaction"":{""value"":3.263988522238164,""score"":100},""_score"":36.32,""_levels_found"":5,""_target_level"":20.2825},""volume"":{""V1_rvol_day"":{""value"":0.3243662992576713,""score"":0},""V2_rvol_sameslot"":{""value"":0.5897904536091563,""score"":5.986030240610418,""status"":""ok""},""V3_breakout_bar"":{""value"":0.6300381851075828,""score"":8.66921234050552},""V4_base_dryup"":{""value"":0.8135153576452592,""score"":68.64846423547408},""V5_bo_expansion"":{""value"":0.3243662992576713,""score"":0},""_score"":17.09},""readiness"":{""_distance_atr"":0.986,""BR1_atr_distance"":{""score"":34.258194307757435},""BR2_compression"":{""score"":0},""BR3_retest"":{""score"":50.0},""BR4_bo_age"":{""score"":50.0},""_score"":31.2},""risk"":{""R1_stop_clarity"":{""score"":64.06915114362616},""R2_stop_distance_pct"":{""value"":9.120524296675198,""score"":71.98689258312005},""R3_stop_distance_atr"":{""value"":1.1839584049705356,""score"":84.19792024852678},""R4_rr_potential"":{""value"":2.5140733989975086,""score"":75.70366994987543},""_score"":71.79},""market"":{""M1_spy_regime"":{""score"":100.0},""M3_earnings_risk"":{""value"":null,""score"":80.0},""M4_vix"":{""value"":null,""score"":60.0},""_score"":84.0},""liquidity"":{""L1_price"":{""value"":15.64,""score"":100.0},""L2_dollar_vol"":{""value"":44845401.21295284,""score"":82.58589569092307},""L3_spread_proxy"":{""value"":0.05945652173913043,""score"":40.54347826086957},""L4_volume_zscore"":{""value"":-2.7572972413924193,""score"":100.0},""_score"":87.09},""pattern_structure"":{""left_low"":14.43,""left_idx"":31,""right_low"":14.79,""right_idx"":75,""separation_bars"":44,""structural_low"":14.43,""current_price"":15.8,""neckline_distance_pct"":0.06506962025316446,""base_bars"":44},""pattern_geometry_features"":{""low_similarity_pct"":0.024640657084188874,""bounce_pct"":0.16618849618849615,""right_bottom_reaction"":0.7903225806451633,""atr_pct"":0.07703416149068322},""_schema_version"":""1.0""}",,,,,,,,,,
20260513T161427Z-28c0e1,2026-05-13T16:14:27.317311+00:00,CCJ,cup_with_handle,forming,56.19,47.1,71.5,56.7,48.1,23.6,23.5,77.7,84.0,95.9,6.59,21.46,4.53,5.78,3.07,1.88,3.89,4.2,4.8,False,,116.34,124.7199,110.3397,146.3659,"{""trend"":{""T1_ema_stack"":{""value"":[false,true,true],""score"":66.66666666666666},""T2_ema50_slope"":{""value"":0.17740777023013443,""score"":79.56796170502241},""T3_high_proximity"":{""value"":0.9199019530323397,""score"":59.95097651616982},""T4_rs_1m"":{""value"":-0.06283239327815404,""score"":0},""T5_rs_3m"":{""value"":-0.09292309081903782,""score"":3.538454590481088},""T6_adr_healthy"":{""value"":5.2575409151983,""score"":100.0},""_score"":47.1},""geometry"":{""sub_cup_depth"":97.8,""sub_cup_duration"":100.0,""sub_rim_symmetry"":51.3,""sub_handle_shallowness"":15.1,""sub_handle_proportion"":100.0,""sub_u_shape"":91.2,""_score"":71.52},""compression"":{""VC1_atr_ratio"":{""value"":0.5771551554618152,""score"":100},""VC2_range_contraction"":{""value"":1.2262783785117393,""score"":0},""VC3_range_pct_rank"":{""score"":66.66666666666667},""_score"":56.67},""sr_quality"":{""SR1_touches"":{""value"":3,""score"":50.0},""SR2_tightness"":{""value"":1.0735130284361822,""score"":67.3512507929504},""SR3_recency"":{""value"":248,""score"":0.0},""SR4_price_location"":{""score"":34.15747440924344},""SR5_reaction"":{""value"":1.931529480513414,""score"":96.5764740256707},""_score"":48.13,""_levels_found"":6,""_target_level"":121.2853},""volume"":{""V1_rvol_day"":{""value"":0.5260861668430398,""score"":1.7390777895359848},""V2_rvol_sameslot"":{""value"":0.9651485862679331,""score"":31.00990575119554,""status"":""ok""},""V3_breakout_bar"":{""value"":1.0129926812749075,""score"":34.199512084993835},""V4_base_dryup"":{""value"":1.0739019516930048,""score"":42.60980483069952},""V5_bo_expansion"":{""value"":0.5260861668430398,""score"":0},""_score"":23.62},""readiness"":{""_distance_atr"":1.274,""BR1_atr_distance"":{""score"":15.047373674726586},""BR2_compression"":{""score"":0},""BR3_retest"":{""score"":50.0},""BR4_bo_age"":{""score"":50.0},""_score"":23.52},""risk"":{""R1_stop_clarity"":{""score"":48.89704005500401},""R2_stop_distance_pct"":{""value"":5.1575554409489515,""score"":100.0},""R3_stop_distance_atr"":{""value"":0.9124355488840071,""score"":70.62177744420035},""R4_rr_potential"":{""value"":5.004066463343492,""score"":100.0},""_score"":77.71},""market"":{""M1_spy_regime"":{""score"":100.0},""M3_earnings_risk"":{""value"":null,""score"":80.0},""M4_vix"":{""value"":null,""score"":60.0},""_score"":84.0},""liquidity"":{""L1_price"":{""value"":116.34,""score"":100.0},""L2_dollar_vol"":{""value"":196327950.49537194,""score"":100.0},""L3_spread_proxy"":{""value"":0.04065669589135296,""score"":59.34330410864704},""L4_volume_zscore"":{""value"":-1.6162949856535112,""score"":100.0},""_score"":95.93},""pattern_structure"":{""left_rim"":121.756,""left_rim_idx"":116,""cup_bottom"":100.11,""cup_bottom_idx"":142,""right_rim"":124.7199,""right_rim_idx"":173,""handle_low"":112.02,""handle_bars"":6,""cup_bars"":57,""structural_low"":112.02,""current_price"":116.34,""neckline_distance_pct"":0.07202939659618353,""base_bars"":63},""pattern_geometry_features"":{""cup_depth_pct"":0.1777817930943855,""rim_symmetry_pct"":0.024342948191464858,""handle_depth_pct"":0.10182737478141018,""handle_to_cup_ratio"":0.10526315789473684,""cup_duration_bars"":57.0,""atr_pct"":0.05652514796532333,""u_shape_score"":0.45614035087719296},""_schema_version"":""1.0""}",,,,,,,,,,
20260513T161427Z-28c0e1,2026-05-13T16:14:27.317311+00:00,KEYS,breakout_retest_hold,setup,56.04,94.8,50.0,50.4,42.6,42.3,41.2,55.2,84.0,97.1,13.27,11.0,3.03,5.96,5.5,7.41,2.76,4.2,2.91,False,,361.62,354.23,348.5592,358.53,"{""trend"":{""T1_ema_stack"":{""value"":[true,true,true],""score"":100.0},""T2_ema50_slope"":{""value"":0.5343606260071194,""score"":100},""T3_high_proximity"":{""value"":0.9862005017999346,""score"":93.10025089996726},""T4_rs_1m"":{""value"":0.02904786545684601,""score"":79.04786545684601},""T5_rs_3m"":{""value"":0.4501905045488219,""score"":100},""T6_adr_healthy"":{""value"":2.6323851965894636,""score"":100.0},""_score"":94.77},""geometry"":{""sub_retest_depth"":100.0,""sub_retest_timing"":0.0,""sub_retest_freshness"":100.0,""sub_hold_quality"":0.0,""_score"":50.0},""compression"":{""VC1_atr_ratio"":{""value"":0.4594425440992791,""score"":100},""VC2_range_contraction"":{""value"":1.0048616306511748,""score"":0},""VC3_range_pct_rank"":{""score"":41.666666666666664},""_score"":50.42},""sr_quality"":{""SR1_touches"":{""value"":2,""score"":25.0},""SR2_tightness"":{""value"":0.8850000000000193,""score"":83.89202063485425},""SR3_recency"":{""value"":254,""score"":0.0},""SR4_price_location"":{""score"":30.0},""SR5_reaction"":{""value"":2.858028768149104,""score"":100},""_score"":42.58,""_levels_found"":3,""_target_level"":265.585},""volume"":{""V1_rvol_day"":{""value"":0.45110872218732195,""score"":0},""V2_rvol_sameslot"":{""value"":1.7188651125207361,""score"":81.25767416804908,""status"":""ok""},""V3_breakout_bar"":{""value"":1.207769743807471,""score"":47.184649587164735},""V4_base_dryup"":{""value"":0.7867812922217372,""score"":71.32187077782628},""V5_bo_expansion"":{""value"":0.45110872218732206,""score"":0},""_score"":42.31},""readiness"":{""_distance_atr"":-0.673,""BR1_atr_distance"":{""score"":46.54938220243793},""BR2_compression"":{""score"":0},""BR3_retest"":{""score"":90.21690518783527},""BR4_bo_age"":{""score"":30.0},""_score"":41.16},""risk"":{""R1_stop_clarity"":{""score"":35.917543786662065},""R2_stop_distance_pct"":{""value"":3.61174713787955,""score"":100.0},""R3_stop_distance_atr"":{""value"":1.188605067188088,""score"":84.43025335940439},""R4_rr_potential"":{""value"":-0.2365858140389495,""score"":0.0},""_score"":55.24},""market"":{""M1_spy_regime"":{""score"":100.0},""M3_earnings_risk"":{""value"":null,""score"":80.0},""M4_vix"":{""value"":null,""score"":60.0},""_score"":84.0},""liquidity"":{""L1_price"":{""value"":361.62,""score"":100.0},""L2_dollar_vol"":{""value"":183559410.97077402,""score"":100.0},""L3_spread_proxy"":{""value"":0.029381671367734084,""score"":70.61832863226591},""L4_volume_zscore"":{""value"":-1.8406586598953782,""score"":100.0},""_score"":97.06},""pattern_structure"":{""level"":354.23,""level_idx"":36,""breakout_idx"":42,""bo_peak_idx"":66,""bo_peak_price"":370.175,""retest_idx"":75,""retest_low"":352.08,""structural_low"":352.08,""current_price"":364.185,""neckline_distance_pct"":-0.02733500830621795,""base_bars"":43,""bars_since_breakout"":37},""pattern_geometry_features"":{""retest_depth_atr"":0.45870930478871863,""bars_breakout_to_retest"":33.0,""bars_since_retest"":4.0,""current_above_level_atr"":2.1239307577542395,""bo_peak_excess_pct"":0.04501312706433671,""atr_pct"":0.03038643564278208},""_schema_version"":""1.0""}",,,,,,,,,,
20260513T161427Z-28c0e1,2026-05-13T16:14:27.317311+00:00,IONQ,bull_flag,forming,56.03,87.8,62.0,28.8,68.9,1.1,36.7,81.6,84.0,94.3,12.3,18.6,2.59,6.89,0.16,3.3,2.45,5.04,4.71,False,,54.49,59.15,51.3875,72.58,"{""trend"":{""T1_ema_stack"":{""value"":[true,true,false],""score"":66.66666666666666},""T2_ema50_slope"":{""value"":0.6276374302385773,""score"":100},""T3_high_proximity"":{""value"":0.9578133239585165,""score"":78.90666197925822},""T4_rs_1m"":{""value"":0.4585246364306945,""score"":100},""T5_rs_3m"":{""value"":0.5521500882521309,""score"":100},""T6_adr_healthy"":{""value"":8.536280646711871,""score"":86.59298383220322},""_score"":87.83},""geometry"":{""sub_pole_impulse"":66.0,""sub_flag_tightness"":53.0,""sub_flag_shallowness"":19.7,""sub_flag_drift"":100,""sub_flag_duration"":100.0,""_score"":61.99},""compression"":{""VC1_atr_ratio"":{""value"":0.8889369666065199,""score"":27.765758348370028},""VC2_range_contraction"":{""value"":1.2274660426245017,""score"":0},""VC3_range_pct_rank"":{""score"":70.83333333333333},""_score"":28.81},""sr_quality"":{""SR1_touches"":{""value"":4,""score"":75.0},""SR2_tightness"":{""value"":1.241726172259811,""score"":43.51122465921563},""SR3_recency"":{""value"":302,""score"":0.0},""SR4_price_location"":{""score"":99.32150562373303},""SR5_reaction"":{""value"":2.166921205996514,""score"":100},""_score"":68.86,""_levels_found"":6,""_target_level"":54.5291},""volume"":{""V1_rvol_day"":{""value"":0.35086418954430587,""score"":0},""V2_rvol_sameslot"":{""value"":0.49710274756388717,""score"":0,""status"":""ok""},""V3_breakout_bar"":{""value"":0.5665926965539307,""score"":4.439513103595383},""V4_base_dryup"":{""value"":1.7925743108913987,""score"":0},""V5_bo_expansion"":{""value"":0.35086418954430587,""score"":0},""_score"":1.11},""readiness"":{""_distance_atr"":1.06,""BR1_atr_distance"":{""score"":29.335549450222175},""BR2_compression"":{""score"":29.882731632443686},""BR3_retest"":{""score"":50.0},""BR4_bo_age"":{""score"":50.0},""_score"":36.7},""risk"":{""R1_stop_clarity"":{""score"":64.40012932764246},""R2_stop_distance_pct"":{""value"":5.693797026977428,""score"":100.0},""R3_stop_distance_atr"":{""value"":0.7057081257077685,""score"":60.28540628538843},""R4_rr_potential"":{""value"":5.830687660150518,""score"":100.0},""_score"":81.58},""market"":{""M1_spy_regime"":{""score"":100.0},""M3_earnings_risk"":{""value"":null,""score"":80.0},""M4_vix"":{""value"":null,""score"":60.0},""_score"":84.0},""liquidity"":{""L1_price"":{""value"":54.49,""score"":100.0},""L2_dollar_vol"":{""value"":699594329.3621135,""score"":100.0},""L3_spread_proxy"":{""value"":0.05707469260414754,""score"":42.92530739585246},""L4_volume_zscore"":{""value"":-1.3950190715415753,""score"":100.0},""_score"":94.29},""pattern_structure"":{""pole_low"":45.72,""pole_low_idx"":43,""peak_price"":59.15,""peak_idx"":52,""pole_gain"":0.2937445319335083,""flag_bars"":7,""flag_low"":52.17,""flag_high"":57.07,""structural_low"":52.17,""current_price"":55.05,""neckline_distance_pct"":0.0744777475022707,""base_bars"":7},""pattern_geometry_features"":{""pole_gain"":0.2937445319335083,""pullback_pct"":0.11800507185122565,""flag_range_pct"":0.08284023668639051,""flag_drift_per_bar"":0.004697612560010397,""atr_pct"":0.08068203864405,""pole_atr_multiple"":3.6407673488450065},""_schema_version"":""1.0""}",,,,,,,,,,
20260513T161427Z-28c0e1,2026-05-13T16:14:27.317311+00:00,ORCL,vcp,forming,55.61,88.6,53.2,57.1,40.0,15.2,56.6,31.0,84.0,96.7,13.29,13.31,6.85,4.8,1.97,3.96,1.55,5.04,4.83,False,,187.905,189.18,157.925,214.16,"{""trend"":{""T1_ema_stack"":{""value"":[true,true,false],""score"":66.66666666666666},""T2_ema50_slope"":{""value"":0.33223104299381195,""score"":100},""T3_high_proximity"":{""value"":0.9589436080632815,""score"":79.47180403164073},""T4_rs_1m"":{""value"":0.08754647252956738,""score"":100},""T5_rs_3m"":{""value"":0.12653506946696846,""score"":100},""T6_adr_healthy"":{""value"":4.305701432325713,""score"":100.0},""_score"":88.59},""geometry"":{""sub_contraction_count"":100.0,""sub_reduction_rate"":7.0,""sub_pivot_tightness"":0,""sub_volume_dryup"":53.4,""sub_base_depth"":84.8,""sub_base_duration"":100.0,""_score"":53.24},""compression"":{""VC1_atr_ratio"":{""value"":0.6158304320984438,""score"":96.04239197538905},""VC2_range_contraction"":{""value"":0.9797749375399742,""score"":3.370843743337626},""VC3_range_pct_rank"":{""score"":70.0},""_score"":57.1},""sr_quality"":{""SR1_touches"":{""value"":3,""score"":50.0},""SR2_tightness"":{""value"":0.6800833298615336,""score"":84.64945700389687},""SR3_recency"":{""value"":227,""score"":0.0},""SR4_price_location"":{""score"":9.439532881333633},""SR5_reaction"":{""value"":1.330587932759316,""score"":66.5293966379658},""_score"":40.04,""_levels_found"":6,""_target_level"":200.7366},""volume"":{""V1_rvol_day"":{""value"":0.2526541836082305,""score"":0},""V2_rvol_sameslot"":{""value"":0.5099522431806407,""score"":0.6634828787093798,""status"":""ok""},""V3_breakout_bar"":{""value"":0.8979503961094164,""score"":26.53002640729443},""V4_base_dryup"":{""value"":1.0809238500300247,""score"":41.90761499699753},""V5_bo_expansion"":{""value"":0.2526541836082305,""score"":0},""_score"":15.15},""readiness"":{""_distance_atr"":0.144,""BR1_atr_distance"":{""score"":90.40708618064178},""BR2_compression"":{""score"":11.813828144346914},""BR3_retest"":{""score"":50.0},""BR4_bo_age"":{""score"":50.0},""_score"":56.62},""risk"":{""R1_stop_clarity"":{""score"":45.71652214149275},""R2_stop_distance_pct"":{""value"":15.954844203187783,""score"":0.0},""R3_stop_distance_atr"":{""value"":3.3834714901019676,""score"":100.0},""R4_rr_potential"":{""value"":0.8757519608938639,""score"":0.0},""_score"":31.0},""market"":{""M1_spy_regime"":{""score"":100.0},""M3_earnings_risk"":{""value"":null,""score"":80.0},""M4_vix"":{""value"":null,""score"":60.0},""_score"":84.0},""liquidity"":{""L1_price"":{""value"":187.905,""score"":100.0},""L2_dollar_vol"":{""value"":1338919718.0675201,""score"":100.0},""L3_spread_proxy"":{""value"":0.033208270136505194,""score"":66.79172986349481},""L4_volume_zscore"":{""value"":-2.141183396655803,""score"":100.0},""_score"":96.68},""pattern_structure"":{""n_contractions"":5,""contractions_pct"":[27.01,16.21,20.27,10.08,15.25],""descending_strict"":false,""final_low"":160.33,""final_pivot"":189.18,""structural_low"":160.33,""dry_up_ratio"":0.7328719624235775,""current_price"":187.905,""neckline_distance_pct"":0.006785343657699399,""base_bars"":66},""pattern_geometry_features"":{""contraction_count"":5.0,""first_contraction_pct"":0.27014192434299283,""last_contraction_pct"":0.1525002642985516,""dry_up_ratio"":0.7328719624235775,""near_monotone"":0.0,""base_depth_pct"":0.13480114402892446},""_schema_version"":""1.0""}",,,,,,,,,,
20260513T161427Z-28c0e1,2026-05-13T16:14:27.317311+00:00,ORCL,bull_flag,forming,55.42,88.6,59.0,57.1,40.0,13.6,23.6,75.6,84.0,96.7,12.4,17.71,5.14,4.0,1.9,2.12,2.27,5.04,4.83,False,,187.905,200.15,178.157,238.54,"{""trend"":{""T1_ema_stack"":{""value"":[true,true,false],""score"":66.66666666666666},""T2_ema50_slope"":{""value"":0.33223104299381195,""score"":100},""T3_high_proximity"":{""value"":0.9589436080632815,""score"":79.47180403164073},""T4_rs_1m"":{""value"":0.08754647252956738,""score"":100},""T5_rs_3m"":{""value"":0.12653506946696846,""score"":100},""T6_adr_healthy"":{""value"":4.305701432325713,""score"":100.0},""_score"":88.59},""geometry"":{""sub_pole_impulse"":100.0,""sub_flag_tightness"":33.7,""sub_flag_shallowness"":18.8,""sub_flag_drift"":87.3,""sub_flag_duration"":37.5,""_score"":59.03},""compression"":{""VC1_atr_ratio"":{""value"":0.6158304320984438,""score"":96.04239197538905},""VC2_range_contraction"":{""value"":0.9797749375399742,""score"":3.370843743337626},""VC3_range_pct_rank"":{""score"":70.0},""_score"":57.1},""sr_quality"":{""SR1_touches"":{""value"":3,""score"":50.0},""SR2_tightness"":{""value"":0.6800833298615336,""score"":84.64945700389687},""SR3_recency"":{""value"":227,""score"":0.0},""SR4_price_location"":{""score"":9.439532881333633},""SR5_reaction"":{""value"":1.330587932759316,""score"":66.5293966379658},""_score"":40.04,""_levels_found"":6,""_target_level"":200.7366},""volume"":{""V1_rvol_day"":{""value"":0.2526541836082305,""score"":0},""V2_rvol_sameslot"":{""value"":0.5099522431806407,""score"":0.6634828787093798,""status"":""ok""},""V3_breakout_bar"":{""value"":0.8979503961094164,""score"":26.53002640729443},""V4_base_dryup"":{""value"":1.160036191943051,""score"":33.9963808056949},""V5_bo_expansion"":{""value"":0.2526541836082305,""score"":0},""_score"":13.56},""readiness"":{""_distance_atr"":1.382,""BR1_atr_distance"":{""score"":7.870408064281619},""BR2_compression"":{""score"":11.813828144346914},""BR3_retest"":{""score"":50.0},""BR4_bo_age"":{""score"":50.0},""_score"":23.6},""risk"":{""R1_stop_clarity"":{""score"":38.76219005416355},""R2_stop_distance_pct"":{""value"":5.187702030281259,""score"":100.0},""R3_stop_distance_atr"":{""value"":1.100132454762156,""score"":80.00662273810781},""R4_rr_potential"":{""value"":5.194424695280852,""score"":100.0},""_score"":75.57},""market"":{""M1_spy_regime"":{""score"":100.0},""M3_earnings_risk"":{""value"":null,""score"":80.0},""M4_vix"":{""value"":null,""score"":60.0},""_score"":84.0},""liquidity"":{""L1_price"":{""value"":187.905,""score"":100.0},""L2_dollar_vol"":{""value"":1338919718.0675201,""score"":100.0},""L3_spread_proxy"":{""value"":0.033208270136505194,""score"":66.79172986349481},""L4_volume_zscore"":{""value"":-2.141183396655803,""score"":100.0},""_score"":96.68},""pattern_structure"":{""pole_low"":161.76,""pole_low_idx"":9,""peak_price"":200.15,""peak_idx"":34,""pole_gain"":0.2373269040553908,""flag_bars"":25,""flag_low"":180.8701,""flag_high"":199.77,""structural_low"":180.8701,""current_price"":189.165,""neckline_distance_pct"":0.05807099622023109,""base_bars"":25},""pattern_geometry_features"":{""pole_gain"":0.2373269040553908,""pullback_pct"":0.09632725455908067,""flag_range_pct"":0.09442867849113167,""flag_drift_per_bar"":-0.002534779364372579,""atr_pct"":0.047155249423150754,""pole_atr_multiple"":5.032884078837588},""_schema_version"":""1.0""}",,,,,,,,,,
20260513T161427Z-28c0e1,2026-05-13T16:14:27.317311+00:00,ORCL,cup_with_handle,forming,55.3,88.6,56.2,57.1,40.0,15.2,23.6,75.6,84.0,96.7,12.4,16.86,4.57,4.8,1.97,1.89,3.78,4.2,4.83,False,,187.905,200.15,178.157,265.9499,"{""trend"":{""T1_ema_stack"":{""value"":[true,true,false],""score"":66.66666666666666},""T2_ema50_slope"":{""value"":0.33223104299381195,""score"":100},""T3_high_proximity"":{""value"":0.9589436080632815,""score"":79.47180403164073},""T4_rs_1m"":{""value"":0.08754647252956738,""score"":100},""T5_rs_3m"":{""value"":0.12653506946696846,""score"":100},""T6_adr_healthy"":{""value"":4.305701432325713,""score"":100.0},""_score"":88.59},""geometry"":{""sub_cup_depth"":51.6,""sub_cup_duration"":60.0,""sub_rim_symmetry"":97.8,""sub_handle_shallowness"":19.7,""sub_handle_proportion"":70.4,""sub_u_shape"":42.2,""_score"":56.19},""compression"":{""VC1_atr_ratio"":{""value"":0.6158304320984438,""score"":96.04239197538905},""VC2_range_contraction"":{""value"":0.9797749375399742,""score"":3.370843743337626},""VC3_range_pct_rank"":{""score"":70.0},""_score"":57.1},""sr_quality"":{""SR1_touches"":{""value"":3,""score"":50.0},""SR2_tightness"":{""value"":0.6800833298615336,""score"":84.64945700389687},""SR3_recency"":{""value"":227,""score"":0.0},""SR4_price_location"":{""score"":9.439532881333633},""SR5_reaction"":{""value"":1.330587932759316,""score"":66.5293966379658},""_score"":40.04,""_levels_found"":6,""_target_level"":200.7366},""volume"":{""V1_rvol_day"":{""value"":0.2526541836082305,""score"":0},""V2_rvol_sameslot"":{""value"":0.5099522431806407,""score"":0.6634828787093798,""status"":""ok""},""V3_breakout_bar"":{""value"":0.8979503961094164,""score"":26.53002640729443},""V4_base_dryup"":{""value"":1.0809238500300247,""score"":41.90761499699753},""V5_bo_expansion"":{""value"":0.2526541836082305,""score"":0},""_score"":15.15},""readiness"":{""_distance_atr"":1.382,""BR1_atr_distance"":{""score"":7.870408064281619},""BR2_compression"":{""score"":11.813828144346914},""BR3_retest"":{""score"":50.0},""BR4_bo_age"":{""score"":50.0},""_score"":23.6},""risk"":{""R1_stop_clarity"":{""score"":38.76219005416355},""R2_stop_distance_pct"":{""value"":5.187702030281259,""score"":100.0},""R3_stop_distance_atr"":{""value"":1.100132454762156,""score"":80.00662273810781},""R4_rr_potential"":{""value"":8.006287269689434,""score"":100.0},""_score"":75.57},""market"":{""M1_spy_regime"":{""score"":100.0},""M3_earnings_risk"":{""value"":null,""score"":80.0},""M4_vix"":{""value"":null,""score"":60.0},""_score"":84.0},""liquidity"":{""L1_price"":{""value"":187.905,""score"":100.0},""L2_dollar_vol"":{""value"":1338919718.0675201,""score"":100.0},""L3_spread_proxy"":{""value"":0.033208270136505194,""score"":66.79172986349481},""L4_volume_zscore"":{""value"":-2.141183396655803,""score"":100.0},""_score"":96.68},""pattern_structure"":{""left_rim"":200.3699,""left_rim_idx"":85,""cup_bottom"":134.57,""cup_bottom_idx"":156,""right_rim"":200.15,""right_rim_idx"":175,""handle_low"":180.8701,""handle_bars"":4,""cup_bars"":90,""structural_low"":180.8701,""current_price"":187.905,""neckline_distance_pct"":0.06516590830472847,""base_bars"":94},""pattern_geometry_features"":{""cup_depth_pct"":0.32839213873940154,""rim_symmetry_pct"":0.0010974702288117904,""handle_depth_pct"":0.09632725455908067,""handle_to_cup_ratio"":0.044444444444444446,""cup_duration_bars"":90.0,""atr_pct"":0.047155249423150754,""u_shape_score"":0.2111111111111111},""_schema_version"":""1.0""}",,,,,,,,,,
20260513T161427Z-28c0e1,2026-05-13T16:14:27.317311+00:00,INTC,bull_flag,forming,55.23,94.4,67.1,5.8,50.5,16.3,21.1,81.2,84.0,92.8,13.21,20.14,0.52,5.05,2.28,1.89,2.43,5.04,4.64,False,,119.7,132.75,113.275,169.3,"{""trend"":{""T1_ema_stack"":{""value"":[true,true,true],""score"":100.0},""T2_ema50_slope"":{""value"":1.1256874976281952,""score"":100},""T3_high_proximity"":{""value"":0.924752781211372,""score"":62.376390605686005},""T4_rs_1m"":{""value"":0.810636584758837,""score"":100},""T5_rs_3m"":{""value"":1.4096804840822925,""score"":100},""T6_adr_healthy"":{""value"":6.67882771838059,""score"":100.0},""_score"":94.36},""geometry"":{""sub_pole_impulse"":94.1,""sub_flag_tightness"":53.5,""sub_flag_shallowness"":29.6,""sub_flag_drift"":64.1,""sub_flag_duration"":100.0,""_score"":67.14},""compression"":{""VC1_atr_ratio"":{""value"":1.3561384658635467,""score"":0},""VC2_range_contraction"":{""value"":1.3441059768774277,""score"":0},""VC3_range_pct_rank"":{""score"":23.33333333333333},""_score"":5.83},""sr_quality"":{""SR1_touches"":{""value"":5,""score"":100},""SR2_tightness"":{""value"":2.034394258741408,""score"":57.38210245199986},""SR3_recency"":{""value"":257,""score"":0.0},""SR4_price_location"":{""score"":30.0},""SR5_reaction"":{""value"":0.5925965828195292,""score"":29.62982914097646},""_score"":50.55,""_levels_found"":2,""_target_level"":48.195},""volume"":{""V1_rvol_day"":{""value"":0.4500841631943141,""score"":0},""V2_rvol_sameslot"":{""value"":0.8553596816004224,""score"":23.69064544002816,""status"":""ok""},""V3_breakout_bar"":{""value"":0.897649948885619,""score"":26.509996592374602},""V4_base_dryup"":{""value"":1.2523483923176761,""score"":24.76516076823239},""V5_bo_expansion"":{""value"":0.4500841631943141,""score"":0},""_score"":16.32},""readiness"":{""_distance_atr"":1.367,""BR1_atr_distance"":{""score"":8.873192333676755},""BR2_compression"":{""score"":0},""BR3_retest"":{""score"":50.0},""BR4_bo_age"":{""score"":50.0},""_score"":21.05},""risk"":{""R1_stop_clarity"":{""score"":63.8635073047337},""R2_stop_distance_pct"":{""value"":5.367585630743535,""score"":100.0},""R3_stop_distance_atr"":{""value"":0.6729767117886528,""score"":58.648835589432636},""R4_rr_potential"":{""value"":7.719844357976641,""score"":100.0},""_score"":81.15},""market"":{""M1_spy_regime"":{""score"":100.0},""M3_earnings_risk"":{""value"":null,""score"":80.0},""M4_vix"":{""value"":null,""score"":60.0},""_score"":84.0},""liquidity"":{""L1_price"":{""value"":119.7,""score"":100.0},""L2_dollar_vol"":{""value"":8265868875.391195,""score"":100.0},""L3_spread_proxy"":{""value"":0.07176274018379285,""score"":28.237259816207157},""L4_volume_zscore"":{""value"":-1.5566060439883729,""score"":100.0},""_score"":92.82},""pattern_structure"":{""pole_low"":96.2,""pole_low_idx"":21,""peak_price"":132.75,""peak_idx"":46,""pole_gain"":0.3799376299376299,""flag_bars"":13,""flag_low"":115.0,""flag_high"":129.08,""structural_low"":115.0,""current_price"":121.285,""neckline_distance_pct"":0.09452941418971847,""base_bars"":13},""pattern_geometry_features"":{""pole_gain"":0.3799376299376299,""pullback_pct"":0.1337099811676083,""flag_range_pct"":0.10606403013182683,""flag_drift_per_bar"":-0.007185800450940401,""atr_pct"":0.07975886143931256,""pole_atr_multiple"":4.763578906235006},""_schema_version"":""1.0""}",,,,,,,,,,
20260513T161427Z-28c0e1,2026-05-13T16:14:27.317311+00:00,VZ,vcp,forming,55.0,45.4,61.5,66.2,60.5,30.0,29.9,62.8,84.0,98.1,6.81,15.36,7.95,7.25,3.9,2.09,3.14,5.04,4.9,True,risk_unclear,47.435,48.49,46.2014,52.995,"{""trend"":{""T1_ema_stack"":{""value"":[true,false,true],""score"":66.66666666666666},""T2_ema50_slope"":{""value"":-0.031202932216869067,""score"":44.79951129718849},""T3_high_proximity"":{""value"":0.9232191514207863,""score"":61.6095757103931},""T4_rs_1m"":{""value"":-0.022259010632990295,""score"":27.740989367009703},""T5_rs_3m"":{""value"":-0.10043931109534343,""score"":0},""T6_adr_healthy"":{""value"":2.1069122746261666,""score"":100.0},""_score"":45.42},""geometry"":{""sub_contraction_count"":100.0,""sub_reduction_rate"":0,""sub_pivot_tightness"":96.1,""sub_volume_dryup"":55.2,""sub_base_depth"":37.6,""sub_base_duration"":100.0,""_score"":61.45},""compression"":{""VC1_atr_ratio"":{""value"":0.2892878096422512,""score"":100},""VC2_range_contraction"":{""value"":0.7213689773491814,""score"":46.43850377513644},""VC3_range_pct_rank"":{""score"":40.0},""_score"":66.25},""sr_quality"":{""SR1_touches"":{""value"":4,""score"":75.0},""SR2_tightness"":{""value"":0.17029386365926205,""score"":66.55048626826135},""SR3_recency"":{""value"":231,""score"":0.0},""SR4_price_location"":{""score"":51.88556566970107},""SR5_reaction"":{""value"":2.280954051210104,""score"":100},""_score"":60.45,""_levels_found"":6,""_target_level"":48.73},""volume"":{""V1_rvol_day"":{""value"":0.2816661245690425,""score"":0},""V2_rvol_sameslot"":{""value"":0.8613730827430889,""score"":24.09153884953926,""status"":""ok""},""V3_breakout_bar"":{""value"":1.1210043594850958,""score"":41.40029063233972},""V4_base_dryup"":{""value"":0.7579076801914775,""score"":74.20923198085225},""V5_bo_expansion"":{""value"":0.2816661245690425,""score"":0},""_score"":30.01},""readiness"":{""_distance_atr"":1.036,""BR1_atr_distance"":{""score"":30.924821699988243},""BR2_compression"":{""score"":0},""BR3_retest"":{""score"":50.0},""BR4_bo_age"":{""score"":50.0},""_score"":29.87},""risk"":{""R1_stop_clarity"":{""score"":0},""R2_stop_distance_pct"":{""value"":2.600558659217881,""score"":100.0},""R3_stop_distance_atr"":{""value"":1.2115082427218553,""score"":85.57541213609277},""R4_rr_potential"":{""value"":4.50722493565449,""score"":100.0},""_score"":62.84},""market"":{""M1_spy_regime"":{""score"":100.0},""M3_earnings_risk"":{""value"":null,""score"":80.0},""M4_vix"":{""value"":null,""score"":60.0},""_score"":84.0},""liquidity"":{""L1_price"":{""value"":47.435,""score"":100.0},""L2_dollar_vol"":{""value"":295991765.2199366,""score"":100.0},""L3_spread_proxy"":{""value"":0.019078739327500812,""score"":80.92126067249919},""L4_volume_zscore"":{""value"":-2.2267767038375923,""score"":100.0},""_score"":98.09},""pattern_structure"":{""n_contractions"":5,""contractions_pct"":[3.12,5.33,14.34,4.92,3.27],""descending_strict"":false,""final_low"":46.905,""final_pivot"":48.49,""structural_low"":46.905,""dry_up_ratio"":0.7241117542394204,""current_price"":47.435,""neckline_distance_pct"":0.02224096131548434,""base_bars"":44},""pattern_geometry_features"":{""contraction_count"":5.0,""first_contraction_pct"":0.031219607080334506,""last_contraction_pct"":0.03268715199010107,""dry_up_ratio"":0.7241117542394204,""near_monotone"":0.0,""base_depth_pct"":0.08762886597938135},""_schema_version"":""1.0""}",,,,,,,,,,
20260513T161427Z-28c0e1,2026-05-13T16:14:27.317311+00:00,CW,double_bottom,forming,55.0,74.5,63.5,51.9,56.1,27.3,51.3,45.8,84.0,67.3,11.18,15.87,4.15,7.86,3.55,4.1,2.75,5.04,3.36,True,risk_unclear,744.97,750.0,694.5235,794.9,"{""trend"":{""T1_ema_stack"":{""value"":[true,true,true],""score"":100.0},""T2_ema50_slope"":{""value"":0.13557396526152207,""score"":72.59566087692035},""T3_high_proximity"":{""value"":1.0,""score"":99.99999999999997},""T4_rs_1m"":{""value"":-0.062066958146832274,""score"":0},""T5_rs_3m"":{""value"":0.1054747986348663,""score"":100},""T6_adr_healthy"":{""value"":2.9132218487352612,""score"":100.0},""_score"":74.52},""geometry"":{""sub_low_similarity"":72.1,""sub_bounce_quality"":48.1,""sub_separation_fit"":13.3,""sub_right_bottom_reaction"":68.1,""sub_base_context"":100.0,""_score"":63.46},""compression"":{""VC1_atr_ratio"":{""value"":0.3292852318936871,""score"":100},""VC2_range_contraction"":{""value"":1.092186664424047,""score"":0},""VC3_range_pct_rank"":{""score"":47.5},""_score"":51.88},""sr_quality"":{""SR1_touches"":{""value"":2,""score"":25.0},""SR2_tightness"":{""value"":0.9300000000000068,""score"":91.40454205915344},""SR3_recency"":{""value"":227,""score"":0.0},""SR4_price_location"":{""score"":89.81651091309902},""SR5_reaction"":{""value"":1.664792324295669,""score"":83.23961621478345},""_score"":56.15,""_levels_found"":7,""_target_level"":749.07},""volume"":{""V1_rvol_day"":{""value"":0.3681153821375074,""score"":0},""V2_rvol_sameslot"":{""value"":1.1477412811597556,""score"":43.18275207731704,""status"":""ok""},""V3_breakout_bar"":{""value"":0.8912656220124181,""score"":26.084374800827874},""V4_base_dryup"":{""value"":0.8937525327791427,""score"":60.62474672208573},""V5_bo_expansion"":{""value"":0.3681153821375074,""score"":0},""_score"":27.28},""readiness"":{""_distance_atr"":0.232,""BR1_atr_distance"":{""score"":84.50352923209405},""BR2_compression"":{""score"":0},""BR3_retest"":{""score"":50.0},""BR4_bo_age"":{""score"":50.0},""_score"":51.3},""risk"":{""R1_stop_clarity"":{""score"":2.2474613856312544},""R2_stop_distance_pct"":{""value"":6.771614964360982,""score"":100.0},""R3_stop_distance_atr"":{""value"":2.3312406936178083,""score"":100.0},""R4_rr_potential"":{""value"":0.9897614304262919,""score"":0.0},""_score"":45.79},""market"":{""M1_spy_regime"":{""score"":100.0},""M3_earnings_risk"":{""value"":null,""score"":80.0},""M4_vix"":{""value"":null,""score"":60.0},""_score"":84.0},""liquidity"":{""L1_price"":{""value"":744.97,""score"":0.0},""L2_dollar_vol"":{""value"":59068376.03933518,""score"":88.56775155046432},""L3_spread_proxy"":{""value"":0.031497912667624244,""score"":68.50208733237575},""L4_volume_zscore"":{""value"":-1.6964745291655106,""score"":100.0},""_score"":67.28},""pattern_structure"":{""left_low"":705.1,""left_idx"":31,""right_low"":715.0,""right_idx"":74,""separation_bars"":43,""structural_low"":705.1,""current_price"":742.08,""neckline_distance_pct"":0.01067270375161702,""base_bars"":43},""pattern_geometry_features"":{""low_similarity_pct"":0.01394268009295117,""bounce_pct"":0.06367891079279532,""right_bottom_reaction"":0.6809392265193293,""atr_pct"":0.029047257895332298},""_schema_version"":""1.0""}",,,,,,,,,,
20260513T161427Z-28c0e1,2026-05-13T16:14:27.317311+00:00,AMZN,ascending_triangle,forming,55.0,90.7,53.5,52.1,45.0,20.3,20.2,60.7,84.0,97.7,13.6,14.99,4.17,6.29,2.44,1.61,2.43,5.04,4.89,True,risk_unclear,268.36,278.56,258.6905,294.49,"{""trend"":{""T1_ema_stack"":{""value"":[true,true,true],""score"":100.0},""T2_ema50_slope"":{""value"":0.47968826029074946,""score"":100},""T3_high_proximity"":{""value"":0.9758900323648133,""score"":87.94501618240663},""T4_rs_1m"":{""value"":0.012419506109544454,""score"":62.41950610954446},""T5_rs_3m"":{""value"":0.24588093057134786,""score"":100},""T6_adr_healthy"":{""value"":2.491705408231083,""score"":100.0},""_score"":90.68},""geometry"":{""sub_flat_top_quality"":66.7,""sub_hl_slope"":20.2,""sub_compression"":49.8,""sub_duration"":100.0,""_score"":53.52},""compression"":{""VC1_atr_ratio"":{""value"":0.42338454844183704,""score"":100},""VC2_range_contraction"":{""value"":1.1168529182950775,""score"":0},""VC3_range_pct_rank"":{""score"":48.33333333333333},""_score"":52.08},""sr_quality"":{""SR1_touches"":{""value"":2,""score"":25.0},""SR2_tightness"":{""value"":0.009999999999990905,""score"":99.72559081278067},""SR3_recency"":{""value"":232,""score"":0.0},""SR4_price_location"":{""score"":30.0},""SR5_reaction"":{""value"":2.278625288374653,""score"":100},""_score"":44.96,""_levels_found"":7,""_target_level"":256.17},""volume"":{""V1_rvol_day"":{""value"":0.30709969763406136,""score"":0},""V2_rvol_sameslot"":{""value"":0.6087993994183478,""score"":7.253293294556522,""status"":""ok""},""V3_breakout_bar"":{""value"":0.9510315270475116,""score"":30.068768469834104},""V4_base_dryup"":{""value"":0.9312855596220111,""score"":56.87144403779889},""V5_bo_expansion"":{""value"":0.30709969763406136,""score"":0},""_score"":20.34},""readiness"":{""_distance_atr"":1.399,""BR1_atr_distance"":{""score"":6.700876345340163},""BR2_compression"":{""score"":0},""BR3_retest"":{""score"":50.0},""BR4_bo_age"":{""score"":50.0},""_score"":20.18},""risk"":{""R1_stop_clarity"":{""score"":0},""R2_stop_distance_pct"":{""value"":3.603163660754226,""score"":100.0},""R3_stop_distance_atr"":{""value"":1.3266929576802284,""score"":91.33464788401142},""R4_rr_potential"":{""value"":2.7023253649380146,""score"":85.11626824690073},""_score"":60.72},""market"":{""M1_spy_regime"":{""score"":100.0},""M3_earnings_risk"":{""value"":null,""score"":80.0},""M4_vix"":{""value"":null,""score"":60.0},""_score"":84.0},""liquidity"":{""L1_price"":{""value"":268.36,""score"":100.0},""L2_dollar_vol"":{""value"":3753170986.47092,""score"":100.0},""L3_spread_proxy"":{""value"":0.022991503949918078,""score"":77.00849605008193},""L4_volume_zscore"":{""value"":-1.8611797193435469,""score"":100.0},""_score"":97.7},""pattern_structure"":{""top"":278.56,""top_touches"":3,""low_slope_per_bar"":0.1594587047353744,""lowest_low"":262.63,""structural_low"":262.63,""current_price"":267.07,""neckline_distance_pct"":0.04302242857677766,""base_bars"":49},""pattern_geometry_features"":{""top_touches"":3.0,""low_slope"":0.1594587047353744,""compression"":0.24888254169920565,""atr_pct"":0.027158986861997747},""_schema_version"":""1.0""}",,,,,,,,,,
20260513T161427Z-28c0e1,2026-05-13T16:14:27.317311+00:00,TXN,double_bottom,setup,55.0,100.0,51.2,54.8,50.0,22.6,34.9,31.6,84.0,97.7,15.0,12.79,4.38,7.0,2.94,2.79,1.9,5.04,4.89,True,risk_unclear,304.41,296.3,272.3919,316.06,"{""trend"":{""T1_ema_stack"":{""value"":[true,true,true],""score"":100.0},""T2_ema50_slope"":{""value"":0.6953899010727641,""score"":100},""T3_high_proximity"":{""value"":1.0,""score"":99.99999999999997},""T4_rs_1m"":{""value"":0.3255806657265825,""score"":100},""T5_rs_3m"":{""value"":0.2745239955209522,""score"":100},""T6_adr_healthy"":{""value"":3.188719098181515,""score"":100.0},""_score"":100.0},""geometry"":{""sub_low_similarity"":21.4,""sub_bounce_quality"":59.2,""sub_separation_fit"":0.0,""sub_right_bottom_reaction"":86.0,""sub_base_context"":100.0,""_score"":51.16},""compression"":{""VC1_atr_ratio"":{""value"":0.533008811154506,""score"":100},""VC2_range_contraction"":{""value"":1.073246514702767,""score"":0},""VC3_range_pct_rank"":{""score"":59.166666666666664},""_score"":54.79},""sr_quality"":{""SR1_touches"":{""value"":4,""score"":75.0},""SR2_tightness"":{""value"":2.6941881894181074,""score"":45.217052387939596},""SR3_recency"":{""value"":278,""score"":0.0},""SR4_price_location"":{""score"":30.0},""SR5_reaction"":{""value"":1.7645881943703117,""score"":88.22940971851558},""_score"":50.02,""_levels_found"":6,""_target_level"":228.58},""volume"":{""V1_rvol_day"":{""value"":0.3527390073114582,""score"":0},""V2_rvol_sameslot"":{""value"":0.7311014940529272,""score"":15.406766270195149,""status"":""ok""},""V3_breakout_bar"":{""value"":0.9001164271213133,""score"":26.674428474754226},""V4_base_dryup"":{""value"":0.8583491855759755,""score"":64.16508144240245},""V5_bo_expansion"":{""value"":0.35273900731145824,""score"":0},""_score"":22.58},""readiness"":{""_distance_atr"":-0.825,""BR1_atr_distance"":{""score"":43.5093291968677},""BR2_compression"":{""score"":0},""BR3_retest"":{""score"":50.0},""BR4_bo_age"":{""score"":50.0},""_score"":34.9},""risk"":{""R1_stop_clarity"":{""score"":15.653573910637519},""R2_stop_distance_pct"":{""value"":10.518084162806742,""score"":37.04789592983144},""R3_stop_distance_atr"":{""value"":3.255240116163807,""score"":100.0},""R4_rr_potential"":{""value"":0.36385669355770567,""score"":0.0},""_score"":31.59},""market"":{""M1_spy_regime"":{""score"":100.0},""M3_earnings_risk"":{""value"":null,""score"":80.0},""M4_vix"":{""value"":null,""score"":60.0},""_score"":84.0},""liquidity"":{""L1_price"":{""value"":304.41,""score"":100.0},""L2_dollar_vol"":{""value"":952023133.3339081,""score"":100.0},""L3_spread_proxy"":{""value"":0.022831050228310463,""score"":77.16894977168954},""L4_volume_zscore"":{""value"":-1.2230161907518564,""score"":100.0},""_score"":97.72},""pattern_structure"":{""left_low"":276.54,""left_idx"":30,""right_low"":287.63,""right_idx"":75,""separation_bars"":45,""structural_low"":276.54,""current_price"":305.895,""neckline_distance_pct"":-0.03136697232710561,""base_bars"":45},""pattern_geometry_features"":{""low_similarity_pct"":0.03931439105234229,""bounce_pct"":0.07145440081000937,""right_bottom_reaction"":0.8598382749326187,""atr_pct"":0.032311239071365204},""_schema_version"":""1.0""}",,,,,,,,,,
20260513T161427Z-28c0e1,2026-05-13T16:14:27.317311+00:00,AMZN,double_bottom,forming,55.0,90.7,63.7,52.1,45.0,20.3,20.2,55.3,84.0,97.7,13.6,15.92,4.17,6.29,2.64,1.61,3.32,5.04,4.89,True,risk_unclear,268.36,278.56,252.3176,300.96,"{""trend"":{""T1_ema_stack"":{""value"":[true,true,true],""score"":100.0},""T2_ema50_slope"":{""value"":0.47968826029074946,""score"":100},""T3_high_proximity"":{""value"":0.9758900323648133,""score"":87.94501618240663},""T4_rs_1m"":{""value"":0.012419506109544454,""score"":62.41950610954446},""T5_rs_3m"":{""value"":0.24588093057134786,""score"":100},""T6_adr_healthy"":{""value"":2.491705408231083,""score"":100.0},""_score"":90.68},""geometry"":{""sub_low_similarity"":50.1,""sub_bounce_quality"":82.1,""sub_separation_fit"":0.0,""sub_right_bottom_reaction"":81.6,""sub_base_context"":100.0,""_score"":63.69},""compression"":{""VC1_atr_ratio"":{""value"":0.42338454844183704,""score"":100},""VC2_range_contraction"":{""value"":1.1168529182950775,""score"":0},""VC3_range_pct_rank"":{""score"":48.33333333333333},""_score"":52.08},""sr_quality"":{""SR1_touches"":{""value"":2,""score"":25.0},""SR2_tightness"":{""value"":0.009999999999990905,""score"":99.72559081278067},""SR3_recency"":{""value"":232,""score"":0.0},""SR4_price_location"":{""score"":30.0},""SR5_reaction"":{""value"":2.278625288374653,""score"":100},""_score"":44.96,""_levels_found"":7,""_target_level"":256.17},""volume"":{""V1_rvol_day"":{""value"":0.30709969763406136,""score"":0},""V2_rvol_sameslot"":{""value"":0.6087993994183478,""score"":7.253293294556522,""status"":""ok""},""V3_breakout_bar"":{""value"":0.9510315270475116,""score"":30.068768469834104},""V4_base_dryup"":{""value"":0.9312855596220111,""score"":56.87144403779889},""V5_bo_expansion"":{""value"":0.30709969763406136,""score"":0},""_score"":20.34},""readiness"":{""_distance_atr"":1.399,""BR1_atr_distance"":{""score"":6.700876345340163},""BR2_compression"":{""score"":0},""BR3_retest"":{""score"":50.0},""BR4_bo_age"":{""score"":50.0},""_score"":20.18},""risk"":{""R1_stop_clarity"":{""score"":0},""R2_stop_distance_pct"":{""value"":5.9779400804888905,""score"":100.0},""R3_stop_distance_atr"":{""value"":2.201090972525758,""score"":100.0},""R4_rr_potential"":{""value"":2.0321148955268535,""score"":51.605744776342675},""_score"":55.32},""market"":{""M1_spy_regime"":{""score"":100.0},""M3_earnings_risk"":{""value"":null,""score"":80.0},""M4_vix"":{""value"":null,""score"":60.0},""_score"":84.0},""liquidity"":{""L1_price"":{""value"":268.36,""score"":100.0},""L2_dollar_vol"":{""value"":3753170986.47092,""score"":100.0},""L3_spread_proxy"":{""value"":0.022991503949918078,""score"":77.00849605008193},""L4_volume_zscore"":{""value"":-1.8611797193435469,""score"":100.0},""_score"":97.7},""pattern_structure"":{""left_low"":256.16,""left_idx"":26,""right_low"":262.63,""right_idx"":75,""separation_bars"":49,""structural_low"":256.16,""current_price"":267.07,""neckline_distance_pct"":0.04302242857677766,""base_bars"":49},""pattern_geometry_features"":{""low_similarity_pct"":0.024942655024190793,""bounce_pct"":0.08744534665833845,""right_bottom_reaction"":0.8157894736842263,""atr_pct"":0.027158986861997747},""_schema_version"":""1.0""}",,,,,,,,,,
20260513T161427Z-28c0e1,2026-05-13T16:14:27.317311+00:00,BA,double_bottom,forming,55.0,74.5,57.4,50.9,42.7,25.8,55.5,35.7,84.0,96.7,11.17,14.34,4.07,5.98,3.36,4.44,2.14,5.04,4.84,True,risk_unclear,240.47,241.21,218.2563,260.84,"{""trend"":{""T1_ema_stack"":{""value"":[true,true,true],""score"":100.0},""T2_ema50_slope"":{""value"":0.15119131246927126,""score"":75.19855207821188},""T3_high_proximity"":{""value"":0.9853712506146534,""score"":92.68562530732666},""T4_rs_1m"":{""value"":0.009385262139078199,""score"":59.3852621390782},""T5_rs_3m"":{""value"":-0.05127423766297179,""score"":24.362881168514107},""T6_adr_healthy"":{""value"":2.8311421074680356,""score"":100.0},""_score"":74.47},""geometry"":{""sub_low_similarity"":15.8,""sub_bounce_quality"":83.7,""sub_separation_fit"":86.7,""sub_right_bottom_reaction"":19.1,""sub_base_context"":100.0,""_score"":57.35},""compression"":{""VC1_atr_ratio"":{""value"":0.4675571306445664,""score"":100},""VC2_range_contraction"":{""value"":0.9068217818004276,""score"":15.529703033262066},""VC3_range_pct_rank"":{""score"":21.666666666666668},""_score"":50.85},""sr_quality"":{""SR1_touches"":{""value"":2,""score"":25.0},""SR2_tightness"":{""value"":0.4749999999999943,""score"":84.84503190519617},""SR3_recency"":{""value"":236,""score"":0.0},""SR4_price_location"":{""score"":30.0},""SR5_reaction"":{""value"":2.0985642661804897,""score"":100},""_score"":42.73,""_levels_found"":4,""_target_level"":235.975},""volume"":{""V1_rvol_day"":{""value"":0.46049520175726966,""score"":0},""V2_rvol_sameslot"":{""value"":0.8699725237737312,""score"":24.664834918248747,""status"":""ok""},""V3_breakout_bar"":{""value"":1.0556896579294432,""score"":37.04597719529622},""V4_base_dryup"":{""value"":0.9178417882839788,""score"":58.21582117160212},""V5_bo_expansion"":{""value"":0.4604952017572697,""score"":0},""_score"":25.84},""readiness"":{""_distance_atr"":0.118,""BR1_atr_distance"":{""score"":92.13005165603151},""BR2_compression"":{""score"":4.471028169964364},""BR3_retest"":{""score"":50.0},""BR4_bo_age"":{""score"":50.0},""_score"":55.47},""risk"":{""R1_stop_clarity"":{""score"":0},""R2_stop_distance_pct"":{""value"":9.237617998087075,""score"":69.05955004782314},""R3_stop_distance_atr"":{""value"":3.5436622607110277,""score"":100.0},""R4_rr_potential"":{""value"":0.9170016701405008,""score"":0.0},""_score"":35.72},""market"":{""M1_spy_regime"":{""score"":100.0},""M3_earnings_risk"":{""value"":null,""score"":80.0},""M4_vix"":{""value"":null,""score"":60.0},""_score"":84.0},""liquidity"":{""L1_price"":{""value"":240.47,""score"":100.0},""L2_dollar_vol"":{""value"":715704394.3627603,""score"":100.0},""L3_spread_proxy"":{""value"":0.0327275751653013,""score"":67.2724248346987},""L4_volume_zscore"":{""value"":-1.2414678710313218,""score"":100.0},""_score"":96.73},""pattern_structure"":{""left_low"":221.58,""left_idx"":41,""right_low"":231.11,""right_idx"":73,""separation_bars"":32,""structural_low"":221.58,""current_price"":240.9,""neckline_distance_pct"":0.0012868410128684196,""base_bars"":32},""pattern_geometry_features"":{""low_similarity_pct"":0.042103867989131634,""bounce_pct"":0.08859102807112552,""right_bottom_reaction"":0.1908256880733882,""atr_pct"":0.026067997790042124},""_schema_version"":""1.0""}",,,,,,,,,,
20260513T161427Z-28c0e1,2026-05-13T16:14:27.317311+00:00,VZ,ascending_triangle,forming,55.0,45.4,62.3,66.2,60.5,29.6,37.1,49.8,84.0,98.1,6.81,17.44,5.3,8.46,3.55,2.97,1.99,5.04,4.9,True,risk_unclear,47.435,48.215,46.2014,49.525,"{""trend"":{""T1_ema_stack"":{""value"":[true,false,true],""score"":66.66666666666666},""T2_ema50_slope"":{""value"":-0.031202932216869067,""score"":44.79951129718849},""T3_high_proximity"":{""value"":0.9232191514207863,""score"":61.6095757103931},""T4_rs_1m"":{""value"":-0.022259010632990295,""score"":27.740989367009703},""T5_rs_3m"":{""value"":-0.10043931109534343,""score"":0},""T6_adr_healthy"":{""value"":2.1069122746261666,""score"":100.0},""_score"":45.42},""geometry"":{""sub_flat_top_quality"":100,""sub_hl_slope"":7.7,""sub_compression"":59.9,""sub_duration"":100.0,""_score"":62.29},""compression"":{""VC1_atr_ratio"":{""value"":0.2892878096422512,""score"":100},""VC2_range_contraction"":{""value"":0.7213689773491814,""score"":46.43850377513644},""VC3_range_pct_rank"":{""score"":40.0},""_score"":66.25},""sr_quality"":{""SR1_touches"":{""value"":4,""score"":75.0},""SR2_tightness"":{""value"":0.17029386365926205,""score"":66.55048626826135},""SR3_recency"":{""value"":231,""score"":0.0},""SR4_price_location"":{""score"":51.88556566970107},""SR5_reaction"":{""value"":2.280954051210104,""score"":100},""_score"":60.45,""_levels_found"":6,""_target_level"":48.73},""volume"":{""V1_rvol_day"":{""value"":0.2816661245690425,""score"":0},""V2_rvol_sameslot"":{""value"":0.8613730827430889,""score"":24.09153884953926,""status"":""ok""},""V3_breakout_bar"":{""value"":1.1210043594850958,""score"":41.40029063233972},""V4_base_dryup"":{""value"":0.7785398735076785,""score"":72.14601264923215},""V5_bo_expansion"":{""value"":0.2816661245690425,""score"":0},""_score"":29.6},""readiness"":{""_distance_atr"":0.766,""BR1_atr_distance"":{""score"":48.93019992984904},""BR2_compression"":{""score"":0},""BR3_retest"":{""score"":50.0},""BR4_bo_age"":{""score"":50.0},""_score"":37.07},""risk"":{""R1_stop_clarity"":{""score"":0},""R2_stop_distance_pct"":{""value"":2.600558659217881,""score"":100.0},""R3_stop_distance_atr"":{""value"":1.2115082427218553,""score"":85.57541213609277},""R4_rr_potential"":{""value"":1.6942626107046594,""score"":34.71313053523297},""_score"":49.78},""market"":{""M1_spy_regime"":{""score"":100.0},""M3_earnings_risk"":{""value"":null,""score"":80.0},""M4_vix"":{""value"":null,""score"":60.0},""_score"":84.0},""liquidity"":{""L1_price"":{""value"":47.435,""score"":100.0},""L2_dollar_vol"":{""value"":295991765.2199366,""score"":100.0},""L3_spread_proxy"":{""value"":0.019078739327500812,""score"":80.92126067249919},""L4_volume_zscore"":{""value"":-2.2267767038375923,""score"":100.0},""_score"":98.09},""pattern_structure"":{""top"":48.215,""top_touches"":5,""low_slope_per_bar"":0.010870669056152568,""lowest_low"":46.905,""structural_low"":46.905,""current_price"":47.48,""neckline_distance_pct"":0.015480202190396095,""base_bars"":48},""pattern_geometry_features"":{""top_touches"":5.0,""low_slope"":0.010870669056152568,""compression"":0.2995641385973389,""atr_pct"":0.021465464018431208},""_schema_version"":""1.0""}",,,,,,,,,,
20260513T161427Z-28c0e1,2026-05-13T16:14:27.317311+00:00,MSFT,cup_with_handle,forming,55.0,43.2,78.7,66.2,59.7,23.3,26.7,60.7,84.0,99.0,6.04,23.6,5.3,7.17,3.03,2.14,3.03,4.2,4.95,True,risk_unclear,404.8875,427.98,395.0145,495.38,"{""trend"":{""T1_ema_stack"":{""value"":[false,true,false],""score"":33.33333333333333},""T2_ema50_slope"":{""value"":0.13001742469878902,""score"":71.6695707831315},""T3_high_proximity"":{""value"":0.9352478517970987,""score"":67.62392589854932},""T4_rs_1m"":{""value"":-0.03528513082596163,""score"":14.71486917403837},""T5_rs_3m"":{""value"":-0.06781382069598796,""score"":16.09308965200602},""T6_adr_healthy"":{""value"":2.1655741989117248,""score"":100.0},""_score"":43.17},""geometry"":{""sub_cup_depth"":79.1,""sub_cup_duration"":100.0,""sub_rim_symmetry"":79.7,""sub_handle_shallowness"":47.5,""sub_handle_proportion"":88.9,""sub_u_shape"":90.0,""_score"":78.65},""compression"":{""VC1_atr_ratio"":{""value"":0.407982015842609,""score"":100},""VC2_range_contraction"":{""value"":0.9438727728201637,""score"":9.354537863306053},""VC3_range_pct_rank"":{""score"":91.66666666666666},""_score"":66.19},""sr_quality"":{""SR1_touches"":{""value"":4,""score"":75.0},""SR2_tightness"":{""value"":3.13617318588674,""score"":41.17676862217785},""SR3_recency"":{""value"":228,""score"":0.0},""SR4_price_location"":{""score"":69.41650660833736},""SR5_reaction"":{""value"":1.8238203916598463,""score"":91.19101958299231},""_score"":59.71,""_levels_found"":7,""_target_level"":409.265},""volume"":{""V1_rvol_day"":{""value"":0.31209558303309,""score"":0},""V2_rvol_sameslot"":{""value"":0.8048261729678681,""score"":20.32174486452454,""status"":""ok""},""V3_breakout_bar"":{""value"":1.0743104402609278,""score"":38.287362684061854},""V4_base_dryup"":{""value"":1.0178563344755924,""score"":48.21436655244076},""V5_bo_expansion"":{""value"":0.31209558303309004,""score"":0},""_score"":23.28},""readiness"":{""_distance_atr"":2.166,""BR1_atr_distance"":{""score"":0},""BR2_compression"":{""score"":36.825227482680226},""BR3_retest"":{""score"":50.0},""BR4_bo_age"":{""score"":50.0},""_score"":26.71},""risk"":{""R1_stop_clarity"":{""score"":0},""R2_stop_distance_pct"":{""value"":2.438442777314687,""score"":100.0},""R3_stop_distance_atr"":{""value"":0.9259036217214869,""score"":71.29518108607435},""R4_rr_potential"":{""value"":9.16570022131177,""score"":100.0},""_score"":60.69},""market"":{""M1_spy_regime"":{""score"":100.0},""M3_earnings_risk"":{""value"":null,""score"":80.0},""M4_vix"":{""value"":null,""score"":60.0},""_score"":84.0},""liquidity"":{""L1_price"":{""value"":404.8875,""score"":100.0},""L2_dollar_vol"":{""value"":4317404085.448517,""score"":100.0},""L3_spread_proxy"":{""value"":0.010225062517366042,""score"":89.77493748263396},""L4_volume_zscore"":{""value"":-2.046695686302965,""score"":100.0},""_score"":98.98},""pattern_structure"":{""left_rim"":423.68,""left_rim_idx"":115,""cup_bottom"":356.28,""cup_bottom_idx"":148,""right_rim"":427.98,""right_rim_idx"":175,""handle_low"":401.03,""handle_bars"":4,""cup_bars"":60,""structural_low"":401.03,""current_price"":404.8875,""neckline_distance_pct"":0.05703436139668434,""base_bars"":64},""pattern_geometry_features"":{""cup_depth_pct"":0.159082326283988,""rim_symmetry_pct"":0.010149169184290057,""handle_depth_pct"":0.06297023225384374,""handle_to_cup_ratio"":0.06666666666666667,""cup_duration_bars"":60.0,""atr_pct"":0.02633581638638599,""u_shape_score"":0.45},""_schema_version"":""1.0""}",,,,,,,,,,
20260513T161427Z-28c0e1,2026-05-13T16:14:27.317311+00:00,AMZN,vcp,breakout_confirmed,55.0,90.7,57.1,52.1,45.0,22.0,28.1,45.0,84.0,97.7,13.6,14.27,6.25,5.4,2.86,1.97,2.25,5.04,4.89,True,risk_unclear,268.36,256.18,252.3176,211.61,"{""trend"":{""T1_ema_stack"":{""value"":[true,true,true],""score"":100.0},""T2_ema50_slope"":{""value"":0.47968826029074946,""score"":100},""T3_high_proximity"":{""value"":0.9758900323648133,""score"":87.94501618240663},""T4_rs_1m"":{""value"":0.012419506109544454,""score"":62.41950610954446},""T5_rs_3m"":{""value"":0.24588093057134786,""score"":100},""T6_adr_healthy"":{""value"":2.491705408231083,""score"":100.0},""_score"":90.68},""geometry"":{""sub_contraction_count"":100.0,""sub_reduction_rate"":24.1,""sub_pivot_tightness"":100,""sub_volume_dryup"":7.1,""sub_base_depth"":0.0,""sub_base_duration"":100.0,""_score"":57.09},""compression"":{""VC1_atr_ratio"":{""value"":0.42338454844183704,""score"":100},""VC2_range_contraction"":{""value"":1.1168529182950775,""score"":0},""VC3_range_pct_rank"":{""score"":48.33333333333333},""_score"":52.08},""sr_quality"":{""SR1_touches"":{""value"":2,""score"":25.0},""SR2_tightness"":{""value"":0.009999999999990905,""score"":99.72559081278067},""SR3_recency"":{""value"":232,""score"":0.0},""SR4_price_location"":{""score"":30.0},""SR5_reaction"":{""value"":2.278625288374653,""score"":100},""_score"":44.96,""_levels_found"":7,""_target_level"":256.17},""volume"":{""V1_rvol_day"":{""value"":0.30709969763406136,""score"":0},""V2_rvol_sameslot"":{""value"":0.6087993994183478,""score"":7.253293294556522,""status"":""ok""},""V3_breakout_bar"":{""value"":0.9510315270475116,""score"":30.068768469834104},""V4_base_dryup"":{""value"":0.8484800299498594,""score"":65.15199700501407},""V5_bo_expansion"":{""value"":0.30709969763406136,""score"":0},""_score"":22.0},""readiness"":{""_distance_atr"":-1.671,""BR1_atr_distance"":{""score"":26.576960996654158},""BR2_compression"":{""score"":0},""BR3_retest"":{""score"":50.0},""BR4_bo_age"":{""score"":50.0},""_score"":28.13},""risk"":{""R1_stop_clarity"":{""score"":0},""R2_stop_distance_pct"":{""value"":5.9779400804888905,""score"":100.0},""R3_stop_distance_atr"":{""value"":2.201090972525758,""score"":100.0},""R4_rr_potential"":{""value"":-3.5375006233481323,""score"":0.0},""_score"":45.0},""market"":{""M1_spy_regime"":{""score"":100.0},""M3_earnings_risk"":{""value"":null,""score"":80.0},""M4_vix"":{""value"":null,""score"":60.0},""_score"":84.0},""liquidity"":{""L1_price"":{""value"":268.36,""score"":100.0},""L2_dollar_vol"":{""value"":3753170986.47092,""score"":100.0},""L3_spread_proxy"":{""value"":0.022991503949918078,""score"":77.00849605008193},""L4_volume_zscore"":{""value"":-1.8611797193435469,""score"":100.0},""_score"":97.7},""pattern_structure"":{""n_contractions"":5,""contractions_pct"":[4.31,6.06,5.28,6.54,0.01],""descending_strict"":false,""final_low"":256.16,""final_pivot"":256.18,""structural_low"":256.16,""dry_up_ratio"":0.9645700417071723,""current_price"":268.36,""neckline_distance_pct"":-0.045386793858995404,""base_bars"":45},""pattern_geometry_features"":{""contraction_count"":5.0,""first_contraction_pct"":0.04305496479039658,""last_contraction_pct"":7.807010695597552e-05,""dry_up_ratio"":0.9645700417071723,""near_monotone"":0.0,""base_depth_pct"":-0.2106432251051563},""_schema_version"":""1.0""}",,,,,,,,,,
20260513T161427Z-28c0e1,2026-05-13T16:14:27.317311+00:00,TSM,double_bottom,forming,55.0,74.4,67.1,57.1,43.2,17.5,21.6,70.9,84.0,98.0,11.16,16.77,4.57,6.05,2.28,1.72,4.25,5.04,4.9,True,risk_unclear,397.6,420.0,379.9243,454.29,"{""trend"":{""T1_ema_stack"":{""value"":[true,true,true],""score"":100.0},""T2_ema50_slope"":{""value"":0.3658271188615596,""score"":100},""T3_high_proximity"":{""value"":0.9477949940405245,""score"":73.89749702026222},""T4_rs_1m"":{""value"":-0.018626180451833063,""score"":31.373819548166935},""T5_rs_3m"":{""value"":-0.006247749988263163,""score"":46.87612500586842},""T6_adr_healthy"":{""value"":3.0861367295896,""score"":100.0},""_score"":74.39},""geometry"":{""sub_low_similarity"":97.9,""sub_bounce_quality"":84.1,""sub_separation_fit"":0.0,""sub_right_bottom_reaction"":6.1,""sub_base_context"":100.0,""_score"":67.1},""compression"":{""VC1_atr_ratio"":{""value"":0.5102026158404143,""score"":100},""VC2_range_contraction"":{""value"":1.1747844007206527,""score"":0},""VC3_range_pct_rank"":{""score"":68.33333333333333},""_score"":57.08},""sr_quality"":{""SR1_touches"":{""value"":2,""score"":25.0},""SR2_tightness"":{""value"":2.75,""score"":63.881356353574326},""SR3_recency"":{""value"":227,""score"":0.0},""SR4_price_location"":{""score"":45.67320984241084},""SR5_reaction"":{""value"":1.9569737830245189,""score"":97.84868915122594},""_score"":43.18,""_levels_found"":6,""_target_level"":417.25},""volume"":{""V1_rvol_day"":{""value"":0.3860585182083163,""score"":0},""V2_rvol_sameslot"":{""value"":0.7749619703269123,""score"":18.330798021794152,""status"":""ok""},""V3_breakout_bar"":{""value"":0.7936737157373351,""score"":19.578247715822343},""V4_base_dryup"":{""value"":1.0521167960713993,""score"":44.78832039286007},""V5_bo_expansion"":{""value"":0.3860585182083163,""score"":0},""_score"":17.52},""readiness"":{""_distance_atr"":1.471,""BR1_atr_distance"":{""score"":1.9324099781897957},""BR2_compression"":{""score"":13.151017300822929},""BR3_retest"":{""score"":50.0},""BR4_bo_age"":{""score"":50.0},""_score"":21.56},""risk"":{""R1_stop_clarity"":{""score"":24.010970686202242},""R2_stop_distance_pct"":{""value"":4.445586016096598,""score"":100.0},""R3_stop_distance_atr"":{""value"":1.1607645519435394,""score"":83.03822759717697},""R4_rr_potential"":{""value"":3.20723707473274,""score"":100.0},""_score"":70.86},""market"":{""M1_spy_regime"":{""score"":100.0},""M3_earnings_risk"":{""value"":null,""score"":80.0},""M4_vix"":{""value"":null,""score"":60.0},""_score"":84.0},""liquidity"":{""L1_price"":{""value"":397.6,""score"":100.0},""L2_dollar_vol"":{""value"":2253025717.324329,""score"":100.0},""L3_spread_proxy"":{""value"":0.020447686116700187,""score"":79.55231388329982},""L4_volume_zscore"":{""value"":-1.8942103077597536,""score"":100.0},""_score"":97.96},""pattern_structure"":{""left_low"":385.71,""left_idx"":25,""right_low"":386.12,""right_idx"":73,""separation_bars"":48,""structural_low"":385.71,""current_price"":396.48,""neckline_distance_pct"":0.05932203389830504,""base_bars"":48},""pattern_geometry_features"":{""low_similarity_pct"":0.0010624101162173666,""bounce_pct"":0.08890098778875327,""right_bottom_reaction"":0.0607682384673602,""atr_pct"":0.038298774791606795},""_schema_version"":""1.0""}",,,,,,,,,,
20260513T161427Z-28c0e1,2026-05-13T16:14:27.317311+00:00,TXN,ascending_triangle,setup,55.0,100.0,63.8,54.8,50.0,17.7,34.9,41.9,84.0,97.7,15.0,17.87,4.38,7.0,2.12,2.79,1.68,5.04,4.89,True,risk_unclear,304.41,296.3,276.785,311.6,"{""trend"":{""T1_ema_stack"":{""value"":[true,true,true],""score"":100.0},""T2_ema50_slope"":{""value"":0.6953899010727641,""score"":100},""T3_high_proximity"":{""value"":1.0,""score"":99.99999999999997},""T4_rs_1m"":{""value"":0.3255806657265825,""score"":100},""T5_rs_3m"":{""value"":0.2745239955209522,""score"":100},""T6_adr_healthy"":{""value"":3.188719098181515,""score"":100.0},""_score"":100.0},""geometry"":{""sub_flat_top_quality"":100,""sub_hl_slope"":46.5,""sub_compression"":19.5,""sub_duration"":100.0,""_score"":63.83},""compression"":{""VC1_atr_ratio"":{""value"":0.533008811154506,""score"":100},""VC2_range_contraction"":{""value"":1.073246514702767,""score"":0},""VC3_range_pct_rank"":{""score"":59.166666666666664},""_score"":54.79},""sr_quality"":{""SR1_touches"":{""value"":4,""score"":75.0},""SR2_tightness"":{""value"":2.6941881894181074,""score"":45.217052387939596},""SR3_recency"":{""value"":278,""score"":0.0},""SR4_price_location"":{""score"":30.0},""SR5_reaction"":{""value"":1.7645881943703117,""score"":88.22940971851558},""_score"":50.02,""_levels_found"":6,""_target_level"":228.58},""volume"":{""V1_rvol_day"":{""value"":0.3527390073114582,""score"":0},""V2_rvol_sameslot"":{""value"":0.7311014940529272,""score"":15.406766270195149,""status"":""ok""},""V3_breakout_bar"":{""value"":0.9001164271213133,""score"":26.674428474754226},""V4_base_dryup"":{""value"":1.1028094887671323,""score"":39.719051123286775},""V5_bo_expansion"":{""value"":0.35273900731145824,""score"":0},""_score"":17.69},""readiness"":{""_distance_atr"":-0.825,""BR1_atr_distance"":{""score"":43.5093291968677},""BR2_compression"":{""score"":0},""BR3_retest"":{""score"":50.0},""BR4_bo_age"":{""score"":50.0},""_score"":34.9},""risk"":{""R1_stop_clarity"":{""score"":14.293246072499315},""R2_stop_distance_pct"":{""value"":9.074931835353652,""score"":73.12670411615869},""R3_stop_distance_atr"":{""value"":2.808599142641985,""score"":100.0},""R4_rr_potential"":{""value"":0.26027149321266907,""score"":0.0},""_score"":41.94},""market"":{""M1_spy_regime"":{""score"":100.0},""M3_earnings_risk"":{""value"":null,""score"":80.0},""M4_vix"":{""value"":null,""score"":60.0},""_score"":84.0},""liquidity"":{""L1_price"":{""value"":304.41,""score"":100.0},""L2_dollar_vol"":{""value"":952023133.3339081,""score"":100.0},""L3_spread_proxy"":{""value"":0.022831050228310463,""score"":77.16894977168954},""L4_volume_zscore"":{""value"":-1.2230161907518564,""score"":100.0},""_score"":97.72},""pattern_structure"":{""top"":296.3,""top_touches"":4,""low_slope_per_bar"":0.39203756402959267,""lowest_low"":281.0,""structural_low"":281.0,""current_price"":305.895,""neckline_distance_pct"":-0.03136697232710561,""base_bars"":33},""pattern_geometry_features"":{""top_touches"":4.0,""low_slope"":0.39203756402959267,""compression"":0.09736654714962856,""atr_pct"":0.032311239071365204},""_schema_version"":""1.0""}",,,,,,,,,,
20260513T161427Z-28c0e1,2026-05-13T16:14:27.317311+00:00,NVDA,cup_with_handle,setup,55.0,99.9,49.0,49.4,61.1,32.8,31.9,23.5,84.0,97.3,13.99,14.69,3.95,7.33,4.26,2.55,1.18,4.2,4.87,True,risk_unclear,226.55,216.825,191.8189,264.7449,"{""trend"":{""T1_ema_stack"":{""value"":[true,true,true],""score"":100.0},""T2_ema50_slope"":{""value"":0.29807274477601975,""score"":99.67879079600328},""T3_high_proximity"":{""value"":1.0,""score"":99.99999999999997},""T4_rs_1m"":{""value"":0.08762260003427946,""score"":100},""T5_rs_3m"":{""value"":0.12296113321665225,""score"":100},""T6_adr_healthy"":{""value"":3.1510103749659026,""score"":100.0},""_score"":99.94},""geometry"":{""sub_cup_depth"":100.0,""sub_cup_duration"":0.0,""sub_rim_symmetry"":56.3,""sub_handle_shallowness"":15.1,""sub_handle_proportion"":100.0,""sub_u_shape"":31.1,""_score"":48.95},""compression"":{""VC1_atr_ratio"":{""value"":0.6208451510029005,""score"":94.78871224927488},""VC2_range_contraction"":{""value"":1.3879075304641002,""score"":0},""VC3_range_pct_rank"":{""score"":45.833333333333336},""_score"":49.37},""sr_quality"":{""SR1_touches"":{""value"":7,""score"":100},""SR2_tightness"":{""value"":1.7344263789742196,""score"":57.11195150292214},""SR3_recency"":{""value"":230,""score"":0.0},""SR4_price_location"":{""score"":30.0},""SR5_reaction"":{""value"":2.21636749321318,""score"":100},""_score"":61.07,""_levels_found"":4,""_target_level"":194.8658},""volume"":{""V1_rvol_day"":{""value"":0.536732728563488,""score"":2.448848570899198},""V2_rvol_sameslot"":{""value"":1.0663879884667626,""score"":37.759199231117506,""status"":""ok""},""V3_breakout_bar"":{""value"":1.2430228265687937,""score"":49.53485510458624},""V4_base_dryup"":{""value"":0.8830240466971019,""score"":61.697595330289815},""V5_bo_expansion"":{""value"":0.536732728563488,""score"":0},""_score"":32.76},""readiness"":{""_distance_atr"":-1.202,""BR1_atr_distance"":{""score"":35.95249491761318},""BR2_compression"":{""score"":0},""BR3_retest"":{""score"":50.0},""BR4_bo_age"":{""score"":50.0},""_score"":31.88},""risk"":{""R1_stop_clarity"":{""score"":27.7684657108896},""R2_stop_distance_pct"":{""value"":15.330434782608693,""score"":0.0},""R3_stop_distance_atr"":{""value"":4.294068399829731,""score"":85.29658000851343},""R4_rr_potential"":{""value"":1.0997319405374424,""score"":4.986597026872119},""_score"":23.51},""market"":{""M1_spy_regime"":{""score"":100.0},""M3_earnings_risk"":{""value"":null,""score"":80.0},""M4_vix"":{""value"":null,""score"":60.0},""_score"":84.0},""liquidity"":{""L1_price"":{""value"":226.55,""score"":100.0},""L2_dollar_vol"":{""value"":17777961357.204838,""score"":100.0},""L3_spread_proxy"":{""value"":0.026504965791216,""score"":73.495034208784},""L4_volume_zscore"":{""value"":-1.744335134359832,""score"":100.0},""_score"":97.35},""pattern_structure"":{""left_rim"":212.1899,""left_rim_idx"":45,""cup_bottom"":164.27,""cup_bottom_idx"":148,""right_rim"":216.825,""right_rim_idx"":167,""handle_low"":194.74,""handle_bars"":12,""cup_bars"":122,""structural_low"":194.74,""current_price"":226.55,""neckline_distance_pct"":-0.0429265062900023,""base_bars"":134},""pattern_geometry_features"":{""cup_depth_pct"":0.2258349714100435,""rim_symmetry_pct"":0.021844112278671106,""handle_depth_pct"":0.10185633575464074,""handle_to_cup_ratio"":0.09836065573770492,""cup_duration_bars"":122.0,""atr_pct"":0.035701421950373624,""u_shape_score"":0.1557377049180328},""_schema_version"":""1.0""}",,,,,,,,,,
20260513T161427Z-28c0e1,2026-05-13T16:14:27.317311+00:00,NVDA,double_bottom,setup,55.0,99.9,65.7,49.4,61.1,33.4,57.5,52.2,84.0,97.3,14.99,16.41,3.95,8.55,4.35,4.6,3.13,5.04,4.87,True,risk_unclear,226.55,223.75,210.6816,233.61,"{""trend"":{""T1_ema_stack"":{""value"":[true,true,true],""score"":100.0},""T2_ema50_slope"":{""value"":0.29807274477601975,""score"":99.67879079600328},""T3_high_proximity"":{""value"":1.0,""score"":99.99999999999997},""T4_rs_1m"":{""value"":0.08762260003427946,""score"":100},""T5_rs_3m"":{""value"":0.12296113321665225,""score"":100},""T6_adr_healthy"":{""value"":3.1510103749659026,""score"":100.0},""_score"":99.94},""geometry"":{""sub_low_similarity"":90.4,""sub_bounce_quality"":23.0,""sub_separation_fit"":80.0,""sub_right_bottom_reaction"":12.9,""sub_base_context"":100.0,""_score"":65.66},""compression"":{""VC1_atr_ratio"":{""value"":0.6208451510029005,""score"":94.78871224927488},""VC2_range_contraction"":{""value"":1.3879075304641002,""score"":0},""VC3_range_pct_rank"":{""score"":45.833333333333336},""_score"":49.37},""sr_quality"":{""SR1_touches"":{""value"":7,""score"":100},""SR2_tightness"":{""value"":1.7344263789742196,""score"":57.11195150292214},""SR3_recency"":{""value"":230,""score"":0.0},""SR4_price_location"":{""score"":30.0},""SR5_reaction"":{""value"":2.21636749321318,""score"":100},""_score"":61.07,""_levels_found"":4,""_target_level"":194.8658},""volume"":{""V1_rvol_day"":{""value"":0.536732728563488,""score"":2.448848570899198},""V2_rvol_sameslot"":{""value"":1.0663879884667626,""score"":37.759199231117506,""status"":""ok""},""V3_breakout_bar"":{""value"":1.2430228265687937,""score"":49.53485510458624},""V4_base_dryup"":{""value"":0.8494888991897082,""score"":65.05111008102918},""V5_bo_expansion"":{""value"":0.536732728563488,""score"":0},""_score"":33.44},""readiness"":{""_distance_atr"":-0.346,""BR1_atr_distance"":{""score"":100.0},""BR2_compression"":{""score"":0},""BR3_retest"":{""score"":50.0},""BR4_bo_age"":{""score"":50.0},""_score"":57.5},""risk"":{""R1_stop_clarity"":{""score"":20.665487988611346},""R2_stop_distance_pct"":{""value"":7.004347826086965,""score"":100.0},""R3_stop_distance_atr"":{""value"":1.9619240476817095,""score"":100.0},""R4_rr_potential"":{""value"":0.4449107815242286,""score"":0.0},""_score"":52.23},""market"":{""M1_spy_regime"":{""score"":100.0},""M3_earnings_risk"":{""value"":null,""score"":80.0},""M4_vix"":{""value"":null,""score"":60.0},""_score"":84.0},""liquidity"":{""L1_price"":{""value"":226.55,""score"":100.0},""L2_dollar_vol"":{""value"":17777961357.204838,""score"":100.0},""L3_spread_proxy"":{""value"":0.026504965791216,""score"":73.495034208784},""L4_volume_zscore"":{""value"":-1.744335134359832,""score"":100.0},""_score"":97.35},""pattern_structure"":{""left_low"":213.89,""left_idx"":66,""right_low"":214.92,""right_idx"":73,""separation_bars"":7,""structural_low"":213.89,""current_price"":226.22,""neckline_distance_pct"":-0.010918574838652634,""base_bars"":7},""pattern_geometry_features"":{""low_similarity_pct"":0.004803992444206064,""bounce_pct"":0.0460984618261724,""right_bottom_reaction"":0.12887828162291579,""atr_pct"":0.035701421950373624},""_schema_version"":""1.0""}",,,,,,,,,,
20260513T161427Z-28c0e1,2026-05-13T16:14:27.317311+00:00,AVGO,vcp,absent,55.0,92.1,49.0,57.3,41.8,26.6,18.3,48.4,84.0,97.2,13.82,12.24,6.87,5.02,3.46,1.28,2.42,5.04,4.86,True,risk_unclear,414.76,437.68,400.2055,371.49,"{""trend"":{""T1_ema_stack"":{""value"":[true,true,true],""score"":100.0},""T2_ema50_slope"":{""value"":0.5447271341961742,""score"":100},""T3_high_proximity"":{""value"":0.9645581395348837,""score"":82.27906976744181},""T4_rs_1m"":{""value"":0.02399294162738652,""score"":73.99294162738653},""T5_rs_3m"":{""value"":0.14096592763830063,""score"":100},""T6_adr_healthy"":{""value"":3.144720154138507,""score"":100.0},""_score"":92.14},""geometry"":{""sub_contraction_count"":100.0,""sub_reduction_rate"":10.0,""sub_pivot_tightness"":40.4,""sub_volume_dryup"":36.0,""sub_base_depth"":0.0,""sub_base_duration"":100.0,""_score"":48.96},""compression"":{""VC1_atr_ratio"":{""value"":0.5535845729428557,""score"":100},""VC2_range_contraction"":{""value"":1.3398368503731413,""score"":0},""VC3_range_pct_rank"":{""score"":69.16666666666667},""_score"":57.29},""sr_quality"":{""SR1_touches"":{""value"":2,""score"":25.0},""SR2_tightness"":{""value"":1.6500000000000057,""score"":78.85255424068075},""SR3_recency"":{""value"":227,""score"":0.0},""SR4_price_location"":{""score"":30.0},""SR5_reaction"":{""value"":2.073090516102957,""score"":100},""_score"":41.83,""_levels_found"":6,""_target_level"":404.65},""volume"":{""V1_rvol_day"":{""value"":0.3638491022814718,""score"":0},""V2_rvol_sameslot"":{""value"":0.8169692335406246,""score"":21.13128223604164,""status"":""ok""},""V3_breakout_bar"":{""value"":0.9684659918181272,""score"":31.231066121208478},""V4_base_dryup"":{""value"":0.7694642453800901,""score"":73.05357546199099},""V5_bo_expansion"":{""value"":0.36384910228147177,""score"":0},""_score"":26.64},""readiness"":{""_distance_atr"":1.469,""BR1_atr_distance"":{""score"":2.0809178174554006},""BR2_compression"":{""score"":0},""BR3_retest"":{""score"":50.0},""BR4_bo_age"":{""score"":50.0},""_score"":18.33},""risk"":{""R1_stop_clarity"":{""score"":21.889025345351314},""R2_stop_distance_pct"":{""value"":3.5091378146397822,""score"":100.0},""R3_stop_distance_atr"":{""value"":0.9326984827394247,""score"":71.63492413697124},""R4_rr_potential"":{""value"":-2.972963688206403,""score"":0.0},""_score"":48.41},""market"":{""M1_spy_regime"":{""score"":100.0},""M3_earnings_risk"":{""value"":null,""score"":80.0},""M4_vix"":{""value"":null,""score"":60.0},""_score"":84.0},""liquidity"":{""L1_price"":{""value"":414.76,""score"":100.0},""L2_dollar_vol"":{""value"":2835724918.4980817,""score"":100.0},""L3_spread_proxy"":{""value"":0.027509885234834528,""score"":72.49011476516547},""L4_volume_zscore"":{""value"":-2.7310538077272657,""score"":100.0},""_score"":97.25},""pattern_structure"":{""n_contractions"":5,""contractions_pct"":[9.68,12.64,11.19,8.07,7.17],""descending_strict"":false,""final_low"":406.3,""final_pivot"":437.68,""structural_low"":406.3,""dry_up_ratio"":0.8201513911357446,""current_price"":414.76,""neckline_distance_pct"":0.055260873758318105,""base_bars"":53},""pattern_geometry_features"":{""contraction_count"":5.0,""first_contraction_pct"":0.09676281203140168,""last_contraction_pct"":0.0716962164138183,""dry_up_ratio"":0.8201513911357446,""near_monotone"":0.0,""base_depth_pct"":-0.19461350739466643},""_schema_version"":""1.0""}",,,,,,,,,,
20260513T161427Z-28c0e1,2026-05-13T16:14:27.317311+00:00,ADI,ascending_triangle,setup,55.0,100.0,58.2,55.8,59.5,25.2,34.3,45.0,84.0,97.8,15.0,16.3,4.46,8.34,3.03,2.74,1.8,5.04,4.89,True,risk_unclear,430.79,420.3199,399.8213,434.7298,"{""trend"":{""T1_ema_stack"":{""value"":[true,true,true],""score"":100.0},""T2_ema50_slope"":{""value"":0.5000243651863995,""score"":100},""T3_high_proximity"":{""value"":1.0,""score"":99.99999999999997},""T4_rs_1m"":{""value"":0.17052671954743737,""score"":100},""T5_rs_3m"":{""value"":0.2092150161164359,""score"":100},""T6_adr_healthy"":{""value"":2.6241915515345955,""score"":100.0},""_score"":100.0},""geometry"":{""sub_flat_top_quality"":100,""sub_hl_slope"":44.1,""sub_compression"":0,""sub_duration"":100.0,""_score"":58.23},""compression"":{""VC1_atr_ratio"":{""value"":0.6054541972829344,""score"":98.6364506792664},""VC2_range_contraction"":{""value"":0.9632011759127118,""score"":6.133137347881364},""VC3_range_pct_rank"":{""score"":56.666666666666664},""_score"":55.77},""sr_quality"":{""SR1_touches"":{""value"":6,""score"":100},""SR2_tightness"":{""value"":2.2453462984582164,""score"":61.467670038085096},""SR3_recency"":{""value"":254,""score"":0.0},""SR4_price_location"":{""score"":30.0},""SR5_reaction"":{""value"":1.7112494476311406,""score"":85.56247238155703},""_score"":59.55,""_levels_found"":3,""_target_level"":302.644},""volume"":{""V1_rvol_day"":{""value"":0.3435909741563631,""score"":0},""V2_rvol_sameslot"":{""value"":0.9816235250591422,""score"":32.108235003942816,""status"":""ok""},""V3_breakout_bar"":{""value"":0.6942264325261756,""score"":12.94842883507837},""V4_base_dryup"":{""value"":0.7217078399642738,""score"":77.82921600357263},""V5_bo_expansion"":{""value"":0.3435909741563631,""score"":0},""_score"":25.22},""readiness"":{""_distance_atr"":-0.898,""BR1_atr_distance"":{""score"":42.03228837301094},""BR2_compression"":{""score"":0},""BR3_retest"":{""score"":50.0},""BR4_bo_age"":{""score"":50.0},""_score"":34.31},""risk"":{""R1_stop_clarity"":{""score"":0},""R2_stop_distance_pct"":{""value"":7.188804289793175,""score"":100.0},""R3_stop_distance_atr"":{""value"":2.657261022708259,""score"":100.0},""R4_rr_potential"":{""value"":0.1272189779018455,""score"":0.0},""_score"":45.0},""market"":{""M1_spy_regime"":{""score"":100.0},""M3_earnings_risk"":{""value"":null,""score"":80.0},""M4_vix"":{""value"":null,""score"":60.0},""_score"":84.0},""liquidity"":{""L1_price"":{""value"":430.79,""score"":100.0},""L2_dollar_vol"":{""value"":505910309.6650249,""score"":100.0},""L3_spread_proxy"":{""value"":0.022354047215580725,""score"":77.64595278441928},""L4_volume_zscore"":{""value"":-2.1135928852254056,""score"":100.0},""_score"":97.76},""pattern_structure"":{""top"":420.3199,""top_touches"":4,""low_slope_per_bar"":0.5364249341527623,""lowest_low"":405.91,""structural_low"":405.91,""current_price"":432.64,""neckline_distance_pct"":-0.028476562499999927,""base_bars"":35},""pattern_geometry_features"":{""top_touches"":4.0,""low_slope"":0.5364249341527623,""compression"":-0.09710778580091595,""atr_pct"":0.027053436709301538},""_schema_version"":""1.0""}",,,,,,,,,,
20260513T161427Z-28c0e1,2026-05-13T16:14:27.317311+00:00,ADI,double_bottom,setup,55.0,100.0,45.4,55.8,59.5,24.1,34.3,29.6,84.0,97.8,15.0,11.35,4.46,8.34,3.14,2.74,1.78,5.04,4.89,True,risk_unclear,430.79,420.3199,387.5088,447.2298,"{""trend"":{""T1_ema_stack"":{""value"":[true,true,true],""score"":100.0},""T2_ema50_slope"":{""value"":0.5000243651863995,""score"":100},""T3_high_proximity"":{""value"":1.0,""score"":99.99999999999997},""T4_rs_1m"":{""value"":0.17052671954743737,""score"":100},""T5_rs_3m"":{""value"":0.2092150161164359,""score"":100},""T6_adr_healthy"":{""value"":2.6241915515345955,""score"":100.0},""_score"":100.0},""geometry"":{""sub_low_similarity"":33.2,""sub_bounce_quality"":54.9,""sub_separation_fit"":13.3,""sub_right_bottom_reaction"":16.3,""sub_base_context"":100.0,""_score"":45.38},""compression"":{""VC1_atr_ratio"":{""value"":0.6054541972829344,""score"":98.6364506792664},""VC2_range_contraction"":{""value"":0.9632011759127118,""score"":6.133137347881364},""VC3_range_pct_rank"":{""score"":56.666666666666664},""_score"":55.77},""sr_quality"":{""SR1_touches"":{""value"":6,""score"":100},""SR2_tightness"":{""value"":2.2453462984582164,""score"":61.467670038085096},""SR3_recency"":{""value"":254,""score"":0.0},""SR4_price_location"":{""score"":30.0},""SR5_reaction"":{""value"":1.7112494476311406,""score"":85.56247238155703},""_score"":59.55,""_levels_found"":3,""_target_level"":302.644},""volume"":{""V1_rvol_day"":{""value"":0.3435909741563631,""score"":0},""V2_rvol_sameslot"":{""value"":0.9816235250591422,""score"":32.108235003942816,""status"":""ok""},""V3_breakout_bar"":{""value"":0.6942264325261756,""score"":12.94842883507837},""V4_base_dryup"":{""value"":0.7766771024684399,""score"":72.332289753156},""V5_bo_expansion"":{""value"":0.3435909741563631,""score"":0},""_score"":24.13},""readiness"":{""_distance_atr"":-0.898,""BR1_atr_distance"":{""score"":42.03228837301094},""BR2_compression"":{""score"":0},""BR3_retest"":{""score"":50.0},""BR4_bo_age"":{""score"":50.0},""_score"":34.31},""risk"":{""R1_stop_clarity"":{""score"":0},""R2_stop_distance_pct"":{""value"":10.046925416096016,""score"":48.826864597599595},""R3_stop_distance_atr"":{""value"":3.7137334986507176,""score"":100.0},""R4_rr_potential"":{""value"":0.379837411898713,""score"":0.0},""_score"":29.65},""market"":{""M1_spy_regime"":{""score"":100.0},""M3_earnings_risk"":{""value"":null,""score"":80.0},""M4_vix"":{""value"":null,""score"":60.0},""_score"":84.0},""liquidity"":{""L1_price"":{""value"":430.79,""score"":100.0},""L2_dollar_vol"":{""value"":505910309.6650249,""score"":100.0},""L3_spread_proxy"":{""value"":0.022354047215580725,""score"":77.64595278441928},""L4_volume_zscore"":{""value"":-2.1135928852254056,""score"":100.0},""_score"":97.76},""pattern_structure"":{""left_low"":393.41,""left_idx"":30,""right_low"":406.77,""right_idx"":73,""separation_bars"":43,""structural_low"":393.41,""current_price"":432.64,""neckline_distance_pct"":-0.028476562499999927,""base_bars"":43},""pattern_geometry_features"":{""low_similarity_pct"":0.03339248669049453,""bounce_pct"":0.0684016674715945,""right_bottom_reaction"":0.16309291747888194,""atr_pct"":0.027053436709301538},""_schema_version"":""1.0""}",,,,,,,,,,
20260513T161427Z-28c0e1,2026-05-13T16:14:27.317311+00:00,AVGO,cup_with_handle,forming,55.0,92.1,52.2,57.3,41.8,27.0,32.6,73.5,84.0,97.2,12.9,15.67,4.58,5.02,3.51,2.61,3.67,4.2,4.86,True,risk_unclear,414.76,429.31,388.7302,553.96,"{""trend"":{""T1_ema_stack"":{""value"":[true,true,true],""score"":100.0},""T2_ema50_slope"":{""value"":0.5447271341961742,""score"":100},""T3_high_proximity"":{""value"":0.9645581395348837,""score"":82.27906976744181},""T4_rs_1m"":{""value"":0.02399294162738652,""score"":73.99294162738653},""T5_rs_3m"":{""value"":0.14096592763830063,""score"":100},""T6_adr_healthy"":{""value"":3.144720154138507,""score"":100.0},""_score"":92.14},""geometry"":{""sub_cup_depth"":79.4,""sub_cup_duration"":56.0,""sub_rim_symmetry"":29.1,""sub_handle_shallowness"":32.7,""sub_handle_proportion"":100.0,""sub_u_shape"":37.4,""_score"":52.25},""compression"":{""VC1_atr_ratio"":{""value"":0.5535845729428557,""score"":100},""VC2_range_contraction"":{""value"":1.3398368503731413,""score"":0},""VC3_range_pct_rank"":{""score"":69.16666666666667},""_score"":57.29},""sr_quality"":{""SR1_touches"":{""value"":2,""score"":25.0},""SR2_tightness"":{""value"":1.6500000000000057,""score"":78.85255424068075},""SR3_recency"":{""value"":227,""score"":0.0},""SR4_price_location"":{""score"":30.0},""SR5_reaction"":{""value"":2.073090516102957,""score"":100},""_score"":41.83,""_levels_found"":6,""_target_level"":404.65},""volume"":{""V1_rvol_day"":{""value"":0.3638491022814718,""score"":0},""V2_rvol_sameslot"":{""value"":0.8169692335406246,""score"":21.13128223604164,""status"":""ok""},""V3_breakout_bar"":{""value"":0.9684659918181272,""score"":31.231066121208478},""V4_base_dryup"":{""value"":0.7524275247270343,""score"":74.75724752729657},""V5_bo_expansion"":{""value"":0.36384910228147177,""score"":0},""_score"":26.99},""readiness"":{""_distance_atr"":0.932,""BR1_atr_distance"":{""score"":37.8393261013951},""BR2_compression"":{""score"":0},""BR3_retest"":{""score"":50.0},""BR4_bo_age"":{""score"":50.0},""_score"":32.64},""risk"":{""R1_stop_clarity"":{""score"":24.128732100769597},""R2_stop_distance_pct"":{""value"":6.275858327707598,""score"":100.0},""R3_stop_distance_atr"":{""value"":1.66806886743527,""score"":100.0},""R4_rr_potential"":{""value"":5.347727119930075,""score"":100.0},""_score"":73.45},""market"":{""M1_spy_regime"":{""score"":100.0},""M3_earnings_risk"":{""value"":null,""score"":80.0},""M4_vix"":{""value"":null,""score"":60.0},""_score"":84.0},""liquidity"":{""L1_price"":{""value"":414.76,""score"":100.0},""L2_dollar_vol"":{""value"":2835724918.4980817,""score"":100.0},""L3_spread_proxy"":{""value"":0.027509885234834528,""score"":72.49011476516547},""L4_volume_zscore"":{""value"":-2.7310538077272657,""score"":100.0},""_score"":97.25},""pattern_structure"":{""left_rim"":414.61,""left_rim_idx"":74,""cup_bottom"":289.96,""cup_bottom_idx"":148,""right_rim"":429.31,""right_rim_idx"":165,""handle_low"":394.65,""handle_bars"":14,""cup_bars"":91,""structural_low"":394.65,""current_price"":414.76,""neckline_distance_pct"":0.035080528498408745,""base_bars"":105},""pattern_geometry_features"":{""cup_depth_pct"":0.3006439786787584,""rim_symmetry_pct"":0.03545500590916762,""handle_depth_pct"":0.0807342013929329,""handle_to_cup_ratio"":0.15384615384615385,""cup_duration_bars"":91.0,""atr_pct"":0.03762349654877865,""u_shape_score"":0.18681318681318682},""_schema_version"":""1.0""}",,,,,,,,,,
20260513T161427Z-28c0e1,2026-05-13T16:14:27.317311+00:00,AVGO,double_bottom,forming,55.0,92.1,66.5,57.3,41.8,27.3,18.3,66.7,84.0,97.2,13.82,16.62,4.58,5.86,3.55,1.47,4.0,5.04,4.86,True,risk_unclear,414.76,437.68,403.387,465.83,"{""trend"":{""T1_ema_stack"":{""value"":[true,true,true],""score"":100.0},""T2_ema50_slope"":{""value"":0.5447271341961742,""score"":100},""T3_high_proximity"":{""value"":0.9645581395348837,""score"":82.27906976744181},""T4_rs_1m"":{""value"":0.02399294162738652,""score"":73.99294162738653},""T5_rs_3m"":{""value"":0.14096592763830063,""score"":100},""T6_adr_healthy"":{""value"":3.144720154138507,""score"":100.0},""_score"":92.14},""geometry"":{""sub_low_similarity"":25.6,""sub_bounce_quality"":55.3,""sub_separation_fit"":100.0,""sub_right_bottom_reaction"":85.1,""sub_base_context"":100.0,""_score"":66.5},""compression"":{""VC1_atr_ratio"":{""value"":0.5535845729428557,""score"":100},""VC2_range_contraction"":{""value"":1.3398368503731413,""score"":0},""VC3_range_pct_rank"":{""score"":69.16666666666667},""_score"":57.29},""sr_quality"":{""SR1_touches"":{""value"":2,""score"":25.0},""SR2_tightness"":{""value"":1.6500000000000057,""score"":78.85255424068075},""SR3_recency"":{""value"":227,""score"":0.0},""SR4_price_location"":{""score"":30.0},""SR5_reaction"":{""value"":2.073090516102957,""score"":100},""_score"":41.83,""_levels_found"":6,""_target_level"":404.65},""volume"":{""V1_rvol_day"":{""value"":0.3638491022814718,""score"":0},""V2_rvol_sameslot"":{""value"":0.8169692335406246,""score"":21.13128223604164,""status"":""ok""},""V3_breakout_bar"":{""value"":0.9684659918181272,""score"":31.231066121208478},""V4_base_dryup"":{""value"":0.7372857781701284,""score"":76.27142218298715},""V5_bo_expansion"":{""value"":0.36384910228147177,""score"":0},""_score"":27.29},""readiness"":{""_distance_atr"":1.469,""BR1_atr_distance"":{""score"":2.0809178174554006},""BR2_compression"":{""score"":0},""BR3_retest"":{""score"":50.0},""BR4_bo_age"":{""score"":50.0},""_score"":18.33},""risk"":{""R1_stop_clarity"":{""score"":21.268059438054905},""R2_stop_distance_pct"":{""value"":2.742055646639021,""score"":100.0},""R3_stop_distance_atr"":{""value"":0.7288146765104517,""score"":61.440733825522585},""R4_rr_potential"":{""value"":4.490479602917452,""score"":100.0},""_score"":66.66},""market"":{""M1_spy_regime"":{""score"":100.0},""M3_earnings_risk"":{""value"":null,""score"":80.0},""M4_vix"":{""value"":null,""score"":60.0},""_score"":84.0},""liquidity"":{""L1_price"":{""value"":414.76,""score"":100.0},""L2_dollar_vol"":{""value"":2835724918.4980817,""score"":100.0},""L3_spread_proxy"":{""value"":0.027509885234834528,""score"":72.49011476516547},""L4_volume_zscore"":{""value"":-2.7310538077272657,""score"":100.0},""_score"":97.25},""pattern_structure"":{""left_low"":409.53,""left_idx"":38,""right_low"":425.0501,""right_idx"":67,""separation_bars"":29,""structural_low"":409.53,""current_price"":413.3262,""neckline_distance_pct"":0.05892150074202902,""base_bars"":29},""pattern_geometry_features"":{""low_similarity_pct"":0.03719259541414902,""bounce_pct"":0.0687373330403146,""right_bottom_reaction"":0.851498443893269,""atr_pct"":0.03762349654877865},""_schema_version"":""1.0""}",,,,,,,,,,
20260513T161427Z-28c0e1,2026-05-13T16:14:27.317311+00:00,KEYS,ascending_triangle,absent,55.0,94.8,41.2,50.4,42.6,41.7,36.7,53.2,84.0,97.1,14.22,11.55,4.03,5.96,5.0,2.94,2.13,5.04,4.85,True,risk_unclear,361.62,370.175,346.7988,388.27,"{""trend"":{""T1_ema_stack"":{""value"":[true,true,true],""score"":100.0},""T2_ema50_slope"":{""value"":0.5343606260071194,""score"":100},""T3_high_proximity"":{""value"":0.9862005017999346,""score"":93.10025089996726},""T4_rs_1m"":{""value"":0.02904786545684601,""score"":79.04786545684601},""T5_rs_3m"":{""value"":0.4501905045488219,""score"":100},""T6_adr_healthy"":{""value"":2.6323851965894636,""score"":100.0},""_score"":94.77},""geometry"":{""sub_flat_top_quality"":66.7,""sub_hl_slope"":20.8,""sub_compression"":0,""sub_duration"":100.0,""_score"":41.25},""compression"":{""VC1_atr_ratio"":{""value"":0.4594425440992791,""score"":100},""VC2_range_contraction"":{""value"":1.0048616306511748,""score"":0},""VC3_range_pct_rank"":{""score"":41.666666666666664},""_score"":50.42},""sr_quality"":{""SR1_touches"":{""value"":2,""score"":25.0},""SR2_tightness"":{""value"":0.8850000000000193,""score"":83.89202063485425},""SR3_recency"":{""value"":254,""score"":0.0},""SR4_price_location"":{""score"":30.0},""SR5_reaction"":{""value"":2.858028768149104,""score"":100},""_score"":42.58,""_levels_found"":3,""_target_level"":265.585},""volume"":{""V1_rvol_day"":{""value"":0.45110872218732195,""score"":0},""V2_rvol_sameslot"":{""value"":1.7188651125207361,""score"":81.25767416804908,""status"":""ok""},""V3_breakout_bar"":{""value"":1.207769743807471,""score"":47.184649587164735},""V4_base_dryup"":{""value"":0.8175247493027042,""score"":68.24752506972958},""V5_bo_expansion"":{""value"":0.45110872218732206,""score"":0},""_score"":41.7},""readiness"":{""_distance_atr"":0.779,""BR1_atr_distance"":{""score"":48.09651093453143},""BR2_compression"":{""score"":0},""BR3_retest"":{""score"":50.0},""BR4_bo_age"":{""score"":50.0},""_score"":36.74},""risk"":{""R1_stop_clarity"":{""score"":3.8763156799930982},""R2_stop_distance_pct"":{""value"":4.098556495769048,""score"":100.0},""R3_stop_distance_atr"":{""value"":1.3488112077214327,""score"":92.44056038607164},""R4_rr_potential"":{""value"":1.798100018891856,""score"":39.90500094459279},""_score"":53.2},""market"":{""M1_spy_regime"":{""score"":100.0},""M3_earnings_risk"":{""value"":null,""score"":80.0},""M4_vix"":{""value"":null,""score"":60.0},""_score"":84.0},""liquidity"":{""L1_price"":{""value"":361.62,""score"":100.0},""L2_dollar_vol"":{""value"":183559410.97077402,""score"":100.0},""L3_spread_proxy"":{""value"":0.029381671367734084,""score"":70.61832863226591},""L4_volume_zscore"":{""value"":-1.8406586598953782,""score"":100.0},""_score"":97.06},""pattern_structure"":{""top"":370.175,""top_touches"":3,""low_slope_per_bar"":0.21997509960159445,""lowest_low"":352.08,""structural_low"":352.08,""current_price"":364.185,""neckline_distance_pct"":0.01644768455592627,""base_bars"":45},""pattern_geometry_features"":{""top_touches"":3.0,""low_slope"":0.21997509960159445,""compression"":-0.12079859442828189,""atr_pct"":0.03038643564278208},""_schema_version"":""1.0""}",,,,,,,,,,
20260513T161427Z-28c0e1,2026-05-13T16:14:27.317311+00:00,CSCO,double_bottom,breakout_confirmed,55.0,100.0,61.5,49.1,41.6,39.8,31.7,27.3,84.0,98.4,15.0,15.38,3.93,5.83,5.18,2.54,1.64,5.04,4.92,True,risk_unclear,100.025,97.02,89.8221,102.85,"{""trend"":{""T1_ema_stack"":{""value"":[true,true,true],""score"":100.0},""T2_ema50_slope"":{""value"":0.3396062443169707,""score"":100},""T3_high_proximity"":{""value"":1.0,""score"":99.99999999999997},""T4_rs_1m"":{""value"":0.14556489080510726,""score"":100},""T5_rs_3m"":{""value"":0.1002423939409598,""score"":100},""T6_adr_healthy"":{""value"":2.401268779620308,""score"":100.0},""_score"":100.0},""geometry"":{""sub_low_similarity"":11.3,""sub_bounce_quality"":48.5,""sub_separation_fit"":100.0,""sub_right_bottom_reaction"":89.4,""sub_base_context"":100.0,""_score"":61.5},""compression"":{""VC1_atr_ratio"":{""value"":0.7108111996121109,""score"":72.29720009697228},""VC2_range_contraction"":{""value"":0.9638557689458161,""score"":6.0240385090306425},""VC3_range_pct_rank"":{""score"":72.5},""_score"":49.15},""sr_quality"":{""SR1_touches"":{""value"":2,""score"":25.0},""SR2_tightness"":{""value"":0.2749999999999986,""score"":77.5934817401427},""SR3_recency"":{""value"":228,""score"":0.0},""SR4_price_location"":{""score"":30.0},""SR5_reaction"":{""value"":2.958678888403897,""score"":100},""_score"":41.64,""_levels_found"":6,""_target_level"":90.725},""volume"":{""V1_rvol_day"":{""value"":0.5620091245980203,""score"":4.133941639868022},""V2_rvol_sameslot"":{""value"":1.7190048157462643,""score"":81.26698771641762,""status"":""ok""},""V3_breakout_bar"":{""value"":0.9800959040695897,""score"":32.006393604639314},""V4_base_dryup"":{""value"":0.763703157576113,""score"":73.6296842423887},""V5_bo_expansion"":{""value"":0.5620091245980204,""score"":0},""_score"":39.81},""readiness"":{""_distance_atr"":-1.224,""BR1_atr_distance"":{""score"":35.5157864105921},""BR2_compression"":{""score"":0},""BR3_retest"":{""score"":50.0},""BR4_bo_age"":{""score"":50.0},""_score"":31.71},""risk"":{""R1_stop_clarity"":{""score"":0},""R2_stop_distance_pct"":{""value"":10.200299925018758,""score"":44.99250187453106},""R3_stop_distance_atr"":{""value"":4.156551724137935,""score"":92.17241379310326},""R4_rr_potential"":{""value"":0.2768834198287719,""score"":0.0},""_score"":27.32},""market"":{""M1_spy_regime"":{""score"":100.0},""M3_earnings_risk"":{""value"":null,""score"":80.0},""M4_vix"":{""value"":null,""score"":60.0},""_score"":84.0},""liquidity"":{""L1_price"":{""value"":100.025,""score"":100.0},""L2_dollar_vol"":{""value"":1060860837.2644857,""score"":100.0},""L3_spread_proxy"":{""value"":0.01559610097475619,""score"":84.40389902524382},""L4_volume_zscore"":{""value"":-1.4740699529851573,""score"":100.0},""_score"":98.44},""pattern_structure"":{""left_low"":91.19,""left_idx"":36,""right_low"":95.325,""right_idx"":66,""separation_bars"":30,""structural_low"":91.19,""current_price"":100.41,""neckline_distance_pct"":-0.03376157753211832,""base_bars"":30},""pattern_geometry_features"":{""low_similarity_pct"":0.04433959735141951,""bounce_pct"":0.06393244873341374,""right_bottom_reaction"":0.8938053097345172,""atr_pct"":0.024540293498054064},""_schema_version"":""1.0""}",,,,,,,,,,
20260513T161427Z-28c0e1,2026-05-13T16:14:27.317311+00:00,BABA,vcp,absent,55.0,44.4,45.0,31.4,69.6,83.4,53.6,47.5,84.0,82.5,6.66,11.25,3.76,8.35,10.84,3.75,2.38,5.04,4.12,True,risk_unclear,143.075,143.78,127.0157,195.58,"{""trend"":{""T1_ema_stack"":{""value"":[true,false,false],""score"":33.33333333333333},""T2_ema50_slope"":{""value"":-0.04076982594856411,""score"":43.205029008572644},""T3_high_proximity"":{""value"":0.9013734013734014,""score"":50.68670068670067},""T4_rs_1m"":{""value"":0.02402038314631061,""score"":74.0203831463106},""T5_rs_3m"":{""value"":-0.19838399818294106,""score"":0},""T6_adr_healthy"":{""value"":2.7633021175609387,""score"":100.0},""_score"":44.38},""geometry"":{""sub_contraction_count"":100.0,""sub_reduction_rate"":0,""sub_pivot_tightness"":0,""sub_volume_dryup"":0,""sub_base_depth"":100.0,""sub_base_duration"":100.0,""_score"":45.0},""compression"":{""VC1_atr_ratio"":{""value"":0.6863755398339223,""score"":78.40611504151941},""VC2_range_contraction"":{""value"":1.3553300381110174,""score"":0},""VC3_range_pct_rank"":{""score"":0.0},""_score"":31.36},""sr_quality"":{""SR1_touches"":{""value"":5,""score"":100},""SR2_tightness"":{""value"":1.1050321262298224,""score"":53.80893588312088},""SR3_recency"":{""value"":227,""score"":0.0},""SR4_price_location"":{""score"":65.98165760869544},""SR5_reaction"":{""value"":3.0449162941929924,""score"":100},""_score"":69.57,""_levels_found"":8,""_target_level"":145.078},""volume"":{""V1_rvol_day"":{""value"":2.4040779784277384,""score"":100},""V2_rvol_sameslot"":{""value"":3.1457510056444034,""score"":100,""status"":""ok""},""V3_breakout_bar"":{""value"":1.5683274381840715,""score"":71.22182921227143},""V4_base_dryup"":{""value"":0.9231659242125408,""score"":57.683407578745914},""V5_bo_expansion"":{""value"":2.404077978427738,""score"":93.6051985618492},""_score"":83.38},""readiness"":{""_distance_atr"":0.147,""BR1_atr_distance"":{""score"":90.17684661847632},""BR2_compression"":{""score"":0},""BR3_retest"":{""score"":50.0},""BR4_bo_age"":{""score"":50.0},""_score"":53.57},""risk"":{""R1_stop_clarity"":{""score"":19.14708753952381},""R2_stop_distance_pct"":{""value"":11.22435785427224,""score"":19.391053643194},""R3_stop_distance_atr"":{""value"":3.3564356583453505,""score"":100.0},""R4_rr_potential"":{""value"":3.269455298348304,""score"":100.0},""_score"":47.52},""market"":{""M1_spy_regime"":{""score"":100.0},""M3_earnings_risk"":{""value"":null,""score"":80.0},""M4_vix"":{""value"":null,""score"":60.0},""_score"":84.0},""liquidity"":{""L1_price"":{""value"":143.075,""score"":100.0},""L2_dollar_vol"":{""value"":3716714985.5289063,""score"":100.0},""L3_spread_proxy"":{""value"":0.10952297745937438,""score"":0},""L4_volume_zscore"":{""value"":3.048937136565152,""score"":70.0},""_score"":82.5},""pattern_structure"":{""n_contractions"":5,""contractions_pct"":[13.3,9.15,12.93,6.69,10.31],""descending_strict"":false,""final_low"":128.95,""final_pivot"":143.78,""structural_low"":128.95,""dry_up_ratio"":1.2184556971243454,""current_price"":143.075,""neckline_distance_pct"":0.00492748558448375,""base_bars"":61},""pattern_geometry_features"":{""contraction_count"":5.0,""first_contraction_pct"":0.1330013831258644,""last_contraction_pct"":0.10314369175128678,""dry_up_ratio"":1.2184556971243454,""near_monotone"":0.0,""base_depth_pct"":0.2865836791147995},""_schema_version"":""1.0""}",,,,,,,,,,
20260513T161427Z-28c0e1,2026-05-13T16:14:27.317311+00:00,GOOG,double_bottom,forming,55.0,99.4,66.0,42.8,39.4,30.7,47.3,46.2,84.0,96.7,14.91,16.51,3.43,5.52,4.0,3.78,2.77,5.04,4.83,True,risk_unclear,393.855,398.0,371.1184,419.23,"{""trend"":{""T1_ema_stack"":{""value"":[true,true,true],""score"":100.0},""T2_ema50_slope"":{""value"":0.44524896723667123,""score"":100},""T3_high_proximity"":{""value"":0.9919531671074172,""score"":95.97658355370858},""T4_rs_1m"":{""value"":0.12616109028449318,""score"":100},""T5_rs_3m"":{""value"":0.19597885801766535,""score"":100},""T6_adr_healthy"":{""value"":2.2360087469282046,""score"":100.0},""_score"":99.4},""geometry"":{""sub_low_similarity"":84.4,""sub_bounce_quality"":37.6,""sub_separation_fit"":46.7,""sub_right_bottom_reaction"":41.3,""sub_base_context"":100.0,""_score"":66.04},""compression"":{""VC1_atr_ratio"":{""value"":0.609074593819456,""score"":97.73135154513601},""VC2_range_contraction"":{""value"":1.0929028484072385,""score"":0},""VC3_range_pct_rank"":{""score"":15.000000000000002},""_score"":42.84},""sr_quality"":{""SR1_touches"":{""value"":2,""score"":25.0},""SR2_tightness"":{""value"":0.6074999999999875,""score"":88.75334721809008},""SR3_recency"":{""value"":241,""score"":0.0},""SR4_price_location"":{""score"":30.0},""SR5_reaction"":{""value"":1.4817303051340551,""score"":74.08651525670275},""_score"":39.43,""_levels_found"":5,""_target_level"":340.5925},""volume"":{""V1_rvol_day"":{""value"":0.3669233518223385,""score"":0},""V2_rvol_sameslot"":{""value"":1.0234060100240912,""score"":34.89373400160608,""status"":""ok""},""V3_breakout_bar"":{""value"":1.1924778413538177,""score"":46.16518942358785},""V4_base_dryup"":{""value"":0.889052189862261,""score"":61.094781013773904},""V5_bo_expansion"":{""value"":0.3669233518223385,""score"":0},""_score"":30.74},""readiness"":{""_distance_atr"":0.384,""BR1_atr_distance"":{""score"":74.4212238421105},""BR2_compression"":{""score"":0},""BR3_retest"":{""score"":50.0},""BR4_bo_age"":{""score"":50.0},""_score"":47.27},""risk"":{""R1_stop_clarity"":{""score"":0},""R2_stop_distance_pct"":{""value"":5.77282368164904,""score"":100.0},""R3_stop_distance_atr"":{""value"":2.10461020199015,""score"":100.0},""R4_rr_potential"":{""value"":1.1160439653236827,""score"":5.802198266184133},""_score"":46.16},""market"":{""M1_spy_regime"":{""score"":100.0},""M3_earnings_risk"":{""value"":null,""score"":80.0},""M4_vix"":{""value"":null,""score"":60.0},""_score"":84.0},""liquidity"":{""L1_price"":{""value"":393.855005,""score"":100.0},""L2_dollar_vol"":{""value"":2617830394.859071,""score"":100.0},""L3_spread_proxy"":{""value"":0.0330578508199992,""score"":66.9421491800008},""L4_volume_zscore"":{""value"":-1.4939601917340715,""score"":100.0},""_score"":96.69},""pattern_structure"":{""left_low"":376.77,""left_idx"":37,""right_low"":379.72,""right_idx"":75,""separation_bars"":38,""structural_low"":376.77,""current_price"":393.97,""neckline_distance_pct"":0.01022920526943669,""base_bars"":38},""pattern_geometry_features"":{""low_similarity_pct"":0.007799177781596704,""bounce_pct"":0.05634737372933094,""right_bottom_reaction"":0.41310541310541093,""atr_pct"":0.027429419833611815},""_schema_version"":""1.0""}",,,,,,,,,,
20260513T161427Z-28c0e1,2026-05-13T16:14:27.317311+00:00,CW,cup_with_handle,forming,55.0,74.5,71.2,51.9,56.1,26.1,51.3,60.9,84.0,67.3,10.43,21.36,4.15,6.74,3.39,4.1,3.05,4.2,3.36,True,risk_unclear,744.97,750.0,702.0588,854.47,"{""trend"":{""T1_ema_stack"":{""value"":[true,true,true],""score"":100.0},""T2_ema50_slope"":{""value"":0.13557396526152207,""score"":72.59566087692035},""T3_high_proximity"":{""value"":1.0,""score"":99.99999999999997},""T4_rs_1m"":{""value"":-0.062066958146832274,""score"":0},""T5_rs_3m"":{""value"":0.1054747986348663,""score"":100},""T6_adr_healthy"":{""value"":2.9132218487352612,""score"":100.0},""_score"":74.52},""geometry"":{""sub_cup_depth"":63.1,""sub_cup_duration"":100.0,""sub_rim_symmetry"":45.5,""sub_handle_shallowness"":58.6,""sub_handle_proportion"":100.0,""sub_u_shape"":85.1,""_score"":71.2},""compression"":{""VC1_atr_ratio"":{""value"":0.3292852318936871,""score"":100},""VC2_range_contraction"":{""value"":1.092186664424047,""score"":0},""VC3_range_pct_rank"":{""score"":47.5},""_score"":51.88},""sr_quality"":{""SR1_touches"":{""value"":2,""score"":25.0},""SR2_tightness"":{""value"":0.9300000000000068,""score"":91.40454205915344},""SR3_recency"":{""value"":227,""score"":0.0},""SR4_price_location"":{""score"":89.81651091309902},""SR5_reaction"":{""value"":1.664792324295669,""score"":83.23961621478345},""_score"":56.15,""_levels_found"":7,""_target_level"":749.07},""volume"":{""V1_rvol_day"":{""value"":0.3681153821375074,""score"":0},""V2_rvol_sameslot"":{""value"":1.1477412811597556,""score"":43.18275207731704,""status"":""ok""},""V3_breakout_bar"":{""value"":0.8912656220124181,""score"":26.084374800827874},""V4_base_dryup"":{""value"":0.9542952053701359,""score"":54.57047946298641},""V5_bo_expansion"":{""value"":0.3681153821375074,""score"":0},""_score"":26.07},""readiness"":{""_distance_atr"":0.232,""BR1_atr_distance"":{""score"":84.50352923209405},""BR2_compression"":{""score"":0},""BR3_retest"":{""score"":50.0},""BR4_bo_age"":{""score"":50.0},""_score"":51.3},""risk"":{""R1_stop_clarity"":{""score"":1.186892784865904},""R2_stop_distance_pct"":{""value"":5.760131280454246,""score"":100.0},""R3_stop_distance_atr"":{""value"":1.9830206696997241,""score"":100.0},""R4_rr_potential"":{""value"":2.5517783797955085,""score"":77.58891898977542},""_score"":60.93},""market"":{""M1_spy_regime"":{""score"":100.0},""M3_earnings_risk"":{""value"":null,""score"":80.0},""M4_vix"":{""value"":null,""score"":60.0},""_score"":84.0},""liquidity"":{""L1_price"":{""value"":744.97,""score"":0.0},""L2_dollar_vol"":{""value"":59068376.03933518,""score"":88.56775155046432},""L3_spread_proxy"":{""value"":0.031497912667624244,""score"":68.50208733237575},""L4_volume_zscore"":{""value"":-1.6964745291655106,""score"":100.0},""_score"":67.28},""pattern_structure"":{""left_rim"":730.12,""left_rim_idx"":128,""cup_bottom"":625.65,""cup_bottom_idx"":148,""right_rim"":750.0,""right_rim_idx"":175,""handle_low"":712.75,""handle_bars"":4,""cup_bars"":47,""structural_low"":712.75,""current_price"":744.97,""neckline_distance_pct"":0.006751949742942632,""base_bars"":51},""pattern_geometry_features"":{""cup_depth_pct"":0.1430860680436093,""rim_symmetry_pct"":0.02722840081082561,""handle_depth_pct"":0.049666666666666665,""handle_to_cup_ratio"":0.0851063829787234,""cup_duration_bars"":47.0,""atr_pct"":0.029047257895332298,""u_shape_score"":0.425531914893617},""_schema_version"":""1.0""}",,,,,,,,,,
20260513T161427Z-28c0e1,2026-05-13T16:14:27.317311+00:00,GOOG,ascending_triangle,forming,55.0,99.4,51.5,42.8,39.4,30.7,47.3,46.3,84.0,96.7,14.91,14.42,3.43,5.52,3.69,3.78,1.85,5.04,4.83,True,risk_unclear,393.855,398.0,374.0242,416.28,"{""trend"":{""T1_ema_stack"":{""value"":[true,true,true],""score"":100.0},""T2_ema50_slope"":{""value"":0.44524896723667123,""score"":100},""T3_high_proximity"":{""value"":0.9919531671074172,""score"":95.97658355370858},""T4_rs_1m"":{""value"":0.12616109028449318,""score"":100},""T5_rs_3m"":{""value"":0.19597885801766535,""score"":100},""T6_adr_healthy"":{""value"":2.2360087469282046,""score"":100.0},""_score"":99.4},""geometry"":{""sub_flat_top_quality"":100,""sub_hl_slope"":13.3,""sub_compression"":10.0,""sub_duration"":100.0,""_score"":51.49},""compression"":{""VC1_atr_ratio"":{""value"":0.609074593819456,""score"":97.73135154513601},""VC2_range_contraction"":{""value"":1.0929028484072385,""score"":0},""VC3_range_pct_rank"":{""score"":15.000000000000002},""_score"":42.84},""sr_quality"":{""SR1_touches"":{""value"":2,""score"":25.0},""SR2_tightness"":{""value"":0.6074999999999875,""score"":88.75334721809008},""SR3_recency"":{""value"":241,""score"":0.0},""SR4_price_location"":{""score"":30.0},""SR5_reaction"":{""value"":1.4817303051340551,""score"":74.08651525670275},""_score"":39.43,""_levels_found"":5,""_target_level"":340.5925},""volume"":{""V1_rvol_day"":{""value"":0.3669233518223385,""score"":0},""V2_rvol_sameslot"":{""value"":1.0234060100240912,""score"":34.89373400160608,""status"":""ok""},""V3_breakout_bar"":{""value"":1.1924778413538177,""score"":46.16518942358785},""V4_base_dryup"":{""value"":0.889052189862261,""score"":61.094781013773904},""V5_bo_expansion"":{""value"":0.3669233518223385,""score"":0},""_score"":30.74},""readiness"":{""_distance_atr"":0.384,""BR1_atr_distance"":{""score"":74.4212238421105},""BR2_compression"":{""score"":0},""BR3_retest"":{""score"":50.0},""BR4_bo_age"":{""score"":50.0},""_score"":47.27},""risk"":{""R1_stop_clarity"":{""score"":0},""R2_stop_distance_pct"":{""value"":5.035052176117452,""score"":100.0},""R3_stop_distance_atr"":{""value"":1.8356393269198987,""score"":100.0},""R4_rr_potential"":{""value"":1.1308161721120231,""score"":6.540808605601156},""_score"":46.31},""market"":{""M1_spy_regime"":{""score"":100.0},""M3_earnings_risk"":{""value"":null,""score"":80.0},""M4_vix"":{""value"":null,""score"":60.0},""_score"":84.0},""liquidity"":{""L1_price"":{""value"":393.855005,""score"":100.0},""L2_dollar_vol"":{""value"":2617830394.859071,""score"":100.0},""L3_spread_proxy"":{""value"":0.0330578508199992,""score"":66.9421491800008},""L4_volume_zscore"":{""value"":-1.4939601917340715,""score"":100.0},""_score"":96.69},""pattern_structure"":{""top"":398.0,""top_touches"":4,""low_slope_per_bar"":0.15111690708527664,""lowest_low"":379.72,""structural_low"":379.72,""current_price"":393.97,""neckline_distance_pct"":0.01022920526943669,""base_bars"":38},""pattern_geometry_features"":{""top_touches"":4.0,""low_slope"":0.15111690708527664,""compression"":0.05020191361511239,""atr_pct"":0.027429419833611815},""_schema_version"":""1.0""}",,,,,,,,,,
20260513T161427Z-28c0e1,2026-05-13T16:14:27.317311+00:00,BABA,double_bottom,forming,55.0,44.4,50.4,31.4,69.6,82.5,52.6,29.5,84.0,82.5,6.66,12.61,2.51,9.74,10.73,4.21,1.77,5.04,4.12,True,risk_unclear,143.075,143.95,127.4097,158.55,"{""trend"":{""T1_ema_stack"":{""value"":[true,false,false],""score"":33.33333333333333},""T2_ema50_slope"":{""value"":-0.04076982594856411,""score"":43.205029008572644},""T3_high_proximity"":{""value"":0.9013734013734014,""score"":50.68670068670067},""T4_rs_1m"":{""value"":0.02402038314631061,""score"":74.0203831463106},""T5_rs_3m"":{""value"":-0.19838399818294106,""score"":0},""T6_adr_healthy"":{""value"":2.7633021175609387,""score"":100.0},""_score"":44.38},""geometry"":{""sub_low_similarity"":32.1,""sub_bounce_quality"":100,""sub_separation_fit"":0.0,""sub_right_bottom_reaction"":5.3,""sub_base_context"":100.0,""_score"":50.43},""compression"":{""VC1_atr_ratio"":{""value"":0.6863755398339223,""score"":78.40611504151941},""VC2_range_contraction"":{""value"":1.3553300381110174,""score"":0},""VC3_range_pct_rank"":{""score"":0.0},""_score"":31.36},""sr_quality"":{""SR1_touches"":{""value"":5,""score"":100},""SR2_tightness"":{""value"":1.1050321262298224,""score"":53.80893588312088},""SR3_recency"":{""value"":227,""score"":0.0},""SR4_price_location"":{""score"":65.98165760869544},""SR5_reaction"":{""value"":3.0449162941929924,""score"":100},""_score"":69.57,""_levels_found"":8,""_target_level"":145.078},""volume"":{""V1_rvol_day"":{""value"":2.4040779784277384,""score"":100},""V2_rvol_sameslot"":{""value"":3.1457510056444034,""score"":100,""status"":""ok""},""V3_breakout_bar"":{""value"":1.5683274381840715,""score"":71.22182921227143},""V4_base_dryup"":{""value"":0.965225069758911,""score"":53.4774930241089},""V5_bo_expansion"":{""value"":2.404077978427738,""score"":93.6051985618492},""_score"":82.54},""readiness"":{""_distance_atr"":0.183,""BR1_atr_distance"":{""score"":87.80814296619423},""BR2_compression"":{""score"":0},""BR3_retest"":{""score"":50.0},""BR4_bo_age"":{""score"":50.0},""_score"":52.62},""risk"":{""R1_stop_clarity"":{""score"":18.896283623399796},""R2_stop_distance_pct"":{""value"":10.948977808841518,""score"":26.27555477896206},""R3_stop_distance_atr"":{""value"":3.2740883725513013,""score"":100.0},""R4_rr_potential"":{""value"":0.9878552847863898,""score"":0.0},""_score"":29.5},""market"":{""M1_spy_regime"":{""score"":100.0},""M3_earnings_risk"":{""value"":null,""score"":80.0},""M4_vix"":{""value"":null,""score"":60.0},""_score"":84.0},""liquidity"":{""L1_price"":{""value"":143.075,""score"":100.0},""L2_dollar_vol"":{""value"":3716714985.5289063,""score"":100.0},""L3_spread_proxy"":{""value"":0.10952297745937438,""score"":0},""L4_volume_zscore"":{""value"":3.048937136565152,""score"":70.0},""_score"":82.5},""pattern_structure"":{""left_low"":129.35,""left_idx"":24,""right_low"":133.82,""right_idx"":73,""separation_bars"":49,""structural_low"":129.35,""current_price"":145.83,""neckline_distance_pct"":-0.01289172323938849,""base_bars"":49},""pattern_geometry_features"":{""low_similarity_pct"":0.03397043735988144,""bounce_pct"":0.112872052570545,""right_bottom_reaction"":0.05345911949686023,""atr_pct"":0.03344130201442802},""_schema_version"":""1.0""}",,,,,,,,,,
20260513T161427Z-28c0e1,2026-05-13T16:14:27.317311+00:00,KEYS,double_bottom,forming,55.0,94.8,63.2,50.4,42.6,41.7,36.7,52.3,84.0,97.1,14.22,15.8,4.03,5.96,5.42,2.94,3.14,5.04,4.85,True,risk_unclear,361.62,370.175,338.1899,397.01,"{""trend"":{""T1_ema_stack"":{""value"":[true,true,true],""score"":100.0},""T2_ema50_slope"":{""value"":0.5343606260071194,""score"":100},""T3_high_proximity"":{""value"":0.9862005017999346,""score"":93.10025089996726},""T4_rs_1m"":{""value"":0.02904786545684601,""score"":79.04786545684601},""T5_rs_3m"":{""value"":0.4501905045488219,""score"":100},""T6_adr_healthy"":{""value"":2.6323851965894636,""score"":100.0},""_score"":94.77},""geometry"":{""sub_low_similarity"":49.7,""sub_bounce_quality"":68.8,""sub_separation_fit"":0.0,""sub_right_bottom_reaction"":97.0,""sub_base_context"":100.0,""_score"":63.22},""compression"":{""VC1_atr_ratio"":{""value"":0.4594425440992791,""score"":100},""VC2_range_contraction"":{""value"":1.0048616306511748,""score"":0},""VC3_range_pct_rank"":{""score"":41.666666666666664},""_score"":50.42},""sr_quality"":{""SR1_touches"":{""value"":2,""score"":25.0},""SR2_tightness"":{""value"":0.8850000000000193,""score"":83.89202063485425},""SR3_recency"":{""value"":254,""score"":0.0},""SR4_price_location"":{""score"":30.0},""SR5_reaction"":{""value"":2.858028768149104,""score"":100},""_score"":42.58,""_levels_found"":3,""_target_level"":265.585},""volume"":{""V1_rvol_day"":{""value"":0.45110872218732195,""score"":0},""V2_rvol_sameslot"":{""value"":1.7188651125207361,""score"":81.25767416804908,""status"":""ok""},""V3_breakout_bar"":{""value"":1.207769743807471,""score"":47.184649587164735},""V4_base_dryup"":{""value"":0.8175247493027042,""score"":68.24752506972958},""V5_bo_expansion"":{""value"":0.45110872218732206,""score"":0},""_score"":41.7},""readiness"":{""_distance_atr"":0.779,""BR1_atr_distance"":{""score"":48.09651093453143},""BR2_compression"":{""score"":0},""BR3_retest"":{""score"":50.0},""BR4_bo_age"":{""score"":50.0},""_score"":36.74},""risk"":{""R1_stop_clarity"":{""score"":6.262480758829952},""R2_stop_distance_pct"":{""value"":6.479204690006095,""score"":100.0},""R3_stop_distance_atr"":{""value"":2.1322687419395137,""score"":100.0},""R4_rr_potential"":{""value"":1.5104502328201752,""score"":25.522511641008762},""_score"":52.3},""market"":{""M1_spy_regime"":{""score"":100.0},""M3_earnings_risk"":{""value"":null,""score"":80.0},""M4_vix"":{""value"":null,""score"":60.0},""_score"":84.0},""liquidity"":{""L1_price"":{""value"":361.62,""score"":100.0},""L2_dollar_vol"":{""value"":183559410.97077402,""score"":100.0},""L3_spread_proxy"":{""value"":0.029381671367734084,""score"":70.61832863226591},""L4_volume_zscore"":{""value"":-1.8406586598953782,""score"":100.0},""_score"":97.06},""pattern_structure"":{""left_low"":343.34,""left_idx"":30,""right_low"":352.08,""right_idx"":75,""separation_bars"":45,""structural_low"":343.34,""current_price"":364.185,""neckline_distance_pct"":0.01644768455592627,""base_bars"":45},""pattern_geometry_features"":{""low_similarity_pct"":0.02513588910298815,""bounce_pct"":0.07815867653055292,""right_bottom_reaction"":0.9703103913630193,""atr_pct"":0.03038643564278208},""_schema_version"":""1.0""}",,,,,,,,,,
20260513T161427Z-28c0e1,2026-05-13T16:14:27.317311+00:00,BABA,ascending_triangle,absent,54.88,44.4,37.6,31.4,69.6,83.8,52.6,50.6,84.0,82.5,6.66,10.53,2.51,9.74,10.05,4.21,2.03,5.04,4.12,True,risk_unclear,143.075,143.95,131.8127,154.08,"{""trend"":{""T1_ema_stack"":{""value"":[true,false,false],""score"":33.33333333333333},""T2_ema50_slope"":{""value"":-0.04076982594856411,""score"":43.205029008572644},""T3_high_proximity"":{""value"":0.9013734013734014,""score"":50.68670068670067},""T4_rs_1m"":{""value"":0.02402038314631061,""score"":74.0203831463106},""T5_rs_3m"":{""value"":-0.19838399818294106,""score"":0},""T6_adr_healthy"":{""value"":2.7633021175609387,""score"":100.0},""_score"":44.38},""geometry"":{""sub_flat_top_quality"":66.7,""sub_hl_slope"":8.6,""sub_compression"":0,""sub_duration"":100.0,""_score"":37.59},""compression"":{""VC1_atr_ratio"":{""value"":0.6863755398339223,""score"":78.40611504151941},""VC2_range_contraction"":{""value"":1.3553300381110174,""score"":0},""VC3_range_pct_rank"":{""score"":0.0},""_score"":31.36},""sr_quality"":{""SR1_touches"":{""value"":5,""score"":100},""SR2_tightness"":{""value"":1.1050321262298224,""score"":53.80893588312088},""SR3_recency"":{""value"":227,""score"":0.0},""SR4_price_location"":{""score"":65.98165760869544},""SR5_reaction"":{""value"":3.0449162941929924,""score"":100},""_score"":69.57,""_levels_found"":8,""_target_level"":145.078},""volume"":{""V1_rvol_day"":{""value"":2.4040779784277384,""score"":100},""V2_rvol_sameslot"":{""value"":3.1457510056444034,""score"":100,""status"":""ok""},""V3_breakout_bar"":{""value"":1.5683274381840715,""score"":71.22182921227143},""V4_base_dryup"":{""value"":0.9037342632200703,""score"":59.626573677992965},""V5_bo_expansion"":{""value"":2.404077978427738,""score"":93.6051985618492},""_score"":83.77},""readiness"":{""_distance_atr"":0.183,""BR1_atr_distance"":{""score"":87.80814296619423},""BR2_compression"":{""score"":0},""BR3_retest"":{""score"":50.0},""BR4_bo_age"":{""score"":50.0},""_score"":52.62},""risk"":{""R1_stop_clarity"":{""score"":16.09354986071368},""R2_stop_distance_pct"":{""value"":7.871605801153249,""score"":100.0},""R3_stop_distance_atr"":{""value"":2.3538574538028154,""score"":100.0},""R4_rr_potential"":{""value"":0.9771538673272764,""score"":0.0},""_score"":50.63},""market"":{""M1_spy_regime"":{""score"":100.0},""M3_earnings_risk"":{""value"":null,""score"":80.0},""M4_vix"":{""value"":null,""score"":60.0},""_score"":84.0},""liquidity"":{""L1_price"":{""value"":143.075,""score"":100.0},""L2_dollar_vol"":{""value"":3716714985.5289063,""score"":100.0},""L3_spread_proxy"":{""value"":0.10952297745937438,""score"":0},""L4_volume_zscore"":{""value"":3.048937136565152,""score"":70.0},""_score"":82.5},""pattern_structure"":{""top"":143.95,""top_touches"":3,""low_slope_per_bar"":0.03455709711846257,""lowest_low"":133.82,""structural_low"":133.82,""current_price"":145.83,""neckline_distance_pct"":-0.01289172323938849,""base_bars"":26},""pattern_geometry_features"":{""top_touches"":3.0,""low_slope"":0.03455709711846257,""compression"":-0.8466864765056623,""atr_pct"":0.03344130201442802},""_schema_version"":""1.0""}",,,,,,,,,,
20260513T161427Z-28c0e1,2026-05-13T16:14:27.317311+00:00,MU,ascending_triangle,forming,54.79,99.3,55.0,15.2,51.1,21.7,41.7,40.1,84.0,70.5,14.9,15.4,1.22,7.16,2.6,3.34,1.6,5.04,3.53,False,,788.4318,818.67,618.1663,1009.76,"{""trend"":{""T1_ema_stack"":{""value"":[true,true,true],""score"":100.0},""T2_ema50_slope"":{""value"":0.681242411756172,""score"":100},""T3_high_proximity"":{""value"":0.9913266191392252,""score"":95.66330956961255},""T4_rs_1m"":{""value"":0.6279041402135908,""score"":100},""T5_rs_3m"":{""value"":0.852317435778845,""score"":100},""T6_adr_healthy"":{""value"":5.871662421553951,""score"":100.0},""_score"":99.35},""geometry"":{""sub_flat_top_quality"":33.3,""sub_hl_slope"":100,""sub_compression"":0,""sub_duration"":100.0,""_score"":54.99},""compression"":{""VC1_atr_ratio"":{""value"":1.22674506936501,""score"":0},""VC2_range_contraction"":{""value"":1.3434581541429855,""score"":0},""VC3_range_pct_rank"":{""score"":60.83333333333334},""_score"":15.21},""sr_quality"":{""SR1_touches"":{""value"":4,""score"":75.0},""SR2_tightness"":{""value"":7.9966410918506945,""score"":68.67453276812543},""SR3_recency"":{""value"":240,""score"":0.0},""SR4_price_location"":{""score"":30.0},""SR5_reaction"":{""value"":1.4467618316251225,""score"":72.33809158125612},""_score"":51.15,""_levels_found"":3,""_target_level"":441.765},""volume"":{""V1_rvol_day"":{""value"":0.6918361849785826,""score"":12.78907899857217},""V2_rvol_sameslot"":{""value"":1.2122498097174936,""score"":47.48332064783291,""status"":""ok""},""V3_breakout_bar"":{""value"":0.8475074093388246,""score"":23.16716062258831},""V4_base_dryup"":{""value"":1.3078994515180065,""score"":19.21005484819935},""V5_bo_expansion"":{""value"":0.6918361849785826,""score"":0},""_score"":21.69},""readiness"":{""_distance_atr"":0.592,""BR1_atr_distance"":{""score"":60.51568267347571},""BR2_compression"":{""score"":0},""BR3_retest"":{""score"":50.0},""BR4_bo_age"":{""score"":50.0},""_score"":41.71},""risk"":{""R1_stop_clarity"":{""score"":63.123448021042506},""R2_stop_distance_pct"":{""value"":21.595463298157174,""score"":0.0},""R3_stop_distance_atr"":{""value"":3.334929178204715,""score"":100.0},""R4_rr_potential"":{""value"":1.2999004495919606,""score"":14.995022479598031},""_score"":40.09},""market"":{""M1_spy_regime"":{""score"":100.0},""M3_earnings_risk"":{""value"":null,""score"":80.0},""M4_vix"":{""value"":null,""score"":60.0},""_score"":84.0},""liquidity"":{""L1_price"":{""value"":788.4318,""score"":0.0},""L2_dollar_vol"":{""value"":24519701406.548775,""score"":100.0},""L3_spread_proxy"":{""value"":0.04500072168575649,""score"":54.99927831424351},""L4_volume_zscore"":{""value"":-0.9956592958818886,""score"":100.0},""_score"":70.5},""pattern_structure"":{""top"":818.67,""top_touches"":2,""low_slope_per_bar"":3.9596752442087593,""lowest_low"":627.58,""structural_low"":627.58,""current_price"":792.205,""neckline_distance_pct"":0.03340675708938964,""base_bars"":50},""pattern_geometry_features"":{""top_touches"":2.0,""low_slope"":3.9596752442087593,""compression"":-1.0675105093104569,""atr_pct"":0.06475538802830774},""_schema_version"":""1.0""}",,,,,,,,,,
20260513T161427Z-28c0e1,2026-05-13T16:14:27.317311+00:00,QUBT,bull_flag,forming,54.65,86.1,66.6,21.6,43.8,19.1,17.5,79.4,84.0,92.0,12.05,19.99,1.95,4.38,2.68,1.57,2.38,5.04,4.6,False,,10.97,14.45,10.6823,19.68,"{""trend"":{""T1_ema_stack"":{""value"":[true,true,false],""score"":66.66666666666666},""T2_ema50_slope"":{""value"":0.33037684452521304,""score"":100},""T3_high_proximity"":{""value"":0.9312393887945671,""score"":65.61969439728355},""T4_rs_1m"":{""value"":0.28740610957540214,""score"":100},""T5_rs_3m"":{""value"":0.21544973630212172,""score"":100},""T6_adr_healthy"":{""value"":8.337168899077698,""score"":91.57077752305756},""_score"":86.09},""geometry"":{""sub_pole_impulse"":100.0,""sub_flag_tightness"":62.3,""sub_flag_shallowness"":12.0,""sub_flag_drift"":57.7,""sub_flag_duration"":100.0,""_score"":66.63},""compression"":{""VC1_atr_ratio"":{""value"":0.8692597226453496,""score"":32.68506933866261},""VC2_range_contraction"":{""value"":1.3735091471425083,""score"":0},""VC3_range_pct_rank"":{""score"":34.166666666666664},""_score"":21.62},""sr_quality"":{""SR1_touches"":{""value"":3,""score"":50.0},""SR2_tightness"":{""value"":0.10412333498735513,""score"":78.94964310467265},""SR3_recency"":{""value"":308,""score"":0.0},""SR4_price_location"":{""score"":18.717628758482768},""SR5_reaction"":{""value"":1.6426448325740026,""score"":82.13224162870013},""_score"":43.84,""_levels_found"":5,""_target_level"":12.555},""volume"":{""V1_rvol_day"":{""value"":0.9602675309766662,""score"":30.68450206511108},""V2_rvol_sameslot"":{""value"":1.476101339182557,""score"":65.07342261217048,""status"":""ok""},""V3_breakout_bar"":{""value"":0.4021549443667107,""score"":0},""V4_base_dryup"":{""value"":3.313940946238578,""score"":0},""V5_bo_expansion"":{""value"":0.9602675309766664,""score"":0},""_score"":19.15},""readiness"":{""_distance_atr"":3.518,""BR1_atr_distance"":{""score"":0},""BR2_compression"":{""score"":0},""BR3_retest"":{""score"":50.0},""BR4_bo_age"":{""score"":50.0},""_score"":17.5},""risk"":{""R1_stop_clarity"":{""score"":67.11239792345067},""R2_stop_distance_pct"":{""value"":2.6223792160437567,""score"":100.0},""R3_stop_distance_atr"":{""value"":0.2907927133047894,""score"":39.53963566523947},""R4_rr_potential"":{""value"":30.277222560180743,""score"":100.0},""_score"":79.42},""market"":{""M1_spy_regime"":{""score"":100.0},""M3_earnings_risk"":{""value"":null,""score"":80.0},""M4_vix"":{""value"":null,""score"":60.0},""_score"":84.0},""liquidity"":{""L1_price"":{""value"":10.97,""score"":100.0},""L2_dollar_vol"":{""value"":238677619.1230537,""score"":100.0},""L3_spread_proxy"":{""value"":0.07976298997265269,""score"":20.23701002734731},""L4_volume_zscore"":{""value"":-0.03130951824882693,""score"":100.0},""_score"":92.02},""pattern_structure"":{""pole_low"":9.22,""pole_low_idx"":44,""peak_price"":14.45,""peak_idx"":52,""pole_gain"":0.5672451193058566,""flag_bars"":7,""flag_low"":10.845,""flag_high"":12.7,""structural_low"":10.845,""current_price"":11.175,""neckline_distance_pct"":0.2930648769574943,""base_bars"":7},""pattern_geometry_features"":{""pole_gain"":0.5672451193058566,""pullback_pct"":0.2494809688581314,""flag_range_pct"":0.12837370242214524,""flag_drift_per_bar"":-0.008469159475870902,""atr_pct"":0.09018036202630547,""pole_atr_multiple"":6.290118009732453},""_schema_version"":""1.0""}",,,,,,,,,,
20260513T161427Z-28c0e1,2026-05-13T16:14:27.317311+00:00,NVDA,vcp,setup,54.49,99.9,35.0,49.4,61.1,32.5,31.9,22.5,84.0,97.3,14.99,8.75,5.92,7.33,4.23,2.23,1.13,5.04,4.87,True,risk_unclear,226.55,216.825,191.8189,219.7149,"{""trend"":{""T1_ema_stack"":{""value"":[true,true,true],""score"":100.0},""T2_ema50_slope"":{""value"":0.29807274477601975,""score"":99.67879079600328},""T3_high_proximity"":{""value"":1.0,""score"":99.99999999999997},""T4_rs_1m"":{""value"":0.08762260003427946,""score"":100},""T5_rs_3m"":{""value"":0.12296113321665225,""score"":100},""T6_adr_healthy"":{""value"":3.1510103749659026,""score"":100.0},""_score"":99.94},""geometry"":{""sub_contraction_count"":100.0,""sub_reduction_rate"":0,""sub_pivot_tightness"":0,""sub_volume_dryup"":0,""sub_base_depth"":0.0,""sub_base_duration"":100.0,""_score"":35.0},""compression"":{""VC1_atr_ratio"":{""value"":0.6208451510029005,""score"":94.78871224927488},""VC2_range_contraction"":{""value"":1.3879075304641002,""score"":0},""VC3_range_pct_rank"":{""score"":45.833333333333336},""_score"":49.37},""sr_quality"":{""SR1_touches"":{""value"":7,""score"":100},""SR2_tightness"":{""value"":1.7344263789742196,""score"":57.11195150292214},""SR3_recency"":{""value"":230,""score"":0.0},""SR4_price_location"":{""score"":30.0},""SR5_reaction"":{""value"":2.21636749321318,""score"":100},""_score"":61.07,""_levels_found"":4,""_target_level"":194.8658},""volume"":{""V1_rvol_day"":{""value"":0.536732728563488,""score"":2.448848570899198},""V2_rvol_sameslot"":{""value"":1.0663879884667626,""score"":37.759199231117506,""status"":""ok""},""V3_breakout_bar"":{""value"":1.2430228265687937,""score"":49.53485510458624},""V4_base_dryup"":{""value"":0.8949942918365076,""score"":60.50057081634924},""V5_bo_expansion"":{""value"":0.536732728563488,""score"":0},""_score"":32.53},""readiness"":{""_distance_atr"":-1.202,""BR1_atr_distance"":{""score"":35.95249491761318},""BR2_compression"":{""score"":0},""BR3_retest"":{""score"":50.0},""BR4_bo_age"":{""score"":50.0},""_score"":31.88},""risk"":{""R1_stop_clarity"":{""score"":27.7684657108896},""R2_stop_distance_pct"":{""value"":15.330434782608693,""score"":0.0},""R3_stop_distance_atr"":{""value"":4.294068399829731,""score"":85.29658000851343},""R4_rr_potential"":{""value"":-0.19680056203230073,""score"":0.0},""_score"":22.51},""market"":{""M1_spy_regime"":{""score"":100.0},""M3_earnings_risk"":{""value"":null,""score"":80.0},""M4_vix"":{""value"":null,""score"":60.0},""_score"":84.0},""liquidity"":{""L1_price"":{""value"":226.55,""score"":100.0},""L2_dollar_vol"":{""value"":17777961357.204838,""score"":100.0},""L3_spread_proxy"":{""value"":0.026504965791216,""score"":73.495034208784},""L4_volume_zscore"":{""value"":-1.744335134359832,""score"":100.0},""_score"":97.35},""pattern_structure"":{""n_contractions"":5,""contractions_pct"":[11.63,4.95,9.09,9.35,10.19],""descending_strict"":false,""final_low"":194.74,""final_pivot"":216.825,""structural_low"":194.74,""dry_up_ratio"":1.0250676015138782,""current_price"":226.55,""neckline_distance_pct"":-0.0429265062900023,""base_bars"":47},""pattern_geometry_features"":{""contraction_count"":5.0,""first_contraction_pct"":0.11632804550323614,""last_contraction_pct"":0.10185633575464074,""dry_up_ratio"":1.0250676015138782,""near_monotone"":0.0,""base_depth_pct"":0.014622787341389047},""_schema_version"":""1.0""}",,,,,,,,,,
20260513T161427Z-28c0e1,2026-05-13T16:14:27.317311+00:00,ADI,vcp,breakout_confirmed,54.3,100.0,42.8,55.8,59.5,19.0,26.1,10.7,84.0,97.8,15.0,10.7,6.69,7.15,2.47,1.83,0.54,5.04,4.89,True,risk_unclear,430.79,408.37,376.7132,329.12,"{""trend"":{""T1_ema_stack"":{""value"":[true,true,true],""score"":100.0},""T2_ema50_slope"":{""value"":0.5000243651863995,""score"":100},""T3_high_proximity"":{""value"":1.0,""score"":99.99999999999997},""T4_rs_1m"":{""value"":0.17052671954743737,""score"":100},""T5_rs_3m"":{""value"":0.2092150161164359,""score"":100},""T6_adr_healthy"":{""value"":2.6241915515345955,""score"":100.0},""_score"":100.0},""geometry"":{""sub_contraction_count"":100.0,""sub_reduction_rate"":0,""sub_pivot_tightness"":52.1,""sub_volume_dryup"":0,""sub_base_depth"":0.0,""sub_base_duration"":100.0,""_score"":42.81},""compression"":{""VC1_atr_ratio"":{""value"":0.6054541972829344,""score"":98.6364506792664},""VC2_range_contraction"":{""value"":0.9632011759127118,""score"":6.133137347881364},""VC3_range_pct_rank"":{""score"":56.666666666666664},""_score"":55.77},""sr_quality"":{""SR1_touches"":{""value"":6,""score"":100},""SR2_tightness"":{""value"":2.2453462984582164,""score"":61.467670038085096},""SR3_recency"":{""value"":254,""score"":0.0},""SR4_price_location"":{""score"":30.0},""SR5_reaction"":{""value"":1.7112494476311406,""score"":85.56247238155703},""_score"":59.55,""_levels_found"":3,""_target_level"":302.644},""volume"":{""V1_rvol_day"":{""value"":0.3435909741563631,""score"":0},""V2_rvol_sameslot"":{""value"":0.9816235250591422,""score"":32.108235003942816,""status"":""ok""},""V3_breakout_bar"":{""value"":0.6942264325261756,""score"":12.94842883507837},""V4_base_dryup"":{""value"":1.0346678057395238,""score"":46.53321942604762},""V5_bo_expansion"":{""value"":0.3435909741563631,""score"":0},""_score"":18.97},""readiness"":{""_distance_atr"":-1.924,""BR1_atr_distance"":{""score"":21.52509577968742},""BR2_compression"":{""score"":0},""BR3_retest"":{""score"":50.0},""BR4_bo_age"":{""score"":50.0},""_score"":26.11},""risk"":{""R1_stop_clarity"":{""score"":1.5517810946123234},""R2_stop_distance_pct"":{""value"":12.552926019638353,""score"":0.0},""R3_stop_distance_atr"":{""value"":4.640048565557068,""score"":67.9975717221466},""R4_rr_potential"":{""value"":-1.8801055906651176,""score"":0.0},""_score"":10.74},""market"":{""M1_spy_regime"":{""score"":100.0},""M3_earnings_risk"":{""value"":null,""score"":80.0},""M4_vix"":{""value"":null,""score"":60.0},""_score"":84.0},""liquidity"":{""L1_price"":{""value"":430.79,""score"":100.0},""L2_dollar_vol"":{""value"":505910309.6650249,""score"":100.0},""L3_spread_proxy"":{""value"":0.022354047215580725,""score"":77.64595278441928},""L4_volume_zscore"":{""value"":-2.1135928852254056,""score"":100.0},""_score"":97.76},""pattern_structure"":{""n_contractions"":5,""contractions_pct"":[0.8,16.43,8.42,3.66,6.35],""descending_strict"":false,""final_low"":382.45,""final_pivot"":408.37,""structural_low"":382.45,""dry_up_ratio"":1.0246805170725952,""current_price"":430.79,""neckline_distance_pct"":-0.052043919311033256,""base_bars"":74},""pattern_geometry_features"":{""contraction_count"":5.0,""first_contraction_pct"":0.008047493403693925,""last_contraction_pct"":0.06347185150721163,""dry_up_ratio"":1.0246805170725952,""near_monotone"":0.0,""base_depth_pct"":-0.2613786279683377},""_schema_version"":""1.0""}",,,,,,,,,,
20260513T161427Z-28c0e1,2026-05-13T16:14:27.317311+00:00,CW,vcp,absent,54.12,74.5,48.0,51.9,56.1,27.3,53.6,45.5,84.0,67.3,11.18,12.01,6.23,6.74,3.55,3.75,2.27,5.04,3.36,True,risk_unclear,744.97,748.14,701.4333,746.015,"{""trend"":{""T1_ema_stack"":{""value"":[true,true,true],""score"":100.0},""T2_ema50_slope"":{""value"":0.13557396526152207,""score"":72.59566087692035},""T3_high_proximity"":{""value"":1.0,""score"":99.99999999999997},""T4_rs_1m"":{""value"":-0.062066958146832274,""score"":0},""T5_rs_3m"":{""value"":0.1054747986348663,""score"":100},""T6_adr_healthy"":{""value"":2.9132218487352612,""score"":100.0},""_score"":74.52},""geometry"":{""sub_contraction_count"":100.0,""sub_reduction_rate"":0,""sub_pivot_tightness"":74.0,""sub_volume_dryup"":12.8,""sub_base_depth"":0.0,""sub_base_duration"":100.0,""_score"":48.02},""compression"":{""VC1_atr_ratio"":{""value"":0.3292852318936871,""score"":100},""VC2_range_contraction"":{""value"":1.092186664424047,""score"":0},""VC3_range_pct_rank"":{""score"":47.5},""_score"":51.88},""sr_quality"":{""SR1_touches"":{""value"":2,""score"":25.0},""SR2_tightness"":{""value"":0.9300000000000068,""score"":91.40454205915344},""SR3_recency"":{""value"":227,""score"":0.0},""SR4_price_location"":{""score"":89.81651091309902},""SR5_reaction"":{""value"":1.664792324295669,""score"":83.23961621478345},""_score"":56.15,""_levels_found"":7,""_target_level"":749.07},""volume"":{""V1_rvol_day"":{""value"":0.3681153821375074,""score"":0},""V2_rvol_sameslot"":{""value"":1.1477412811597556,""score"":43.18275207731704,""status"":""ok""},""V3_breakout_bar"":{""value"":0.8912656220124181,""score"":26.084374800827874},""V4_base_dryup"":{""value"":0.8937525327791427,""score"":60.62474672208573},""V5_bo_expansion"":{""value"":0.3681153821375074,""score"":0},""_score"":27.28},""readiness"":{""_distance_atr"":0.146,""BR1_atr_distance"":{""score"":90.23383452599175},""BR2_compression"":{""score"":0},""BR3_retest"":{""score"":50.0},""BR4_bo_age"":{""score"":50.0},""_score"":53.59},""risk"":{""R1_stop_clarity"":{""score"":1.2749269105498229},""R2_stop_distance_pct"":{""value"":5.844091037222982,""score"":100.0},""R3_stop_distance_atr"":{""value"":2.011925207632796,""score"":100.0},""R4_rr_potential"":{""value"":0.02400272413692022,""score"":0.0},""_score"":45.45},""market"":{""M1_spy_regime"":{""score"":100.0},""M3_earnings_risk"":{""value"":null,""score"":80.0},""M4_vix"":{""value"":null,""score"":60.0},""_score"":84.0},""liquidity"":{""L1_price"":{""value"":744.97,""score"":0.0},""L2_dollar_vol"":{""value"":59068376.03933518,""score"":88.56775155046432},""L3_spread_proxy"":{""value"":0.031497912667624244,""score"":68.50208733237575},""L4_volume_zscore"":{""value"":-1.6964745291655106,""score"":100.0},""_score"":67.28},""pattern_structure"":{""n_contractions"":5,""contractions_pct"":[4.6,9.6,10.62,12.71,4.82],""descending_strict"":false,""final_low"":712.115,""final_pivot"":748.14,""structural_low"":712.115,""dry_up_ratio"":0.9358449570737362,""current_price"":744.97,""neckline_distance_pct"":0.0042552049075801155,""base_bars"":43},""pattern_geometry_features"":{""contraction_count"":5.0,""first_contraction_pct"":0.04604994436541367,""last_contraction_pct"":0.04815275215868685,""dry_up_ratio"":0.9358449570737362,""near_monotone"":0.0,""base_depth_pct"":-0.002992999901407062},""_schema_version"":""1.0""}",,,,,,,,,,
20260513T161427Z-28c0e1,2026-05-13T16:14:27.317311+00:00,KEYS,vcp,breakout_confirmed,53.8,94.8,39.1,50.4,42.6,40.2,35.1,21.5,84.0,97.1,14.22,9.78,6.05,5.11,5.23,2.45,1.07,5.04,4.85,True,risk_unclear,361.62,352.78,319.4059,246.66,"{""trend"":{""T1_ema_stack"":{""value"":[true,true,true],""score"":100.0},""T2_ema50_slope"":{""value"":0.5343606260071194,""score"":100},""T3_high_proximity"":{""value"":0.9862005017999346,""score"":93.10025089996726},""T4_rs_1m"":{""value"":0.02904786545684601,""score"":79.04786545684601},""T5_rs_3m"":{""value"":0.4501905045488219,""score"":100},""T6_adr_healthy"":{""value"":2.6323851965894636,""score"":100.0},""_score"":94.77},""geometry"":{""sub_contraction_count"":100.0,""sub_reduction_rate"":0,""sub_pivot_tightness"":27.4,""sub_volume_dryup"":0,""sub_base_depth"":0.0,""sub_base_duration"":100.0,""_score"":39.11},""compression"":{""VC1_atr_ratio"":{""value"":0.4594425440992791,""score"":100},""VC2_range_contraction"":{""value"":1.0048616306511748,""score"":0},""VC3_range_pct_rank"":{""score"":41.666666666666664},""_score"":50.42},""sr_quality"":{""SR1_touches"":{""value"":2,""score"":25.0},""SR2_tightness"":{""value"":0.8850000000000193,""score"":83.89202063485425},""SR3_recency"":{""value"":254,""score"":0.0},""SR4_price_location"":{""score"":30.0},""SR5_reaction"":{""value"":2.858028768149104,""score"":100},""_score"":42.58,""_levels_found"":3,""_target_level"":265.585},""volume"":{""V1_rvol_day"":{""value"":0.45110872218732195,""score"":0},""V2_rvol_sameslot"":{""value"":1.7188651125207361,""score"":81.25767416804908,""status"":""ok""},""V3_breakout_bar"":{""value"":1.207769743807471,""score"":47.184649587164735},""V4_base_dryup"":{""value"":0.8918632870819874,""score"":60.81367129180126},""V5_bo_expansion"":{""value"":0.45110872218732206,""score"":0},""_score"":40.21},""readiness"":{""_distance_atr"":-0.804,""BR1_atr_distance"":{""score"":43.91022174148182},""BR2_compression"":{""score"":0},""BR3_retest"":{""score"":50.0},""BR4_bo_age"":{""score"":50.0},""_score"":35.06},""risk"":{""R1_stop_clarity"":{""score"":11.468907309564045},""R2_stop_distance_pct"":{""value"":11.673593827775024,""score"":8.1601543056244},""R3_stop_distance_atr"":{""value"":3.841712126097271,""score"":100.0},""R4_rr_potential"":{""value"":-2.7232639370067524,""score"":0.0},""_score"":21.46},""market"":{""M1_spy_regime"":{""score"":100.0},""M3_earnings_risk"":{""value"":null,""score"":80.0},""M4_vix"":{""value"":null,""score"":60.0},""_score"":84.0},""liquidity"":{""L1_price"":{""value"":361.62,""score"":100.0},""L2_dollar_vol"":{""value"":183559410.97077402,""score"":100.0},""L3_spread_proxy"":{""value"":0.029381671367734084,""score"":70.61832863226591},""L4_volume_zscore"":{""value"":-1.8406586598953782,""score"":100.0},""_score"":97.06},""pattern_structure"":{""n_contractions"":5,""contractions_pct"":[5.34,2.56,16.5,11.76,8.08],""descending_strict"":false,""final_low"":324.27,""final_pivot"":352.78,""structural_low"":324.27,""dry_up_ratio"":1.0297960491294071,""current_price"":361.62,""neckline_distance_pct"":-0.024445550577954847,""base_bars"":70},""pattern_geometry_features"":{""contraction_count"":5.0,""first_contraction_pct"":0.05344029337611742,""last_contraction_pct"":0.08081523895912465,""dry_up_ratio"":1.0297960491294071,""near_monotone"":0.0,""base_depth_pct"":-0.4864542745817097},""_schema_version"":""1.0""}",,,,,,,,,,
20260513T161427Z-28c0e1,2026-05-13T16:14:27.317311+00:00,CSCO,vcp,breakout_confirmed,53.72,100.0,45.4,49.1,41.6,40.8,17.5,0.0,84.0,98.4,15.0,11.34,5.9,5.0,5.3,1.23,0.0,5.04,4.92,True,risk_unclear,100.025,90.45,84.4884,85.84,"{""trend"":{""T1_ema_stack"":{""value"":[true,true,true],""score"":100.0},""T2_ema50_slope"":{""value"":0.3396062443169707,""score"":100},""T3_high_proximity"":{""value"":1.0,""score"":99.99999999999997},""T4_rs_1m"":{""value"":0.14556489080510726,""score"":100},""T5_rs_3m"":{""value"":0.1002423939409598,""score"":100},""T6_adr_healthy"":{""value"":2.401268779620308,""score"":100.0},""_score"":100.0},""geometry"":{""sub_contraction_count"":100.0,""sub_reduction_rate"":0,""sub_pivot_tightness"":69.0,""sub_volume_dryup"":0,""sub_base_depth"":0.0,""sub_base_duration"":100.0,""_score"":45.35},""compression"":{""VC1_atr_ratio"":{""value"":0.7108111996121109,""score"":72.29720009697228},""VC2_range_contraction"":{""value"":0.9638557689458161,""score"":6.0240385090306425},""VC3_range_pct_rank"":{""score"":72.5},""_score"":49.15},""sr_quality"":{""SR1_touches"":{""value"":2,""score"":25.0},""SR2_tightness"":{""value"":0.2749999999999986,""score"":77.5934817401427},""SR3_recency"":{""value"":228,""score"":0.0},""SR4_price_location"":{""score"":30.0},""SR5_reaction"":{""value"":2.958678888403897,""score"":100},""_score"":41.64,""_levels_found"":6,""_target_level"":90.725},""volume"":{""V1_rvol_day"":{""value"":0.5620091245980203,""score"":4.133941639868022},""V2_rvol_sameslot"":{""value"":1.7190048157462643,""score"":81.26698771641762,""status"":""ok""},""V3_breakout_bar"":{""value"":0.9800959040695897,""score"":32.006393604639314},""V4_base_dryup"":{""value"":0.7159251134878045,""score"":78.40748865121955},""V5_bo_expansion"":{""value"":0.5620091245980204,""score"":0},""_score"":40.76},""readiness"":{""_distance_atr"":-3.901,""BR1_atr_distance"":{""score"":0},""BR2_compression"":{""score"":0},""BR3_retest"":{""score"":50.0},""BR4_bo_age"":{""score"":50.0},""_score"":17.5},""risk"":{""R1_stop_clarity"":{""score"":0},""R2_stop_distance_pct"":{""value"":15.532741814546364,""score"":0.0},""R3_stop_distance_atr"":{""value"":6.3294849410737655,""score"":0.0},""R4_rr_potential"":{""value"":-0.9130039503431409,""score"":0.0},""_score"":0.0},""market"":{""M1_spy_regime"":{""score"":100.0},""M3_earnings_risk"":{""value"":null,""score"":80.0},""M4_vix"":{""value"":null,""score"":60.0},""_score"":84.0},""liquidity"":{""L1_price"":{""value"":100.025,""score"":100.0},""L2_dollar_vol"":{""value"":1060860837.2644857,""score"":100.0},""L3_spread_proxy"":{""value"":0.01559610097475619,""score"":84.40389902524382},""L4_volume_zscore"":{""value"":-1.4740699529851573,""score"":100.0},""_score"":98.44},""pattern_structure"":{""n_contractions"":5,""contractions_pct"":[7.35,4.17,8.18,4.59,5.17],""descending_strict"":false,""final_low"":85.775,""final_pivot"":90.45,""structural_low"":85.775,""dry_up_ratio"":1.1823072883885928,""current_price"":100.025,""neckline_distance_pct"":-0.0957260684828793,""base_bars"":37},""pattern_geometry_features"":{""contraction_count"":5.0,""first_contraction_pct"":0.07348364442801711,""last_contraction_pct"":0.0516860143725815,""dry_up_ratio"":1.1823072883885928,""near_monotone"":0.0,""base_depth_pct"":-0.05679788085997658},""_schema_version"":""1.0""}",,,,,,,,,,
20260513T161427Z-28c0e1,2026-05-13T16:14:27.317311+00:00,MRVL,vcp,setup,53.5,100.0,44.9,29.0,37.7,29.2,57.5,35.6,84.0,92.3,15.0,11.23,3.48,4.52,3.8,4.03,1.78,5.04,4.62,False,,175.02,170.84,144.6472,106.81,"{""trend"":{""T1_ema_stack"":{""value"":[true,true,true],""score"":100.0},""T2_ema50_slope"":{""value"":1.0333071756953909,""score"":100},""T3_high_proximity"":{""value"":1.0,""score"":99.99999999999997},""T4_rs_1m"":{""value"":0.24253358648101853,""score"":100},""T5_rs_3m"":{""value"":1.0826152870968027,""score"":100},""T6_adr_healthy"":{""value"":5.5828104458219885,""score"":100.0},""_score"":100.0},""geometry"":{""sub_contraction_count"":100.0,""sub_reduction_rate"":0,""sub_pivot_tightness"":0,""sub_volume_dryup"":66.2,""sub_base_depth"":0.0,""sub_base_duration"":100.0,""_score"":44.93},""compression"":{""VC1_atr_ratio"":{""value"":0.7285797054642315,""score"":67.85507363394213},""VC2_range_contraction"":{""value"":1.1402260404382996,""score"":0},""VC3_range_pct_rank"":{""score"":7.499999999999996},""_score"":29.02},""sr_quality"":{""SR1_touches"":{""value"":2,""score"":25.0},""SR2_tightness"":{""value"":2.480000000000004,""score"":53.83592607366037},""SR3_recency"":{""value"":228,""score"":0.0},""SR4_price_location"":{""score"":30.0},""SR5_reaction"":{""value"":1.9465975269246116,""score"":97.32987634623058},""_score"":37.67,""_levels_found"":5,""_target_level"":173.32},""volume"":{""V1_rvol_day"":{""value"":0.7649976906078854,""score"":17.666512707192357},""V2_rvol_sameslot"":{""value"":1.313691241433115,""score"":54.24608276220767,""status"":""ok""},""V3_breakout_bar"":{""value"":1.356826225196651,""score"":57.121748346443404},""V4_base_dryup"":{""value"":1.4727870712395945,""score"":2.7212928760405504},""V5_bo_expansion"":{""value"":0.7649976906078854,""score"":0},""_score"":29.21},""readiness"":{""_distance_atr"":-0.389,""BR1_atr_distance"":{""score"":100.0},""BR2_compression"":{""score"":0},""BR3_retest"":{""score"":50.0},""BR4_bo_age"":{""score"":50.0},""_score"":57.5},""risk"":{""R1_stop_clarity"":{""score"":58.9968089349819},""R2_stop_distance_pct"":{""value"":17.353873842989387,""score"":0.0},""R3_stop_distance_atr"":{""value"":2.826874750698047,""score"":100.0},""R4_rr_potential"":{""value"":-2.245763060638235,""score"":0.0},""_score"":35.65},""market"":{""M1_spy_regime"":{""score"":100.0},""M3_earnings_risk"":{""value"":null,""score"":80.0},""M4_vix"":{""value"":null,""score"":60.0},""_score"":84.0},""liquidity"":{""L1_price"":{""value"":175.02,""score"":100.0},""L2_dollar_vol"":{""value"":3359108730.963597,""score"":100.0},""L3_spread_proxy"":{""value"":0.07656267855102276,""score"":23.43732144897723},""L4_volume_zscore"":{""value"":-0.8187658529162581,""score"":100.0},""_score"":92.34},""pattern_structure"":{""n_contractions"":5,""contractions_pct"":[9.15,8.66,8.89,13.95,14.04],""descending_strict"":false,""final_low"":146.85,""final_pivot"":170.84,""structural_low"":146.85,""dry_up_ratio"":0.6688688568150294,""current_price"":175.02,""neckline_distance_pct"":-0.023882984801736982,""base_bars"":40},""pattern_geometry_features"":{""contraction_count"":5.0,""first_contraction_pct"":0.09152378652499395,""last_contraction_pct"":0.14042378833996727,""dry_up_ratio"":0.6688688568150294,""near_monotone"":0.0,""base_depth_pct"":-0.7731224341946391},""_schema_version"":""1.0""}",,,,,,,,,,
20260513T161427Z-28c0e1,2026-05-13T16:14:27.317311+00:00,BA,vcp,setup,53.3,74.5,53.8,50.9,42.7,23.9,37.5,36.9,84.0,96.7,11.17,13.44,6.1,5.13,3.11,2.62,1.85,5.04,4.84,True,risk_unclear,240.47,236.45,217.7244,269.7599,"{""trend"":{""T1_ema_stack"":{""value"":[true,true,true],""score"":100.0},""T2_ema50_slope"":{""value"":0.15119131246927126,""score"":75.19855207821188},""T3_high_proximity"":{""value"":0.9853712506146534,""score"":92.68562530732666},""T4_rs_1m"":{""value"":0.009385262139078199,""score"":59.3852621390782},""T5_rs_3m"":{""value"":-0.05127423766297179,""score"":24.362881168514107},""T6_adr_healthy"":{""value"":2.8311421074680356,""score"":100.0},""_score"":74.47},""geometry"":{""sub_contraction_count"":100.0,""sub_reduction_rate"":0,""sub_pivot_tightness"":49.7,""sub_volume_dryup"":21.4,""sub_base_depth"":81.0,""sub_base_duration"":100.0,""_score"":53.77},""compression"":{""VC1_atr_ratio"":{""value"":0.4675571306445664,""score"":100},""VC2_range_contraction"":{""value"":0.9068217818004276,""score"":15.529703033262066},""VC3_range_pct_rank"":{""score"":21.666666666666668},""_score"":50.85},""sr_quality"":{""SR1_touches"":{""value"":2,""score"":25.0},""SR2_tightness"":{""value"":0.4749999999999943,""score"":84.84503190519617},""SR3_recency"":{""value"":236,""score"":0.0},""SR4_price_location"":{""score"":30.0},""SR5_reaction"":{""value"":2.0985642661804897,""score"":100},""_score"":42.73,""_levels_found"":4,""_target_level"":235.975},""volume"":{""V1_rvol_day"":{""value"":0.46049520175726966,""score"":0},""V2_rvol_sameslot"":{""value"":0.8699725237737312,""score"":24.664834918248747,""status"":""ok""},""V3_breakout_bar"":{""value"":1.0556896579294432,""score"":37.04597719529622},""V4_base_dryup"":{""value"":1.012602477574432,""score"":48.7397522425568},""V5_bo_expansion"":{""value"":0.4604952017572697,""score"":0},""_score"":23.94},""readiness"":{""_distance_atr"":-0.641,""BR1_atr_distance"":{""score"":47.17411121239742},""BR2_compression"":{""score"":4.471028169964364},""BR3_retest"":{""score"":50.0},""BR4_bo_age"":{""score"":50.0},""_score"":37.49},""risk"":{""R1_stop_clarity"":{""score"":0},""R2_stop_distance_pct"":{""value"":9.458809830748116,""score"":63.5297542312971},""R3_stop_distance_atr"":{""value"":3.628514129443937,""score"":100.0},""R4_rr_potential"":{""value"":1.287717184862128,""score"":14.385859243106403},""_score"":36.94},""market"":{""M1_spy_regime"":{""score"":100.0},""M3_earnings_risk"":{""value"":null,""score"":80.0},""M4_vix"":{""value"":null,""score"":60.0},""_score"":84.0},""liquidity"":{""L1_price"":{""value"":240.47,""score"":100.0},""L2_dollar_vol"":{""value"":715704394.3627603,""score"":100.0},""L3_spread_proxy"":{""value"":0.0327275751653013,""score"":67.2724248346987},""L4_volume_zscore"":{""value"":-1.2414678710313218,""score"":100.0},""_score"":96.73},""pattern_structure"":{""n_contractions"":5,""contractions_pct"":[9.98,4.99,11.92,11.33,6.52],""descending_strict"":false,""final_low"":221.04,""final_pivot"":236.45,""structural_low"":221.04,""dry_up_ratio"":0.8930690128126659,""current_price"":240.47,""neckline_distance_pct"":-0.01671726202852751,""base_bars"":67},""pattern_geometry_features"":{""contraction_count"":5.0,""first_contraction_pct"":0.09982272452239999,""last_contraction_pct"":0.06517234087544935,""dry_up_ratio"":0.8930690128126659,""near_monotone"":0.0,""base_depth_pct"":0.13096093216470697},""_schema_version"":""1.0""}",,,,,,,,,,
20260513T161427Z-28c0e1,2026-05-13T16:14:27.317311+00:00,BA,bull_flag,absent,52.99,74.5,45.0,50.9,42.7,27.6,55.5,49.7,84.0,96.7,10.43,13.5,4.58,4.27,3.86,4.99,1.49,5.04,4.84,True,risk_unclear,240.47,241.21,227.6433,259.38,"{""trend"":{""T1_ema_stack"":{""value"":[true,true,true],""score"":100.0},""T2_ema50_slope"":{""value"":0.15119131246927126,""score"":75.19855207821188},""T3_high_proximity"":{""value"":0.9853712506146534,""score"":92.68562530732666},""T4_rs_1m"":{""value"":0.009385262139078199,""score"":59.3852621390782},""T5_rs_3m"":{""value"":-0.05127423766297179,""score"":24.362881168514107},""T6_adr_healthy"":{""value"":2.8311421074680356,""score"":100.0},""_score"":74.47},""geometry"":{""sub_pole_impulse"":53.1,""sub_flag_tightness"":16.3,""sub_flag_shallowness"":0,""sub_flag_drift"":100,""sub_flag_duration"":100.0,""_score"":45.0},""compression"":{""VC1_atr_ratio"":{""value"":0.4675571306445664,""score"":100},""VC2_range_contraction"":{""value"":0.9068217818004276,""score"":15.529703033262066},""VC3_range_pct_rank"":{""score"":21.666666666666668},""_score"":50.85},""sr_quality"":{""SR1_touches"":{""value"":2,""score"":25.0},""SR2_tightness"":{""value"":0.4749999999999943,""score"":84.84503190519617},""SR3_recency"":{""value"":236,""score"":0.0},""SR4_price_location"":{""score"":30.0},""SR5_reaction"":{""value"":2.0985642661804897,""score"":100},""_score"":42.73,""_levels_found"":4,""_target_level"":235.975},""volume"":{""V1_rvol_day"":{""value"":0.46049520175726966,""score"":0},""V2_rvol_sameslot"":{""value"":0.8699725237737312,""score"":24.664834918248747,""status"":""ok""},""V3_breakout_bar"":{""value"":1.0556896579294432,""score"":37.04597719529622},""V4_base_dryup"":{""value"":0.8321582861144107,""score"":66.78417138855893},""V5_bo_expansion"":{""value"":0.4604952017572697,""score"":0},""_score"":27.55},""readiness"":{""_distance_atr"":0.118,""BR1_atr_distance"":{""score"":92.13005165603151},""BR2_compression"":{""score"":4.471028169964364},""BR3_retest"":{""score"":50.0},""BR4_bo_age"":{""score"":50.0},""_score"":55.47},""risk"":{""R1_stop_clarity"":{""score"":0},""R2_stop_distance_pct"":{""value"":5.333991766124673,""score"":100.0},""R3_stop_distance_atr"":{""value"":2.046183910665451,""score"":100.0},""R4_rr_potential"":{""value"":1.4742742649093876,""score"":23.713713245469382},""_score"":49.74},""market"":{""M1_spy_regime"":{""score"":100.0},""M3_earnings_risk"":{""value"":null,""score"":80.0},""M4_vix"":{""value"":null,""score"":60.0},""_score"":84.0},""liquidity"":{""L1_price"":{""value"":240.47,""score"":100.0},""L2_dollar_vol"":{""value"":715704394.3627603,""score"":100.0},""L3_spread_proxy"":{""value"":0.0327275751653013,""score"":67.2724248346987},""L4_volume_zscore"":{""value"":-1.2414678710313218,""score"":100.0},""_score"":96.73},""pattern_structure"":{""pole_low"":223.04,""pole_low_idx"":23,""peak_price"":241.21,""peak_idx"":48,""pole_gain"":0.08146520803443336,""flag_bars"":11,""flag_low"":231.11,""flag_high"":240.9799,""structural_low"":231.11,""current_price"":240.9,""neckline_distance_pct"":0.0012868410128684196,""base_bars"":11},""pattern_geometry_features"":{""pole_gain"":0.08146520803443336,""pullback_pct"":0.04187222751958872,""flag_range_pct"":0.040918286969860176,""flag_drift_per_bar"":1.0181516283657154e-05,""atr_pct"":0.026067997790042124,""pole_atr_multiple"":3.125104148411151},""_schema_version"":""1.0""}",,,,,,,,,,
20260513T161427Z-28c0e1,2026-05-13T16:14:27.317311+00:00,QUBT,breakout_retest_hold,breakout_confirmed,52.99,86.1,53.8,21.6,43.8,22.9,47.7,62.9,84.0,92.0,12.05,11.84,1.3,6.14,2.97,8.59,3.14,4.2,2.76,False,,10.97,10.315,10.7366,9.255,"{""trend"":{""T1_ema_stack"":{""value"":[true,true,false],""score"":66.66666666666666},""T2_ema50_slope"":{""value"":0.33037684452521304,""score"":100},""T3_high_proximity"":{""value"":0.9312393887945671,""score"":65.61969439728355},""T4_rs_1m"":{""value"":0.28740610957540214,""score"":100},""T5_rs_3m"":{""value"":0.21544973630212172,""score"":100},""T6_adr_healthy"":{""value"":8.337168899077698,""score"":91.57077752305756},""_score"":86.09},""geometry"":{""sub_retest_depth"":0.0,""sub_retest_timing"":100.0,""sub_retest_freshness"":100.0,""sub_hold_quality"":46.1,""_score"":53.83},""compression"":{""VC1_atr_ratio"":{""value"":0.8692597226453496,""score"":32.68506933866261},""VC2_range_contraction"":{""value"":1.3735091471425083,""score"":0},""VC3_range_pct_rank"":{""score"":34.166666666666664},""_score"":21.62},""sr_quality"":{""SR1_touches"":{""value"":3,""score"":50.0},""SR2_tightness"":{""value"":0.10412333498735513,""score"":78.94964310467265},""SR3_recency"":{""value"":308,""score"":0.0},""SR4_price_location"":{""score"":18.717628758482768},""SR5_reaction"":{""value"":1.6426448325740026,""score"":82.13224162870013},""_score"":43.84,""_levels_found"":5,""_target_level"":12.555},""volume"":{""V1_rvol_day"":{""value"":0.9602675309766662,""score"":30.68450206511108},""V2_rvol_sameslot"":{""value"":1.476101339182557,""score"":65.07342261217048,""status"":""ok""},""V3_breakout_bar"":{""value"":0.4021549443667107,""score"":0},""V4_base_dryup"":{""value"":1.3140814695636218,""score"":18.591853043637812},""V5_bo_expansion"":{""value"":0.9602675309766664,""score"":0},""_score"":22.87},""readiness"":{""_distance_atr"":-0.662,""BR1_atr_distance"":{""score"":46.75802713376989},""BR2_compression"":{""score"":0},""BR3_retest"":{""score"":100},""BR4_bo_age"":{""score"":60},""_score"":47.7},""risk"":{""R1_stop_clarity"":{""score"":78.07493194896723},""R2_stop_distance_pct"":{""value"":2.128076572470369,""score"":100.0},""R3_stop_distance_atr"":{""value"":0.2359800431772066,""score"":36.799002158860326},""R4_rr_potential"":{""value"":-7.346326836581739,""score"":0.0},""_score"":62.85},""market"":{""M1_spy_regime"":{""score"":100.0},""M3_earnings_risk"":{""value"":null,""score"":80.0},""M4_vix"":{""value"":null,""score"":60.0},""_score"":84.0},""liquidity"":{""L1_price"":{""value"":10.97,""score"":100.0},""L2_dollar_vol"":{""value"":238677619.1230537,""score"":100.0},""L3_spread_proxy"":{""value"":0.07976298997265269,""score"":20.23701002734731},""L4_volume_zscore"":{""value"":-0.03130951824882693,""score"":100.0},""_score"":92.02},""pattern_structure"":{""level"":10.315,""level_idx"":68,""breakout_idx"":72,""bo_peak_idx"":72,""bo_peak_price"":14.45,""retest_idx"":78,""retest_low"":10.845,""structural_low"":10.845,""current_price"":11.175,""neckline_distance_pct"":-0.07695749440715895,""base_bars"":11,""bars_since_breakout"":7},""pattern_geometry_features"":{""retest_depth_atr"":-0.88222005564407,""bars_breakout_to_retest"":6.0,""bars_since_retest"":1.0,""current_above_level_atr"":1.431526882743207,""bo_peak_excess_pct"":0.40087251575375665,""atr_pct"":0.09018036202630547},""_schema_version"":""1.0""}",,,,,,,,,,
20260513T161427Z-28c0e1,2026-05-13T16:14:27.317311+00:00,TXN,vcp,breakout_confirmed,52.89,100.0,42.6,54.8,50.0,21.1,17.5,15.3,84.0,97.7,15.0,10.66,6.57,6.0,2.74,1.23,0.76,5.04,4.89,False,,304.41,198.97,182.1708,206.945,"{""trend"":{""T1_ema_stack"":{""value"":[true,true,true],""score"":100.0},""T2_ema50_slope"":{""value"":0.6953899010727641,""score"":100},""T3_high_proximity"":{""value"":1.0,""score"":99.99999999999997},""T4_rs_1m"":{""value"":0.3255806657265825,""score"":100},""T5_rs_3m"":{""value"":0.2745239955209522,""score"":100},""T6_adr_healthy"":{""value"":3.188719098181515,""score"":100.0},""_score"":100.0},""geometry"":{""sub_contraction_count"":100.0,""sub_reduction_rate"":0,""sub_pivot_tightness"":42.1,""sub_volume_dryup"":8.8,""sub_base_depth"":0.0,""sub_base_duration"":100.0,""_score"":42.63},""compression"":{""VC1_atr_ratio"":{""value"":0.533008811154506,""score"":100},""VC2_range_contraction"":{""value"":1.073246514702767,""score"":0},""VC3_range_pct_rank"":{""score"":59.166666666666664},""_score"":54.79},""sr_quality"":{""SR1_touches"":{""value"":4,""score"":75.0},""SR2_tightness"":{""value"":2.6941881894181074,""score"":45.217052387939596},""SR3_recency"":{""value"":278,""score"":0.0},""SR4_price_location"":{""score"":30.0},""SR5_reaction"":{""value"":1.7645881943703117,""score"":88.22940971851558},""_score"":50.02,""_levels_found"":6,""_target_level"":228.58},""volume"":{""V1_rvol_day"":{""value"":0.3527390073114582,""score"":0},""V2_rvol_sameslot"":{""value"":0.7311014940529272,""score"":15.406766270195149,""status"":""ok""},""V3_breakout_bar"":{""value"":0.9001164271213133,""score"":26.674428474754226},""V4_base_dryup"":{""value"":0.9330106947055999,""score"":56.698930529440005},""V5_bo_expansion"":{""value"":0.35273900731145824,""score"":0},""_score"":21.09},""readiness"":{""_distance_atr"":-10.72,""BR1_atr_distance"":{""score"":0},""BR2_compression"":{""score"":0},""BR3_retest"":{""score"":50.0},""BR4_bo_age"":{""score"":50.0},""_score"":17.5},""risk"":{""R1_stop_clarity"":{""score"":43.59062062234316},""R2_stop_distance_pct"":{""value"":40.15609704017609,""score"":0.0},""R3_stop_distance_atr"":{""value"":12.427903786507258,""score"":0.0},""R4_rr_potential"":{""value"":-0.7973303157518855,""score"":0.0},""_score"":15.26},""market"":{""M1_spy_regime"":{""score"":100.0},""M3_earnings_risk"":{""value"":null,""score"":80.0},""M4_vix"":{""value"":null,""score"":60.0},""_score"":84.0},""liquidity"":{""L1_price"":{""value"":304.41,""score"":100.0},""L2_dollar_vol"":{""value"":952023133.3339081,""score"":100.0},""L3_spread_proxy"":{""value"":0.022831050228310463,""score"":77.16894977168954},""L4_volume_zscore"":{""value"":-1.2230161907518564,""score"":100.0},""_score"":97.72},""pattern_structure"":{""n_contractions"":5,""contractions_pct"":[2.84,5.55,15.39,5.87,7.05],""descending_strict"":false,""final_low"":184.945,""final_pivot"":198.97,""structural_low"":184.945,""dry_up_ratio"":0.955959524215483,""current_price"":304.41,""neckline_distance_pct"":-0.34637495483065606,""base_bars"":57},""pattern_geometry_features"":{""contraction_count"":5.0,""first_contraction_pct"":0.02840555670744345,""last_contraction_pct"":0.07048801326833194,""dry_up_ratio"":0.955959524215483,""near_monotone"":0.0,""base_depth_pct"":0.04133837860252952},""_schema_version"":""1.0""}",,,,,,,,,,
20260513T161427Z-28c0e1,2026-05-13T16:14:27.317311+00:00,GOOG,vcp,breakout_confirmed,52.75,99.4,50.8,42.8,39.4,31.0,17.5,3.0,84.0,96.7,14.91,12.69,5.14,4.73,4.04,1.23,0.15,5.04,4.83,True,risk_unclear,393.855,339.985,324.6855,360.505,"{""trend"":{""T1_ema_stack"":{""value"":[true,true,true],""score"":100.0},""T2_ema50_slope"":{""value"":0.44524896723667123,""score"":100},""T3_high_proximity"":{""value"":0.9919531671074172,""score"":95.97658355370858},""T4_rs_1m"":{""value"":0.12616109028449318,""score"":100},""T5_rs_3m"":{""value"":0.19597885801766535,""score"":100},""T6_adr_healthy"":{""value"":2.2360087469282046,""score"":100.0},""_score"":99.4},""geometry"":{""sub_contraction_count"":100.0,""sub_reduction_rate"":0,""sub_pivot_tightness"":99.3,""sub_volume_dryup"":0,""sub_base_depth"":8.6,""sub_base_duration"":100.0,""_score"":50.75},""compression"":{""VC1_atr_ratio"":{""value"":0.609074593819456,""score"":97.73135154513601},""VC2_range_contraction"":{""value"":1.0929028484072385,""score"":0},""VC3_range_pct_rank"":{""score"":15.000000000000002},""_score"":42.84},""sr_quality"":{""SR1_touches"":{""value"":2,""score"":25.0},""SR2_tightness"":{""value"":0.6074999999999875,""score"":88.75334721809008},""SR3_recency"":{""value"":241,""score"":0.0},""SR4_price_location"":{""score"":30.0},""SR5_reaction"":{""value"":1.4817303051340551,""score"":74.08651525670275},""_score"":39.43,""_levels_found"":5,""_target_level"":340.5925},""volume"":{""V1_rvol_day"":{""value"":0.3669233518223385,""score"":0},""V2_rvol_sameslot"":{""value"":1.0234060100240912,""score"":34.89373400160608,""status"":""ok""},""V3_breakout_bar"":{""value"":1.1924778413538177,""score"":46.16518942358785},""V4_base_dryup"":{""value"":0.8737673697568926,""score"":62.62326302431074},""V5_bo_expansion"":{""value"":0.3669233518223385,""score"":0},""_score"":31.04},""readiness"":{""_distance_atr"":-4.986,""BR1_atr_distance"":{""score"":0},""BR2_compression"":{""score"":0},""BR3_retest"":{""score"":50.0},""BR4_bo_age"":{""score"":50.0},""_score"":17.5},""risk"":{""R1_stop_clarity"":{""score"":8.463354160467745},""R2_stop_distance_pct"":{""value"":17.562162248008,""score"":0.0},""R3_stop_distance_atr"":{""value"":6.402673609044933,""score"":0.0},""R4_rr_potential"":{""value"":-0.48214930998082894,""score"":0.0},""_score"":2.96},""market"":{""M1_spy_regime"":{""score"":100.0},""M3_earnings_risk"":{""value"":null,""score"":80.0},""M4_vix"":{""value"":null,""score"":60.0},""_score"":84.0},""liquidity"":{""L1_price"":{""value"":393.855005,""score"":100.0},""L2_dollar_vol"":{""value"":2617830394.859071,""score"":100.0},""L3_spread_proxy"":{""value"":0.0330578508199992,""score"":66.9421491800008},""L4_volume_zscore"":{""value"":-1.4939601917340715,""score"":100.0},""_score"":96.69},""pattern_structure"":{""n_contractions"":5,""contractions_pct"":[12.35,7.99,3.63,12.62,3.05],""descending_strict"":false,""final_low"":329.63,""final_pivot"":339.985,""structural_low"":329.63,""dry_up_ratio"":1.2303436028753572,""current_price"":393.855005,""neckline_distance_pct"":-0.13677623571141362,""base_bars"":53},""pattern_geometry_features"":{""contraction_count"":5.0,""first_contraction_pct"":0.1234613736969869,""last_contraction_pct"":0.030457226054090673,""dry_up_ratio"":1.2303436028753572,""near_monotone"":0.0,""base_depth_pct"":0.058603455661859157},""_schema_version"":""1.0""}",,,,,,,,,,
20260513T161427Z-28c0e1,2026-05-13T16:14:27.317311+00:00,HON,breakout_retest_hold,setup,52.67,22.6,62.4,62.9,61.3,16.9,67.1,40.0,84.0,98.4,3.16,13.72,3.77,8.59,2.2,12.09,2.0,4.2,2.95,True,risk_unclear,217.52,216.68,213.8004,218.12,"{""trend"":{""T1_ema_stack"":{""value"":[false,false,true],""score"":33.33333333333333},""T2_ema50_slope"":{""value"":-0.19647590579407637,""score"":17.254015700987267},""T3_high_proximity"":{""value"":0.8769553297855185,""score"":38.47766489275922},""T4_rs_1m"":{""value"":-0.13264332643997656,""score"":0},""T5_rs_3m"":{""value"":-0.17284307418566747,""score"":0},""T6_adr_healthy"":{""value"":2.2948946648011934,""score"":100.0},""_score"":22.56},""geometry"":{""sub_retest_depth"":100.0,""sub_retest_timing"":0.0,""sub_retest_freshness"":75.0,""sub_hold_quality"":57.9,""_score"":62.37},""compression"":{""VC1_atr_ratio"":{""value"":0.5022914498874392,""score"":100},""VC2_range_contraction"":{""value"":0.8795920139504809,""score"":20.067997674919845},""VC3_range_pct_rank"":{""score"":63.33333333333333},""_score"":62.86},""sr_quality"":{""SR1_touches"":{""value"":4,""score"":75.0},""SR2_tightness"":{""value"":1.3000630398176845,""score"":43.96694038172188},""SR3_recency"":{""value"":249,""score"":0.0},""SR4_price_location"":{""score"":68.95170908533629},""SR5_reaction"":{""value"":2.2995499101051644,""score"":100},""_score"":61.33,""_levels_found"":7,""_target_level"":221.707},""volume"":{""V1_rvol_day"":{""value"":0.20104103503581405,""score"":0},""V2_rvol_sameslot"":{""value"":0.6815584860531978,""score"":12.103899070213187,""status"":""ok""},""V3_breakout_bar"":{""value"":0.8436223670120114,""score"":22.908157800800762},""V4_base_dryup"":{""value"":1.0620786724856317,""score"":43.79213275143683},""V5_bo_expansion"":{""value"":0.20104103503581405,""score"":0},""_score"":16.91},""readiness"":{""_distance_atr"":-0.181,""BR1_atr_distance"":{""score"":100.0},""BR2_compression"":{""score"":16.77418219674126},""BR3_retest"":{""score"":92.24195256508142},""BR4_bo_age"":{""score"":30.0},""_score"":67.14},""risk"":{""R1_stop_clarity"":{""score"":6.920670886387242},""R2_stop_distance_pct"":{""value"":1.7100036778227352,""score"":92.75009194556839},""R3_stop_distance_atr"":{""value"":0.8015787010812035,""score"":65.07893505406017},""R4_rr_potential"":{""value"":0.16130766749112593,""score"":0.0},""_score"":40.01},""market"":{""M1_spy_regime"":{""score"":100.0},""M3_earnings_risk"":{""value"":null,""score"":80.0},""M4_vix"":{""value"":null,""score"":60.0},""_score"":84.0},""liquidity"":{""L1_price"":{""value"":217.52,""score"":100.0},""L2_dollar_vol"":{""value"":168660330.1060209,""score"":100.0},""L3_spread_proxy"":{""value"":0.01595255608679661,""score"":84.04744391320338},""L4_volume_zscore"":{""value"":-2.2802924123437815,""score"":100.0},""_score"":98.4},""pattern_structure"":{""level"":216.68,""level_idx"":59,""breakout_idx"":66,""bo_peak_idx"":70,""bo_peak_price"":221.035,""retest_idx"":79,""retest_low"":215.96,""structural_low"":215.96,""current_price"":216.449,""neckline_distance_pct"":0.0010672259978100824,""base_bars"":20,""bars_since_breakout"":13},""pattern_geometry_features"":{""retest_depth_atr"":0.42671001498564803,""bars_breakout_to_retest"":13.0,""bars_since_retest"":0.0,""current_above_level_atr"":-0.13690279647455905,""bo_peak_excess_pct"":0.02009876315303669,""atr_pct"":0.02133294803761888},""_schema_version"":""1.0""}",,,,,,,,,,
20260513T161427Z-28c0e1,2026-05-13T16:14:27.317311+00:00,TSM,vcp,breakout_confirmed,52.66,74.4,51.4,57.1,43.2,18.2,36.7,35.0,84.0,98.0,11.16,12.85,6.85,5.18,2.36,2.57,1.75,5.04,4.9,True,risk_unclear,397.6,382.16,355.1418,411.815,"{""trend"":{""T1_ema_stack"":{""value"":[true,true,true],""score"":100.0},""T2_ema50_slope"":{""value"":0.3658271188615596,""score"":100},""T3_high_proximity"":{""value"":0.9477949940405245,""score"":73.89749702026222},""T4_rs_1m"":{""value"":-0.018626180451833063,""score"":31.373819548166935},""T5_rs_3m"":{""value"":-0.006247749988263163,""score"":46.87612500586842},""T6_adr_healthy"":{""value"":3.0861367295896,""score"":100.0},""_score"":74.39},""geometry"":{""sub_contraction_count"":100.0,""sub_reduction_rate"":17.9,""sub_pivot_tightness"":62.1,""sub_volume_dryup"":0,""sub_base_depth"":26.0,""sub_base_duration"":100.0,""_score"":51.39},""compression"":{""VC1_atr_ratio"":{""value"":0.5102026158404143,""score"":100},""VC2_range_contraction"":{""value"":1.1747844007206527,""score"":0},""VC3_range_pct_rank"":{""score"":68.33333333333333},""_score"":57.08},""sr_quality"":{""SR1_touches"":{""value"":2,""score"":25.0},""SR2_tightness"":{""value"":2.75,""score"":63.881356353574326},""SR3_recency"":{""value"":227,""score"":0.0},""SR4_price_location"":{""score"":45.67320984241084},""SR5_reaction"":{""value"":1.9569737830245189,""score"":97.84868915122594},""_score"":43.18,""_levels_found"":6,""_target_level"":417.25},""volume"":{""V1_rvol_day"":{""value"":0.3860585182083163,""score"":0},""V2_rvol_sameslot"":{""value"":0.7749619703269123,""score"":18.330798021794152,""status"":""ok""},""V3_breakout_bar"":{""value"":0.7936737157373351,""score"":19.578247715822343},""V4_base_dryup"":{""value"":1.0196539374122264,""score"":48.03460625877736},""V5_bo_expansion"":{""value"":0.3860585182083163,""score"":0},""_score"":18.17},""readiness"":{""_distance_atr"":-1.014,""BR1_atr_distance"":{""score"":39.72102334906137},""BR2_compression"":{""score"":13.151017300822929},""BR3_retest"":{""score"":50.0},""BR4_bo_age"":{""score"":50.0},""_score"":36.68},""risk"":{""R1_stop_clarity"":{""score"":28.96776199971565},""R2_stop_distance_pct"":{""value"":10.678634305835015,""score"":33.034142354124626},""R3_stop_distance_atr"":{""value"":2.7882443665470062,""score"":100.0},""R4_rr_potential"":{""value"":0.3347994794886734,""score"":0.0},""_score"":35.05},""market"":{""M1_spy_regime"":{""score"":100.0},""M3_earnings_risk"":{""value"":null,""score"":80.0},""M4_vix"":{""value"":null,""score"":60.0},""_score"":84.0},""liquidity"":{""L1_price"":{""value"":397.6,""score"":100.0},""L2_dollar_vol"":{""value"":2253025717.324329,""score"":100.0},""L3_spread_proxy"":{""value"":0.020447686116700187,""score"":79.55231388329982},""L4_volume_zscore"":{""value"":-1.8942103077597536,""score"":100.0},""_score"":97.96},""pattern_structure"":{""n_contractions"":5,""contractions_pct"":[14.94,5.91,6.54,10.46,5.65],""descending_strict"":false,""final_low"":360.55,""final_pivot"":382.16,""structural_low"":360.55,""dry_up_ratio"":1.00055757103266,""current_price"":397.6,""neckline_distance_pct"":-0.03883299798792756,""base_bars"":35},""pattern_geometry_features"":{""contraction_count"":5.0,""first_contraction_pct"":0.14937020284209573,""last_contraction_pct"":0.05654699602260836,""dry_up_ratio"":1.00055757103266,""near_monotone"":0.0,""base_depth_pct"":0.07599851360182462},""_schema_version"":""1.0""}",,,,,,,,,,
20260513T161427Z-28c0e1,2026-05-13T16:14:27.317311+00:00,ORCL,ascending_triangle,absent,52.64,88.6,43.2,57.1,40.0,19.2,23.6,75.6,84.0,96.7,13.29,12.09,4.57,5.61,2.3,1.89,3.02,5.04,4.83,False,,187.905,200.15,178.157,219.4299,"{""trend"":{""T1_ema_stack"":{""value"":[true,true,false],""score"":66.66666666666666},""T2_ema50_slope"":{""value"":0.33223104299381195,""score"":100},""T3_high_proximity"":{""value"":0.9589436080632815,""score"":79.47180403164073},""T4_rs_1m"":{""value"":0.08754647252956738,""score"":100},""T5_rs_3m"":{""value"":0.12653506946696846,""score"":100},""T6_adr_healthy"":{""value"":4.305701432325713,""score"":100.0},""_score"":88.59},""geometry"":{""sub_flat_top_quality"":33.3,""sub_hl_slope"":60.6,""sub_compression"":0,""sub_duration"":100.0,""_score"":43.17},""compression"":{""VC1_atr_ratio"":{""value"":0.6158304320984438,""score"":96.04239197538905},""VC2_range_contraction"":{""value"":0.9797749375399742,""score"":3.370843743337626},""VC3_range_pct_rank"":{""score"":70.0},""_score"":57.1},""sr_quality"":{""SR1_touches"":{""value"":3,""score"":50.0},""SR2_tightness"":{""value"":0.6800833298615336,""score"":84.64945700389687},""SR3_recency"":{""value"":227,""score"":0.0},""SR4_price_location"":{""score"":9.439532881333633},""SR5_reaction"":{""value"":1.330587932759316,""score"":66.5293966379658},""_score"":40.04,""_levels_found"":6,""_target_level"":200.7366},""volume"":{""V1_rvol_day"":{""value"":0.2526541836082305,""score"":0},""V2_rvol_sameslot"":{""value"":0.5099522431806407,""score"":0.6634828787093798,""status"":""ok""},""V3_breakout_bar"":{""value"":0.8979503961094164,""score"":26.53002640729443},""V4_base_dryup"":{""value"":0.8785011649120451,""score"":62.14988350879549},""V5_bo_expansion"":{""value"":0.2526541836082305,""score"":0},""_score"":19.2},""readiness"":{""_distance_atr"":1.382,""BR1_atr_distance"":{""score"":7.870408064281619},""BR2_compression"":{""score"":11.813828144346914},""BR3_retest"":{""score"":50.0},""BR4_bo_age"":{""score"":50.0},""_score"":23.6},""risk"":{""R1_stop_clarity"":{""score"":38.76219005416355},""R2_stop_distance_pct"":{""value"":5.187702030281259,""score"":100.0},""R3_stop_distance_atr"":{""value"":1.100132454762156,""score"":80.00662273810781},""R4_rr_potential"":{""value"":3.234002549150968,""score"":100.0},""_score"":75.57},""market"":{""M1_spy_regime"":{""score"":100.0},""M3_earnings_risk"":{""value"":null,""score"":80.0},""M4_vix"":{""value"":null,""score"":60.0},""_score"":84.0},""liquidity"":{""L1_price"":{""value"":187.905,""score"":100.0},""L2_dollar_vol"":{""value"":1338919718.0675201,""score"":100.0},""L3_spread_proxy"":{""value"":0.033208270136505194,""score"":66.79172986349481},""L4_volume_zscore"":{""value"":-2.141183396655803,""score"":100.0},""_score"":96.68},""pattern_structure"":{""top"":200.15,""top_touches"":2,""low_slope_per_bar"":0.3288716672655409,""lowest_low"":180.8701,""structural_low"":180.8701,""current_price"":189.165,""neckline_distance_pct"":0.05807099622023109,""base_bars"":40},""pattern_geometry_features"":{""top_touches"":2.0,""low_slope"":0.3288716672655409,""compression"":-0.2559807013608848,""atr_pct"":0.047155249423150754},""_schema_version"":""1.0""}",,,,,,,,,,
20260513T161427Z-28c0e1,2026-05-13T16:14:27.317311+00:00,DELL,bull_flag,forming,52.33,94.5,56.0,11.5,45.0,15.7,26.2,79.6,84.0,96.0,13.22,16.8,1.03,4.5,2.19,2.36,2.39,5.04,4.8,False,,241.195,263.99,225.0725,319.82,"{""trend"":{""T1_ema_stack"":{""value"":[true,true,true],""score"":100.0},""T2_ema50_slope"":{""value"":0.7388545574844646,""score"":100},""T3_high_proximity"":{""value"":0.926034707824618,""score"":63.017353912309005},""T4_rs_1m"":{""value"":0.24197418240147828,""score"":100},""T5_rs_3m"":{""value"":0.8735207793318904,""score"":100},""T6_adr_healthy"":{""value"":4.809175336118124,""score"":100.0},""_score"":94.45},""geometry"":{""sub_pole_impulse"":99.4,""sub_flag_tightness"":19.9,""sub_flag_shallowness"":0,""sub_flag_drift"":74.7,""sub_flag_duration"":100.0,""_score"":56.0},""compression"":{""VC1_atr_ratio"":{""value"":1.0579100742183285,""score"":0},""VC2_range_contraction"":{""value"":1.297038372627838,""score"":0},""VC3_range_pct_rank"":{""score"":45.833333333333336},""_score"":11.46},""sr_quality"":{""SR1_touches"":{""value"":3,""score"":50.0},""SR2_tightness"":{""value"":1.6757684804292081,""score"":74.217487334713},""SR3_recency"":{""value"":253,""score"":0.0},""SR4_price_location"":{""score"":30.0},""SR5_reaction"":{""value"":1.5175192149152756,""score"":75.87596074576378},""_score"":45.01,""_levels_found"":4,""_target_level"":155.63},""volume"":{""V1_rvol_day"":{""value"":0.29150126982356134,""score"":0},""V2_rvol_sameslot"":{""value"":0.5669579107256175,""score"":4.463860715041168,""status"":""ok""},""V3_breakout_bar"":{""value"":0.5003579821458083,""score"":0.023865476387219253},""V4_base_dryup"":{""value"":0.7625450163960693,""score"":73.74549836039307},""V5_bo_expansion"":{""value"":0.29150126982356134,""score"":0},""_score"":15.65},""readiness"":{""_distance_atr"":1.754,""BR1_atr_distance"":{""score"":0},""BR2_compression"":{""score"":34.74207466858875},""BR3_retest"":{""score"":50.0},""BR4_bo_age"":{""score"":50.0},""_score"":26.19},""risk"":{""R1_stop_clarity"":{""score"":47.26624638647119},""R2_stop_distance_pct"":{""value"":6.684425464872821,""score"":100.0},""R3_stop_distance_atr"":{""value"":1.2402624983721608,""score"":87.01312491860804},""R4_rr_potential"":{""value"":4.876725073654833,""score"":100.0},""_score"":79.6},""market"":{""M1_spy_regime"":{""score"":100.0},""M3_earnings_risk"":{""value"":null,""score"":80.0},""M4_vix"":{""value"":null,""score"":60.0},""_score"":84.0},""liquidity"":{""L1_price"":{""value"":241.195,""score"":100.0},""L2_dollar_vol"":{""value"":442914470.0777811,""score"":100.0},""L3_spread_proxy"":{""value"":0.0399257861895976,""score"":60.0742138104024},""L4_volume_zscore"":{""value"":-1.506263816734337,""score"":100.0},""_score"":96.01},""pattern_structure"":{""pole_low"":208.16,""pole_low_idx"":18,""peak_price"":263.99,""peak_idx"":43,""pole_gain"":0.2682071483474251,""flag_bars"":16,""flag_low"":228.5,""flag_high"":262.54,""structural_low"":228.5,""current_price"":241.22,""neckline_distance_pct"":0.09439515794710228,""base_bars"":16},""pattern_geometry_features"":{""pole_gain"":0.2682071483474251,""pullback_pct"":0.1344369104890337,""flag_range_pct"":0.12894427819235585,""flag_drift_per_bar"":-0.005051344391500023,""atr_pct"":0.053895247769291596,""pole_atr_multiple"":4.9764526456123654},""_schema_version"":""1.0""}",,,,,,,,,,
20260513T161427Z-28c0e1,2026-05-13T16:14:27.317311+00:00,MSFT,vcp,forming,52.24,43.2,50.5,66.2,59.7,23.3,26.7,62.8,84.0,99.0,6.48,12.63,7.94,7.17,3.03,1.87,3.14,5.04,4.95,True,risk_unclear,404.8875,429.92,392.0399,515.65,"{""trend"":{""T1_ema_stack"":{""value"":[false,true,false],""score"":33.33333333333333},""T2_ema50_slope"":{""value"":0.13001742469878902,""score"":71.6695707831315},""T3_high_proximity"":{""value"":0.9352478517970987,""score"":67.62392589854932},""T4_rs_1m"":{""value"":-0.03528513082596163,""score"":14.71486917403837},""T5_rs_3m"":{""value"":-0.06781382069598796,""score"":16.09308965200602},""T6_adr_healthy"":{""value"":2.1655741989117248,""score"":100.0},""_score"":43.17},""geometry"":{""sub_contraction_count"":100.0,""sub_reduction_rate"":0,""sub_pivot_tightness"":36.9,""sub_volume_dryup"":0,""sub_base_depth"":100.0,""sub_base_duration"":100.0,""_score"":50.53},""compression"":{""VC1_atr_ratio"":{""value"":0.407982015842609,""score"":100},""VC2_range_contraction"":{""value"":0.9438727728201637,""score"":9.354537863306053},""VC3_range_pct_rank"":{""score"":91.66666666666666},""_score"":66.19},""sr_quality"":{""SR1_touches"":{""value"":4,""score"":75.0},""SR2_tightness"":{""value"":3.13617318588674,""score"":41.17676862217785},""SR3_recency"":{""value"":228,""score"":0.0},""SR4_price_location"":{""score"":69.41650660833736},""SR5_reaction"":{""value"":1.8238203916598463,""score"":91.19101958299231},""_score"":59.71,""_levels_found"":7,""_target_level"":409.265},""volume"":{""V1_rvol_day"":{""value"":0.31209558303309,""score"":0},""V2_rvol_sameslot"":{""value"":0.8048261729678681,""score"":20.32174486452454,""status"":""ok""},""V3_breakout_bar"":{""value"":1.0743104402609278,""score"":38.287362684061854},""V4_base_dryup"":{""value"":1.0178563344755924,""score"":48.21436655244076},""V5_bo_expansion"":{""value"":0.31209558303309004,""score"":0},""_score"":23.28},""readiness"":{""_distance_atr"":2.348,""BR1_atr_distance"":{""score"":0},""BR2_compression"":{""score"":36.825227482680226},""BR3_retest"":{""score"":50.0},""BR4_bo_age"":{""score"":50.0},""_score"":26.71},""risk"":{""R1_stop_clarity"":{""score"":0},""R2_stop_distance_pct"":{""value"":3.1731406872279306,""score"":100.0},""R3_stop_distance_atr"":{""value"":1.204876522782962,""score"":85.2438261391481},""R4_rr_potential"":{""value"":8.621226449973358,""score"":100.0},""_score"":62.79},""market"":{""M1_spy_regime"":{""score"":100.0},""M3_earnings_risk"":{""value"":null,""score"":80.0},""M4_vix"":{""value"":null,""score"":60.0},""_score"":84.0},""liquidity"":{""L1_price"":{""value"":404.8875,""score"":100.0},""L2_dollar_vol"":{""value"":4317404085.448517,""score"":100.0},""L3_spread_proxy"":{""value"":0.010225062517366042,""score"":89.77493748263396},""L4_volume_zscore"":{""value"":-2.046695686302965,""score"":100.0},""_score"":98.98},""pattern_structure"":{""n_contractions"":5,""contractions_pct"":[18.9,6.88,13.74,5.14,7.42],""descending_strict"":false,""final_low"":398.01,""final_pivot"":429.92,""structural_low"":398.01,""dry_up_ratio"":1.0531624938141209,""current_price"":404.8875,""neckline_distance_pct"":0.061825815813034556,""base_bars"":64},""pattern_geometry_features"":{""contraction_count"":5.0,""first_contraction_pct"":0.1889858188282962,""last_contraction_pct"":0.07422311127651662,""dry_up_ratio"":1.0531624938141209,""near_monotone"":0.0,""base_depth_pct"":0.17722330177368012},""_schema_version"":""1.0""}",,,,,,,,,,
20260513T161427Z-28c0e1,2026-05-13T16:14:27.317311+00:00,AMD,ascending_triangle,forming,52.21,97.8,55.0,6.2,39.7,14.9,36.0,41.7,84.0,94.0,14.67,15.4,0.5,5.56,1.79,2.88,1.67,5.04,4.7,False,,445.4399,469.215,333.6195,599.73,"{""trend"":{""T1_ema_stack"":{""value"":[true,true,true],""score"":100.0},""T2_ema50_slope"":{""value"":0.9277170424867814,""score"":100},""T3_high_proximity"":{""value"":0.9709015017764119,""score"":85.45075088820592},""T4_rs_1m"":{""value"":0.681098810261469,""score"":100},""T5_rs_3m"":{""value"":1.016494480819201,""score"":100},""T6_adr_healthy"":{""value"":5.446719529708108,""score"":100.0},""_score"":97.82},""geometry"":{""sub_flat_top_quality"":33.3,""sub_hl_slope"":100,""sub_compression"":0,""sub_duration"":100.0,""_score"":54.99},""compression"":{""VC1_atr_ratio"":{""value"":1.2918731876170075,""score"":0},""VC2_range_contraction"":{""value"":1.3373012622902039,""score"":0},""VC3_range_pct_rank"":{""score"":25.0},""_score"":6.25},""sr_quality"":{""SR1_touches"":{""value"":2,""score"":25.0},""SR2_tightness"":{""value"":3.2150999999999783,""score"":78.18985813915529},""SR3_recency"":{""value"":295,""score"":0.0},""SR4_price_location"":{""score"":30.0},""SR5_reaction"":{""value"":1.7335606505141283,""score"":86.67803252570641},""_score"":39.73,""_levels_found"":3,""_target_level"":263.7449},""volume"":{""V1_rvol_day"":{""value"":0.3150400817315784,""score"":0},""V2_rvol_sameslot"":{""value"":0.6382818181476029,""score"":9.218787876506857,""status"":""ok""},""V3_breakout_bar"":{""value"":0.8413720323348545,""score"":22.7581354889903},""V4_base_dryup"":{""value"":1.1327852326304868,""score"":36.72147673695132},""V5_bo_expansion"":{""value"":0.3150400817315784,""score"":0},""_score"":14.88},""readiness"":{""_distance_atr"":0.806,""BR1_atr_distance"":{""score"":46.23927677150823},""BR2_compression"":{""score"":0},""BR3_retest"":{""score"":50.0},""BR4_bo_age"":{""score"":50.0},""_score"":36.0},""risk"":{""R1_stop_clarity"":{""score"":65.53562075082488},""R2_stop_distance_pct"":{""value"":25.103364112644616,""score"":0.0},""R3_stop_distance_atr"":{""value"":3.792757281167644,""score"":100.0},""R4_rr_potential"":{""value"":1.3798027909039845,""score"":18.990139545199224},""_score"":41.74},""market"":{""M1_spy_regime"":{""score"":100.0},""M3_earnings_risk"":{""value"":null,""score"":80.0},""M4_vix"":{""value"":null,""score"":60.0},""_score"":84.0},""liquidity"":{""L1_price"":{""value"":445.4399,""score"":100.0},""L2_dollar_vol"":{""value"":6745368944.35652,""score"":100.0},""L3_spread_proxy"":{""value"":0.060277491980399646,""score"":39.722508019600355},""L4_volume_zscore"":{""value"":-1.981194219099925,""score"":100.0},""_score"":93.97},""pattern_structure"":{""top"":469.215,""top_touches"":2,""low_slope_per_bar"":1.9531728665207877,""lowest_low"":338.7,""structural_low"":338.7,""current_price"":445.875,""neckline_distance_pct"":0.05234650967199322,""base_bars"":57},""pattern_geometry_features"":{""top_touches"":2.0,""low_slope"":1.9531728665207877,""compression"":-0.5020485455026897,""atr_pct"":0.06618763672880289},""_schema_version"":""1.0""}",,,,,,,,,,
20260513T161427Z-28c0e1,2026-05-13T16:14:27.317311+00:00,LRCX,breakout_retest_hold,setup,52.13,90.9,50.0,54.0,41.8,14.7,39.3,64.3,84.0,97.0,12.72,11.0,3.24,5.85,1.91,7.08,3.22,4.2,2.91,False,,292.85,280.0,274.9923,284.46,"{""trend"":{""T1_ema_stack"":{""value"":[true,true,true],""score"":100.0},""T2_ema50_slope"":{""value"":0.38963102223368173,""score"":100},""T3_high_proximity"":{""value"":0.9854628663727832,""score"":92.7314331863916},""T4_rs_1m"":{""value"":0.00978901765563256,""score"":59.78901765563256},""T5_rs_3m"":{""value"":0.1764406060797148,""score"":100},""T6_adr_healthy"":{""value"":3.8503135433535167,""score"":100.0},""_score"":90.87},""geometry"":{""sub_retest_depth"":100.0,""sub_retest_timing"":0.0,""sub_retest_freshness"":100.0,""sub_hold_quality"":0.0,""_score"":50.0},""compression"":{""VC1_atr_ratio"":{""value"":0.650230735984452,""score"":87.44231600388699},""VC2_range_contraction"":{""value"":0.9991924967620466,""score"":0.134583872992237},""VC3_range_pct_rank"":{""score"":75.83333333333333},""_score"":53.98},""sr_quality"":{""SR1_touches"":{""value"":2,""score"":25.0},""SR2_tightness"":{""value"":1.1699999999999875,""score"":82.82208588957074},""SR3_recency"":{""value"":236,""score"":0.0},""SR4_price_location"":{""score"":30.0},""SR5_reaction"":{""value"":1.9182004089979539,""score"":95.91002044989769},""_score"":41.81,""_levels_found"":8,""_target_level"":274.67},""volume"":{""V1_rvol_day"":{""value"":0.23475894456041288,""score"":0},""V2_rvol_sameslot"":{""value"":0.47913369771167713,""score"":0,""status"":""ok""},""V3_breakout_bar"":{""value"":0.6075119471765017,""score"":7.167463145100113},""V4_base_dryup"":{""value"":0.8535162223115184,""score"":64.64837776884816},""V5_bo_expansion"":{""value"":0.23475894456041288,""score"":0},""_score"":14.72},""readiness"":{""_distance_atr"":-0.943,""BR1_atr_distance"":{""score"":41.13365843427191},""BR2_compression"":{""score"":0},""BR3_retest"":{""score"":91.81479733626966},""BR4_bo_age"":{""score"":30.0},""_score"":39.32},""risk"":{""R1_stop_clarity"":{""score"":59.21787006449612},""R2_stop_distance_pct"":{""value"":6.097899948779246,""score"":100.0},""R3_stop_distance_atr"":{""value"":1.3109317812385308,""score"":90.54658906192654},""R4_rr_potential"":{""value"":-0.4698253414493454,""score"":0.0},""_score"":64.31},""market"":{""M1_spy_regime"":{""score"":100.0},""M3_earnings_risk"":{""value"":null,""score"":80.0},""M4_vix"":{""value"":null,""score"":60.0},""_score"":84.0},""liquidity"":{""L1_price"":{""value"":292.85,""score"":100.0},""L2_dollar_vol"":{""value"":633917813.7706628,""score"":100.0},""L3_spread_proxy"":{""value"":0.029810483182516705,""score"":70.1895168174833},""L4_volume_zscore"":{""value"":-2.5940157173774807,""score"":100.0},""_score"":97.02},""pattern_structure"":{""level"":280.0,""level_idx"":44,""breakout_idx"":48,""bo_peak_idx"":66,""bo_peak_price"":300.0,""retest_idx"":75,""retest_low"":277.77,""structural_low"":277.77,""current_price"":291.95,""neckline_distance_pct"":-0.04093166638122962,""base_bars"":35,""bars_since_breakout"":31},""pattern_geometry_features"":{""retest_depth_atr"":0.4709609292502673,""bars_breakout_to_retest"":27.0,""bars_since_retest"":4.0,""current_above_level_atr"":2.523759239704324,""bo_peak_excess_pct"":0.07142857142857142,""atr_pct"":0.04651576867728483},""_schema_version"":""1.0""}",,,,,,,,,,
20260513T161427Z-28c0e1,2026-05-13T16:14:27.317311+00:00,TMUS,breakout_retest_hold,breakout_confirmed,52.04,14.0,70.0,72.8,55.4,12.6,62.5,50.4,84.0,98.0,1.96,15.4,4.37,7.75,1.64,11.26,2.52,4.2,2.94,True,risk_unclear,192.58,190.47,187.5654,192.49,"{""trend"":{""T1_ema_stack"":{""value"":[false,false,false],""score"":0.0},""T2_ema50_slope"":{""value"":-0.1814133314675812,""score"":19.764444755403133},""T3_high_proximity"":{""value"":0.8675556356428508,""score"":33.77781782142536},""T4_rs_1m"":{""value"":-0.05166599114495618,""score"":0},""T5_rs_3m"":{""value"":-0.15003278937752595,""score"":0},""T6_adr_healthy"":{""value"":2.813005056317951,""score"":100.0},""_score"":14.02},""geometry"":{""sub_retest_depth"":100.0,""sub_retest_timing"":0.0,""sub_retest_freshness"":50.0,""sub_hold_quality"":100.0,""_score"":70.0},""compression"":{""VC1_atr_ratio"":{""value"":0.22604655246187688,""score"":100},""VC2_range_contraction"":{""value"":0.6524542188879489,""score"":57.924296852008524},""VC3_range_pct_rank"":{""score"":50.0},""_score"":72.77},""sr_quality"":{""SR1_touches"":{""value"":3,""score"":50.0},""SR2_tightness"":{""value"":0.6571952187558615,""score"":74.60788014057817},""SR3_recency"":{""value"":310,""score"":0.0},""SR4_price_location"":{""score"":67.70399411908849},""SR5_reaction"":{""value"":1.6330615857035358,""score"":81.65307928517679},""_score"":55.37,""_levels_found"":7,""_target_level"":194.7767},""volume"":{""V1_rvol_day"":{""value"":0.13808082948320943,""score"":0},""V2_rvol_sameslot"":{""value"":0.44481867739531994,""score"":0,""status"":""ok""},""V3_breakout_bar"":{""value"":0.6560303852774909,""score"":10.40202568516606},""V4_base_dryup"":{""value"":0.9982801223858577,""score"":50.17198776141423},""V5_bo_expansion"":{""value"":0.13808082948320943,""score"":0},""_score"":12.63},""readiness"":{""_distance_atr"":-0.408,""BR1_atr_distance"":{""score"":100.0},""BR2_compression"":{""score"":0},""BR3_retest"":{""score"":90.24413129991785},""BR4_bo_age"":{""score"":30.0},""_score"":62.55},""risk"":{""R1_stop_clarity"":{""score"":26.798143211185035},""R2_stop_distance_pct"":{""value"":2.6039048707030847,""score"":100.0},""R3_stop_distance_atr"":{""value"":0.9687481026422259,""score"":73.4374051321113},""R4_rr_potential"":{""value"":-0.01794759302836354,""score"":0.0},""_score"":50.39},""market"":{""M1_spy_regime"":{""score"":100.0},""M3_earnings_risk"":{""value"":null,""score"":80.0},""M4_vix"":{""value"":null,""score"":60.0},""_score"":84.0},""liquidity"":{""L1_price"":{""value"":192.58,""score"":100.0},""L2_dollar_vol"":{""value"":159825723.98645937,""score"":100.0},""L3_spread_proxy"":{""value"":0.020536919721674173,""score"":79.46308027832583},""L4_volume_zscore"":{""value"":-1.8237236409313795,""score"":100.0},""_score"":97.95},""pattern_structure"":{""level"":190.47,""level_idx"":6,""breakout_idx"":18,""bo_peak_idx"":22,""bo_peak_price"":200.63,""retest_idx"":71,""retest_low"":189.46,""structural_low"":189.46,""current_price"":192.18,""neckline_distance_pct"":-0.00889790821105218,""base_bars"":73,""bars_since_breakout"":61},""pattern_geometry_features"":{""retest_depth_atr"":0.5705616037058207,""bars_breakout_to_retest"":53.0,""bars_since_retest"":8.0,""current_above_level_atr"":0.9660003389474917,""bo_peak_excess_pct"":0.05334173360634219,""atr_pct"":0.02687907066451049},""_schema_version"":""1.0""}",,,,,,,,,,
20260513T161427Z-28c0e1,2026-05-13T16:14:27.317311+00:00,AMAT,vcp,setup,52.02,91.2,35.0,35.3,57.5,24.1,57.5,29.0,84.0,96.3,13.67,8.75,4.24,6.9,3.13,4.03,1.45,5.04,4.82,False,,428.71,420.4999,371.4139,439.3799,"{""trend"":{""T1_ema_stack"":{""value"":[true,true,true],""score"":100.0},""T2_ema50_slope"":{""value"":0.3514879645620654,""score"":100},""T3_high_proximity"":{""value"":0.9663901537351787,""score"":83.19507686758931},""T4_rs_1m"":{""value"":0.01834114984978119,""score"":68.34114984978119},""T5_rs_3m"":{""value"":0.19226336028678181,""score"":100},""T6_adr_healthy"":{""value"":3.3227287323233363,""score"":100.0},""_score"":91.15},""geometry"":{""sub_contraction_count"":100.0,""sub_reduction_rate"":0,""sub_pivot_tightness"":0,""sub_volume_dryup"":0,""sub_base_depth"":0.0,""sub_base_duration"":100.0,""_score"":35.0},""compression"":{""VC1_atr_ratio"":{""value"":0.7549893884545082,""score"":61.252652886372935},""VC2_range_contraction"":{""value"":1.2370947451527776,""score"":0},""VC3_range_pct_rank"":{""score"":43.333333333333336},""_score"":35.33},""sr_quality"":{""SR1_touches"":{""value"":4,""score"":75.0},""SR2_tightness"":{""value"":1.5960028195463891,""score"":83.05439097566808},""SR3_recency"":{""value"":233,""score"":0.0},""SR4_price_location"":{""score"":30.0},""SR5_reaction"":{""value"":2.231008650253985,""score"":100},""_score"":57.46,""_levels_found"":5,""_target_level"":378.265},""volume"":{""V1_rvol_day"":{""value"":0.3476780122798868,""score"":0},""V2_rvol_sameslot"":{""value"":0.919000307598416,""score"":27.933353839894398,""status"":""ok""},""V3_breakout_bar"":{""value"":0.7378832469817269,""score"":15.858883132115128},""V4_base_dryup"":{""value"":0.7740127109955559,""score"":72.59872890044441},""V5_bo_expansion"":{""value"":0.3476780122798868,""score"":0},""_score"":24.07},""readiness"":{""_distance_atr"":-0.436,""BR1_atr_distance"":{""score"":100.0},""BR2_compression"":{""score"":0},""BR3_retest"":{""score"":50.0},""BR4_bo_age"":{""score"":50.0},""_score"":57.5},""risk"":{""R1_stop_clarity"":{""score"":39.94671516350249},""R2_stop_distance_pct"":{""value"":13.36475706188332,""score"":0.0},""R3_stop_distance_atr"":{""value"":3.041712865565373,""score"":100.0},""R4_rr_potential"":{""value"":0.18622400671599604,""score"":0.0},""_score"":28.98},""market"":{""M1_spy_regime"":{""score"":100.0},""M3_earnings_risk"":{""value"":null,""score"":80.0},""M4_vix"":{""value"":null,""score"":60.0},""_score"":84.0},""liquidity"":{""L1_price"":{""value"":428.71,""score"":100.0},""L2_dollar_vol"":{""value"":918278257.1630989,""score"":100.0},""L3_spread_proxy"":{""value"":0.036598166592801656,""score"":63.401833407198346},""L4_volume_zscore"":{""value"":-2.040660214831687,""score"":100.0},""_score"":96.34},""pattern_structure"":{""n_contractions"":5,""contractions_pct"":[20.03,4.84,15.61,6.78,10.33],""descending_strict"":false,""final_low"":377.07,""final_pivot"":420.4999,""structural_low"":377.07,""dry_up_ratio"":1.199595912943071,""current_price"":428.71,""neckline_distance_pct"":-0.019150707937766683,""base_bars"":44},""pattern_geometry_features"":{""contraction_count"":5.0,""first_contraction_pct"":0.20025255714105308,""last_contraction_pct"":0.10328159412166335,""dry_up_ratio"":1.199595912943071,""near_monotone"":0.0,""base_depth_pct"":0.047682788230837214},""_schema_version"":""1.0""}",,,,,,,,,,
20260513T161427Z-28c0e1,2026-05-13T16:14:27.317311+00:00,CCJ,double_bottom,forming,51.74,47.1,52.1,56.7,48.1,30.8,23.5,77.3,84.0,95.9,7.07,13.04,4.53,6.74,4.01,1.88,4.64,5.04,4.8,False,,116.34,124.7199,110.6647,137.0898,"{""trend"":{""T1_ema_stack"":{""value"":[false,true,true],""score"":66.66666666666666},""T2_ema50_slope"":{""value"":0.17740777023013443,""score"":79.56796170502241},""T3_high_proximity"":{""value"":0.9199019530323397,""score"":59.95097651616982},""T4_rs_1m"":{""value"":-0.06283239327815404,""score"":0},""T5_rs_3m"":{""value"":-0.09292309081903782,""score"":3.538454590481088},""T6_adr_healthy"":{""value"":5.2575409151983,""score"":100.0},""_score"":47.1},""geometry"":{""sub_low_similarity"":3.6,""sub_bounce_quality"":100,""sub_separation_fit"":13.3,""sub_right_bottom_reaction"":60.5,""sub_base_context"":100.0,""_score"":52.15},""compression"":{""VC1_atr_ratio"":{""value"":0.5771551554618152,""score"":100},""VC2_range_contraction"":{""value"":1.2262783785117393,""score"":0},""VC3_range_pct_rank"":{""score"":66.66666666666667},""_score"":56.67},""sr_quality"":{""SR1_touches"":{""value"":3,""score"":50.0},""SR2_tightness"":{""value"":1.0735130284361822,""score"":67.3512507929504},""SR3_recency"":{""value"":248,""score"":0.0},""SR4_price_location"":{""score"":34.15747440924344},""SR5_reaction"":{""value"":1.931529480513414,""score"":96.5764740256707},""_score"":48.13,""_levels_found"":6,""_target_level"":121.2853},""volume"":{""V1_rvol_day"":{""value"":0.5260861668430398,""score"":1.7390777895359848},""V2_rvol_sameslot"":{""value"":0.9651485862679331,""score"":31.00990575119554,""status"":""ok""},""V3_breakout_bar"":{""value"":1.0129926812749075,""score"":34.199512084993835},""V4_base_dryup"":{""value"":0.7137651175303465,""score"":78.62348824696534},""V5_bo_expansion"":{""value"":0.5260861668430398,""score"":0},""_score"":30.82},""readiness"":{""_distance_atr"":1.274,""BR1_atr_distance"":{""score"":15.047373674726586},""BR2_compression"":{""score"":0},""BR3_retest"":{""score"":50.0},""BR4_bo_age"":{""score"":50.0},""_score"":23.52},""risk"":{""R1_stop_clarity"":{""score"":48.74649571665527},""R2_stop_distance_pct"":{""value"":4.8781588447653474,""score"":100.0},""R3_stop_distance_atr"":{""value"":0.8630068244594367,""score"":68.15034122297183},""R4_rr_potential"":{""value"":3.656191357208929,""score"":100.0},""_score"":77.28},""market"":{""M1_spy_regime"":{""score"":100.0},""M3_earnings_risk"":{""value"":null,""score"":80.0},""M4_vix"":{""value"":null,""score"":60.0},""_score"":84.0},""liquidity"":{""L1_price"":{""value"":116.34,""score"":100.0},""L2_dollar_vol"":{""value"":196327950.49537194,""score"":100.0},""L3_spread_proxy"":{""value"":0.04065669589135296,""score"":59.34330410864704},""L4_volume_zscore"":{""value"":-1.6162949856535112,""score"":100.0},""_score"":95.93},""pattern_structure"":{""left_low"":117.8971,""left_idx"":31,""right_low"":112.35,""right_idx"":74,""separation_bars"":43,""structural_low"":112.35,""current_price"":116.1879,""neckline_distance_pct"":0.07343277570211697,""base_bars"":43},""pattern_geometry_features"":{""low_similarity_pct"":0.048183885920821595,""bounce_pct"":0.11010146862483312,""right_bottom_reaction"":0.6046192436935004,""atr_pct"":0.05652514796532333},""_schema_version"":""1.0""}",,,,,,,,,,
20260513T161427Z-28c0e1,2026-05-13T16:14:27.317311+00:00,LRCX,high_tight_pullback,absent,51.69,90.9,45.1,54.0,41.8,12.2,43.5,73.9,84.0,97.0,10.9,15.79,5.4,3.34,1.71,3.92,0.74,5.04,4.85,False,,292.85,300.0,273.6034,342.795,"{""trend"":{""T1_ema_stack"":{""value"":[true,true,true],""score"":100.0},""T2_ema50_slope"":{""value"":0.38963102223368173,""score"":100},""T3_high_proximity"":{""value"":0.9854628663727832,""score"":92.7314331863916},""T4_rs_1m"":{""value"":0.00978901765563256,""score"":59.78901765563256},""T5_rs_3m"":{""value"":0.1764406060797148,""score"":100},""T6_adr_healthy"":{""value"":3.8503135433535167,""score"":100.0},""_score"":90.87},""geometry"":{""sub_pole_impulse"":64.4,""sub_flag_tightness"":28.4,""sub_flag_shallowness"":10.9,""sub_flag_drift"":83.4,""sub_flag_duration"":40.0,""_score"":45.11},""compression"":{""VC1_atr_ratio"":{""value"":0.650230735984452,""score"":87.44231600388699},""VC2_range_contraction"":{""value"":0.9991924967620466,""score"":0.134583872992237},""VC3_range_pct_rank"":{""score"":75.83333333333333},""_score"":53.98},""sr_quality"":{""SR1_touches"":{""value"":2,""score"":25.0},""SR2_tightness"":{""value"":1.1699999999999875,""score"":82.82208588957074},""SR3_recency"":{""value"":236,""score"":0.0},""SR4_price_location"":{""score"":30.0},""SR5_reaction"":{""value"":1.9182004089979539,""score"":95.91002044989769},""_score"":41.81,""_levels_found"":8,""_target_level"":274.67},""volume"":{""V1_rvol_day"":{""value"":0.23475894456041288,""score"":0},""V2_rvol_sameslot"":{""value"":0.47913369771167713,""score"":0,""status"":""ok""},""V3_breakout_bar"":{""value"":0.6075119471765017,""score"":7.167463145100113},""V4_base_dryup"":{""value"":0.979270425774854,""score"":52.0729574225146},""V5_bo_expansion"":{""value"":0.23475894456041288,""score"":0},""_score"":12.21},""readiness"":{""_distance_atr"":0.525,""BR1_atr_distance"":{""score"":65.00795273801421},""BR2_compression"":{""score"":0},""BR3_retest"":{""score"":50.0},""BR4_bo_age"":{""score"":50.0},""_score"":43.5},""risk"":{""R1_stop_clarity"":{""score"":38.82680509674334},""R2_stop_distance_pct"":{""value"":6.5721529793409825,""score"":100.0},""R3_stop_distance_atr"":{""value"":1.4128871060772945,""score"":95.64435530386473},""R4_rr_potential"":{""value"":2.595010534355498,""score"":79.75052671777489},""_score"":73.89},""market"":{""M1_spy_regime"":{""score"":100.0},""M3_earnings_risk"":{""value"":null,""score"":80.0},""M4_vix"":{""value"":null,""score"":60.0},""_score"":84.0},""liquidity"":{""L1_price"":{""value"":292.85,""score"":100.0},""L2_dollar_vol"":{""value"":633917813.7706628,""score"":100.0},""L3_spread_proxy"":{""value"":0.029810483182516705,""score"":70.1895168174833},""L4_volume_zscore"":{""value"":-2.5940157173774807,""score"":100.0},""_score"":97.02},""pattern_structure"":{""pole_low"":257.205,""pole_low_idx"":21,""peak_price"":300.0,""peak_idx"":46,""pole_gain"":0.166384790342334,""flag_bars"":13,""flag_low"":277.77,""flag_high"":299.22,""structural_low"":277.77,""current_price"":291.95,""neckline_distance_pct"":0.027573214591539687,""base_bars"":13},""pattern_geometry_features"":{""pole_gain"":0.166384790342334,""pullback_pct"":0.07410000000000005,""flag_range_pct"":0.07150000000000015,""flag_drift_per_bar"":-0.0033221065627299325,""atr_pct"":0.04651576867728483,""pole_atr_multiple"":3.5769545483956526},""_schema_version"":""1.0""}",,,,,,,,,,
20260513T161427Z-28c0e1,2026-05-13T16:14:27.317311+00:00,AVGO,ascending_triangle,absent,51.67,92.1,36.9,57.3,41.8,24.7,18.3,68.4,84.0,97.2,13.82,10.34,4.58,5.86,2.97,1.47,2.74,5.04,4.86,True,risk_unclear,414.76,437.68,400.2055,469.06,"{""trend"":{""T1_ema_stack"":{""value"":[true,true,true],""score"":100.0},""T2_ema50_slope"":{""value"":0.5447271341961742,""score"":100},""T3_high_proximity"":{""value"":0.9645581395348837,""score"":82.27906976744181},""T4_rs_1m"":{""value"":0.02399294162738652,""score"":73.99294162738653},""T5_rs_3m"":{""value"":0.14096592763830063,""score"":100},""T6_adr_healthy"":{""value"":3.144720154138507,""score"":100.0},""_score"":92.14},""geometry"":{""sub_flat_top_quality"":33.3,""sub_hl_slope"":39.8,""sub_compression"":0,""sub_duration"":100.0,""_score"":36.93},""compression"":{""VC1_atr_ratio"":{""value"":0.5535845729428557,""score"":100},""VC2_range_contraction"":{""value"":1.3398368503731413,""score"":0},""VC3_range_pct_rank"":{""score"":69.16666666666667},""_score"":57.29},""sr_quality"":{""SR1_touches"":{""value"":2,""score"":25.0},""SR2_tightness"":{""value"":1.6500000000000057,""score"":78.85255424068075},""SR3_recency"":{""value"":227,""score"":0.0},""SR4_price_location"":{""score"":30.0},""SR5_reaction"":{""value"":2.073090516102957,""score"":100},""_score"":41.83,""_levels_found"":6,""_target_level"":404.65},""volume"":{""V1_rvol_day"":{""value"":0.3638491022814718,""score"":0},""V2_rvol_sameslot"":{""value"":0.8169692335406246,""score"":21.13128223604164,""status"":""ok""},""V3_breakout_bar"":{""value"":0.9684659918181272,""score"":31.231066121208478},""V4_base_dryup"":{""value"":0.8651937151380454,""score"":63.48062848619546},""V5_bo_expansion"":{""value"":0.36384910228147177,""score"":0},""_score"":24.73},""readiness"":{""_distance_atr"":1.469,""BR1_atr_distance"":{""score"":2.0809178174554006},""BR2_compression"":{""score"":0},""BR3_retest"":{""score"":50.0},""BR4_bo_age"":{""score"":50.0},""_score"":18.33},""risk"":{""R1_stop_clarity"":{""score"":21.889025345351314},""R2_stop_distance_pct"":{""value"":3.5091378146397822,""score"":100.0},""R3_stop_distance_atr"":{""value"":0.9326984827394247,""score"":71.63492413697124},""R4_rr_potential"":{""value"":3.7308049056992787,""score"":100.0},""_score"":68.41},""market"":{""M1_spy_regime"":{""score"":100.0},""M3_earnings_risk"":{""value"":null,""score"":80.0},""M4_vix"":{""value"":null,""score"":60.0},""_score"":84.0},""liquidity"":{""L1_price"":{""value"":414.76,""score"":100.0},""L2_dollar_vol"":{""value"":2835724918.4980817,""score"":100.0},""L3_spread_proxy"":{""value"":0.027509885234834528,""score"":72.49011476516547},""L4_volume_zscore"":{""value"":-2.7310538077272657,""score"":100.0},""_score"":97.25},""pattern_structure"":{""top"":437.68,""top_touches"":2,""low_slope_per_bar"":0.4848857344190452,""lowest_low"":406.3,""structural_low"":406.3,""current_price"":413.3262,""neckline_distance_pct"":0.05892150074202902,""base_bars"":46},""pattern_geometry_features"":{""top_touches"":2.0,""low_slope"":0.4848857344190452,""compression"":-0.2249774233622066,""atr_pct"":0.03762349654877865},""_schema_version"":""1.0""}",,,,,,,,,,
20260513T161427Z-28c0e1,2026-05-13T16:14:27.317311+00:00,QBTS,vcp,absent,51.63,74.0,48.9,30.7,63.9,20.8,34.0,44.7,84.0,91.9,11.11,12.22,3.68,7.67,2.7,2.38,2.24,5.04,4.6,False,,20.91,22.49,16.8533,26.8986,"{""trend"":{""T1_ema_stack"":{""value"":[true,true,false],""score"":66.66666666666666},""T2_ema50_slope"":{""value"":0.36862484728491784,""score"":100},""T3_high_proximity"":{""value"":0.8701622971285893,""score"":35.081148564294615},""T4_rs_1m"":{""value"":0.1669294869433111,""score"":100},""T5_rs_3m"":{""value"":-0.004429638104647582,""score"":47.78518094767621},""T6_adr_healthy"":{""value"":8.044204535984298,""score"":98.89488660039257},""_score"":74.04},""geometry"":{""sub_contraction_count"":100.0,""sub_reduction_rate"":0,""sub_pivot_tightness"":0,""sub_volume_dryup"":25.9,""sub_base_depth"":100.0,""sub_base_duration"":100.0,""_score"":48.88},""compression"":{""VC1_atr_ratio"":{""value"":0.8017299736971775,""score"":49.567506575705636},""VC2_range_contraction"":{""value"":1.1208990402737171,""score"":0},""VC3_range_pct_rank"":{""score"":43.333333333333336},""_score"":30.66},""sr_quality"":{""SR1_touches"":{""value"":3,""score"":50.0},""SR2_tightness"":{""value"":0.15518731334172292,""score"":82.67169894094656},""SR3_recency"":{""value"":276,""score"":0.0},""SR4_price_location"":{""score"":86.00143963962567},""SR5_reaction"":{""value"":2.973539107779018,""score"":100},""_score"":63.9,""_levels_found"":4,""_target_level"":21.5129},""volume"":{""V1_rvol_day"":{""value"":0.43655733015247866,""score"":0},""V2_rvol_sameslot"":{""value"":0.6964569971294828,""score"":13.097133141965521,""status"":""ok""},""V3_breakout_bar"":{""value"":0.7716124513181575,""score"":18.10749675454383},""V4_base_dryup"":{""value"":0.8182275344582282,""score"":68.17724655417719},""V5_bo_expansion"":{""value"":0.43655733015247855,""score"":0},""_score"":20.78},""readiness"":{""_distance_atr"":0.882,""BR1_atr_distance"":{""score"":41.192109320997574},""BR2_compression"":{""score"":0},""BR3_retest"":{""score"":50.0},""BR4_bo_age"":{""score"":50.0},""_score"":33.98},""risk"":{""R1_stop_clarity"":{""score"":71.34231934917844},""R2_stop_distance_pct"":{""value"":19.400526064084175,""score"":0.0},""R3_stop_distance_atr"":{""value"":2.264838889775084,""score"":100.0},""R4_rr_potential"":{""value"":1.4762427125830417,""score"":23.81213562915209},""_score"":44.73},""market"":{""M1_spy_regime"":{""score"":100.0},""M3_earnings_risk"":{""value"":null,""score"":80.0},""M4_vix"":{""value"":null,""score"":60.0},""_score"":84.0},""liquidity"":{""L1_price"":{""value"":20.91,""score"":100.0},""L2_dollar_vol"":{""value"":288151082.24491197,""score"":100.0},""L3_spread_proxy"":{""value"":0.08082257293161173,""score"":19.17742706838827},""L4_volume_zscore"":{""value"":-1.0488398590483254,""score"":100.0},""_score"":91.92},""pattern_structure"":{""n_contractions"":5,""contractions_pct"":[17.23,20.46,22.39,23.78,23.92],""descending_strict"":false,""final_low"":17.11,""final_pivot"":22.49,""structural_low"":17.11,""dry_up_ratio"":0.8703157246229395,""current_price"":20.91,""neckline_distance_pct"":0.07556193208990905,""base_bars"":54},""pattern_geometry_features"":{""contraction_count"":5.0,""first_contraction_pct"":0.17234392572007476,""last_contraction_pct"":0.23921742996887502,""dry_up_ratio"":0.8703157246229395,""near_monotone"":0.0,""base_depth_pct"":0.2048739230247321},""_schema_version"":""1.0""}",,,,,,,,,,
20260513T161427Z-28c0e1,2026-05-13T16:14:27.317311+00:00,QCOM,bull_flag,forming,51.56,92.2,61.2,1.9,35.2,11.6,30.4,83.2,84.0,94.2,12.91,18.36,0.17,3.52,1.62,2.74,2.49,5.04,4.71,False,,212.79,247.9,198.97,331.01,"{""trend"":{""T1_ema_stack"":{""value"":[true,true,true],""score"":100.0},""T2_ema50_slope"":{""value"":0.508988428816407,""score"":100},""T3_high_proximity"":{""value"":0.895844735401844,""score"":47.92236770092195},""T4_rs_1m"":{""value"":0.5366069133384745,""score"":100},""T5_rs_3m"":{""value"":0.4396273410077476,""score"":100},""T6_adr_healthy"":{""value"":6.671215018192996,""score"":100.0},""_score"":92.19},""geometry"":{""sub_pole_impulse"":100.0,""sub_flag_tightness"":45.9,""sub_flag_shallowness"":26.6,""sub_flag_drift"":29.4,""sub_flag_duration"":100.0,""_score"":61.2},""compression"":{""VC1_atr_ratio"":{""value"":1.528992079529262,""score"":0},""VC2_range_contraction"":{""value"":3.1337996309564145,""score"":0},""VC3_range_pct_rank"":{""score"":7.499999999999996},""_score"":1.87},""sr_quality"":{""SR1_touches"":{""value"":2,""score"":25.0},""SR2_tightness"":{""value"":0.5049999999999955,""score"":94.78804213208153},""SR3_recency"":{""value"":311,""score"":0.0},""SR4_price_location"":{""score"":30.0},""SR5_reaction"":{""value"":0.7965006900130918,""score"":39.82503450065459},""_score"":35.19,""_levels_found"":4,""_target_level"":183.945},""volume"":{""V1_rvol_day"":{""value"":0.516009708858206,""score"":1.0673139238803975},""V2_rvol_sameslot"":{""value"":1.007465764926044,""score"":33.831050995069596,""status"":""ok""},""V3_breakout_bar"":{""value"":0.7773940673940662,""score"":18.49293782627108},""V4_base_dryup"":{""value"":3.2076284967029594,""score"":0},""V5_bo_expansion"":{""value"":0.516009708858206,""score"":0},""_score"":11.6},""readiness"":{""_distance_atr"":1.812,""BR1_atr_distance"":{""score"":0},""BR2_compression"":{""score"":51.76454128962873},""BR3_retest"":{""score"":50.0},""BR4_bo_age"":{""score"":50.0},""_score"":30.44},""risk"":{""R1_stop_clarity"":{""score"":68.72825279248887},""R2_stop_distance_pct"":{""value"":6.494666102730388,""score"":100.0},""R3_stop_distance_atr"":{""value"":0.7131609676696425,""score"":60.658048383482125},""R4_rr_potential"":{""value"":8.554269175108542,""score"":100.0},""_score"":83.15},""market"":{""M1_spy_regime"":{""score"":100.0},""M3_earnings_risk"":{""value"":null,""score"":80.0},""M4_vix"":{""value"":null,""score"":60.0},""_score"":84.0},""liquidity"":{""L1_price"":{""value"":212.79,""score"":100.0},""L2_dollar_vol"":{""value"":2992888723.2940664,""score"":100.0},""L3_spread_proxy"":{""value"":0.057991446966492805,""score"":42.0085530335072},""L4_volume_zscore"":{""value"":-0.8308890273797312,""score"":100.0},""_score"":94.2},""pattern_structure"":{""pole_low"":164.79,""pole_low_idx"":22,""peak_price"":247.9,""peak_idx"":46,""pole_gain"":0.5043388555130773,""flag_bars"":13,""flag_low"":202.0,""flag_high"":242.55,""structural_low"":202.0,""current_price"":213.99,""neckline_distance_pct"":0.158465348848077,""base_bars"":13},""pattern_geometry_features"":{""pole_gain"":0.5043388555130773,""pullback_pct"":0.18515530455828966,""flag_range_pct"":0.16357402178297706,""flag_drift_per_bar"":-0.01411679142858166,""atr_pct"":0.09106872637677658,""pole_atr_multiple"":5.538002732425263},""_schema_version"":""1.0""}",,,,,,,,,,
20260513T161427Z-28c0e1,2026-05-13T16:14:27.317311+00:00,VZ,double_bottom,absent,51.35,45.4,45.7,66.2,60.5,29.6,29.9,53.0,84.0,98.1,6.81,11.41,5.3,8.46,3.85,2.39,3.18,5.04,4.9,True,risk_unclear,47.435,48.49,45.6597,50.625,"{""trend"":{""T1_ema_stack"":{""value"":[true,false,true],""score"":66.66666666666666},""T2_ema50_slope"":{""value"":-0.031202932216869067,""score"":44.79951129718849},""T3_high_proximity"":{""value"":0.9232191514207863,""score"":61.6095757103931},""T4_rs_1m"":{""value"":-0.022259010632990295,""score"":27.740989367009703},""T5_rs_3m"":{""value"":-0.10043931109534343,""score"":0},""T6_adr_healthy"":{""value"":2.1069122746261666,""score"":100.0},""_score"":45.42},""geometry"":{""sub_low_similarity"":73.6,""sub_bounce_quality"":22.9,""sub_separation_fit"":0.0,""sub_right_bottom_reaction"":86.7,""sub_base_context"":30.0,""_score"":45.66},""compression"":{""VC1_atr_ratio"":{""value"":0.2892878096422512,""score"":100},""VC2_range_contraction"":{""value"":0.7213689773491814,""score"":46.43850377513644},""VC3_range_pct_rank"":{""score"":40.0},""_score"":66.25},""sr_quality"":{""SR1_touches"":{""value"":4,""score"":75.0},""SR2_tightness"":{""value"":0.17029386365926205,""score"":66.55048626826135},""SR3_recency"":{""value"":231,""score"":0.0},""SR4_price_location"":{""score"":51.88556566970107},""SR5_reaction"":{""value"":2.280954051210104,""score"":100},""_score"":60.45,""_levels_found"":6,""_target_level"":48.73},""volume"":{""V1_rvol_day"":{""value"":0.2816661245690425,""score"":0},""V2_rvol_sameslot"":{""value"":0.8613730827430889,""score"":24.09153884953926,""status"":""ok""},""V3_breakout_bar"":{""value"":1.1210043594850958,""score"":41.40029063233972},""V4_base_dryup"":{""value"":0.7785398735076785,""score"":72.14601264923215},""V5_bo_expansion"":{""value"":0.2816661245690425,""score"":0},""_score"":29.6},""readiness"":{""_distance_atr"":1.036,""BR1_atr_distance"":{""score"":30.924821699988243},""BR2_compression"":{""score"":0},""BR3_retest"":{""score"":50.0},""BR4_bo_age"":{""score"":50.0},""_score"":29.87},""risk"":{""R1_stop_clarity"":{""score"":0},""R2_stop_distance_pct"":{""value"":3.742647833877958,""score"":100.0},""R3_stop_distance_atr"":{""value"":1.743567169414252,""score"":100.0},""R4_rr_potential"":{""value"":1.7968540971371372,""score"":39.842704856856855},""_score"":52.97},""market"":{""M1_spy_regime"":{""score"":100.0},""M3_earnings_risk"":{""value"":null,""score"":80.0},""M4_vix"":{""value"":null,""score"":60.0},""_score"":84.0},""liquidity"":{""L1_price"":{""value"":47.435,""score"":100.0},""L2_dollar_vol"":{""value"":295991765.2199366,""score"":100.0},""L3_spread_proxy"":{""value"":0.019078739327500812,""score"":80.92126067249919},""L4_volume_zscore"":{""value"":-2.2267767038375923,""score"":100.0},""_score"":98.09},""pattern_structure"":{""left_low"":46.355,""left_idx"":23,""right_low"":46.97,""right_idx"":71,""separation_bars"":48,""structural_low"":46.355,""current_price"":47.48,""neckline_distance_pct"":0.021272114574557816,""base_bars"":48},""pattern_geometry_features"":{""low_similarity_pct"":0.013179748191802884,""bounce_pct"":0.04605759896451311,""right_bottom_reaction"":0.8666666666666625,""atr_pct"":0.021465464018431208},""_schema_version"":""1.0""}",,,,,,,,,,
20260513T161427Z-28c0e1,2026-05-13T16:14:27.317311+00:00,IONQ,breakout_retest_hold,setup,50.93,87.8,36.0,28.8,68.9,6.0,46.0,65.3,84.0,94.3,12.3,7.92,1.73,9.64,0.78,8.28,3.26,4.2,2.83,False,,54.49,49.0,51.6483,42.66,"{""trend"":{""T1_ema_stack"":{""value"":[true,true,false],""score"":66.66666666666666},""T2_ema50_slope"":{""value"":0.6276374302385773,""score"":100},""T3_high_proximity"":{""value"":0.9578133239585165,""score"":78.90666197925822},""T4_rs_1m"":{""value"":0.4585246364306945,""score"":100},""T5_rs_3m"":{""value"":0.5521500882521309,""score"":100},""T6_adr_healthy"":{""value"":8.536280646711871,""score"":86.59298383220322},""_score"":87.83},""geometry"":{""sub_retest_depth"":0.0,""sub_retest_timing"":80.0,""sub_retest_freshness"":100.0,""sub_hold_quality"":0.0,""_score"":36.0},""compression"":{""VC1_atr_ratio"":{""value"":0.8889369666065199,""score"":27.765758348370028},""VC2_range_contraction"":{""value"":1.2274660426245017,""score"":0},""VC3_range_pct_rank"":{""score"":70.83333333333333},""_score"":28.81},""sr_quality"":{""SR1_touches"":{""value"":4,""score"":75.0},""SR2_tightness"":{""value"":1.241726172259811,""score"":43.51122465921563},""SR3_recency"":{""value"":302,""score"":0.0},""SR4_price_location"":{""score"":99.32150562373303},""SR5_reaction"":{""value"":2.166921205996514,""score"":100},""_score"":68.86,""_levels_found"":6,""_target_level"":54.5291},""volume"":{""V1_rvol_day"":{""value"":0.35086418954430587,""score"":0},""V2_rvol_sameslot"":{""value"":0.49710274756388717,""score"":0,""status"":""ok""},""V3_breakout_bar"":{""value"":0.5665926965539307,""score"":4.439513103595383},""V4_base_dryup"":{""value"":1.2556211982361232,""score"":24.43788017638768},""V5_bo_expansion"":{""value"":0.35086418954430587,""score"":0},""_score"":6.0},""readiness"":{""_distance_atr"":-1.249,""BR1_atr_distance"":{""score"":35.02481758466004},""BR2_compression"":{""score"":29.882731632443686},""BR3_retest"":{""score"":100},""BR4_bo_age"":{""score"":30.0},""_score"":45.98},""risk"":{""R1_stop_clarity"":{""score"":76.26675288509486},""R2_stop_distance_pct"":{""value"":5.215085336759043,""score"":100.0},""R3_stop_distance_atr"":{""value"":0.6463750079205065,""score"":57.31875039602532},""R4_rr_potential"":{""value"":-4.163001020515886,""score"":0.0},""_score"":65.29},""market"":{""M1_spy_regime"":{""score"":100.0},""M3_earnings_risk"":{""value"":null,""score"":80.0},""M4_vix"":{""value"":null,""score"":60.0},""_score"":84.0},""liquidity"":{""L1_price"":{""value"":54.49,""score"":100.0},""L2_dollar_vol"":{""value"":699594329.3621135,""score"":100.0},""L3_spread_proxy"":{""value"":0.05707469260414754,""score"":42.92530739585246},""L4_volume_zscore"":{""value"":-1.3950190715415753,""score"":100.0},""_score"":94.29},""pattern_structure"":{""level"":49.0,""level_idx"":60,""breakout_idx"":66,""bo_peak_idx"":72,""bo_peak_price"":59.15,""retest_idx"":75,""retest_low"":52.17,""structural_low"":52.17,""current_price"":55.05,""neckline_distance_pct"":-0.1099000908265213,""base_bars"":19,""bars_since_breakout"":13},""pattern_geometry_features"":{""retest_depth_atr"":-1.263786175808092,""bars_breakout_to_retest"":9.0,""bars_since_retest"":4.0,""current_above_level_atr"":2.4119578434192266,""bo_peak_excess_pct"":0.2071428571428571,""atr_pct"":0.08068203864405},""_schema_version"":""1.0""}",,,,,,,,,,
20260513T161427Z-28c0e1,2026-05-13T16:14:27.317311+00:00,NNE,bull_flag,forming,50.85,68.0,54.5,53.0,46.4,5.1,36.1,83.8,84.0,81.1,9.51,16.34,4.77,4.64,0.72,3.25,2.51,5.04,4.05,False,,27.04,29.73,25.1175,37.15,"{""trend"":{""T1_ema_stack"":{""value"":[true,true,false],""score"":66.66666666666666},""T2_ema50_slope"":{""value"":0.08610214565911811,""score"":64.35035760985302},""T3_high_proximity"":{""value"":0.9301685586515307,""score"":65.08427932576532},""T4_rs_1m"":{""value"":0.08441492543220086,""score"":100},""T5_rs_3m"":{""value"":-0.03545444549392385,""score"":32.27277725303807},""T6_adr_healthy"":{""value"":8.955241837347188,""score"":76.1189540663203},""_score"":67.95},""geometry"":{""sub_pole_impulse"":65.7,""sub_flag_tightness"":30.8,""sub_flag_shallowness"":14.4,""sub_flag_drift"":94.6,""sub_flag_duration"":100.0,""_score"":54.48},""compression"":{""VC1_atr_ratio"":{""value"":0.6884256176269201,""score"":77.89359559326996},""VC2_range_contraction"":{""value"":1.046196853747947,""score"":0},""VC3_range_pct_rank"":{""score"":87.5},""_score"":53.03},""sr_quality"":{""SR1_touches"":{""value"":2,""score"":25.0},""SR2_tightness"":{""value"":0.02999999999999936,""score"":97.5794390638193},""SR3_recency"":{""value"":237,""score"":0.0},""SR4_price_location"":{""score"":37.15710723192016},""SR5_reaction"":{""value"":2.5758802629190227,""score"":100},""_score"":46.43,""_levels_found"":4,""_target_level"":28.3},""volume"":{""V1_rvol_day"":{""value"":0.30778384985057045,""score"":0},""V2_rvol_sameslot"":{""value"":0.5294789512650451,""score"":1.9652634176696715,""status"":""ok""},""V3_breakout_bar"":{""value"":0.6166463094606888,""score"":7.776420630712584},""V4_base_dryup"":{""value"":1.3614370309771584,""score"":13.856296902284157},""V5_bo_expansion"":{""value"":0.30778384985057045,""score"":0},""_score"":5.11},""readiness"":{""_distance_atr"":1.085,""BR1_atr_distance"":{""score"":27.652123129708443},""BR2_compression"":{""score"":30.204212884385278},""BR3_retest"":{""score"":50.0},""BR4_bo_age"":{""score"":50.0},""_score"":36.11},""risk"":{""R1_stop_clarity"":{""score"":69.13784806369532},""R2_stop_distance_pct"":{""value"":7.1098372781065065,""score"":100.0},""R3_stop_distance_atr"":{""value"":0.7755880666345841,""score"":63.7794033317292},""R4_rr_potential"":{""value"":5.258777633289992,""score"":100.0},""_score"":83.77},""market"":{""M1_spy_regime"":{""score"":100.0},""M3_earnings_risk"":{""value"":null,""score"":80.0},""M4_vix"":{""value"":null,""score"":60.0},""_score"":84.0},""liquidity"":{""L1_price"":{""value"":27.04,""score"":100.0},""L2_dollar_vol"":{""value"":20118917.36434944,""score"":65.18023034171082},""L3_spread_proxy"":{""value"":0.0499260355029585,""score"":50.0739644970415},""L4_volume_zscore"":{""value"":-1.3148793968135837,""score"":100.0},""_score"":81.08},""pattern_structure"":{""pole_low"":22.31,""pole_low_idx"":26,""peak_price"":29.73,""peak_idx"":50,""pole_gain"":0.33258628417749897,""flag_bars"":9,""flag_low"":25.5,""flag_high"":29.6046,""structural_low"":25.5,""current_price"":27.42,""neckline_distance_pct"":0.08424507658643321,""base_bars"":9},""pattern_geometry_features"":{""pole_gain"":0.33258628417749897,""pullback_pct"":0.14228052472250252,""flag_range_pct"":0.13806256306760853,""flag_drift_per_bar"":-0.0010720884998783697,""atr_pct"":0.0916702768385461,""pole_atr_multiple"":3.6280711223689788},""_schema_version"":""1.0""}",,,,,,,,,,
20260513T161427Z-28c0e1,2026-05-13T16:14:27.317311+00:00,UEC,cup_with_handle,breakout_confirmed,50.81,75.2,54.5,56.2,36.3,14.1,34.7,38.7,84.0,87.1,10.52,16.34,4.5,4.36,1.83,2.77,1.94,4.2,4.35,False,,15.64,14.61,12.7755,17.565,"{""trend"":{""T1_ema_stack"":{""value"":[true,true,true],""score"":100.0},""T2_ema50_slope"":{""value"":0.1361167587158465,""score"":72.68612645264108},""T3_high_proximity"":{""value"":0.9496053430479661,""score"":74.80267152398301},""T4_rs_1m"":{""value"":0.041619888096672275,""score"":91.61988809667227},""T5_rs_3m"":{""value"":-0.0854457904826722,""score"":7.277104758663896},""T6_adr_healthy"":{""value"":6.961551737746263,""score"":100.0},""_score"":75.17},""geometry"":{""sub_cup_depth"":100.0,""sub_cup_duration"":84.0,""sub_rim_symmetry"":67.3,""sub_handle_shallowness"":6.5,""sub_handle_proportion"":35.3,""sub_u_shape"":23.8,""_score"":54.46},""compression"":{""VC1_atr_ratio"":{""value"":0.5082520395337319,""score"":100},""VC2_range_contraction"":{""value"":1.0943238642707696,""score"":0},""VC3_range_pct_rank"":{""score"":65.0},""_score"":56.25},""sr_quality"":{""SR1_touches"":{""value"":2,""score"":25.0},""SR2_tightness"":{""value"":0.05749999999999922,""score"":90.45496045626487},""SR3_recency"":{""value"":296,""score"":0.0},""SR4_price_location"":{""score"":0.995201706060072},""SR5_reaction"":{""value"":3.263988522238164,""score"":100},""_score"":36.32,""_levels_found"":5,""_target_level"":20.2825},""volume"":{""V1_rvol_day"":{""value"":0.3243662992576713,""score"":0},""V2_rvol_sameslot"":{""value"":0.5897904536091563,""score"":5.986030240610418,""status"":""ok""},""V3_breakout_bar"":{""value"":0.6300381851075828,""score"":8.66921234050552},""V4_base_dryup"":{""value"":0.9653389930176287,""score"":53.46610069823713},""V5_bo_expansion"":{""value"":0.3243662992576713,""score"":0},""_score"":14.06},""readiness"":{""_distance_atr"":-0.855,""BR1_atr_distance"":{""score"":42.901929165135094},""BR2_compression"":{""score"":0},""BR3_retest"":{""score"":50.0},""BR4_bo_age"":{""score"":50.0},""_score"":34.66},""risk"":{""R1_stop_clarity"":{""score"":67.70456620463149},""R2_stop_distance_pct"":{""value"":18.315537084398972,""score"":0.0},""R3_stop_distance_atr"":{""value"":2.3775863500005925,""score"":100.0},""R4_rr_potential"":{""value"":0.6720078197273559,""score"":0.0},""_score"":38.7},""market"":{""M1_spy_regime"":{""score"":100.0},""M3_earnings_risk"":{""value"":null,""score"":80.0},""M4_vix"":{""value"":null,""score"":60.0},""_score"":84.0},""liquidity"":{""L1_price"":{""value"":15.64,""score"":100.0},""L2_dollar_vol"":{""value"":44845401.21295284,""score"":82.58589569092307},""L3_spread_proxy"":{""value"":0.05945652173913043,""score"":40.54347826086957},""L4_volume_zscore"":{""value"":-2.7572972413924193,""score"":100.0},""_score"":87.09},""pattern_structure"":{""left_rim"":14.375,""left_rim_idx"":70,""cup_bottom"":11.42,""cup_bottom_idx"":80,""right_rim"":14.61,""right_rim_idx"":154,""handle_low"":12.97,""handle_bars"":25,""cup_bars"":84,""structural_low"":12.97,""current_price"":15.64,""neckline_distance_pct"":-0.0658567774936062,""base_bars"":109},""pattern_geometry_features"":{""cup_depth_pct"":0.20556521739130434,""rim_symmetry_pct"":0.016347826086956483,""handle_depth_pct"":0.11225188227241607,""handle_to_cup_ratio"":0.2976190476190476,""cup_duration_bars"":84.0,""atr_pct"":0.07703416149068322,""u_shape_score"":0.11904761904761904},""_schema_version"":""1.0""}",,,,,,,,,,
20260513T161427Z-28c0e1,2026-05-13T16:14:27.317311+00:00,GOOG,breakout_retest_hold,setup,50.75,99.4,36.6,42.8,39.4,31.7,37.2,55.4,84.0,96.7,13.92,8.06,2.57,5.52,4.12,6.7,2.77,4.2,2.9,True,risk_unclear,393.855,384.18,375.9228,393.1,"{""trend"":{""T1_ema_stack"":{""value"":[true,true,true],""score"":100.0},""T2_ema50_slope"":{""value"":0.44524896723667123,""score"":100},""T3_high_proximity"":{""value"":0.9919531671074172,""score"":95.97658355370858},""T4_rs_1m"":{""value"":0.12616109028449318,""score"":100},""T5_rs_3m"":{""value"":0.19597885801766535,""score"":100},""T6_adr_healthy"":{""value"":2.2360087469282046,""score"":100.0},""_score"":99.4},""geometry"":{""sub_retest_depth"":55.4,""sub_retest_timing"":0.0,""sub_retest_freshness"":100.0,""sub_hold_quality"":0.0,""_score"":36.62},""compression"":{""VC1_atr_ratio"":{""value"":0.609074593819456,""score"":97.73135154513601},""VC2_range_contraction"":{""value"":1.0929028484072385,""score"":0},""VC3_range_pct_rank"":{""score"":15.000000000000002},""_score"":42.84},""sr_quality"":{""SR1_touches"":{""value"":2,""score"":25.0},""SR2_tightness"":{""value"":0.6074999999999875,""score"":88.75334721809008},""SR3_recency"":{""value"":241,""score"":0.0},""SR4_price_location"":{""score"":30.0},""SR5_reaction"":{""value"":1.4817303051340551,""score"":74.08651525670275},""_score"":39.43,""_levels_found"":5,""_target_level"":340.5925},""volume"":{""V1_rvol_day"":{""value"":0.3669233518223385,""score"":0},""V2_rvol_sameslot"":{""value"":1.0234060100240912,""score"":34.89373400160608,""status"":""ok""},""V3_breakout_bar"":{""value"":1.1924778413538177,""score"":46.16518942358785},""V4_base_dryup"":{""value"":0.8417109696435285,""score"":65.82890303564714},""V5_bo_expansion"":{""value"":0.3669233518223385,""score"":0},""_score"":31.69},""readiness"":{""_distance_atr"":-0.896,""BR1_atr_distance"":{""score"":42.088654831564675},""BR2_compression"":{""score"":0},""BR3_retest"":{""score"":79.35799530563003},""BR4_bo_age"":{""score"":30.0},""_score"":37.21},""risk"":{""R1_stop_clarity"":{""score"":29.70240338523631},""R2_stop_distance_pct"":{""value"":4.552996603407376,""score"":100.0},""R3_stop_distance_atr"":{""value"":1.6598953353829842,""score"":100.0},""R4_rr_potential"":{""value"":-0.0421032996221068,""score"":0.0},""_score"":55.4},""market"":{""M1_spy_regime"":{""score"":100.0},""M3_earnings_risk"":{""value"":null,""score"":80.0},""M4_vix"":{""value"":null,""score"":60.0},""_score"":84.0},""liquidity"":{""L1_price"":{""value"":393.855005,""score"":100.0},""L2_dollar_vol"":{""value"":2617830394.859071,""score"":100.0},""L3_spread_proxy"":{""value"":0.0330578508199992,""score"":66.9421491800008},""L4_volume_zscore"":{""value"":-1.4939601917340715,""score"":100.0},""_score"":96.69},""pattern_structure"":{""level"":384.18,""level_idx"":36,""breakout_idx"":43,""bo_peak_idx"":60,""bo_peak_price"":398.0,""retest_idx"":75,""retest_low"":379.72,""structural_low"":379.72,""current_price"":393.97,""neckline_distance_pct"":-0.024849607838160315,""base_bars"":43,""bars_since_breakout"":36},""pattern_geometry_features"":{""retest_depth_atr"":1.3125091963929065,""bars_breakout_to_retest"":32.0,""bars_since_retest"":4.0,""current_above_level_atr"":2.881045971454404,""bo_peak_excess_pct"":0.03597272112030817,""atr_pct"":0.027429419833611815},""_schema_version"":""1.0""}",,,,,,,,,,
20260513T161427Z-28c0e1,2026-05-13T16:14:27.317311+00:00,AMD,base_on_base,breakout_confirmed,50.38,97.8,54.8,6.2,39.7,9.1,17.5,28.3,84.0,94.0,17.61,13.69,0.62,3.97,1.09,1.4,1.42,5.88,4.7,False,,445.4399,221.33,185.3967,236.58,"{""trend"":{""T1_ema_stack"":{""value"":[true,true,true],""score"":100.0},""T2_ema50_slope"":{""value"":0.9277170424867814,""score"":100},""T3_high_proximity"":{""value"":0.9709015017764119,""score"":85.45075088820592},""T4_rs_1m"":{""value"":0.681098810261469,""score"":100},""T5_rs_3m"":{""value"":1.016494480819201,""score"":100},""T6_adr_healthy"":{""value"":5.446719529708108,""score"":100.0},""_score"":97.82},""geometry"":{""sub_shallower_second"":0,""sub_second_base_depth"":100.0,""sub_rim_advance"":100,""sub_dry_up"":49.8,""sub_second_base_duration"":32.0,""_score"":54.76},""compression"":{""VC1_atr_ratio"":{""value"":1.2918731876170075,""score"":0},""VC2_range_contraction"":{""value"":1.3373012622902039,""score"":0},""VC3_range_pct_rank"":{""score"":25.0},""_score"":6.25},""sr_quality"":{""SR1_touches"":{""value"":2,""score"":25.0},""SR2_tightness"":{""value"":3.2150999999999783,""score"":78.18985813915529},""SR3_recency"":{""value"":295,""score"":0.0},""SR4_price_location"":{""score"":30.0},""SR5_reaction"":{""value"":1.7335606505141283,""score"":86.67803252570641},""_score"":39.73,""_levels_found"":3,""_target_level"":263.7449},""volume"":{""V1_rvol_day"":{""value"":0.3150400817315784,""score"":0},""V2_rvol_sameslot"":{""value"":0.6382818181476029,""score"":9.218787876506857,""status"":""ok""},""V3_breakout_bar"":{""value"":0.8413720323348545,""score"":22.7581354889903},""V4_base_dryup"":{""value"":1.421064574952121,""score"":7.893542504787916},""V5_bo_expansion"":{""value"":0.3150400817315784,""score"":0},""_score"":9.11},""readiness"":{""_distance_atr"":-7.601,""BR1_atr_distance"":{""score"":0},""BR2_compression"":{""score"":0},""BR3_retest"":{""score"":50.0},""BR4_bo_age"":{""score"":50.0},""_score"":17.5},""risk"":{""R1_stop_clarity"":{""score"":80.84769571219462},""R2_stop_distance_pct"":{""value"":58.378964255335006,""score"":0.0},""R3_stop_distance_atr"":{""value"":8.820221893483957,""score"":0.0},""R4_rr_potential"":{""value"":-0.8031738572667926,""score"":0.0},""_score"":28.3},""market"":{""M1_spy_regime"":{""score"":100.0},""M3_earnings_risk"":{""value"":null,""score"":80.0},""M4_vix"":{""value"":null,""score"":60.0},""_score"":84.0},""liquidity"":{""L1_price"":{""value"":445.4399,""score"":100.0},""L2_dollar_vol"":{""value"":6745368944.35652,""score"":100.0},""L3_spread_proxy"":{""value"":0.060277491980399646,""score"":39.722508019600355},""L4_volume_zscore"":{""value"":-1.981194219099925,""score"":100.0},""_score"":93.97},""pattern_structure"":{""first_base_low"":149.85,""first_base_top"":165.1,""first_base_bars"":10,""second_base_low"":188.22,""second_base_top"":221.33,""second_base_bars"":77,""structural_low"":188.22,""stacking_overlap_pct"":-0.14003634161114478,""current_price"":445.4399,""neckline_distance_pct"":-0.5031203985094286,""base_bars"":77},""pattern_geometry_features"":{""first_base_depth_pct"":0.09236826165960024,""second_base_depth_pct"":0.14959562644015728,""second_dry_up_ratio"":0.7507574070998804,""rim_advance_pct"":0.3405814657783163,""atr_pct"":0.06618763672880289},""_schema_version"":""1.0""}",,,,,,,,,,
20260513T161427Z-28c0e1,2026-05-13T16:14:27.317311+00:00,BA,breakout_retest_hold,breakout_confirmed,50.37,74.5,50.0,50.9,42.7,25.9,37.4,54.2,84.0,96.7,10.43,11.0,3.05,5.98,3.37,6.72,2.71,4.2,2.9,True,risk_unclear,240.47,232.08,228.7989,234.02,"{""trend"":{""T1_ema_stack"":{""value"":[true,true,true],""score"":100.0},""T2_ema50_slope"":{""value"":0.15119131246927126,""score"":75.19855207821188},""T3_high_proximity"":{""value"":0.9853712506146534,""score"":92.68562530732666},""T4_rs_1m"":{""value"":0.009385262139078199,""score"":59.3852621390782},""T5_rs_3m"":{""value"":-0.05127423766297179,""score"":24.362881168514107},""T6_adr_healthy"":{""value"":2.8311421074680356,""score"":100.0},""_score"":74.47},""geometry"":{""sub_retest_depth"":100.0,""sub_retest_timing"":0.0,""sub_retest_freshness"":100.0,""sub_hold_quality"":0.0,""_score"":50.0},""compression"":{""VC1_atr_ratio"":{""value"":0.4675571306445664,""score"":100},""VC2_range_contraction"":{""value"":0.9068217818004276,""score"":15.529703033262066},""VC3_range_pct_rank"":{""score"":21.666666666666668},""_score"":50.85},""sr_quality"":{""SR1_touches"":{""value"":2,""score"":25.0},""SR2_tightness"":{""value"":0.4749999999999943,""score"":84.84503190519617},""SR3_recency"":{""value"":236,""score"":0.0},""SR4_price_location"":{""score"":30.0},""SR5_reaction"":{""value"":2.0985642661804897,""score"":100},""_score"":42.73,""_levels_found"":4,""_target_level"":235.975},""volume"":{""V1_rvol_day"":{""value"":0.46049520175726966,""score"":0},""V2_rvol_sameslot"":{""value"":0.8699725237737312,""score"":24.664834918248747,""status"":""ok""},""V3_breakout_bar"":{""value"":1.0556896579294432,""score"":37.04597719529622},""V4_base_dryup"":{""value"":0.9133548338913149,""score"":58.66451661086851},""V5_bo_expansion"":{""value"":0.4604952017572697,""score"":0},""_score"":25.93},""readiness"":{""_distance_atr"":-1.338,""BR1_atr_distance"":{""score"":33.2315405651778},""BR2_compression"":{""score"":4.471028169964364},""BR3_retest"":{""score"":92.2629899726527},""BR4_bo_age"":{""score"":30.0},""_score"":37.36},""risk"":{""R1_stop_clarity"":{""score"":26.263901549680625},""R2_stop_distance_pct"":{""value"":4.85345365326236,""score"":100.0},""R3_stop_distance_atr"":{""value"":1.8618436645396526,""score"":100.0},""R4_rr_potential"":{""value"":-0.5526471369451029,""score"":0.0},""_score"":54.19},""market"":{""M1_spy_regime"":{""score"":100.0},""M3_earnings_risk"":{""value"":null,""score"":80.0},""M4_vix"":{""value"":null,""score"":60.0},""_score"":84.0},""liquidity"":{""L1_price"":{""value"":240.47,""score"":100.0},""L2_dollar_vol"":{""value"":715704394.3627603,""score"":100.0},""L3_spread_proxy"":{""value"":0.0327275751653013,""score"":67.2724248346987},""L4_volume_zscore"":{""value"":-1.2414678710313218,""score"":100.0},""_score"":96.73},""pattern_structure"":{""level"":232.08,""level_idx"":48,""breakout_idx"":55,""bo_peak_idx"":68,""bo_peak_price"":241.21,""retest_idx"":73,""retest_low"":231.11,""structural_low"":231.11,""current_price"":240.9,""neckline_distance_pct"":-0.036612702366126994,""base_bars"":31,""bars_since_breakout"":24},""pattern_geometry_features"":{""retest_depth_atr"":0.3785935722728993,""bars_breakout_to_retest"":18.0,""bars_since_retest"":6.0,""current_above_level_atr"":3.442469389120591,""bo_peak_excess_pct"":0.039339882799034796,""atr_pct"":0.026067997790042124},""_schema_version"":""1.0""}",,,,,,,,,,
20260513T161427Z-28c0e1,2026-05-13T16:14:27.317311+00:00,BA,cup_with_handle,setup,50.23,74.5,44.2,50.9,42.7,23.9,37.5,43.7,84.0,96.7,10.43,13.27,4.07,5.13,3.11,3.0,2.19,4.2,4.84,True,risk_unclear,240.47,236.45,217.7244,285.24,"{""trend"":{""T1_ema_stack"":{""value"":[true,true,true],""score"":100.0},""T2_ema50_slope"":{""value"":0.15119131246927126,""score"":75.19855207821188},""T3_high_proximity"":{""value"":0.9853712506146534,""score"":92.68562530732666},""T4_rs_1m"":{""value"":0.009385262139078199,""score"":59.3852621390782},""T5_rs_3m"":{""value"":-0.05127423766297179,""score"":24.362881168514107},""T6_adr_healthy"":{""value"":2.8311421074680356,""score"":100.0},""_score"":74.47},""geometry"":{""sub_cup_depth"":100.0,""sub_cup_duration"":0.0,""sub_rim_symmetry"":3.4,""sub_handle_shallowness"":45.7,""sub_handle_proportion"":100.0,""sub_u_shape"":29.5,""_score"":44.24},""compression"":{""VC1_atr_ratio"":{""value"":0.4675571306445664,""score"":100},""VC2_range_contraction"":{""value"":0.9068217818004276,""score"":15.529703033262066},""VC3_range_pct_rank"":{""score"":21.666666666666668},""_score"":50.85},""sr_quality"":{""SR1_touches"":{""value"":2,""score"":25.0},""SR2_tightness"":{""value"":0.4749999999999943,""score"":84.84503190519617},""SR3_recency"":{""value"":236,""score"":0.0},""SR4_price_location"":{""score"":30.0},""SR5_reaction"":{""value"":2.0985642661804897,""score"":100},""_score"":42.73,""_levels_found"":4,""_target_level"":235.975},""volume"":{""V1_rvol_day"":{""value"":0.46049520175726966,""score"":0},""V2_rvol_sameslot"":{""value"":0.8699725237737312,""score"":24.664834918248747,""status"":""ok""},""V3_breakout_bar"":{""value"":1.0556896579294432,""score"":37.04597719529622},""V4_base_dryup"":{""value"":1.012602477574432,""score"":48.7397522425568},""V5_bo_expansion"":{""value"":0.4604952017572697,""score"":0},""_score"":23.94},""readiness"":{""_distance_atr"":-0.641,""BR1_atr_distance"":{""score"":47.17411121239742},""BR2_compression"":{""score"":4.471028169964364},""BR3_retest"":{""score"":50.0},""BR4_bo_age"":{""score"":50.0},""_score"":37.49},""risk"":{""R1_stop_clarity"":{""score"":0},""R2_stop_distance_pct"":{""value"":9.458809830748116,""score"":63.5297542312971},""R3_stop_distance_atr"":{""value"":3.628514129443937,""score"":100.0},""R4_rr_potential"":{""value"":1.968292768711312,""score"":48.41463843556561},""_score"":43.74},""market"":{""M1_spy_regime"":{""score"":100.0},""M3_earnings_risk"":{""value"":null,""score"":80.0},""M4_vix"":{""value"":null,""score"":60.0},""_score"":84.0},""liquidity"":{""L1_price"":{""value"":240.47,""score"":100.0},""L2_dollar_vol"":{""value"":715704394.3627603,""score"":100.0},""L3_spread_proxy"":{""value"":0.0327275751653013,""score"":67.2724248346987},""L4_volume_zscore"":{""value"":-1.2414678710313218,""score"":100.0},""_score"":96.73},""pattern_structure"":{""left_rim"":225.56,""left_rim_idx"":44,""cup_bottom"":176.77,""cup_bottom_idx"":62,""right_rim"":236.45,""right_rim_idx"":166,""handle_low"":221.04,""handle_bars"":13,""cup_bars"":122,""structural_low"":221.04,""current_price"":240.47,""neckline_distance_pct"":-0.01671726202852751,""base_bars"":135},""pattern_geometry_features"":{""cup_depth_pct"":0.2163060826387657,""rim_symmetry_pct"":0.048279836850505346,""handle_depth_pct"":0.06517234087544935,""handle_to_cup_ratio"":0.10655737704918032,""cup_duration_bars"":122.0,""atr_pct"":0.026067997790042124,""u_shape_score"":0.14754098360655737},""_schema_version"":""1.0""}",,,,,,,,,,
20260513T161427Z-28c0e1,2026-05-13T16:14:27.317311+00:00,ANET,double_bottom,forming,50.2,45.9,53.2,50.5,41.3,19.9,42.9,71.1,84.0,97.2,6.89,13.3,4.04,5.78,2.59,3.43,4.26,5.04,4.86,False,,143.38,149.44,133.103,163.75,"{""trend"":{""T1_ema_stack"":{""value"":[false,true,true],""score"":66.66666666666666},""T2_ema50_slope"":{""value"":0.5201073716910711,""score"":100},""T3_high_proximity"":{""value"":0.8067293085016598,""score"":3.3646542508298793},""T4_rs_1m"":{""value"":-0.13643752774703677,""score"":0},""T5_rs_3m"":{""value"":-0.049756179868917005,""score"":25.1219100655415},""T6_adr_healthy"":{""value"":4.298761214959145,""score"":100.0},""_score"":45.94},""geometry"":{""sub_low_similarity"":20.9,""sub_bounce_quality"":100,""sub_separation_fit"":100.0,""sub_right_bottom_reaction"":39.6,""sub_base_context"":30.0,""_score"":53.21},""compression"":{""VC1_atr_ratio"":{""value"":0.6972808239458258,""score"":75.67979401354354},""VC2_range_contraction"":{""value"":1.3372254360765254,""score"":0},""VC3_range_pct_rank"":{""score"":80.83333333333333},""_score"":50.48},""sr_quality"":{""SR1_touches"":{""value"":2,""score"":25.0},""SR2_tightness"":{""value"":1.5150000000000006,""score"":64.92620612675184},""SR3_recency"":{""value"":284,""score"":0.0},""SR4_price_location"":{""score"":36.286043829296354},""SR5_reaction"":{""value"":2.6085410723882747,""score"":100},""_score"":41.31,""_levels_found"":5,""_target_level"":150.285},""volume"":{""V1_rvol_day"":{""value"":0.57730489383499,""score"":5.1536595889993295},""V2_rvol_sameslot"":{""value"":1.4036515392879345,""score"":60.24343595252897,""status"":""ok""},""V3_breakout_bar"":{""value"":0.9092603280004417,""score"":27.28402186669611},""V4_base_dryup"":{""value"":1.6902998982739228,""score"":0},""V5_bo_expansion"":{""value"":0.5773048938349898,""score"":0},""_score"":19.9},""readiness"":{""_distance_atr"":0.701,""BR1_atr_distance"":{""score"":53.23494150233578},""BR2_compression"":{""score"":16.306584102607786},""BR3_retest"":{""score"":50.0},""BR4_bo_age"":{""score"":50.0},""_score"":42.87},""risk"":{""R1_stop_clarity"":{""score"":53.074041919880976},""R2_stop_distance_pct"":{""value"":7.167631468824104,""score"":100.0},""R3_stop_distance_atr"":{""value"":1.1896093265533914,""score"":84.48046632766957},""R4_rr_potential"":{""value"":1.9821055858012353,""score"":49.105279290061766},""_score"":71.07},""market"":{""M1_spy_regime"":{""score"":100.0},""M3_earnings_risk"":{""value"":null,""score"":80.0},""M4_vix"":{""value"":null,""score"":60.0},""_score"":84.0},""liquidity"":{""L1_price"":{""value"":143.38,""score"":100.0},""L2_dollar_vol"":{""value"":924830607.5736977,""score"":100.0},""L3_spread_proxy"":{""value"":0.02782814897475247,""score"":72.17185102524753},""L4_volume_zscore"":{""value"":-0.6413226890706372,""score"":100.0},""_score"":97.22},""pattern_structure"":{""left_low"":140.58,""left_idx"":52,""right_low"":135.13,""right_idx"":70,""separation_bars"":18,""structural_low"":135.13,""current_price"":145.335,""neckline_distance_pct"":0.0282450889324663,""base_bars"":18},""pattern_geometry_features"":{""low_similarity_pct"":0.03953429327917026,""bounce_pct"":0.10589802412491676,""right_bottom_reaction"":0.39610185476265247,""atr_pct"":0.06025197776139333},""_schema_version"":""1.0""}",,,,,,,,,,
20260513T161427Z-28c0e1,2026-05-13T16:14:27.317311+00:00,KLAC,breakout_retest_hold,setup,50.1,76.5,50.0,59.2,45.6,12.5,40.4,63.7,84.0,72.5,10.72,11.0,3.55,6.39,1.62,7.27,3.18,4.2,2.17,False,,1829.13,1767.1925,1725.57,1815.5775,"{""trend"":{""T1_ema_stack"":{""value"":[true,true,true],""score"":100.0},""T2_ema50_slope"":{""value"":0.4239902369626909,""score"":100},""T3_high_proximity"":{""value"":0.9452868217054264,""score"":72.6434108527132},""T4_rs_1m"":{""value"":-0.04674735233144167,""score"":3.2526476685583248},""T5_rs_3m"":{""value"":0.1672227338573118,""score"":100},""T6_adr_healthy"":{""value"":3.545285375521175,""score"":100.0},""_score"":76.55},""geometry"":{""sub_retest_depth"":100.0,""sub_retest_timing"":0.0,""sub_retest_freshness"":100.0,""sub_hold_quality"":0.0,""_score"":50.0},""compression"":{""VC1_atr_ratio"":{""value"":0.5776273824812704,""score"":100},""VC2_range_contraction"":{""value"":1.2865969264419732,""score"":0},""VC3_range_pct_rank"":{""score"":76.66666666666666},""_score"":59.17},""sr_quality"":{""SR1_touches"":{""value"":3,""score"":50.0},""SR2_tightness"":{""value"":19.994086742501274,""score"":54.102846687271644},""SR3_recency"":{""value"":232,""score"":0.0},""SR4_price_location"":{""score"":30.0},""SR5_reaction"":{""value"":2.7923631330846774,""score"":100},""_score"":45.62,""_levels_found"":6,""_target_level"":1673.287},""volume"":{""V1_rvol_day"":{""value"":0.27401067232553206,""score"":0},""V2_rvol_sameslot"":{""value"":0.4930447703681458,""score"":0,""status"":""ok""},""V3_breakout_bar"":{""value"":0.5020610970275441,""score"":0.1374064685029393},""V4_base_dryup"":{""value"":0.8766281212999264,""score"":62.33718787000736},""V5_bo_expansion"":{""value"":0.27401067232553206,""score"":0},""_score"":12.5},""readiness"":{""_distance_atr"":-0.711,""BR1_atr_distance"":{""score"":45.78202160509642},""BR2_compression"":{""score"":1.3164565555297547},""BR3_retest"":{""score"":86.11630908905322},""BR4_bo_age"":{""score"":30.0},""_score"":40.37},""risk"":{""R1_stop_clarity"":{""score"":59.98880106184939},""R2_stop_distance_pct"":{""value"":5.661708025126709,""score"":100.0},""R3_stop_distance_atr"":{""value"":1.188628732654868,""score"":84.4314366327434},""R4_rr_potential"":{""value"":-0.130866164542292,""score"":0.0},""_score"":63.66},""market"":{""M1_spy_regime"":{""score"":100.0},""M3_earnings_risk"":{""value"":null,""score"":80.0},""M4_vix"":{""value"":null,""score"":60.0},""_score"":84.0},""liquidity"":{""L1_price"":{""value"":1829.13,""score"":0.0},""L2_dollar_vol"":{""value"":506747018.90817827,""score"":100.0},""L3_spread_proxy"":{""value"":0.02520597223816788,""score"":74.79402776183213},""L4_volume_zscore"":{""value"":-2.083733320381272,""score"":100.0},""_score"":72.48},""pattern_structure"":{""level"":1767.1925,""level_idx"":44,""breakout_idx"":49,""bo_peak_idx"":67,""bo_peak_price"":1897.49,""retest_idx"":75,""retest_low"":1743.0,""structural_low"":1743.0,""current_price"":1817.98,""neckline_distance_pct"":-0.02793622592107719,""base_bars"":35,""bars_since_breakout"":30},""pattern_geometry_features"":{""retest_depth_atr"":0.9663658573856593,""bars_breakout_to_retest"":26.0,""bars_since_retest"":4.0,""current_above_level_atr"":2.0286992242213024,""bo_peak_excess_pct"":0.07373135637458844,""atr_pct"":0.04763226623742278},""_schema_version"":""1.0""}",,,,,,,,,,
20260513T161427Z-28c0e1,2026-05-13T16:14:27.317311+00:00,BA,ascending_triangle,absent,50.08,74.5,34.6,50.9,42.7,25.4,55.5,45.0,84.0,96.7,11.17,9.69,4.07,5.98,3.05,4.44,1.8,5.04,4.84,True,risk_unclear,240.47,241.21,225.0429,253.95,"{""trend"":{""T1_ema_stack"":{""value"":[true,true,true],""score"":100.0},""T2_ema50_slope"":{""value"":0.15119131246927126,""score"":75.19855207821188},""T3_high_proximity"":{""value"":0.9853712506146534,""score"":92.68562530732666},""T4_rs_1m"":{""value"":0.009385262139078199,""score"":59.3852621390782},""T5_rs_3m"":{""value"":-0.05127423766297179,""score"":24.362881168514107},""T6_adr_healthy"":{""value"":2.8311421074680356,""score"":100.0},""_score"":74.47},""geometry"":{""sub_flat_top_quality"":33.3,""sub_hl_slope"":32.1,""sub_compression"":0,""sub_duration"":100.0,""_score"":34.62},""compression"":{""VC1_atr_ratio"":{""value"":0.4675571306445664,""score"":100},""VC2_range_contraction"":{""value"":0.9068217818004276,""score"":15.529703033262066},""VC3_range_pct_rank"":{""score"":21.666666666666668},""_score"":50.85},""sr_quality"":{""SR1_touches"":{""value"":2,""score"":25.0},""SR2_tightness"":{""value"":0.4749999999999943,""score"":84.84503190519617},""SR3_recency"":{""value"":236,""score"":0.0},""SR4_price_location"":{""score"":30.0},""SR5_reaction"":{""value"":2.0985642661804897,""score"":100},""_score"":42.73,""_levels_found"":4,""_target_level"":235.975},""volume"":{""V1_rvol_day"":{""value"":0.46049520175726966,""score"":0},""V2_rvol_sameslot"":{""value"":0.8699725237737312,""score"":24.664834918248747,""status"":""ok""},""V3_breakout_bar"":{""value"":1.0556896579294432,""score"":37.04597719529622},""V4_base_dryup"":{""value"":0.9403975551443233,""score"":55.96024448556767},""V5_bo_expansion"":{""value"":0.4604952017572697,""score"":0},""_score"":25.39},""readiness"":{""_distance_atr"":0.118,""BR1_atr_distance"":{""score"":92.13005165603151},""BR2_compression"":{""score"":4.471028169964364},""BR3_retest"":{""score"":50.0},""BR4_bo_age"":{""score"":50.0},""_score"":55.47},""risk"":{""R1_stop_clarity"":{""score"":0},""R2_stop_distance_pct"":{""value"":6.415374059134199,""score"":100.0},""R3_stop_distance_atr"":{""value"":2.4610152689152245,""score"":100.0},""R4_rr_potential"":{""value"":0.8737898690935734,""score"":0.0},""_score"":45.0},""market"":{""M1_spy_regime"":{""score"":100.0},""M3_earnings_risk"":{""value"":null,""score"":80.0},""M4_vix"":{""value"":null,""score"":60.0},""_score"":84.0},""liquidity"":{""L1_price"":{""value"":240.47,""score"":100.0},""L2_dollar_vol"":{""value"":715704394.3627603,""score"":100.0},""L3_spread_proxy"":{""value"":0.0327275751653013,""score"":67.2724248346987},""L4_volume_zscore"":{""value"":-1.2414678710313218,""score"":100.0},""_score"":96.73},""pattern_structure"":{""top"":241.21,""top_touches"":2,""low_slope_per_bar"":0.2197468684759923,""lowest_low"":228.47,""structural_low"":228.47,""current_price"":240.9,""neckline_distance_pct"":0.0012868410128684196,""base_bars"":52},""pattern_geometry_features"":{""top_touches"":2.0,""low_slope"":0.2197468684759923,""compression"":-0.03496932942772646,""atr_pct"":0.026067997790042124},""_schema_version"":""1.0""}",,,,,,,,,,
20260513T161427Z-28c0e1,2026-05-13T16:14:27.317311+00:00,HON,ascending_triangle,forming,50.02,22.6,55.2,62.9,61.3,19.0,41.5,49.8,84.0,98.4,3.38,15.47,5.03,8.59,2.28,3.32,1.99,5.04,4.92,True,risk_unclear,217.52,221.035,209.5637,229.315,"{""trend"":{""T1_ema_stack"":{""value"":[false,false,true],""score"":33.33333333333333},""T2_ema50_slope"":{""value"":-0.19647590579407637,""score"":17.254015700987267},""T3_high_proximity"":{""value"":0.8769553297855185,""score"":38.47766489275922},""T4_rs_1m"":{""value"":-0.13264332643997656,""score"":0},""T5_rs_3m"":{""value"":-0.17284307418566747,""score"":0},""T6_adr_healthy"":{""value"":2.2948946648011934,""score"":100.0},""_score"":22.56},""geometry"":{""sub_flat_top_quality"":66.7,""sub_hl_slope"":36.7,""sub_compression"":36.9,""sub_duration"":100.0,""_score"":55.25},""compression"":{""VC1_atr_ratio"":{""value"":0.5022914498874392,""score"":100},""VC2_range_contraction"":{""value"":0.8795920139504809,""score"":20.067997674919845},""VC3_range_pct_rank"":{""score"":63.33333333333333},""_score"":62.86},""sr_quality"":{""SR1_touches"":{""value"":4,""score"":75.0},""SR2_tightness"":{""value"":1.3000630398176845,""score"":43.96694038172188},""SR3_recency"":{""value"":249,""score"":0.0},""SR4_price_location"":{""score"":68.95170908533629},""SR5_reaction"":{""value"":2.2995499101051644,""score"":100},""_score"":61.33,""_levels_found"":7,""_target_level"":221.707},""volume"":{""V1_rvol_day"":{""value"":0.20104103503581405,""score"":0},""V2_rvol_sameslot"":{""value"":0.6815584860531978,""score"":12.103899070213187,""status"":""ok""},""V3_breakout_bar"":{""value"":0.8436223670120114,""score"":22.908157800800762},""V4_base_dryup"":{""value"":0.9585791339529941,""score"":54.14208660470059},""V5_bo_expansion"":{""value"":0.20104103503581405,""score"":0},""_score"":18.98},""readiness"":{""_distance_atr"":0.757,""BR1_atr_distance"":{""score"":49.500857900483766},""BR2_compression"":{""score"":16.77418219674126},""BR3_retest"":{""score"":50.0},""BR4_bo_age"":{""score"":50.0},""_score"":41.49},""risk"":{""R1_stop_clarity"":{""score"":0},""R2_stop_distance_pct"":{""value"":3.657744115483643,""score"":100.0},""R3_stop_distance_atr"":{""value"":1.7145985210452466,""score"":100.0},""R4_rr_potential"":{""value"":1.4824683506518344,""score"":24.123417532591716},""_score"":49.82},""market"":{""M1_spy_regime"":{""score"":100.0},""M3_earnings_risk"":{""value"":null,""score"":80.0},""M4_vix"":{""value"":null,""score"":60.0},""_score"":84.0},""liquidity"":{""L1_price"":{""value"":217.52,""score"":100.0},""L2_dollar_vol"":{""value"":168660330.1060209,""score"":100.0},""L3_spread_proxy"":{""value"":0.01595255608679661,""score"":84.04744391320338},""L4_volume_zscore"":{""value"":-2.2802924123437815,""score"":100.0},""_score"":98.4},""pattern_structure"":{""top"":221.035,""top_touches"":3,""low_slope_per_bar"":0.23447411003236232,""lowest_low"":212.755,""structural_low"":212.755,""current_price"":216.449,""neckline_distance_pct"":0.02118743907340752,""base_bars"":30},""pattern_geometry_features"":{""top_touches"":3.0,""low_slope"":0.23447411003236232,""compression"":0.18458466005819485,""atr_pct"":0.02133294803761888},""_schema_version"":""1.0""}",,,,,,,,,,
20260513T161427Z-28c0e1,2026-05-13T16:14:27.317311+00:00,UEC,vcp,absent,49.99,75.2,42.3,56.2,36.3,17.1,50.0,38.4,84.0,87.1,11.28,10.57,6.75,4.36,2.23,3.5,1.92,5.04,4.35,False,,15.64,15.98,13.1694,17.79,"{""trend"":{""T1_ema_stack"":{""value"":[true,true,true],""score"":100.0},""T2_ema50_slope"":{""value"":0.1361167587158465,""score"":72.68612645264108},""T3_high_proximity"":{""value"":0.9496053430479661,""score"":74.80267152398301},""T4_rs_1m"":{""value"":0.041619888096672275,""score"":91.61988809667227},""T5_rs_3m"":{""value"":-0.0854457904826722,""score"":7.277104758663896},""T6_adr_healthy"":{""value"":6.961551737746263,""score"":100.0},""_score"":75.17},""geometry"":{""sub_contraction_count"":100.0,""sub_reduction_rate"":1.4,""sub_pivot_tightness"":0,""sub_volume_dryup"":0,""sub_base_depth"":69.2,""sub_base_duration"":100.0,""_score"":42.27},""compression"":{""VC1_atr_ratio"":{""value"":0.5082520395337319,""score"":100},""VC2_range_contraction"":{""value"":1.0943238642707696,""score"":0},""VC3_range_pct_rank"":{""score"":65.0},""_score"":56.25},""sr_quality"":{""SR1_touches"":{""value"":2,""score"":25.0},""SR2_tightness"":{""value"":0.05749999999999922,""score"":90.45496045626487},""SR3_recency"":{""value"":296,""score"":0.0},""SR4_price_location"":{""score"":0.995201706060072},""SR5_reaction"":{""value"":3.263988522238164,""score"":100},""_score"":36.32,""_levels_found"":5,""_target_level"":20.2825},""volume"":{""V1_rvol_day"":{""value"":0.3243662992576713,""score"":0},""V2_rvol_sameslot"":{""value"":0.5897904536091563,""score"":5.986030240610418,""status"":""ok""},""V3_breakout_bar"":{""value"":0.6300381851075828,""score"":8.66921234050552},""V4_base_dryup"":{""value"":0.8122234449607838,""score"":68.77765550392162},""V5_bo_expansion"":{""value"":0.3243662992576713,""score"":0},""_score"":17.12},""readiness"":{""_distance_atr"":0.282,""BR1_atr_distance"":{""score"":81.18658872539139},""BR2_compression"":{""score"":0},""BR3_retest"":{""score"":50.0},""BR4_bo_age"":{""score"":50.0},""_score"":49.97},""risk"":{""R1_stop_clarity"":{""score"":66.70856207832864},""R2_stop_distance_pct"":{""value"":15.796355498721235,""score"":0.0},""R3_stop_distance_atr"":{""value"":2.0505649951978384,""score"":100.0},""R4_rr_potential"":{""value"":0.8702515634170519,""score"":0.0},""_score"":38.35},""market"":{""M1_spy_regime"":{""score"":100.0},""M3_earnings_risk"":{""value"":null,""score"":80.0},""M4_vix"":{""value"":null,""score"":60.0},""_score"":84.0},""liquidity"":{""L1_price"":{""value"":15.64,""score"":100.0},""L2_dollar_vol"":{""value"":44845401.21295284,""score"":82.58589569092307},""L3_spread_proxy"":{""value"":0.05945652173913043,""score"":40.54347826086957},""L4_volume_zscore"":{""value"":-2.7572972413924193,""score"":100.0},""_score"":87.09},""pattern_structure"":{""n_contractions"":5,""contractions_pct"":[21.74,11.56,12.83,11.23,16.33],""descending_strict"":false,""final_low"":13.37,""final_pivot"":15.98,""structural_low"":13.37,""dry_up_ratio"":1.0208725000998442,""current_price"":15.64,""neckline_distance_pct"":0.021739130434782598,""base_bars"":35},""pattern_geometry_features"":{""contraction_count"":5.0,""first_contraction_pct"":0.21739130434782603,""last_contraction_pct"":0.16332916145181484,""dry_up_ratio"":1.0208725000998442,""near_monotone"":0.0,""base_depth_pct"":0.119235836627141},""_schema_version"":""1.0""}",,,,,,,,,,
20260513T161427Z-28c0e1,2026-05-13T16:14:27.317311+00:00,ASML,double_bottom,forming,49.96,69.0,56.8,31.4,41.2,20.9,41.4,40.5,84.0,72.1,10.35,14.21,2.51,5.77,2.72,3.31,2.43,5.04,3.61,True,risk_unclear,1555.31,1595.31,1392.79,1776.62,"{""trend"":{""T1_ema_stack"":{""value"":[true,true,true],""score"":100.0},""T2_ema50_slope"":{""value"":0.1610363774657774,""score"":76.83939624429624},""T3_high_proximity"":{""value"":0.9769412444567279,""score"":88.47062222836394},""T4_rs_1m"":{""value"":-0.040868991730791615,""score"":9.131008269208387},""T5_rs_3m"":{""value"":0.014270508767011636,""score"":57.13525438350582},""T6_adr_healthy"":{""value"":3.0971561394538476,""score"":100.0},""_score"":69.03},""geometry"":{""sub_low_similarity"":15.5,""sub_bounce_quality"":100,""sub_separation_fit"":0.0,""sub_right_bottom_reaction"":81.3,""sub_base_context"":100.0,""_score"":56.84},""compression"":{""VC1_atr_ratio"":{""value"":0.7988421927312,""score"":50.28945181719998},""VC2_range_contraction"":{""value"":1.0815955986358683,""score"":0},""VC3_range_pct_rank"":{""score"":44.99999999999999},""_score"":31.37},""sr_quality"":{""SR1_touches"":{""value"":2,""score"":25.0},""SR2_tightness"":{""value"":7.6200000000000045,""score"":74.643619012532},""SR3_recency"":{""value"":244,""score"":0.0},""SR4_price_location"":{""score"":30.0},""SR5_reaction"":{""value"":2.858998508518085,""score"":100},""_score"":41.2,""_levels_found"":4,""_target_level"":1539.6},""volume"":{""V1_rvol_day"":{""value"":0.46872836140885854,""score"":0},""V2_rvol_sameslot"":{""value"":0.6976226090822089,""score"":13.17484060548059,""status"":""ok""},""V3_breakout_bar"":{""value"":0.900818948562404,""score"":26.7212632374936},""V4_base_dryup"":{""value"":0.918383793901748,""score"":58.161620609825206},""V5_bo_expansion"":{""value"":0.4687283614088585,""score"":0},""_score"":20.95},""readiness"":{""_distance_atr"":0.666,""BR1_atr_distance"":{""score"":55.631879287020155},""BR2_compression"":{""score"":6.569844460662722},""BR3_retest"":{""score"":50.0},""BR4_bo_age"":{""score"":50.0},""_score"":41.4},""risk"":{""R1_stop_clarity"":{""score"":29.421411975827183},""R2_stop_distance_pct"":{""value"":10.449363792427233,""score"":38.76590518931917},""R3_stop_distance_atr"":{""value"":2.7040151168525566,""score"":100.0},""R4_rr_potential"":{""value"":1.3617400935269504,""score"":18.08700467634752},""_score"":40.54},""market"":{""M1_spy_regime"":{""score"":100.0},""M3_earnings_risk"":{""value"":null,""score"":80.0},""M4_vix"":{""value"":null,""score"":60.0},""_score"":84.0},""liquidity"":{""L1_price"":{""value"":1555.31,""score"":0.0},""L2_dollar_vol"":{""value"":1246505105.261781,""score"":100.0},""L3_spread_proxy"":{""value"":0.028881637744243977,""score"":71.11836225575603},""L4_volume_zscore"":{""value"":-1.6768989361011082,""score"":100.0},""_score"":72.11},""pattern_structure"":{""left_low"":1414.0,""left_idx"":30,""right_low"":1475.0,""right_idx"":75,""separation_bars"":45,""structural_low"":1414.0,""current_price"":1547.77,""neckline_distance_pct"":0.030715157936902746,""base_bars"":45},""pattern_geometry_features"":{""low_similarity_pct"":0.04222914503288335,""bounce_pct"":0.12822489391796318,""right_bottom_reaction"":0.8131796433231809,""atr_pct"":0.03864388082486083},""_schema_version"":""1.0""}",,,,,,,,,,
20260513T161427Z-28c0e1,2026-05-13T16:14:27.317311+00:00,ARM,vcp,absent,49.9,93.3,35.0,29.9,53.6,25.4,29.2,40.6,84.0,94.5,14.0,8.75,3.59,6.43,3.3,2.04,2.03,5.04,4.72,False,,216.1799,237.68,191.0014,174.17,"{""trend"":{""T1_ema_stack"":{""value"":[true,true,true],""score"":100.0},""T2_ema50_slope"":{""value"":0.9530451805430896,""score"":100},""T3_high_proximity"":{""value"":0.9109983143699958,""score"":55.49915718499787},""T4_rs_1m"":{""value"":0.27565507389203137,""score"":100},""T5_rs_3m"":{""value"":0.6564803252068625,""score"":100},""T6_adr_healthy"":{""value"":6.45253028253117,""score"":100.0},""_score"":93.32},""geometry"":{""sub_contraction_count"":100.0,""sub_reduction_rate"":0,""sub_pivot_tightness"":0,""sub_volume_dryup"":0,""sub_base_depth"":0.0,""sub_base_duration"":100.0,""_score"":35.0},""compression"":{""VC1_atr_ratio"":{""value"":0.7801143618437474,""score"":54.97140953906315},""VC2_range_contraction"":{""value"":1.174680712492378,""score"":0},""VC3_range_pct_rank"":{""score"":31.666666666666664},""_score"":29.91},""sr_quality"":{""SR1_touches"":{""value"":2,""score"":25.0},""SR2_tightness"":{""value"":0.9099999999999966,""score"":89.6684496835659},""SR3_recency"":{""value"":228,""score"":0.0},""SR4_price_location"":{""score"":70.53628714173021},""SR5_reaction"":{""value"":2.3382228435929795,""score"":100},""_score"":53.58,""_levels_found"":5,""_target_level"":238.59},""volume"":{""V1_rvol_day"":{""value"":0.4146368453889079,""score"":0},""V2_rvol_sameslot"":{""value"":0.9955753476126646,""score"":33.038356507510976,""status"":""ok""},""V3_breakout_bar"":{""value"":1.519564429635849,""score"":67.97096197572327},""V4_base_dryup"":{""value"":1.4119404794634343,""score"":8.805952053656569},""V5_bo_expansion"":{""value"":0.41463684538890794,""score"":0},""_score"":25.36},""readiness"":{""_distance_atr"":1.22,""BR1_atr_distance"":{""score"":18.6339322496829},""BR2_compression"":{""score"":16.880680494390177},""BR3_retest"":{""score"":50.0},""BR4_bo_age"":{""score"":50.0},""_score"":29.17},""risk"":{""R1_stop_clarity"":{""score"":66.97707271659769},""R2_stop_distance_pct"":{""value"":11.647035640223722,""score"":8.824108994406954},""R3_stop_distance_atr"":{""value"":1.4293047045046856,""score"":96.46523522523428},""R4_rr_potential"":{""value"":-1.6684797178550785,""score"":0.0},""_score"":40.56},""market"":{""M1_spy_regime"":{""score"":100.0},""M3_earnings_risk"":{""value"":null,""score"":80.0},""M4_vix"":{""value"":null,""score"":60.0},""_score"":84.0},""liquidity"":{""L1_price"":{""value"":216.1799,""score"":100.0},""L2_dollar_vol"":{""value"":991178111.5263568,""score"":100.0},""L3_spread_proxy"":{""value"":0.05518551909775149,""score"":44.81448090224851},""L4_volume_zscore"":{""value"":-1.032001132335348,""score"":100.0},""_score"":94.48},""pattern_structure"":{""n_contractions"":5,""contractions_pct"":[6.51,17.12,18.41,13.13,18.42],""descending_strict"":false,""final_low"":193.91,""final_pivot"":237.68,""structural_low"":193.91,""dry_up_ratio"":1.2843614953637021,""current_price"":216.1799,""neckline_distance_pct"":0.09945466715453195,""base_bars"":49},""pattern_geometry_features"":{""contraction_count"":5.0,""first_contraction_pct"":0.06510736196319025,""last_contraction_pct"":0.18415516661056888,""dry_up_ratio"":1.2843614953637021,""near_monotone"":0.0,""base_depth_pct"":-0.48703987730061343},""_schema_version"":""1.0""}",,,,,,,,,,
20260513T161427Z-28c0e1,2026-05-13T16:14:27.317311+00:00,NXE,vcp,absent,49.86,52.5,46.1,53.1,58.8,19.4,17.5,79.4,84.0,85.4,7.88,11.52,6.37,7.05,2.53,1.23,3.97,5.04,4.27,False,,12.24,13.31,11.4457,15.13,"{""trend"":{""T1_ema_stack"":{""value"":[false,true,true],""score"":66.66666666666666},""T2_ema50_slope"":{""value"":0.1608032008807984,""score"":76.80053348013307},""T3_high_proximity"":{""value"":0.9203007518796992,""score"":60.15037593984957},""T4_rs_1m"":{""value"":-0.038399300929484736,""score"":11.600699070515262},""T5_rs_3m"":{""value"":-0.044825806798032275,""score"":27.587096600983863},""T6_adr_healthy"":{""value"":4.983723128385313,""score"":100.0},""_score"":52.51},""geometry"":{""sub_contraction_count"":100.0,""sub_reduction_rate"":10.2,""sub_pivot_tightness"":0,""sub_volume_dryup"":0,""sub_base_depth"":85.4,""sub_base_duration"":100.0,""_score"":46.09},""compression"":{""VC1_atr_ratio"":{""value"":0.5127501632394786,""score"":100},""VC2_range_contraction"":{""value"":1.0385776350561415,""score"":0},""VC3_range_pct_rank"":{""score"":52.5},""_score"":53.12},""sr_quality"":{""SR1_touches"":{""value"":5,""score"":100},""SR2_tightness"":{""value"":0.1538180743605902,""score"":53.95603884907339},""SR3_recency"":{""value"":227,""score"":0.0},""SR4_price_location"":{""score"":22.659256092347242},""SR5_reaction"":{""value"":2.3385967350516887,""score"":100},""_score"":58.76,""_levels_found"":5,""_target_level"":13.245},""volume"":{""V1_rvol_day"":{""value"":0.44801207647855634,""score"":0},""V2_rvol_sameslot"":{""value"":0.5508506208964103,""score"":3.390041393094023,""status"":""ok""},""V3_breakout_bar"":{""value"":0.5152346587837765,""score"":1.0156439189184332},""V4_base_dryup"":{""value"":0.5746641303880736,""score"":92.53358696119264},""V5_bo_expansion"":{""value"":0.44801207647855634,""score"":0},""_score"":19.44},""readiness"":{""_distance_atr"":1.601,""BR1_atr_distance"":{""score"":0},""BR2_compression"":{""score"":0},""BR3_retest"":{""score"":50.0},""BR4_bo_age"":{""score"":50.0},""_score"":17.5},""risk"":{""R1_stop_clarity"":{""score"":47.82497140230263},""R2_stop_distance_pct"":{""value"":6.489379084967332,""score"":100.0},""R3_stop_distance_atr"":{""value"":1.1888303274569985,""score"":84.44151637284992},""R4_rr_potential"":{""value"":3.6384237693566597,""score"":100.0},""_score"":79.4},""market"":{""M1_spy_regime"":{""score"":100.0},""M3_earnings_risk"":{""value"":null,""score"":80.0},""M4_vix"":{""value"":null,""score"":60.0},""_score"":84.0},""liquidity"":{""L1_price"":{""value"":12.24,""score"":100.0},""L2_dollar_vol"":{""value"":32485677.91215696,""score"":75.58459670334865},""L3_spread_proxy"":{""value"":0.048611111111111015,""score"":51.388888888888985},""L4_volume_zscore"":{""value"":-2.0411613987311905,""score"":100.0},""_score"":85.37},""pattern_structure"":{""n_contractions"":5,""contractions_pct"":[19.71,12.24,9.66,8.35,12.7],""descending_strict"":false,""final_low"":11.62,""final_pivot"":13.31,""structural_low"":11.62,""dry_up_ratio"":1.1709278242890087,""current_price"":12.24,""neckline_distance_pct"":0.0874183006535948,""base_bars"":35},""pattern_geometry_features"":{""contraction_count"":5.0,""first_contraction_pct"":0.1970833333333333,""last_contraction_pct"":0.12697220135236673,""dry_up_ratio"":1.1709278242890087,""near_monotone"":0.0,""base_depth_pct"":0.13541666666666669},""_schema_version"":""1.0""}",,,,,,,,,,
20260513T161427Z-28c0e1,2026-05-13T16:14:27.317311+00:00,LRCX,vcp,setup,49.77,90.9,35.9,54.0,41.8,15.5,31.5,31.2,84.0,97.0,13.63,8.97,6.48,5.02,2.02,2.21,1.56,5.04,4.85,False,,292.85,275.84,237.976,290.92,"{""trend"":{""T1_ema_stack"":{""value"":[true,true,true],""score"":100.0},""T2_ema50_slope"":{""value"":0.38963102223368173,""score"":100},""T3_high_proximity"":{""value"":0.9854628663727832,""score"":92.7314331863916},""T4_rs_1m"":{""value"":0.00978901765563256,""score"":59.78901765563256},""T5_rs_3m"":{""value"":0.1764406060797148,""score"":100},""T6_adr_healthy"":{""value"":3.8503135433535167,""score"":100.0},""_score"":90.87},""geometry"":{""sub_contraction_count"":100.0,""sub_reduction_rate"":0,""sub_pivot_tightness"":0,""sub_volume_dryup"":0,""sub_base_depth"":8.8,""sub_base_duration"":100.0,""_score"":35.88},""compression"":{""VC1_atr_ratio"":{""value"":0.650230735984452,""score"":87.44231600388699},""VC2_range_contraction"":{""value"":0.9991924967620466,""score"":0.134583872992237},""VC3_range_pct_rank"":{""score"":75.83333333333333},""_score"":53.98},""sr_quality"":{""SR1_touches"":{""value"":2,""score"":25.0},""SR2_tightness"":{""value"":1.1699999999999875,""score"":82.82208588957074},""SR3_recency"":{""value"":236,""score"":0.0},""SR4_price_location"":{""score"":30.0},""SR5_reaction"":{""value"":1.9182004089979539,""score"":95.91002044989769},""_score"":41.81,""_levels_found"":8,""_target_level"":274.67},""volume"":{""V1_rvol_day"":{""value"":0.23475894456041288,""score"":0},""V2_rvol_sameslot"":{""value"":0.47913369771167713,""score"":0,""status"":""ok""},""V3_breakout_bar"":{""value"":0.6075119471765017,""score"":7.167463145100113},""V4_base_dryup"":{""value"":0.8146053989392763,""score"":68.53946010607237},""V5_bo_expansion"":{""value"":0.23475894456041288,""score"":0},""_score"":15.5},""readiness"":{""_distance_atr"":-1.249,""BR1_atr_distance"":{""score"":35.02595563945251},""BR2_compression"":{""score"":0},""BR3_retest"":{""score"":50.0},""BR4_bo_age"":{""score"":50.0},""_score"":31.51},""risk"":{""R1_stop_clarity"":{""score"":46.7925121912853},""R2_stop_distance_pct"":{""value"":18.737920437083837,""score"":0.0},""R3_stop_distance_atr"":{""value"":4.028294268785066,""score"":98.5852865607467},""R4_rr_potential"":{""value"":-0.0351714837628032,""score"":0.0},""_score"":31.17},""market"":{""M1_spy_regime"":{""score"":100.0},""M3_earnings_risk"":{""value"":null,""score"":80.0},""M4_vix"":{""value"":null,""score"":60.0},""_score"":84.0},""liquidity"":{""L1_price"":{""value"":292.85,""score"":100.0},""L2_dollar_vol"":{""value"":633917813.7706628,""score"":100.0},""L3_spread_proxy"":{""value"":0.029810483182516705,""score"":70.1895168174833},""L4_volume_zscore"":{""value"":-2.5940157173774807,""score"":100.0},""_score"":97.02},""pattern_structure"":{""n_contractions"":5,""contractions_pct"":[24.39,2.99,17.72,6.59,12.41],""descending_strict"":false,""final_low"":241.6,""final_pivot"":275.84,""structural_low"":241.6,""dry_up_ratio"":1.0098619780677662,""current_price"":292.85,""neckline_distance_pct"":-0.05808434352057383,""base_bars"":44},""pattern_geometry_features"":{""contraction_count"":5.0,""first_contraction_pct"":0.24388343462677262,""last_contraction_pct"":0.1241299303944315,""dry_up_ratio"":1.0098619780677662,""near_monotone"":0.0,""base_depth_pct"":0.05875019479507563},""_schema_version"":""1.0""}",,,,,,,,,,
20260513T161427Z-28c0e1,2026-05-13T16:14:27.317311+00:00,NXE,ascending_triangle,absent,49.63,52.5,46.0,53.1,58.8,14.9,27.8,76.9,84.0,85.4,7.88,12.89,4.25,8.23,1.79,2.22,3.08,5.04,4.27,False,,12.24,12.985,11.6427,14.15,"{""trend"":{""T1_ema_stack"":{""value"":[false,true,true],""score"":66.66666666666666},""T2_ema50_slope"":{""value"":0.1608032008807984,""score"":76.80053348013307},""T3_high_proximity"":{""value"":0.9203007518796992,""score"":60.15037593984957},""T4_rs_1m"":{""value"":-0.038399300929484736,""score"":11.600699070515262},""T5_rs_3m"":{""value"":-0.044825806798032275,""score"":27.587096600983863},""T6_adr_healthy"":{""value"":4.983723128385313,""score"":100.0},""_score"":52.51},""geometry"":{""sub_flat_top_quality"":100,""sub_hl_slope"":3.4,""sub_compression"":0,""sub_duration"":100.0,""_score"":46.02},""compression"":{""VC1_atr_ratio"":{""value"":0.5127501632394786,""score"":100},""VC2_range_contraction"":{""value"":1.0385776350561415,""score"":0},""VC3_range_pct_rank"":{""score"":52.5},""_score"":53.12},""sr_quality"":{""SR1_touches"":{""value"":5,""score"":100},""SR2_tightness"":{""value"":0.1538180743605902,""score"":53.95603884907339},""SR3_recency"":{""value"":227,""score"":0.0},""SR4_price_location"":{""score"":22.659256092347242},""SR5_reaction"":{""value"":2.3385967350516887,""score"":100},""_score"":58.76,""_levels_found"":5,""_target_level"":13.245},""volume"":{""V1_rvol_day"":{""value"":0.44801207647855634,""score"":0},""V2_rvol_sameslot"":{""value"":0.5508506208964103,""score"":3.390041393094023,""status"":""ok""},""V3_breakout_bar"":{""value"":0.5152346587837765,""score"":1.0156439189184332},""V4_base_dryup"":{""value"":0.8024813987001713,""score"":69.75186012998287},""V5_bo_expansion"":{""value"":0.44801207647855634,""score"":0},""_score"":14.88},""readiness"":{""_distance_atr"":1.115,""BR1_atr_distance"":{""score"":25.66380511515706},""BR2_compression"":{""score"":0},""BR3_retest"":{""score"":50.0},""BR4_bo_age"":{""score"":50.0},""_score"":27.77},""risk"":{""R1_stop_clarity"":{""score"":46.926950256042744},""R2_stop_distance_pct"":{""value"":4.879901960784318,""score"":100.0},""R3_stop_distance_atr"":{""value"":0.8939800511016801,""score"":69.69900255508401},""R4_rr_potential"":{""value"":3.1977230872258438,""score"":100.0},""_score"":76.88},""market"":{""M1_spy_regime"":{""score"":100.0},""M3_earnings_risk"":{""value"":null,""score"":80.0},""M4_vix"":{""value"":null,""score"":60.0},""_score"":84.0},""liquidity"":{""L1_price"":{""value"":12.24,""score"":100.0},""L2_dollar_vol"":{""value"":32485677.91215696,""score"":75.58459670334865},""L3_spread_proxy"":{""value"":0.048611111111111015,""score"":51.388888888888985},""L4_volume_zscore"":{""value"":-2.0411613987311905,""score"":100.0},""_score"":85.37},""pattern_structure"":{""top"":12.985,""top_touches"":4,""low_slope_per_bar"":0.0012022471910112479,""lowest_low"":11.82,""structural_low"":11.82,""current_price"":12.115,""neckline_distance_pct"":0.07181180354931896,""base_bars"":52},""pattern_geometry_features"":{""top_touches"":4.0,""low_slope"":0.0012022471910112479,""compression"":-0.10877960460905634,""atr_pct"":0.05458625116713354},""_schema_version"":""1.0""}",,,,,,,,,,
20260513T161427Z-28c0e1,2026-05-13T16:14:27.317311+00:00,UEC,bull_flag,absent,49.61,75.2,44.9,56.2,36.3,16.0,31.2,82.5,84.0,87.1,10.52,13.48,5.06,3.63,2.24,2.81,2.48,5.04,4.35,False,,15.64,16.8281,14.5681,19.5262,"{""trend"":{""T1_ema_stack"":{""value"":[true,true,true],""score"":100.0},""T2_ema50_slope"":{""value"":0.1361167587158465,""score"":72.68612645264108},""T3_high_proximity"":{""value"":0.9496053430479661,""score"":74.80267152398301},""T4_rs_1m"":{""value"":0.041619888096672275,""score"":91.61988809667227},""T5_rs_3m"":{""value"":-0.0854457904826722,""score"":7.277104758663896},""T6_adr_healthy"":{""value"":6.961551737746263,""score"":100.0},""_score"":75.17},""geometry"":{""sub_pole_impulse"":37.0,""sub_flag_tightness"":35.3,""sub_flag_shallowness"":0,""sub_flag_drift"":100,""sub_flag_duration"":100.0,""_score"":44.92},""compression"":{""VC1_atr_ratio"":{""value"":0.5082520395337319,""score"":100},""VC2_range_contraction"":{""value"":1.0943238642707696,""score"":0},""VC3_range_pct_rank"":{""score"":65.0},""_score"":56.25},""sr_quality"":{""SR1_touches"":{""value"":2,""score"":25.0},""SR2_tightness"":{""value"":0.05749999999999922,""score"":90.45496045626487},""SR3_recency"":{""value"":296,""score"":0.0},""SR4_price_location"":{""score"":0.995201706060072},""SR5_reaction"":{""value"":3.263988522238164,""score"":100},""_score"":36.32,""_levels_found"":5,""_target_level"":20.2825},""volume"":{""V1_rvol_day"":{""value"":0.3243662992576713,""score"":0},""V2_rvol_sameslot"":{""value"":0.5897904536091563,""score"":5.986030240610418,""status"":""ok""},""V3_breakout_bar"":{""value"":0.6300381851075828,""score"":8.66921234050552},""V4_base_dryup"":{""value"":0.8688369641960744,""score"":63.11630358039256},""V5_bo_expansion"":{""value"":0.3243662992576713,""score"":0},""_score"":15.99},""readiness"":{""_distance_atr"":0.986,""BR1_atr_distance"":{""score"":34.258194307757435},""BR2_compression"":{""score"":0},""BR3_retest"":{""score"":50.0},""BR4_bo_age"":{""score"":50.0},""_score"":31.2},""risk"":{""R1_stop_clarity"":{""score"":63.17274742995366},""R2_stop_distance_pct"":{""value"":6.853260869565226,""score"":100.0},""R3_stop_distance_atr"":{""value"":0.889639185648056,""score"":69.4819592824028},""R4_rr_potential"":{""value"":3.625693893735122,""score"":100.0},""_score"":82.53},""market"":{""M1_spy_regime"":{""score"":100.0},""M3_earnings_risk"":{""value"":null,""score"":80.0},""M4_vix"":{""value"":null,""score"":60.0},""_score"":84.0},""liquidity"":{""L1_price"":{""value"":15.64,""score"":100.0},""L2_dollar_vol"":{""value"":44845401.21295284,""score"":82.58589569092307},""L3_spread_proxy"":{""value"":0.05945652173913043,""score"":40.54347826086957},""L4_volume_zscore"":{""value"":-2.7572972413924193,""score"":100.0},""_score"":87.09},""pattern_structure"":{""pole_low"":14.13,""pole_low_idx"":27,""peak_price"":16.8281,""peak_idx"":51,""pole_gain"":0.19094833687190363,""flag_bars"":8,""flag_low"":14.79,""flag_high"":16.0383,""structural_low"":14.79,""current_price"":15.8,""neckline_distance_pct"":0.06506962025316446,""base_bars"":8},""pattern_geometry_features"":{""pole_gain"":0.19094833687190363,""pullback_pct"":0.12111290044627737,""flag_range_pct"":0.07417949738829699,""flag_drift_per_bar"":0.005393535262206111,""atr_pct"":0.07703416149068322,""pole_atr_multiple"":2.478748819703809},""_schema_version"":""1.0""}",,,,,,,,,,
20260513T161427Z-28c0e1,2026-05-13T16:14:27.317311+00:00,UUUU,vcp,absent,49.49,52.2,45.0,61.0,44.8,16.5,25.9,82.6,84.0,91.9,7.83,11.25,7.32,5.37,2.14,1.81,4.13,5.04,4.59,False,,20.38,23.13,19.1681,27.5896,"{""trend"":{""T1_ema_stack"":{""value"":[false,true,true],""score"":66.66666666666666},""T2_ema50_slope"":{""value"":0.3052843385946827,""score"":100},""T3_high_proximity"":{""value"":0.8664965986394557,""score"":33.248299319727835},""T4_rs_1m"":{""value"":-0.022256197469365135,""score"":27.743802530634866},""T5_rs_3m"":{""value"":-0.16170267203870203,""score"":0},""T6_adr_healthy"":{""value"":7.9722522944903025,""score"":100.0},""_score"":52.2},""geometry"":{""sub_contraction_count"":100.0,""sub_reduction_rate"":0,""sub_pivot_tightness"":0,""sub_volume_dryup"":0,""sub_base_depth"":100.0,""sub_base_duration"":100.0,""_score"":45.0},""compression"":{""VC1_atr_ratio"":{""value"":0.5267200641292104,""score"":100},""VC2_range_contraction"":{""value"":1.1617658758289653,""score"":0},""VC3_range_pct_rank"":{""score"":84.16666666666667},""_score"":61.04},""sr_quality"":{""SR1_touches"":{""value"":3,""score"":50.0},""SR2_tightness"":{""value"":0.32484531703566244,""score"":64.8331140722983},""SR3_recency"":{""value"":237,""score"":0.0},""SR4_price_location"":{""score"":20.083757276593246},""SR5_reaction"":{""value"":2.1627648921486364,""score"":100},""_score"":44.75,""_levels_found"":5,""_target_level"":23.5532},""volume"":{""V1_rvol_day"":{""value"":0.3199871471293813,""score"":0},""V2_rvol_sameslot"":{""value"":0.46684168790921793,""score"":0,""status"":""ok""},""V3_breakout_bar"":{""value"":0.6291668190960295,""score"":8.61112127306863},""V4_base_dryup"":{""value"":0.7835433350888232,""score"":71.64566649111768},""V5_bo_expansion"":{""value"":0.3199871471293813,""score"":0},""_score"":16.48},""readiness"":{""_distance_atr"":1.489,""BR1_atr_distance"":{""score"":0.7641163044556976},""BR2_compression"":{""score"":32.23169581048146},""BR3_retest"":{""score"":50.0},""BR4_bo_age"":{""score"":50.0},""_score"":25.86},""risk"":{""R1_stop_clarity"":{""score"":68.39968605374956},""R2_stop_distance_pct"":{""value"":5.946516192345437,""score"":100.0},""R3_stop_distance_atr"":{""value"":0.6559852770034371,""score"":57.799263850171855},""R4_rr_potential"":{""value"":5.949005693539069,""score"":100.0},""_score"":82.61},""market"":{""M1_spy_regime"":{""score"":100.0},""M3_earnings_risk"":{""value"":null,""score"":80.0},""M4_vix"":{""value"":null,""score"":60.0},""_score"":84.0},""liquidity"":{""L1_price"":{""value"":20.38,""score"":100.0},""L2_dollar_vol"":{""value"":70575812.0831977,""score"":92.43279420366304},""L3_spread_proxy"":{""value"":0.05103042198233558,""score"":48.96957801766442},""L4_volume_zscore"":{""value"":-1.9598245821756357,""score"":100.0},""_score"":91.87},""pattern_structure"":{""n_contractions"":5,""contractions_pct"":[19.59,22.24,17.83,9.85,15.87],""descending_strict"":false,""final_low"":19.46,""final_pivot"":23.13,""structural_low"":19.46,""dry_up_ratio"":1.1314746341476247,""current_price"":20.38,""neckline_distance_pct"":0.1349362119725221,""base_bars"":53},""pattern_geometry_features"":{""contraction_count"":5.0,""first_contraction_pct"":0.19593973143363594,""last_contraction_pct"":0.15866839602248156,""dry_up_ratio"":1.1314746341476247,""near_monotone"":0.0,""base_depth_pct"":0.1864412448368701},""_schema_version"":""1.0""}",,,,,,,,,,
20260513T161427Z-28c0e1,2026-05-13T16:14:27.317311+00:00,MSFT,double_bottom,absent,49.44,43.2,40.1,66.2,59.7,26.1,26.7,62.8,84.0,99.0,6.48,10.02,5.3,8.36,3.4,2.14,3.77,5.04,4.95,True,risk_unclear,404.8875,427.98,392.0399,457.95,"{""trend"":{""T1_ema_stack"":{""value"":[false,true,false],""score"":33.33333333333333},""T2_ema50_slope"":{""value"":0.13001742469878902,""score"":71.6695707831315},""T3_high_proximity"":{""value"":0.9352478517970987,""score"":67.62392589854932},""T4_rs_1m"":{""value"":-0.03528513082596163,""score"":14.71486917403837},""T5_rs_3m"":{""value"":-0.06781382069598796,""score"":16.09308965200602},""T6_adr_healthy"":{""value"":2.1655741989117248,""score"":100.0},""_score"":43.17},""geometry"":{""sub_low_similarity"":57.1,""sub_bounce_quality"":64.7,""sub_separation_fit"":0.0,""sub_right_bottom_reaction"":26.8,""sub_base_context"":30.0,""_score"":40.09},""compression"":{""VC1_atr_ratio"":{""value"":0.407982015842609,""score"":100},""VC2_range_contraction"":{""value"":0.9438727728201637,""score"":9.354537863306053},""VC3_range_pct_rank"":{""score"":91.66666666666666},""_score"":66.19},""sr_quality"":{""SR1_touches"":{""value"":4,""score"":75.0},""SR2_tightness"":{""value"":3.13617318588674,""score"":41.17676862217785},""SR3_recency"":{""value"":228,""score"":0.0},""SR4_price_location"":{""score"":69.41650660833736},""SR5_reaction"":{""value"":1.8238203916598463,""score"":91.19101958299231},""_score"":59.71,""_levels_found"":7,""_target_level"":409.265},""volume"":{""V1_rvol_day"":{""value"":0.31209558303309,""score"":0},""V2_rvol_sameslot"":{""value"":0.8048261729678681,""score"":20.32174486452454,""status"":""ok""},""V3_breakout_bar"":{""value"":1.0743104402609278,""score"":38.287362684061854},""V4_base_dryup"":{""value"":0.8753462523332954,""score"":62.46537476667046},""V5_bo_expansion"":{""value"":0.31209558303309004,""score"":0},""_score"":26.13},""readiness"":{""_distance_atr"":2.166,""BR1_atr_distance"":{""score"":0},""BR2_compression"":{""score"":36.825227482680226},""BR3_retest"":{""score"":50.0},""BR4_bo_age"":{""score"":50.0},""_score"":26.71},""risk"":{""R1_stop_clarity"":{""score"":0},""R2_stop_distance_pct"":{""value"":3.1731406872279306,""score"":100.0},""R3_stop_distance_atr"":{""value"":1.204876522782962,""score"":85.2438261391481},""R4_rr_potential"":{""value"":4.130132748012291,""score"":100.0},""_score"":62.79},""market"":{""M1_spy_regime"":{""score"":100.0},""M3_earnings_risk"":{""value"":null,""score"":80.0},""M4_vix"":{""value"":null,""score"":60.0},""_score"":84.0},""liquidity"":{""L1_price"":{""value"":404.8875,""score"":100.0},""L2_dollar_vol"":{""value"":4317404085.448517,""score"":100.0},""L3_spread_proxy"":{""value"":0.010225062517366042,""score"":89.77493748263396},""L4_volume_zscore"":{""value"":-2.046695686302965,""score"":100.0},""_score"":98.98},""pattern_structure"":{""left_low"":398.01,""left_idx"":27,""right_low"":406.64,""right_idx"":72,""separation_bars"":45,""structural_low"":398.01,""current_price"":403.29,""neckline_distance_pct"":0.06122145354459569,""base_bars"":45},""pattern_geometry_features"":{""low_similarity_pct"":0.021450320014913305,""bounce_pct"":0.07529961558754812,""right_bottom_reaction"":0.26750564334086147,""atr_pct"":0.02633581638638599},""_schema_version"":""1.0""}",,,,,,,,,,
20260513T161427Z-28c0e1,2026-05-13T16:14:27.317311+00:00,NNE,vcp,absent,49.38,68.0,45.0,53.0,46.4,9.6,51.2,41.6,84.0,81.1,10.19,11.25,6.36,5.57,1.25,3.58,2.08,5.04,4.05,False,,27.04,28.33,21.4434,33.11,"{""trend"":{""T1_ema_stack"":{""value"":[true,true,false],""score"":66.66666666666666},""T2_ema50_slope"":{""value"":0.08610214565911811,""score"":64.35035760985302},""T3_high_proximity"":{""value"":0.9301685586515307,""score"":65.08427932576532},""T4_rs_1m"":{""value"":0.08441492543220086,""score"":100},""T5_rs_3m"":{""value"":-0.03545444549392385,""score"":32.27277725303807},""T6_adr_healthy"":{""value"":8.955241837347188,""score"":76.1189540663203},""_score"":67.95},""geometry"":{""sub_contraction_count"":100.0,""sub_reduction_rate"":0,""sub_pivot_tightness"":0,""sub_volume_dryup"":0,""sub_base_depth"":100.0,""sub_base_duration"":100.0,""_score"":45.0},""compression"":{""VC1_atr_ratio"":{""value"":0.6884256176269201,""score"":77.89359559326996},""VC2_range_contraction"":{""value"":1.046196853747947,""score"":0},""VC3_range_pct_rank"":{""score"":87.5},""_score"":53.03},""sr_quality"":{""SR1_touches"":{""value"":2,""score"":25.0},""SR2_tightness"":{""value"":0.02999999999999936,""score"":97.5794390638193},""SR3_recency"":{""value"":237,""score"":0.0},""SR4_price_location"":{""score"":37.15710723192016},""SR5_reaction"":{""value"":2.5758802629190227,""score"":100},""_score"":46.43,""_levels_found"":4,""_target_level"":28.3},""volume"":{""V1_rvol_day"":{""value"":0.30778384985057045,""score"":0},""V2_rvol_sameslot"":{""value"":0.5294789512650451,""score"":1.9652634176696715,""status"":""ok""},""V3_breakout_bar"":{""value"":0.6166463094606888,""score"":7.776420630712584},""V4_base_dryup"":{""value"":1.1363475664555684,""score"":36.36524335444315},""V5_bo_expansion"":{""value"":0.30778384985057045,""score"":0},""_score"":9.61},""readiness"":{""_distance_atr"":0.52,""BR1_atr_distance"":{""score"":65.30529324807583},""BR2_compression"":{""score"":30.204212884385278},""BR3_retest"":{""score"":50.0},""BR4_bo_age"":{""score"":50.0},""_score"":51.17},""risk"":{""R1_stop_clarity"":{""score"":73.65219420967237},""R2_stop_distance_pct"":{""value"":20.69730029585799,""score"":0.0},""R3_stop_distance_atr"":{""value"":2.2577983845637366,""score"":100.0},""R4_rr_potential"":{""value"":1.0845967605042393,""score"":4.229838025211963},""_score"":41.62},""market"":{""M1_spy_regime"":{""score"":100.0},""M3_earnings_risk"":{""value"":null,""score"":80.0},""M4_vix"":{""value"":null,""score"":60.0},""_score"":84.0},""liquidity"":{""L1_price"":{""value"":27.04,""score"":100.0},""L2_dollar_vol"":{""value"":20118917.36434944,""score"":65.18023034171082},""L3_spread_proxy"":{""value"":0.0499260355029585,""score"":50.0739644970415},""L4_volume_zscore"":{""value"":-1.3148793968135837,""score"":100.0},""_score"":81.08},""pattern_structure"":{""n_contractions"":5,""contractions_pct"":[11.11,21.97,16.31,12.0,23.16],""descending_strict"":false,""final_low"":21.77,""final_pivot"":28.33,""structural_low"":21.77,""dry_up_ratio"":1.2424437633028407,""current_price"":27.04,""neckline_distance_pct"":0.04770710059171595,""base_bars"":49},""pattern_geometry_features"":{""contraction_count"":5.0,""first_contraction_pct"":0.11111111111111108,""last_contraction_pct"":0.2315566537239675,""dry_up_ratio"":1.2424437633028407,""near_monotone"":0.0,""base_depth_pct"":0.18003766478342753},""_schema_version"":""1.0""}",,,,,,,,,,
20260513T161427Z-28c0e1,2026-05-13T16:14:27.317311+00:00,AMAT,bull_flag,absent,49.2,91.2,34.6,35.3,57.5,17.4,29.6,72.9,84.0,96.3,12.76,10.38,3.18,5.75,2.44,2.66,2.19,5.04,4.82,False,,428.71,448.45,410.3116,490.89,"{""trend"":{""T1_ema_stack"":{""value"":[true,true,true],""score"":100.0},""T2_ema50_slope"":{""value"":0.3514879645620654,""score"":100},""T3_high_proximity"":{""value"":0.9663901537351787,""score"":83.19507686758931},""T4_rs_1m"":{""value"":0.01834114984978119,""score"":68.34114984978119},""T5_rs_3m"":{""value"":0.19226336028678181,""score"":100},""T6_adr_healthy"":{""value"":3.3227287323233363,""score"":100.0},""_score"":91.15},""geometry"":{""sub_pole_impulse"":34.5,""sub_flag_tightness"":0,""sub_flag_shallowness"":0,""sub_flag_drift"":94.9,""sub_flag_duration"":100.0,""_score"":34.59},""compression"":{""VC1_atr_ratio"":{""value"":0.7549893884545082,""score"":61.252652886372935},""VC2_range_contraction"":{""value"":1.2370947451527776,""score"":0},""VC3_range_pct_rank"":{""score"":43.333333333333336},""_score"":35.33},""sr_quality"":{""SR1_touches"":{""value"":4,""score"":75.0},""SR2_tightness"":{""value"":1.5960028195463891,""score"":83.05439097566808},""SR3_recency"":{""value"":233,""score"":0.0},""SR4_price_location"":{""score"":30.0},""SR5_reaction"":{""value"":2.231008650253985,""score"":100},""_score"":57.46,""_levels_found"":5,""_target_level"":378.265},""volume"":{""V1_rvol_day"":{""value"":0.3476780122798868,""score"":0},""V2_rvol_sameslot"":{""value"":0.919000307598416,""score"":27.933353839894398,""status"":""ok""},""V3_breakout_bar"":{""value"":0.7378832469817269,""score"":15.858883132115128},""V4_base_dryup"":{""value"":1.1075994734032792,""score"":39.240052659672074},""V5_bo_expansion"":{""value"":0.3476780122798868,""score"":0},""_score"":17.4},""readiness"":{""_distance_atr"":1.048,""BR1_atr_distance"":{""score"":30.136647620838886},""BR2_compression"":{""score"":0},""BR3_retest"":{""score"":50.0},""BR4_bo_age"":{""score"":50.0},""_score"":29.55},""risk"":{""R1_stop_clarity"":{""score"":33.65742081976437},""R2_stop_distance_pct"":{""value"":4.29157239159338,""score"":100.0},""R3_stop_distance_atr"":{""value"":0.9767278893713951,""score"":73.83639446856975},""R4_rr_potential"":{""value"":3.3796417079746104,""score"":100.0},""_score"":72.86},""market"":{""M1_spy_regime"":{""score"":100.0},""M3_earnings_risk"":{""value"":null,""score"":80.0},""M4_vix"":{""value"":null,""score"":60.0},""_score"":84.0},""liquidity"":{""L1_price"":{""value"":428.71,""score"":100.0},""L2_dollar_vol"":{""value"":918278257.1630989,""score"":100.0},""L3_spread_proxy"":{""value"":0.036598166592801656,""score"":63.401833407198346},""L4_volume_zscore"":{""value"":-2.040660214831687,""score"":100.0},""_score"":96.34},""pattern_structure"":{""pole_low"":406.01,""pole_low_idx"":36,""peak_price"":448.45,""peak_idx"":50,""pole_gain"":0.10452944508755942,""flag_bars"":9,""flag_low"":416.56,""flag_high"":446.27,""structural_low"":416.56,""current_price"":428.39,""neckline_distance_pct"":0.04682648988071618,""base_bars"":9},""pattern_geometry_features"":{""pole_gain"":0.10452944508755942,""pullback_pct"":0.0711116066451109,""flag_range_pct"":0.06625041810681231,""flag_drift_per_bar"":-0.0010121540340966176,""atr_pct"":0.043938259962612115,""pole_atr_multiple"":2.3790073884697636},""_schema_version"":""1.0""}",,,,,,,,,,
20260513T161427Z-28c0e1,2026-05-13T16:14:27.317311+00:00,GD,double_bottom,forming,49.1,40.6,57.5,73.7,33.8,18.9,28.0,55.6,84.0,98.4,6.09,14.39,5.9,4.73,2.46,2.24,3.34,5.04,4.92,True,risk_unclear,343.88,353.57,330.3986,371.7099,"{""trend"":{""T1_ema_stack"":{""value"":[true,false,true],""score"":66.66666666666666},""T2_ema50_slope"":{""value"":-0.098631752897181,""score"":33.5613745171365},""T3_high_proximity"":{""value"":0.9392548891073964,""score"":69.62744455369818},""T4_rs_1m"":{""value"":-0.05347607891587236,""score"":0},""T5_rs_3m"":{""value"":-0.07619643613824822,""score"":11.901781930875885},""T6_adr_healthy"":{""value"":2.1487943253235655,""score"":100.0},""_score"":40.61},""geometry"":{""sub_low_similarity"":62.3,""sub_bounce_quality"":34.4,""sub_separation_fit"":0.0,""sub_right_bottom_reaction"":79.9,""sub_base_context"":100.0,""_score"":57.55},""compression"":{""VC1_atr_ratio"":{""value"":0.22423494838344524,""score"":100},""VC2_range_contraction"":{""value"":0.8180537450081996,""score"":30.324375831966734},""VC3_range_pct_rank"":{""score"":92.5},""_score"":73.74},""sr_quality"":{""SR1_touches"":{""value"":2,""score"":25.0},""SR2_tightness"":{""value"":0.7800000000000011,""score"":82.19249230909723},""SR3_recency"":{""value"":266,""score"":0.0},""SR4_price_location"":{""score"":18.482344102178402},""SR5_reaction"":{""value"":1.2431010176534016,""score"":62.15505088267008},""_score"":33.77,""_levels_found"":5,""_target_level"":348.22},""volume"":{""V1_rvol_day"":{""value"":0.17671823673095818,""score"":0},""V2_rvol_sameslot"":{""value"":0.5574006156203067,""score"":3.8267077080204492,""status"":""ok""},""V3_breakout_bar"":{""value"":0.9855035266565023,""score"":32.36690177710015},""V4_base_dryup"":{""value"":0.9981473561181373,""score"":50.18526438818627},""V5_bo_expansion"":{""value"":0.1767182367309582,""score"":0},""_score"":18.89},""readiness"":{""_distance_atr"":1.106,""BR1_atr_distance"":{""score"":26.25865404921045},""BR2_compression"":{""score"":0},""BR3_retest"":{""score"":50.0},""BR4_bo_age"":{""score"":50.0},""_score"":28.0},""risk"":{""R1_stop_clarity"":{""score"":0},""R2_stop_distance_pct"":{""value"":3.9203650982901057,""score"":100.0},""R3_stop_distance_atr"":{""value"":1.538905580256497,""score"":100.0},""R4_rr_potential"":{""value"":2.0643256723927106,""score"":53.21628361963553},""_score"":55.64},""market"":{""M1_spy_regime"":{""score"":100.0},""M3_earnings_risk"":{""value"":null,""score"":80.0},""M4_vix"":{""value"":null,""score"":60.0},""_score"":84.0},""liquidity"":{""L1_price"":{""value"":343.88,""score"":100.0},""L2_dollar_vol"":{""value"":94974267.65452732,""score"":98.88029766999864},""L3_spread_proxy"":{""value"":0.01145748516924508,""score"":88.54251483075493},""L4_volume_zscore"":{""value"":-2.0695929300948577,""score"":100.0},""_score"":98.41},""pattern_structure"":{""left_low"":335.4301,""left_idx"":23,""right_low"":341.81,""right_idx"":69,""separation_bars"":46,""structural_low"":335.4301,""current_price"":343.0,""neckline_distance_pct"":0.030816326530612226,""base_bars"":46},""pattern_geometry_features"":{""low_similarity_pct"":0.01884088080431156,""bounce_pct"":0.05407952357286962,""right_bottom_reaction"":0.7990624999999917,""atr_pct"":0.02547502035593814},""_schema_version"":""1.0""}",,,,,,,,,,
20260513T161427Z-28c0e1,2026-05-13T16:14:27.317311+00:00,OKLO,ascending_triangle,absent,49.06,62.7,40.0,37.7,64.6,16.3,18.4,83.4,84.0,92.4,9.4,11.19,3.01,9.04,1.95,1.47,3.34,5.04,4.62,False,,69.36,79.65,65.0888,93.22,"{""trend"":{""T1_ema_stack"":{""value"":[false,true,false],""score"":33.33333333333333},""T2_ema50_slope"":{""value"":0.41393490344534517,""score"":100},""T3_high_proximity"":{""value"":0.8711379050489826,""score"":35.56895252449127},""T4_rs_1m"":{""value"":0.11877691194753082,""score"":100},""T5_rs_3m"":{""value"":-0.02183403917196447,""score"":39.08298041401777},""T6_adr_healthy"":{""value"":9.487218511803604,""score"":62.81953720490989},""_score"":62.67},""geometry"":{""sub_flat_top_quality"":33.3,""sub_hl_slope"":49.9,""sub_compression"":0,""sub_duration"":100.0,""_score"":39.96},""compression"":{""VC1_atr_ratio"":{""value"":0.7729168949319587,""score"":56.770776267010326},""VC2_range_contraction"":{""value"":0.9614409894240407,""score"":6.426501762659891},""VC3_range_pct_rank"":{""score"":50.83333333333333},""_score"":37.67},""sr_quality"":{""SR1_touches"":{""value"":3,""score"":50.0},""SR2_tightness"":{""value"":0.3904698025029146,""score"":88.86074707224914},""SR3_recency"":{""value"":276,""score"":0.0},""SR4_price_location"":{""score"":84.9352687328363},""SR5_reaction"":{""value"":2.4125027933492142,""score"":100},""_score"":64.56,""_levels_found"":7,""_target_level"":70.32},""volume"":{""V1_rvol_day"":{""value"":0.46781061179359057,""score"":0},""V2_rvol_sameslot"":{""value"":0.6688393811949964,""score"":11.255958746333095,""status"":""ok""},""V3_breakout_bar"":{""value"":0.896959934299998,""score"":26.463995619999864},""V4_base_dryup"":{""value"":1.1304024037271925,""score"":36.959759627280754},""V5_bo_expansion"":{""value"":0.4678106117935907,""score"":0},""_score"":16.26},""readiness"":{""_distance_atr"":1.468,""BR1_atr_distance"":{""score"":2.149571369478025},""BR2_compression"":{""score"":0},""BR3_retest"":{""score"":50.0},""BR4_bo_age"":{""score"":50.0},""_score"":18.36},""risk"":{""R1_stop_clarity"":{""score"":71.72322307330205},""R2_stop_distance_pct"":{""value"":6.158016147635535,""score"":100.0},""R3_stop_distance_atr"":{""value"":0.6092401614674722,""score"":55.4620080733736},""R4_rr_potential"":{""value"":5.586252107136161,""score"":100.0},""_score"":83.42},""market"":{""M1_spy_regime"":{""score"":100.0},""M3_earnings_risk"":{""value"":null,""score"":80.0},""M4_vix"":{""value"":null,""score"":60.0},""_score"":84.0},""liquidity"":{""L1_price"":{""value"":69.36,""score"":100.0},""L2_dollar_vol"":{""value"":526758842.2818729,""score"":100.0},""L3_spread_proxy"":{""value"":0.0764114763552481,""score"":23.588523644751902},""L4_volume_zscore"":{""value"":-1.415072218516393,""score"":100.0},""_score"":92.36},""pattern_structure"":{""top"":79.65,""top_touches"":2,""low_slope_per_bar"":0.09897440455030235,""lowest_low"":66.08,""structural_low"":66.08,""current_price"":71.17,""neckline_distance_pct"":0.11915132780666016,""base_bars"":45},""pattern_geometry_features"":{""top_touches"":2.0,""low_slope"":0.09897440455030235,""compression"":-0.025005483871594292,""atr_pct"":0.10107698961937717},""_schema_version"":""1.0""}",,,,,,,,,,
20260513T161427Z-28c0e1,2026-05-13T16:14:27.317311+00:00,CCJ,vcp,absent,49.0,47.1,41.3,56.7,48.1,31.3,17.5,77.9,84.0,95.9,7.07,10.33,6.8,5.78,4.07,1.23,3.9,5.04,4.8,False,,116.34,131.2099,110.179,145.483,"{""trend"":{""T1_ema_stack"":{""value"":[false,true,true],""score"":66.66666666666666},""T2_ema50_slope"":{""value"":0.17740777023013443,""score"":79.56796170502241},""T3_high_proximity"":{""value"":0.9199019530323397,""score"":59.95097651616982},""T4_rs_1m"":{""value"":-0.06283239327815404,""score"":0},""T5_rs_3m"":{""value"":-0.09292309081903782,""score"":3.538454590481088},""T6_adr_healthy"":{""value"":5.2575409151983,""score"":100.0},""_score"":47.1},""geometry"":{""sub_contraction_count"":100.0,""sub_reduction_rate"":0,""sub_pivot_tightness"":0,""sub_volume_dryup"":0,""sub_base_depth"":63.2,""sub_base_duration"":100.0,""_score"":41.32},""compression"":{""VC1_atr_ratio"":{""value"":0.5771551554618152,""score"":100},""VC2_range_contraction"":{""value"":1.2262783785117393,""score"":0},""VC3_range_pct_rank"":{""score"":66.66666666666667},""_score"":56.67},""sr_quality"":{""SR1_touches"":{""value"":3,""score"":50.0},""SR2_tightness"":{""value"":1.0735130284361822,""score"":67.3512507929504},""SR3_recency"":{""value"":248,""score"":0.0},""SR4_price_location"":{""score"":34.15747440924344},""SR5_reaction"":{""value"":1.931529480513414,""score"":96.5764740256707},""_score"":48.13,""_levels_found"":6,""_target_level"":121.2853},""volume"":{""V1_rvol_day"":{""value"":0.5260861668430398,""score"":1.7390777895359848},""V2_rvol_sameslot"":{""value"":0.9651485862679331,""score"":31.00990575119554,""status"":""ok""},""V3_breakout_bar"":{""value"":1.0129926812749075,""score"":34.199512084993835},""V4_base_dryup"":{""value"":0.6887107575501067,""score"":81.12892424498934},""V5_bo_expansion"":{""value"":0.5260861668430398,""score"":0},""_score"":31.33},""readiness"":{""_distance_atr"":2.261,""BR1_atr_distance"":{""score"":0},""BR2_compression"":{""score"":0},""BR3_retest"":{""score"":50.0},""BR4_bo_age"":{""score"":50.0},""_score"":17.5},""risk"":{""R1_stop_clarity"":{""score"":48.97144545374572},""R2_stop_distance_pct"":{""value"":5.295645091971811,""score"":100.0},""R3_stop_distance_atr"":{""value"":0.9368653214708165,""score"":71.84326607354082},""R4_rr_potential"":{""value"":4.730274299262278,""score"":100.0},""_score"":77.92},""market"":{""M1_spy_regime"":{""score"":100.0},""M3_earnings_risk"":{""value"":null,""score"":80.0},""M4_vix"":{""value"":null,""score"":60.0},""_score"":84.0},""liquidity"":{""L1_price"":{""value"":116.34,""score"":100.0},""L2_dollar_vol"":{""value"":196327950.49537194,""score"":100.0},""L3_spread_proxy"":{""value"":0.04065669589135296,""score"":59.34330410864704},""L4_volume_zscore"":{""value"":-1.6162949856535112,""score"":100.0},""_score"":95.93},""pattern_structure"":{""n_contractions"":5,""contractions_pct"":[15.61,14.15,9.68,2.8,14.75],""descending_strict"":false,""final_low"":111.8569,""final_pivot"":131.2099,""structural_low"":111.8569,""dry_up_ratio"":1.0908965359062976,""current_price"":116.34,""neckline_distance_pct"":0.12781416537734228,""base_bars"":41},""pattern_geometry_features"":{""contraction_count"":5.0,""first_contraction_pct"":0.1561087766590026,""last_contraction_pct"":0.1474964922616358,""dry_up_ratio"":1.0908965359062976,""near_monotone"":0.0,""base_depth_pct"":0.11316181717275826},""_schema_version"":""1.0""}",,,,,,,,,,
20260513T161427Z-28c0e1,2026-05-13T16:14:27.317311+00:00,UUUU,double_bottom,absent,48.96,52.2,44.6,61.0,44.8,18.0,25.6,80.2,84.0,91.9,7.83,11.15,4.88,6.27,2.34,2.04,4.81,5.04,4.59,False,,20.38,25.79,19.6901,31.59,"{""trend"":{""T1_ema_stack"":{""value"":[false,true,true],""score"":66.66666666666666},""T2_ema50_slope"":{""value"":0.3052843385946827,""score"":100},""T3_high_proximity"":{""value"":0.8664965986394557,""score"":33.248299319727835},""T4_rs_1m"":{""value"":-0.022256197469365135,""score"":27.743802530634866},""T5_rs_3m"":{""value"":-0.16170267203870203,""score"":0},""T6_adr_healthy"":{""value"":7.9722522944903025,""score"":100.0},""_score"":52.2},""geometry"":{""sub_low_similarity"":24.4,""sub_bounce_quality"":100,""sub_separation_fit"":13.3,""sub_right_bottom_reaction"":62.0,""sub_base_context"":30.0,""_score"":44.62},""compression"":{""VC1_atr_ratio"":{""value"":0.5267200641292104,""score"":100},""VC2_range_contraction"":{""value"":1.1617658758289653,""score"":0},""VC3_range_pct_rank"":{""score"":84.16666666666667},""_score"":61.04},""sr_quality"":{""SR1_touches"":{""value"":3,""score"":50.0},""SR2_tightness"":{""value"":0.32484531703566244,""score"":64.8331140722983},""SR3_recency"":{""value"":237,""score"":0.0},""SR4_price_location"":{""score"":20.083757276593246},""SR5_reaction"":{""value"":2.1627648921486364,""score"":100},""_score"":44.75,""_levels_found"":5,""_target_level"":23.5532},""volume"":{""V1_rvol_day"":{""value"":0.3199871471293813,""score"":0},""V2_rvol_sameslot"":{""value"":0.46684168790921793,""score"":0,""status"":""ok""},""V3_breakout_bar"":{""value"":0.6291668190960295,""score"":8.61112127306863},""V4_base_dryup"":{""value"":0.7072883703314238,""score"":79.27116296685762},""V5_bo_expansion"":{""value"":0.3199871471293813,""score"":0},""_score"":18.01},""readiness"":{""_distance_atr"":2.928,""BR1_atr_distance"":{""score"":0},""BR2_compression"":{""score"":32.23169581048146},""BR3_retest"":{""score"":50.0},""BR4_bo_age"":{""score"":50.0},""_score"":25.56},""risk"":{""R1_stop_clarity"":{""score"":67.5390402987903},""R2_stop_distance_pct"":{""value"":3.3849362119725215,""score"":100.0},""R3_stop_distance_atr"":{""value"":0.3734065874583885,""score"":43.670329372919426},""R4_rr_potential"":{""value"":16.249909400594337,""score"":100.0},""_score"":80.19},""market"":{""M1_spy_regime"":{""score"":100.0},""M3_earnings_risk"":{""value"":null,""score"":80.0},""M4_vix"":{""value"":null,""score"":60.0},""_score"":84.0},""liquidity"":{""L1_price"":{""value"":20.38,""score"":100.0},""L2_dollar_vol"":{""value"":70575812.0831977,""score"":92.43279420366304},""L3_spread_proxy"":{""value"":0.05103042198233558,""score"":48.96957801766442},""L4_volume_zscore"":{""value"":-1.9598245821756357,""score"":100.0},""_score"":91.87},""pattern_structure"":{""left_low"":20.76,""left_idx"":31,""right_low"":19.99,""right_idx"":74,""separation_bars"":43,""structural_low"":19.99,""current_price"":20.61,""neckline_distance_pct"":0.2513343037360505,""base_bars"":43},""pattern_geometry_features"":{""low_similarity_pct"":0.037791411042944936,""bounce_pct"":0.2901450725362682,""right_bottom_reaction"":0.6200000000000045,""atr_pct"":0.09065014720314034},""_schema_version"":""1.0""}",,,,,,,,,,
20260513T161427Z-28c0e1,2026-05-13T16:14:27.317311+00:00,SMR,double_bottom,forming,48.94,32.3,51.7,64.3,48.2,14.3,33.0,83.7,84.0,94.3,4.85,12.94,5.14,6.75,1.85,2.64,5.02,5.04,4.72,False,,12.12,13.63,11.3078,15.78,"{""trend"":{""T1_ema_stack"":{""value"":[false,false,false],""score"":0.0},""T2_ema50_slope"":{""value"":-0.08389394013204224,""score"":36.01767664465963},""T3_high_proximity"":{""value"":0.8278688524590163,""score"":13.934426229508134},""T4_rs_1m"":{""value"":0.11719408587686653,""score"":100},""T5_rs_3m"":{""value"":-0.2906735506891651,""score"":0},""T6_adr_healthy"":{""value"":9.57706486607091,""score"":60.573378348227266},""_score"":32.32},""geometry"":{""sub_low_similarity"":36.6,""sub_bounce_quality"":100,""sub_separation_fit"":6.7,""sub_right_bottom_reaction"":91.7,""sub_base_context"":30.0,""_score"":51.74},""compression"":{""VC1_atr_ratio"":{""value"":0.610770808478666,""score"":97.3072978803335},""VC2_range_contraction"":{""value"":0.9078822206678931,""score"":15.35296322201781},""VC3_range_pct_rank"":{""score"":80.0},""_score"":64.3},""sr_quality"":{""SR1_touches"":{""value"":3,""score"":50.0},""SR2_tightness"":{""value"":0.21664307563876192,""score"":63.22206117593895},""SR3_recency"":{""value"":228,""score"":0.0},""SR4_price_location"":{""score"":34.76762153809578},""SR5_reaction"":{""value"":3.352249761523661,""score"":100},""_score"":48.18,""_levels_found"":5,""_target_level"":13.9493},""volume"":{""V1_rvol_day"":{""value"":0.36049884570313573,""score"":0},""V2_rvol_sameslot"":{""value"":0.7127253228637083,""score"":14.181688190913885,""status"":""ok""},""V3_breakout_bar"":{""value"":0.7917611607774254,""score"":19.450744051828362},""V4_base_dryup"":{""value"":1.1719222809574819,""score"":32.80777190425181},""V5_bo_expansion"":{""value"":0.36049884570313573,""score"":0},""_score"":14.26},""readiness"":{""_distance_atr"":1.282,""BR1_atr_distance"":{""score"":14.552715396679034},""BR2_compression"":{""score"":38.654009081168894},""BR3_retest"":{""score"":50.0},""BR4_bo_age"":{""score"":50.0},""_score"":32.98},""risk"":{""R1_stop_clarity"":{""score"":70.76684289663868},""R2_stop_distance_pct"":{""value"":6.701320132013193,""score"":100.0},""R3_stop_distance_atr"":{""value"":0.6894068002134153,""score"":59.47034001067076},""R4_rr_potential"":{""value"":4.5062792415661255,""score"":100.0},""_score"":83.69},""market"":{""M1_spy_regime"":{""score"":100.0},""M3_earnings_risk"":{""value"":null,""score"":80.0},""M4_vix"":{""value"":null,""score"":60.0},""_score"":84.0},""liquidity"":{""L1_price"":{""value"":12.12,""score"":100.0},""L2_dollar_vol"":{""value"":169477416.4020343,""score"":100.0},""L3_spread_proxy"":{""value"":0.05693069306930689,""score"":43.06930693069311},""L4_volume_zscore"":{""value"":-1.5122549145378605,""score"":100.0},""_score"":94.31},""pattern_structure"":{""left_low"":11.85,""left_idx"":31,""right_low"":11.48,""right_idx"":75,""separation_bars"":44,""structural_low"":11.48,""current_price"":12.355,""neckline_distance_pct"":0.10319708619991909,""base_bars"":44},""pattern_geometry_features"":{""low_similarity_pct"":0.03171881697385334,""bounce_pct"":0.1872822299651568,""right_bottom_reaction"":0.9166666666666711,""atr_pct"":0.0972041489863272},""_schema_version"":""1.0""}",,,,,,,,,,
20260513T161427Z-28c0e1,2026-05-13T16:14:27.317311+00:00,INTC,breakout_retest_hold,breakout_confirmed,48.83,94.4,38.8,5.8,50.5,11.4,44.1,64.9,84.0,92.8,13.21,8.54,0.35,7.08,1.48,7.95,3.25,4.2,2.78,False,,119.7,114.51,113.85,113.53,"{""trend"":{""T1_ema_stack"":{""value"":[true,true,true],""score"":100.0},""T2_ema50_slope"":{""value"":1.1256874976281952,""score"":100},""T3_high_proximity"":{""value"":0.924752781211372,""score"":62.376390605686005},""T4_rs_1m"":{""value"":0.810636584758837,""score"":100},""T5_rs_3m"":{""value"":1.4096804840822925,""score"":100},""T6_adr_healthy"":{""value"":6.67882771838059,""score"":100.0},""_score"":94.36},""geometry"":{""sub_retest_depth"":40.4,""sub_retest_timing"":0.0,""sub_retest_freshness"":100.0,""sub_hold_quality"":22.3,""_score"":38.81},""compression"":{""VC1_atr_ratio"":{""value"":1.3561384658635467,""score"":0},""VC2_range_contraction"":{""value"":1.3441059768774277,""score"":0},""VC3_range_pct_rank"":{""score"":23.33333333333333},""_score"":5.83},""sr_quality"":{""SR1_touches"":{""value"":5,""score"":100},""SR2_tightness"":{""value"":2.034394258741408,""score"":57.38210245199986},""SR3_recency"":{""value"":257,""score"":0.0},""SR4_price_location"":{""score"":30.0},""SR5_reaction"":{""value"":0.5925965828195292,""score"":29.62982914097646},""_score"":50.55,""_levels_found"":2,""_target_level"":48.195},""volume"":{""V1_rvol_day"":{""value"":0.4500841631943141,""score"":0},""V2_rvol_sameslot"":{""value"":0.8553596816004224,""score"":23.69064544002816,""status"":""ok""},""V3_breakout_bar"":{""value"":0.897649948885619,""score"":26.509996592374602},""V4_base_dryup"":{""value"":1.5298791294121965,""score"":0},""V5_bo_expansion"":{""value"":0.4500841631943141,""score"":0},""_score"":11.37},""readiness"":{""_distance_atr"":-0.544,""BR1_atr_distance"":{""score"":49.12762915429385},""BR2_compression"":{""score"":0},""BR3_retest"":{""score"":100},""BR4_bo_age"":{""score"":30.0},""_score"":44.15},""risk"":{""R1_stop_clarity"":{""score"":75.90900486982247},""R2_stop_distance_pct"":{""value"":4.887218045112789,""score"":100.0},""R3_stop_distance_atr"":{""value"":0.612749223963209,""score"":55.637461198160445},""R4_rr_potential"":{""value"":-1.054700854700851,""score"":0.0},""_score"":64.91},""market"":{""M1_spy_regime"":{""score"":100.0},""M3_earnings_risk"":{""value"":null,""score"":80.0},""M4_vix"":{""value"":null,""score"":60.0},""_score"":84.0},""liquidity"":{""L1_price"":{""value"":119.7,""score"":100.0},""L2_dollar_vol"":{""value"":8265868875.391195,""score"":100.0},""L3_spread_proxy"":{""value"":0.07176274018379285,""score"":28.237259816207157},""L4_volume_zscore"":{""value"":-1.5566060439883729,""score"":100.0},""_score"":92.82},""pattern_structure"":{""level"":114.51,""level_idx"":54,""breakout_idx"":60,""bo_peak_idx"":66,""bo_peak_price"":132.75,""retest_idx"":75,""retest_low"":115.0,""structural_low"":115.0,""current_price"":121.285,""neckline_distance_pct"":-0.05586016407634903,""base_bars"":25,""bars_since_breakout"":19},""pattern_geometry_features"":{""retest_depth_atr"":-0.11730145104972697,""bars_breakout_to_retest"":15.0,""bars_since_retest"":4.0,""current_above_level_atr"":1.6218721037998114,""bo_peak_excess_pct"":0.159287398480482,""atr_pct"":0.07975886143931256},""_schema_version"":""1.0""}",,,,,,,,,,
20260513T161427Z-28c0e1,2026-05-13T16:14:27.317311+00:00,CW,ascending_triangle,absent,48.76,74.5,28.5,51.9,56.1,27.3,51.3,45.4,84.0,67.3,11.18,7.97,4.15,7.86,3.27,4.1,1.82,5.04,3.36,True,risk_unclear,744.97,750.0,702.0588,787.25,"{""trend"":{""T1_ema_stack"":{""value"":[true,true,true],""score"":100.0},""T2_ema50_slope"":{""value"":0.13557396526152207,""score"":72.59566087692035},""T3_high_proximity"":{""value"":1.0,""score"":99.99999999999997},""T4_rs_1m"":{""value"":-0.062066958146832274,""score"":0},""T5_rs_3m"":{""value"":0.1054747986348663,""score"":100},""T6_adr_healthy"":{""value"":2.9132218487352612,""score"":100.0},""_score"":74.52},""geometry"":{""sub_flat_top_quality"":33.3,""sub_hl_slope"":11.6,""sub_compression"":0,""sub_duration"":100.0,""_score"":28.47},""compression"":{""VC1_atr_ratio"":{""value"":0.3292852318936871,""score"":100},""VC2_range_contraction"":{""value"":1.092186664424047,""score"":0},""VC3_range_pct_rank"":{""score"":47.5},""_score"":51.88},""sr_quality"":{""SR1_touches"":{""value"":2,""score"":25.0},""SR2_tightness"":{""value"":0.9300000000000068,""score"":91.40454205915344},""SR3_recency"":{""value"":227,""score"":0.0},""SR4_price_location"":{""score"":89.81651091309902},""SR5_reaction"":{""value"":1.664792324295669,""score"":83.23961621478345},""_score"":56.15,""_levels_found"":7,""_target_level"":749.07},""volume"":{""V1_rvol_day"":{""value"":0.3681153821375074,""score"":0},""V2_rvol_sameslot"":{""value"":1.1477412811597556,""score"":43.18275207731704,""status"":""ok""},""V3_breakout_bar"":{""value"":0.8912656220124181,""score"":26.084374800827874},""V4_base_dryup"":{""value"":0.8937525327791427,""score"":60.62474672208573},""V5_bo_expansion"":{""value"":0.3681153821375074,""score"":0},""_score"":27.28},""readiness"":{""_distance_atr"":0.232,""BR1_atr_distance"":{""score"":84.50352923209405},""BR2_compression"":{""score"":0},""BR3_retest"":{""score"":50.0},""BR4_bo_age"":{""score"":50.0},""_score"":51.3},""risk"":{""R1_stop_clarity"":{""score"":1.186892784865904},""R2_stop_distance_pct"":{""value"":5.760131280454246,""score"":100.0},""R3_stop_distance_atr"":{""value"":1.9830206696997241,""score"":100.0},""R4_rr_potential"":{""value"":0.9852894054589408,""score"":0.0},""_score"":45.42},""market"":{""M1_spy_regime"":{""score"":100.0},""M3_earnings_risk"":{""value"":null,""score"":80.0},""M4_vix"":{""value"":null,""score"":60.0},""_score"":84.0},""liquidity"":{""L1_price"":{""value"":744.97,""score"":0.0},""L2_dollar_vol"":{""value"":59068376.03933518,""score"":88.56775155046432},""L3_spread_proxy"":{""value"":0.031497912667624244,""score"":68.50208733237575},""L4_volume_zscore"":{""value"":-1.6964745291655106,""score"":100.0},""_score"":67.28},""pattern_structure"":{""top"":750.0,""top_touches"":2,""low_slope_per_bar"":0.24804117869286255,""lowest_low"":712.75,""structural_low"":712.75,""current_price"":742.08,""neckline_distance_pct"":0.01067270375161702,""base_bars"":43},""pattern_geometry_features"":{""top_touches"":2.0,""low_slope"":0.24804117869286255,""compression"":-0.17925716977597994,""atr_pct"":0.029047257895332298},""_schema_version"":""1.0""}",,,,,,,,,,
20260513T161427Z-28c0e1,2026-05-13T16:14:27.317311+00:00,OKLO,vcp,absent,48.74,62.7,42.9,37.7,64.6,16.3,17.5,66.9,84.0,92.4,9.4,10.72,4.52,7.75,2.12,1.23,3.34,5.04,4.62,False,,69.36,81.5,62.252,88.45,"{""trend"":{""T1_ema_stack"":{""value"":[false,true,false],""score"":33.33333333333333},""T2_ema50_slope"":{""value"":0.41393490344534517,""score"":100},""T3_high_proximity"":{""value"":0.8711379050489826,""score"":35.56895252449127},""T4_rs_1m"":{""value"":0.11877691194753082,""score"":100},""T5_rs_3m"":{""value"":-0.02183403917196447,""score"":39.08298041401777},""T6_adr_healthy"":{""value"":9.487218511803604,""score"":62.81953720490989},""_score"":62.67},""geometry"":{""sub_contraction_count"":100.0,""sub_reduction_rate"":0,""sub_pivot_tightness"":0,""sub_volume_dryup"":19.9,""sub_base_depth"":49.1,""sub_base_duration"":100.0,""_score"":42.89},""compression"":{""VC1_atr_ratio"":{""value"":0.7729168949319587,""score"":56.770776267010326},""VC2_range_contraction"":{""value"":0.9614409894240407,""score"":6.426501762659891},""VC3_range_pct_rank"":{""score"":50.83333333333333},""_score"":37.67},""sr_quality"":{""SR1_touches"":{""value"":3,""score"":50.0},""SR2_tightness"":{""value"":0.3904698025029146,""score"":88.86074707224914},""SR3_recency"":{""value"":276,""score"":0.0},""SR4_price_location"":{""score"":84.9352687328363},""SR5_reaction"":{""value"":2.4125027933492142,""score"":100},""_score"":64.56,""_levels_found"":7,""_target_level"":70.32},""volume"":{""V1_rvol_day"":{""value"":0.46781061179359057,""score"":0},""V2_rvol_sameslot"":{""value"":0.6688393811949964,""score"":11.255958746333095,""status"":""ok""},""V3_breakout_bar"":{""value"":0.896959934299998,""score"":26.463995619999864},""V4_base_dryup"":{""value"":1.1269726970476361,""score"":37.30273029523639},""V5_bo_expansion"":{""value"":0.4678106117935907,""score"":0},""_score"":16.33},""readiness"":{""_distance_atr"":1.732,""BR1_atr_distance"":{""score"":0},""BR2_compression"":{""score"":0},""BR3_retest"":{""score"":50.0},""BR4_bo_age"":{""score"":50.0},""_score"":17.5},""risk"":{""R1_stop_clarity"":{""score"":72.95562497325515},""R2_stop_distance_pct"":{""value"":10.247981545559396,""score"":43.800461361015095},""R3_stop_distance_atr"":{""value"":1.013878785285349,""score"":75.69393926426746},""R4_rr_potential"":{""value"":2.685706246482838,""score"":84.2853123241419},""_score"":66.89},""market"":{""M1_spy_regime"":{""score"":100.0},""M3_earnings_risk"":{""value"":null,""score"":80.0},""M4_vix"":{""value"":null,""score"":60.0},""_score"":84.0},""liquidity"":{""L1_price"":{""value"":69.36,""score"":100.0},""L2_dollar_vol"":{""value"":526758842.2818729,""score"":100.0},""L3_spread_proxy"":{""value"":0.0764114763552481,""score"":23.588523644751902},""L4_volume_zscore"":{""value"":-1.415072218516393,""score"":100.0},""_score"":92.36},""pattern_structure"":{""n_contractions"":5,""contractions_pct"":[14.3,14.67,20.04,22.15,22.45],""descending_strict"":false,""final_low"":63.2,""final_pivot"":81.5,""structural_low"":63.2,""dry_up_ratio"":0.9004614505713883,""current_price"":69.36,""neckline_distance_pct"":0.17502883506343714,""base_bars"":49},""pattern_geometry_features"":{""contraction_count"":5.0,""first_contraction_pct"":0.1429793300071277,""last_contraction_pct"":0.22453987730061345,""dry_up_ratio"":0.9004614505713883,""near_monotone"":0.0,""base_depth_pct"":0.09907341411261586},""_schema_version"":""1.0""}",,,,,,,,,,
20260513T161427Z-28c0e1,2026-05-13T16:14:27.317311+00:00,BWXT,double_bottom,absent,48.69,45.5,43.1,51.2,60.8,21.5,17.5,76.0,84.0,93.6,6.83,10.77,4.1,8.51,2.8,1.4,4.56,5.04,4.68,False,,208.98,227.12,198.1359,253.0868,"{""trend"":{""T1_ema_stack"":{""value"":[false,true,true],""score"":66.66666666666666},""T2_ema50_slope"":{""value"":0.055747464267263874,""score"":59.29124404454398},""T3_high_proximity"":{""value"":0.8765204261387467,""score"":38.26021306937333},""T4_rs_1m"":{""value"":-0.18817270952945164,""score"":0},""T5_rs_3m"":{""value"":-0.01629761945151098,""score"":41.85119027424451},""T6_adr_healthy"":{""value"":4.626513642079275,""score"":100.0},""_score"":45.54},""geometry"":{""sub_low_similarity"":53.3,""sub_bounce_quality"":100,""sub_separation_fit"":0.0,""sub_right_bottom_reaction"":7.3,""sub_base_context"":30.0,""_score"":43.08},""compression"":{""VC1_atr_ratio"":{""value"":0.4590835099792398,""score"":100},""VC2_range_contraction"":{""value"":1.301500542800061,""score"":0},""VC3_range_pct_rank"":{""score"":44.99999999999999},""_score"":51.25},""sr_quality"":{""SR1_touches"":{""value"":6,""score"":100},""SR2_tightness"":{""value"":3.1328662921871078,""score"":38.32745258304783},""SR3_recency"":{""value"":238,""score"":0.0},""SR4_price_location"":{""score"":40.24556006081465},""SR5_reaction"":{""value"":2.1376299634526306,""score"":100},""_score"":60.81,""_levels_found"":7,""_target_level"":216.7685},""volume"":{""V1_rvol_day"":{""value"":0.3490770389785476,""score"":0},""V2_rvol_sameslot"":{""value"":0.8998689284987093,""score"":26.65792856658062,""status"":""ok""},""V3_breakout_bar"":{""value"":0.916552848183418,""score"":27.77018987889453},""V4_base_dryup"":{""value"":1.037509407556651,""score"":46.24905924433489},""V5_bo_expansion"":{""value"":0.3490770389785476,""score"":0},""_score"":21.52},""readiness"":{""_distance_atr"":1.785,""BR1_atr_distance"":{""score"":0},""BR2_compression"":{""score"":0},""BR3_retest"":{""score"":50.0},""BR4_bo_age"":{""score"":50.0},""_score"":17.5},""risk"":{""R1_stop_clarity"":{""score"":40.60249093932226},""R2_stop_distance_pct"":{""value"":5.189060197148054,""score"":100.0},""R3_stop_distance_atr"":{""value"":1.0673662482291693,""score"":78.36831241145846},""R4_rr_potential"":{""value"":4.06735534850386,""score"":100.0},""_score"":75.97},""market"":{""M1_spy_regime"":{""score"":100.0},""M3_earnings_risk"":{""value"":null,""score"":80.0},""M4_vix"":{""value"":null,""score"":60.0},""_score"":84.0},""liquidity"":{""L1_price"":{""value"":208.98,""score"":100.0},""L2_dollar_vol"":{""value"":76360798.17043793,""score"":94.14352296303612},""L3_spread_proxy"":{""value"":0.04072112163843424,""score"":59.27887836156576},""L4_volume_zscore"":{""value"":-2.217482097974977,""score"":100.0},""_score"":93.59},""pattern_structure"":{""left_low"":205.91,""left_idx"":23,""right_low"":201.1532,""right_idx"":73,""separation_bars"":50,""structural_low"":201.1532,""current_price"":208.485,""neckline_distance_pct"":0.08938292922752232,""base_bars"":50},""pattern_geometry_features"":{""low_similarity_pct"":0.023371309418291797,""bounce_pct"":0.12908966896872637,""right_bottom_reaction"":0.07282619546770368,""atr_pct"":0.0486155544618077},""_schema_version"":""1.0""}",,,,,,,,,,
20260513T161427Z-28c0e1,2026-05-13T16:14:27.317311+00:00,AVGO,bull_flag,absent,48.56,92.1,29.0,57.3,41.8,25.6,22.9,69.2,84.0,97.2,12.9,8.7,5.16,4.18,3.58,2.06,2.08,5.04,4.86,True,risk_unclear,414.76,435.0,398.728,463.7,"{""trend"":{""T1_ema_stack"":{""value"":[true,true,true],""score"":100.0},""T2_ema50_slope"":{""value"":0.5447271341961742,""score"":100},""T3_high_proximity"":{""value"":0.9645581395348837,""score"":82.27906976744181},""T4_rs_1m"":{""value"":0.02399294162738652,""score"":73.99294162738653},""T5_rs_3m"":{""value"":0.14096592763830063,""score"":100},""T6_adr_healthy"":{""value"":3.144720154138507,""score"":100.0},""_score"":92.14},""geometry"":{""sub_pole_impulse"":21.9,""sub_flag_tightness"":0,""sub_flag_shallowness"":0,""sub_flag_drift"":82.9,""sub_flag_duration"":100.0,""_score"":29.0},""compression"":{""VC1_atr_ratio"":{""value"":0.5535845729428557,""score"":100},""VC2_range_contraction"":{""value"":1.3398368503731413,""score"":0},""VC3_range_pct_rank"":{""score"":69.16666666666667},""_score"":57.29},""sr_quality"":{""SR1_touches"":{""value"":2,""score"":25.0},""SR2_tightness"":{""value"":1.6500000000000057,""score"":78.85255424068075},""SR3_recency"":{""value"":227,""score"":0.0},""SR4_price_location"":{""score"":30.0},""SR5_reaction"":{""value"":2.073090516102957,""score"":100},""_score"":41.83,""_levels_found"":6,""_target_level"":404.65},""volume"":{""V1_rvol_day"":{""value"":0.3638491022814718,""score"":0},""V2_rvol_sameslot"":{""value"":0.8169692335406246,""score"":21.13128223604164,""status"":""ok""},""V3_breakout_bar"":{""value"":0.9684659918181272,""score"":31.231066121208478},""V4_base_dryup"":{""value"":0.8220326022949875,""score"":67.79673977050125},""V5_bo_expansion"":{""value"":0.36384910228147177,""score"":0},""_score"":25.59},""readiness"":{""_distance_atr"":1.297,""BR1_atr_distance"":{""score"":13.530444006339337},""BR2_compression"":{""score"":0},""BR3_retest"":{""score"":50.0},""BR4_bo_age"":{""score"":50.0},""_score"":22.91},""risk"":{""R1_stop_clarity"":{""score"":22.17739960570539},""R2_stop_distance_pct"":{""value"":3.865367923618474,""score"":100.0},""R3_stop_distance_atr"":{""value"":1.027381364889105,""score"":76.36906824445525},""R4_rr_potential"":{""value"":3.0526447105788455,""score"":100.0},""_score"":69.22},""market"":{""M1_spy_regime"":{""score"":100.0},""M3_earnings_risk"":{""value"":null,""score"":80.0},""M4_vix"":{""value"":null,""score"":60.0},""_score"":84.0},""liquidity"":{""L1_price"":{""value"":414.76,""score"":100.0},""L2_dollar_vol"":{""value"":2835724918.4980817,""score"":100.0},""L3_spread_proxy"":{""value"":0.027509885234834528,""score"":72.49011476516547},""L4_volume_zscore"":{""value"":-2.7310538077272657,""score"":100.0},""_score"":97.25},""pattern_structure"":{""pole_low"":406.3,""pole_low_idx"":38,""peak_price"":435.0,""peak_idx"":43,""pole_gain"":0.07063746000492244,""flag_bars"":16,""flag_low"":404.8,""flag_high"":433.6463,""structural_low"":404.8,""current_price"":413.3262,""neckline_distance_pct"":0.0524375178732924,""base_bars"":16},""pattern_geometry_features"":{""pole_gain"":0.07063746000492244,""pullback_pct"":0.06942528735632181,""flag_range_pct"":0.0663133333333333,""flag_drift_per_bar"":-0.0034113762361800007,""atr_pct"":0.03762349654877865,""pole_atr_multiple"":1.8774825969016828},""_schema_version"":""1.0""}",,,,,,,,,,
20260513T161427Z-28c0e1,2026-05-13T16:14:27.317311+00:00,MMM,double_bottom,setup,48.54,21.8,52.9,53.2,42.6,35.5,57.5,45.0,84.0,97.5,3.27,13.23,4.26,5.96,4.61,4.6,2.7,5.04,4.87,True,risk_unclear,148.54,148.32,139.2691,155.25,"{""trend"":{""T1_ema_stack"":{""value"":[true,false,false],""score"":33.33333333333333},""T2_ema50_slope"":{""value"":-0.16099197976074392,""score"":23.168003373209345},""T3_high_proximity"":{""value"":0.8506958364354846,""score"":25.347918217742293},""T4_rs_1m"":{""value"":-0.09153140196798248,""score"":0},""T5_rs_3m"":{""value"":-0.20973576452131049,""score"":0},""T6_adr_healthy"":{""value"":2.5091224419133695,""score"":100.0},""_score"":21.77},""geometry"":{""sub_low_similarity"":91.1,""sub_bounce_quality"":27.2,""sub_separation_fit"":53.3,""sub_right_bottom_reaction"":41.0,""sub_base_context"":30.0,""_score"":52.91},""compression"":{""VC1_atr_ratio"":{""value"":0.5347954813385261,""score"":100},""VC2_range_contraction"":{""value"":0.9192227616423815,""score"":13.462873059603087},""VC3_range_pct_rank"":{""score"":34.166666666666664},""_score"":53.25},""sr_quality"":{""SR1_touches"":{""value"":3,""score"":50.0},""SR2_tightness"":{""value"":0.3809366380675752,""score"":77.1319103093063},""SR3_recency"":{""value"":239,""score"":0.0},""SR4_price_location"":{""score"":4.003388096912262},""SR5_reaction"":{""value"":2.6287169328050592,""score"":100},""_score"":42.57,""_levels_found"":5,""_target_level"":158.5512},""volume"":{""V1_rvol_day"":{""value"":0.716191672852991,""score"":14.412778190199402},""V2_rvol_sameslot"":{""value"":1.1453262591886086,""score"":43.02175061257391,""status"":""ok""},""V3_breakout_bar"":{""value"":1.0716947509548755,""score"":38.1129833969917},""V4_base_dryup"":{""value"":0.7772838085447837,""score"":72.27161914552163},""V5_bo_expansion"":{""value"":0.716191672852991,""score"":0},""_score"":35.47},""readiness"":{""_distance_atr"":-0.066,""BR1_atr_distance"":{""score"":100.0},""BR2_compression"":{""score"":0},""BR3_retest"":{""score"":50.0},""BR4_bo_age"":{""score"":50.0},""_score"":57.5},""risk"":{""R1_stop_clarity"":{""score"":0},""R2_stop_distance_pct"":{""value"":6.241315470580313,""score"":100.0},""R3_stop_distance_atr"":{""value"":2.7827020050426237,""score"":100.0},""R4_rr_potential"":{""value"":0.7237739797321725,""score"":0.0},""_score"":45.0},""market"":{""M1_spy_regime"":{""score"":100.0},""M3_earnings_risk"":{""value"":null,""score"":80.0},""M4_vix"":{""value"":null,""score"":60.0},""_score"":84.0},""liquidity"":{""L1_price"":{""value"":148.54,""score"":100.0},""L2_dollar_vol"":{""value"":424513423.7492306,""score"":100.0},""L3_spread_proxy"":{""value"":0.02514474215699465,""score"":74.85525784300535},""L4_volume_zscore"":{""value"":-0.8611620247057177,""score"":100.0},""_score"":97.49},""pattern_structure"":{""left_low"":141.39,""left_idx"":36,""right_low"":142.02,""right_idx"":73,""separation_bars"":37,""structural_low"":141.39,""current_price"":147.26,""neckline_distance_pct"":0.007198152926796159,""base_bars"":37},""pattern_geometry_features"":{""low_similarity_pct"":0.004445855827246914,""bounce_pct"":0.04901336728198605,""right_bottom_reaction"":0.40983606557378044,""atr_pct"":0.022428975360172323},""_schema_version"":""1.0""}",,,,,,,,,,
20260513T161427Z-28c0e1,2026-05-13T16:14:27.317311+00:00,GD,vcp,forming,48.36,40.6,50.3,73.7,33.8,17.9,19.3,63.3,84.0,98.4,6.09,12.57,8.85,4.05,2.32,1.35,3.16,5.04,4.92,True,risk_unclear,343.88,356.42,332.7428,388.31,"{""trend"":{""T1_ema_stack"":{""value"":[true,false,true],""score"":66.66666666666666},""T2_ema50_slope"":{""value"":-0.098631752897181,""score"":33.5613745171365},""T3_high_proximity"":{""value"":0.9392548891073964,""score"":69.62744455369818},""T4_rs_1m"":{""value"":-0.05347607891587236,""score"":0},""T5_rs_3m"":{""value"":-0.07619643613824822,""score"":11.901781930875885},""T6_adr_healthy"":{""value"":2.1487943253235655,""score"":100.0},""_score"":40.61},""geometry"":{""sub_contraction_count"":100.0,""sub_reduction_rate"":0,""sub_pivot_tightness"":68.3,""sub_volume_dryup"":9.3,""sub_base_depth"":36.3,""sub_base_duration"":100.0,""_score"":50.27},""compression"":{""VC1_atr_ratio"":{""value"":0.22423494838344524,""score"":100},""VC2_range_contraction"":{""value"":0.8180537450081996,""score"":30.324375831966734},""VC3_range_pct_rank"":{""score"":92.5},""_score"":73.74},""sr_quality"":{""SR1_touches"":{""value"":2,""score"":25.0},""SR2_tightness"":{""value"":0.7800000000000011,""score"":82.19249230909723},""SR3_recency"":{""value"":266,""score"":0.0},""SR4_price_location"":{""score"":18.482344102178402},""SR5_reaction"":{""value"":1.2431010176534016,""score"":62.15505088267008},""_score"":33.77,""_levels_found"":5,""_target_level"":348.22},""volume"":{""V1_rvol_day"":{""value"":0.17671823673095818,""score"":0},""V2_rvol_sameslot"":{""value"":0.5574006156203067,""score"":3.8267077080204492,""status"":""ok""},""V3_breakout_bar"":{""value"":0.9855035266565023,""score"":32.36690177710015},""V4_base_dryup"":{""value"":1.0498236344249594,""score"":45.01763655750406},""V5_bo_expansion"":{""value"":0.1767182367309582,""score"":0},""_score"":17.86},""readiness"":{""_distance_atr"":1.431,""BR1_atr_distance"":{""score"":4.570022887213341},""BR2_compression"":{""score"":0},""BR3_retest"":{""score"":50.0},""BR4_bo_age"":{""score"":50.0},""_score"":19.33},""risk"":{""R1_stop_clarity"":{""score"":0},""R2_stop_distance_pct"":{""value"":3.2386733744329472,""score"":100.0},""R3_stop_distance_atr"":{""value"":1.2713133607675504,""score"":88.56566803837752},""R4_rr_potential"":{""value"":3.9893509560345266,""score"":100.0},""_score"":63.28},""market"":{""M1_spy_regime"":{""score"":100.0},""M3_earnings_risk"":{""value"":null,""score"":80.0},""M4_vix"":{""value"":null,""score"":60.0},""_score"":84.0},""liquidity"":{""L1_price"":{""value"":343.88,""score"":100.0},""L2_dollar_vol"":{""value"":94974267.65452732,""score"":98.88029766999864},""L3_spread_proxy"":{""value"":0.01145748516924508,""score"":88.54251483075493},""L4_volume_zscore"":{""value"":-2.0695929300948577,""score"":100.0},""_score"":98.41},""pattern_structure"":{""n_contractions"":5,""contractions_pct"":[3.02,6.41,5.35,4.84,5.22],""descending_strict"":false,""final_low"":337.81,""final_pivot"":356.42,""structural_low"":337.81,""dry_up_ratio"":0.9534020866845786,""current_price"":343.88,""neckline_distance_pct"":0.03646620914272427,""base_bars"":49},""pattern_geometry_features"":{""contraction_count"":5.0,""first_contraction_pct"":0.03024073573167435,""last_contraction_pct"":0.0522136804893104,""dry_up_ratio"":0.9534020866845786,""near_monotone"":0.0,""base_depth_pct"":0.08625912902353255},""_schema_version"":""1.0""}",,,,,,,,,,
20260513T161427Z-28c0e1,2026-05-13T16:14:27.317311+00:00,IONQ,vcp,breakout_confirmed,48.32,87.8,35.0,28.8,68.9,1.1,39.2,40.5,84.0,94.3,13.17,8.75,3.46,8.26,0.15,2.75,2.02,5.04,4.71,False,,54.49,49.13,39.1685,45.935,"{""trend"":{""T1_ema_stack"":{""value"":[true,true,false],""score"":66.66666666666666},""T2_ema50_slope"":{""value"":0.6276374302385773,""score"":100},""T3_high_proximity"":{""value"":0.9578133239585165,""score"":78.90666197925822},""T4_rs_1m"":{""value"":0.4585246364306945,""score"":100},""T5_rs_3m"":{""value"":0.5521500882521309,""score"":100},""T6_adr_healthy"":{""value"":8.536280646711871,""score"":86.59298383220322},""_score"":87.83},""geometry"":{""sub_contraction_count"":100.0,""sub_reduction_rate"":0,""sub_pivot_tightness"":0,""sub_volume_dryup"":0,""sub_base_depth"":0.0,""sub_base_duration"":100.0,""_score"":35.0},""compression"":{""VC1_atr_ratio"":{""value"":0.8889369666065199,""score"":27.765758348370028},""VC2_range_contraction"":{""value"":1.2274660426245017,""score"":0},""VC3_range_pct_rank"":{""score"":70.83333333333333},""_score"":28.81},""sr_quality"":{""SR1_touches"":{""value"":4,""score"":75.0},""SR2_tightness"":{""value"":1.241726172259811,""score"":43.51122465921563},""SR3_recency"":{""value"":302,""score"":0.0},""SR4_price_location"":{""score"":99.32150562373303},""SR5_reaction"":{""value"":2.166921205996514,""score"":100},""_score"":68.86,""_levels_found"":6,""_target_level"":54.5291},""volume"":{""V1_rvol_day"":{""value"":0.35086418954430587,""score"":0},""V2_rvol_sameslot"":{""value"":0.49710274756388717,""score"":0,""status"":""ok""},""V3_breakout_bar"":{""value"":0.5665926965539307,""score"":4.439513103595383},""V4_base_dryup"":{""value"":1.4994706144564744,""score"":0.05293855435255068},""V5_bo_expansion"":{""value"":0.35086418954430587,""score"":0},""_score"":1.12},""readiness"":{""_distance_atr"":-1.219,""BR1_atr_distance"":{""score"":35.61621534677193},""BR2_compression"":{""score"":29.882731632443686},""BR3_retest"":{""score"":50.0},""BR4_bo_age"":{""score"":50.0},""_score"":39.22},""risk"":{""R1_stop_clarity"":{""score"":72.86507844956311},""R2_stop_distance_pct"":{""value"":28.117957423380435,""score"":0.0},""R3_stop_distance_atr"":{""value"":3.4850330874050153,""score"":100.0},""R4_rr_potential"":{""value"":-0.5583666063482792,""score"":0.0},""_score"":40.5},""market"":{""M1_spy_regime"":{""score"":100.0},""M3_earnings_risk"":{""value"":null,""score"":80.0},""M4_vix"":{""value"":null,""score"":60.0},""_score"":84.0},""liquidity"":{""L1_price"":{""value"":54.49,""score"":100.0},""L2_dollar_vol"":{""value"":699594329.3621135,""score"":100.0},""L3_spread_proxy"":{""value"":0.05707469260414754,""score"":42.92530739585246},""L4_volume_zscore"":{""value"":-1.3950190715415753,""score"":100.0},""_score"":94.29},""pattern_structure"":{""n_contractions"":5,""contractions_pct"":[15.64,13.52,27.21,24.25,19.06],""descending_strict"":false,""final_low"":39.765,""final_pivot"":49.13,""structural_low"":39.765,""dry_up_ratio"":1.0646186389632666,""current_price"":54.49,""neckline_distance_pct"":-0.09836667278399705,""base_bars"":54},""pattern_geometry_features"":{""contraction_count"":5.0,""first_contraction_pct"":0.1564123598578069,""last_contraction_pct"":0.1906167311215144,""dry_up_ratio"":1.0646186389632666,""near_monotone"":0.0,""base_depth_pct"":-0.08736669401148484},""_schema_version"":""1.0""}",,,,,,,,,,
20260513T161427Z-28c0e1,2026-05-13T16:14:27.317311+00:00,TMUS,vcp,forming,48.05,14.0,57.3,72.8,55.4,14.1,17.5,65.0,84.0,98.0,2.1,14.32,8.73,6.64,1.84,1.23,3.25,5.04,4.9,True,risk_unclear,192.58,206.78,179.2798,249.0599,"{""trend"":{""T1_ema_stack"":{""value"":[false,false,false],""score"":0.0},""T2_ema50_slope"":{""value"":-0.1814133314675812,""score"":19.764444755403133},""T3_high_proximity"":{""value"":0.8675556356428508,""score"":33.77781782142536},""T4_rs_1m"":{""value"":-0.05166599114495618,""score"":0},""T5_rs_3m"":{""value"":-0.15003278937752595,""score"":0},""T6_adr_healthy"":{""value"":2.813005056317951,""score"":100.0},""_score"":14.02},""geometry"":{""sub_contraction_count"":100.0,""sub_reduction_rate"":0,""sub_pivot_tightness"":0,""sub_volume_dryup"":81.8,""sub_base_depth"":100.0,""sub_base_duration"":100.0,""_score"":57.27},""compression"":{""VC1_atr_ratio"":{""value"":0.22604655246187688,""score"":100},""VC2_range_contraction"":{""value"":0.6524542188879489,""score"":57.924296852008524},""VC3_range_pct_rank"":{""score"":50.0},""_score"":72.77},""sr_quality"":{""SR1_touches"":{""value"":3,""score"":50.0},""SR2_tightness"":{""value"":0.6571952187558615,""score"":74.60788014057817},""SR3_recency"":{""value"":310,""score"":0.0},""SR4_price_location"":{""score"":67.70399411908849},""SR5_reaction"":{""value"":1.6330615857035358,""score"":81.65307928517679},""_score"":55.37,""_levels_found"":7,""_target_level"":194.7767},""volume"":{""V1_rvol_day"":{""value"":0.13808082948320943,""score"":0},""V2_rvol_sameslot"":{""value"":0.44481867739531994,""score"":0,""status"":""ok""},""V3_breakout_bar"":{""value"":0.6560303852774909,""score"":10.40202568516606},""V4_base_dryup"":{""value"":0.9239617572098706,""score"":57.60382427901294},""V5_bo_expansion"":{""value"":0.13808082948320943,""score"":0},""_score"":14.12},""readiness"":{""_distance_atr"":2.743,""BR1_atr_distance"":{""score"":0},""BR2_compression"":{""score"":0},""BR3_retest"":{""score"":50.0},""BR4_bo_age"":{""score"":50.0},""_score"":17.5},""risk"":{""R1_stop_clarity"":{""score"":0},""R2_stop_distance_pct"":{""value"":6.906298681067624,""score"":100.0},""R3_stop_distance_atr"":{""value"":2.5693963780475064,""score"":100.0},""R4_rr_potential"":{""value"":4.246561129009812,""score"":100.0},""_score"":65.0},""market"":{""M1_spy_regime"":{""score"":100.0},""M3_earnings_risk"":{""value"":null,""score"":80.0},""M4_vix"":{""value"":null,""score"":60.0},""_score"":84.0},""liquidity"":{""L1_price"":{""value"":192.58,""score"":100.0},""L2_dollar_vol"":{""value"":159825723.98645937,""score"":100.0},""L3_spread_proxy"":{""value"":0.020536919721674173,""score"":79.46308027832583},""L4_volume_zscore"":{""value"":-1.8237236409313795,""score"":100.0},""_score"":97.95},""pattern_structure"":{""n_contractions"":5,""contractions_pct"":[5.46,5.6,7.02,13.2,11.98],""descending_strict"":false,""final_low"":182.01,""final_pivot"":206.78,""structural_low"":182.01,""dry_up_ratio"":0.5907961371042791,""current_price"":192.58,""neckline_distance_pct"":0.07373559040398789,""base_bars"":48},""pattern_geometry_features"":{""contraction_count"":5.0,""first_contraction_pct"":0.054594076683791834,""last_contraction_pct"":0.11978914788664285,""dry_up_ratio"":0.5907961371042791,""near_monotone"":0.0,""base_depth_pct"":0.18850559030968403},""_schema_version"":""1.0""}",,,,,,,,,,
20260513T161427Z-28c0e1,2026-05-13T16:14:27.317311+00:00,LMT,vcp,forming,48.01,13.3,58.8,69.6,40.8,14.3,44.5,65.0,84.0,96.0,2.0,14.71,8.35,4.89,1.86,3.12,3.25,5.04,4.8,True,risk_unclear,518.305,524.5,492.8053,693.94,"{""trend"":{""T1_ema_stack"":{""value"":[false,false,true],""score"":33.33333333333333},""T2_ema50_slope"":{""value"":-0.5392625700205106,""score"":0},""T3_high_proximity"":{""value"":0.7659302497413919,""score"":0},""T4_rs_1m"":{""value"":-0.21775973625038647,""score"":0},""T5_rs_3m"":{""value"":-0.24468608166953787,""score"":0},""T6_adr_healthy"":{""value"":2.623861901385362,""score"":100.0},""_score"":13.33},""geometry"":{""sub_contraction_count"":100.0,""sub_reduction_rate"":0,""sub_pivot_tightness"":77.0,""sub_volume_dryup"":15.2,""sub_base_depth"":100.0,""sub_base_duration"":100.0,""_score"":58.83},""compression"":{""VC1_atr_ratio"":{""value"":0.3640187824821239,""score"":100},""VC2_range_contraction"":{""value"":0.818113253350025,""score"":30.31445777499583},""VC3_range_pct_rank"":{""score"":75.83333333333333},""_score"":69.57},""sr_quality"":{""SR1_touches"":{""value"":2,""score"":25.0},""SR2_tightness"":{""value"":0.5600000000000023,""score"":91.1965307144509},""SR3_recency"":{""value"":254,""score"":0.0},""SR4_price_location"":{""score"":18.408573342263836},""SR5_reaction"":{""value"":3.6664091502181786,""score"":100},""_score"":40.78,""_levels_found"":5,""_target_level"":594.44},""volume"":{""V1_rvol_day"":{""value"":0.20278274858631568,""score"":0},""V2_rvol_sameslot"":{""value"":0.46840298711454964,""score"":0,""status"":""ok""},""V3_breakout_bar"":{""value"":0.6641279990994605,""score"":10.9418666066307},""V4_base_dryup"":{""value"":0.9215282744184611,""score"":57.84717255815389},""V5_bo_expansion"":{""value"":0.20278274858631573,""score"":0},""_score"":14.3},""readiness"":{""_distance_atr"":0.487,""BR1_atr_distance"":{""score"":67.53720700953755},""BR2_compression"":{""score"":0},""BR3_retest"":{""score"":50.0},""BR4_bo_age"":{""score"":50.0},""_score"":44.51},""risk"":{""R1_stop_clarity"":{""score"":0},""R2_stop_distance_pct"":{""value"":4.919815552618627,""score"":100.0},""R3_stop_distance_atr"":{""value"":2.0043337997075983,""score"":100.0},""R4_rr_potential"":{""value"":6.887741596453296,""score"":100.0},""_score"":65.0},""market"":{""M1_spy_regime"":{""score"":100.0},""M3_earnings_risk"":{""value"":null,""score"":80.0},""M4_vix"":{""value"":null,""score"":60.0},""_score"":84.0},""liquidity"":{""L1_price"":{""value"":518.305,""score"":90.84750000000003},""L2_dollar_vol"":{""value"":174422087.09600323,""score"":100.0},""L3_spread_proxy"":{""value"":0.0172581780997675,""score"":82.74182190023251},""L4_volume_zscore"":{""value"":-1.9923049204664536,""score"":100.0},""_score"":95.99},""pattern_structure"":{""n_contractions"":5,""contractions_pct"":[5.33,10.51,6.17,5.08,4.61],""descending_strict"":false,""final_low"":500.31,""final_pivot"":524.5,""structural_low"":500.31,""dry_up_ratio"":0.9240438600839792,""current_price"":518.305,""neckline_distance_pct"":0.01195242183656351,""base_bars"":53},""pattern_geometry_features"":{""contraction_count"":5.0,""first_contraction_pct"":0.05332586786114227,""last_contraction_pct"":0.04612011439466158,""dry_up_ratio"":0.9240438600839792,""near_monotone"":0.0,""base_depth_pct"":0.25298992161254197},""_schema_version"":""1.0""}",,,,,,,,,,
20260513T161427Z-28c0e1,2026-05-13T16:14:27.317311+00:00,HON,vcp,absent,47.97,22.6,49.0,62.9,61.3,20.9,21.7,65.0,84.0,98.4,3.38,12.24,7.54,7.36,2.72,1.52,3.25,5.04,4.92,True,risk_unclear,217.52,236.45,204.7126,276.8,"{""trend"":{""T1_ema_stack"":{""value"":[false,false,true],""score"":33.33333333333333},""T2_ema50_slope"":{""value"":-0.19647590579407637,""score"":17.254015700987267},""T3_high_proximity"":{""value"":0.8769553297855185,""score"":38.47766489275922},""T4_rs_1m"":{""value"":-0.13264332643997656,""score"":0},""T5_rs_3m"":{""value"":-0.17284307418566747,""score"":0},""T6_adr_healthy"":{""value"":2.2948946648011934,""score"":100.0},""_score"":22.56},""geometry"":{""sub_contraction_count"":100.0,""sub_reduction_rate"":0,""sub_pivot_tightness"":0,""sub_volume_dryup"":26.3,""sub_base_depth"":100.0,""sub_base_duration"":100.0,""_score"":48.95},""compression"":{""VC1_atr_ratio"":{""value"":0.5022914498874392,""score"":100},""VC2_range_contraction"":{""value"":0.8795920139504809,""score"":20.067997674919845},""VC3_range_pct_rank"":{""score"":63.33333333333333},""_score"":62.86},""sr_quality"":{""SR1_touches"":{""value"":4,""score"":75.0},""SR2_tightness"":{""value"":1.3000630398176845,""score"":43.96694038172188},""SR3_recency"":{""value"":249,""score"":0.0},""SR4_price_location"":{""score"":68.95170908533629},""SR5_reaction"":{""value"":2.2995499101051644,""score"":100},""_score"":61.33,""_levels_found"":7,""_target_level"":221.707},""volume"":{""V1_rvol_day"":{""value"":0.20104103503581405,""score"":0},""V2_rvol_sameslot"":{""value"":0.6815584860531978,""score"":12.103899070213187,""status"":""ok""},""V3_breakout_bar"":{""value"":0.8436223670120114,""score"":22.908157800800762},""V4_base_dryup"":{""value"":0.8631317477502497,""score"":63.68682522497503},""V5_bo_expansion"":{""value"":0.20104103503581405,""score"":0},""_score"":20.89},""readiness"":{""_distance_atr"":4.079,""BR1_atr_distance"":{""score"":0},""BR2_compression"":{""score"":16.77418219674126},""BR3_retest"":{""score"":50.0},""BR4_bo_age"":{""score"":50.0},""_score"":21.69},""risk"":{""R1_stop_clarity"":{""score"":0},""R2_stop_distance_pct"":{""value"":5.887941338727468,""score"":100.0},""R3_stop_distance_atr"":{""value"":2.7600223505652255,""score"":100.0},""R4_rr_potential"":{""value"":4.62855603574482,""score"":100.0},""_score"":65.0},""market"":{""M1_spy_regime"":{""score"":100.0},""M3_earnings_risk"":{""value"":null,""score"":80.0},""M4_vix"":{""value"":null,""score"":60.0},""_score"":84.0},""liquidity"":{""L1_price"":{""value"":217.52,""score"":100.0},""L2_dollar_vol"":{""value"":168660330.1060209,""score"":100.0},""L3_spread_proxy"":{""value"":0.01595255608679661,""score"":84.04744391320338},""L4_volume_zscore"":{""value"":-2.2802924123437815,""score"":100.0},""_score"":98.4},""pattern_structure"":{""n_contractions"":5,""contractions_pct"":[7.01,10.37,2.86,3.34,12.1],""descending_strict"":false,""final_low"":207.83,""final_pivot"":236.45,""structural_low"":207.83,""dry_up_ratio"":0.8684121155842819,""current_price"":217.52,""neckline_distance_pct"":0.08702648032364829,""base_bars"":37},""pattern_geometry_features"":{""contraction_count"":5.0,""first_contraction_pct"":0.07007011040373928,""last_contraction_pct"":0.12104038908860215,""dry_up_ratio"":0.8684121155842819,""near_monotone"":0.0,""base_depth_pct"":0.16258360867112576},""_schema_version"":""1.0""}",,,,,,,,,,
20260513T161427Z-28c0e1,2026-05-13T16:14:27.317311+00:00,COF,double_bottom,absent,47.96,17.9,42.2,73.1,60.9,40.0,19.0,60.9,84.0,98.8,2.69,10.55,5.85,8.52,5.2,1.52,3.66,5.04,4.94,True,risk_unclear,182.78,196.0,178.6889,210.59,"{""trend"":{""T1_ema_stack"":{""value"":[false,false,false],""score"":0.0},""T2_ema50_slope"":{""value"":-0.07198612687626943,""score"":38.002312187288425},""T3_high_proximity"":{""value"":0.8708785972936917,""score"":35.439298646845806},""T4_rs_1m"":{""value"":-0.15061323314908592,""score"":0},""T5_rs_3m"":{""value"":-0.21653516765664038,""score"":0},""T6_adr_healthy"":{""value"":2.37757930298003,""score"":100.0},""_score"":17.92},""geometry"":{""sub_low_similarity"":25.9,""sub_bounce_quality"":72.0,""sub_separation_fit"":0.0,""sub_right_bottom_reaction"":93.5,""sub_base_context"":30.0,""_score"":42.2},""compression"":{""VC1_atr_ratio"":{""value"":0.355302087430785,""score"":100},""VC2_range_contraction"":{""value"":0.8402733826876269,""score"":26.621102885395526},""VC3_range_pct_rank"":{""score"":95.0},""_score"":73.07},""sr_quality"":{""SR1_touches"":{""value"":4,""score"":75.0},""SR2_tightness"":{""value"":0.9198462847128256,""score"":56.93380312991223},""SR3_recency"":{""value"":232,""score"":0.0},""SR4_price_location"":{""score"":59.34392502000237},""SR5_reaction"":{""value"":2.875558691679111,""score"":100},""_score"":60.88,""_levels_found"":8,""_target_level"":187.2262},""volume"":{""V1_rvol_day"":{""value"":0.3239023089864535,""score"":0},""V2_rvol_sameslot"":{""value"":1.4617020612750775,""score"":64.11347075167183,""status"":""ok""},""V3_breakout_bar"":{""value"":1.3784289370743656,""score"":58.56192913829105},""V4_base_dryup"":{""value"":0.8741536095675139,""score"":62.584639043248615},""V5_bo_expansion"":{""value"":0.3239023089864535,""score"":0},""_score"":39.98},""readiness"":{""_distance_atr"":3.095,""BR1_atr_distance"":{""score"":0},""BR2_compression"":{""score"":6.120560704357459},""BR3_retest"":{""score"":50.0},""BR4_bo_age"":{""score"":50.0},""_score"":19.03},""risk"":{""R1_stop_clarity"":{""score"":0},""R2_stop_distance_pct"":{""value"":2.238291935660356,""score"":100.0},""R3_stop_distance_atr"":{""value"":0.9577158393375791,""score"":72.88579196687895},""R4_rr_potential"":{""value"":6.79759969690674,""score"":100.0},""_score"":60.93},""market"":{""M1_spy_regime"":{""score"":100.0},""M3_earnings_risk"":{""value"":null,""score"":80.0},""M4_vix"":{""value"":null,""score"":60.0},""_score"":84.0},""liquidity"":{""L1_price"":{""value"":182.78,""score"":100.0},""L2_dollar_vol"":{""value"":256104081.29620132,""score"":100.0},""L3_spread_proxy"":{""value"":0.012145748987854244,""score"":87.85425101214575},""L4_volume_zscore"":{""value"":-2.4485682954113517,""score"":100.0},""_score"":98.79},""pattern_structure"":{""left_low"":188.26,""left_idx"":24,""right_low"":181.41,""right_idx"":73,""separation_bars"":49,""structural_low"":181.41,""current_price"":182.84,""neckline_distance_pct"":0.07197549770290963,""base_bars"":49},""pattern_geometry_features"":{""low_similarity_pct"":0.037060080612438095,""bounce_pct"":0.08042555537180973,""right_bottom_reaction"":0.9346590909091016,""atr_pct"":0.023371148765885606},""_schema_version"":""1.0""}",,,,,,,,,,
20260513T161427Z-28c0e1,2026-05-13T16:14:27.317311+00:00,QUBT,vcp,breakout_confirmed,47.89,86.1,41.0,21.6,43.8,19.1,35.0,46.1,84.0,92.0,12.91,10.24,2.59,5.26,2.49,2.45,2.3,5.04,4.6,False,,10.97,10.17,7.8603,15.4969,"{""trend"":{""T1_ema_stack"":{""value"":[true,true,false],""score"":66.66666666666666},""T2_ema50_slope"":{""value"":0.33037684452521304,""score"":100},""T3_high_proximity"":{""value"":0.9312393887945671,""score"":65.61969439728355},""T4_rs_1m"":{""value"":0.28740610957540214,""score"":100},""T5_rs_3m"":{""value"":0.21544973630212172,""score"":100},""T6_adr_healthy"":{""value"":8.337168899077698,""score"":91.57077752305756},""_score"":86.09},""geometry"":{""sub_contraction_count"":100.0,""sub_reduction_rate"":23.8,""sub_pivot_tightness"":0,""sub_volume_dryup"":0,""sub_base_depth"":0.0,""sub_base_duration"":100.0,""_score"":40.95},""compression"":{""VC1_atr_ratio"":{""value"":0.8692597226453496,""score"":32.68506933866261},""VC2_range_contraction"":{""value"":1.3735091471425083,""score"":0},""VC3_range_pct_rank"":{""score"":34.166666666666664},""_score"":21.62},""sr_quality"":{""SR1_touches"":{""value"":3,""score"":50.0},""SR2_tightness"":{""value"":0.10412333498735513,""score"":78.94964310467265},""SR3_recency"":{""value"":308,""score"":0.0},""SR4_price_location"":{""score"":18.717628758482768},""SR5_reaction"":{""value"":1.6426448325740026,""score"":82.13224162870013},""_score"":43.84,""_levels_found"":5,""_target_level"":12.555},""volume"":{""V1_rvol_day"":{""value"":0.9602675309766662,""score"":30.68450206511108},""V2_rvol_sameslot"":{""value"":1.476101339182557,""score"":65.07342261217048,""status"":""ok""},""V3_breakout_bar"":{""value"":0.4021549443667107,""score"":0},""V4_base_dryup"":{""value"":2.0519334477300815,""score"":0},""V5_bo_expansion"":{""value"":0.9602675309766664,""score"":0},""_score"":19.15},""readiness"":{""_distance_atr"":-0.809,""BR1_atr_distance"":{""score"":43.826598025978505},""BR2_compression"":{""score"":0},""BR3_retest"":{""score"":50.0},""BR4_bo_age"":{""score"":50.0},""_score"":35.03},""risk"":{""R1_stop_clarity"":{""score"":75.80054729637038},""R2_stop_distance_pct"":{""value"":28.34731084776664,""score"":0.0},""R3_stop_distance_atr"":{""value"":3.143401757413412,""score"":100.0},""R4_rr_potential"":{""value"":1.4557352799305396,""score"":22.786763996526982},""_score"":46.09},""market"":{""M1_spy_regime"":{""score"":100.0},""M3_earnings_risk"":{""value"":null,""score"":80.0},""M4_vix"":{""value"":null,""score"":60.0},""_score"":84.0},""liquidity"":{""L1_price"":{""value"":10.97,""score"":100.0},""L2_dollar_vol"":{""value"":238677619.1230537,""score"":100.0},""L3_spread_proxy"":{""value"":0.07976298997265269,""score"":20.23701002734731},""L4_volume_zscore"":{""value"":-0.03130951824882693,""score"":100.0},""_score"":92.02},""pattern_structure"":{""n_contractions"":5,""contractions_pct"":[42.14,21.18,21.06,19.84,21.53],""descending_strict"":false,""final_low"":7.98,""final_pivot"":10.17,""structural_low"":7.98,""dry_up_ratio"":1.9268497253307582,""current_price"":10.97,""neckline_distance_pct"":-0.0729261622607111,""base_bars"":71},""pattern_geometry_features"":{""contraction_count"":5.0,""first_contraction_pct"":0.42135283198941903,""last_contraction_pct"":0.21533923303834804,""dry_up_ratio"":1.9268497253307582,""near_monotone"":0.0,""base_depth_pct"":0.40031111678903425},""_schema_version"":""1.0""}",,,,,,,,,,
20260513T161427Z-28c0e1,2026-05-13T16:14:27.317311+00:00,CW,bull_flag,absent,47.88,74.5,27.7,51.9,56.1,31.6,51.3,47.0,84.0,67.3,10.43,8.31,4.67,5.62,4.42,4.62,1.41,5.04,3.36,True,risk_unclear,744.97,750.0,702.0588,794.9,"{""trend"":{""T1_ema_stack"":{""value"":[true,true,true],""score"":100.0},""T2_ema50_slope"":{""value"":0.13557396526152207,""score"":72.59566087692035},""T3_high_proximity"":{""value"":1.0,""score"":99.99999999999997},""T4_rs_1m"":{""value"":-0.062066958146832274,""score"":0},""T5_rs_3m"":{""value"":0.1054747986348663,""score"":100},""T6_adr_healthy"":{""value"":2.9132218487352612,""score"":100.0},""_score"":74.52},""geometry"":{""sub_pole_impulse"":29.8,""sub_flag_tightness"":0,""sub_flag_shallowness"":0,""sub_flag_drift"":100,""sub_flag_duration"":37.5,""_score"":27.69},""compression"":{""VC1_atr_ratio"":{""value"":0.3292852318936871,""score"":100},""VC2_range_contraction"":{""value"":1.092186664424047,""score"":0},""VC3_range_pct_rank"":{""score"":47.5},""_score"":51.88},""sr_quality"":{""SR1_touches"":{""value"":2,""score"":25.0},""SR2_tightness"":{""value"":0.9300000000000068,""score"":91.40454205915344},""SR3_recency"":{""value"":227,""score"":0.0},""SR4_price_location"":{""score"":89.81651091309902},""SR5_reaction"":{""value"":1.664792324295669,""score"":83.23961621478345},""_score"":56.15,""_levels_found"":7,""_target_level"":749.07},""volume"":{""V1_rvol_day"":{""value"":0.3681153821375074,""score"":0},""V2_rvol_sameslot"":{""value"":1.1477412811597556,""score"":43.18275207731704,""status"":""ok""},""V3_breakout_bar"":{""value"":0.8912656220124181,""score"":26.084374800827874},""V4_base_dryup"":{""value"":0.6778639571211735,""score"":82.21360428788265},""V5_bo_expansion"":{""value"":0.3681153821375074,""score"":0},""_score"":31.6},""readiness"":{""_distance_atr"":0.232,""BR1_atr_distance"":{""score"":84.50352923209405},""BR2_compression"":{""score"":0},""BR3_retest"":{""score"":50.0},""BR4_bo_age"":{""score"":50.0},""_score"":51.3},""risk"":{""R1_stop_clarity"":{""score"":1.186892784865904},""R2_stop_distance_pct"":{""value"":5.760131280454246,""score"":100.0},""R3_stop_distance_atr"":{""value"":1.9830206696997241,""score"":100.0},""R4_rr_potential"":{""value"":1.1635643333624621,""score"":8.178216668123106},""_score"":47.05},""market"":{""M1_spy_regime"":{""score"":100.0},""M3_earnings_risk"":{""value"":null,""score"":80.0},""M4_vix"":{""value"":null,""score"":60.0},""_score"":84.0},""liquidity"":{""L1_price"":{""value"":744.97,""score"":0.0},""L2_dollar_vol"":{""value"":59068376.03933518,""score"":88.56775155046432},""L3_spread_proxy"":{""value"":0.031497912667624244,""score"":68.50208733237575},""L4_volume_zscore"":{""value"":-1.6964745291655106,""score"":100.0},""_score"":67.28},""pattern_structure"":{""pole_low"":705.1,""pole_low_idx"":11,""peak_price"":750.0,""peak_idx"":34,""pole_gain"":0.06367891079279532,""flag_bars"":25,""flag_low"":712.75,""flag_high"":748.285,""structural_low"":712.75,""current_price"":742.08,""neckline_distance_pct"":0.01067270375161702,""base_bars"":25},""pattern_geometry_features"":{""pole_gain"":0.06367891079279532,""pullback_pct"":0.049666666666666665,""flag_range_pct"":0.04737999999999996,""flag_drift_per_bar"":7.26734832653297e-05,""atr_pct"":0.029047257895332298,""pole_atr_multiple"":2.1922520542990083},""_schema_version"":""1.0""}",,,,,,,,,,
20260513T161427Z-28c0e1,2026-05-13T16:14:27.317311+00:00,ASML,high_tight_pullback,absent,47.87,69.0,48.4,31.4,41.2,22.5,41.4,69.0,84.0,72.1,8.28,16.95,3.14,3.3,3.15,3.73,0.69,5.04,3.61,True,risk_unclear,1555.31,1595.31,1452.875,1809.24,"{""trend"":{""T1_ema_stack"":{""value"":[true,true,true],""score"":100.0},""T2_ema50_slope"":{""value"":0.1610363774657774,""score"":76.83939624429624},""T3_high_proximity"":{""value"":0.9769412444567279,""score"":88.47062222836394},""T4_rs_1m"":{""value"":-0.040868991730791615,""score"":9.131008269208387},""T5_rs_3m"":{""value"":0.014270508767011636,""score"":57.13525438350582},""T6_adr_healthy"":{""value"":3.0971561394538476,""score"":100.0},""_score"":69.03},""geometry"":{""sub_pole_impulse"":75.2,""sub_flag_tightness"":38.1,""sub_flag_shallowness"":2.6,""sub_flag_drift"":92.1,""sub_flag_duration"":20.0,""_score"":48.42},""compression"":{""VC1_atr_ratio"":{""value"":0.7988421927312,""score"":50.28945181719998},""VC2_range_contraction"":{""value"":1.0815955986358683,""score"":0},""VC3_range_pct_rank"":{""score"":44.99999999999999},""_score"":31.37},""sr_quality"":{""SR1_touches"":{""value"":2,""score"":25.0},""SR2_tightness"":{""value"":7.6200000000000045,""score"":74.643619012532},""SR3_recency"":{""value"":244,""score"":0.0},""SR4_price_location"":{""score"":30.0},""SR5_reaction"":{""value"":2.858998508518085,""score"":100},""_score"":41.2,""_levels_found"":4,""_target_level"":1539.6},""volume"":{""V1_rvol_day"":{""value"":0.46872836140885854,""score"":0},""V2_rvol_sameslot"":{""value"":0.6976226090822089,""score"":13.17484060548059,""status"":""ok""},""V3_breakout_bar"":{""value"":0.900818948562404,""score"":26.7212632374936},""V4_base_dryup"":{""value"":0.8417461929448169,""score"":65.82538070551831},""V5_bo_expansion"":{""value"":0.4687283614088585,""score"":0},""_score"":22.48},""readiness"":{""_distance_atr"":0.666,""BR1_atr_distance"":{""score"":55.631879287020155},""BR2_compression"":{""score"":6.569844460662722},""BR3_retest"":{""score"":50.0},""BR4_bo_age"":{""score"":50.0},""_score"":41.4},""risk"":{""R1_stop_clarity"":{""score"":26.37664969189906},""R2_stop_distance_pct"":{""value"":6.586146813175506,""score"":100.0},""R3_stop_distance_atr"":{""value"":1.7043181669627832,""score"":100.0},""R4_rr_potential"":{""value"":2.478937863035095,""score"":73.94689315175475},""_score"":69.02},""market"":{""M1_spy_regime"":{""score"":100.0},""M3_earnings_risk"":{""value"":null,""score"":80.0},""M4_vix"":{""value"":null,""score"":60.0},""_score"":84.0},""liquidity"":{""L1_price"":{""value"":1555.31,""score"":0.0},""L2_dollar_vol"":{""value"":1246505105.261781,""score"":100.0},""L3_spread_proxy"":{""value"":0.028881637744243977,""score"":71.11836225575603},""L4_volume_zscore"":{""value"":-1.6768989361011082,""score"":100.0},""_score"":72.11},""pattern_structure"":{""pole_low"":1381.38,""pole_low_idx"":21,""peak_price"":1595.31,""peak_idx"":45,""pole_gain"":0.15486687225817647,""flag_bars"":14,""flag_low"":1475.0,""flag_high"":1566.82,""structural_low"":1475.0,""current_price"":1547.77,""neckline_distance_pct"":0.030715157936902746,""base_bars"":14},""pattern_geometry_features"":{""pole_gain"":0.15486687225817647,""pullback_pct"":0.07541480966081825,""flag_range_pct"":0.0575562116453855,""flag_drift_per_bar"":-0.0015768528134805925,""atr_pct"":0.03864388082486083,""pole_atr_multiple"":4.007539329707945},""_schema_version"":""1.0""}",,,,,,,,,,
20260513T161427Z-28c0e1,2026-05-13T16:14:27.317311+00:00,QCOM,vcp,breakout_confirmed,47.82,92.2,56.5,1.9,35.2,11.6,30.4,40.8,84.0,94.2,13.83,14.11,0.22,4.22,1.51,2.13,2.04,5.04,4.71,False,,212.79,138.5,130.0693,184.7692,"{""trend"":{""T1_ema_stack"":{""value"":[true,true,true],""score"":100.0},""T2_ema50_slope"":{""value"":0.508988428816407,""score"":100},""T3_high_proximity"":{""value"":0.895844735401844,""score"":47.92236770092195},""T4_rs_1m"":{""value"":0.5366069133384745,""score"":100},""T5_rs_3m"":{""value"":0.4396273410077476,""score"":100},""T6_adr_healthy"":{""value"":6.671215018192996,""score"":100.0},""_score"":92.19},""geometry"":{""sub_contraction_count"":100.0,""sub_reduction_rate"":0,""sub_pivot_tightness"":76.3,""sub_volume_dryup"":0,""sub_base_depth"":100.0,""sub_base_duration"":100.0,""_score"":56.45},""compression"":{""VC1_atr_ratio"":{""value"":1.528992079529262,""score"":0},""VC2_range_contraction"":{""value"":3.1337996309564145,""score"":0},""VC3_range_pct_rank"":{""score"":7.499999999999996},""_score"":1.87},""sr_quality"":{""SR1_touches"":{""value"":2,""score"":25.0},""SR2_tightness"":{""value"":0.5049999999999955,""score"":94.78804213208153},""SR3_recency"":{""value"":311,""score"":0.0},""SR4_price_location"":{""score"":30.0},""SR5_reaction"":{""value"":0.7965006900130918,""score"":39.82503450065459},""_score"":35.19,""_levels_found"":4,""_target_level"":183.945},""volume"":{""V1_rvol_day"":{""value"":0.516009708858206,""score"":1.0673139238803975},""V2_rvol_sameslot"":{""value"":1.007465764926044,""score"":33.831050995069596,""status"":""ok""},""V3_breakout_bar"":{""value"":0.7773940673940662,""score"":18.49293782627108},""V4_base_dryup"":{""value"":2.0865161773834444,""score"":0},""V5_bo_expansion"":{""value"":0.516009708858206,""score"":0},""_score"":11.6},""readiness"":{""_distance_atr"":-3.834,""BR1_atr_distance"":{""score"":0},""BR2_compression"":{""score"":51.76454128962873},""BR3_retest"":{""score"":50.0},""BR4_bo_age"":{""score"":50.0},""_score"":30.44},""risk"":{""R1_stop_clarity"":{""score"":79.55725634281265},""R2_stop_distance_pct"":{""value"":38.874359697354194,""score"":0.0},""R3_stop_distance_atr"":{""value"":4.268683800025948,""score"":86.5658099987026},""R4_rr_potential"":{""value"":-0.33873967535352395,""score"":0.0},""_score"":40.83},""market"":{""M1_spy_regime"":{""score"":100.0},""M3_earnings_risk"":{""value"":null,""score"":80.0},""M4_vix"":{""value"":null,""score"":60.0},""_score"":84.0},""liquidity"":{""L1_price"":{""value"":212.79,""score"":100.0},""L2_dollar_vol"":{""value"":2992888723.2940664,""score"":100.0},""L3_spread_proxy"":{""value"":0.057991446966492805,""score"":42.0085530335072},""L4_volume_zscore"":{""value"":-0.8308890273797312,""score"":100.0},""_score"":94.2},""pattern_structure"":{""n_contractions"":5,""contractions_pct"":[4.1,16.92,3.35,6.33,4.66],""descending_strict"":false,""final_low"":132.05,""final_pivot"":138.5,""structural_low"":132.05,""dry_up_ratio"":2.5473355797746167,""current_price"":212.79,""neckline_distance_pct"":-0.3491235490389586,""base_bars"":83},""pattern_geometry_features"":{""contraction_count"":5.0,""first_contraction_pct"":0.040989416731344715,""last_contraction_pct"":0.04657039711191328,""dry_up_ratio"":2.5473355797746167,""near_monotone"":0.0,""base_depth_pct"":0.2594740218664058},""_schema_version"":""1.0""}",,,,,,,,,,
20260513T161427Z-28c0e1,2026-05-13T16:14:27.317311+00:00,ARM,bull_flag,absent,47.82,93.3,28.2,29.9,53.6,26.3,26.4,81.1,84.0,94.5,13.06,8.45,2.69,5.36,3.68,2.38,2.43,5.04,4.72,False,,216.1799,239.5,197.8766,280.65,"{""trend"":{""T1_ema_stack"":{""value"":[true,true,true],""score"":100.0},""T2_ema50_slope"":{""value"":0.9530451805430896,""score"":100},""T3_high_proximity"":{""value"":0.9109983143699958,""score"":55.49915718499787},""T4_rs_1m"":{""value"":0.27565507389203137,""score"":100},""T5_rs_3m"":{""value"":0.6564803252068625,""score"":100},""T6_adr_healthy"":{""value"":6.45253028253117,""score"":100.0},""_score"":93.32},""geometry"":{""sub_pole_impulse"":38.6,""sub_flag_tightness"":0,""sub_flag_shallowness"":0,""sub_flag_drift"":94.0,""sub_flag_duration"":25.0,""_score"":28.18},""compression"":{""VC1_atr_ratio"":{""value"":0.7801143618437474,""score"":54.97140953906315},""VC2_range_contraction"":{""value"":1.174680712492378,""score"":0},""VC3_range_pct_rank"":{""score"":31.666666666666664},""_score"":29.91},""sr_quality"":{""SR1_touches"":{""value"":2,""score"":25.0},""SR2_tightness"":{""value"":0.9099999999999966,""score"":89.6684496835659},""SR3_recency"":{""value"":228,""score"":0.0},""SR4_price_location"":{""score"":70.53628714173021},""SR5_reaction"":{""value"":2.3382228435929795,""score"":100},""_score"":53.58,""_levels_found"":5,""_target_level"":238.59},""volume"":{""V1_rvol_day"":{""value"":0.4146368453889079,""score"":0},""V2_rvol_sameslot"":{""value"":0.9955753476126646,""score"":33.038356507510976,""status"":""ok""},""V3_breakout_bar"":{""value"":1.519564429635849,""score"":67.97096197572327},""V4_base_dryup"":{""value"":1.3662530925524294,""score"":13.37469074475706},""V5_bo_expansion"":{""value"":0.41463684538890794,""score"":0},""_score"":26.28},""readiness"":{""_distance_atr"":1.324,""BR1_atr_distance"":{""score"":11.746232038726845},""BR2_compression"":{""score"":16.880680494390177},""BR3_retest"":{""score"":50.0},""BR4_bo_age"":{""score"":50.0},""_score"":26.42},""risk"":{""R1_stop_clarity"":{""score"":65.78837676260787},""R2_stop_distance_pct"":{""value"":8.46667520893479,""score"":88.33311977663026},""R3_stop_distance_atr"":{""value"":1.039016199611392,""score"":76.9508099805696},""R4_rr_potential"":{""value"":3.5223307336128777,""score"":100.0},""_score"":81.07},""market"":{""M1_spy_regime"":{""score"":100.0},""M3_earnings_risk"":{""value"":null,""score"":80.0},""M4_vix"":{""value"":null,""score"":60.0},""_score"":84.0},""liquidity"":{""L1_price"":{""value"":216.1799,""score"":100.0},""L2_dollar_vol"":{""value"":991178111.5263568,""score"":100.0},""L3_spread_proxy"":{""value"":0.05518551909775149,""score"":44.81448090224851},""L4_volume_zscore"":{""value"":-1.032001132335348,""score"":100.0},""_score"":94.48},""pattern_structure"":{""pole_low"":198.35,""pole_low_idx"":18,""peak_price"":239.5,""peak_idx"":33,""pole_gain"":0.20746155785228135,""flag_bars"":26,""flag_low"":200.89,""flag_high"":232.23,""structural_low"":200.89,""current_price"":218.21,""neckline_distance_pct"":0.09756656431877544,""base_bars"":26},""pattern_geometry_features"":{""pole_gain"":0.20746155785228135,""pullback_pct"":0.16121085594989568,""flag_range_pct"":0.1308559498956159,""flag_drift_per_bar"":-0.0011909036108477139,""atr_pct"":0.08148742254549501,""pole_atr_multiple"":2.545933487299271},""_schema_version"":""1.0""}",,,,,,,,,,
20260513T161427Z-28c0e1,2026-05-13T16:14:27.317311+00:00,HEI,bull_flag,forming,47.56,17.6,57.2,46.7,55.6,28.2,28.4,66.1,84.0,92.8,2.46,17.17,4.2,5.56,3.95,2.56,1.98,5.04,4.64,True,risk_unclear,291.17,301.095,278.9421,337.2325,"{""trend"":{""T1_ema_stack"":{""value"":[true,false,false],""score"":33.33333333333333},""T2_ema50_slope"":{""value"":-0.23545807059791557,""score"":10.756988233680737},""T3_high_proximity"":{""value"":0.8279872604219985,""score"":13.993630210999253},""T4_rs_1m"":{""value"":-0.0946459185460451,""score"":0},""T5_rs_3m"":{""value"":-0.16596083488237867,""score"":0},""T6_adr_healthy"":{""value"":3.1735020965375096,""score"":100.0},""_score"":17.58},""geometry"":{""sub_pole_impulse"":84.2,""sub_flag_tightness"":44.5,""sub_flag_shallowness"":12.8,""sub_flag_drift"":96.9,""sub_flag_duration"":37.5,""_score"":57.23},""compression"":{""VC1_atr_ratio"":{""value"":0.5728452187360256,""score"":100},""VC2_range_contraction"":{""value"":1.1430768176706438,""score"":0},""VC3_range_pct_rank"":{""score"":26.66666666666667},""_score"":46.67},""sr_quality"":{""SR1_touches"":{""value"":2,""score"":25.0},""SR2_tightness"":{""value"":0.7850500000000125,""score"":82.73231530135192},""SR3_recency"":{""value"":262,""score"":0.0},""SR4_price_location"":{""score"":82.69475772970335},""SR5_reaction"":{""value"":3.4714578952205795,""score"":100},""_score"":55.58,""_levels_found"":5,""_target_level"":296.4151},""volume"":{""V1_rvol_day"":{""value"":0.2985314389037347,""score"":0},""V2_rvol_sameslot"":{""value"":1.2059536881962423,""score"":47.06357921308282,""status"":""ok""},""V3_breakout_bar"":{""value"":1.1625307414221648,""score"":44.16871609481099},""V4_base_dryup"":{""value"":1.1127966364400712,""score"":38.72033635599288},""V5_bo_expansion"":{""value"":0.2985314389037347,""score"":0},""_score"":28.2},""readiness"":{""_distance_atr"":1.092,""BR1_atr_distance"":{""score"":27.231059323576133},""BR2_compression"":{""score"":0},""BR3_retest"":{""score"":50.0},""BR4_bo_age"":{""score"":50.0},""_score"":28.39},""risk"":{""R1_stop_clarity"":{""score"":6.565779953949985},""R2_stop_distance_pct"":{""value"":4.199556959851649,""score"":100.0},""R3_stop_distance_atr"":{""value"":1.344797518262285,""score"":92.23987591311426},""R4_rr_potential"":{""value"":3.7670154606083557,""score"":100.0},""_score"":66.13},""market"":{""M1_spy_regime"":{""score"":100.0},""M3_earnings_risk"":{""value"":null,""score"":80.0},""M4_vix"":{""value"":null,""score"":60.0},""_score"":84.0},""liquidity"":{""L1_price"":{""value"":291.17,""score"":100.0},""L2_dollar_vol"":{""value"":61993336.86557132,""score"":89.61725067005632},""L3_spread_proxy"":{""value"":0.03025723803963321,""score"":69.74276196036679},""L4_volume_zscore"":{""value"":-1.568188215986088,""score"":100.0},""_score"":92.82},""pattern_structure"":{""pole_low"":264.9575,""pole_low_idx"":10,""peak_price"":301.095,""peak_idx"":34,""pole_gain"":0.13638979836388873,""flag_bars"":25,""flag_low"":283.19,""flag_high"":296.87,""structural_low"":283.19,""current_price"":290.45,""neckline_distance_pct"":0.03665002582200048,""base_bars"":25},""pattern_geometry_features"":{""pole_gain"":0.13638979836388873,""pullback_pct"":0.05946628140620079,""flag_range_pct"":0.04543416529666718,""flag_drift_per_bar"":-0.0006105250473403484,""atr_pct"":0.031228173035879894,""pole_atr_multiple"":4.367524100983507},""_schema_version"":""1.0""}",,,,,,,,,,
20260513T161427Z-28c0e1,2026-05-13T16:14:27.317311+00:00,AMZN,bull_flag,absent,47.02,90.7,29.0,52.1,45.0,18.1,23.0,63.7,84.0,97.7,12.7,8.71,4.69,4.5,2.53,2.07,1.91,5.04,4.89,True,risk_unclear,268.36,277.8,258.6905,297.765,"{""trend"":{""T1_ema_stack"":{""value"":[true,true,true],""score"":100.0},""T2_ema50_slope"":{""value"":0.47968826029074946,""score"":100},""T3_high_proximity"":{""value"":0.9758900323648133,""score"":87.94501618240663},""T4_rs_1m"":{""value"":0.012419506109544454,""score"":62.41950610954446},""T5_rs_3m"":{""value"":0.24588093057134786,""score"":100},""T6_adr_healthy"":{""value"":2.491705408231083,""score"":100.0},""_score"":90.68},""geometry"":{""sub_pole_impulse"":46.3,""sub_flag_tightness"":0,""sub_flag_shallowness"":0,""sub_flag_drift"":92.5,""sub_flag_duration"":12.5,""_score"":29.02},""compression"":{""VC1_atr_ratio"":{""value"":0.42338454844183704,""score"":100},""VC2_range_contraction"":{""value"":1.1168529182950775,""score"":0},""VC3_range_pct_rank"":{""score"":48.33333333333333},""_score"":52.08},""sr_quality"":{""SR1_touches"":{""value"":2,""score"":25.0},""SR2_tightness"":{""value"":0.009999999999990905,""score"":99.72559081278067},""SR3_recency"":{""value"":232,""score"":0.0},""SR4_price_location"":{""score"":30.0},""SR5_reaction"":{""value"":2.278625288374653,""score"":100},""_score"":44.96,""_levels_found"":7,""_target_level"":256.17},""volume"":{""V1_rvol_day"":{""value"":0.30709969763406136,""score"":0},""V2_rvol_sameslot"":{""value"":0.6087993994183478,""score"":7.253293294556522,""status"":""ok""},""V3_breakout_bar"":{""value"":0.9510315270475116,""score"":30.068768469834104},""V4_base_dryup"":{""value"":1.043934502835625,""score"":45.60654971643749},""V5_bo_expansion"":{""value"":0.30709969763406136,""score"":0},""_score"":18.09},""readiness"":{""_distance_atr"":1.295,""BR1_atr_distance"":{""score"":13.652575754902983},""BR2_compression"":{""score"":0},""BR3_retest"":{""score"":50.0},""BR4_bo_age"":{""score"":50.0},""_score"":22.96},""risk"":{""R1_stop_clarity"":{""score"":0},""R2_stop_distance_pct"":{""value"":3.603163660754226,""score"":100.0},""R3_stop_distance_atr"":{""value"":1.3266929576802284,""score"":91.33464788401142},""R4_rr_potential"":{""value"":3.041020947416855,""score"":100.0},""_score"":63.7},""market"":{""M1_spy_regime"":{""score"":100.0},""M3_earnings_risk"":{""value"":null,""score"":80.0},""M4_vix"":{""value"":null,""score"":60.0},""_score"":84.0},""liquidity"":{""L1_price"":{""value"":268.36,""score"":100.0},""L2_dollar_vol"":{""value"":3753170986.47092,""score"":100.0},""L3_spread_proxy"":{""value"":0.022991503949918078,""score"":77.00849605008193},""L4_volume_zscore"":{""value"":-1.8611797193435469,""score"":100.0},""_score"":97.7},""pattern_structure"":{""pole_low"":257.835,""pole_low_idx"":7,""peak_price"":277.8,""peak_idx"":32,""pole_gain"":0.07743324218977266,""flag_bars"":27,""flag_low"":262.63,""flag_high"":277.08,""structural_low"":262.63,""current_price"":267.07,""neckline_distance_pct"":0.04017673269180372,""base_bars"":27},""pattern_geometry_features"":{""pole_gain"":0.07743324218977266,""pullback_pct"":0.054607631389488896,""flag_range_pct"":0.052015838732901325,""flag_drift_per_bar"":-0.0014948651611324225,""atr_pct"":0.027158986861997747,""pole_atr_multiple"":2.8511093798613394},""_schema_version"":""1.0""}",,,,,,,,,,
20260513T161427Z-28c0e1,2026-05-13T16:14:27.317311+00:00,COF,vcp,invalidated,46.94,17.9,45.0,73.1,60.9,37.8,19.0,14.1,84.0,98.8,2.69,11.25,8.77,7.31,4.92,1.33,0.71,5.04,4.94,True,risk_unclear,182.78,210.84,185.4361,249.0799,"{""trend"":{""T1_ema_stack"":{""value"":[false,false,false],""score"":0.0},""T2_ema50_slope"":{""value"":-0.07198612687626943,""score"":38.002312187288425},""T3_high_proximity"":{""value"":0.8708785972936917,""score"":35.439298646845806},""T4_rs_1m"":{""value"":-0.15061323314908592,""score"":0},""T5_rs_3m"":{""value"":-0.21653516765664038,""score"":0},""T6_adr_healthy"":{""value"":2.37757930298003,""score"":100.0},""_score"":17.92},""geometry"":{""sub_contraction_count"":100.0,""sub_reduction_rate"":0,""sub_pivot_tightness"":0,""sub_volume_dryup"":0,""sub_base_depth"":100.0,""sub_base_duration"":100.0,""_score"":45.0},""compression"":{""VC1_atr_ratio"":{""value"":0.355302087430785,""score"":100},""VC2_range_contraction"":{""value"":0.8402733826876269,""score"":26.621102885395526},""VC3_range_pct_rank"":{""score"":95.0},""_score"":73.07},""sr_quality"":{""SR1_touches"":{""value"":4,""score"":75.0},""SR2_tightness"":{""value"":0.9198462847128256,""score"":56.93380312991223},""SR3_recency"":{""value"":232,""score"":0.0},""SR4_price_location"":{""score"":59.34392502000237},""SR5_reaction"":{""value"":2.875558691679111,""score"":100},""_score"":60.88,""_levels_found"":8,""_target_level"":187.2262},""volume"":{""V1_rvol_day"":{""value"":0.3239023089864535,""score"":0},""V2_rvol_sameslot"":{""value"":1.4617020612750775,""score"":64.11347075167183,""status"":""ok""},""V3_breakout_bar"":{""value"":1.3784289370743656,""score"":58.56192913829105},""V4_base_dryup"":{""value"":0.9828130534667299,""score"":51.71869465332701},""V5_bo_expansion"":{""value"":0.3239023089864535,""score"":0},""_score"":37.81},""readiness"":{""_distance_atr"":6.569,""BR1_atr_distance"":{""score"":0},""BR2_compression"":{""score"":6.120560704357459},""BR3_retest"":{""score"":50.0},""BR4_bo_age"":{""score"":50.0},""_score"":19.03},""risk"":{""R1_stop_clarity"":{""score"":0},""R2_stop_distance_pct"":{""value"":-1.4531677426414165,""score"":13.67080643396459},""R3_stop_distance_atr"":{""value"":-0.6217784830339944,""score"":0.0},""R4_rr_potential"":{""value"":null,""score"":50.0},""_score"":14.1},""market"":{""M1_spy_regime"":{""score"":100.0},""M3_earnings_risk"":{""value"":null,""score"":80.0},""M4_vix"":{""value"":null,""score"":60.0},""_score"":84.0},""liquidity"":{""L1_price"":{""value"":182.78,""score"":100.0},""L2_dollar_vol"":{""value"":256104081.29620132,""score"":100.0},""L3_spread_proxy"":{""value"":0.012145748987854244,""score"":87.85425101214575},""L4_volume_zscore"":{""value"":-2.4485682954113517,""score"":100.0},""_score"":98.79},""pattern_structure"":{""n_contractions"":5,""contractions_pct"":[10.71,10.56,4.42,8.38,10.71],""descending_strict"":false,""final_low"":188.26,""final_pivot"":210.84,""structural_low"":188.26,""dry_up_ratio"":1.0595510776762822,""current_price"":182.78,""neckline_distance_pct"":0.15351789035999563,""base_bars"":55},""pattern_geometry_features"":{""contraction_count"":5.0,""first_contraction_pct"":0.10710777355751587,""last_contraction_pct"":0.10709542781255935,""dry_up_ratio"":1.0595510776762822,""near_monotone"":0.0,""base_depth_pct"":0.16882965511243053},""_schema_version"":""1.0""}",,,,,,,,,,
20260513T161427Z-28c0e1,2026-05-13T16:14:27.317311+00:00,MU,vcp,breakout_confirmed,46.86,99.3,35.0,15.2,51.1,31.0,17.5,28.6,84.0,70.5,14.9,8.75,1.83,6.14,4.03,1.23,1.43,5.04,3.53,False,,788.4318,471.34,306.8177,404.2199,"{""trend"":{""T1_ema_stack"":{""value"":[true,true,true],""score"":100.0},""T2_ema50_slope"":{""value"":0.681242411756172,""score"":100},""T3_high_proximity"":{""value"":0.9913266191392252,""score"":95.66330956961255},""T4_rs_1m"":{""value"":0.6279041402135908,""score"":100},""T5_rs_3m"":{""value"":0.852317435778845,""score"":100},""T6_adr_healthy"":{""value"":5.871662421553951,""score"":100.0},""_score"":99.35},""geometry"":{""sub_contraction_count"":100.0,""sub_reduction_rate"":0,""sub_pivot_tightness"":0,""sub_volume_dryup"":0,""sub_base_depth"":0.0,""sub_base_duration"":100.0,""_score"":35.0},""compression"":{""VC1_atr_ratio"":{""value"":1.22674506936501,""score"":0},""VC2_range_contraction"":{""value"":1.3434581541429855,""score"":0},""VC3_range_pct_rank"":{""score"":60.83333333333334},""_score"":15.21},""sr_quality"":{""SR1_touches"":{""value"":4,""score"":75.0},""SR2_tightness"":{""value"":7.9966410918506945,""score"":68.67453276812543},""SR3_recency"":{""value"":240,""score"":0.0},""SR4_price_location"":{""score"":30.0},""SR5_reaction"":{""value"":1.4467618316251225,""score"":72.33809158125612},""_score"":51.15,""_levels_found"":3,""_target_level"":441.765},""volume"":{""V1_rvol_day"":{""value"":0.6918361849785826,""score"":12.78907899857217},""V2_rvol_sameslot"":{""value"":1.2122498097174936,""score"":47.48332064783291,""status"":""ok""},""V3_breakout_bar"":{""value"":0.8475074093388246,""score"":23.16716062258831},""V4_base_dryup"":{""value"":0.8427386137587666,""score"":65.72613862412334},""V5_bo_expansion"":{""value"":0.6918361849785826,""score"":0},""_score"":30.99},""readiness"":{""_distance_atr"":-6.211,""BR1_atr_distance"":{""score"":0},""BR2_compression"":{""score"":0},""BR3_retest"":{""score"":50.0},""BR4_bo_age"":{""score"":50.0},""_score"":17.5},""risk"":{""R1_stop_clarity"":{""score"":81.69687183159856},""R2_stop_distance_pct"":{""value"":61.08507419411545,""score"":0.0},""R3_stop_distance_atr"":{""value"":9.433203329337195,""score"":0.0},""R4_rr_potential"":{""value"":-0.797758745252813,""score"":0.0},""_score"":28.59},""market"":{""M1_spy_regime"":{""score"":100.0},""M3_earnings_risk"":{""value"":null,""score"":80.0},""M4_vix"":{""value"":null,""score"":60.0},""_score"":84.0},""liquidity"":{""L1_price"":{""value"":788.4318,""score"":0.0},""L2_dollar_vol"":{""value"":24519701406.548775,""score"":100.0},""L3_spread_proxy"":{""value"":0.04500072168575649,""score"":54.99927831424351},""L4_volume_zscore"":{""value"":-0.9956592958818886,""score"":100.0},""_score"":70.5},""pattern_structure"":{""n_contractions"":5,""contractions_pct"":[8.61,16.26,20.11,18.13,33.91],""descending_strict"":false,""final_low"":311.49,""final_pivot"":471.34,""structural_low"":311.49,""dry_up_ratio"":1.2747897160984594,""current_price"":788.4318,""neckline_distance_pct"":-0.40218037882287344,""base_bars"":81},""pattern_geometry_features"":{""contraction_count"":5.0,""first_contraction_pct"":0.08609857433341826,""last_contraction_pct"":0.339139474689184,""dry_up_ratio"":1.2747897160984594,""near_monotone"":0.0,""base_depth_pct"":-0.27466598791422353},""_schema_version"":""1.0""}",,,,,,,,,,
20260513T161427Z-28c0e1,2026-05-13T16:14:27.317311+00:00,RTX,breakout_retest_hold,setup,46.73,16.7,70.1,61.8,51.0,10.0,39.9,49.6,84.0,97.7,2.34,15.43,3.71,7.14,1.31,7.18,2.48,4.2,2.93,True,risk_unclear,179.35,176.9,173.5444,180.1052,"{""trend"":{""T1_ema_stack"":{""value"":[false,false,true],""score"":33.33333333333333},""T2_ema50_slope"":{""value"":-0.34530611114670273,""score"":0},""T3_high_proximity"":{""value"":0.8453525641025641,""score"":22.676282051282026},""T4_rs_1m"":{""value"":-0.18091970800206136,""score"":0},""T5_rs_3m"":{""value"":-0.15641738954031614,""score"":0},""T6_adr_healthy"":{""value"":2.5941402290459483,""score"":100.0},""_score"":16.73},""geometry"":{""sub_retest_depth"":94.3,""sub_retest_timing"":20.0,""sub_retest_freshness"":100.0,""sub_hold_quality"":59.5,""_score"":70.14},""compression"":{""VC1_atr_ratio"":{""value"":0.2534262844118403,""score"":100},""VC2_range_contraction"":{""value"":0.8193213719515016,""score"":30.113104674749742},""VC3_range_pct_rank"":{""score"":44.99999999999999},""_score"":61.79},""sr_quality"":{""SR1_touches"":{""value"":2,""score"":25.0},""SR2_tightness"":{""value"":0.05310000000000059,""score"":97.4375501959581},""SR3_recency"":{""value"":313,""score"":0.0},""SR4_price_location"":{""score"":55.66770425617143},""SR5_reaction"":{""value"":2.4449559309648325,""score"":100},""_score"":51.03,""_levels_found"":7,""_target_level"":182.2269},""volume"":{""V1_rvol_day"":{""value"":0.21406196764576985,""score"":0},""V2_rvol_sameslot"":{""value"":0.5739525022056567,""score"":4.930166813710449,""status"":""ok""},""V3_breakout_bar"":{""value"":0.8735029422633112,""score"":24.90019615088741},""V4_base_dryup"":{""value"":1.3586486434038203,""score"":14.135135659617973},""V5_bo_expansion"":{""value"":0.21406196764576985,""score"":0},""_score"":10.04},""readiness"":{""_distance_atr"":-0.591,""BR1_atr_distance"":{""score"":48.17702067814961},""BR2_compression"":{""score"":0},""BR3_retest"":{""score"":80.66580952939034},""BR4_bo_age"":{""score"":30.0},""_score"":39.9},""risk"":{""R1_stop_clarity"":{""score"":15.406631209218773},""R2_stop_distance_pct"":{""value"":3.2370080847504763,""score"":100.0},""R3_stop_distance_atr"":{""value"":1.4007996194586187,""score"":95.03998097293093},""R4_rr_potential"":{""value"":0.13008188337621823,""score"":0.0},""_score"":49.65},""market"":{""M1_spy_regime"":{""score"":100.0},""M3_earnings_risk"":{""value"":null,""score"":80.0},""M4_vix"":{""value"":null,""score"":60.0},""_score"":84.0},""liquidity"":{""L1_price"":{""value"":179.35,""score"":100.0},""L2_dollar_vol"":{""value"":223438360.3670101,""score"":100.0},""L3_spread_proxy"":{""value"":0.02309785335935315,""score"":76.90214664064685},""L4_volume_zscore"":{""value"":-2.499655696871627,""score"":100.0},""_score"":97.69},""pattern_structure"":{""level"":176.9,""level_idx"":59,""breakout_idx"":66,""bo_peak_idx"":70,""bo_peak_price"":179.93,""retest_idx"":78,""retest_low"":175.2974,""structural_low"":175.2974,""current_price"":178.94,""neckline_distance_pct"":-0.011400469431094178,""base_bars"":20,""bars_since_breakout"":13},""pattern_geometry_features"":{""retest_depth_atr"":1.039933407626646,""bars_breakout_to_retest"":12.0,""bars_since_retest"":1.0,""current_above_level_atr"":1.323763978259301,""bo_peak_excess_pct"":0.017128321085358965,""atr_pct"":0.02310828786490901},""_schema_version"":""1.0""}",,,,,,,,,,
20260513T161427Z-28c0e1,2026-05-13T16:14:27.317311+00:00,AMD,vcp,breakout_confirmed,46.7,97.8,47.6,6.2,39.7,17.1,17.5,28.1,84.0,94.0,14.67,11.91,0.75,4.77,2.23,1.23,1.41,5.04,4.7,False,,445.4399,221.33,189.972,288.9948,"{""trend"":{""T1_ema_stack"":{""value"":[true,true,true],""score"":100.0},""T2_ema50_slope"":{""value"":0.9277170424867814,""score"":100},""T3_high_proximity"":{""value"":0.9709015017764119,""score"":85.45075088820592},""T4_rs_1m"":{""value"":0.681098810261469,""score"":100},""T5_rs_3m"":{""value"":1.016494480819201,""score"":100},""T6_adr_healthy"":{""value"":5.446719529708108,""score"":100.0},""_score"":97.82},""geometry"":{""sub_contraction_count"":100.0,""sub_reduction_rate"":10.6,""sub_pivot_tightness"":0,""sub_volume_dryup"":0,""sub_base_depth"":100.0,""sub_base_duration"":100.0,""_score"":47.65},""compression"":{""VC1_atr_ratio"":{""value"":1.2918731876170075,""score"":0},""VC2_range_contraction"":{""value"":1.3373012622902039,""score"":0},""VC3_range_pct_rank"":{""score"":25.0},""_score"":6.25},""sr_quality"":{""SR1_touches"":{""value"":2,""score"":25.0},""SR2_tightness"":{""value"":3.2150999999999783,""score"":78.18985813915529},""SR3_recency"":{""value"":295,""score"":0.0},""SR4_price_location"":{""score"":30.0},""SR5_reaction"":{""value"":1.7335606505141283,""score"":86.67803252570641},""_score"":39.73,""_levels_found"":3,""_target_level"":263.7449},""volume"":{""V1_rvol_day"":{""value"":0.3150400817315784,""score"":0},""V2_rvol_sameslot"":{""value"":0.6382818181476029,""score"":9.218787876506857,""status"":""ok""},""V3_breakout_bar"":{""value"":0.8413720323348545,""score"":22.7581354889903},""V4_base_dryup"":{""value"":1.0207770814356685,""score"":47.922291856433155},""V5_bo_expansion"":{""value"":0.3150400817315784,""score"":0},""_score"":17.12},""readiness"":{""_distance_atr"":-7.601,""BR1_atr_distance"":{""score"":0},""BR2_compression"":{""score"":0},""BR3_retest"":{""score"":50.0},""BR4_bo_age"":{""score"":50.0},""_score"":17.5},""risk"":{""R1_stop_clarity"":{""score"":80.37504427548822},""R2_stop_distance_pct"":{""value"":57.351816709728965,""score"":0.0},""R3_stop_distance_atr"":{""value"":8.665034671765394,""score"":0.0},""R4_rr_potential"":{""value"":-0.6123865867675141,""score"":0.0},""_score"":28.13},""market"":{""M1_spy_regime"":{""score"":100.0},""M3_earnings_risk"":{""value"":null,""score"":80.0},""M4_vix"":{""value"":null,""score"":60.0},""_score"":84.0},""liquidity"":{""L1_price"":{""value"":445.4399,""score"":100.0},""L2_dollar_vol"":{""value"":6745368944.35652,""score"":100.0},""L3_spread_proxy"":{""value"":0.060277491980399646,""score"":39.722508019600355},""L4_volume_zscore"":{""value"":-1.981194219099925,""score"":100.0},""_score"":93.97},""pattern_structure"":{""n_contractions"":5,""contractions_pct"":[26.8,11.3,13.15,8.1,12.86],""descending_strict"":false,""final_low"":192.865,""final_pivot"":221.33,""structural_low"":192.865,""dry_up_ratio"":1.1894165739958984,""current_price"":445.4399,""neckline_distance_pct"":-0.5031203985094286,""base_bars"":41},""pattern_geometry_features"":{""contraction_count"":5.0,""first_contraction_pct"":0.2679532245447546,""last_contraction_pct"":0.12860886459133422,""dry_up_ratio"":1.1894165739958984,""near_monotone"":0.0,""base_depth_pct"":0.2597200013203864},""_schema_version"":""1.0""}",,,,,,,,,,
20260513T161427Z-28c0e1,2026-05-13T16:14:27.317311+00:00,HON,double_bottom,absent,46.69,22.6,44.2,62.9,61.3,19.0,41.5,48.2,84.0,98.4,3.38,11.05,5.03,8.59,2.47,3.32,2.89,5.04,4.92,True,risk_unclear,217.52,221.035,205.4119,233.53,"{""trend"":{""T1_ema_stack"":{""value"":[false,false,true],""score"":33.33333333333333},""T2_ema50_slope"":{""value"":-0.19647590579407637,""score"":17.254015700987267},""T3_high_proximity"":{""value"":0.8769553297855185,""score"":38.47766489275922},""T4_rs_1m"":{""value"":-0.13264332643997656,""score"":0},""T5_rs_3m"":{""value"":-0.17284307418566747,""score"":0},""T6_adr_healthy"":{""value"":2.2948946648011934,""score"":100.0},""_score"":22.56},""geometry"":{""sub_low_similarity"":25.9,""sub_bounce_quality"":42.7,""sub_separation_fit"":100.0,""sub_right_bottom_reaction"":46.0,""sub_base_context"":30.0,""_score"":44.21},""compression"":{""VC1_atr_ratio"":{""value"":0.5022914498874392,""score"":100},""VC2_range_contraction"":{""value"":0.8795920139504809,""score"":20.067997674919845},""VC3_range_pct_rank"":{""score"":63.33333333333333},""_score"":62.86},""sr_quality"":{""SR1_touches"":{""value"":4,""score"":75.0},""SR2_tightness"":{""value"":1.3000630398176845,""score"":43.96694038172188},""SR3_recency"":{""value"":249,""score"":0.0},""SR4_price_location"":{""score"":68.95170908533629},""SR5_reaction"":{""value"":2.2995499101051644,""score"":100},""_score"":61.33,""_levels_found"":7,""_target_level"":221.707},""volume"":{""V1_rvol_day"":{""value"":0.20104103503581405,""score"":0},""V2_rvol_sameslot"":{""value"":0.6815584860531978,""score"":12.103899070213187,""status"":""ok""},""V3_breakout_bar"":{""value"":0.8436223670120114,""score"":22.908157800800762},""V4_base_dryup"":{""value"":0.9585791339529941,""score"":54.14208660470059},""V5_bo_expansion"":{""value"":0.20104103503581405,""score"":0},""_score"":18.98},""readiness"":{""_distance_atr"":0.757,""BR1_atr_distance"":{""score"":49.500857900483766},""BR2_compression"":{""score"":16.77418219674126},""BR3_retest"":{""score"":50.0},""BR4_bo_age"":{""score"":50.0},""_score"":41.49},""risk"":{""R1_stop_clarity"":{""score"":0},""R2_stop_distance_pct"":{""value"":5.5664306730415625,""score"":100.0},""R3_stop_distance_atr"":{""value"":2.6093115040760537,""score"":100.0},""R4_rr_potential"":{""value"":1.322255349724563,""score"":16.11276748622815},""_score"":48.22},""market"":{""M1_spy_regime"":{""score"":100.0},""M3_earnings_risk"":{""value"":null,""score"":80.0},""M4_vix"":{""value"":null,""score"":60.0},""_score"":84.0},""liquidity"":{""L1_price"":{""value"":217.52,""score"":100.0},""L2_dollar_vol"":{""value"":168660330.1060209,""score"":100.0},""L3_spread_proxy"":{""value"":0.01595255608679661,""score"":84.04744391320338},""L4_volume_zscore"":{""value"":-2.2802924123437815,""score"":100.0},""_score"":98.4},""pattern_structure"":{""left_low"":208.54,""left_idx"":42,""right_low"":216.41,""right_idx"":72,""separation_bars"":30,""structural_low"":208.54,""current_price"":216.449,""neckline_distance_pct"":0.02118743907340752,""base_bars"":30},""pattern_geometry_features"":{""low_similarity_pct"":0.03703965172373223,""bounce_pct"":0.05991656276973245,""right_bottom_reaction"":0.4604105571847492,""atr_pct"":0.02133294803761888},""_schema_version"":""1.0""}",,,,,,,,,,
20260513T161427Z-28c0e1,2026-05-13T16:14:27.317311+00:00,KLAC,vcp,absent,46.62,76.5,35.0,59.2,45.6,13.2,24.1,35.0,84.0,72.5,11.48,8.75,7.1,5.47,1.72,1.69,1.75,5.04,3.62,False,,1829.13,1939.36,1621.31,1870.705,"{""trend"":{""T1_ema_stack"":{""value"":[true,true,true],""score"":100.0},""T2_ema50_slope"":{""value"":0.4239902369626909,""score"":100},""T3_high_proximity"":{""value"":0.9452868217054264,""score"":72.6434108527132},""T4_rs_1m"":{""value"":-0.04674735233144167,""score"":3.2526476685583248},""T5_rs_3m"":{""value"":0.1672227338573118,""score"":100},""T6_adr_healthy"":{""value"":3.545285375521175,""score"":100.0},""_score"":76.55},""geometry"":{""sub_contraction_count"":100.0,""sub_reduction_rate"":0,""sub_pivot_tightness"":0,""sub_volume_dryup"":0,""sub_base_depth"":0.0,""sub_base_duration"":100.0,""_score"":35.0},""compression"":{""VC1_atr_ratio"":{""value"":0.5776273824812704,""score"":100},""VC2_range_contraction"":{""value"":1.2865969264419732,""score"":0},""VC3_range_pct_rank"":{""score"":76.66666666666666},""_score"":59.17},""sr_quality"":{""SR1_touches"":{""value"":3,""score"":50.0},""SR2_tightness"":{""value"":19.994086742501274,""score"":54.102846687271644},""SR3_recency"":{""value"":232,""score"":0.0},""SR4_price_location"":{""score"":30.0},""SR5_reaction"":{""value"":2.7923631330846774,""score"":100},""_score"":45.62,""_levels_found"":6,""_target_level"":1673.287},""volume"":{""V1_rvol_day"":{""value"":0.27401067232553206,""score"":0},""V2_rvol_sameslot"":{""value"":0.4930447703681458,""score"":0,""status"":""ok""},""V3_breakout_bar"":{""value"":0.5020610970275441,""score"":0.1374064685029393},""V4_base_dryup"":{""value"":0.8414616028681423,""score"":65.85383971318578},""V5_bo_expansion"":{""value"":0.27401067232553206,""score"":0},""_score"":13.21},""readiness"":{""_distance_atr"":1.265,""BR1_atr_distance"":{""score"":15.654341959221313},""BR2_compression"":{""score"":1.3164565555297547},""BR3_retest"":{""score"":50.0},""BR4_bo_age"":{""score"":50.0},""_score"":24.09},""risk"":{""R1_stop_clarity"":{""score"":43.32320701187968},""R2_stop_distance_pct"":{""value"":11.361685610098798,""score"":15.957859747530057},""R3_stop_distance_atr"":{""value"":2.385291842606551,""score"":100.0},""R4_rr_potential"":{""value"":0.20005293042055522,""score"":0.0},""_score"":34.95},""market"":{""M1_spy_regime"":{""score"":100.0},""M3_earnings_risk"":{""value"":null,""score"":80.0},""M4_vix"":{""value"":null,""score"":60.0},""_score"":84.0},""liquidity"":{""L1_price"":{""value"":1829.13,""score"":0.0},""L2_dollar_vol"":{""value"":506747018.90817827,""score"":100.0},""L3_spread_proxy"":{""value"":0.02520597223816788,""score"":74.79402776183213},""L4_volume_zscore"":{""value"":-2.083733320381272,""score"":100.0},""_score"":72.48},""pattern_structure"":{""n_contractions"":5,""contractions_pct"":[16.25,5.0,13.15,6.53,15.13],""descending_strict"":false,""final_low"":1646.0,""final_pivot"":1939.36,""structural_low"":1646.0,""dry_up_ratio"":1.2890302306453139,""current_price"":1829.13,""neckline_distance_pct"":0.060263622596534845,""base_bars"":45},""pattern_geometry_features"":{""contraction_count"":5.0,""first_contraction_pct"":0.16250408122509663,""last_contraction_pct"":0.15126639716195028,""dry_up_ratio"":1.2890302306453139,""near_monotone"":0.0,""base_depth_pct"":-0.043525671302093054},""_schema_version"":""1.0""}",,,,,,,,,,
20260513T161427Z-28c0e1,2026-05-13T16:14:27.317311+00:00,ASTS,double_bottom,forming,46.55,13.3,60.6,40.0,57.0,15.8,24.3,76.3,84.0,92.0,2.0,15.14,3.2,7.99,2.06,1.94,4.58,5.04,4.6,False,,75.875,84.94,68.8712,99.96,"{""trend"":{""T1_ema_stack"":{""value"":[false,false,true],""score"":33.33333333333333},""T2_ema50_slope"":{""value"":-0.6260061418378755,""score"":0},""T3_high_proximity"":{""value"":0.7233768710077224,""score"":0},""T4_rs_1m"":{""value"":-0.20857789549655437,""score"":0},""T5_rs_3m"":{""value"":-0.2862314348707041,""score"":0},""T6_adr_healthy"":{""value"":7.8721463016340945,""score"":100.0},""_score"":13.33},""geometry"":{""sub_low_similarity"":80.4,""sub_bounce_quality"":100,""sub_separation_fit"":13.3,""sub_right_bottom_reaction"":56.3,""sub_base_context"":30.0,""_score"":60.56},""compression"":{""VC1_atr_ratio"":{""value"":0.7372396989600541,""score"":65.69007525998646},""VC2_range_contraction"":{""value"":1.1309571724719707,""score"":0},""VC3_range_pct_rank"":{""score"":55.00000000000001},""_score"":40.03},""sr_quality"":{""SR1_touches"":{""value"":3,""score"":50.0},""SR2_tightness"":{""value"":0.6666499997916594,""score"":79.26661979972558},""SR3_recency"":{""value"":275,""score"":0.0},""SR4_price_location"":{""score"":60.58693594193758},""SR5_reaction"":{""value"":2.522797106584456,""score"":100},""_score"":57.04,""_levels_found"":8,""_target_level"":77.9567},""volume"":{""V1_rvol_day"":{""value"":0.4319191271326674,""score"":0},""V2_rvol_sameslot"":{""value"":0.9416229391930225,""score"":29.441529279534834,""status"":""ok""},""V3_breakout_bar"":{""value"":0.6024584169308698,""score"":6.830561128724651},""V4_base_dryup"":{""value"":1.0876644989547832,""score"":41.233550104521676},""V5_bo_expansion"":{""value"":0.43191912713266734,""score"":0},""_score"":15.84},""readiness"":{""_distance_atr"":1.41,""BR1_atr_distance"":{""score"":6.023604803007615},""BR2_compression"":{""score"":17.540842603580835},""BR3_retest"":{""score"":50.0},""BR4_bo_age"":{""score"":50.0},""_score"":24.29},""risk"":{""R1_stop_clarity"":{""score"":67.38143079450448},""R2_stop_distance_pct"":{""value"":9.230708401976933,""score"":69.23228995057667},""R3_stop_distance_atr"":{""value"":1.089120590205232,""score"":79.4560295102616},""R4_rr_potential"":{""value"":3.438847482795054,""score"":100.0},""_score"":76.27},""market"":{""M1_spy_regime"":{""score"":100.0},""M3_earnings_risk"":{""value"":null,""score"":80.0},""M4_vix"":{""value"":null,""score"":60.0},""_score"":84.0},""liquidity"":{""L1_price"":{""value"":75.875,""score"":100.0},""L2_dollar_vol"":{""value"":643881167.976926,""score"":100.0},""L3_spread_proxy"":{""value"":0.0800645799011532,""score"":19.93542009884679},""L4_volume_zscore"":{""value"":-1.2917619860970424,""score"":100.0},""_score"":91.99},""pattern_structure"":{""left_low"":70.6101,""left_idx"":31,""right_low"":69.92,""right_idx"":74,""separation_bars"":43,""structural_low"":69.92,""current_price"":76.47,""neckline_distance_pct"":0.11076239047992675,""base_bars"":43},""pattern_geometry_features"":{""low_similarity_pct"":0.009821383461621404,""bounce_pct"":0.21481693363844387,""right_bottom_reaction"":0.5629432624113458,""atr_pct"":0.08475377735937867},""_schema_version"":""1.0""}",,,,,,,,,,
20260513T161427Z-28c0e1,2026-05-13T16:14:27.317311+00:00,RKLB,vcp,breakout_confirmed,46.42,99.7,45.0,8.5,35.8,17.6,22.0,29.1,84.0,91.6,14.95,11.25,1.02,4.29,2.28,1.54,1.46,5.04,4.58,False,,123.18,93.1,72.8802,118.69,"{""trend"":{""T1_ema_stack"":{""value"":[true,true,true],""score"":100.0},""T2_ema50_slope"":{""value"":0.36847159284099523,""score"":100},""T3_high_proximity"":{""value"":1.0,""score"":99.99999999999997},""T4_rs_1m"":{""value"":0.6403767729238978,""score"":100},""T5_rs_3m"":{""value"":0.7002255719357755,""score"":100},""T6_adr_healthy"":{""value"":8.245540648963349,""score"":93.86148377591627},""_score"":99.69},""geometry"":{""sub_contraction_count"":100.0,""sub_reduction_rate"":0,""sub_pivot_tightness"":0,""sub_volume_dryup"":0,""sub_base_depth"":100.0,""sub_base_duration"":100.0,""_score"":45.0},""compression"":{""VC1_atr_ratio"":{""value"":1.0711384115208544,""score"":0},""VC2_range_contraction"":{""value"":1.4346537026699213,""score"":0},""VC3_range_pct_rank"":{""score"":34.166666666666664},""_score"":8.54},""sr_quality"":{""SR1_touches"":{""value"":2,""score"":25.0},""SR2_tightness"":{""value"":1.6149999999999949,""score"":63.878730946869425},""SR3_recency"":{""value"":238,""score"":0.0},""SR4_price_location"":{""score"":30.0},""SR5_reaction"":{""value"":1.4940562060366132,""score"":74.70281030183065},""_score"":35.79,""_levels_found"":5,""_target_level"":91.485},""volume"":{""V1_rvol_day"":{""value"":0.5604030128227571,""score"":4.026867521517138},""V2_rvol_sameslot"":{""value"":0.8540411130163301,""score"":23.602740867755344,""status"":""ok""},""V3_breakout_bar"":{""value"":0.6952351684126677,""score"":13.015677894177848},""V4_base_dryup"":{""value"":1.0617181703772027,""score"":43.828182962279726},""V5_bo_expansion"":{""value"":0.560403012822757,""score"":0},""_score"":17.55},""readiness"":{""_distance_atr"":-3.364,""BR1_atr_distance"":{""score"":0},""BR2_compression"":{""score"":17.993142628721667},""BR3_retest"":{""score"":50.0},""BR4_bo_age"":{""score"":50.0},""_score"":22.0},""risk"":{""R1_stop_clarity"":{""score"":75.17697185224961},""R2_stop_distance_pct"":{""value"":40.83442929046924,""score"":0.0},""R3_stop_distance_atr"":{""value"":5.62506010892296,""score"":18.746994553852005},""R4_rr_potential"":{""value"":-0.08926467971574485,""score"":0.0},""_score"":29.12},""market"":{""M1_spy_regime"":{""score"":100.0},""M3_earnings_risk"":{""value"":null,""score"":80.0},""M4_vix"":{""value"":null,""score"":60.0},""_score"":84.0},""liquidity"":{""L1_price"":{""value"":123.18,""score"":100.0},""L2_dollar_vol"":{""value"":1846154549.9472468,""score"":100.0},""L3_spread_proxy"":{""value"":0.08402338041889912,""score"":15.976619581100877},""L4_volume_zscore"":{""value"":-0.7373265305660345,""score"":100.0},""_score"":91.6},""pattern_structure"":{""n_contractions"":5,""contractions_pct"":[19.65,18.03,10.21,25.22,20.53],""descending_strict"":false,""final_low"":73.99,""final_pivot"":93.1,""structural_low"":73.99,""dry_up_ratio"":1.2366022701744535,""current_price"":123.18,""neckline_distance_pct"":-0.24419548628024038,""base_bars"":70},""pattern_geometry_features"":{""contraction_count"":5.0,""first_contraction_pct"":0.19652540670817426,""last_contraction_pct"":0.20526315789473684,""dry_up_ratio"":1.2366022701744535,""near_monotone"":0.0,""base_depth_pct"":0.2569793131150834},""_schema_version"":""1.0""}",,,,,,,,,,
20260513T161427Z-28c0e1,2026-05-13T16:14:27.317311+00:00,IR,double_bottom,forming,46.27,6.9,51.6,60.2,49.0,44.8,17.5,59.9,84.0,96.2,1.03,12.9,4.82,6.86,5.82,1.4,3.6,5.04,4.81,True,risk_unclear,72.19,80.13,71.1071,88.07,"{""trend"":{""T1_ema_stack"":{""value"":[false,false,false],""score"":0.0},""T2_ema50_slope"":{""value"":-0.24434029003033952,""score"":9.27661832827674},""T3_high_proximity"":{""value"":0.7309639530174159,""score"":0},""T4_rs_1m"":{""value"":-0.2478762790930874,""score"":0},""T5_rs_3m"":{""value"":-0.322943718423777,""score"":0},""T6_adr_healthy"":{""value"":2.9920671137730026,""score"":100.0},""_score"":6.86},""geometry"":{""sub_low_similarity"":14.3,""sub_bounce_quality"":100,""sub_separation_fit"":86.7,""sub_right_bottom_reaction"":55.3,""sub_base_context"":30.0,""_score"":51.59},""compression"":{""VC1_atr_ratio"":{""value"":0.539252228085082,""score"":100},""VC2_range_contraction"":{""value"":0.9816869527980779,""score"":3.052174533653677},""VC3_range_pct_rank"":{""score"":76.66666666666666},""_score"":60.23},""sr_quality"":{""SR1_touches"":{""value"":2,""score"":25.0},""SR2_tightness"":{""value"":0.3500000000000014,""score"":74.07235928302127},""SR3_recency"":{""value"":230,""score"":0.0},""SR4_price_location"":{""score"":61.44189430517894},""SR5_reaction"":{""value"":3.0427938355711333,""score"":100},""_score"":48.97,""_levels_found"":5,""_target_level"":75.66},""volume"":{""V1_rvol_day"":{""value"":0.2952936000978542,""score"":0},""V2_rvol_sameslot"":{""value"":1.3378053571498054,""score"":55.853690476653696,""status"":""ok""},""V3_breakout_bar"":{""value"":1.8841013378986717,""score"":92.27342252657812},""V4_base_dryup"":{""value"":0.9730990893087913,""score"":52.69009106912087},""V5_bo_expansion"":{""value"":0.2952936000978541,""score"":0},""_score"":44.78},""readiness"":{""_distance_atr"":2.941,""BR1_atr_distance"":{""score"":0},""BR2_compression"":{""score"":0},""BR3_retest"":{""score"":50.0},""BR4_bo_age"":{""score"":50.0},""_score"":17.5},""risk"":{""R1_stop_clarity"":{""score"":19.783583570341406},""R2_stop_distance_pct"":{""value"":1.5000000000000107,""score"":87.50000000000027},""R3_stop_distance_atr"":{""value"":0.40108208214829294,""score"":45.05410410741465},""R4_rr_potential"":{""value"":14.665004386572363,""score"":100.0},""_score"":59.93},""market"":{""M1_spy_regime"":{""score"":100.0},""M3_earnings_risk"":{""value"":null,""score"":80.0},""M4_vix"":{""value"":null,""score"":60.0},""_score"":84.0},""liquidity"":{""L1_price"":{""value"":72.19,""score"":100.0},""L2_dollar_vol"":{""value"":80291535.6055952,""score"":95.23348820195316},""L3_spread_proxy"":{""value"":0.01849286604792919,""score"":81.50713395207082},""L4_volume_zscore"":{""value"":-1.9298296952632958,""score"":100.0},""_score"":96.24},""pattern_structure"":{""left_low"":75.35,""left_idx"":41,""right_low"":72.19,""right_idx"":73,""separation_bars"":32,""structural_low"":72.19,""current_price"":72.07,""neckline_distance_pct"":0.11183571527681425,""base_bars"":32},""pattern_geometry_features"":{""low_similarity_pct"":0.0428358411278297,""bounce_pct"":0.1099875328992935,""right_bottom_reaction"":0.5526013971431525,""atr_pct"":0.03739882848831458},""_schema_version"":""1.0""}",,,,,,,,,,
20260513T161427Z-28c0e1,2026-05-13T16:14:27.317311+00:00,SMR,ascending_triangle,absent,45.59,32.3,39.9,64.3,48.2,16.1,33.0,83.7,84.0,94.3,4.85,11.18,5.14,6.75,1.93,2.64,3.35,5.04,4.72,False,,12.12,13.63,11.3078,15.78,"{""trend"":{""T1_ema_stack"":{""value"":[false,false,false],""score"":0.0},""T2_ema50_slope"":{""value"":-0.08389394013204224,""score"":36.01767664465963},""T3_high_proximity"":{""value"":0.8278688524590163,""score"":13.934426229508134},""T4_rs_1m"":{""value"":0.11719408587686653,""score"":100},""T5_rs_3m"":{""value"":-0.2906735506891651,""score"":0},""T6_adr_healthy"":{""value"":9.57706486607091,""score"":60.573378348227266},""_score"":32.32},""geometry"":{""sub_flat_top_quality"":66.7,""sub_hl_slope"":16.4,""sub_compression"":0,""sub_duration"":100.0,""_score"":39.93},""compression"":{""VC1_atr_ratio"":{""value"":0.610770808478666,""score"":97.3072978803335},""VC2_range_contraction"":{""value"":0.9078822206678931,""score"":15.35296322201781},""VC3_range_pct_rank"":{""score"":80.0},""_score"":64.3},""sr_quality"":{""SR1_touches"":{""value"":3,""score"":50.0},""SR2_tightness"":{""value"":0.21664307563876192,""score"":63.22206117593895},""SR3_recency"":{""value"":228,""score"":0.0},""SR4_price_location"":{""score"":34.76762153809578},""SR5_reaction"":{""value"":3.352249761523661,""score"":100},""_score"":48.18,""_levels_found"":5,""_target_level"":13.9493},""volume"":{""V1_rvol_day"":{""value"":0.36049884570313573,""score"":0},""V2_rvol_sameslot"":{""value"":0.7127253228637083,""score"":14.181688190913885,""status"":""ok""},""V3_breakout_bar"":{""value"":0.7917611607774254,""score"":19.450744051828362},""V4_base_dryup"":{""value"":1.0806804478325496,""score"":41.931955216745045},""V5_bo_expansion"":{""value"":0.36049884570313573,""score"":0},""_score"":16.09},""readiness"":{""_distance_atr"":1.282,""BR1_atr_distance"":{""score"":14.552715396679034},""BR2_compression"":{""score"":38.654009081168894},""BR3_retest"":{""score"":50.0},""BR4_bo_age"":{""score"":50.0},""_score"":32.98},""risk"":{""R1_stop_clarity"":{""score"":70.76684289663868},""R2_stop_distance_pct"":{""value"":6.701320132013193,""score"":100.0},""R3_stop_distance_atr"":{""value"":0.6894068002134153,""score"":59.47034001067076},""R4_rr_potential"":{""value"":4.5062792415661255,""score"":100.0},""_score"":83.69},""market"":{""M1_spy_regime"":{""score"":100.0},""M3_earnings_risk"":{""value"":null,""score"":80.0},""M4_vix"":{""value"":null,""score"":60.0},""_score"":84.0},""liquidity"":{""L1_price"":{""value"":12.12,""score"":100.0},""L2_dollar_vol"":{""value"":169477416.4020343,""score"":100.0},""L3_spread_proxy"":{""value"":0.05693069306930689,""score"":43.06930693069311},""L4_volume_zscore"":{""value"":-1.5122549145378605,""score"":100.0},""_score"":94.31},""pattern_structure"":{""top"":13.63,""top_touches"":3,""low_slope_per_bar"":0.005648540227323377,""lowest_low"":11.48,""structural_low"":11.48,""current_price"":12.355,""neckline_distance_pct"":0.10319708619991909,""base_bars"":57},""pattern_geometry_features"":{""top_touches"":3.0,""low_slope"":0.005648540227323377,""compression"":-0.06735629481603422,""atr_pct"":0.0972041489863272},""_schema_version"":""1.0""}",,,,,,,,,,
20260513T161427Z-28c0e1,2026-05-13T16:14:27.317311+00:00,LMT,double_bottom,forming,45.13,13.3,53.9,69.6,40.8,16.6,44.5,47.0,84.0,96.0,2.0,13.48,5.57,5.71,2.16,3.56,2.82,5.04,4.8,True,risk_unclear,518.305,524.5,494.4158,547.055,"{""trend"":{""T1_ema_stack"":{""value"":[false,false,true],""score"":33.33333333333333},""T2_ema50_slope"":{""value"":-0.5392625700205106,""score"":0},""T3_high_proximity"":{""value"":0.7659302497413919,""score"":0},""T4_rs_1m"":{""value"":-0.21775973625038647,""score"":0},""T5_rs_3m"":{""value"":-0.24468608166953787,""score"":0},""T6_adr_healthy"":{""value"":2.623861901385362,""score"":100.0},""_score"":13.33},""geometry"":{""sub_low_similarity"":98.0,""sub_bounce_quality"":21.3,""sub_separation_fit"":0.0,""sub_right_bottom_reaction"":95.0,""sub_base_context"":30.0,""_score"":53.91},""compression"":{""VC1_atr_ratio"":{""value"":0.3640187824821239,""score"":100},""VC2_range_contraction"":{""value"":0.818113253350025,""score"":30.31445777499583},""VC3_range_pct_rank"":{""score"":75.83333333333333},""_score"":69.57},""sr_quality"":{""SR1_touches"":{""value"":2,""score"":25.0},""SR2_tightness"":{""value"":0.5600000000000023,""score"":91.1965307144509},""SR3_recency"":{""value"":254,""score"":0.0},""SR4_price_location"":{""score"":18.408573342263836},""SR5_reaction"":{""value"":3.6664091502181786,""score"":100},""_score"":40.78,""_levels_found"":5,""_target_level"":594.44},""volume"":{""V1_rvol_day"":{""value"":0.20278274858631568,""score"":0},""V2_rvol_sameslot"":{""value"":0.46840298711454964,""score"":0,""status"":""ok""},""V3_breakout_bar"":{""value"":0.6641279990994605,""score"":10.9418666066307},""V4_base_dryup"":{""value"":0.80680603981902,""score"":69.319396018098},""V5_bo_expansion"":{""value"":0.20278274858631573,""score"":0},""_score"":16.6},""readiness"":{""_distance_atr"":0.487,""BR1_atr_distance"":{""score"":67.53720700953755},""BR2_compression"":{""score"":0},""BR3_retest"":{""score"":50.0},""BR4_bo_age"":{""score"":50.0},""_score"":44.51},""risk"":{""R1_stop_clarity"":{""score"":0},""R2_stop_distance_pct"":{""value"":4.60909599560104,""score"":100.0},""R3_stop_distance_atr"":{""value"":1.8777465925857706,""score"":100.0},""R4_rr_potential"":{""value"":1.2034739583932954,""score"":10.17369791966477},""_score"":47.03},""market"":{""M1_spy_regime"":{""score"":100.0},""M3_earnings_risk"":{""value"":null,""score"":80.0},""M4_vix"":{""value"":null,""score"":60.0},""_score"":84.0},""liquidity"":{""L1_price"":{""value"":518.305,""score"":90.84750000000003},""L2_dollar_vol"":{""value"":174422087.09600323,""score"":100.0},""L3_spread_proxy"":{""value"":0.0172581780997675,""score"":82.74182190023251},""L4_volume_zscore"":{""value"":-1.9923049204664536,""score"":100.0},""_score"":95.99},""pattern_structure"":{""left_low"":501.945,""left_idx"":19,""right_low"":502.45,""right_idx"":66,""separation_bars"":47,""structural_low"":501.945,""current_price"":517.75,""neckline_distance_pct"":0.013037180106228875,""base_bars"":47},""pattern_geometry_features"":{""low_similarity_pct"":0.0010055804738175627,""bounce_pct"":0.04493520206397117,""right_bottom_reaction"":0.9499404052443433,""atr_pct"":0.024545889279202662},""_schema_version"":""1.0""}",,,,,,,,,,
20260513T161427Z-28c0e1,2026-05-13T16:14:27.317311+00:00,DELL,vcp,breakout_confirmed,45.02,94.5,36.4,11.5,45.0,6.0,38.1,33.8,84.0,96.0,14.17,9.11,1.38,5.4,0.77,2.66,1.69,5.04,4.8,False,,241.195,221.5,197.8274,148.72,"{""trend"":{""T1_ema_stack"":{""value"":[true,true,true],""score"":100.0},""T2_ema50_slope"":{""value"":0.7388545574844646,""score"":100},""T3_high_proximity"":{""value"":0.926034707824618,""score"":63.017353912309005},""T4_rs_1m"":{""value"":0.24197418240147828,""score"":100},""T5_rs_3m"":{""value"":0.8735207793318904,""score"":100},""T6_adr_healthy"":{""value"":4.809175336118124,""score"":100.0},""_score"":94.45},""geometry"":{""sub_contraction_count"":100.0,""sub_reduction_rate"":0,""sub_pivot_tightness"":9.6,""sub_volume_dryup"":0,""sub_base_depth"":0.0,""sub_base_duration"":100.0,""_score"":36.44},""compression"":{""VC1_atr_ratio"":{""value"":1.0579100742183285,""score"":0},""VC2_range_contraction"":{""value"":1.297038372627838,""score"":0},""VC3_range_pct_rank"":{""score"":45.833333333333336},""_score"":11.46},""sr_quality"":{""SR1_touches"":{""value"":3,""score"":50.0},""SR2_tightness"":{""value"":1.6757684804292081,""score"":74.217487334713},""SR3_recency"":{""value"":253,""score"":0.0},""SR4_price_location"":{""score"":30.0},""SR5_reaction"":{""value"":1.5175192149152756,""score"":75.87596074576378},""_score"":45.01,""_levels_found"":4,""_target_level"":155.63},""volume"":{""V1_rvol_day"":{""value"":0.29150126982356134,""score"":0},""V2_rvol_sameslot"":{""value"":0.5669579107256175,""score"":4.463860715041168,""status"":""ok""},""V3_breakout_bar"":{""value"":0.5003579821458083,""score"":0.023865476387219253},""V4_base_dryup"":{""value"":1.2476804987930987,""score"":25.23195012069013},""V5_bo_expansion"":{""value"":0.29150126982356134,""score"":0},""_score"":5.95},""readiness"":{""_distance_atr"":-1.515,""BR1_atr_distance"":{""score"":29.698285122729487},""BR2_compression"":{""score"":34.74207466858875},""BR3_retest"":{""score"":50.0},""BR4_bo_age"":{""score"":50.0},""_score"":38.06},""risk"":{""R1_stop_clarity"":{""score"":53.649684570060955},""R2_stop_distance_pct"":{""value"":17.980306391094338,""score"":0.0},""R3_stop_distance_atr"":{""value"":3.3361580353173816,""score"":100.0},""R4_rr_potential"":{""value"":-2.1323522629797367,""score"":0.0},""_score"":33.78},""market"":{""M1_spy_regime"":{""score"":100.0},""M3_earnings_risk"":{""value"":null,""score"":80.0},""M4_vix"":{""value"":null,""score"":60.0},""_score"":84.0},""liquidity"":{""L1_price"":{""value"":241.195,""score"":100.0},""L2_dollar_vol"":{""value"":442914470.0777811,""score"":100.0},""L3_spread_proxy"":{""value"":0.0399257861895976,""score"":60.0742138104024},""L4_volume_zscore"":{""value"":-1.506263816734337,""score"":100.0},""_score"":96.01},""pattern_structure"":{""n_contractions"":5,""contractions_pct"":[13.17,10.55,7.12,16.64,9.33],""descending_strict"":false,""final_low"":200.84,""final_pivot"":221.5,""structural_low"":200.84,""dry_up_ratio"":1.0153911166324052,""current_price"":241.195,""neckline_distance_pct"":-0.08165592155724619,""base_bars"":54},""pattern_geometry_features"":{""contraction_count"":5.0,""first_contraction_pct"":0.1316570357644854,""last_contraction_pct"":0.09327313769751691,""dry_up_ratio"":1.0153911166324052,""near_monotone"":0.0,""base_depth_pct"":-0.5683273465563017},""_schema_version"":""1.0""}",,,,,,,,,,
20260513T161427Z-28c0e1,2026-05-13T16:14:27.317311+00:00,LEU,vcp,absent,45.01,21.4,43.6,57.5,55.0,18.2,19.8,82.3,84.0,89.8,3.21,10.9,6.9,6.6,2.36,1.39,4.12,5.04,4.49,False,,197.87,230.49,186.6575,255.4299,"{""trend"":{""T1_ema_stack"":{""value"":[false,false,false],""score"":0.0},""T2_ema50_slope"":{""value"":0.010562161900980221,""score"":51.76036031683004},""T3_high_proximity"":{""value"":0.8553951236382501,""score"":27.697561819125028},""T4_rs_1m"":{""value"":-0.04059577482428822,""score"":9.40422517571178},""T5_rs_3m"":{""value"":-0.12757284312659967,""score"":0},""T6_adr_healthy"":{""value"":7.6327982449625225,""score"":100.0},""_score"":21.39},""geometry"":{""sub_contraction_count"":100.0,""sub_reduction_rate"":0,""sub_pivot_tightness"":0,""sub_volume_dryup"":13.3,""sub_base_depth"":66.3,""sub_base_duration"":100.0,""_score"":43.62},""compression"":{""VC1_atr_ratio"":{""value"":0.5797796480778391,""score"":100},""VC2_range_contraction"":{""value"":1.1191160952555366,""score"":0},""VC3_range_pct_rank"":{""score"":70.0},""_score"":57.5},""sr_quality"":{""SR1_touches"":{""value"":4,""score"":75.0},""SR2_tightness"":{""value"":3.728352256946087,""score"":58.18220364121009},""SR3_recency"":{""value"":242,""score"":0.0},""SR4_price_location"":{""score"":37.11284332296344},""SR5_reaction"":{""value"":1.933888947195118,""score"":96.6944473597559},""_score"":55.01,""_levels_found"":7,""_target_level"":215.391},""volume"":{""V1_rvol_day"":{""value"":0.33610379100906485,""score"":0},""V2_rvol_sameslot"":{""value"":0.48596974444461605,""score"":0,""status"":""ok""},""V3_breakout_bar"":{""value"":0.6349209686072999,""score"":8.994731240486658},""V4_base_dryup"":{""value"":0.7043809704969537,""score"":79.56190295030463},""V5_bo_expansion"":{""value"":0.33610379100906485,""score"":0},""_score"":18.16},""readiness"":{""_distance_atr"":1.829,""BR1_atr_distance"":{""score"":0},""BR2_compression"":{""score"":9.377052835997361},""BR3_retest"":{""score"":50.0},""BR4_bo_age"":{""score"":50.0},""_score"":19.84},""risk"":{""R1_stop_clarity"":{""score"":68.11806450734217},""R2_stop_distance_pct"":{""value"":5.666599282357105,""score"":100.0},""R3_stop_distance_atr"":{""value"":0.6288059836612594,""score"":56.44029918306297},""R4_rr_potential"":{""value"":5.133547380156073,""score"":100.0},""_score"":82.31},""market"":{""M1_spy_regime"":{""score"":100.0},""M3_earnings_risk"":{""value"":null,""score"":80.0},""M4_vix"":{""value"":null,""score"":60.0},""_score"":84.0},""liquidity"":{""L1_price"":{""value"":197.87,""score"":100.0},""L2_dollar_vol"":{""value"":63010455.36499898,""score"":89.97063090964991},""L3_spread_proxy"":{""value"":0.06170718148279177,""score"":38.292818517208225},""L4_volume_zscore"":{""value"":-1.8727666914870014,""score"":100.0},""_score"":89.82},""pattern_structure"":{""n_contractions"":5,""contractions_pct"":[11.86,14.06,27.31,9.95,17.78],""descending_strict"":false,""final_low"":189.5,""final_pivot"":230.49,""structural_low"":189.5,""dry_up_ratio"":0.933642393506984,""current_price"":197.87,""neckline_distance_pct"":0.16485571334714713,""base_bars"":47},""pattern_geometry_features"":{""contraction_count"":5.0,""first_contraction_pct"":0.11863417209204069,""last_contraction_pct"":0.17783851794004082,""dry_up_ratio"":0.933642393506984,""near_monotone"":0.0,""base_depth_pct"":0.11630251646265455},""_schema_version"":""1.0""}",,,,,,,,,,
20260513T161427Z-28c0e1,2026-05-13T16:14:27.317311+00:00,ASML,vcp,setup,44.85,69.0,44.7,31.4,41.2,18.1,33.1,25.9,84.0,72.1,10.35,11.18,3.76,4.94,2.35,2.32,1.3,5.04,3.61,False,,1555.31,1480.17,1357.6255,1492.93,"{""trend"":{""T1_ema_stack"":{""value"":[true,true,true],""score"":100.0},""T2_ema50_slope"":{""value"":0.1610363774657774,""score"":76.83939624429624},""T3_high_proximity"":{""value"":0.9769412444567279,""score"":88.47062222836394},""T4_rs_1m"":{""value"":-0.040868991730791615,""score"":9.131008269208387},""T5_rs_3m"":{""value"":0.014270508767011636,""score"":57.13525438350582},""T6_adr_healthy"":{""value"":3.0971561394538476,""score"":100.0},""_score"":69.03},""geometry"":{""sub_contraction_count"":100.0,""sub_reduction_rate"":0,""sub_pivot_tightness"":44.6,""sub_volume_dryup"":20.2,""sub_base_depth"":0.0,""sub_base_duration"":100.0,""_score"":44.72},""compression"":{""VC1_atr_ratio"":{""value"":0.7988421927312,""score"":50.28945181719998},""VC2_range_contraction"":{""value"":1.0815955986358683,""score"":0},""VC3_range_pct_rank"":{""score"":44.99999999999999},""_score"":31.37},""sr_quality"":{""SR1_touches"":{""value"":2,""score"":25.0},""SR2_tightness"":{""value"":7.6200000000000045,""score"":74.643619012532},""SR3_recency"":{""value"":244,""score"":0.0},""SR4_price_location"":{""score"":30.0},""SR5_reaction"":{""value"":2.858998508518085,""score"":100},""_score"":41.2,""_levels_found"":4,""_target_level"":1539.6},""volume"":{""V1_rvol_day"":{""value"":0.46872836140885854,""score"":0},""V2_rvol_sameslot"":{""value"":0.6976226090822089,""score"":13.17484060548059,""status"":""ok""},""V3_breakout_bar"":{""value"":0.900818948562404,""score"":26.7212632374936},""V4_base_dryup"":{""value"":1.0628576389324231,""score"":43.71423610675769},""V5_bo_expansion"":{""value"":0.4687283614088585,""score"":0},""_score"":18.06},""readiness"":{""_distance_atr"":-1.25,""BR1_atr_distance"":{""score"":34.99634557220025},""BR2_compression"":{""score"":6.569844460662722},""BR3_retest"":{""score"":50.0},""BR4_bo_age"":{""score"":50.0},""_score"":33.14},""risk"":{""R1_stop_clarity"":{""score"":31.20334662396209},""R2_stop_distance_pct"":{""value"":12.710295696677838,""score"":0.0},""R3_stop_distance_atr"":{""value"":3.2890836596569004,""score"":100.0},""R4_rr_potential"":{""value"":-0.31555331854545937,""score"":0.0},""_score"":25.92},""market"":{""M1_spy_regime"":{""score"":100.0},""M3_earnings_risk"":{""value"":null,""score"":80.0},""M4_vix"":{""value"":null,""score"":60.0},""_score"":84.0},""liquidity"":{""L1_price"":{""value"":1555.31,""score"":0.0},""L2_dollar_vol"":{""value"":1246505105.261781,""score"":100.0},""L3_spread_proxy"":{""value"":0.028881637744243977,""score"":71.11836225575603},""L4_volume_zscore"":{""value"":-1.6768989361011082,""score"":100.0},""_score"":72.11},""pattern_structure"":{""n_contractions"":5,""contractions_pct"":[7.19,11.69,8.19,8.19,6.88],""descending_strict"":false,""final_low"":1378.3,""final_pivot"":1480.17,""structural_low"":1378.3,""dry_up_ratio"":0.8988729715214595,""current_price"":1555.31,""neckline_distance_pct"":-0.04831191209469487,""base_bars"":25},""pattern_geometry_features"":{""contraction_count"":5.0,""first_contraction_pct"":0.07185887021408138,""last_contraction_pct"":0.06882317571630293,""dry_up_ratio"":0.8988729715214595,""near_monotone"":0.0,""base_depth_pct"":0.009172860983710259},""_schema_version"":""1.0""}",,,,,,,,,,
20260513T161427Z-28c0e1,2026-05-13T16:14:27.317311+00:00,LEU,double_bottom,absent,44.81,21.4,44.9,57.5,55.0,17.9,19.8,77.1,84.0,89.8,3.21,11.23,4.6,7.7,2.33,1.59,4.62,5.04,4.49,False,,197.87,235.0,194.3208,272.72,"{""trend"":{""T1_ema_stack"":{""value"":[false,false,false],""score"":0.0},""T2_ema50_slope"":{""value"":0.010562161900980221,""score"":51.76036031683004},""T3_high_proximity"":{""value"":0.8553951236382501,""score"":27.697561819125028},""T4_rs_1m"":{""value"":-0.04059577482428822,""score"":9.40422517571178},""T5_rs_3m"":{""value"":-0.12757284312659967,""score"":0},""T6_adr_healthy"":{""value"":7.6327982449625225,""score"":100.0},""_score"":21.39},""geometry"":{""sub_low_similarity"":52.7,""sub_bounce_quality"":100,""sub_separation_fit"":20.0,""sub_right_bottom_reaction"":0.7,""sub_base_context"":30.0,""_score"":44.91},""compression"":{""VC1_atr_ratio"":{""value"":0.5797796480778391,""score"":100},""VC2_range_contraction"":{""value"":1.1191160952555366,""score"":0},""VC3_range_pct_rank"":{""score"":70.0},""_score"":57.5},""sr_quality"":{""SR1_touches"":{""value"":4,""score"":75.0},""SR2_tightness"":{""value"":3.728352256946087,""score"":58.18220364121009},""SR3_recency"":{""value"":242,""score"":0.0},""SR4_price_location"":{""score"":37.11284332296344},""SR5_reaction"":{""value"":1.933888947195118,""score"":96.6944473597559},""_score"":55.01,""_levels_found"":7,""_target_level"":215.391},""volume"":{""V1_rvol_day"":{""value"":0.33610379100906485,""score"":0},""V2_rvol_sameslot"":{""value"":0.48596974444461605,""score"":0,""status"":""ok""},""V3_breakout_bar"":{""value"":0.6349209686072999,""score"":8.994731240486658},""V4_base_dryup"":{""value"":0.7157675414606419,""score"":78.42324585393581},""V5_bo_expansion"":{""value"":0.33610379100906485,""score"":0},""_score"":17.93},""readiness"":{""_distance_atr"":2.082,""BR1_atr_distance"":{""score"":0},""BR2_compression"":{""score"":9.377052835997361},""BR3_retest"":{""score"":50.0},""BR4_bo_age"":{""score"":50.0},""_score"":19.84},""risk"":{""R1_stop_clarity"":{""score"":66.80913860690472},""R2_stop_distance_pct"":{""value"":1.7937029362712957,""score"":94.84257340678239},""R3_stop_distance_atr"":{""value"":0.1990419796843299,""score"":34.9520989842165},""R4_rr_potential"":{""value"":21.08925955144814,""score"":100.0},""_score"":77.08},""market"":{""M1_spy_regime"":{""score"":100.0},""M3_earnings_risk"":{""value"":null,""score"":80.0},""M4_vix"":{""value"":null,""score"":60.0},""_score"":84.0},""liquidity"":{""L1_price"":{""value"":197.87,""score"":100.0},""L2_dollar_vol"":{""value"":63010455.36499898,""score"":89.97063090964991},""L3_spread_proxy"":{""value"":0.06170718148279177,""score"":38.292818517208225},""L4_volume_zscore"":{""value"":-1.8727666914870014,""score"":100.0},""_score"":89.82},""pattern_structure"":{""left_low"":202.0,""left_idx"":31,""right_low"":197.28,""right_idx"":73,""separation_bars"":42,""structural_low"":197.28,""current_price"":200.08,""neckline_distance_pct"":0.17453018792483,""base_bars"":42},""pattern_geometry_features"":{""low_similarity_pct"":0.023642556601883385,""bounce_pct"":0.19120032441200324,""right_bottom_reaction"":0.007173704070361326,""atr_pct"":0.09011681551379334},""_schema_version"":""1.0""}",,,,,,,,,,
20260513T161427Z-28c0e1,2026-05-13T16:14:27.317311+00:00,SMR,vcp,absent,44.7,32.3,43.1,64.3,48.2,7.7,27.2,58.5,84.0,94.3,4.85,10.77,7.72,5.78,1.0,1.9,2.92,5.04,4.72,False,,12.12,14.198,10.6676,20.623,"{""trend"":{""T1_ema_stack"":{""value"":[false,false,false],""score"":0.0},""T2_ema50_slope"":{""value"":-0.08389394013204224,""score"":36.01767664465963},""T3_high_proximity"":{""value"":0.8278688524590163,""score"":13.934426229508134},""T4_rs_1m"":{""value"":0.11719408587686653,""score"":100},""T5_rs_3m"":{""value"":-0.2906735506891651,""score"":0},""T6_adr_healthy"":{""value"":9.57706486607091,""score"":60.573378348227266},""_score"":32.32},""geometry"":{""sub_contraction_count"":100.0,""sub_reduction_rate"":0,""sub_pivot_tightness"":0,""sub_volume_dryup"":35.5,""sub_base_depth"":27.6,""sub_base_duration"":100.0,""_score"":43.09},""compression"":{""VC1_atr_ratio"":{""value"":0.610770808478666,""score"":97.3072978803335},""VC2_range_contraction"":{""value"":0.9078822206678931,""score"":15.35296322201781},""VC3_range_pct_rank"":{""score"":80.0},""_score"":64.3},""sr_quality"":{""SR1_touches"":{""value"":3,""score"":50.0},""SR2_tightness"":{""value"":0.21664307563876192,""score"":63.22206117593895},""SR3_recency"":{""value"":228,""score"":0.0},""SR4_price_location"":{""score"":34.76762153809578},""SR5_reaction"":{""value"":3.352249761523661,""score"":100},""_score"":48.18,""_levels_found"":5,""_target_level"":13.9493},""volume"":{""V1_rvol_day"":{""value"":0.36049884570313573,""score"":0},""V2_rvol_sameslot"":{""value"":0.7127253228637083,""score"":14.181688190913885,""status"":""ok""},""V3_breakout_bar"":{""value"":0.7917611607774254,""score"":19.450744051828362},""V4_base_dryup"":{""value"":1.5743955990137486,""score"":0},""V5_bo_expansion"":{""value"":0.36049884570313573,""score"":0},""_score"":7.7},""readiness"":{""_distance_atr"":1.764,""BR1_atr_distance"":{""score"":0},""BR2_compression"":{""score"":38.654009081168894},""BR3_retest"":{""score"":50.0},""BR4_bo_age"":{""score"":50.0},""_score"":27.16},""risk"":{""R1_stop_clarity"":{""score"":72.42203036329246},""R2_stop_distance_pct"":{""value"":11.9839108910891,""score"":0.40222772277251906},""R3_stop_distance_atr"":{""value"":1.2328600184313907,""score"":86.64300092156954},""R4_rr_potential"":{""value"":5.854246273537819,""score"":100.0},""_score"":58.46},""market"":{""M1_spy_regime"":{""score"":100.0},""M3_earnings_risk"":{""value"":null,""score"":80.0},""M4_vix"":{""value"":null,""score"":60.0},""_score"":84.0},""liquidity"":{""L1_price"":{""value"":12.12,""score"":100.0},""L2_dollar_vol"":{""value"":169477416.4020343,""score"":100.0},""L3_spread_proxy"":{""value"":0.05693069306930689,""score"":43.06930693069311},""L4_volume_zscore"":{""value"":-1.5122549145378605,""score"":100.0},""_score"":94.31},""pattern_structure"":{""n_contractions"":5,""contractions_pct"":[18.98,17.14,29.84,16.87,23.72],""descending_strict"":false,""final_low"":10.83,""final_pivot"":14.198,""structural_low"":10.83,""dry_up_ratio"":0.8224967232938477,""current_price"":12.12,""neckline_distance_pct"":0.17145214521452157,""base_bars"":87},""pattern_geometry_features"":{""contraction_count"":5.0,""first_contraction_pct"":0.1898000579542161,""last_contraction_pct"":0.23721650936751656,""dry_up_ratio"":0.8224967232938477,""near_monotone"":0.0,""base_depth_pct"":0.372355838887279},""_schema_version"":""1.0""}",,,,,,,,,,
20260513T161427Z-28c0e1,2026-05-13T16:14:27.317311+00:00,RTX,double_bottom,absent,44.68,16.7,41.1,61.8,51.0,22.3,53.8,45.0,84.0,97.7,2.51,10.27,4.94,7.14,2.9,4.3,2.7,5.04,4.88,True,risk_unclear,179.35,179.93,170.6562,186.605,"{""trend"":{""T1_ema_stack"":{""value"":[false,false,true],""score"":33.33333333333333},""T2_ema50_slope"":{""value"":-0.34530611114670273,""score"":0},""T3_high_proximity"":{""value"":0.8453525641025641,""score"":22.676282051282026},""T4_rs_1m"":{""value"":-0.18091970800206136,""score"":0},""T5_rs_3m"":{""value"":-0.15641738954031614,""score"":0},""T6_adr_healthy"":{""value"":2.5941402290459483,""score"":100.0},""_score"":16.73},""geometry"":{""sub_low_similarity"":61.5,""sub_bounce_quality"":12.2,""sub_separation_fit"":20.0,""sub_right_bottom_reaction"":74.5,""sub_base_context"":30.0,""_score"":41.06},""compression"":{""VC1_atr_ratio"":{""value"":0.2534262844118403,""score"":100},""VC2_range_contraction"":{""value"":0.8193213719515016,""score"":30.113104674749742},""VC3_range_pct_rank"":{""score"":44.99999999999999},""_score"":61.79},""sr_quality"":{""SR1_touches"":{""value"":2,""score"":25.0},""SR2_tightness"":{""value"":0.05310000000000059,""score"":97.4375501959581},""SR3_recency"":{""value"":313,""score"":0.0},""SR4_price_location"":{""score"":55.66770425617143},""SR5_reaction"":{""value"":2.4449559309648325,""score"":100},""_score"":51.03,""_levels_found"":7,""_target_level"":182.2269},""volume"":{""V1_rvol_day"":{""value"":0.21406196764576985,""score"":0},""V2_rvol_sameslot"":{""value"":0.5739525022056567,""score"":4.930166813710449,""status"":""ok""},""V3_breakout_bar"":{""value"":0.8735029422633112,""score"":24.90019615088741},""V4_base_dryup"":{""value"":0.747080610330495,""score"":75.2919389669505},""V5_bo_expansion"":{""value"":0.21406196764576985,""score"":0},""_score"":22.27},""readiness"":{""_distance_atr"":0.14,""BR1_atr_distance"":{""score"":90.67030203173687},""BR2_compression"":{""score"":0},""BR3_retest"":{""score"":50.0},""BR4_bo_age"":{""score"":50.0},""_score"":53.77},""risk"":{""R1_stop_clarity"":{""score"":0},""R2_stop_distance_pct"":{""value"":4.847407304153891,""score"":100.0},""R3_stop_distance_atr"":{""value"":2.097692106179316,""score"":100.0},""R4_rr_potential"":{""value"":0.8345003493859171,""score"":0.0},""_score"":45.0},""market"":{""M1_spy_regime"":{""score"":100.0},""M3_earnings_risk"":{""value"":null,""score"":80.0},""M4_vix"":{""value"":null,""score"":60.0},""_score"":84.0},""liquidity"":{""L1_price"":{""value"":179.35,""score"":100.0},""L2_dollar_vol"":{""value"":223438360.3670101,""score"":100.0},""L3_spread_proxy"":{""value"":0.02309785335935315,""score"":76.90214664064685},""L4_volume_zscore"":{""value"":-2.499655696871627,""score"":100.0},""_score"":97.69},""pattern_structure"":{""left_low"":173.255,""left_idx"":31,""right_low"":176.6234,""right_idx"":73,""separation_bars"":42,""structural_low"":173.255,""current_price"":178.94,""neckline_distance_pct"":0.0055325807533251874,""base_bars"":42},""pattern_geometry_features"":{""low_similarity_pct"":0.019254689629311258,""bounce_pct"":0.038527026637037956,""right_bottom_reaction"":0.7450280469148314,""atr_pct"":0.02310828786490901},""_schema_version"":""1.0""}",,,,,,,,,,
20260513T161427Z-28c0e1,2026-05-13T16:14:27.317311+00:00,BWXT,vcp,invalidated,44.68,45.5,35.0,51.2,60.8,21.3,17.5,38.8,84.0,93.6,6.83,8.75,6.15,7.3,2.77,1.23,1.94,5.04,4.68,False,,208.98,241.82,209.6671,248.8101,"{""trend"":{""T1_ema_stack"":{""value"":[false,true,true],""score"":66.66666666666666},""T2_ema50_slope"":{""value"":0.055747464267263874,""score"":59.29124404454398},""T3_high_proximity"":{""value"":0.8765204261387467,""score"":38.26021306937333},""T4_rs_1m"":{""value"":-0.18817270952945164,""score"":0},""T5_rs_3m"":{""value"":-0.01629761945151098,""score"":41.85119027424451},""T6_adr_healthy"":{""value"":4.626513642079275,""score"":100.0},""_score"":45.54},""geometry"":{""sub_contraction_count"":100.0,""sub_reduction_rate"":0,""sub_pivot_tightness"":0,""sub_volume_dryup"":0,""sub_base_depth"":0.0,""sub_base_duration"":100.0,""_score"":35.0},""compression"":{""VC1_atr_ratio"":{""value"":0.4590835099792398,""score"":100},""VC2_range_contraction"":{""value"":1.301500542800061,""score"":0},""VC3_range_pct_rank"":{""score"":44.99999999999999},""_score"":51.25},""sr_quality"":{""SR1_touches"":{""value"":6,""score"":100},""SR2_tightness"":{""value"":3.1328662921871078,""score"":38.32745258304783},""SR3_recency"":{""value"":238,""score"":0.0},""SR4_price_location"":{""score"":40.24556006081465},""SR5_reaction"":{""value"":2.1376299634526306,""score"":100},""_score"":60.81,""_levels_found"":7,""_target_level"":216.7685},""volume"":{""V1_rvol_day"":{""value"":0.3490770389785476,""score"":0},""V2_rvol_sameslot"":{""value"":0.8998689284987093,""score"":26.65792856658062,""status"":""ok""},""V3_breakout_bar"":{""value"":0.916552848183418,""score"":27.77018987889453},""V4_base_dryup"":{""value"":1.0499908180973987,""score"":45.00091819026013},""V5_bo_expansion"":{""value"":0.3490770389785476,""score"":0},""_score"":21.27},""readiness"":{""_distance_atr"":3.232,""BR1_atr_distance"":{""score"":0},""BR2_compression"":{""score"":0},""BR3_retest"":{""score"":50.0},""BR4_bo_age"":{""score"":50.0},""_score"":17.5},""risk"":{""R1_stop_clarity"":{""score"":37.145649292897886},""R2_stop_distance_pct"":{""value"":-0.3287874437745311,""score"":41.780313905636724},""R3_stop_distance_atr"":{""value"":-0.06763009234684879,""score"":21.618495382657564},""R4_rr_potential"":{""value"":null,""score"":50.0},""_score"":38.78},""market"":{""M1_spy_regime"":{""score"":100.0},""M3_earnings_risk"":{""value"":null,""score"":80.0},""M4_vix"":{""value"":null,""score"":60.0},""_score"":84.0},""liquidity"":{""L1_price"":{""value"":208.98,""score"":100.0},""L2_dollar_vol"":{""value"":76360798.17043793,""score"":94.14352296303612},""L3_spread_proxy"":{""value"":0.04072112163843424,""score"":59.27887836156576},""L4_volume_zscore"":{""value"":-2.217482097974977,""score"":100.0},""_score"":93.59},""pattern_structure"":{""n_contractions"":5,""contractions_pct"":[16.53,13.4,7.35,14.98,11.98],""descending_strict"":false,""final_low"":212.86,""final_pivot"":241.82,""structural_low"":212.86,""dry_up_ratio"":1.132047207132316,""current_price"":208.98,""neckline_distance_pct"":0.15714422432768688,""base_bars"":57},""pattern_geometry_features"":{""contraction_count"":5.0,""first_contraction_pct"":0.16529444380511996,""last_contraction_pct"":0.11975849805640551,""dry_up_ratio"":1.132047207132316,""near_monotone"":0.0,""base_depth_pct"":0.03179484566984497},""_schema_version"":""1.0""}",,,,,,,,,,
20260513T161427Z-28c0e1,2026-05-13T16:14:27.317311+00:00,RGTI,vcp,absent,44.6,65.2,40.4,37.4,38.3,11.9,20.8,59.0,84.0,93.0,9.77,10.1,4.49,4.6,1.54,1.46,2.95,5.04,4.65,False,,18.1501,20.17,15.0705,31.3699,"{""trend"":{""T1_ema_stack"":{""value"":[true,true,false],""score"":66.66666666666666},""T2_ema50_slope"":{""value"":0.1447314289643202,""score"":74.1219048273867},""T3_high_proximity"":{""value"":0.8849390541199413,""score"":42.469527059970645},""T4_rs_1m"":{""value"":0.010635322304642703,""score"":60.6353223046427},""T5_rs_3m"":{""value"":0.035599046198196094,""score"":67.79952309909805},""T6_adr_healthy"":{""value"":7.69959927467294,""score"":100.0},""_score"":65.16},""geometry"":{""sub_contraction_count"":100.0,""sub_reduction_rate"":11.9,""sub_pivot_tightness"":0,""sub_volume_dryup"":16.2,""sub_base_depth"":0.0,""sub_base_duration"":100.0,""_score"":40.41},""compression"":{""VC1_atr_ratio"":{""value"":0.7612228721704725,""score"":59.694281957381875},""VC2_range_contraction"":{""value"":1.1748387081588654,""score"":0},""VC3_range_pct_rank"":{""score"":54.16666666666667},""_score"":37.42},""sr_quality"":{""SR1_touches"":{""value"":2,""score"":25.0},""SR2_tightness"":{""value"":0.35999999999999943,""score"":50.92908571345126},""SR3_recency"":{""value"":316,""score"":0.0},""SR4_price_location"":{""score"":32.77510814988792},""SR5_reaction"":{""value"":3.3184205786278635,""score"":100},""_score"":38.33,""_levels_found"":4,""_target_level"":21.89},""volume"":{""V1_rvol_day"":{""value"":0.49275155663145154,""score"":0},""V2_rvol_sameslot"":{""value"":0.695623863836053,""score"":13.041590922403534,""status"":""ok""},""V3_breakout_bar"":{""value"":0.5561860073413866,""score"":3.7457338227591044},""V4_base_dryup"":{""value"":1.0844646940444047,""score"":41.55353059555953},""V5_bo_expansion"":{""value"":0.49275155663145154,""score"":0},""_score"":11.86},""readiness"":{""_distance_atr"":1.377,""BR1_atr_distance"":{""score"":8.223759474629517},""BR2_compression"":{""score"":0},""BR3_retest"":{""score"":50.0},""BR4_bo_age"":{""score"":50.0},""_score"":20.79},""risk"":{""R1_stop_clarity"":{""score"":68.71729214232515},""R2_stop_distance_pct"":{""value"":16.96739962865217,""score"":0.0},""R3_stop_distance_atr"":{""value"":2.0988720505118836,""score"":100.0},""R4_rr_potential"":{""value"":4.2927003506949,""score"":100.0},""_score"":59.05},""market"":{""M1_spy_regime"":{""score"":100.0},""M3_earnings_risk"":{""value"":null,""score"":80.0},""M4_vix"":{""value"":null,""score"":60.0},""_score"":84.0},""liquidity"":{""L1_price"":{""value"":18.1501,""score"":100.0},""L2_dollar_vol"":{""value"":267201060.91470906,""score"":100.0},""L3_spread_proxy"":{""value"":0.07052302742133659,""score"":29.476972578663407},""L4_volume_zscore"":{""value"":-1.2039252793071773,""score"":100.0},""_score"":92.95},""pattern_structure"":{""n_contractions"":5,""contractions_pct"":[44.04,17.02,19.83,23.13,24.14],""descending_strict"":false,""final_low"":15.3,""final_pivot"":20.17,""structural_low"":15.3,""dry_up_ratio"":0.9191857151049363,""current_price"":18.1501,""neckline_distance_pct"":0.1112886430377796,""base_bars"":69},""pattern_geometry_features"":{""contraction_count"":5.0,""first_contraction_pct"":0.44037524669904415,""last_contraction_pct"":0.2414476945959346,""dry_up_ratio"":0.9191857151049363,""near_monotone"":0.0,""base_depth_pct"":0.42263933071445553},""_schema_version"":""1.0""}",,,,,,,,,,
20260513T161427Z-28c0e1,2026-05-13T16:14:27.317311+00:00,MU,breakout_retest_hold,setup,44.58,99.3,20.0,15.2,51.1,29.5,32.0,45.8,84.0,70.5,13.91,4.4,0.91,7.16,3.84,5.76,2.29,4.2,2.11,False,,788.4318,683.09,699.535,636.068,"{""trend"":{""T1_ema_stack"":{""value"":[true,true,true],""score"":100.0},""T2_ema50_slope"":{""value"":0.681242411756172,""score"":100},""T3_high_proximity"":{""value"":0.9913266191392252,""score"":95.66330956961255},""T4_rs_1m"":{""value"":0.6279041402135908,""score"":100},""T5_rs_3m"":{""value"":0.852317435778845,""score"":100},""T6_adr_healthy"":{""value"":5.871662421553951,""score"":100.0},""_score"":99.35},""geometry"":{""sub_retest_depth"":0.0,""sub_retest_timing"":0.0,""sub_retest_freshness"":100.0,""sub_hold_quality"":0.0,""_score"":20.0},""compression"":{""VC1_atr_ratio"":{""value"":1.22674506936501,""score"":0},""VC2_range_contraction"":{""value"":1.3434581541429855,""score"":0},""VC3_range_pct_rank"":{""score"":60.83333333333334},""_score"":15.21},""sr_quality"":{""SR1_touches"":{""value"":4,""score"":75.0},""SR2_tightness"":{""value"":7.9966410918506945,""score"":68.67453276812543},""SR3_recency"":{""value"":240,""score"":0.0},""SR4_price_location"":{""score"":30.0},""SR5_reaction"":{""value"":1.4467618316251225,""score"":72.33809158125612},""_score"":51.15,""_levels_found"":3,""_target_level"":441.765},""volume"":{""V1_rvol_day"":{""value"":0.6918361849785826,""score"":12.78907899857217},""V2_rvol_sameslot"":{""value"":1.2122498097174936,""score"":47.48332064783291,""status"":""ok""},""V3_breakout_bar"":{""value"":0.8475074093388246,""score"":23.16716062258831},""V4_base_dryup"":{""value"":0.91523564423361,""score"":58.476435576639},""V5_bo_expansion"":{""value"":0.6918361849785826,""score"":0},""_score"":29.54},""readiness"":{""_distance_atr"":-2.063,""BR1_atr_distance"":{""score"":18.73416017870852},""BR2_compression"":{""score"":0},""BR3_retest"":{""score"":100},""BR4_bo_age"":{""score"":30.0},""_score"":31.99},""risk"":{""R1_stop_clarity"":{""score"":72.32012013885806},""R2_stop_distance_pct"":{""value"":11.275142631233287,""score"":18.12143421916783},""R3_stop_distance_atr"":{""value"":1.7411898800304264,""score"":100.0},""R4_rr_potential"":{""value"":-1.713940016520277,""score"":0.0},""_score"":45.75},""market"":{""M1_spy_regime"":{""score"":100.0},""M3_earnings_risk"":{""value"":null,""score"":80.0},""M4_vix"":{""value"":null,""score"":60.0},""_score"":84.0},""liquidity"":{""L1_price"":{""value"":788.4318,""score"":0.0},""L2_dollar_vol"":{""value"":24519701406.548775,""score"":100.0},""L3_spread_proxy"":{""value"":0.04500072168575649,""score"":54.99927831424351},""L4_volume_zscore"":{""value"":-0.9956592958818886,""score"":100.0},""_score"":70.5},""pattern_structure"":{""level"":683.09,""level_idx"":54,""breakout_idx"":60,""bo_peak_idx"":66,""bo_peak_price"":818.67,""retest_idx"":75,""retest_low"":706.601,""structural_low"":706.601,""current_price"":792.205,""neckline_distance_pct"":-0.13773581333114535,""base_bars"":25,""bars_since_breakout"":19},""pattern_geometry_features"":{""retest_depth_atr"":-0.8787781461223558,""bars_breakout_to_retest"":15.0,""bars_since_retest"":4.0,""current_above_level_atr"":4.078426158570073,""bo_peak_excess_pct"":0.19848043449618633,""atr_pct"":0.06475538802830774},""_schema_version"":""1.0""}",,,,,,,,,,
20260513T161427Z-28c0e1,2026-05-13T16:14:27.317311+00:00,AMD,breakout_retest_hold,setup,44.51,97.8,24.7,6.2,39.7,12.0,42.4,64.6,84.0,94.0,13.69,5.44,0.38,5.56,1.56,7.63,3.23,4.2,2.82,False,,445.4399,423.0,421.8489,416.78,"{""trend"":{""T1_ema_stack"":{""value"":[true,true,true],""score"":100.0},""T2_ema50_slope"":{""value"":0.9277170424867814,""score"":100},""T3_high_proximity"":{""value"":0.9709015017764119,""score"":85.45075088820592},""T4_rs_1m"":{""value"":0.681098810261469,""score"":100},""T5_rs_3m"":{""value"":1.016494480819201,""score"":100},""T6_adr_healthy"":{""value"":5.446719529708108,""score"":100.0},""_score"":97.82},""geometry"":{""sub_retest_depth"":15.7,""sub_retest_timing"":0.0,""sub_retest_freshness"":100.0,""sub_hold_quality"":0.0,""_score"":24.71},""compression"":{""VC1_atr_ratio"":{""value"":1.2918731876170075,""score"":0},""VC2_range_contraction"":{""value"":1.3373012622902039,""score"":0},""VC3_range_pct_rank"":{""score"":25.0},""_score"":6.25},""sr_quality"":{""SR1_touches"":{""value"":2,""score"":25.0},""SR2_tightness"":{""value"":3.2150999999999783,""score"":78.18985813915529},""SR3_recency"":{""value"":295,""score"":0.0},""SR4_price_location"":{""score"":30.0},""SR5_reaction"":{""value"":1.7335606505141283,""score"":86.67803252570641},""_score"":39.73,""_levels_found"":3,""_target_level"":263.7449},""volume"":{""V1_rvol_day"":{""value"":0.3150400817315784,""score"":0},""V2_rvol_sameslot"":{""value"":0.6382818181476029,""score"":9.218787876506857,""status"":""ok""},""V3_breakout_bar"":{""value"":0.8413720323348545,""score"":22.7581354889903},""V4_base_dryup"":{""value"":1.2775405666523534,""score"":22.24594333476466},""V5_bo_expansion"":{""value"":0.3150400817315784,""score"":0},""_score"":11.98},""readiness"":{""_distance_atr"":-0.761,""BR1_atr_distance"":{""score"":44.777537173239615},""BR2_compression"":{""score"":0},""BR3_retest"":{""score"":100},""BR4_bo_age"":{""score"":30.0},""_score"":42.41},""risk"":{""R1_stop_clarity"":{""score"":71.09415088698765},""R2_stop_distance_pct"":{""value"":5.296112898732243,""score"":100.0},""R3_stop_distance_atr"":{""value"":0.8001664903722923,""score"":65.00832451861461},""R4_rr_potential"":{""value"":-1.2148658386672901,""score"":0.0},""_score"":64.63},""market"":{""M1_spy_regime"":{""score"":100.0},""M3_earnings_risk"":{""value"":null,""score"":80.0},""M4_vix"":{""value"":null,""score"":60.0},""_score"":84.0},""liquidity"":{""L1_price"":{""value"":445.4399,""score"":100.0},""L2_dollar_vol"":{""value"":6745368944.35652,""score"":100.0},""L3_spread_proxy"":{""value"":0.060277491980399646,""score"":39.722508019600355},""L4_volume_zscore"":{""value"":-1.981194219099925,""score"":100.0},""_score"":93.97},""pattern_structure"":{""level"":423.0,""level_idx"":53,""breakout_idx"":60,""bo_peak_idx"":70,""bo_peak_price"":469.215,""retest_idx"":75,""retest_low"":426.11,""structural_low"":426.11,""current_price"":445.875,""neckline_distance_pct"":-0.051303616484440706,""base_bars"":26,""bars_since_breakout"":19},""pattern_geometry_features"":{""retest_depth_atr"":-0.29011735293569035,""bars_breakout_to_retest"":15.0,""bars_since_retest"":4.0,""current_above_level_atr"":2.1339017518983563,""bo_peak_excess_pct"":0.10925531914893612,""atr_pct"":0.06618763672880289},""_schema_version"":""1.0""}",,,,,,,,,,
20260513T161427Z-28c0e1,2026-05-13T16:14:27.317311+00:00,KLAC,bull_flag,absent,44.49,76.5,30.9,59.2,45.6,3.8,36.9,69.7,84.0,72.5,10.72,9.28,5.33,4.56,0.53,3.32,2.09,5.04,3.62,False,,1829.13,1897.49,1716.855,2079.11,"{""trend"":{""T1_ema_stack"":{""value"":[true,true,true],""score"":100.0},""T2_ema50_slope"":{""value"":0.4239902369626909,""score"":100},""T3_high_proximity"":{""value"":0.9452868217054264,""score"":72.6434108527132},""T4_rs_1m"":{""value"":-0.04674735233144167,""score"":3.2526476685583248},""T5_rs_3m"":{""value"":0.1672227338573118,""score"":100},""T6_adr_healthy"":{""value"":3.545285375521175,""score"":100.0},""_score"":76.55},""geometry"":{""sub_pole_impulse"":30.6,""sub_flag_tightness"":0,""sub_flag_shallowness"":0,""sub_flag_drift"":78.3,""sub_flag_duration"":100.0,""_score"":30.92},""compression"":{""VC1_atr_ratio"":{""value"":0.5776273824812704,""score"":100},""VC2_range_contraction"":{""value"":1.2865969264419732,""score"":0},""VC3_range_pct_rank"":{""score"":76.66666666666666},""_score"":59.17},""sr_quality"":{""SR1_touches"":{""value"":3,""score"":50.0},""SR2_tightness"":{""value"":19.994086742501274,""score"":54.102846687271644},""SR3_recency"":{""value"":232,""score"":0.0},""SR4_price_location"":{""score"":30.0},""SR5_reaction"":{""value"":2.7923631330846774,""score"":100},""_score"":45.62,""_levels_found"":6,""_target_level"":1673.287},""volume"":{""V1_rvol_day"":{""value"":0.27401067232553206,""score"":0},""V2_rvol_sameslot"":{""value"":0.4930447703681458,""score"":0,""status"":""ok""},""V3_breakout_bar"":{""value"":0.5020610970275441,""score"":0.1374064685029393},""V4_base_dryup"":{""value"":1.3117406795708693,""score"":18.82593204291308},""V5_bo_expansion"":{""value"":0.27401067232553206,""score"":0},""_score"":3.8},""readiness"":{""_distance_atr"":0.785,""BR1_atr_distance"":{""score"":47.69237790376818},""BR2_compression"":{""score"":1.3164565555297547},""BR3_retest"":{""score"":50.0},""BR4_bo_age"":{""score"":50.0},""_score"":36.91},""risk"":{""R1_stop_clarity"":{""score"":39.98320159277434},""R2_stop_distance_pct"":{""value"":6.138164045201822,""score"":100.0},""R3_stop_distance_atr"":{""value"":1.288656730000243,""score"":89.43283650001214},""R4_rr_potential"":{""value"":2.226497439323089,""score"":61.32487196615446},""_score"":69.67},""market"":{""M1_spy_regime"":{""score"":100.0},""M3_earnings_risk"":{""value"":null,""score"":80.0},""M4_vix"":{""value"":null,""score"":60.0},""_score"":84.0},""liquidity"":{""L1_price"":{""value"":1829.13,""score"":0.0},""L2_dollar_vol"":{""value"":506747018.90817827,""score"":100.0},""L3_spread_proxy"":{""value"":0.02520597223816788,""score"":74.79402776183213},""L4_volume_zscore"":{""value"":-2.083733320381272,""score"":100.0},""_score"":72.48},""pattern_structure"":{""pole_low"":1715.87,""pole_low_idx"":22,""peak_price"":1897.49,""peak_idx"":47,""pole_gain"":0.10584717956488553,""flag_bars"":12,""flag_low"":1743.0,""flag_high"":1890.0,""structural_low"":1743.0,""current_price"":1817.98,""neckline_distance_pct"":0.0437353546243633,""base_bars"":12},""pattern_geometry_features"":{""pole_gain"":0.10584717956488553,""pullback_pct"":0.08141808388977018,""flag_range_pct"":0.07747076400929649,""flag_drift_per_bar"":-0.004336481349429792,""atr_pct"":0.04763226623742278,""pole_atr_multiple"":2.222173915414623},""_schema_version"":""1.0""}",,,,,,,,,,
20260513T161427Z-28c0e1,2026-05-13T16:14:27.317311+00:00,MMM,vcp,absent,44.41,21.8,47.3,53.2,42.6,26.3,17.5,65.0,84.0,97.5,3.27,11.83,6.39,5.11,3.42,1.23,3.25,5.04,4.87,True,risk_unclear,148.54,158.1435,141.4361,187.6135,"{""trend"":{""T1_ema_stack"":{""value"":[true,false,false],""score"":33.33333333333333},""T2_ema50_slope"":{""value"":-0.16099197976074392,""score"":23.168003373209345},""T3_high_proximity"":{""value"":0.8506958364354846,""score"":25.347918217742293},""T4_rs_1m"":{""value"":-0.09153140196798248,""score"":0},""T5_rs_3m"":{""value"":-0.20973576452131049,""score"":0},""T6_adr_healthy"":{""value"":2.5091224419133695,""score"":100.0},""_score"":21.77},""geometry"":{""sub_contraction_count"":100.0,""sub_reduction_rate"":0,""sub_pivot_tightness"":11.4,""sub_volume_dryup"":4.1,""sub_base_depth"":100.0,""sub_base_duration"":100.0,""_score"":47.33},""compression"":{""VC1_atr_ratio"":{""value"":0.5347954813385261,""score"":100},""VC2_range_contraction"":{""value"":0.9192227616423815,""score"":13.462873059603087},""VC3_range_pct_rank"":{""score"":34.166666666666664},""_score"":53.25},""sr_quality"":{""SR1_touches"":{""value"":3,""score"":50.0},""SR2_tightness"":{""value"":0.3809366380675752,""score"":77.1319103093063},""SR3_recency"":{""value"":239,""score"":0.0},""SR4_price_location"":{""score"":4.003388096912262},""SR5_reaction"":{""value"":2.6287169328050592,""score"":100},""_score"":42.57,""_levels_found"":5,""_target_level"":158.5512},""volume"":{""V1_rvol_day"":{""value"":0.716191672852991,""score"":14.412778190199402},""V2_rvol_sameslot"":{""value"":1.1453262591886086,""score"":43.02175061257391,""status"":""ok""},""V3_breakout_bar"":{""value"":1.0716947509548755,""score"":38.1129833969917},""V4_base_dryup"":{""value"":1.235254606903347,""score"":26.474539309665303},""V5_bo_expansion"":{""value"":0.716191672852991,""score"":0},""_score"":26.31},""readiness"":{""_distance_atr"":2.883,""BR1_atr_distance"":{""score"":0},""BR2_compression"":{""score"":0},""BR3_retest"":{""score"":50.0},""BR4_bo_age"":{""score"":50.0},""_score"":17.5},""risk"":{""R1_stop_clarity"":{""score"":0},""R2_stop_distance_pct"":{""value"":4.782449171940215,""score"":100.0},""R3_stop_distance_atr"":{""value"":2.1322637771641255,""score"":100.0},""R4_rr_potential"":{""value"":5.500327287316037,""score"":100.0},""_score"":65.0},""market"":{""M1_spy_regime"":{""score"":100.0},""M3_earnings_risk"":{""value"":null,""score"":80.0},""M4_vix"":{""value"":null,""score"":60.0},""_score"":84.0},""liquidity"":{""L1_price"":{""value"":148.54,""score"":100.0},""L2_dollar_vol"":{""value"":424513423.7492306,""score"":100.0},""L3_spread_proxy"":{""value"":0.02514474215699465,""score"":74.85525784300535},""L4_volume_zscore"":{""value"":-0.8611620247057177,""score"":100.0},""_score"":97.49},""pattern_structure"":{""n_contractions"":5,""contractions_pct"":[11.55,8.35,8.4,4.97,9.2],""descending_strict"":false,""final_low"":143.59,""final_pivot"":158.1435,""structural_low"":143.59,""dry_up_ratio"":0.9796978551705805,""current_price"":148.54,""neckline_distance_pct"":0.06465261882321259,""base_bars"":67},""pattern_geometry_features"":{""contraction_count"":5.0,""first_contraction_pct"":0.11550907199815098,""last_contraction_pct"":0.09202717784796711,""dry_up_ratio"":0.9796978551705805,""near_monotone"":0.0,""base_depth_pct"":0.1702877614700104},""_schema_version"":""1.0""}",,,,,,,,,,
20260513T161427Z-28c0e1,2026-05-13T16:14:27.317311+00:00,RTX,base_on_base,invalidated,44.34,16.7,60.9,61.8,51.0,17.8,17.5,10.6,84.0,97.7,3.01,15.21,6.18,5.1,2.13,1.4,0.53,5.88,4.88,True,risk_unclear,179.35,205.36,182.7865,226.62,"{""trend"":{""T1_ema_stack"":{""value"":[false,false,true],""score"":33.33333333333333},""T2_ema50_slope"":{""value"":-0.34530611114670273,""score"":0},""T3_high_proximity"":{""value"":0.8453525641025641,""score"":22.676282051282026},""T4_rs_1m"":{""value"":-0.18091970800206136,""score"":0},""T5_rs_3m"":{""value"":-0.15641738954031614,""score"":0},""T6_adr_healthy"":{""value"":2.5941402290459483,""score"":100.0},""_score"":16.73},""geometry"":{""sub_shallower_second"":29.6,""sub_second_base_depth"":100.0,""sub_rim_advance"":92.3,""sub_dry_up"":0,""sub_second_base_duration"":100.0,""_score"":60.86},""compression"":{""VC1_atr_ratio"":{""value"":0.2534262844118403,""score"":100},""VC2_range_contraction"":{""value"":0.8193213719515016,""score"":30.113104674749742},""VC3_range_pct_rank"":{""score"":44.99999999999999},""_score"":61.79},""sr_quality"":{""SR1_touches"":{""value"":2,""score"":25.0},""SR2_tightness"":{""value"":0.05310000000000059,""score"":97.4375501959581},""SR3_recency"":{""value"":313,""score"":0.0},""SR4_price_location"":{""score"":55.66770425617143},""SR5_reaction"":{""value"":2.4449559309648325,""score"":100},""_score"":51.03,""_levels_found"":7,""_target_level"":182.2269},""volume"":{""V1_rvol_day"":{""value"":0.21406196764576985,""score"":0},""V2_rvol_sameslot"":{""value"":0.5739525022056567,""score"":4.930166813710449,""status"":""ok""},""V3_breakout_bar"":{""value"":0.8735029422633112,""score"":24.90019615088741},""V4_base_dryup"":{""value"":0.9718858162540205,""score"":52.81141837459795},""V5_bo_expansion"":{""value"":0.21406196764576985,""score"":0},""_score"":17.77},""readiness"":{""_distance_atr"":6.276,""BR1_atr_distance"":{""score"":0},""BR2_compression"":{""score"":0},""BR3_retest"":{""score"":50.0},""BR4_bo_age"":{""score"":50.0},""_score"":17.5},""risk"":{""R1_stop_clarity"":{""score"":0},""R2_stop_distance_pct"":{""value"":-1.9160579871759176,""score"":2.098550320602066},""R3_stop_distance_atr"":{""value"":-0.8291648426647562,""score"":0.0},""R4_rr_potential"":{""value"":null,""score"":50.0},""_score"":10.63},""market"":{""M1_spy_regime"":{""score"":100.0},""M3_earnings_risk"":{""value"":null,""score"":80.0},""M4_vix"":{""value"":null,""score"":60.0},""_score"":84.0},""liquidity"":{""L1_price"":{""value"":179.35,""score"":100.0},""L2_dollar_vol"":{""value"":223438360.3670101,""score"":100.0},""L3_spread_proxy"":{""value"":0.02309785335935315,""score"":76.90214664064685},""L4_volume_zscore"":{""value"":-2.499655696871627,""score"":100.0},""_score"":97.69},""pattern_structure"":{""first_base_low"":166.74,""first_base_top"":188.0,""first_base_bars"":20,""second_base_low"":185.57,""second_base_top"":205.36,""second_base_bars"":55,""structural_low"":185.57,""stacking_overlap_pct"":0.012925531914893653,""current_price"":179.35,""neckline_distance_pct"":0.14502369668246456,""base_bars"":55},""pattern_geometry_features"":{""first_base_depth_pct"":0.11308510638297868,""second_base_depth_pct"":0.09636735488897555,""second_dry_up_ratio"":1.8246647246793473,""rim_advance_pct"":0.09234042553191496,""atr_pct"":0.02310828786490901},""_schema_version"":""1.0""}",,,,,,,,,,
20260513T161427Z-28c0e1,2026-05-13T16:14:27.317311+00:00,IR,base_on_base,invalidated,44.16,6.9,55.0,60.2,49.0,44.9,17.5,15.4,84.0,96.2,1.23,13.75,6.02,4.9,5.39,1.4,0.77,5.88,4.81,True,risk_unclear,72.19,89.1,74.8698,97.52,"{""trend"":{""T1_ema_stack"":{""value"":[false,false,false],""score"":0.0},""T2_ema50_slope"":{""value"":-0.24434029003033952,""score"":9.27661832827674},""T3_high_proximity"":{""value"":0.7309639530174159,""score"":0},""T4_rs_1m"":{""value"":-0.2478762790930874,""score"":0},""T5_rs_3m"":{""value"":-0.322943718423777,""score"":0},""T6_adr_healthy"":{""value"":2.9920671137730026,""score"":100.0},""_score"":6.86},""geometry"":{""sub_shallower_second"":0,""sub_second_base_depth"":100.0,""sub_rim_advance"":100,""sub_dry_up"":0,""sub_second_base_duration"":100.0,""_score"":55.0},""compression"":{""VC1_atr_ratio"":{""value"":0.539252228085082,""score"":100},""VC2_range_contraction"":{""value"":0.9816869527980779,""score"":3.052174533653677},""VC3_range_pct_rank"":{""score"":76.66666666666666},""_score"":60.23},""sr_quality"":{""SR1_touches"":{""value"":2,""score"":25.0},""SR2_tightness"":{""value"":0.3500000000000014,""score"":74.07235928302127},""SR3_recency"":{""value"":230,""score"":0.0},""SR4_price_location"":{""score"":61.44189430517894},""SR5_reaction"":{""value"":3.0427938355711333,""score"":100},""_score"":48.97,""_levels_found"":5,""_target_level"":75.66},""volume"":{""V1_rvol_day"":{""value"":0.2952936000978542,""score"":0},""V2_rvol_sameslot"":{""value"":1.3378053571498054,""score"":55.853690476653696,""status"":""ok""},""V3_breakout_bar"":{""value"":1.8841013378986717,""score"":92.27342252657812},""V4_base_dryup"":{""value"":0.9662902863186973,""score"":53.37097136813027},""V5_bo_expansion"":{""value"":0.2952936000978541,""score"":0},""_score"":44.91},""readiness"":{""_distance_atr"":6.263,""BR1_atr_distance"":{""score"":0},""BR2_compression"":{""score"":0},""BR3_retest"":{""score"":50.0},""BR4_bo_age"":{""score"":50.0},""_score"":17.5},""risk"":{""R1_stop_clarity"":{""score"":15.538858390104778},""R2_stop_distance_pct"":{""value"":-3.7122177586923426,""score"":0.0},""R3_stop_distance_atr"":{""value"":-0.9926026853627888,""score"":0.0},""R4_rr_potential"":{""value"":null,""score"":50.0},""_score"":15.44},""market"":{""M1_spy_regime"":{""score"":100.0},""M3_earnings_risk"":{""value"":null,""score"":80.0},""M4_vix"":{""value"":null,""score"":60.0},""_score"":84.0},""liquidity"":{""L1_price"":{""value"":72.19,""score"":100.0},""L2_dollar_vol"":{""value"":80291535.6055952,""score"":95.23348820195316},""L3_spread_proxy"":{""value"":0.01849286604792919,""score"":81.50713395207082},""L4_volume_zscore"":{""value"":-1.9298296952632958,""score"":100.0},""_score"":96.24},""pattern_structure"":{""first_base_low"":72.45,""first_base_top"":80.87,""first_base_bars"":76,""second_base_low"":76.01,""second_base_top"":89.1,""second_base_bars"":57,""structural_low"":76.01,""stacking_overlap_pct"":0.06009645109434895,""current_price"":72.19,""neckline_distance_pct"":0.23424296994043492,""base_bars"":57},""pattern_geometry_features"":{""first_base_depth_pct"":0.10411771979720541,""second_base_depth_pct"":0.14691358024691348,""second_dry_up_ratio"":1.2190288599810337,""rim_advance_pct"":0.10176827006306405,""atr_pct"":0.03739882848831458},""_schema_version"":""1.0""}",,,,,,,,,,
20260513T161427Z-28c0e1,2026-05-13T16:14:27.317311+00:00,QCOM,breakout_retest_hold,setup,44.12,92.2,20.0,1.9,35.2,11.6,55.1,66.4,84.0,94.2,12.91,4.4,0.11,4.93,1.51,9.92,3.32,4.2,2.83,False,,212.79,197.5,199.98,188.5,"{""trend"":{""T1_ema_stack"":{""value"":[true,true,true],""score"":100.0},""T2_ema50_slope"":{""value"":0.508988428816407,""score"":100},""T3_high_proximity"":{""value"":0.895844735401844,""score"":47.92236770092195},""T4_rs_1m"":{""value"":0.5366069133384745,""score"":100},""T5_rs_3m"":{""value"":0.4396273410077476,""score"":100},""T6_adr_healthy"":{""value"":6.671215018192996,""score"":100.0},""_score"":92.19},""geometry"":{""sub_retest_depth"":0.0,""sub_retest_timing"":0.0,""sub_retest_freshness"":100.0,""sub_hold_quality"":0.0,""_score"":20.0},""compression"":{""VC1_atr_ratio"":{""value"":1.528992079529262,""score"":0},""VC2_range_contraction"":{""value"":3.1337996309564145,""score"":0},""VC3_range_pct_rank"":{""score"":7.499999999999996},""_score"":1.87},""sr_quality"":{""SR1_touches"":{""value"":2,""score"":25.0},""SR2_tightness"":{""value"":0.5049999999999955,""score"":94.78804213208153},""SR3_recency"":{""value"":311,""score"":0.0},""SR4_price_location"":{""score"":30.0},""SR5_reaction"":{""value"":0.7965006900130918,""score"":39.82503450065459},""_score"":35.19,""_levels_found"":4,""_target_level"":183.945},""volume"":{""V1_rvol_day"":{""value"":0.516009708858206,""score"":1.0673139238803975},""V2_rvol_sameslot"":{""value"":1.007465764926044,""score"":33.831050995069596,""status"":""ok""},""V3_breakout_bar"":{""value"":0.7773940673940662,""score"":18.49293782627108},""V4_base_dryup"":{""value"":1.744277113277143,""score"":0},""V5_bo_expansion"":{""value"":0.516009708858206,""score"":0},""_score"":11.6},""readiness"":{""_distance_atr"":-0.789,""BR1_atr_distance"":{""score"":44.21963647515364},""BR2_compression"":{""score"":51.76454128962873},""BR3_retest"":{""score"":100},""BR4_bo_age"":{""score"":30.0},""_score"":55.13},""risk"":{""R1_stop_clarity"":{""score"":79.15216852832582},""R2_stop_distance_pct"":{""value"":6.020019737769633,""score"":100.0},""R3_stop_distance_atr"":{""value"":0.6610413889904578,""score"":58.05206944952289},""R4_rr_potential"":{""value"":-1.8961748633879771,""score"":0.0},""_score"":66.41},""market"":{""M1_spy_regime"":{""score"":100.0},""M3_earnings_risk"":{""value"":null,""score"":80.0},""M4_vix"":{""value"":null,""score"":60.0},""_score"":84.0},""liquidity"":{""L1_price"":{""value"":212.79,""score"":100.0},""L2_dollar_vol"":{""value"":2992888723.2940664,""score"":100.0},""L3_spread_proxy"":{""value"":0.057991446966492805,""score"":42.0085530335072},""L4_volume_zscore"":{""value"":-0.8308890273797312,""score"":100.0},""_score"":94.2},""pattern_structure"":{""level"":197.5,""level_idx"":48,""breakout_idx"":55,""bo_peak_idx"":66,""bo_peak_price"":247.9,""retest_idx"":75,""retest_low"":202.0,""structural_low"":202.0,""current_price"":213.99,""neckline_distance_pct"":-0.07705967568577975,""base_bars"":31,""bars_since_breakout"":24},""pattern_geometry_features"":{""retest_depth_atr"":-0.5971054601977082,""bars_breakout_to_retest"":20.0,""bars_since_retest"":4.0,""current_above_level_atr"":2.188059786368936,""bo_peak_excess_pct"":0.25518987341772154,""atr_pct"":0.09106872637677658},""_schema_version"":""1.0""}",,,,,,,,,,
20260513T161427Z-28c0e1,2026-05-13T16:14:27.317311+00:00,IR,vcp,invalidated,44.11,6.9,52.2,60.2,49.0,40.1,17.5,12.7,84.0,96.2,1.03,13.05,7.23,5.88,5.21,1.23,0.63,5.04,4.81,True,risk_unclear,72.19,87.52,81.8732,95.25,"{""trend"":{""T1_ema_stack"":{""value"":[false,false,false],""score"":0.0},""T2_ema50_slope"":{""value"":-0.24434029003033952,""score"":9.27661832827674},""T3_high_proximity"":{""value"":0.7309639530174159,""score"":0},""T4_rs_1m"":{""value"":-0.2478762790930874,""score"":0},""T5_rs_3m"":{""value"":-0.322943718423777,""score"":0},""T6_adr_healthy"":{""value"":2.9920671137730026,""score"":100.0},""_score"":6.86},""geometry"":{""sub_contraction_count"":100.0,""sub_reduction_rate"":0,""sub_pivot_tightness"":71.0,""sub_volume_dryup"":20.4,""sub_base_depth"":35.1,""sub_base_duration"":100.0,""_score"":52.22},""compression"":{""VC1_atr_ratio"":{""value"":0.539252228085082,""score"":100},""VC2_range_contraction"":{""value"":0.9816869527980779,""score"":3.052174533653677},""VC3_range_pct_rank"":{""score"":76.66666666666666},""_score"":60.23},""sr_quality"":{""SR1_touches"":{""value"":2,""score"":25.0},""SR2_tightness"":{""value"":0.3500000000000014,""score"":74.07235928302127},""SR3_recency"":{""value"":230,""score"":0.0},""SR4_price_location"":{""score"":61.44189430517894},""SR5_reaction"":{""value"":3.0427938355711333,""score"":100},""_score"":48.97,""_levels_found"":5,""_target_level"":75.66},""volume"":{""V1_rvol_day"":{""value"":0.2952936000978542,""score"":0},""V2_rvol_sameslot"":{""value"":1.3378053571498054,""score"":55.853690476653696,""status"":""ok""},""V3_breakout_bar"":{""value"":1.8841013378986717,""score"":92.27342252657812},""V4_base_dryup"":{""value"":1.207951495250568,""score"":29.204850474943186},""V5_bo_expansion"":{""value"":0.2952936000978541,""score"":0},""_score"":40.08},""readiness"":{""_distance_atr"":5.678,""BR1_atr_distance"":{""score"":0},""BR2_compression"":{""score"":0},""BR3_retest"":{""score"":50.0},""BR4_bo_age"":{""score"":50.0},""_score"":17.5},""risk"":{""R1_stop_clarity"":{""score"":7.638335868773865},""R2_stop_distance_pct"":{""value"":-13.413492173431225,""score"":0.0},""R3_stop_distance_atr"":{""value"":-3.5866075798663917,""score"":0.0},""R4_rr_potential"":{""value"":null,""score"":50.0},""_score"":12.67},""market"":{""M1_spy_regime"":{""score"":100.0},""M3_earnings_risk"":{""value"":null,""score"":80.0},""M4_vix"":{""value"":null,""score"":60.0},""_score"":84.0},""liquidity"":{""L1_price"":{""value"":72.19,""score"":100.0},""L2_dollar_vol"":{""value"":80291535.6055952,""score"":95.23348820195316},""L3_spread_proxy"":{""value"":0.01849286604792919,""score"":81.50713395207082},""L4_volume_zscore"":{""value"":-1.9298296952632958,""score"":100.0},""_score"":96.24},""pattern_structure"":{""n_contractions"":5,""contractions_pct"":[6.52,21.0,6.98,7.4,5.03],""descending_strict"":false,""final_low"":83.12,""final_pivot"":87.52,""structural_low"":83.12,""dry_up_ratio"":0.8979945755638862,""current_price"":72.19,""neckline_distance_pct"":0.21235628203352264,""base_bars"":63},""pattern_geometry_features"":{""contraction_count"":5.0,""first_contraction_pct"":0.06516235553109508,""last_contraction_pct"":0.050274223034734826,""dry_up_ratio"":0.8979945755638862,""near_monotone"":0.0,""base_depth_pct"":0.08508530544854144},""_schema_version"":""1.0""}",,,,,,,,,,
20260513T161427Z-28c0e1,2026-05-13T16:14:27.317311+00:00,OKLO,bull_flag,absent,44.1,62.7,27.5,37.7,64.6,24.9,18.4,81.0,84.0,92.4,8.77,8.26,3.39,6.46,3.49,1.65,2.43,5.04,4.62,False,,69.36,79.65,67.0786,93.0,"{""trend"":{""T1_ema_stack"":{""value"":[false,true,false],""score"":33.33333333333333},""T2_ema50_slope"":{""value"":0.41393490344534517,""score"":100},""T3_high_proximity"":{""value"":0.8711379050489826,""score"":35.56895252449127},""T4_rs_1m"":{""value"":0.11877691194753082,""score"":100},""T5_rs_3m"":{""value"":-0.02183403917196447,""score"":39.08298041401777},""T6_adr_healthy"":{""value"":9.487218511803604,""score"":62.81953720490989},""_score"":62.67},""geometry"":{""sub_pole_impulse"":24.8,""sub_flag_tightness"":0,""sub_flag_shallowness"":0,""sub_flag_drift"":67.2,""sub_flag_duration"":100.0,""_score"":27.52},""compression"":{""VC1_atr_ratio"":{""value"":0.7729168949319587,""score"":56.770776267010326},""VC2_range_contraction"":{""value"":0.9614409894240407,""score"":6.426501762659891},""VC3_range_pct_rank"":{""score"":50.83333333333333},""_score"":37.67},""sr_quality"":{""SR1_touches"":{""value"":3,""score"":50.0},""SR2_tightness"":{""value"":0.3904698025029146,""score"":88.86074707224914},""SR3_recency"":{""value"":276,""score"":0.0},""SR4_price_location"":{""score"":84.9352687328363},""SR5_reaction"":{""value"":2.4125027933492142,""score"":100},""_score"":64.56,""_levels_found"":7,""_target_level"":70.32},""volume"":{""V1_rvol_day"":{""value"":0.46781061179359057,""score"":0},""V2_rvol_sameslot"":{""value"":0.6688393811949964,""score"":11.255958746333095,""status"":""ok""},""V3_breakout_bar"":{""value"":0.896959934299998,""score"":26.463995619999864},""V4_base_dryup"":{""value"":0.6979753168869921,""score"":80.20246831130079},""V5_bo_expansion"":{""value"":0.4678106117935907,""score"":0},""_score"":24.91},""readiness"":{""_distance_atr"":1.468,""BR1_atr_distance"":{""score"":2.149571369478025},""BR2_compression"":{""score"":0},""BR3_retest"":{""score"":50.0},""BR4_bo_age"":{""score"":50.0},""_score"":18.36},""risk"":{""R1_stop_clarity"":{""score"":70.85878728229707},""R2_stop_distance_pct"":{""value"":3.28921784890427,""score"":100.0},""R3_stop_distance_atr"":{""value"":0.32541707675410464,""score"":41.27085383770523},""R4_rr_potential"":{""value"":10.362051572246271,""score"":100.0},""_score"":80.99},""market"":{""M1_spy_regime"":{""score"":100.0},""M3_earnings_risk"":{""value"":null,""score"":80.0},""M4_vix"":{""value"":null,""score"":60.0},""_score"":84.0},""liquidity"":{""L1_price"":{""value"":69.36,""score"":100.0},""L2_dollar_vol"":{""value"":526758842.2818729,""score"":100.0},""L3_spread_proxy"":{""value"":0.0764114763552481,""score"":23.588523644751902},""L4_volume_zscore"":{""value"":-1.415072218516393,""score"":100.0},""_score"":92.36},""pattern_structure"":{""pole_low"":66.3,""pole_low_idx"":25,""peak_price"":79.65,""peak_idx"":50,""pole_gain"":0.20135746606334856,""flag_bars"":9,""flag_low"":68.1001,""flag_high"":79.42,""structural_low"":68.1001,""current_price"":71.17,""neckline_distance_pct"":0.11915132780666016,""base_bars"":9},""pattern_geometry_features"":{""pole_gain"":0.20135746606334856,""pullback_pct"":0.14500816070307604,""flag_range_pct"":0.14212052730696803,""flag_drift_per_bar"":-0.00655182427052588,""atr_pct"":0.10107698961937717,""pole_atr_multiple"":1.9921197378512638},""_schema_version"":""1.0""}",,,,,,,,,,
20260513T161427Z-28c0e1,2026-05-13T16:14:27.317311+00:00,RTX,vcp,absent,44.01,16.7,45.0,61.8,51.0,17.8,17.5,65.0,84.0,97.7,2.51,11.25,7.41,6.12,2.31,1.23,3.25,5.04,4.88,True,risk_unclear,179.35,205.36,169.0556,240.2099,"{""trend"":{""T1_ema_stack"":{""value"":[false,false,true],""score"":33.33333333333333},""T2_ema50_slope"":{""value"":-0.34530611114670273,""score"":0},""T3_high_proximity"":{""value"":0.8453525641025641,""score"":22.676282051282026},""T4_rs_1m"":{""value"":-0.18091970800206136,""score"":0},""T5_rs_3m"":{""value"":-0.15641738954031614,""score"":0},""T6_adr_healthy"":{""value"":2.5941402290459483,""score"":100.0},""_score"":16.73},""geometry"":{""sub_contraction_count"":100.0,""sub_reduction_rate"":0,""sub_pivot_tightness"":0,""sub_volume_dryup"":0,""sub_base_depth"":100.0,""sub_base_duration"":100.0,""_score"":45.0},""compression"":{""VC1_atr_ratio"":{""value"":0.2534262844118403,""score"":100},""VC2_range_contraction"":{""value"":0.8193213719515016,""score"":30.113104674749742},""VC3_range_pct_rank"":{""score"":44.99999999999999},""_score"":61.79},""sr_quality"":{""SR1_touches"":{""value"":2,""score"":25.0},""SR2_tightness"":{""value"":0.05310000000000059,""score"":97.4375501959581},""SR3_recency"":{""value"":313,""score"":0.0},""SR4_price_location"":{""score"":55.66770425617143},""SR5_reaction"":{""value"":2.4449559309648325,""score"":100},""_score"":51.03,""_levels_found"":7,""_target_level"":182.2269},""volume"":{""V1_rvol_day"":{""value"":0.21406196764576985,""score"":0},""V2_rvol_sameslot"":{""value"":0.5739525022056567,""score"":4.930166813710449,""status"":""ok""},""V3_breakout_bar"":{""value"":0.8735029422633112,""score"":24.90019615088741},""V4_base_dryup"":{""value"":0.9718858162540205,""score"":52.81141837459795},""V5_bo_expansion"":{""value"":0.21406196764576985,""score"":0},""_score"":17.77},""readiness"":{""_distance_atr"":6.276,""BR1_atr_distance"":{""score"":0},""BR2_compression"":{""score"":0},""BR3_retest"":{""score"":50.0},""BR4_bo_age"":{""score"":50.0},""_score"":17.5},""risk"":{""R1_stop_clarity"":{""score"":0},""R2_stop_distance_pct"":{""value"":5.739811262893786,""score"":100.0},""R3_stop_distance_atr"":{""value"":2.4838756105379627,""score"":100.0},""R4_rr_potential"":{""value"":5.911970268355416,""score"":100.0},""_score"":65.0},""market"":{""M1_spy_regime"":{""score"":100.0},""M3_earnings_risk"":{""value"":null,""score"":80.0},""M4_vix"":{""value"":null,""score"":60.0},""_score"":84.0},""liquidity"":{""L1_price"":{""value"":179.35,""score"":100.0},""L2_dollar_vol"":{""value"":223438360.3670101,""score"":100.0},""L3_spread_proxy"":{""value"":0.02309785335935315,""score"":76.90214664064685},""L4_volume_zscore"":{""value"":-2.499655696871627,""score"":100.0},""_score"":97.69},""pattern_structure"":{""n_contractions"":5,""contractions_pct"":[6.49,6.83,6.72,12.88,16.42],""descending_strict"":false,""final_low"":171.6301,""final_pivot"":205.36,""structural_low"":171.6301,""dry_up_ratio"":1.0426705477786755,""current_price"":179.35,""neckline_distance_pct"":0.14502369668246456,""base_bars"":55},""pattern_geometry_features"":{""contraction_count"":5.0,""first_contraction_pct"":0.06489732661758997,""last_contraction_pct"":0.16424766264121549,""dry_up_ratio"":1.0426705477786755,""near_monotone"":0.0,""base_depth_pct"":0.16878099573808597},""_schema_version"":""1.0""}",,,,,,,,,,
20260513T161427Z-28c0e1,2026-05-13T16:14:27.317311+00:00,CRM,vcp,invalidated,43.97,10.1,50.7,60.5,55.4,26.3,17.5,26.0,84.0,97.6,1.52,12.68,7.26,6.65,3.42,1.23,1.3,5.04,4.88,True,risk_unclear,166.12,193.56,168.0902,223.945,"{""trend"":{""T1_ema_stack"":{""value"":[false,false,false],""score"":0.0},""T2_ema50_slope"":{""value"":-0.19555691006040948,""score"":17.407181656598418},""T3_high_proximity"":{""value"":0.8219286527138686,""score"":10.964326356934285},""T4_rs_1m"":{""value"":-0.09554089321537951,""score"":0},""T5_rs_3m"":{""value"":-0.17114764327886456,""score"":0},""T6_adr_healthy"":{""value"":3.311363726531992,""score"":100.0},""_score"":10.13},""geometry"":{""sub_contraction_count"":100.0,""sub_reduction_rate"":0,""sub_pivot_tightness"":0,""sub_volume_dryup"":38.2,""sub_base_depth"":100.0,""sub_base_duration"":100.0,""_score"":50.73},""compression"":{""VC1_atr_ratio"":{""value"":0.6213211200376588,""score"":94.66971999058529},""VC2_range_contraction"":{""value"":0.9270609376205026,""score"":12.156510396582906},""VC3_range_pct_rank"":{""score"":73.33333333333334},""_score"":60.46},""sr_quality"":{""SR1_touches"":{""value"":3,""score"":50.0},""SR2_tightness"":{""value"":1.610858984103404,""score"":52.07737952167177},""SR3_recency"":{""value"":232,""score"":0.0},""SR4_price_location"":{""score"":70.45851771968313},""SR5_reaction"":{""value"":2.8532470591151955,""score"":100},""_score"":55.43,""_levels_found"":7,""_target_level"":172.74},""volume"":{""V1_rvol_day"":{""value"":0.330539091414056,""score"":0},""V2_rvol_sameslot"":{""value"":0.8490516217631094,""score"":23.27010811754063,""status"":""ok""},""V3_breakout_bar"":{""value"":1.1000332035477745,""score"":40.002213569851634},""V4_base_dryup"":{""value"":0.9189477599553348,""score"":58.105224004466514},""V5_bo_expansion"":{""value"":0.33053909141405596,""score"":0},""_score"":26.28},""readiness"":{""_distance_atr"":4.082,""BR1_atr_distance"":{""score"":0},""BR2_compression"":{""score"":0},""BR3_retest"":{""score"":50.0},""BR4_bo_age"":{""score"":50.0},""_score"":17.5},""risk"":{""R1_stop_clarity"":{""score"":23.848127626343086},""R2_stop_distance_pct"":{""value"":-1.1860402118950115,""score"":20.34899470262471},""R3_stop_distance_atr"":{""value"":-0.2930720315347134,""score"":10.346398423264326},""R4_rr_potential"":{""value"":null,""score"":50.0},""_score"":26.0},""market"":{""M1_spy_regime"":{""score"":100.0},""M3_earnings_risk"":{""value"":null,""score"":80.0},""M4_vix"":{""value"":null,""score"":60.0},""_score"":84.0},""liquidity"":{""L1_price"":{""value"":166.12,""score"":100.0},""L2_dollar_vol"":{""value"":663905277.6175218,""score"":100.0},""L3_spread_proxy"":{""value"":0.023597399470262386,""score"":76.40260052973761},""L4_volume_zscore"":{""value"":-2.043222017868964,""score"":100.0},""_score"":97.64},""pattern_structure"":{""n_contractions"":5,""contractions_pct"":[5.7,6.76,12.71,13.47,11.84],""descending_strict"":false,""final_low"":170.65,""final_pivot"":193.56,""structural_low"":170.65,""dry_up_ratio"":0.809088048798863,""current_price"":166.12,""neckline_distance_pct"":0.1651817962918372,""base_bars"":39},""pattern_geometry_features"":{""contraction_count"":5.0,""first_contraction_pct"":0.056980127838436014,""last_contraction_pct"":0.11836123165943375,""dry_up_ratio"":0.809088048798863,""near_monotone"":0.0,""base_depth_pct"":0.1511428358246076},""_schema_version"":""1.0""}",,,,,,,,,,
20260513T161427Z-28c0e1,2026-05-13T16:14:27.317311+00:00,ASTS,bull_flag,forming,43.94,13.3,58.1,40.0,57.0,8.7,24.3,76.3,84.0,92.0,1.87,17.43,3.6,5.7,1.22,2.19,2.29,5.04,4.6,False,,75.875,84.94,68.8712,106.45,"{""trend"":{""T1_ema_stack"":{""value"":[false,false,true],""score"":33.33333333333333},""T2_ema50_slope"":{""value"":-0.6260061418378755,""score"":0},""T3_high_proximity"":{""value"":0.7233768710077224,""score"":0},""T4_rs_1m"":{""value"":-0.20857789549655437,""score"":0},""T5_rs_3m"":{""value"":-0.2862314348707041,""score"":0},""T6_adr_healthy"":{""value"":7.8721463016340945,""score"":100.0},""_score"":13.33},""geometry"":{""sub_pole_impulse"":75.0,""sub_flag_tightness"":42.4,""sub_flag_shallowness"":0,""sub_flag_drift"":100,""sub_flag_duration"":100.0,""_score"":58.1},""compression"":{""VC1_atr_ratio"":{""value"":0.7372396989600541,""score"":65.69007525998646},""VC2_range_contraction"":{""value"":1.1309571724719707,""score"":0},""VC3_range_pct_rank"":{""score"":55.00000000000001},""_score"":40.03},""sr_quality"":{""SR1_touches"":{""value"":3,""score"":50.0},""SR2_tightness"":{""value"":0.6666499997916594,""score"":79.26661979972558},""SR3_recency"":{""value"":275,""score"":0.0},""SR4_price_location"":{""score"":60.58693594193758},""SR5_reaction"":{""value"":2.522797106584456,""score"":100},""_score"":57.04,""_levels_found"":8,""_target_level"":77.9567},""volume"":{""V1_rvol_day"":{""value"":0.4319191271326674,""score"":0},""V2_rvol_sameslot"":{""value"":0.9416229391930225,""score"":29.441529279534834,""status"":""ok""},""V3_breakout_bar"":{""value"":0.6024584169308698,""score"":6.830561128724651},""V4_base_dryup"":{""value"":1.4439920419635213,""score"":5.60079580364787},""V5_bo_expansion"":{""value"":0.43191912713266734,""score"":0},""_score"":8.72},""readiness"":{""_distance_atr"":1.41,""BR1_atr_distance"":{""score"":6.023604803007615},""BR2_compression"":{""score"":17.540842603580835},""BR3_retest"":{""score"":50.0},""BR4_bo_age"":{""score"":50.0},""_score"":24.29},""risk"":{""R1_stop_clarity"":{""score"":67.38143079450448},""R2_stop_distance_pct"":{""value"":9.230708401976933,""score"":69.23228995057667},""R3_stop_distance_atr"":{""value"":1.089120590205232,""score"":79.4560295102616},""R4_rr_potential"":{""value"":4.365487306890545,""score"":100.0},""_score"":76.27},""market"":{""M1_spy_regime"":{""score"":100.0},""M3_earnings_risk"":{""value"":null,""score"":80.0},""M4_vix"":{""value"":null,""score"":60.0},""_score"":84.0},""liquidity"":{""L1_price"":{""value"":75.875,""score"":100.0},""L2_dollar_vol"":{""value"":643881167.976926,""score"":100.0},""L3_spread_proxy"":{""value"":0.0800645799011532,""score"":19.93542009884679},""L4_volume_zscore"":{""value"":-1.2917619860970424,""score"":100.0},""_score"":91.99},""pattern_structure"":{""pole_low"":63.43,""pole_low_idx"":27,""peak_price"":84.94,""peak_idx"":51,""pole_gain"":0.33911398391928105,""flag_bars"":8,""flag_low"":69.92,""flag_high"":79.8669,""structural_low"":69.92,""current_price"":76.47,""neckline_distance_pct"":0.11076239047992675,""base_bars"":8},""pattern_geometry_features"":{""pole_gain"":0.33911398391928105,""pullback_pct"":0.17683070402637152,""flag_range_pct"":0.11710501530492112,""flag_drift_per_bar"":0.007522012989843514,""atr_pct"":0.08475377735937867,""pole_atr_multiple"":4.0011666085553586},""_schema_version"":""1.0""}",,,,,,,,,,
20260513T161427Z-28c0e1,2026-05-13T16:14:27.317311+00:00,TMUS,double_bottom,absent,43.75,14.0,42.4,72.8,55.4,14.5,28.1,56.7,84.0,98.0,2.1,10.59,5.82,7.75,1.89,2.25,3.4,5.04,4.9,True,risk_unclear,192.58,198.28,186.6181,207.1,"{""trend"":{""T1_ema_stack"":{""value"":[false,false,false],""score"":0.0},""T2_ema50_slope"":{""value"":-0.1814133314675812,""score"":19.764444755403133},""T3_high_proximity"":{""value"":0.8675556356428508,""score"":33.77781782142536},""T4_rs_1m"":{""value"":-0.05166599114495618,""score"":0},""T5_rs_3m"":{""value"":-0.15003278937752595,""score"":0},""T6_adr_healthy"":{""value"":2.813005056317951,""score"":100.0},""_score"":14.02},""geometry"":{""sub_low_similarity"":51.0,""sub_bounce_quality"":23.6,""sub_separation_fit"":20.0,""sub_right_bottom_reaction"":89.0,""sub_base_context"":30.0,""_score"":42.37},""compression"":{""VC1_atr_ratio"":{""value"":0.22604655246187688,""score"":100},""VC2_range_contraction"":{""value"":0.6524542188879489,""score"":57.924296852008524},""VC3_range_pct_rank"":{""score"":50.0},""_score"":72.77},""sr_quality"":{""SR1_touches"":{""value"":3,""score"":50.0},""SR2_tightness"":{""value"":0.6571952187558615,""score"":74.60788014057817},""SR3_recency"":{""value"":310,""score"":0.0},""SR4_price_location"":{""score"":67.70399411908849},""SR5_reaction"":{""value"":1.6330615857035358,""score"":81.65307928517679},""_score"":55.37,""_levels_found"":7,""_target_level"":194.7767},""volume"":{""V1_rvol_day"":{""value"":0.13808082948320943,""score"":0},""V2_rvol_sameslot"":{""value"":0.44481867739531994,""score"":0,""status"":""ok""},""V3_breakout_bar"":{""value"":0.6560303852774909,""score"":10.40202568516606},""V4_base_dryup"":{""value"":0.9047302219291432,""score"":59.52697780708568},""V5_bo_expansion"":{""value"":0.13808082948320943,""score"":0},""_score"":14.51},""readiness"":{""_distance_atr"":1.101,""BR1_atr_distance"":{""score"":26.58950285086648},""BR2_compression"":{""score"":0},""BR3_retest"":{""score"":50.0},""BR4_bo_age"":{""score"":50.0},""_score"":28.14},""risk"":{""R1_stop_clarity"":{""score"":0},""R2_stop_distance_pct"":{""value"":3.095804341053076,""score"":100.0},""R3_stop_distance_atr"":{""value"":1.1517527446142661,""score"":82.58763723071331},""R4_rr_potential"":{""value"":2.4354652040456815,""score"":71.77326020228408},""_score"":56.74},""market"":{""M1_spy_regime"":{""score"":100.0},""M3_earnings_risk"":{""value"":null,""score"":80.0},""M4_vix"":{""value"":null,""score"":60.0},""_score"":84.0},""liquidity"":{""L1_price"":{""value"":192.58,""score"":100.0},""L2_dollar_vol"":{""value"":159825723.98645937,""score"":100.0},""L3_spread_proxy"":{""value"":0.020536919721674173,""score"":79.46308027832583},""L4_volume_zscore"":{""value"":-1.8237236409313795,""score"":100.0},""_score"":97.95},""pattern_structure"":{""left_low"":194.16,""left_idx"":29,""right_low"":189.46,""right_idx"":71,""separation_bars"":42,""structural_low"":189.46,""current_price"":192.18,""neckline_distance_pct"":0.031741076074513444,""base_bars"":42},""pattern_geometry_features"":{""low_similarity_pct"":0.024503414837599647,""bounce_pct"":0.04655336218726904,""right_bottom_reaction"":0.8901098901098959,""atr_pct"":0.02687907066451049},""_schema_version"":""1.0""}",,,,,,,,,,
20260513T161427Z-28c0e1,2026-05-13T16:14:27.317311+00:00,INTC,vcp,breakout_confirmed,43.69,94.4,35.0,5.8,50.5,12.2,17.5,30.5,84.0,92.8,14.15,8.75,0.7,6.07,1.58,1.23,1.53,5.04,4.64,False,,119.7,47.845,40.0206,45.115,"{""trend"":{""T1_ema_stack"":{""value"":[true,true,true],""score"":100.0},""T2_ema50_slope"":{""value"":1.1256874976281952,""score"":100},""T3_high_proximity"":{""value"":0.924752781211372,""score"":62.376390605686005},""T4_rs_1m"":{""value"":0.810636584758837,""score"":100},""T5_rs_3m"":{""value"":1.4096804840822925,""score"":100},""T6_adr_healthy"":{""value"":6.67882771838059,""score"":100.0},""_score"":94.36},""geometry"":{""sub_contraction_count"":100.0,""sub_reduction_rate"":0,""sub_pivot_tightness"":0,""sub_volume_dryup"":0,""sub_base_depth"":0.0,""sub_base_duration"":100.0,""_score"":35.0},""compression"":{""VC1_atr_ratio"":{""value"":1.3561384658635467,""score"":0},""VC2_range_contraction"":{""value"":1.3441059768774277,""score"":0},""VC3_range_pct_rank"":{""score"":23.33333333333333},""_score"":5.83},""sr_quality"":{""SR1_touches"":{""value"":5,""score"":100},""SR2_tightness"":{""value"":2.034394258741408,""score"":57.38210245199986},""SR3_recency"":{""value"":257,""score"":0.0},""SR4_price_location"":{""score"":30.0},""SR5_reaction"":{""value"":0.5925965828195292,""score"":29.62982914097646},""_score"":50.55,""_levels_found"":2,""_target_level"":48.195},""volume"":{""V1_rvol_day"":{""value"":0.4500841631943141,""score"":0},""V2_rvol_sameslot"":{""value"":0.8553596816004224,""score"":23.69064544002816,""status"":""ok""},""V3_breakout_bar"":{""value"":0.897649948885619,""score"":26.509996592374602},""V4_base_dryup"":{""value"":1.459028147447318,""score"":4.097185255268215},""V5_bo_expansion"":{""value"":0.4500841631943141,""score"":0},""_score"":12.19},""readiness"":{""_distance_atr"":-7.526,""BR1_atr_distance"":{""score"":0},""BR2_compression"":{""score"":0},""BR3_retest"":{""score"":50.0},""BR4_bo_age"":{""score"":50.0},""_score"":17.5},""risk"":{""R1_stop_clarity"":{""score"":87.23282001557679},""R2_stop_distance_pct"":{""value"":66.56595655806183,""score"":0.0},""R3_stop_distance_atr"":{""value"":8.34590105184876,""score"":0.0},""R4_rr_potential"":{""value"":-0.9360631881871675,""score"":0.0},""_score"":30.53},""market"":{""M1_spy_regime"":{""score"":100.0},""M3_earnings_risk"":{""value"":null,""score"":80.0},""M4_vix"":{""value"":null,""score"":60.0},""_score"":84.0},""liquidity"":{""L1_price"":{""value"":119.7,""score"":100.0},""L2_dollar_vol"":{""value"":8265868875.391195,""score"":100.0},""L3_spread_proxy"":{""value"":0.07176274018379285,""score"":28.237259816207157},""L4_volume_zscore"":{""value"":-1.5566060439883729,""score"":100.0},""_score"":92.82},""pattern_structure"":{""n_contractions"":5,""contractions_pct"":[7.78,22.57,16.72,10.28,15.08],""descending_strict"":false,""final_low"":40.63,""final_pivot"":47.845,""structural_low"":40.63,""dry_up_ratio"":1.1548646672679468,""current_price"":119.7,""neckline_distance_pct"":-0.6002923976608188,""base_bars"":66},""pattern_geometry_features"":{""contraction_count"":5.0,""first_contraction_pct"":0.07783641160949857,""last_contraction_pct"":0.15079945657853477,""dry_up_ratio"":1.1548646672679468,""near_monotone"":0.0,""base_depth_pct"":-0.0720316622691294},""_schema_version"":""1.0""}",,,,,,,,,,
20260513T161427Z-28c0e1,2026-05-13T16:14:27.317311+00:00,HEI,vcp,breakout_confirmed,43.63,17.6,48.5,46.7,55.6,26.0,31.1,26.9,84.0,92.8,2.64,12.14,5.6,6.67,3.38,2.18,1.34,5.04,4.64,True,risk_unclear,291.17,279.4,252.2683,363.398,"{""trend"":{""T1_ema_stack"":{""value"":[true,false,false],""score"":33.33333333333333},""T2_ema50_slope"":{""value"":-0.23545807059791557,""score"":10.756988233680737},""T3_high_proximity"":{""value"":0.8279872604219985,""score"":13.993630210999253},""T4_rs_1m"":{""value"":-0.0946459185460451,""score"":0},""T5_rs_3m"":{""value"":-0.16596083488237867,""score"":0},""T6_adr_healthy"":{""value"":3.1735020965375096,""score"":100.0},""_score"":17.58},""geometry"":{""sub_contraction_count"":100.0,""sub_reduction_rate"":0,""sub_pivot_tightness"":23.7,""sub_volume_dryup"":0,""sub_base_depth"":100.0,""sub_base_duration"":100.0,""_score"":48.55},""compression"":{""VC1_atr_ratio"":{""value"":0.5728452187360256,""score"":100},""VC2_range_contraction"":{""value"":1.1430768176706438,""score"":0},""VC3_range_pct_rank"":{""score"":26.66666666666667},""_score"":46.67},""sr_quality"":{""SR1_touches"":{""value"":2,""score"":25.0},""SR2_tightness"":{""value"":0.7850500000000125,""score"":82.73231530135192},""SR3_recency"":{""value"":262,""score"":0.0},""SR4_price_location"":{""score"":82.69475772970335},""SR5_reaction"":{""value"":3.4714578952205795,""score"":100},""_score"":55.58,""_levels_found"":5,""_target_level"":296.4151},""volume"":{""V1_rvol_day"":{""value"":0.2985314389037347,""score"":0},""V2_rvol_sameslot"":{""value"":1.2059536881962423,""score"":47.06357921308282,""status"":""ok""},""V3_breakout_bar"":{""value"":1.1625307414221648,""score"":44.16871609481099},""V4_base_dryup"":{""value"":1.2231319730363657,""score"":27.68680269636343},""V5_bo_expansion"":{""value"":0.2985314389037347,""score"":0},""_score"":25.99},""readiness"":{""_distance_atr"":-1.294,""BR1_atr_distance"":{""score"":34.11112045053368},""BR2_compression"":{""score"":0},""BR3_retest"":{""score"":50.0},""BR4_bo_age"":{""score"":50.0},""_score"":31.14},""risk"":{""R1_stop_clarity"":{""score"":15.50041281120869},""R2_stop_distance_pct"":{""value"":13.360459525363193,""score"":0.0},""R3_stop_distance_atr"":{""value"":4.27833530639547,""score"":86.0832346802265},""R4_rr_potential"":{""value"":1.8566821715788384,""score"":42.83410857894192},""_score"":26.9},""market"":{""M1_spy_regime"":{""score"":100.0},""M3_earnings_risk"":{""value"":null,""score"":80.0},""M4_vix"":{""value"":null,""score"":60.0},""_score"":84.0},""liquidity"":{""L1_price"":{""value"":291.17,""score"":100.0},""L2_dollar_vol"":{""value"":61993336.86557132,""score"":89.61725067005632},""L3_spread_proxy"":{""value"":0.03025723803963321,""score"":69.74276196036679},""L4_volume_zscore"":{""value"":-1.568188215986088,""score"":100.0},""_score"":92.82},""pattern_structure"":{""n_contractions"":5,""contractions_pct"":[5.86,5.52,16.21,8.43,8.34],""descending_strict"":false,""final_low"":256.11,""final_pivot"":279.4,""structural_low"":256.11,""dry_up_ratio"":1.4786556979041194,""current_price"":291.17,""neckline_distance_pct"":-0.040423120513789323,""base_bars"":85},""pattern_geometry_features"":{""contraction_count"":5.0,""first_contraction_pct"":0.058593152763239904,""last_contraction_pct"":0.08335719398711512,""dry_up_ratio"":1.4786556979041194,""near_monotone"":0.0,""base_depth_pct"":0.24697449045597278},""_schema_version"":""1.0""}",,,,,,,,,,
20260513T161427Z-28c0e1,2026-05-13T16:14:27.317311+00:00,LHX,double_bottom,forming,43.37,13.5,60.4,45.2,38.7,4.5,53.3,43.7,84.0,93.9,2.02,15.11,3.62,5.41,0.58,4.26,2.62,5.04,4.69,True,risk_unclear,303.63,304.99,292.2208,313.3091,"{""trend"":{""T1_ema_stack"":{""value"":[false,false,true],""score"":33.33333333333333},""T2_ema50_slope"":{""value"":-0.3381537567827373,""score"":0},""T3_high_proximity"":{""value"":0.8022352568167406,""score"":1.1176284083702637},""T4_rs_1m"":{""value"":-0.21129623787213536,""score"":0},""T5_rs_3m"":{""value"":-0.1768252298842482,""score"":0},""T6_adr_healthy"":{""value"":2.6495213336197003,""score"":100.0},""_score"":13.5},""geometry"":{""sub_low_similarity"":84.3,""sub_bounce_quality"":0,""sub_separation_fit"":100.0,""sub_right_bottom_reaction"":94.3,""sub_base_context"":30.0,""_score"":60.44},""compression"":{""VC1_atr_ratio"":{""value"":0.4501205407549828,""score"":100},""VC2_range_contraction"":{""value"":1.1273829329335316,""score"":0},""VC3_range_pct_rank"":{""score"":20.833333333333336},""_score"":45.21},""sr_quality"":{""SR1_touches"":{""value"":2,""score"":25.0},""SR2_tightness"":{""value"":1.7997499999999889,""score"":58.0431399747061},""SR3_recency"":{""value"":277,""score"":0.0},""SR4_price_location"":{""score"":29.848402372610284},""SR5_reaction"":{""value"":4.5313583671851765,""score"":100},""_score"":38.67,""_levels_found"":9,""_target_level"":331.0802},""volume"":{""V1_rvol_day"":{""value"":0.14854785334215848,""score"":0},""V2_rvol_sameslot"":{""value"":0.5208991051280727,""score"":1.393273675204846,""status"":""ok""},""V3_breakout_bar"":{""value"":0.6416304842714549,""score"":9.442032284763657},""V4_base_dryup"":{""value"":1.4086860892755335,""score"":9.131391072446647},""V5_bo_expansion"":{""value"":0.14854785334215848,""score"":0},""_score"":4.47},""readiness"":{""_distance_atr"":0.159,""BR1_atr_distance"":{""score"":89.43161927408424},""BR2_compression"":{""score"":0},""BR3_retest"":{""score"":50.0},""BR4_bo_age"":{""score"":50.0},""_score"":53.27},""risk"":{""R1_stop_clarity"":{""score"":0},""R2_stop_distance_pct"":{""value"":3.757587688963534,""score"":100.0},""R3_stop_distance_atr"":{""value"":1.3298865841788976,""score"":91.49432920894488},""R4_rr_potential"":{""value"":0.8483619329322456,""score"":0.0},""_score"":43.72},""market"":{""M1_spy_regime"":{""score"":100.0},""M3_earnings_risk"":{""value"":null,""score"":80.0},""M4_vix"":{""value"":null,""score"":60.0},""_score"":84.0},""liquidity"":{""L1_price"":{""value"":303.63,""score"":100.0},""L2_dollar_vol"":{""value"":70934330.60460375,""score"":92.54282373630822},""L3_spread_proxy"":{""value"":0.03143628758686546,""score"":68.56371241313454},""L4_volume_zscore"":{""value"":-2.309888470542966,""score"":100.0},""_score"":93.87},""pattern_structure"":{""left_low"":299.015,""left_idx"":48,""right_low"":296.6709,""right_idx"":66,""separation_bars"":18,""structural_low"":296.6709,""current_price"":302.82,""neckline_distance_pct"":0.007165973185390714,""base_bars"":18},""pattern_geometry_features"":{""low_similarity_pct"":0.0078702551126356,""bounce_pct"":0.028041509969464452,""right_bottom_reaction"":0.9427751490408462,""atr_pct"":0.028254948457003604},""_schema_version"":""1.0""}",,,,,,,,,,
20260513T161427Z-28c0e1,2026-05-13T16:14:27.317311+00:00,HII,double_bottom,retest_hold,43.35,13.3,44.5,50.8,54.6,7.8,57.5,57.6,84.0,88.5,2.0,11.12,4.07,7.64,1.01,4.6,3.46,5.04,4.42,False,,330.75,326.485,306.3351,341.9699,"{""trend"":{""T1_ema_stack"":{""value"":[false,false,true],""score"":33.33333333333333},""T2_ema50_slope"":{""value"":-0.46162774531913287,""score"":0},""T3_high_proximity"":{""value"":0.7289577502038657,""score"":0},""T4_rs_1m"":{""value"":-0.23436092313919688,""score"":0},""T5_rs_3m"":{""value"":-0.2268475999199977,""score"":0},""T6_adr_healthy"":{""value"":3.5503512183594155,""score"":100.0},""_score"":13.33},""geometry"":{""sub_low_similarity"":52.3,""sub_bounce_quality"":28.3,""sub_separation_fit"":100.0,""sub_right_bottom_reaction"":14.1,""sub_base_context"":30.0,""_score"":44.46},""compression"":{""VC1_atr_ratio"":{""value"":0.6229090126802876,""score"":94.2727468299281},""VC2_range_contraction"":{""value"":1.2678885315534363,""score"":0},""VC3_range_pct_rank"":{""score"":52.5},""_score"":50.83},""sr_quality"":{""SR1_touches"":{""value"":2,""score"":25.0},""SR2_tightness"":{""value"":1.3449999999999989,""score"":81.57455821260497},""SR3_recency"":{""value"":313,""score"":0.0},""SR4_price_location"":{""score"":79.28927656550276},""SR5_reaction"":{""value"":2.3881153454183224,""score"":100},""_score"":54.56,""_levels_found"":7,""_target_level"":334.655},""volume"":{""V1_rvol_day"":{""value"":0.18599612196458915,""score"":0},""V2_rvol_sameslot"":{""value"":0.6163866468053637,""score"":7.759109787024247,""status"":""ok""},""V3_breakout_bar"":{""value"":0.4127198417508076,""score"":0},""V4_base_dryup"":{""value"":1.1875444290504495,""score"":31.245557094955046},""V5_bo_expansion"":{""value"":0.18599612196458917,""score"":0},""_score"":7.8},""readiness"":{""_distance_atr"":-0.292,""BR1_atr_distance"":{""score"":100.0},""BR2_compression"":{""score"":0},""BR3_retest"":{""score"":50.0},""BR4_bo_age"":{""score"":50.0},""_score"":57.5},""risk"":{""R1_stop_clarity"":{""score"":36.09314975735247},""R2_stop_distance_pct"":{""value"":7.381678458049899,""score"":100.0},""R3_stop_distance_atr"":{""value"":1.6723247075584944,""score"":100.0},""R4_rr_potential"":{""value"":0.4595513113169854,""score"":0.0},""_score"":57.63},""market"":{""M1_spy_regime"":{""score"":100.0},""M3_earnings_risk"":{""value"":null,""score"":80.0},""M4_vix"":{""value"":null,""score"":60.0},""_score"":84.0},""liquidity"":{""L1_price"":{""value"":330.75,""score"":100.0},""L2_dollar_vol"":{""value"":37052694.36869175,""score"":78.44098970741244},""L3_spread_proxy"":{""value"":0.029176114890400708,""score"":70.82388510959929},""L4_volume_zscore"":{""value"":-1.4621048353331425,""score"":100.0},""_score"":88.46},""pattern_structure"":{""left_low"":311.0001,""left_idx"":48,""right_low"":318.51,""right_idx"":71,""separation_bars"":23,""structural_low"":311.0001,""current_price"":329.9,""neckline_distance_pct"":-0.010351621703546419,""base_bars"":23},""pattern_geometry_features"":{""low_similarity_pct"":0.023859505987274918,""bounce_pct"":0.04979065923129941,""right_bottom_reaction"":0.1406192283152714,""atr_pct"":0.04414022243818164},""_schema_version"":""1.0""}",,,,,,,,,,
20260513T161427Z-28c0e1,2026-05-13T16:14:27.317311+00:00,TSM,bull_flag,absent,43.32,74.4,23.2,57.1,43.2,17.9,21.6,69.7,84.0,98.0,10.41,6.97,5.14,4.32,2.51,1.94,2.09,5.04,4.9,True,risk_unclear,397.6,420.0,380.3282,447.87,"{""trend"":{""T1_ema_stack"":{""value"":[true,true,true],""score"":100.0},""T2_ema50_slope"":{""value"":0.3658271188615596,""score"":100},""T3_high_proximity"":{""value"":0.9477949940405245,""score"":73.89749702026222},""T4_rs_1m"":{""value"":-0.018626180451833063,""score"":31.373819548166935},""T5_rs_3m"":{""value"":-0.006247749988263163,""score"":46.87612500586842},""T6_adr_healthy"":{""value"":3.0861367295896,""score"":100.0},""_score"":74.39},""geometry"":{""sub_pole_impulse"":21.4,""sub_flag_tightness"":0,""sub_flag_shallowness"":0,""sub_flag_drift"":87.2,""sub_flag_duration"":37.5,""_score"":23.25},""compression"":{""VC1_atr_ratio"":{""value"":0.5102026158404143,""score"":100},""VC2_range_contraction"":{""value"":1.1747844007206527,""score"":0},""VC3_range_pct_rank"":{""score"":68.33333333333333},""_score"":57.08},""sr_quality"":{""SR1_touches"":{""value"":2,""score"":25.0},""SR2_tightness"":{""value"":2.75,""score"":63.881356353574326},""SR3_recency"":{""value"":227,""score"":0.0},""SR4_price_location"":{""score"":45.67320984241084},""SR5_reaction"":{""value"":1.9569737830245189,""score"":97.84868915122594},""_score"":43.18,""_levels_found"":6,""_target_level"":417.25},""volume"":{""V1_rvol_day"":{""value"":0.3860585182083163,""score"":0},""V2_rvol_sameslot"":{""value"":0.7749619703269123,""score"":18.330798021794152,""status"":""ok""},""V3_breakout_bar"":{""value"":0.7936737157373351,""score"":19.578247715822343},""V4_base_dryup"":{""value"":1.0332266903311005,""score"":46.677330966889954},""V5_bo_expansion"":{""value"":0.3860585182083163,""score"":0},""_score"":17.9},""readiness"":{""_distance_atr"":1.471,""BR1_atr_distance"":{""score"":1.9324099781897957},""BR2_compression"":{""score"":13.151017300822929},""BR3_retest"":{""score"":50.0},""BR4_bo_age"":{""score"":50.0},""_score"":21.56},""risk"":{""R1_stop_clarity"":{""score"":23.93019626495672},""R2_stop_distance_pct"":{""value"":4.3440140845070525,""score"":100.0},""R3_stop_distance_atr"":{""value"":1.1342436169678844,""score"":81.71218084839423},""R4_rr_potential"":{""value"":2.9105246702717644,""score"":95.52623351358822},""_score"":69.74},""market"":{""M1_spy_regime"":{""score"":100.0},""M3_earnings_risk"":{""value"":null,""score"":80.0},""M4_vix"":{""value"":null,""score"":60.0},""_score"":84.0},""liquidity"":{""L1_price"":{""value"":397.6,""score"":100.0},""L2_dollar_vol"":{""value"":2253025717.324329,""score"":100.0},""L3_spread_proxy"":{""value"":0.020447686116700187,""score"":79.55231388329982},""L4_volume_zscore"":{""value"":-1.8942103077597536,""score"":100.0},""_score"":97.96},""pattern_structure"":{""pole_low"":392.13,""pole_low_idx"":10,""peak_price"":420.0,""peak_idx"":34,""pole_gain"":0.07107336852574403,""flag_bars"":25,""flag_low"":386.12,""flag_high"":419.8,""structural_low"":386.12,""current_price"":396.48,""neckline_distance_pct"":0.05932203389830504,""base_bars"":25},""pattern_geometry_features"":{""pole_gain"":0.07107336852574403,""pullback_pct"":0.08066666666666665,""flag_range_pct"":0.0801904761904762,""flag_drift_per_bar"":-0.0025615828909790923,""atr_pct"":0.038298774791606795,""pole_atr_multiple"":1.8557608934612657},""_schema_version"":""1.0""}",,,,,,,,,,
20260513T161427Z-28c0e1,2026-05-13T16:14:27.317311+00:00,QBTS,bull_flag,absent,43.3,74.0,27.7,30.7,63.9,13.5,17.5,78.8,84.0,91.9,10.37,8.31,2.76,6.39,1.9,1.57,2.36,5.04,4.6,False,,20.91,24.78,20.3895,28.48,"{""trend"":{""T1_ema_stack"":{""value"":[true,true,false],""score"":66.66666666666666},""T2_ema50_slope"":{""value"":0.36862484728491784,""score"":100},""T3_high_proximity"":{""value"":0.8701622971285893,""score"":35.081148564294615},""T4_rs_1m"":{""value"":0.1669294869433111,""score"":100},""T5_rs_3m"":{""value"":-0.004429638104647582,""score"":47.78518094767621},""T6_adr_healthy"":{""value"":8.044204535984298,""score"":98.89488660039257},""_score"":74.04},""geometry"":{""sub_pole_impulse"":26.2,""sub_flag_tightness"":0,""sub_flag_shallowness"":0,""sub_flag_drift"":65.6,""sub_flag_duration"":100.0,""_score"":27.7},""compression"":{""VC1_atr_ratio"":{""value"":0.8017299736971775,""score"":49.567506575705636},""VC2_range_contraction"":{""value"":1.1208990402737171,""score"":0},""VC3_range_pct_rank"":{""score"":43.333333333333336},""_score"":30.66},""sr_quality"":{""SR1_touches"":{""value"":3,""score"":50.0},""SR2_tightness"":{""value"":0.15518731334172292,""score"":82.67169894094656},""SR3_recency"":{""value"":276,""score"":0.0},""SR4_price_location"":{""score"":86.00143963962567},""SR5_reaction"":{""value"":2.973539107779018,""score"":100},""_score"":63.9,""_levels_found"":4,""_target_level"":21.5129},""volume"":{""V1_rvol_day"":{""value"":0.43655733015247866,""score"":0},""V2_rvol_sameslot"":{""value"":0.6964569971294828,""score"":13.097133141965521,""status"":""ok""},""V3_breakout_bar"":{""value"":0.7716124513181575,""score"":18.10749675454383},""V4_base_dryup"":{""value"":1.1801887882414592,""score"":31.98112117585407},""V5_bo_expansion"":{""value"":0.43655733015247855,""score"":0},""_score"":13.54},""readiness"":{""_distance_atr"":2.161,""BR1_atr_distance"":{""score"":0},""BR2_compression"":{""score"":0},""BR3_retest"":{""score"":50.0},""BR4_bo_age"":{""score"":50.0},""_score"":17.5},""risk"":{""R1_stop_clarity"":{""score"":65.32939862817025},""R2_stop_distance_pct"":{""value"":2.489239598278345,""score"":100.0},""R3_stop_distance_atr"":{""value"":0.2905965863774137,""score"":39.52982931887068},""R4_rr_potential"":{""value"":14.54370797310274,""score"":100.0},""_score"":78.79},""market"":{""M1_spy_regime"":{""score"":100.0},""M3_earnings_risk"":{""value"":null,""score"":80.0},""M4_vix"":{""value"":null,""score"":60.0},""_score"":84.0},""liquidity"":{""L1_price"":{""value"":20.91,""score"":100.0},""L2_dollar_vol"":{""value"":288151082.24491197,""score"":100.0},""L3_spread_proxy"":{""value"":0.08082257293161173,""score"":19.17742706838827},""L4_volume_zscore"":{""value"":-1.0488398590483254,""score"":100.0},""_score"":91.92},""pattern_structure"":{""pole_low"":21.08,""pole_low_idx"":26,""peak_price"":24.78,""peak_idx"":51,""pole_gain"":0.1755218216318787,""flag_bars"":8,""flag_low"":20.7,""flag_high"":23.91,""structural_low"":20.7,""current_price"":21.12,""neckline_distance_pct"":0.17329545454545453,""base_bars"":8},""pattern_geometry_features"":{""pole_gain"":0.1755218216318787,""pullback_pct"":0.16464891041162236,""flag_range_pct"":0.1295399515738499,""flag_drift_per_bar"":-0.006878156565656565,""atr_pct"":0.08565962970554077,""pole_atr_multiple"":2.049061176603771},""_schema_version"":""1.0""}",,,,,,,,,,
20260513T161427Z-28c0e1,2026-05-13T16:14:27.317311+00:00,RTX,ascending_triangle,absent,43.14,16.7,36.5,61.8,51.0,19.2,53.8,45.0,84.0,97.7,2.51,10.21,4.94,7.14,2.31,4.3,1.8,5.04,4.88,True,risk_unclear,179.35,179.93,171.981,185.26,"{""trend"":{""T1_ema_stack"":{""value"":[false,false,true],""score"":33.33333333333333},""T2_ema50_slope"":{""value"":-0.34530611114670273,""score"":0},""T3_high_proximity"":{""value"":0.8453525641025641,""score"":22.676282051282026},""T4_rs_1m"":{""value"":-0.18091970800206136,""score"":0},""T5_rs_3m"":{""value"":-0.15641738954031614,""score"":0},""T6_adr_healthy"":{""value"":2.5941402290459483,""score"":100.0},""_score"":16.73},""geometry"":{""sub_flat_top_quality"":33.3,""sub_hl_slope"":30.2,""sub_compression"":9.7,""sub_duration"":100.0,""_score"":36.47},""compression"":{""VC1_atr_ratio"":{""value"":0.2534262844118403,""score"":100},""VC2_range_contraction"":{""value"":0.8193213719515016,""score"":30.113104674749742},""VC3_range_pct_rank"":{""score"":44.99999999999999},""_score"":61.79},""sr_quality"":{""SR1_touches"":{""value"":2,""score"":25.0},""SR2_tightness"":{""value"":0.05310000000000059,""score"":97.4375501959581},""SR3_recency"":{""value"":313,""score"":0.0},""SR4_price_location"":{""score"":55.66770425617143},""SR5_reaction"":{""value"":2.4449559309648325,""score"":100},""_score"":51.03,""_levels_found"":7,""_target_level"":182.2269},""volume"":{""V1_rvol_day"":{""value"":0.21406196764576985,""score"":0},""V2_rvol_sameslot"":{""value"":0.5739525022056567,""score"":4.930166813710449,""status"":""ok""},""V3_breakout_bar"":{""value"":0.8735029422633112,""score"":24.90019615088741},""V4_base_dryup"":{""value"":0.8979177190516584,""score"":60.20822809483416},""V5_bo_expansion"":{""value"":0.21406196764576985,""score"":0},""_score"":19.25},""readiness"":{""_distance_atr"":0.14,""BR1_atr_distance"":{""score"":90.67030203173687},""BR2_compression"":{""score"":0},""BR3_retest"":{""score"":50.0},""BR4_bo_age"":{""score"":50.0},""_score"":53.77},""risk"":{""R1_stop_clarity"":{""score"":0},""R2_stop_distance_pct"":{""value"":4.108725954836911,""score"":100.0},""R3_stop_distance_atr"":{""value"":1.7780313188309371,""score"":100.0},""R4_rr_potential"":{""value"":0.8020084136246471,""score"":0.0},""_score"":45.0},""market"":{""M1_spy_regime"":{""score"":100.0},""M3_earnings_risk"":{""value"":null,""score"":80.0},""M4_vix"":{""value"":null,""score"":60.0},""_score"":84.0},""liquidity"":{""L1_price"":{""value"":179.35,""score"":100.0},""L2_dollar_vol"":{""value"":223438360.3670101,""score"":100.0},""L3_spread_proxy"":{""value"":0.02309785335935315,""score"":76.90214664064685},""L4_volume_zscore"":{""value"":-2.499655696871627,""score"":100.0},""_score"":97.69},""pattern_structure"":{""top"":179.93,""top_touches"":2,""low_slope_per_bar"":0.15803315018315175,""lowest_low"":174.6,""structural_low"":174.6,""current_price"":178.94,""neckline_distance_pct"":0.0055325807533251874,""base_bars"":27},""pattern_geometry_features"":{""top_touches"":2.0,""low_slope"":0.15803315018315175,""compression"":0.048636937242463985,""atr_pct"":0.02310828786490901},""_schema_version"":""1.0""}",,,,,,,,,,
20260513T161427Z-28c0e1,2026-05-13T16:14:27.317311+00:00,NNE,breakout_retest_hold,setup,42.96,68.0,20.0,53.0,46.4,6.6,47.4,67.0,84.0,81.1,9.51,4.4,3.18,6.5,0.86,8.53,3.35,4.2,2.43,False,,27.04,24.35,25.245,22.05,"{""trend"":{""T1_ema_stack"":{""value"":[true,true,false],""score"":66.66666666666666},""T2_ema50_slope"":{""value"":0.08610214565911811,""score"":64.35035760985302},""T3_high_proximity"":{""value"":0.9301685586515307,""score"":65.08427932576532},""T4_rs_1m"":{""value"":0.08441492543220086,""score"":100},""T5_rs_3m"":{""value"":-0.03545444549392385,""score"":32.27277725303807},""T6_adr_healthy"":{""value"":8.955241837347188,""score"":76.1189540663203},""_score"":67.95},""geometry"":{""sub_retest_depth"":0.0,""sub_retest_timing"":0.0,""sub_retest_freshness"":100.0,""sub_hold_quality"":0.0,""_score"":20.0},""compression"":{""VC1_atr_ratio"":{""value"":0.6884256176269201,""score"":77.89359559326996},""VC2_range_contraction"":{""value"":1.046196853747947,""score"":0},""VC3_range_pct_rank"":{""score"":87.5},""_score"":53.03},""sr_quality"":{""SR1_touches"":{""value"":2,""score"":25.0},""SR2_tightness"":{""value"":0.02999999999999936,""score"":97.5794390638193},""SR3_recency"":{""value"":237,""score"":0.0},""SR4_price_location"":{""score"":37.15710723192016},""SR5_reaction"":{""value"":2.5758802629190227,""score"":100},""_score"":46.43,""_levels_found"":4,""_target_level"":28.3},""volume"":{""V1_rvol_day"":{""value"":0.30778384985057045,""score"":0},""V2_rvol_sameslot"":{""value"":0.5294789512650451,""score"":1.9652634176696715,""status"":""ok""},""V3_breakout_bar"":{""value"":0.6166463094606888,""score"":7.776420630712584},""V4_base_dryup"":{""value"":1.2878394973762413,""score"":21.216050262375873},""V5_bo_expansion"":{""value"":0.30778384985057045,""score"":0},""_score"":6.58},""readiness"":{""_distance_atr"":-1.085,""BR1_atr_distance"":{""score"":38.29563693891256},""BR2_compression"":{""score"":30.204212884385278},""BR3_retest"":{""score"":100},""BR4_bo_age"":{""score"":30.0},""_score"":47.37},""risk"":{""R1_stop_clarity"":{""score"":79.42523204246365},""R2_stop_distance_pct"":{""value"":6.638313609467448,""score"":100.0},""R3_stop_distance_atr"":{""value"":0.7241511467407425,""score"":61.20755733703713},""R4_rr_potential"":{""value"":-2.7799442896935935,""score"":0.0},""_score"":66.98},""market"":{""M1_spy_regime"":{""score"":100.0},""M3_earnings_risk"":{""value"":null,""score"":80.0},""M4_vix"":{""value"":null,""score"":60.0},""_score"":84.0},""liquidity"":{""L1_price"":{""value"":27.04,""score"":100.0},""L2_dollar_vol"":{""value"":20118917.36434944,""score"":65.18023034171082},""L3_spread_proxy"":{""value"":0.0499260355029585,""score"":50.0739644970415},""L4_volume_zscore"":{""value"":-1.3148793968135837,""score"":100.0},""_score"":81.08},""pattern_structure"":{""level"":24.35,""level_idx"":40,""breakout_idx"":48,""bo_peak_idx"":70,""bo_peak_price"":29.73,""retest_idx"":75,""retest_low"":25.5,""structural_low"":25.5,""current_price"":27.42,""neckline_distance_pct"":-0.11196207148067104,""base_bars"":39,""bars_since_breakout"":31},""pattern_geometry_features"":{""retest_depth_atr"":-1.0693624341611467,""bars_breakout_to_retest"":27.0,""bars_since_retest"":4.0,""current_above_level_atr"":2.8547327590215,""bo_peak_excess_pct"":0.22094455852156053,""atr_pct"":0.0916702768385461},""_schema_version"":""1.0""}",,,,,,,,,,
20260513T161427Z-28c0e1,2026-05-13T16:14:27.317311+00:00,TCEHY,vcp,absent,42.7,7.9,47.5,40.2,36.7,47.2,17.5,65.0,84.0,95.5,1.18,11.87,4.83,4.4,6.14,1.23,3.25,5.04,4.78,True,risk_unclear,61.356,67.87,59.0015,76.98,"{""trend"":{""T1_ema_stack"":{""value"":[false,false,false],""score"":0.0},""T2_ema50_slope"":{""value"":-0.28023140267923413,""score"":3.2947662201276415},""T3_high_proximity"":{""value"":0.8295835586803678,""score"":14.791779340183886},""T4_rs_1m"":{""value"":-0.1024958407572184,""score"":0},""T5_rs_3m"":{""value"":-0.1862734453399184,""score"":0},""T6_adr_healthy"":{""value"":1.7255005781595139,""score"":100.0},""_score"":7.88},""geometry"":{""sub_contraction_count"":100.0,""sub_reduction_rate"":0,""sub_pivot_tightness"":0,""sub_volume_dryup"":28.4,""sub_base_depth"":82.0,""sub_base_duration"":100.0,""_score"":47.46},""compression"":{""VC1_atr_ratio"":{""value"":0.45722283781419454,""score"":100},""VC2_range_contraction"":{""value"":1.137553594692425,""score"":0},""VC3_range_pct_rank"":{""score"":0.8333333333333304},""_score"":40.21},""sr_quality"":{""SR1_touches"":{""value"":2,""score"":25.0},""SR2_tightness"":{""value"":0.05000000000000071,""score"":91.99542595768999},""SR3_recency"":{""value"":260,""score"":0.0},""SR4_price_location"":{""score"":1.538461538461826},""SR5_reaction"":{""value"":5.287021154945683,""score"":100},""_score"":36.68,""_levels_found"":9,""_target_level"":63.34},""volume"":{""V1_rvol_day"":{""value"":0.915900403779721,""score"":27.726693585314738},""V2_rvol_sameslot"":{""value"":1.8753110358055114,""score"":91.68740238703408,""status"":""ok""},""V3_breakout_bar"":{""value"":1.747453729698117,""score"":83.16358197987446},""V4_base_dryup"":{""value"":1.3733749674896925,""score"":12.662503251030756},""V5_bo_expansion"":{""value"":0.915900403779721,""score"":0},""_score"":47.21},""readiness"":{""_distance_atr"":5.214,""BR1_atr_distance"":{""score"":0},""BR2_compression"":{""score"":0},""BR3_retest"":{""score"":50.0},""BR4_bo_age"":{""score"":50.0},""_score"":17.5},""risk"":{""R1_stop_clarity"":{""score"":0},""R2_stop_distance_pct"":{""value"":3.83744051111546,""score"":100.0},""R3_stop_distance_atr"":{""value"":1.8846769582618652,""score"":100.0},""R4_rr_potential"":{""value"":6.635803779995755,""score"":100.0},""_score"":65.0},""market"":{""M1_spy_regime"":{""score"":100.0},""M3_earnings_risk"":{""value"":null,""score"":80.0},""M4_vix"":{""value"":null,""score"":60.0},""_score"":84.0},""liquidity"":{""L1_price"":{""value"":61.356,""score"":100.0},""L2_dollar_vol"":{""value"":226598936.148,""score"":100.0},""L3_spread_proxy"":{""value"":0.0449833757089772,""score"":55.0166242910228},""L4_volume_zscore"":{""value"":-0.20547544703154225,""score"":100.0},""_score"":95.5},""pattern_structure"":{""n_contractions"":5,""contractions_pct"":[8.29,12.19,4.82,4.57,11.74],""descending_strict"":false,""final_low"":59.9,""final_pivot"":67.87,""structural_low"":59.9,""dry_up_ratio"":0.8581348175519883,""current_price"":61.356,""neckline_distance_pct"":0.10616728600299893,""base_bars"":47},""pattern_geometry_features"":{""contraction_count"":5.0,""first_contraction_pct"":0.08288653818287213,""last_contraction_pct"":0.1174303816119052,""dry_up_ratio"":0.8581348175519883,""near_monotone"":0.0,""base_depth_pct"":0.13200985364439946},""_schema_version"":""1.0""}",,,,,,,,,,
20260513T161427Z-28c0e1,2026-05-13T16:14:27.317311+00:00,IBM,vcp,invalidated,42.58,5.9,49.4,54.2,49.4,40.7,17.5,10.0,84.0,97.2,0.88,12.34,6.51,5.93,5.29,1.23,0.5,5.04,4.86,True,risk_unclear,212.99,258.5,218.404,356.67,"{""trend"":{""T1_ema_stack"":{""value"":[false,false,false],""score"":0.0},""T2_ema50_slope"":{""value"":-0.3044333521584548,""score"":0},""T3_high_proximity"":{""value"":0.8117615671926215,""score"":5.880783596310724},""T4_rs_1m"":{""value"":-0.17878387387775907,""score"":0},""T5_rs_3m"":{""value"":-0.28836707626707436,""score"":0},""T6_adr_healthy"":{""value"":2.5453994868881837,""score"":100.0},""_score"":5.88},""geometry"":{""sub_contraction_count"":100.0,""sub_reduction_rate"":0,""sub_pivot_tightness"":0,""sub_volume_dryup"":33.7,""sub_base_depth"":93.1,""sub_base_duration"":100.0,""_score"":49.37},""compression"":{""VC1_atr_ratio"":{""value"":0.4961862499293124,""score"":100},""VC2_range_contraction"":{""value"":0.902605139256247,""score"":16.232476790625505},""VC3_range_pct_rank"":{""score"":34.166666666666664},""_score"":54.22},""sr_quality"":{""SR1_touches"":{""value"":2,""score"":25.0},""SR2_tightness"":{""value"":0.5049999999999955,""score"":82.8314507424124},""SR3_recency"":{""value"":237,""score"":0.0},""SR4_price_location"":{""score"":58.00504857339559},""SR5_reaction"":{""value"":3.93474251425755,""score"":100},""_score"":49.43,""_levels_found"":5,""_target_level"":221.225},""volume"":{""V1_rvol_day"":{""value"":0.5200307939509303,""score"":1.335386263395355},""V2_rvol_sameslot"":{""value"":1.858265579898988,""score"":90.55103865993253,""status"":""ok""},""V3_breakout_bar"":{""value"":1.7073102206512767,""score"":80.48734804341845},""V4_base_dryup"":{""value"":1.388546329513708,""score"":11.145367048629211},""V5_bo_expansion"":{""value"":0.5200307939509303,""score"":0},""_score"":40.73},""readiness"":{""_distance_atr"":7.736,""BR1_atr_distance"":{""score"":0},""BR2_compression"":{""score"":0},""BR3_retest"":{""score"":50.0},""BR4_bo_age"":{""score"":50.0},""_score"":17.5},""risk"":{""R1_stop_clarity"":{""score"":0},""R2_stop_distance_pct"":{""value"":-2.5419268510258575,""score"":0.0},""R3_stop_distance_atr"":{""value"":-0.9203107337429952,""score"":0.0},""R4_rr_potential"":{""value"":null,""score"":50.0},""_score"":10.0},""market"":{""M1_spy_regime"":{""score"":100.0},""M3_earnings_risk"":{""value"":null,""score"":80.0},""M4_vix"":{""value"":null,""score"":60.0},""_score"":84.0},""liquidity"":{""L1_price"":{""value"":212.99,""score"":100.0},""L2_dollar_vol"":{""value"":764793601.7237506,""score"":100.0},""L3_spread_proxy"":{""value"":0.028029484952345175,""score"":71.97051504765483},""L4_volume_zscore"":{""value"":-0.7922058329635087,""score"":100.0},""_score"":97.2},""pattern_structure"":{""n_contractions"":5,""contractions_pct"":[12.8,6.02,9.5,7.8,14.22],""descending_strict"":false,""final_low"":221.73,""final_pivot"":258.5,""structural_low"":221.73,""dry_up_ratio"":0.8314770750259554,""current_price"":212.99,""neckline_distance_pct"":0.21367200338044035,""base_bars"":58},""pattern_geometry_features"":{""contraction_count"":5.0,""first_contraction_pct"":0.12797749296655206,""last_contraction_pct"":0.14224371373307548,""dry_up_ratio"":0.8314770750259554,""near_monotone"":0.0,""base_depth_pct"":0.3068771491090966},""_schema_version"":""1.0""}",,,,,,,,,,
20260513T161427Z-28c0e1,2026-05-13T16:14:27.317311+00:00,ANET,vcp,invalidated,42.05,45.9,35.5,50.5,41.3,19.9,21.6,25.3,84.0,97.2,6.89,8.88,6.06,4.96,2.59,1.51,1.26,5.04,4.86,False,,143.38,179.8,159.8162,169.35,"{""trend"":{""T1_ema_stack"":{""value"":[false,true,true],""score"":66.66666666666666},""T2_ema50_slope"":{""value"":0.5201073716910711,""score"":100},""T3_high_proximity"":{""value"":0.8067293085016598,""score"":3.3646542508298793},""T4_rs_1m"":{""value"":-0.13643752774703677,""score"":0},""T5_rs_3m"":{""value"":-0.049756179868917005,""score"":25.1219100655415},""T6_adr_healthy"":{""value"":4.298761214959145,""score"":100.0},""_score"":45.94},""geometry"":{""sub_contraction_count"":100.0,""sub_reduction_rate"":0,""sub_pivot_tightness"":3.4,""sub_volume_dryup"":0,""sub_base_depth"":0.0,""sub_base_duration"":100.0,""_score"":35.51},""compression"":{""VC1_atr_ratio"":{""value"":0.6972808239458258,""score"":75.67979401354354},""VC2_range_contraction"":{""value"":1.3372254360765254,""score"":0},""VC3_range_pct_rank"":{""score"":80.83333333333333},""_score"":50.48},""sr_quality"":{""SR1_touches"":{""value"":2,""score"":25.0},""SR2_tightness"":{""value"":1.5150000000000006,""score"":64.92620612675184},""SR3_recency"":{""value"":284,""score"":0.0},""SR4_price_location"":{""score"":36.286043829296354},""SR5_reaction"":{""value"":2.6085410723882747,""score"":100},""_score"":41.31,""_levels_found"":5,""_target_level"":150.285},""volume"":{""V1_rvol_day"":{""value"":0.57730489383499,""score"":5.1536595889993295},""V2_rvol_sameslot"":{""value"":1.4036515392879345,""score"":60.24343595252897,""status"":""ok""},""V3_breakout_bar"":{""value"":0.9092603280004417,""score"":27.28402186669611},""V4_base_dryup"":{""value"":1.6541413389199013,""score"":0},""V5_bo_expansion"":{""value"":0.5773048938349898,""score"":0},""_score"":19.9},""readiness"":{""_distance_atr"":4.216,""BR1_atr_distance"":{""score"":0},""BR2_compression"":{""score"":16.306584102607786},""BR3_retest"":{""score"":50.0},""BR4_bo_age"":{""score"":50.0},""_score"":21.58},""risk"":{""R1_stop_clarity"":{""score"":43.656207366984944},""R2_stop_distance_pct"":{""value"":-11.463418886874042,""score"":0.0},""R3_stop_distance_atr"":{""value"":-1.9025796849807757,""score"":0.0},""R4_rr_potential"":{""value"":null,""score"":50.0},""_score"":25.28},""market"":{""M1_spy_regime"":{""score"":100.0},""M3_earnings_risk"":{""value"":null,""score"":80.0},""M4_vix"":{""value"":null,""score"":60.0},""_score"":84.0},""liquidity"":{""L1_price"":{""value"":143.38,""score"":100.0},""L2_dollar_vol"":{""value"":924830607.5736977,""score"":100.0},""L3_spread_proxy"":{""value"":0.02782814897475247,""score"":72.17185102524753},""L4_volume_zscore"":{""value"":-0.6413226890706372,""score"":100.0},""_score"":97.22},""pattern_structure"":{""n_contractions"":5,""contractions_pct"":[17.43,16.39,7.94,16.49,9.76],""descending_strict"":false,""final_low"":162.25,""final_pivot"":179.8,""structural_low"":162.25,""dry_up_ratio"":2.1182070078781177,""current_price"":143.38,""neckline_distance_pct"":0.25401032222067244,""base_bars"":62},""pattern_geometry_features"":{""contraction_count"":5.0,""first_contraction_pct"":0.17430830039525697,""last_contraction_pct"":0.09760845383759739,""dry_up_ratio"":2.1182070078781177,""near_monotone"":0.0,""base_depth_pct"":-0.06884057971014484},""_schema_version"":""1.0""}",,,,,,,,,,
20260513T161427Z-28c0e1,2026-05-13T16:14:27.317311+00:00,NXE,bull_flag,absent,42.0,52.5,25.2,53.1,58.8,16.8,27.8,76.0,84.0,85.4,7.35,7.55,4.78,5.88,2.35,2.5,2.28,5.04,4.27,False,,12.24,12.985,11.5787,14.11,"{""trend"":{""T1_ema_stack"":{""value"":[false,true,true],""score"":66.66666666666666},""T2_ema50_slope"":{""value"":0.1608032008807984,""score"":76.80053348013307},""T3_high_proximity"":{""value"":0.9203007518796992,""score"":60.15037593984957},""T4_rs_1m"":{""value"":-0.038399300929484736,""score"":11.600699070515262},""T5_rs_3m"":{""value"":-0.044825806798032275,""score"":27.587096600983863},""T6_adr_healthy"":{""value"":4.983723128385313,""score"":100.0},""_score"":52.51},""geometry"":{""sub_pole_impulse"":18.4,""sub_flag_tightness"":0,""sub_flag_shallowness"":0,""sub_flag_drift"":97.7,""sub_flag_duration"":50.0,""_score"":25.17},""compression"":{""VC1_atr_ratio"":{""value"":0.5127501632394786,""score"":100},""VC2_range_contraction"":{""value"":1.0385776350561415,""score"":0},""VC3_range_pct_rank"":{""score"":52.5},""_score"":53.12},""sr_quality"":{""SR1_touches"":{""value"":5,""score"":100},""SR2_tightness"":{""value"":0.1538180743605902,""score"":53.95603884907339},""SR3_recency"":{""value"":227,""score"":0.0},""SR4_price_location"":{""score"":22.659256092347242},""SR5_reaction"":{""value"":2.3385967350516887,""score"":100},""_score"":58.76,""_levels_found"":5,""_target_level"":13.245},""volume"":{""V1_rvol_day"":{""value"":0.44801207647855634,""score"":0},""V2_rvol_sameslot"":{""value"":0.5508506208964103,""score"":3.390041393094023,""status"":""ok""},""V3_breakout_bar"":{""value"":0.5152346587837765,""score"":1.0156439189184332},""V4_base_dryup"":{""value"":0.707810427756569,""score"":79.2189572243431},""V5_bo_expansion"":{""value"":0.44801207647855634,""score"":0},""_score"":16.78},""readiness"":{""_distance_atr"":1.115,""BR1_atr_distance"":{""score"":25.66380511515706},""BR2_compression"":{""score"":0},""BR3_retest"":{""score"":50.0},""BR4_bo_age"":{""score"":50.0},""_score"":27.77},""risk"":{""R1_stop_clarity"":{""score"":47.21880712857731},""R2_stop_distance_pct"":{""value"":5.402982026143788,""score"":100.0},""R3_stop_distance_atr"":{""value"":0.9898063909171568,""score"":74.49031954585784},""R4_rr_potential"":{""value"":2.827656598495445,""score"":91.38282992477225},""_score"":75.98},""market"":{""M1_spy_regime"":{""score"":100.0},""M3_earnings_risk"":{""value"":null,""score"":80.0},""M4_vix"":{""value"":null,""score"":60.0},""_score"":84.0},""liquidity"":{""L1_price"":{""value"":12.24,""score"":100.0},""L2_dollar_vol"":{""value"":32485677.91215696,""score"":75.58459670334865},""L3_spread_proxy"":{""value"":0.048611111111111015,""score"":51.388888888888985},""L4_volume_zscore"":{""value"":-2.0411613987311905,""score"":100.0},""_score"":85.37},""pattern_structure"":{""pole_low"":11.86,""pole_low_idx"":28,""peak_price"":12.985,""peak_idx"":35,""pole_gain"":0.0948566610455312,""flag_bars"":24,""flag_low"":11.755,""flag_high"":12.855,""structural_low"":11.755,""current_price"":12.115,""neckline_distance_pct"":0.07181180354931896,""base_bars"":24},""pattern_geometry_features"":{""pole_gain"":0.0948566610455312,""pullback_pct"":0.0947246823257604,""flag_range_pct"":0.08471313053523294,""flag_drift_per_bar"":-0.0004632202264530361,""atr_pct"":0.05458625116713354,""pole_atr_multiple"":1.7377390646427928},""_schema_version"":""1.0""}",,,,,,,,,,
20260513T161427Z-28c0e1,2026-05-13T16:14:27.317311+00:00,SMR,bull_flag,absent,41.91,32.3,28.4,64.3,48.2,21.6,33.0,83.7,84.0,94.3,4.52,8.52,5.79,4.82,3.03,2.97,2.51,5.04,4.72,False,,12.12,13.63,11.3078,15.64,"{""trend"":{""T1_ema_stack"":{""value"":[false,false,false],""score"":0.0},""T2_ema50_slope"":{""value"":-0.08389394013204224,""score"":36.01767664465963},""T3_high_proximity"":{""value"":0.8278688524590163,""score"":13.934426229508134},""T4_rs_1m"":{""value"":0.11719408587686653,""score"":100},""T5_rs_3m"":{""value"":-0.2906735506891651,""score"":0},""T6_adr_healthy"":{""value"":9.57706486607091,""score"":60.573378348227266},""_score"":32.32},""geometry"":{""sub_pole_impulse"":19.5,""sub_flag_tightness"":0,""sub_flag_shallowness"":0,""sub_flag_drift"":83.6,""sub_flag_duration"":100.0,""_score"":28.39},""compression"":{""VC1_atr_ratio"":{""value"":0.610770808478666,""score"":97.3072978803335},""VC2_range_contraction"":{""value"":0.9078822206678931,""score"":15.35296322201781},""VC3_range_pct_rank"":{""score"":80.0},""_score"":64.3},""sr_quality"":{""SR1_touches"":{""value"":3,""score"":50.0},""SR2_tightness"":{""value"":0.21664307563876192,""score"":63.22206117593895},""SR3_recency"":{""value"":228,""score"":0.0},""SR4_price_location"":{""score"":34.76762153809578},""SR5_reaction"":{""value"":3.352249761523661,""score"":100},""_score"":48.18,""_levels_found"":5,""_target_level"":13.9493},""volume"":{""V1_rvol_day"":{""value"":0.36049884570313573,""score"":0},""V2_rvol_sameslot"":{""value"":0.7127253228637083,""score"":14.181688190913885,""status"":""ok""},""V3_breakout_bar"":{""value"":0.7917611607774254,""score"":19.450744051828362},""V4_base_dryup"":{""value"":0.8036841753464128,""score"":69.63158246535872},""V5_bo_expansion"":{""value"":0.36049884570313573,""score"":0},""_score"":21.63},""readiness"":{""_distance_atr"":1.282,""BR1_atr_distance"":{""score"":14.552715396679034},""BR2_compression"":{""score"":38.654009081168894},""BR3_retest"":{""score"":50.0},""BR4_bo_age"":{""score"":50.0},""_score"":32.98},""risk"":{""R1_stop_clarity"":{""score"":70.76684289663868},""R2_stop_distance_pct"":{""value"":6.701320132013193,""score"":100.0},""R3_stop_distance_atr"":{""value"":0.6894068002134153,""score"":59.47034001067076},""R4_rr_potential"":{""value"":4.33390790445704,""score"":100.0},""_score"":83.69},""market"":{""M1_spy_regime"":{""score"":100.0},""M3_earnings_risk"":{""value"":null,""score"":80.0},""M4_vix"":{""value"":null,""score"":60.0},""_score"":84.0},""liquidity"":{""L1_price"":{""value"":12.12,""score"":100.0},""L2_dollar_vol"":{""value"":169477416.4020343,""score"":100.0},""L3_spread_proxy"":{""value"":0.05693069306930689,""score"":43.06930693069311},""L4_volume_zscore"":{""value"":-1.5122549145378605,""score"":100.0},""_score"":94.31},""pattern_structure"":{""pole_low"":11.62,""pole_low_idx"":41,""peak_price"":13.63,""peak_idx"":50,""pole_gain"":0.17297762478485385,""flag_bars"":9,""flag_low"":11.48,""flag_high"":13.55,""structural_low"":11.48,""current_price"":12.355,""neckline_distance_pct"":0.10319708619991909,""base_bars"":9},""pattern_geometry_features"":{""pole_gain"":0.17297762478485385,""pullback_pct"":0.15774027879677185,""flag_range_pct"":0.15187087307410127,""flag_drift_per_bar"":-0.0032847699986509908,""atr_pct"":0.0972041489863272,""pole_atr_multiple"":1.7795292339752389},""_schema_version"":""1.0""}",,,,,,,,,,
20260513T161427Z-28c0e1,2026-05-13T16:14:27.317311+00:00,IBM,double_bottom,invalidated,41.81,5.9,46.2,54.2,49.4,47.9,17.5,10.0,84.0,97.2,0.88,11.54,4.34,6.92,6.23,1.4,0.6,5.04,4.86,True,risk_unclear,212.99,235.95,221.4575,247.07,"{""trend"":{""T1_ema_stack"":{""value"":[false,false,false],""score"":0.0},""T2_ema50_slope"":{""value"":-0.3044333521584548,""score"":0},""T3_high_proximity"":{""value"":0.8117615671926215,""score"":5.880783596310724},""T4_rs_1m"":{""value"":-0.17878387387775907,""score"":0},""T5_rs_3m"":{""value"":-0.28836707626707436,""score"":0},""T6_adr_healthy"":{""value"":2.5453994868881837,""score"":100.0},""_score"":5.88},""geometry"":{""sub_low_similarity"":79.7,""sub_bounce_quality"":27.8,""sub_separation_fit"":0.0,""sub_right_bottom_reaction"":71.3,""sub_base_context"":30.0,""_score"":46.16},""compression"":{""VC1_atr_ratio"":{""value"":0.4961862499293124,""score"":100},""VC2_range_contraction"":{""value"":0.902605139256247,""score"":16.232476790625505},""VC3_range_pct_rank"":{""score"":34.166666666666664},""_score"":54.22},""sr_quality"":{""SR1_touches"":{""value"":2,""score"":25.0},""SR2_tightness"":{""value"":0.5049999999999955,""score"":82.8314507424124},""SR3_recency"":{""value"":237,""score"":0.0},""SR4_price_location"":{""score"":58.00504857339559},""SR5_reaction"":{""value"":3.93474251425755,""score"":100},""_score"":49.43,""_levels_found"":5,""_target_level"":221.225},""volume"":{""V1_rvol_day"":{""value"":0.5200307939509303,""score"":1.335386263395355},""V2_rvol_sameslot"":{""value"":1.858265579898988,""score"":90.55103865993253,""status"":""ok""},""V3_breakout_bar"":{""value"":1.7073102206512767,""score"":80.48734804341845},""V4_base_dryup"":{""value"":1.0304898888136274,""score"":46.95101111863727},""V5_bo_expansion"":{""value"":0.5200307939509303,""score"":0},""_score"":47.89},""readiness"":{""_distance_atr"":3.903,""BR1_atr_distance"":{""score"":0},""BR2_compression"":{""score"":0},""BR3_retest"":{""score"":50.0},""BR4_bo_age"":{""score"":50.0},""_score"":17.5},""risk"":{""R1_stop_clarity"":{""score"":0},""R2_stop_distance_pct"":{""value"":-3.975562232968678,""score"":0.0},""R3_stop_distance_atr"":{""value"":-1.439361873921653,""score"":0.0},""R4_rr_potential"":{""value"":null,""score"":50.0},""_score"":10.0},""market"":{""M1_spy_regime"":{""score"":100.0},""M3_earnings_risk"":{""value"":null,""score"":80.0},""M4_vix"":{""value"":null,""score"":60.0},""_score"":84.0},""liquidity"":{""L1_price"":{""value"":212.99,""score"":100.0},""L2_dollar_vol"":{""value"":764793601.7237506,""score"":100.0},""L3_spread_proxy"":{""value"":0.028029484952345175,""score"":71.97051504765483},""L4_volume_zscore"":{""value"":-0.7922058329635087,""score"":100.0},""_score"":97.2},""pattern_structure"":{""left_low"":227.12,""left_idx"":11,""right_low"":224.83,""right_idx"":60,""separation_bars"":49,""structural_low"":224.83,""current_price"":212.63,""neckline_distance_pct"":0.1096740817382307,""base_bars"":49},""pattern_geometry_features"":{""low_similarity_pct"":0.010133864365527124,""bounce_pct"":0.04945959169150014,""right_bottom_reaction"":0.7128309572301431,""atr_pct"":0.027620310812714186},""_schema_version"":""1.0""}",,,,,,,,,,
20260513T161427Z-28c0e1,2026-05-13T16:14:27.317311+00:00,HII,vcp,absent,41.66,13.3,42.6,50.8,54.6,13.8,17.5,77.6,84.0,88.5,2.0,10.65,6.1,6.55,1.79,1.23,3.88,5.04,4.42,False,,330.75,371.31,306.3351,520.3099,"{""trend"":{""T1_ema_stack"":{""value"":[false,false,true],""score"":33.33333333333333},""T2_ema50_slope"":{""value"":-0.46162774531913287,""score"":0},""T3_high_proximity"":{""value"":0.7289577502038657,""score"":0},""T4_rs_1m"":{""value"":-0.23436092313919688,""score"":0},""T5_rs_3m"":{""value"":-0.2268475999199977,""score"":0},""T6_adr_healthy"":{""value"":3.5503512183594155,""score"":100.0},""_score"":13.33},""geometry"":{""sub_contraction_count"":100.0,""sub_reduction_rate"":0,""sub_pivot_tightness"":0,""sub_volume_dryup"":0,""sub_base_depth"":76.1,""sub_base_duration"":100.0,""_score"":42.61},""compression"":{""VC1_atr_ratio"":{""value"":0.6229090126802876,""score"":94.2727468299281},""VC2_range_contraction"":{""value"":1.2678885315534363,""score"":0},""VC3_range_pct_rank"":{""score"":52.5},""_score"":50.83},""sr_quality"":{""SR1_touches"":{""value"":2,""score"":25.0},""SR2_tightness"":{""value"":1.3449999999999989,""score"":81.57455821260497},""SR3_recency"":{""value"":313,""score"":0.0},""SR4_price_location"":{""score"":79.28927656550276},""SR5_reaction"":{""value"":2.3881153454183224,""score"":100},""_score"":54.56,""_levels_found"":7,""_target_level"":334.655},""volume"":{""V1_rvol_day"":{""value"":0.18599612196458915,""score"":0},""V2_rvol_sameslot"":{""value"":0.6163866468053637,""score"":7.759109787024247,""status"":""ok""},""V3_breakout_bar"":{""value"":0.4127198417508076,""score"":0},""V4_base_dryup"":{""value"":0.8880107976825229,""score"":61.198920231747714},""V5_bo_expansion"":{""value"":0.18599612196458917,""score"":0},""_score"":13.79},""readiness"":{""_distance_atr"":2.778,""BR1_atr_distance"":{""score"":0},""BR2_compression"":{""score"":0},""BR3_retest"":{""score"":50.0},""BR4_bo_age"":{""score"":50.0},""_score"":17.5},""risk"":{""R1_stop_clarity"":{""score"":36.09314975735247},""R2_stop_distance_pct"":{""value"":7.381678458049899,""score"":100.0},""R3_stop_distance_atr"":{""value"":1.6723247075584944,""score"":100.0},""R4_rr_potential"":{""value"":7.7641066870574775,""score"":100.0},""_score"":77.63},""market"":{""M1_spy_regime"":{""score"":100.0},""M3_earnings_risk"":{""value"":null,""score"":80.0},""M4_vix"":{""value"":null,""score"":60.0},""_score"":84.0},""liquidity"":{""L1_price"":{""value"":330.75,""score"":100.0},""L2_dollar_vol"":{""value"":37052694.36869175,""score"":78.44098970741244},""L3_spread_proxy"":{""value"":0.029176114890400708,""score"":70.82388510959929},""L4_volume_zscore"":{""value"":-1.4621048353331425,""score"":100.0},""_score"":88.46},""pattern_structure"":{""n_contractions"":5,""contractions_pct"":[10.64,15.44,6.65,12.85,16.24],""descending_strict"":false,""final_low"":311.0001,""final_pivot"":371.31,""structural_low"":311.0001,""dry_up_ratio"":1.7644780862729958,""current_price"":330.75,""neckline_distance_pct"":0.12263038548752835,""base_bars"":46},""pattern_geometry_features"":{""contraction_count"":5.0,""first_contraction_pct"":0.10639108695652179,""last_contraction_pct"":0.16242465864102779,""dry_up_ratio"":1.7644780862729958,""near_monotone"":0.0,""base_depth_pct"":0.3239128260869566},""_schema_version"":""1.0""}",,,,,,,,,,
20260513T161427Z-28c0e1,2026-05-13T16:14:27.317311+00:00,APH,vcp,invalidated,41.58,28.0,38.2,34.0,76.3,19.1,17.5,21.9,84.0,94.8,4.2,9.56,4.08,9.16,2.48,1.23,1.1,5.04,4.74,False,,124.63,155.4569,140.1251,156.4979,"{""trend"":{""T1_ema_stack"":{""value"":[false,false,true],""score"":33.33333333333333},""T2_ema50_slope"":{""value"":0.10470605236323872,""score"":67.45100872720646},""T3_high_proximity"":{""value"":0.8155879850795105,""score"":7.793992539755212},""T4_rs_1m"":{""value"":-0.2272271870340874,""score"":0},""T5_rs_3m"":{""value"":-0.20384782415955094,""score"":0},""T6_adr_healthy"":{""value"":3.819882312633184,""score"":100.0},""_score"":27.99},""geometry"":{""sub_contraction_count"":100.0,""sub_reduction_rate"":0,""sub_pivot_tightness"":21.6,""sub_volume_dryup"":0,""sub_base_depth"":0.0,""sub_base_duration"":100.0,""_score"":38.24},""compression"":{""VC1_atr_ratio"":{""value"":0.7062585271173121,""score"":73.43536822067198},""VC2_range_contraction"":{""value"":1.5407775227220142,""score"":0},""VC3_range_pct_rank"":{""score"":18.333333333333336},""_score"":33.96},""sr_quality"":{""SR1_touches"":{""value"":5,""score"":100},""SR2_tightness"":{""value"":1.4156892314346354,""score"":56.30540627633707},""SR3_recency"":{""value"":260,""score"":0.0},""SR4_price_location"":{""score"":91.42583141348558},""SR5_reaction"":{""value"":2.2423055809698074,""score"":100},""_score"":76.3,""_levels_found"":4,""_target_level"":126.482},""volume"":{""V1_rvol_day"":{""value"":0.4261049298863504,""score"":0},""V2_rvol_sameslot"":{""value"":1.2012336636281913,""score"":46.74891090854609,""status"":""ok""},""V3_breakout_bar"":{""value"":0.6760713481439136,""score"":11.738089876260904},""V4_base_dryup"":{""value"":1.159320506832708,""score"":34.06794931672921},""V5_bo_expansion"":{""value"":0.4261049298863505,""score"":0},""_score"":19.1},""readiness"":{""_distance_atr"":4.757,""BR1_atr_distance"":{""score"":0},""BR2_compression"":{""score"":0},""BR3_retest"":{""score"":50.0},""BR4_bo_age"":{""score"":50.0},""_score"":17.5},""risk"":{""R1_stop_clarity"":{""score"":34.138625866687505},""R2_stop_distance_pct"":{""value"":-12.4328933643585,""score"":0.0},""R3_stop_distance_atr"":{""value"":-2.3912478091689713,""score"":0.0},""R4_rr_potential"":{""value"":null,""score"":50.0},""_score"":21.95},""market"":{""M1_spy_regime"":{""score"":100.0},""M3_earnings_risk"":{""value"":null,""score"":80.0},""M4_vix"":{""value"":null,""score"":60.0},""_score"":84.0},""liquidity"":{""L1_price"":{""value"":124.63,""score"":100.0},""L2_dollar_vol"":{""value"":516680901.6799569,""score"":100.0},""L3_spread_proxy"":{""value"":0.05159271443472673,""score"":48.40728556527327},""L4_volume_zscore"":{""value"":-1.0883235158061477,""score"":100.0},""_score"":94.84},""pattern_structure"":{""n_contractions"":5,""contractions_pct"":[8.85,16.19,17.17,13.57,8.49],""descending_strict"":false,""final_low"":142.259,""final_pivot"":155.4569,""structural_low"":142.259,""dry_up_ratio"":1.586544458033958,""current_price"":124.63,""neckline_distance_pct"":0.24734734815052553,""base_bars"":78},""pattern_geometry_features"":{""contraction_count"":5.0,""first_contraction_pct"":0.08848499651081648,""last_contraction_pct"":0.0848974860556206,""dry_up_ratio"":1.586544458033958,""near_monotone"":0.0,""base_depth_pct"":0.007264480111654048},""_schema_version"":""1.0""}",,,,,,,,,,
20260513T161427Z-28c0e1,2026-05-13T16:14:27.317311+00:00,UUUU,bull_flag,absent,41.57,52.2,28.7,61.0,44.8,9.5,25.6,81.0,84.0,91.9,7.31,8.6,5.49,4.48,1.33,2.3,2.43,5.04,4.59,False,,20.38,25.79,19.5227,30.93,"{""trend"":{""T1_ema_stack"":{""value"":[false,true,true],""score"":66.66666666666666},""T2_ema50_slope"":{""value"":0.3052843385946827,""score"":100},""T3_high_proximity"":{""value"":0.8664965986394557,""score"":33.248299319727835},""T4_rs_1m"":{""value"":-0.022256197469365135,""score"":27.743802530634866},""T5_rs_3m"":{""value"":-0.16170267203870203,""score"":0},""T6_adr_healthy"":{""value"":7.9722522944903025,""score"":100.0},""_score"":52.2},""geometry"":{""sub_pole_impulse"":43.6,""sub_flag_tightness"":0,""sub_flag_shallowness"":0,""sub_flag_drift"":70.6,""sub_flag_duration"":50.0,""_score"":28.67},""compression"":{""VC1_atr_ratio"":{""value"":0.5267200641292104,""score"":100},""VC2_range_contraction"":{""value"":1.1617658758289653,""score"":0},""VC3_range_pct_rank"":{""score"":84.16666666666667},""_score"":61.04},""sr_quality"":{""SR1_touches"":{""value"":3,""score"":50.0},""SR2_tightness"":{""value"":0.32484531703566244,""score"":64.8331140722983},""SR3_recency"":{""value"":237,""score"":0.0},""SR4_price_location"":{""score"":20.083757276593246},""SR5_reaction"":{""value"":2.1627648921486364,""score"":100},""_score"":44.75,""_levels_found"":5,""_target_level"":23.5532},""volume"":{""V1_rvol_day"":{""value"":0.3199871471293813,""score"":0},""V2_rvol_sameslot"":{""value"":0.46684168790921793,""score"":0,""status"":""ok""},""V3_breakout_bar"":{""value"":0.6291668190960295,""score"":8.61112127306863},""V4_base_dryup"":{""value"":1.1327743273212898,""score"":36.72256726787102},""V5_bo_expansion"":{""value"":0.3199871471293813,""score"":0},""_score"":9.5},""readiness"":{""_distance_atr"":2.928,""BR1_atr_distance"":{""score"":0},""BR2_compression"":{""score"":32.23169581048146},""BR3_retest"":{""score"":50.0},""BR4_bo_age"":{""score"":50.0},""_score"":25.56},""risk"":{""R1_stop_clarity"":{""score"":67.81509648434329},""R2_stop_distance_pct"":{""value"":4.206575073601564,""score"":100.0},""R3_stop_distance_atr"":{""value"":0.4640450350483091,""score"":48.20225175241546},""R4_rr_potential"":{""value"":12.306077219176505,""score"":100.0},""_score"":80.97},""market"":{""M1_spy_regime"":{""score"":100.0},""M3_earnings_risk"":{""value"":null,""score"":80.0},""M4_vix"":{""value"":null,""score"":60.0},""_score"":84.0},""liquidity"":{""L1_price"":{""value"":20.38,""score"":100.0},""L2_dollar_vol"":{""value"":70575812.0831977,""score"":92.43279420366304},""L3_spread_proxy"":{""value"":0.05103042198233558,""score"":48.96957801766442},""L4_volume_zscore"":{""value"":-1.9598245821756357,""score"":100.0},""_score"":91.87},""pattern_structure"":{""pole_low"":20.65,""pole_low_idx"":27,""peak_price"":25.79,""peak_idx"":35,""pole_gain"":0.24891041162227606,""flag_bars"":24,""flag_low"":19.82,""flag_high"":25.01,""structural_low"":19.82,""current_price"":20.61,""neckline_distance_pct"":0.2513343037360505,""base_bars"":24},""pattern_geometry_features"":{""pole_gain"":0.24891041162227606,""pullback_pct"":0.2314850717332299,""flag_range_pct"":0.20124079100426528,""flag_drift_per_bar"":-0.005883427209248388,""atr_pct"":0.09065014720314034,""pole_atr_multiple"":2.745835713476406},""_schema_version"":""1.0""}",,,,,,,,,,
20260513T161427Z-28c0e1,2026-05-13T16:14:27.317311+00:00,ACN,double_bottom,invalidated,41.38,5.0,49.1,40.4,43.7,52.5,17.5,17.9,84.0,93.1,0.75,12.29,3.23,6.11,6.83,1.4,1.07,5.04,4.65,True,risk_unclear,158.1,183.9,169.3116,195.91,"{""trend"":{""T1_ema_stack"":{""value"":[false,false,false],""score"":0.0},""T2_ema50_slope"":{""value"":-0.5406444289179296,""score"":0},""T3_high_proximity"":{""value"":0.7050796057619408,""score"":0},""T4_rs_1m"":{""value"":-0.23475694145501735,""score"":0},""T5_rs_3m"":{""value"":-0.3829850096127809,""score"":0},""T6_adr_healthy"":{""value"":3.4384587528023545,""score"":100.0},""_score"":5.0},""geometry"":{""sub_low_similarity"":79.6,""sub_bounce_quality"":57.0,""sub_separation_fit"":0.0,""sub_right_bottom_reaction"":52.4,""sub_base_context"":30.0,""_score"":49.14},""compression"":{""VC1_atr_ratio"":{""value"":0.5253376494464482,""score"":100},""VC2_range_contraction"":{""value"":1.2063408221172764,""score"":0},""VC3_range_pct_rank"":{""score"":1.6666666666666718},""_score"":40.42},""sr_quality"":{""SR1_touches"":{""value"":4,""score"":75.0},""SR2_tightness"":{""value"":1.9601849402543559,""score"":41.16146018254311},""SR3_recency"":{""value"":231,""score"":0.0},""SR4_price_location"":{""score"":0},""SR5_reaction"":{""value"":2.701514777929053,""score"":100},""_score"":43.67,""_levels_found"":4,""_target_level"":187.075},""volume"":{""V1_rvol_day"":{""value"":0.7598332204361332,""score"":17.322214695742215},""V2_rvol_sameslot"":{""value"":2.4313286349404484,""score"":100,""status"":""ok""},""V3_breakout_bar"":{""value"":1.785474917460146,""score"":85.6983278306764},""V4_base_dryup"":{""value"":1.117611514932398,""score"":38.238848506760206},""V5_bo_expansion"":{""value"":0.759833220436133,""score"":0},""_score"":52.54},""readiness"":{""_distance_atr"":3.872,""BR1_atr_distance"":{""score"":0},""BR2_compression"":{""score"":0},""BR3_retest"":{""score"":50.0},""BR4_bo_age"":{""score"":50.0},""_score"":17.5},""risk"":{""R1_stop_clarity"":{""score"":22.6061041369625},""R2_stop_distance_pct"":{""value"":-7.091492726122701,""score"":0.0},""R3_stop_distance_atr"":{""value"":-1.6826910088871245,""score"":0.0},""R4_rr_potential"":{""value"":null,""score"":50.0},""_score"":17.91},""market"":{""M1_spy_regime"":{""score"":100.0},""M3_earnings_risk"":{""value"":null,""score"":80.0},""M4_vix"":{""value"":null,""score"":60.0},""_score"":84.0},""liquidity"":{""L1_price"":{""value"":158.1,""score"":100.0},""L2_dollar_vol"":{""value"":612676291.6507784,""score"":100.0},""L3_spread_proxy"":{""value"":0.06919671094244148,""score"":30.803289057558516},""L4_volume_zscore"":{""value"":-1.2118357587786905,""score"":100.0},""_score"":93.08},""pattern_structure"":{""left_low"":173.65,""left_idx"":24,""right_low"":171.89,""right_idx"":72,""separation_bars"":48,""structural_low"":171.89,""current_price"":159.495,""neckline_distance_pct"":0.15301420107213393,""base_bars"":48},""pattern_geometry_features"":{""low_similarity_pct"":0.010186953753545289,""bounce_pct"":0.06987026586770621,""right_bottom_reaction"":0.5241157556270151,""atr_pct"":0.0421437607300985},""_schema_version"":""1.0""}",,,,,,,,,,
20260513T161427Z-28c0e1,2026-05-13T16:14:27.317311+00:00,CCJ,bull_flag,absent,41.3,47.1,22.0,56.7,48.1,27.5,24.1,77.7,84.0,95.9,6.59,6.61,5.1,4.81,3.85,2.17,2.33,5.04,4.8,False,,116.34,124.57,110.3397,135.84,"{""trend"":{""T1_ema_stack"":{""value"":[false,true,true],""score"":66.66666666666666},""T2_ema50_slope"":{""value"":0.17740777023013443,""score"":79.56796170502241},""T3_high_proximity"":{""value"":0.9199019530323397,""score"":59.95097651616982},""T4_rs_1m"":{""value"":-0.06283239327815404,""score"":0},""T5_rs_3m"":{""value"":-0.09292309081903782,""score"":3.538454590481088},""T6_adr_healthy"":{""value"":5.2575409151983,""score"":100.0},""_score"":47.1},""geometry"":{""sub_pole_impulse"":19.0,""sub_flag_tightness"":0,""sub_flag_shallowness"":0,""sub_flag_drift"":92.2,""sub_flag_duration"":25.0,""_score"":22.03},""compression"":{""VC1_atr_ratio"":{""value"":0.5771551554618152,""score"":100},""VC2_range_contraction"":{""value"":1.2262783785117393,""score"":0},""VC3_range_pct_rank"":{""score"":66.66666666666667},""_score"":56.67},""sr_quality"":{""SR1_touches"":{""value"":3,""score"":50.0},""SR2_tightness"":{""value"":1.0735130284361822,""score"":67.3512507929504},""SR3_recency"":{""value"":248,""score"":0.0},""SR4_price_location"":{""score"":34.15747440924344},""SR5_reaction"":{""value"":1.931529480513414,""score"":96.5764740256707},""_score"":48.13,""_levels_found"":6,""_target_level"":121.2853},""volume"":{""V1_rvol_day"":{""value"":0.5260861668430398,""score"":1.7390777895359848},""V2_rvol_sameslot"":{""value"":0.9651485862679331,""score"":31.00990575119554,""status"":""ok""},""V3_breakout_bar"":{""value"":1.0129926812749075,""score"":34.199512084993835},""V4_base_dryup"":{""value"":0.8812024151895093,""score"":61.87975848104907},""V5_bo_expansion"":{""value"":0.5260861668430398,""score"":0},""_score"":27.48},""readiness"":{""_distance_atr"":1.251,""BR1_atr_distance"":{""score"":16.567009790450953},""BR2_compression"":{""score"":0},""BR3_retest"":{""score"":50.0},""BR4_bo_age"":{""score"":50.0},""_score"":24.13},""risk"":{""R1_stop_clarity"":{""score"":48.89704005500401},""R2_stop_distance_pct"":{""value"":5.1575554409489515,""score"":100.0},""R3_stop_distance_atr"":{""value"":0.9124355488840071,""score"":70.62177744420035},""R4_rr_potential"":{""value"":3.2498375081245836,""score"":100.0},""_score"":77.71},""market"":{""M1_spy_regime"":{""score"":100.0},""M3_earnings_risk"":{""value"":null,""score"":80.0},""M4_vix"":{""value"":null,""score"":60.0},""_score"":84.0},""liquidity"":{""L1_price"":{""value"":116.34,""score"":100.0},""L2_dollar_vol"":{""value"":196327950.49537194,""score"":100.0},""L3_spread_proxy"":{""value"":0.04065669589135296,""score"":59.34330410864704},""L4_volume_zscore"":{""value"":-1.6162949856535112,""score"":100.0},""_score"":95.93},""pattern_structure"":{""pole_low"":113.3,""pole_low_idx"":27,""peak_price"":124.57,""peak_idx"":33,""pole_gain"":0.09947043248014119,""flag_bars"":26,""flag_low"":112.02,""flag_high"":124.0,""structural_low"":112.02,""current_price"":116.1879,""neckline_distance_pct"":0.07214262414588778,""base_bars"":26},""pattern_geometry_features"":{""pole_gain"":0.09947043248014119,""pullback_pct"":0.10074656819458937,""flag_range_pct"":0.09617082764710608,""flag_drift_per_bar"":-0.0015654486227411654,""atr_pct"":0.05652514796532333,""pole_atr_multiple"":1.759755366605385},""_schema_version"":""1.0""}",,,,,,,,,,
20260513T161427Z-28c0e1,2026-05-13T16:14:27.317311+00:00,MMM,ascending_triangle,setup,41.29,21.8,25.8,53.2,42.6,35.5,57.5,45.0,84.0,97.5,3.27,7.23,4.26,5.96,4.26,4.6,1.8,5.04,4.87,True,risk_unclear,148.54,148.32,139.8897,154.62,"{""trend"":{""T1_ema_stack"":{""value"":[true,false,false],""score"":33.33333333333333},""T2_ema50_slope"":{""value"":-0.16099197976074392,""score"":23.168003373209345},""T3_high_proximity"":{""value"":0.8506958364354846,""score"":25.347918217742293},""T4_rs_1m"":{""value"":-0.09153140196798248,""score"":0},""T5_rs_3m"":{""value"":-0.20973576452131049,""score"":0},""T6_adr_healthy"":{""value"":2.5091224419133695,""score"":100.0},""_score"":21.77},""geometry"":{""sub_flat_top_quality"":33.3,""sub_hl_slope"":2.8,""sub_compression"":0,""sub_duration"":100.0,""_score"":25.83},""compression"":{""VC1_atr_ratio"":{""value"":0.5347954813385261,""score"":100},""VC2_range_contraction"":{""value"":0.9192227616423815,""score"":13.462873059603087},""VC3_range_pct_rank"":{""score"":34.166666666666664},""_score"":53.25},""sr_quality"":{""SR1_touches"":{""value"":3,""score"":50.0},""SR2_tightness"":{""value"":0.3809366380675752,""score"":77.1319103093063},""SR3_recency"":{""value"":239,""score"":0.0},""SR4_price_location"":{""score"":4.003388096912262},""SR5_reaction"":{""value"":2.6287169328050592,""score"":100},""_score"":42.57,""_levels_found"":5,""_target_level"":158.5512},""volume"":{""V1_rvol_day"":{""value"":0.716191672852991,""score"":14.412778190199402},""V2_rvol_sameslot"":{""value"":1.1453262591886086,""score"":43.02175061257391,""status"":""ok""},""V3_breakout_bar"":{""value"":1.0716947509548755,""score"":38.1129833969917},""V4_base_dryup"":{""value"":0.7772838085447837,""score"":72.27161914552163},""V5_bo_expansion"":{""value"":0.716191672852991,""score"":0},""_score"":35.47},""readiness"":{""_distance_atr"":-0.066,""BR1_atr_distance"":{""score"":100.0},""BR2_compression"":{""score"":0},""BR3_retest"":{""score"":50.0},""BR4_bo_age"":{""score"":50.0},""_score"":57.5},""risk"":{""R1_stop_clarity"":{""score"":0},""R2_stop_distance_pct"":{""value"":5.823549212333369,""score"":100.0},""R3_stop_distance_atr"":{""value"":2.596440148877415,""score"":100.0},""R4_rr_potential"":{""value"":0.7028657965619681,""score"":0.0},""_score"":45.0},""market"":{""M1_spy_regime"":{""score"":100.0},""M3_earnings_risk"":{""value"":null,""score"":80.0},""M4_vix"":{""value"":null,""score"":60.0},""_score"":84.0},""liquidity"":{""L1_price"":{""value"":148.54,""score"":100.0},""L2_dollar_vol"":{""value"":424513423.7492306,""score"":100.0},""L3_spread_proxy"":{""value"":0.02514474215699465,""score"":74.85525784300535},""L4_volume_zscore"":{""value"":-0.8611620247057177,""score"":100.0},""_score"":97.49},""pattern_structure"":{""top"":148.32,""top_touches"":2,""low_slope_per_bar"":0.011769651935863186,""lowest_low"":142.02,""structural_low"":142.02,""current_price"":147.26,""neckline_distance_pct"":0.007198152926796159,""base_bars"":37},""pattern_geometry_features"":{""top_touches"":2.0,""low_slope"":0.011769651935863186,""compression"":-0.10486471831117616,""atr_pct"":0.022428975360172323},""_schema_version"":""1.0""}",,,,,,,,,,
20260513T161427Z-28c0e1,2026-05-13T16:14:27.317311+00:00,TCEHY,double_bottom,absent,40.84,7.9,33.0,40.2,36.7,45.7,57.4,45.0,84.0,95.5,1.18,8.26,3.22,5.14,5.94,4.59,2.7,5.04,4.78,True,risk_unclear,61.356,61.36,58.6666,63.16,"{""trend"":{""T1_ema_stack"":{""value"":[false,false,false],""score"":0.0},""T2_ema50_slope"":{""value"":-0.28023140267923413,""score"":3.2947662201276415},""T3_high_proximity"":{""value"":0.8295835586803678,""score"":14.791779340183886},""T4_rs_1m"":{""value"":-0.1024958407572184,""score"":0},""T5_rs_3m"":{""value"":-0.1862734453399184,""score"":0},""T6_adr_healthy"":{""value"":1.7255005781595139,""score"":100.0},""_score"":7.88},""geometry"":{""sub_low_similarity"":75.3,""sub_bounce_quality"":0.3,""sub_separation_fit"":0.0,""sub_right_bottom_reaction"":29.2,""sub_base_context"":30.0,""_score"":33.03},""compression"":{""VC1_atr_ratio"":{""value"":0.45722283781419454,""score"":100},""VC2_range_contraction"":{""value"":1.137553594692425,""score"":0},""VC3_range_pct_rank"":{""score"":0.8333333333333304},""_score"":40.21},""sr_quality"":{""SR1_touches"":{""value"":2,""score"":25.0},""SR2_tightness"":{""value"":0.05000000000000071,""score"":91.99542595768999},""SR3_recency"":{""value"":260,""score"":0.0},""SR4_price_location"":{""score"":1.538461538461826},""SR5_reaction"":{""value"":5.287021154945683,""score"":100},""_score"":36.68,""_levels_found"":9,""_target_level"":63.34},""volume"":{""V1_rvol_day"":{""value"":0.915900403779721,""score"":27.726693585314738},""V2_rvol_sameslot"":{""value"":1.8753110358055114,""score"":91.68740238703408,""status"":""ok""},""V3_breakout_bar"":{""value"":1.747453729698117,""score"":83.16358197987446},""V4_base_dryup"":{""value"":1.4479212187824537,""score"":5.207878121754632},""V5_bo_expansion"":{""value"":0.915900403779721,""score"":0},""_score"":45.72},""readiness"":{""_distance_atr"":0.003,""BR1_atr_distance"":{""score"":99.78654469220518},""BR2_compression"":{""score"":0},""BR3_retest"":{""score"":50.0},""BR4_bo_age"":{""score"":50.0},""_score"":57.41},""risk"":{""R1_stop_clarity"":{""score"":0},""R2_stop_distance_pct"":{""value"":4.383271399700109,""score"":100.0},""R3_stop_distance_atr"":{""value"":2.1527501429388214,""score"":100.0},""R4_rr_potential"":{""value"":0.6707815869710699,""score"":0.0},""_score"":45.0},""market"":{""M1_spy_regime"":{""score"":100.0},""M3_earnings_risk"":{""value"":null,""score"":80.0},""M4_vix"":{""value"":null,""score"":60.0},""_score"":84.0},""liquidity"":{""L1_price"":{""value"":61.356,""score"":100.0},""L2_dollar_vol"":{""value"":226598936.148,""score"":100.0},""L3_spread_proxy"":{""value"":0.0449833757089772,""score"":55.0166242910228},""L4_volume_zscore"":{""value"":-0.20547544703154225,""score"":100.0},""_score"":95.5},""pattern_structure"":{""left_low"":60.3,""left_idx"":12,""right_low"":59.56,""right_idx"":62,""separation_bars"":50,""structural_low"":59.56,""current_price"":61.6,""neckline_distance_pct"":-0.003896103896103928,""base_bars"":50},""pattern_geometry_features"":{""low_similarity_pct"":0.012347739028866926,""bounce_pct"":0.030221625251846827,""right_bottom_reaction"":0.29166666666667407,""atr_pct"":0.02036126400491744},""_schema_version"":""1.0""}",,,,,,,,,,
20260513T161427Z-28c0e1,2026-05-13T16:14:27.317311+00:00,ACN,vcp,invalidated,40.29,5.0,38.6,40.4,43.7,61.5,17.5,17.6,84.0,93.1,0.75,9.65,4.85,5.24,8.0,1.23,0.88,5.04,4.65,True,risk_unclear,158.1,199.65,171.2324,299.08,"{""trend"":{""T1_ema_stack"":{""value"":[false,false,false],""score"":0.0},""T2_ema50_slope"":{""value"":-0.5406444289179296,""score"":0},""T3_high_proximity"":{""value"":0.7050796057619408,""score"":0},""T4_rs_1m"":{""value"":-0.23475694145501735,""score"":0},""T5_rs_3m"":{""value"":-0.3829850096127809,""score"":0},""T6_adr_healthy"":{""value"":3.4384587528023545,""score"":100.0},""_score"":5.0},""geometry"":{""sub_contraction_count"":100.0,""sub_reduction_rate"":0,""sub_pivot_tightness"":0,""sub_volume_dryup"":0,""sub_base_depth"":36.1,""sub_base_duration"":100.0,""_score"":38.61},""compression"":{""VC1_atr_ratio"":{""value"":0.5253376494464482,""score"":100},""VC2_range_contraction"":{""value"":1.2063408221172764,""score"":0},""VC3_range_pct_rank"":{""score"":1.6666666666666718},""_score"":40.42},""sr_quality"":{""SR1_touches"":{""value"":4,""score"":75.0},""SR2_tightness"":{""value"":1.9601849402543559,""score"":41.16146018254311},""SR3_recency"":{""value"":231,""score"":0.0},""SR4_price_location"":{""score"":0},""SR5_reaction"":{""value"":2.701514777929053,""score"":100},""_score"":43.67,""_levels_found"":4,""_target_level"":187.075},""volume"":{""V1_rvol_day"":{""value"":0.7598332204361332,""score"":17.322214695742215},""V2_rvol_sameslot"":{""value"":2.4313286349404484,""score"":100,""status"":""ok""},""V3_breakout_bar"":{""value"":1.785474917460146,""score"":85.6983278306764},""V4_base_dryup"":{""value"":0.6695735013874602,""score"":83.04264986125398},""V5_bo_expansion"":{""value"":0.759833220436133,""score"":0},""_score"":61.5},""readiness"":{""_distance_atr"":6.236,""BR1_atr_distance"":{""score"":0},""BR2_compression"":{""score"":0},""BR3_retest"":{""score"":50.0},""BR4_bo_age"":{""score"":50.0},""_score"":17.5},""risk"":{""R1_stop_clarity"":{""score"":21.72811183413586},""R2_stop_distance_pct"":{""value"":-8.306388361796344,""score"":0.0},""R3_stop_distance_atr"":{""value"":-1.970965148315308,""score"":0.0},""R4_rr_potential"":{""value"":null,""score"":50.0},""_score"":17.6},""market"":{""M1_spy_regime"":{""score"":100.0},""M3_earnings_risk"":{""value"":null,""score"":80.0},""M4_vix"":{""value"":null,""score"":60.0},""_score"":84.0},""liquidity"":{""L1_price"":{""value"":158.1,""score"":100.0},""L2_dollar_vol"":{""value"":612676291.6507784,""score"":100.0},""L3_spread_proxy"":{""value"":0.06919671094244148,""score"":30.803289057558516},""L4_volume_zscore"":{""value"":-1.2118357587786905,""score"":100.0},""_score"":93.08},""pattern_structure"":{""n_contractions"":5,""contractions_pct"":[5.59,6.48,9.28,12.2,12.93],""descending_strict"":false,""final_low"":173.84,""final_pivot"":199.65,""structural_low"":173.84,""dry_up_ratio"":1.0554395308180289,""current_price"":158.1,""neckline_distance_pct"":0.2628083491461101,""base_bars"":80},""pattern_geometry_features"":{""contraction_count"":5.0,""first_contraction_pct"":0.055878801185640516,""last_contraction_pct"":0.1292762334084648,""dry_up_ratio"":1.0554395308180289,""near_monotone"":0.0,""base_depth_pct"":0.36385259999268116},""_schema_version"":""1.0""}",,,,,,,,,,
20260513T161427Z-28c0e1,2026-05-13T16:14:27.317311+00:00,RGTI,bull_flag,absent,40.23,65.2,32.1,37.4,38.3,4.6,17.5,78.7,84.0,93.0,9.12,9.64,3.37,3.83,0.64,1.57,2.36,5.04,4.65,False,,18.1501,21.02,17.6216,24.29,"{""trend"":{""T1_ema_stack"":{""value"":[true,true,false],""score"":66.66666666666666},""T2_ema50_slope"":{""value"":0.1447314289643202,""score"":74.1219048273867},""T3_high_proximity"":{""value"":0.8849390541199413,""score"":42.469527059970645},""T4_rs_1m"":{""value"":0.010635322304642703,""score"":60.6353223046427},""T5_rs_3m"":{""value"":0.035599046198196094,""score"":67.79952309909805},""T6_adr_healthy"":{""value"":7.69959927467294,""score"":100.0},""_score"":65.16},""geometry"":{""sub_pole_impulse"":32.0,""sub_flag_tightness"":4.1,""sub_flag_shallowness"":0,""sub_flag_drift"":76.7,""sub_flag_duration"":100.0,""_score"":32.13},""compression"":{""VC1_atr_ratio"":{""value"":0.7612228721704725,""score"":59.694281957381875},""VC2_range_contraction"":{""value"":1.1748387081588654,""score"":0},""VC3_range_pct_rank"":{""score"":54.16666666666667},""_score"":37.42},""sr_quality"":{""SR1_touches"":{""value"":2,""score"":25.0},""SR2_tightness"":{""value"":0.35999999999999943,""score"":50.92908571345126},""SR3_recency"":{""value"":316,""score"":0.0},""SR4_price_location"":{""score"":32.77510814988792},""SR5_reaction"":{""value"":3.3184205786278635,""score"":100},""_score"":38.33,""_levels_found"":4,""_target_level"":21.89},""volume"":{""V1_rvol_day"":{""value"":0.49275155663145154,""score"":0},""V2_rvol_sameslot"":{""value"":0.695623863836053,""score"":13.041590922403534,""status"":""ok""},""V3_breakout_bar"":{""value"":0.5561860073413866,""score"":3.7457338227591044},""V4_base_dryup"":{""value"":1.448368137884968,""score"":5.163186211503202},""V5_bo_expansion"":{""value"":0.49275155663145154,""score"":0},""_score"":4.58},""readiness"":{""_distance_atr"":1.956,""BR1_atr_distance"":{""score"":0},""BR2_compression"":{""score"":0},""BR3_retest"":{""score"":50.0},""BR4_bo_age"":{""score"":50.0},""_score"":17.5},""risk"":{""R1_stop_clarity"":{""score"":63.42172264223485},""R2_stop_distance_pct"":{""value"":2.91155420631291,""score"":100.0},""R3_stop_distance_atr"":{""value"":0.36016006464898187,""score"":43.008003232449084},""R4_rr_potential"":{""value"":11.618696186961884,""score"":100.0},""_score"":78.65},""market"":{""M1_spy_regime"":{""score"":100.0},""M3_earnings_risk"":{""value"":null,""score"":80.0},""M4_vix"":{""value"":null,""score"":60.0},""_score"":84.0},""liquidity"":{""L1_price"":{""value"":18.1501,""score"":100.0},""L2_dollar_vol"":{""value"":267201060.91470906,""score"":100.0},""L3_spread_proxy"":{""value"":0.07052302742133659,""score"":29.476972578663407},""L4_volume_zscore"":{""value"":-1.2039252793071773,""score"":100.0},""_score"":92.95},""pattern_structure"":{""pole_low"":17.75,""pole_low_idx"":42,""peak_price"":21.02,""peak_idx"":52,""pole_gain"":0.18422535211267604,""flag_bars"":7,""flag_low"":17.89,""flag_high"":20.1186,""structural_low"":17.89,""current_price"":18.445,""neckline_distance_pct"":0.13960422878828946,""base_bars"":7},""pattern_geometry_features"":{""pole_gain"":0.18422535211267604,""pullback_pct"":0.14890580399619405,""flag_range_pct"":0.10602283539486204,""flag_drift_per_bar"":-0.004661348410331905,""atr_pct"":0.08084056207482526,""pole_atr_multiple"":2.278872726567126},""_schema_version"":""1.0""}",,,,,,,,,,
20260513T161427Z-28c0e1,2026-05-13T16:14:27.317311+00:00,ASML,breakout_retest_hold,setup,40.15,69.0,20.0,31.4,41.2,19.3,35.7,62.8,84.0,72.1,9.66,4.4,1.88,5.77,2.51,6.42,3.14,4.2,2.16,False,,1555.31,1446.65,1460.25,1389.95,"{""trend"":{""T1_ema_stack"":{""value"":[true,true,true],""score"":100.0},""T2_ema50_slope"":{""value"":0.1610363774657774,""score"":76.83939624429624},""T3_high_proximity"":{""value"":0.9769412444567279,""score"":88.47062222836394},""T4_rs_1m"":{""value"":-0.040868991730791615,""score"":9.131008269208387},""T5_rs_3m"":{""value"":0.014270508767011636,""score"":57.13525438350582},""T6_adr_healthy"":{""value"":3.0971561394538476,""score"":100.0},""_score"":69.03},""geometry"":{""sub_retest_depth"":0.0,""sub_retest_timing"":0.0,""sub_retest_freshness"":100.0,""sub_hold_quality"":0.0,""_score"":20.0},""compression"":{""VC1_atr_ratio"":{""value"":0.7988421927312,""score"":50.28945181719998},""VC2_range_contraction"":{""value"":1.0815955986358683,""score"":0},""VC3_range_pct_rank"":{""score"":44.99999999999999},""_score"":31.37},""sr_quality"":{""SR1_touches"":{""value"":2,""score"":25.0},""SR2_tightness"":{""value"":7.6200000000000045,""score"":74.643619012532},""SR3_recency"":{""value"":244,""score"":0.0},""SR4_price_location"":{""score"":30.0},""SR5_reaction"":{""value"":2.858998508518085,""score"":100},""_score"":41.2,""_levels_found"":4,""_target_level"":1539.6},""volume"":{""V1_rvol_day"":{""value"":0.46872836140885854,""score"":0},""V2_rvol_sameslot"":{""value"":0.6976226090822089,""score"":13.17484060548059,""status"":""ok""},""V3_breakout_bar"":{""value"":0.900818948562404,""score"":26.7212632374936},""V4_base_dryup"":{""value"":1.0001176884648477,""score"":49.98823115351523},""V5_bo_expansion"":{""value"":0.4687283614088585,""score"":0},""_score"":19.31},""readiness"":{""_distance_atr"":-1.808,""BR1_atr_distance"":{""score"":23.842200024957123},""BR2_compression"":{""score"":6.569844460662722},""BR3_retest"":{""score"":100},""BR4_bo_age"":{""score"":30.0},""_score"":35.68},""risk"":{""R1_stop_clarity"":{""score"":50.91776646126605},""R2_stop_distance_pct"":{""value"":6.111964817303299,""score"":100.0},""R3_stop_distance_atr"":{""value"":1.5816125831159482,""score"":100.0},""R4_rr_potential"":{""value"":-1.7395329265726884,""score"":0.0},""_score"":62.82},""market"":{""M1_spy_regime"":{""score"":100.0},""M3_earnings_risk"":{""value"":null,""score"":80.0},""M4_vix"":{""value"":null,""score"":60.0},""_score"":84.0},""liquidity"":{""L1_price"":{""value"":1555.31,""score"":0.0},""L2_dollar_vol"":{""value"":1246505105.261781,""score"":100.0},""L3_spread_proxy"":{""value"":0.028881637744243977,""score"":71.11836225575603},""L4_volume_zscore"":{""value"":-1.6768989361011082,""score"":100.0},""_score"":72.11},""pattern_structure"":{""level"":1446.65,""level_idx"":29,""breakout_idx"":46,""bo_peak_idx"":65,""bo_peak_price"":1595.31,""retest_idx"":75,""retest_low"":1475.0,""structural_low"":1475.0,""current_price"":1547.77,""neckline_distance_pct"":-0.06533270447159455,""base_bars"":50,""bars_since_breakout"":33},""pattern_geometry_features"":{""retest_depth_atr"":-1.3990238909149026,""bars_breakout_to_retest"":29.0,""bars_since_retest"":4.0,""current_above_level_atr"":4.990098619023466,""bo_peak_excess_pct"":0.10276155255244865,""atr_pct"":0.03864388082486083},""_schema_version"":""1.0""}",,,,,,,,,,
20260513T161427Z-28c0e1,2026-05-13T16:14:27.317311+00:00,CRM,double_bottom,invalidated,40.13,10.1,43.4,60.5,55.4,21.6,17.5,17.4,84.0,97.6,1.52,10.85,4.84,7.76,2.8,1.4,1.04,5.04,4.88,True,risk_unclear,166.12,190.31,174.2268,203.74,"{""trend"":{""T1_ema_stack"":{""value"":[false,false,false],""score"":0.0},""T2_ema50_slope"":{""value"":-0.19555691006040948,""score"":17.407181656598418},""T3_high_proximity"":{""value"":0.8219286527138686,""score"":10.964326356934285},""T4_rs_1m"":{""value"":-0.09554089321537951,""score"":0},""T5_rs_3m"":{""value"":-0.17114764327886456,""score"":0},""T6_adr_healthy"":{""value"":3.311363726531992,""score"":100.0},""_score"":10.13},""geometry"":{""sub_low_similarity"":56.7,""sub_bounce_quality"":65.6,""sub_separation_fit"":0.0,""sub_right_bottom_reaction"":48.4,""sub_base_context"":30.0,""_score"":43.39},""compression"":{""VC1_atr_ratio"":{""value"":0.6213211200376588,""score"":94.66971999058529},""VC2_range_contraction"":{""value"":0.9270609376205026,""score"":12.156510396582906},""VC3_range_pct_rank"":{""score"":73.33333333333334},""_score"":60.46},""sr_quality"":{""SR1_touches"":{""value"":3,""score"":50.0},""SR2_tightness"":{""value"":1.610858984103404,""score"":52.07737952167177},""SR3_recency"":{""value"":232,""score"":0.0},""SR4_price_location"":{""score"":70.45851771968313},""SR5_reaction"":{""value"":2.8532470591151955,""score"":100},""_score"":55.43,""_levels_found"":7,""_target_level"":172.74},""volume"":{""V1_rvol_day"":{""value"":0.330539091414056,""score"":0},""V2_rvol_sameslot"":{""value"":0.8490516217631094,""score"":23.27010811754063,""status"":""ok""},""V3_breakout_bar"":{""value"":1.1000332035477745,""score"":40.002213569851634},""V4_base_dryup"":{""value"":1.1543267423729808,""score"":34.56732576270191},""V5_bo_expansion"":{""value"":0.33053909141405596,""score"":0},""_score"":21.57},""readiness"":{""_distance_atr"":3.598,""BR1_atr_distance"":{""score"":0},""BR2_compression"":{""score"":0},""BR3_retest"":{""score"":50.0},""BR4_bo_age"":{""score"":50.0},""_score"":17.5},""risk"":{""R1_stop_clarity"":{""score"":21.068015321111147},""R2_stop_distance_pct"":{""value"":-4.88008668432458,""score"":0.0},""R3_stop_distance_atr"":{""value"":-1.2058755717526308,""score"":0.0},""R4_rr_potential"":{""value"":null,""score"":50.0},""_score"":17.37},""market"":{""M1_spy_regime"":{""score"":100.0},""M3_earnings_risk"":{""value"":null,""score"":80.0},""M4_vix"":{""value"":null,""score"":60.0},""_score"":84.0},""liquidity"":{""L1_price"":{""value"":166.12,""score"":100.0},""L2_dollar_vol"":{""value"":663905277.6175218,""score"":100.0},""L3_spread_proxy"":{""value"":0.023597399470262386,""score"":76.40260052973761},""L4_volume_zscore"":{""value"":-2.043222017868964,""score"":100.0},""_score"":97.64},""pattern_structure"":{""left_low"":180.75,""left_idx"":11,""right_low"":176.88,""right_idx"":60,""separation_bars"":49,""structural_low"":176.88,""current_price"":166.67,""neckline_distance_pct"":0.14183716325673495,""base_bars"":49},""pattern_geometry_features"":{""low_similarity_pct"":0.02164247965774686,""bounce_pct"":0.0759271822704659,""right_bottom_reaction"":0.4838865769863558,""atr_pct"":0.04046923910426195},""_schema_version"":""1.0""}",,,,,,,,,,
20260513T161427Z-28c0e1,2026-05-13T16:14:27.317311+00:00,RGTI,breakout_retest_hold,setup,40.02,65.2,20.0,37.4,38.3,11.9,40.2,62.5,84.0,93.0,9.12,4.4,2.25,5.37,1.54,7.24,3.12,4.2,2.79,False,,18.1501,16.6299,17.7111,14.1097,"{""trend"":{""T1_ema_stack"":{""value"":[true,true,false],""score"":66.66666666666666},""T2_ema50_slope"":{""value"":0.1447314289643202,""score"":74.1219048273867},""T3_high_proximity"":{""value"":0.8849390541199413,""score"":42.469527059970645},""T4_rs_1m"":{""value"":0.010635322304642703,""score"":60.6353223046427},""T5_rs_3m"":{""value"":0.035599046198196094,""score"":67.79952309909805},""T6_adr_healthy"":{""value"":7.69959927467294,""score"":100.0},""_score"":65.16},""geometry"":{""sub_retest_depth"":0.0,""sub_retest_timing"":0.0,""sub_retest_freshness"":100.0,""sub_hold_quality"":0.0,""_score"":20.0},""compression"":{""VC1_atr_ratio"":{""value"":0.7612228721704725,""score"":59.694281957381875},""VC2_range_contraction"":{""value"":1.1748387081588654,""score"":0},""VC3_range_pct_rank"":{""score"":54.16666666666667},""_score"":37.42},""sr_quality"":{""SR1_touches"":{""value"":2,""score"":25.0},""SR2_tightness"":{""value"":0.35999999999999943,""score"":50.92908571345126},""SR3_recency"":{""value"":316,""score"":0.0},""SR4_price_location"":{""score"":32.77510814988792},""SR5_reaction"":{""value"":3.3184205786278635,""score"":100},""_score"":38.33,""_levels_found"":4,""_target_level"":21.89},""volume"":{""V1_rvol_day"":{""value"":0.49275155663145154,""score"":0},""V2_rvol_sameslot"":{""value"":0.695623863836053,""score"":13.041590922403534,""status"":""ok""},""V3_breakout_bar"":{""value"":0.5561860073413866,""score"":3.7457338227591044},""V4_base_dryup"":{""value"":1.0844646940444047,""score"":41.55353059555953},""V5_bo_expansion"":{""value"":0.49275155663145154,""score"":0},""_score"":11.86},""readiness"":{""_distance_atr"":-1.036,""BR1_atr_distance"":{""score"":39.27844336155237},""BR2_compression"":{""score"":0},""BR3_retest"":{""score"":100},""BR4_bo_age"":{""score"":30.0},""_score"":40.21},""risk"":{""R1_stop_clarity"":{""score"":75.61448176149023},""R2_stop_distance_pct"":{""value"":2.418719456091132,""score"":100.0},""R3_stop_distance_atr"":{""value"":0.299196269052705,""score"":39.95981345263525},""R4_rr_potential"":{""value"":-9.203644646924907,""score"":0.0},""_score"":62.46},""market"":{""M1_spy_regime"":{""score"":100.0},""M3_earnings_risk"":{""value"":null,""score"":80.0},""M4_vix"":{""value"":null,""score"":60.0},""_score"":84.0},""liquidity"":{""L1_price"":{""value"":18.1501,""score"":100.0},""L2_dollar_vol"":{""value"":267201060.91470906,""score"":100.0},""L3_spread_proxy"":{""value"":0.07052302742133659,""score"":29.476972578663407},""L4_volume_zscore"":{""value"":-1.2039252793071773,""score"":100.0},""_score"":92.95},""pattern_structure"":{""level"":16.6299,""level_idx"":17,""breakout_idx"":25,""bo_peak_idx"":72,""bo_peak_price"":21.02,""retest_idx"":78,""retest_low"":17.89,""structural_low"":17.89,""current_price"":18.445,""neckline_distance_pct"":-0.09840607210626191,""base_bars"":62,""bars_since_breakout"":54},""pattern_geometry_features"":{""retest_depth_atr"":-1.4989846119858288,""bars_breakout_to_retest"":53.0,""bars_since_retest"":1.0,""current_above_level_atr"":2.159199245468992,""bo_peak_excess_pct"":0.2639883583184505,""atr_pct"":0.08084056207482526},""_schema_version"":""1.0""}",,,,,,,,,,
20260513T161427Z-28c0e1,2026-05-13T16:14:27.317311+00:00,NOC,vcp,invalidated,39.91,13.3,48.4,66.3,36.9,16.0,17.5,10.0,84.0,91.7,2.0,12.11,7.96,4.42,2.08,1.23,0.5,5.04,4.58,True,risk_unclear,551.585,708.55,655.025,630.8411,"{""trend"":{""T1_ema_stack"":{""value"":[false,false,true],""score"":33.33333333333333},""T2_ema50_slope"":{""value"":-0.6163018444507231,""score"":0},""T3_high_proximity"":{""value"":0.7181909325277989,""score"":0},""T4_rs_1m"":{""value"":-0.2542455707454505,""score"":0},""T5_rs_3m"":{""value"":-0.25654110922245354,""score"":0},""T6_adr_healthy"":{""value"":2.626901126218768,""score"":100.0},""_score"":13.33},""geometry"":{""sub_contraction_count"":100.0,""sub_reduction_rate"":0,""sub_pivot_tightness"":55.0,""sub_volume_dryup"":34.5,""sub_base_depth"":0.0,""sub_base_duration"":100.0,""_score"":48.42},""compression"":{""VC1_atr_ratio"":{""value"":0.33941889208196724,""score"":100},""VC2_range_contraction"":{""value"":0.8276133200717904,""score"":28.731113321368262},""VC3_range_pct_rank"":{""score"":65.0},""_score"":66.31},""sr_quality"":{""SR1_touches"":{""value"":2,""score"":25.0},""SR2_tightness"":{""value"":2.345550000000003,""score"":64.57410157394135},""SR3_recency"":{""value"":318,""score"":0.0},""SR4_price_location"":{""score"":18.70329506976282},""SR5_reaction"":{""value"":2.330881539861514,""score"":100},""_score"":36.86,""_levels_found"":4,""_target_level"":584.9456},""volume"":{""V1_rvol_day"":{""value"":0.23389258698791743,""score"":0},""V2_rvol_sameslot"":{""value"":0.6867051121612456,""score"":12.447007477416376,""status"":""ok""},""V3_breakout_bar"":{""value"":0.8387038672123823,""score"":22.58025781415882},""V4_base_dryup"":{""value"":1.1071183550929502,""score"":39.28816449070498},""V5_bo_expansion"":{""value"":0.2338925869879174,""score"":0},""_score"":15.99},""readiness"":{""_distance_atr"":11.854,""BR1_atr_distance"":{""score"":0},""BR2_compression"":{""score"":0},""BR3_retest"":{""score"":50.0},""BR4_bo_age"":{""score"":50.0},""_score"":17.5},""risk"":{""R1_stop_clarity"":{""score"":0},""R2_stop_distance_pct"":{""value"":-18.753229330021654,""score"":0.0},""R3_stop_distance_atr"":{""value"":-7.811504621925562,""score"":0.0},""R4_rr_potential"":{""value"":null,""score"":50.0},""_score"":10.0},""market"":{""M1_spy_regime"":{""score"":100.0},""M3_earnings_risk"":{""value"":null,""score"":80.0},""M4_vix"":{""value"":null,""score"":60.0},""_score"":84.0},""liquidity"":{""L1_price"":{""value"":551.585,""score"":74.20749999999998},""L2_dollar_vol"":{""value"":107102444.2843656,""score"":100.0},""L3_spread_proxy"":{""value"":0.018582811352738017,""score"":81.41718864726198},""L4_volume_zscore"":{""value"":-2.010308473701355,""score"":100.0},""_score"":91.69},""pattern_structure"":{""n_contractions"":5,""contractions_pct"":[3.88,5.71,7.31,10.54,6.15],""descending_strict"":false,""final_low"":665.0,""final_pivot"":708.55,""structural_low"":665.0,""dry_up_ratio"":0.8274856386913921,""current_price"":551.585,""neckline_distance_pct"":0.2845708277056118,""base_bars"":72},""pattern_geometry_features"":{""contraction_count"":5.0,""first_contraction_pct"":0.038807160537593755,""last_contraction_pct"":0.06146355232517106,""dry_up_ratio"":0.8274856386913921,""near_monotone"":0.0,""base_depth_pct"":-0.13231751681576642},""_schema_version"":""1.0""}",,,,,,,,,,
20260513T161427Z-28c0e1,2026-05-13T16:14:27.317311+00:00,ASTS,vcp,absent,39.86,13.3,35.0,40.0,57.0,17.3,21.9,80.8,84.0,92.0,2.0,8.75,4.8,6.84,2.25,1.53,4.04,5.04,4.6,False,,75.875,104.15,72.3975,160.54,"{""trend"":{""T1_ema_stack"":{""value"":[false,false,true],""score"":33.33333333333333},""T2_ema50_slope"":{""value"":-0.6260061418378755,""score"":0},""T3_high_proximity"":{""value"":0.7233768710077224,""score"":0},""T4_rs_1m"":{""value"":-0.20857789549655437,""score"":0},""T5_rs_3m"":{""value"":-0.2862314348707041,""score"":0},""T6_adr_healthy"":{""value"":7.8721463016340945,""score"":100.0},""_score"":13.33},""geometry"":{""sub_contraction_count"":100.0,""sub_reduction_rate"":0,""sub_pivot_tightness"":0,""sub_volume_dryup"":0,""sub_base_depth"":0.0,""sub_base_duration"":100.0,""_score"":35.0},""compression"":{""VC1_atr_ratio"":{""value"":0.7372396989600541,""score"":65.69007525998646},""VC2_range_contraction"":{""value"":1.1309571724719707,""score"":0},""VC3_range_pct_rank"":{""score"":55.00000000000001},""_score"":40.03},""sr_quality"":{""SR1_touches"":{""value"":3,""score"":50.0},""SR2_tightness"":{""value"":0.6666499997916594,""score"":79.26661979972558},""SR3_recency"":{""value"":275,""score"":0.0},""SR4_price_location"":{""score"":60.58693594193758},""SR5_reaction"":{""value"":2.522797106584456,""score"":100},""_score"":57.04,""_levels_found"":8,""_target_level"":77.9567},""volume"":{""V1_rvol_day"":{""value"":0.4319191271326674,""score"":0},""V2_rvol_sameslot"":{""value"":0.9416229391930225,""score"":29.441529279534834,""status"":""ok""},""V3_breakout_bar"":{""value"":0.6024584169308698,""score"":6.830561128724651},""V4_base_dryup"":{""value"":1.0148046502388075,""score"":48.519534976119246},""V5_bo_expansion"":{""value"":0.43191912713266734,""score"":0},""_score"":17.3},""readiness"":{""_distance_atr"":4.397,""BR1_atr_distance"":{""score"":0},""BR2_compression"":{""score"":17.540842603580835},""BR3_retest"":{""score"":50.0},""BR4_bo_age"":{""score"":50.0},""_score"":21.89},""risk"":{""R1_stop_clarity"":{""score"":65.71131526596204},""R2_stop_distance_pct"":{""value"":4.583196046128509,""score"":100.0},""R3_stop_distance_atr"":{""value"":0.5407659916671953,""score"":52.03829958335977},""R4_rr_potential"":{""value"":24.34651329978428,""score"":100.0},""_score"":80.8},""market"":{""M1_spy_regime"":{""score"":100.0},""M3_earnings_risk"":{""value"":null,""score"":80.0},""M4_vix"":{""value"":null,""score"":60.0},""_score"":84.0},""liquidity"":{""L1_price"":{""value"":75.875,""score"":100.0},""L2_dollar_vol"":{""value"":643881167.976926,""score"":100.0},""L3_spread_proxy"":{""value"":0.0800645799011532,""score"":19.93542009884679},""L4_volume_zscore"":{""value"":-1.2917619860970424,""score"":100.0},""_score"":91.99},""pattern_structure"":{""n_contractions"":5,""contractions_pct"":[29.67,12.88,21.33,27.06,29.43],""descending_strict"":false,""final_low"":73.5,""final_pivot"":104.15,""structural_low"":73.5,""dry_up_ratio"":1.1798374189870928,""current_price"":75.875,""neckline_distance_pct"":0.3726523887973642,""base_bars"":54},""pattern_geometry_features"":{""contraction_count"":5.0,""first_contraction_pct"":0.2967126029717453,""last_contraction_pct"":0.2942870859337494,""dry_up_ratio"":1.1798374189870928,""near_monotone"":0.0,""base_depth_pct"":0.43413657710370307},""_schema_version"":""1.0""}",,,,,,,,,,
20260513T161427Z-28c0e1,2026-05-13T16:14:27.317311+00:00,ANET,bull_flag,absent,39.36,45.9,19.1,50.5,41.3,19.9,42.9,65.8,84.0,97.2,6.43,5.73,4.54,4.13,2.79,3.86,1.97,5.04,4.86,False,,143.38,149.44,133.103,158.3,"{""trend"":{""T1_ema_stack"":{""value"":[false,true,true],""score"":66.66666666666666},""T2_ema50_slope"":{""value"":0.5201073716910711,""score"":100},""T3_high_proximity"":{""value"":0.8067293085016598,""score"":3.3646542508298793},""T4_rs_1m"":{""value"":-0.13643752774703677,""score"":0},""T5_rs_3m"":{""value"":-0.049756179868917005,""score"":25.1219100655415},""T6_adr_healthy"":{""value"":4.298761214959145,""score"":100.0},""_score"":45.94},""geometry"":{""sub_pole_impulse"":1.2,""sub_flag_tightness"":0,""sub_flag_shallowness"":0,""sub_flag_drift"":100,""sub_flag_duration"":37.5,""_score"":19.11},""compression"":{""VC1_atr_ratio"":{""value"":0.6972808239458258,""score"":75.67979401354354},""VC2_range_contraction"":{""value"":1.3372254360765254,""score"":0},""VC3_range_pct_rank"":{""score"":80.83333333333333},""_score"":50.48},""sr_quality"":{""SR1_touches"":{""value"":2,""score"":25.0},""SR2_tightness"":{""value"":1.5150000000000006,""score"":64.92620612675184},""SR3_recency"":{""value"":284,""score"":0.0},""SR4_price_location"":{""score"":36.286043829296354},""SR5_reaction"":{""value"":2.6085410723882747,""score"":100},""_score"":41.31,""_levels_found"":5,""_target_level"":150.285},""volume"":{""V1_rvol_day"":{""value"":0.57730489383499,""score"":5.1536595889993295},""V2_rvol_sameslot"":{""value"":1.4036515392879345,""score"":60.24343595252897,""status"":""ok""},""V3_breakout_bar"":{""value"":0.9092603280004417,""score"":27.28402186669611},""V4_base_dryup"":{""value"":1.5804346848848214,""score"":0},""V5_bo_expansion"":{""value"":0.5773048938349898,""score"":0},""_score"":19.9},""readiness"":{""_distance_atr"":0.701,""BR1_atr_distance"":{""score"":53.23494150233578},""BR2_compression"":{""score"":16.306584102607786},""BR3_retest"":{""score"":50.0},""BR4_bo_age"":{""score"":50.0},""_score"":42.87},""risk"":{""R1_stop_clarity"":{""score"":53.074041919880976},""R2_stop_distance_pct"":{""value"":7.167631468824104,""score"":100.0},""R3_stop_distance_atr"":{""value"":1.1896093265533914,""score"":84.48046632766957},""R4_rr_potential"":{""value"":1.4517926038367404,""score"":22.589630191837017},""_score"":65.77},""market"":{""M1_spy_regime"":{""score"":100.0},""M3_earnings_risk"":{""value"":null,""score"":80.0},""M4_vix"":{""value"":null,""score"":60.0},""_score"":84.0},""liquidity"":{""L1_price"":{""value"":143.38,""score"":100.0},""L2_dollar_vol"":{""value"":924830607.5736977,""score"":100.0},""L3_spread_proxy"":{""value"":0.02782814897475247,""score"":72.17185102524753},""L4_volume_zscore"":{""value"":-0.6413226890706372,""score"":100.0},""_score"":97.22},""pattern_structure"":{""pole_low"":140.58,""pole_low_idx"":32,""peak_price"":149.44,""peak_idx"":34,""pole_gain"":0.06302461232038686,""flag_bars"":25,""flag_low"":135.13,""flag_high"":147.31,""structural_low"":135.13,""current_price"":145.335,""neckline_distance_pct"":0.0282450889324663,""base_bars"":25},""pattern_geometry_features"":{""pole_gain"":0.06302461232038686,""pullback_pct"":0.09575749464668096,""flag_range_pct"":0.0815042826552463,""flag_drift_per_bar"":0.00023786953748764755,""atr_pct"":0.06025197776139333,""pole_atr_multiple"":1.0460173202940088},""_schema_version"":""1.0""}",,,,,,,,,,
20260513T161427Z-28c0e1,2026-05-13T16:14:27.317311+00:00,NOC,double_bottom,absent,39.26,13.3,37.1,66.3,36.9,21.6,17.5,61.2,84.0,91.7,2.0,9.29,5.3,5.16,2.81,1.4,3.67,5.04,4.58,True,risk_unclear,551.585,580.86,538.3715,615.15,"{""trend"":{""T1_ema_stack"":{""value"":[false,false,true],""score"":33.33333333333333},""T2_ema50_slope"":{""value"":-0.6163018444507231,""score"":0},""T3_high_proximity"":{""value"":0.7181909325277989,""score"":0},""T4_rs_1m"":{""value"":-0.2542455707454505,""score"":0},""T5_rs_3m"":{""value"":-0.25654110922245354,""score"":0},""T6_adr_healthy"":{""value"":2.626901126218768,""score"":100.0},""_score"":13.33},""geometry"":{""sub_low_similarity"":12.6,""sub_bounce_quality"":46.8,""sub_separation_fit"":20.0,""sub_right_bottom_reaction"":100,""sub_base_context"":30.0,""_score"":37.14},""compression"":{""VC1_atr_ratio"":{""value"":0.33941889208196724,""score"":100},""VC2_range_contraction"":{""value"":0.8276133200717904,""score"":28.731113321368262},""VC3_range_pct_rank"":{""score"":65.0},""_score"":66.31},""sr_quality"":{""SR1_touches"":{""value"":2,""score"":25.0},""SR2_tightness"":{""value"":2.345550000000003,""score"":64.57410157394135},""SR3_recency"":{""value"":318,""score"":0.0},""SR4_price_location"":{""score"":18.70329506976282},""SR5_reaction"":{""value"":2.330881539861514,""score"":100},""_score"":36.86,""_levels_found"":4,""_target_level"":584.9456},""volume"":{""V1_rvol_day"":{""value"":0.23389258698791743,""score"":0},""V2_rvol_sameslot"":{""value"":0.6867051121612456,""score"":12.447007477416376,""status"":""ok""},""V3_breakout_bar"":{""value"":0.8387038672123823,""score"":22.58025781415882},""V4_base_dryup"":{""value"":0.8263953187054779,""score"":67.36046812945222},""V5_bo_expansion"":{""value"":0.2338925869879174,""score"":0},""_score"":21.61},""readiness"":{""_distance_atr"":2.211,""BR1_atr_distance"":{""score"":0},""BR2_compression"":{""score"":0},""BR3_retest"":{""score"":50.0},""BR4_bo_age"":{""score"":50.0},""_score"":17.5},""risk"":{""R1_stop_clarity"":{""score"":0},""R2_stop_distance_pct"":{""value"":2.3955600678045887,""score"":100.0},""R3_stop_distance_atr"":{""value"":0.9978509947510065,""score"":74.89254973755033},""R4_rr_potential"":{""value"":4.810592157293098,""score"":100.0},""_score"":61.23},""market"":{""M1_spy_regime"":{""score"":100.0},""M3_earnings_risk"":{""value"":null,""score"":80.0},""M4_vix"":{""value"":null,""score"":60.0},""_score"":84.0},""liquidity"":{""L1_price"":{""value"":551.585,""score"":74.20749999999998},""L2_dollar_vol"":{""value"":107102444.2843656,""score"":100.0},""L3_spread_proxy"":{""value"":0.018582811352738017,""score"":81.41718864726198},""L4_volume_zscore"":{""value"":-2.010308473701355,""score"":100.0},""_score"":91.69},""pattern_structure"":{""left_low"":571.0,""left_idx"":30,""right_low"":546.57,""right_idx"":72,""separation_bars"":42,""structural_low"":546.57,""current_price"":550.81,""neckline_distance_pct"":0.054556017501497925,""base_bars"":42},""pattern_geometry_features"":{""low_similarity_pct"":0.043719856474314714,""bounce_pct"":0.06273670344146214,""right_bottom_reaction"":1.0,""atr_pct"":0.024007192260226712},""_schema_version"":""1.0""}",,,,,,,,,,
20260513T161427Z-28c0e1,2026-05-13T16:14:27.317311+00:00,LHX,base_on_base,invalidated,38.45,13.5,55.0,45.2,38.7,11.8,17.5,10.0,84.0,93.9,2.43,13.75,4.52,3.87,1.41,1.4,0.5,5.88,4.69,True,risk_unclear,303.63,364.27,324.3413,391.96,"{""trend"":{""T1_ema_stack"":{""value"":[false,false,true],""score"":33.33333333333333},""T2_ema50_slope"":{""value"":-0.3381537567827373,""score"":0},""T3_high_proximity"":{""value"":0.8022352568167406,""score"":1.1176284083702637},""T4_rs_1m"":{""value"":-0.21129623787213536,""score"":0},""T5_rs_3m"":{""value"":-0.1768252298842482,""score"":0},""T6_adr_healthy"":{""value"":2.6495213336197003,""score"":100.0},""_score"":13.5},""geometry"":{""sub_shallower_second"":0,""sub_second_base_depth"":100.0,""sub_rim_advance"":100,""sub_dry_up"":0,""sub_second_base_duration"":100.0,""_score"":55.0},""compression"":{""VC1_atr_ratio"":{""value"":0.4501205407549828,""score"":100},""VC2_range_contraction"":{""value"":1.1273829329335316,""score"":0},""VC3_range_pct_rank"":{""score"":20.833333333333336},""_score"":45.21},""sr_quality"":{""SR1_touches"":{""value"":2,""score"":25.0},""SR2_tightness"":{""value"":1.7997499999999889,""score"":58.0431399747061},""SR3_recency"":{""value"":277,""score"":0.0},""SR4_price_location"":{""score"":29.848402372610284},""SR5_reaction"":{""value"":4.5313583671851765,""score"":100},""_score"":38.67,""_levels_found"":9,""_target_level"":331.0802},""volume"":{""V1_rvol_day"":{""value"":0.14854785334215848,""score"":0},""V2_rvol_sameslot"":{""value"":0.5208991051280727,""score"":1.393273675204846,""status"":""ok""},""V3_breakout_bar"":{""value"":0.6416304842714549,""score"":9.442032284763657},""V4_base_dryup"":{""value"":1.043998062028358,""score"":45.6001937971642},""V5_bo_expansion"":{""value"":0.14854785334215848,""score"":0},""_score"":11.76},""readiness"":{""_distance_atr"":7.068,""BR1_atr_distance"":{""score"":0},""BR2_compression"":{""score"":0},""BR3_retest"":{""score"":50.0},""BR4_bo_age"":{""score"":50.0},""_score"":17.5},""risk"":{""R1_stop_clarity"":{""score"":0},""R2_stop_distance_pct"":{""value"":-6.821227316141361,""score"":0.0},""R3_stop_distance_atr"":{""value"":-2.414170858078692,""score"":0.0},""R4_rr_potential"":{""value"":null,""score"":50.0},""_score"":10.0},""market"":{""M1_spy_regime"":{""score"":100.0},""M3_earnings_risk"":{""value"":null,""score"":80.0},""M4_vix"":{""value"":null,""score"":60.0},""_score"":84.0},""liquidity"":{""L1_price"":{""value"":303.63,""score"":100.0},""L2_dollar_vol"":{""value"":70934330.60460375,""score"":92.54282373630822},""L3_spread_proxy"":{""value"":0.03143628758686546,""score"":68.56371241313454},""L4_volume_zscore"":{""value"":-2.309888470542966,""score"":100.0},""_score"":93.87},""pattern_structure"":{""first_base_low"":272.14,""first_base_top"":299.83,""first_base_bars"":60,""second_base_low"":329.2805,""second_base_top"":364.27,""second_base_bars"":59,""structural_low"":329.2805,""stacking_overlap_pct"":-0.09822399359637139,""current_price"":303.63,""neckline_distance_pct"":0.19971676053090928,""base_bars"":59},""pattern_geometry_features"":{""first_base_depth_pct"":0.0923523329886936,""second_base_depth_pct"":0.09605375133829293,""second_dry_up_ratio"":1.3139386898997694,""rim_advance_pct"":0.21492178901377448,""atr_pct"":0.028254948457003604},""_schema_version"":""1.0""}",,,,,,,,,,
20260513T161427Z-28c0e1,2026-05-13T16:14:27.317311+00:00,CRM,ascending_triangle,invalidated,37.46,10.1,29.2,60.5,55.4,26.3,17.5,17.4,84.0,97.6,1.52,8.17,4.84,7.76,3.16,1.4,0.69,5.04,4.88,True,risk_unclear,166.12,190.31,174.2268,203.74,"{""trend"":{""T1_ema_stack"":{""value"":[false,false,false],""score"":0.0},""T2_ema50_slope"":{""value"":-0.19555691006040948,""score"":17.407181656598418},""T3_high_proximity"":{""value"":0.8219286527138686,""score"":10.964326356934285},""T4_rs_1m"":{""value"":-0.09554089321537951,""score"":0},""T5_rs_3m"":{""value"":-0.17114764327886456,""score"":0},""T6_adr_healthy"":{""value"":3.311363726531992,""score"":100.0},""_score"":10.13},""geometry"":{""sub_flat_top_quality"":33.3,""sub_hl_slope"":14.0,""sub_compression"":0,""sub_duration"":100.0,""_score"":29.19},""compression"":{""VC1_atr_ratio"":{""value"":0.6213211200376588,""score"":94.66971999058529},""VC2_range_contraction"":{""value"":0.9270609376205026,""score"":12.156510396582906},""VC3_range_pct_rank"":{""score"":73.33333333333334},""_score"":60.46},""sr_quality"":{""SR1_touches"":{""value"":3,""score"":50.0},""SR2_tightness"":{""value"":1.610858984103404,""score"":52.07737952167177},""SR3_recency"":{""value"":232,""score"":0.0},""SR4_price_location"":{""score"":70.45851771968313},""SR5_reaction"":{""value"":2.8532470591151955,""score"":100},""_score"":55.43,""_levels_found"":7,""_target_level"":172.74},""volume"":{""V1_rvol_day"":{""value"":0.330539091414056,""score"":0},""V2_rvol_sameslot"":{""value"":0.8490516217631094,""score"":23.27010811754063,""status"":""ok""},""V3_breakout_bar"":{""value"":1.1000332035477745,""score"":40.002213569851634},""V4_base_dryup"":{""value"":0.9178007390521836,""score"":58.21992609478164},""V5_bo_expansion"":{""value"":0.33053909141405596,""score"":0},""_score"":26.3},""readiness"":{""_distance_atr"":3.598,""BR1_atr_distance"":{""score"":0},""BR2_compression"":{""score"":0},""BR3_retest"":{""score"":50.0},""BR4_bo_age"":{""score"":50.0},""_score"":17.5},""risk"":{""R1_stop_clarity"":{""score"":21.068015321111147},""R2_stop_distance_pct"":{""value"":-4.88008668432458,""score"":0.0},""R3_stop_distance_atr"":{""value"":-1.2058755717526308,""score"":0.0},""R4_rr_potential"":{""value"":null,""score"":50.0},""_score"":17.37},""market"":{""M1_spy_regime"":{""score"":100.0},""M3_earnings_risk"":{""value"":null,""score"":80.0},""M4_vix"":{""value"":null,""score"":60.0},""_score"":84.0},""liquidity"":{""L1_price"":{""value"":166.12,""score"":100.0},""L2_dollar_vol"":{""value"":663905277.6175218,""score"":100.0},""L3_spread_proxy"":{""value"":0.023597399470262386,""score"":76.40260052973761},""L4_volume_zscore"":{""value"":-2.043222017868964,""score"":100.0},""_score"":97.64},""pattern_structure"":{""top"":190.31,""top_touches"":2,""low_slope_per_bar"":0.07427242220866559,""lowest_low"":176.88,""structural_low"":176.88,""current_price"":166.67,""neckline_distance_pct"":0.14183716325673495,""base_bars"":42},""pattern_geometry_features"":{""top_touches"":2.0,""low_slope"":0.07427242220866559,""compression"":-0.029108371397035038,""atr_pct"":0.04046923910426195},""_schema_version"":""1.0""}",,,,,,,,,,
20260513T161427Z-28c0e1,2026-05-13T16:14:27.317311+00:00,LHX,vcp,invalidated,36.71,13.5,46.0,45.2,38.7,12.8,17.5,10.0,84.0,93.9,2.02,11.5,5.43,4.64,1.66,1.23,0.5,5.04,4.69,True,risk_unclear,303.63,364.27,339.7265,381.605,"{""trend"":{""T1_ema_stack"":{""value"":[false,false,true],""score"":33.33333333333333},""T2_ema50_slope"":{""value"":-0.3381537567827373,""score"":0},""T3_high_proximity"":{""value"":0.8022352568167406,""score"":1.1176284083702637},""T4_rs_1m"":{""value"":-0.21129623787213536,""score"":0},""T5_rs_3m"":{""value"":-0.1768252298842482,""score"":0},""T6_adr_healthy"":{""value"":2.6495213336197003,""score"":100.0},""_score"":13.5},""geometry"":{""sub_contraction_count"":100.0,""sub_reduction_rate"":3.9,""sub_pivot_tightness"":66.9,""sub_volume_dryup"":0,""sub_base_depth"":0.0,""sub_base_duration"":100.0,""_score"":46.01},""compression"":{""VC1_atr_ratio"":{""value"":0.4501205407549828,""score"":100},""VC2_range_contraction"":{""value"":1.1273829329335316,""score"":0},""VC3_range_pct_rank"":{""score"":20.833333333333336},""_score"":45.21},""sr_quality"":{""SR1_touches"":{""value"":2,""score"":25.0},""SR2_tightness"":{""value"":1.7997499999999889,""score"":58.0431399747061},""SR3_recency"":{""value"":277,""score"":0.0},""SR4_price_location"":{""score"":29.848402372610284},""SR5_reaction"":{""value"":4.5313583671851765,""score"":100},""_score"":38.67,""_levels_found"":9,""_target_level"":331.0802},""volume"":{""V1_rvol_day"":{""value"":0.14854785334215848,""score"":0},""V2_rvol_sameslot"":{""value"":0.5208991051280727,""score"":1.393273675204846,""status"":""ok""},""V3_breakout_bar"":{""value"":0.6416304842714549,""score"":9.442032284763657},""V4_base_dryup"":{""value"":0.9924191132085357,""score"":50.75808867914643},""V5_bo_expansion"":{""value"":0.14854785334215848,""score"":0},""_score"":12.79},""readiness"":{""_distance_atr"":7.068,""BR1_atr_distance"":{""score"":0},""BR2_compression"":{""score"":0},""BR3_retest"":{""score"":50.0},""BR4_bo_age"":{""score"":50.0},""_score"":17.5},""risk"":{""R1_stop_clarity"":{""score"":0},""R2_stop_distance_pct"":{""value"":-11.888318018641106,""score"":0.0},""R3_stop_distance_atr"":{""value"":-4.207517149334714,""score"":0.0},""R4_rr_potential"":{""value"":null,""score"":50.0},""_score"":10.0},""market"":{""M1_spy_regime"":{""score"":100.0},""M3_earnings_risk"":{""value"":null,""score"":80.0},""M4_vix"":{""value"":null,""score"":60.0},""_score"":84.0},""liquidity"":{""L1_price"":{""value"":303.63,""score"":100.0},""L2_dollar_vol"":{""value"":70934330.60460375,""score"":92.54282373630822},""L3_spread_proxy"":{""value"":0.03143628758686546,""score"":68.56371241313454},""L4_volume_zscore"":{""value"":-2.309888470542966,""score"":100.0},""_score"":93.87},""pattern_structure"":{""n_contractions"":5,""contractions_pct"":[9.1,6.32,4.73,8.9,5.32],""descending_strict"":false,""final_low"":344.9,""final_pivot"":364.27,""structural_low"":344.9,""dry_up_ratio"":1.171131330693422,""current_price"":303.63,""neckline_distance_pct"":0.19971676053090928,""base_bars"":34},""pattern_geometry_features"":{""contraction_count"":5.0,""first_contraction_pct"":0.09097547172415696,""last_contraction_pct"":0.053174842836357664,""dry_up_ratio"":1.171131330693422,""near_monotone"":0.0,""base_depth_pct"":0.047855673802918094},""_schema_version"":""1.0""}",,,,,,,,,,
20260513T161427Z-28c0e1,2026-05-13T16:14:27.317311+00:00,IR,bull_flag,absent,36.43,6.9,20.6,60.2,49.0,40.1,17.5,64.8,84.0,96.2,0.96,6.17,5.42,4.9,5.61,1.57,1.95,5.04,4.81,True,risk_unclear,72.19,79.88,70.7378,84.41,"{""trend"":{""T1_ema_stack"":{""value"":[false,false,false],""score"":0.0},""T2_ema50_slope"":{""value"":-0.24434029003033952,""score"":9.27661832827674},""T3_high_proximity"":{""value"":0.7309639530174159,""score"":0},""T4_rs_1m"":{""value"":-0.2478762790930874,""score"":0},""T5_rs_3m"":{""value"":-0.322943718423777,""score"":0},""T6_adr_healthy"":{""value"":2.9920671137730026,""score"":100.0},""_score"":6.86},""geometry"":{""sub_pole_impulse"":15.2,""sub_flag_tightness"":0,""sub_flag_shallowness"":0,""sub_flag_drift"":81.7,""sub_flag_duration"":37.5,""_score"":20.57},""compression"":{""VC1_atr_ratio"":{""value"":0.539252228085082,""score"":100},""VC2_range_contraction"":{""value"":0.9816869527980779,""score"":3.052174533653677},""VC3_range_pct_rank"":{""score"":76.66666666666666},""_score"":60.23},""sr_quality"":{""SR1_touches"":{""value"":2,""score"":25.0},""SR2_tightness"":{""value"":0.3500000000000014,""score"":74.07235928302127},""SR3_recency"":{""value"":230,""score"":0.0},""SR4_price_location"":{""score"":61.44189430517894},""SR5_reaction"":{""value"":3.0427938355711333,""score"":100},""_score"":48.97,""_levels_found"":5,""_target_level"":75.66},""volume"":{""V1_rvol_day"":{""value"":0.2952936000978542,""score"":0},""V2_rvol_sameslot"":{""value"":1.3378053571498054,""score"":55.853690476653696,""status"":""ok""},""V3_breakout_bar"":{""value"":1.8841013378986717,""score"":92.27342252657812},""V4_base_dryup"":{""value"":1.2072865610369752,""score"":29.271343896302483},""V5_bo_expansion"":{""value"":0.2952936000978541,""score"":0},""_score"":40.09},""readiness"":{""_distance_atr"":2.848,""BR1_atr_distance"":{""score"":0},""BR2_compression"":{""score"":0},""BR3_retest"":{""score"":50.0},""BR4_bo_age"":{""score"":50.0},""_score"":17.5},""risk"":{""R1_stop_clarity"":{""score"":20.200277796150672},""R2_stop_distance_pct"":{""value"":2.011670591494665,""score"":100.0},""R3_stop_distance_atr"":{""value"":0.537896686288775,""score"":51.894834314438754},""R4_rr_potential"":{""value"":8.414674034670943,""score"":100.0},""_score"":64.85},""market"":{""M1_spy_regime"":{""score"":100.0},""M3_earnings_risk"":{""value"":null,""score"":80.0},""M4_vix"":{""value"":null,""score"":60.0},""_score"":84.0},""liquidity"":{""L1_price"":{""value"":72.19,""score"":100.0},""L2_dollar_vol"":{""value"":80291535.6055952,""score"":95.23348820195316},""L3_spread_proxy"":{""value"":0.01849286604792919,""score"":81.50713395207082},""L4_volume_zscore"":{""value"":-1.9298296952632958,""score"":100.0},""_score"":96.24},""pattern_structure"":{""pole_low"":75.35,""pole_low_idx"":21,""peak_price"":79.88,""peak_idx"":34,""pole_gain"":0.060119442601194444,""flag_bars"":25,""flag_low"":71.815,""flag_high"":78.8,""structural_low"":71.815,""current_price"":72.07,""neckline_distance_pct"":0.10836686554738453,""base_bars"":25},""pattern_geometry_features"":{""pole_gain"":0.060119442601194444,""pullback_pct"":0.10096394591887829,""flag_range_pct"":0.08744366549824736,""flag_drift_per_bar"":-0.0036551952695563212,""atr_pct"":0.03739882848831458,""pole_atr_multiple"":1.607522081072112},""_schema_version"":""1.0""}",,,,,,,,,,
20260513T161427Z-28c0e1,2026-05-13T16:14:27.317311+00:00,LEU,bull_flag,absent,36.3,21.4,25.3,57.5,55.0,9.4,19.8,80.4,84.0,89.8,2.99,7.59,5.17,5.5,1.32,1.79,2.41,5.04,4.49,False,,197.87,235.0,190.6369,271.7,"{""trend"":{""T1_ema_stack"":{""value"":[false,false,false],""score"":0.0},""T2_ema50_slope"":{""value"":0.010562161900980221,""score"":51.76036031683004},""T3_high_proximity"":{""value"":0.8553951236382501,""score"":27.697561819125028},""T4_rs_1m"":{""value"":-0.04059577482428822,""score"":9.40422517571178},""T5_rs_3m"":{""value"":-0.12757284312659967,""score"":0},""T6_adr_healthy"":{""value"":7.6327982449625225,""score"":100.0},""_score"":21.39},""geometry"":{""sub_pole_impulse"":26.3,""sub_flag_tightness"":0,""sub_flag_shallowness"":0,""sub_flag_drift"":91.0,""sub_flag_duration"":37.5,""_score"":25.29},""compression"":{""VC1_atr_ratio"":{""value"":0.5797796480778391,""score"":100},""VC2_range_contraction"":{""value"":1.1191160952555366,""score"":0},""VC3_range_pct_rank"":{""score"":70.0},""_score"":57.5},""sr_quality"":{""SR1_touches"":{""value"":4,""score"":75.0},""SR2_tightness"":{""value"":3.728352256946087,""score"":58.18220364121009},""SR3_recency"":{""value"":242,""score"":0.0},""SR4_price_location"":{""score"":37.11284332296344},""SR5_reaction"":{""value"":1.933888947195118,""score"":96.6944473597559},""_score"":55.01,""_levels_found"":7,""_target_level"":215.391},""volume"":{""V1_rvol_day"":{""value"":0.33610379100906485,""score"":0},""V2_rvol_sameslot"":{""value"":0.48596974444461605,""score"":0,""status"":""ok""},""V3_breakout_bar"":{""value"":0.6349209686072999,""score"":8.994731240486658},""V4_base_dryup"":{""value"":1.1413686648736445,""score"":35.86313351263554},""V5_bo_expansion"":{""value"":0.33610379100906485,""score"":0},""_score"":9.42},""readiness"":{""_distance_atr"":2.082,""BR1_atr_distance"":{""score"":0},""BR2_compression"":{""score"":9.377052835997361},""BR3_retest"":{""score"":50.0},""BR4_bo_age"":{""score"":50.0},""_score"":19.84},""risk"":{""R1_stop_clarity"":{""score"":67.43836519657529},""R2_stop_distance_pct"":{""value"":3.6554808712791265,""score"":100.0},""R3_stop_distance_atr"":{""value"":0.4056380432927766,""score"":45.28190216463883},""R4_rr_potential"":{""value"":10.207241708257857,""score"":100.0},""_score"":80.4},""market"":{""M1_spy_regime"":{""score"":100.0},""M3_earnings_risk"":{""value"":null,""score"":80.0},""M4_vix"":{""value"":null,""score"":60.0},""_score"":84.0},""liquidity"":{""L1_price"":{""value"":197.87,""score"":100.0},""L2_dollar_vol"":{""value"":63010455.36499898,""score"":89.97063090964991},""L3_spread_proxy"":{""value"":0.06170718148279177,""score"":38.292818517208225},""L4_volume_zscore"":{""value"":-1.8727666914870014,""score"":100.0},""_score"":89.82},""pattern_structure"":{""pole_low"":198.3,""pole_low_idx"":28,""peak_price"":235.0,""peak_idx"":34,""pole_gain"":0.18507312153303068,""flag_bars"":25,""flag_low"":193.54,""flag_high"":224.9799,""structural_low"":193.54,""current_price"":200.08,""neckline_distance_pct"":0.17453018792483,""base_bars"":25},""pattern_geometry_features"":{""pole_gain"":0.18507312153303068,""pullback_pct"":0.17642553191489366,""flag_range_pct"":0.13378680851063826,""flag_drift_per_bar"":-0.001798962722603258,""atr_pct"":0.09011681551379334,""pole_atr_multiple"":2.053702413671101},""_schema_version"":""1.0""}",,,,,,,,,,
20260513T161427Z-28c0e1,2026-05-13T16:14:27.317311+00:00,OKLO,breakout_retest_hold,invalidated,0.0,62.7,0.0,37.7,64.6,0.0,0.0,0.0,84.0,92.4,0.0,0.0,0.0,0.0,0.0,0.0,0.0,0.0,0.0,False,,69.36,71.25,69.5971,,"{""_source"":""active_monitor"",""_prior_state"":""setup"",""_schema_version"":""1.0""}",active_monitor_event,,,,,,,,,
