run_id,asof,ticker,pattern,pattern_state,final_score,trend,geometry,compression,sr_quality,volume,readiness,risk,market,liquidity,comp_trend,comp_geometry,comp_compression,comp_sr,comp_volume,comp_readiness,comp_risk,comp_market,comp_liquidity,veto_triggered,veto_reasons,price,trigger,invalid_below,measured_move_target,features_json,note,ret_1h,ret_eod,ret_1d,ret_3d,ret_5d,max_dd_5d,max_fav_5d,touched_invalid_5d,post_hoc_tag
20260630T202552Z-536821,2026-06-30T20:25:52.986448+00:00,BELFB,cup_with_handle,setup,65.0,100.0,66.5,50.4,42.1,47.0,63.0,38.5,84.0,94.2,14.0,19.94,4.03,5.05,6.11,5.04,1.92,4.2,4.71,False,,315.65,311.67,277.9128,372.92,"{""trend"":{""T1_ema_stack"":{""value"":[true,true,true],""score"":100.0},""T2_ema50_slope"":{""value"":0.33840602444341483,""score"":100},""T3_high_proximity"":{""value"":1.0,""score"":99.99999999999997},""T4_rs_1m"":{""value"":0.15771805638683933,""score"":100},""T5_rs_3m"":{""value"":0.3822731946313396,""score"":100},""T6_adr_healthy"":{""value"":5.519311433789866,""score"":100.0},""_score"":100.0},""geometry"":{""sub_cup_depth"":100.0,""sub_cup_duration"":68.0,""sub_rim_symmetry"":77.9,""sub_handle_shallowness"":21.1,""sub_handle_proportion"":98.1,""sub_u_shape"":44.4,""_score"":66.47},""compression"":{""VC1_atr_ratio"":{""value"":0.4904293666851208,""score"":100},""VC2_range_contraction"":{""value"":0.9498960916903758,""score"":8.350651384937366},""VC3_range_pct_rank"":{""score"":30.000000000000004},""_score"":50.42},""sr_quality"":{""SR1_touches"":{""value"":2,""score"":25.0},""SR2_tightness"":{""value"":1.700000000000017,""score"":80.43425271793284},""SR3_recency"":{""value"":228,""score"":0.0},""SR4_price_location"":{""score"":30.0},""SR5_reaction"":{""value"":2.4536310286445002,""score"":100},""_score"":42.07,""_levels_found"":7,""_target_level"":309.97},""volume"":{""V1_rvol_day"":{""value"":1.3953701983772724,""score"":59.691346558484824},""V2_rvol_sameslot"":{""value"":2.105122579932465,""score"":100,""status"":""ok""},""V3_breakout_bar"":{""value"":1.1651748640165056,""score"":44.34499093443371},""V4_base_dryup"":{""value"":1.7362488450730345,""score"":0},""V5_bo_expansion"":{""value"":1.3953701983772722,""score"":26.358013225151478},""_score"":46.98},""readiness"":{""_distance_atr"":-0.229,""BR1_atr_distance"":{""score"":100.0},""BR2_compression"":{""score"":21.952186844708287},""BR3_retest"":{""score"":50.0},""BR4_bo_age"":{""score"":50.0},""_score"":62.99},""risk"":{""R1_stop_clarity"":{""score"":51.290784409716814},""R2_stop_distance_pct"":{""value"":11.955385712022805,""score"":1.1153571994298783},""R3_stop_distance_atr"":{""value"":2.1716353799680435,""score"":100.0},""R4_rr_potential"":{""value"":1.5176016752711354,""score"":25.880083763556772},""_score"":38.46},""market"":{""M1_spy_regime"":{""score"":100.0},""M3_earnings_risk"":{""value"":null,""score"":80.0},""M4_vix"":{""value"":null,""score"":60.0},""_score"":84.0},""liquidity"":{""L1_price"":{""value"":315.65,""score"":100.0},""L2_dollar_vol"":{""value"":135056384.95342004,""score"":100.0},""L3_spread_proxy"":{""value"":0.058149849516870016,""score"":41.85015048312999},""L4_volume_zscore"":{""value"":0.7495043374452437,""score"":100.0},""_score"":94.19},""pattern_structure"":{""left_rim"":308.27,""left_rim_idx"":146,""cup_bottom"":247.02,""cup_bottom_idx"":152,""right_rim"":311.67,""right_rim_idx"":173,""handle_low"":282.145,""handle_bars"":6,""cup_bars"":27,""structural_low"":282.145,""current_price"":315.65,""neckline_distance_pct"":-0.012608902265166994,""base_bars"":33},""pattern_geometry_features"":{""cup_depth_pct"":0.19868946053784012,""rim_symmetry_pct"":0.011029292503325119,""handle_depth_pct"":0.09473160714858675,""handle_to_cup_ratio"":0.2222222222222222,""cup_duration_bars"":27.0,""atr_pct"":0.055052454119617136,""u_shape_score"":0.2222222222222222},""_schema_version"":""1.0""}",,,,,,,,,,
20260630T202552Z-536821,2026-06-30T20:25:52.986448+00:00,BELFB,ascending_triangle,setup,62.83,100.0,51.4,50.4,42.1,57.0,63.0,47.1,84.0,94.2,15.0,14.39,4.03,5.89,6.84,5.04,1.88,5.04,4.71,False,,315.65,311.67,283.8671,335.15,"{""trend"":{""T1_ema_stack"":{""value"":[true,true,true],""score"":100.0},""T2_ema50_slope"":{""value"":0.33840602444341483,""score"":100},""T3_high_proximity"":{""value"":1.0,""score"":99.99999999999997},""T4_rs_1m"":{""value"":0.15771805638683933,""score"":100},""T5_rs_3m"":{""value"":0.3822731946313396,""score"":100},""T6_adr_healthy"":{""value"":5.519311433789866,""score"":100.0},""_score"":100.0},""geometry"":{""sub_flat_top_quality"":33.3,""sub_hl_slope"":83.6,""sub_compression"":5.3,""sub_duration"":100.0,""_score"":51.39},""compression"":{""VC1_atr_ratio"":{""value"":0.4904293666851208,""score"":100},""VC2_range_contraction"":{""value"":0.9498960916903758,""score"":8.350651384937366},""VC3_range_pct_rank"":{""score"":30.000000000000004},""_score"":50.42},""sr_quality"":{""SR1_touches"":{""value"":2,""score"":25.0},""SR2_tightness"":{""value"":1.700000000000017,""score"":80.43425271793284},""SR3_recency"":{""value"":228,""score"":0.0},""SR4_price_location"":{""score"":30.0},""SR5_reaction"":{""value"":2.4536310286445002,""score"":100},""_score"":42.07,""_levels_found"":7,""_target_level"":309.97},""volume"":{""V1_rvol_day"":{""value"":1.3953701983772724,""score"":59.691346558484824},""V2_rvol_sameslot"":{""value"":2.105122579932465,""score"":100,""status"":""ok""},""V3_breakout_bar"":{""value"":1.1651748640165056,""score"":44.34499093443371},""V4_base_dryup"":{""value"":0.9971633263378036,""score"":50.28366736621964},""V5_bo_expansion"":{""value"":1.3953701983772722,""score"":26.358013225151478},""_score"":57.03},""readiness"":{""_distance_atr"":-0.229,""BR1_atr_distance"":{""score"":100.0},""BR2_compression"":{""score"":21.952186844708287},""BR3_retest"":{""score"":50.0},""BR4_bo_age"":{""score"":50.0},""_score"":62.99},""risk"":{""R1_stop_clarity"":{""score"":50.2471819774803},""R2_stop_distance_pct"":{""value"":10.069016315539363,""score"":48.27459211151592},""R3_stop_distance_atr"":{""value"":1.8289859147171816,""score"":100.0},""R4_rr_potential"":{""value"":0.6135384334633319,""score"":0.0},""_score"":47.07},""market"":{""M1_spy_regime"":{""score"":100.0},""M3_earnings_risk"":{""value"":null,""score"":80.0},""M4_vix"":{""value"":null,""score"":60.0},""_score"":84.0},""liquidity"":{""L1_price"":{""value"":315.65,""score"":100.0},""L2_dollar_vol"":{""value"":135056384.95342004,""score"":100.0},""L3_spread_proxy"":{""value"":0.058149849516870016,""score"":41.85015048312999},""L4_volume_zscore"":{""value"":0.7495043374452437,""score"":100.0},""_score"":94.19},""pattern_structure"":{""top"":311.67,""top_touches"":2,""low_slope_per_bar"":0.7231283422459858,""lowest_low"":288.19,""structural_low"":288.19,""current_price"":313.12,""neckline_distance_pct"":-0.004630812468063326,""base_bars"":24},""pattern_geometry_features"":{""top_touches"":2.0,""low_slope"":0.7231283422459858,""compression"":0.02646487219890792,""atr_pct"":0.055052454119617136},""_schema_version"":""1.0""}",,,,,,,,,,
20260630T202552Z-536821,2026-06-30T20:25:52.986448+00:00,BELFB,double_bottom,setup,62.4,100.0,52.4,50.4,42.1,47.0,63.0,57.9,84.0,94.2,15.0,13.11,4.03,5.89,6.11,5.04,3.47,5.04,4.71,False,,315.65,311.88,288.5262,330.84,"{""trend"":{""T1_ema_stack"":{""value"":[true,true,true],""score"":100.0},""T2_ema50_slope"":{""value"":0.33840602444341483,""score"":100},""T3_high_proximity"":{""value"":1.0,""score"":99.99999999999997},""T4_rs_1m"":{""value"":0.15771805638683933,""score"":100},""T5_rs_3m"":{""value"":0.3822731946313396,""score"":100},""T6_adr_healthy"":{""value"":5.519311433789866,""score"":100.0},""_score"":100.0},""geometry"":{""sub_low_similarity"":61.8,""sub_bounce_quality"":49.6,""sub_separation_fit"":0.0,""sub_right_bottom_reaction"":26.5,""sub_base_context"":100.0,""_score"":52.44},""compression"":{""VC1_atr_ratio"":{""value"":0.4904293666851208,""score"":100},""VC2_range_contraction"":{""value"":0.9498960916903758,""score"":8.350651384937366},""VC3_range_pct_rank"":{""score"":30.000000000000004},""_score"":50.42},""sr_quality"":{""SR1_touches"":{""value"":2,""score"":25.0},""SR2_tightness"":{""value"":1.700000000000017,""score"":80.43425271793284},""SR3_recency"":{""value"":228,""score"":0.0},""SR4_price_location"":{""score"":30.0},""SR5_reaction"":{""value"":2.4536310286445002,""score"":100},""_score"":42.07,""_levels_found"":7,""_target_level"":309.97},""volume"":{""V1_rvol_day"":{""value"":1.3953701983772724,""score"":59.691346558484824},""V2_rvol_sameslot"":{""value"":2.105122579932465,""score"":100,""status"":""ok""},""V3_breakout_bar"":{""value"":1.1651748640165056,""score"":44.34499093443371},""V4_base_dryup"":{""value"":1.6653097218911732,""score"":0},""V5_bo_expansion"":{""value"":1.3953701983772722,""score"":26.358013225151478},""_score"":46.98},""readiness"":{""_distance_atr"":-0.217,""BR1_atr_distance"":{""score"":100.0},""BR2_compression"":{""score"":21.952186844708287},""BR3_retest"":{""score"":50.0},""BR4_bo_age"":{""score"":50.0},""_score"":62.99},""risk"":{""R1_stop_clarity"":{""score"":49.43059976003189},""R2_stop_distance_pct"":{""value"":8.592998574370334,""score"":85.17503564074164},""R3_stop_distance_atr"":{""value"":1.56087475332155,""score"":100.0},""R4_rr_potential"":{""value"":0.5600247752895988,""score"":0.0},""_score"":57.85},""market"":{""M1_spy_regime"":{""score"":100.0},""M3_earnings_risk"":{""value"":null,""score"":80.0},""M4_vix"":{""value"":null,""score"":60.0},""_score"":84.0},""liquidity"":{""L1_price"":{""value"":315.65,""score"":100.0},""L2_dollar_vol"":{""value"":135056384.95342004,""score"":100.0},""L3_spread_proxy"":{""value"":0.058149849516870016,""score"":41.85015048312999},""L4_volume_zscore"":{""value"":0.7495043374452437,""score"":100.0},""_score"":94.19},""pattern_structure"":{""left_low"":292.92,""left_idx"":28,""right_low"":298.57,""right_idx"":74,""separation_bars"":46,""structural_low"":292.92,""current_price"":313.12,""neckline_distance_pct"":-0.003960143076136974,""base_bars"":46},""pattern_geometry_features"":{""low_similarity_pct"":0.019104295930615824,""bounce_pct"":0.06472757066775904,""right_bottom_reaction"":0.2648384673178087,""atr_pct"":0.055052454119617136},""_schema_version"":""1.0""}",,,,,,,,,,
20260630T202552Z-536821,2026-06-30T20:25:52.986448+00:00,TSM,double_bottom,candidate,62.17,97.6,79.4,19.4,48.3,25.8,34.9,57.4,84.0,94.5,14.64,19.85,1.55,6.76,3.36,2.79,3.45,5.04,4.73,False,,455.1,476.79,412.9022,534.39,"{""trend"":{""T1_ema_stack"":{""value"":[true,true,true],""score"":100.0},""T2_ema50_slope"":{""value"":0.2878426574021608,""score"":97.97377623369347},""T3_high_proximity"":{""value"":0.9731220732567837,""score"":86.56103662839182},""T4_rs_1m"":{""value"":0.08919918104888513,""score"":100},""T5_rs_3m"":{""value"":0.22424675860734333,""score"":100},""T6_adr_healthy"":{""value"":3.951230634094872,""score"":100.0},""_score"":97.58},""geometry"":{""sub_low_similarity"":62.2,""sub_bounce_quality"":100,""sub_separation_fit"":53.3,""sub_right_bottom_reaction"":85.0,""sub_base_context"":100.0,""_score"":79.41},""compression"":{""VC1_atr_ratio"":{""value"":0.8161451305024988,""score"":45.96371737437529},""VC2_range_contraction"":{""value"":1.0272218143751985,""score"":0},""VC3_range_pct_rank"":{""score"":4.1666666666666625},""_score"":19.43},""sr_quality"":{""SR1_touches"":{""value"":4,""score"":75.0},""SR2_tightness"":{""value"":6.381827716258105,""score"":36.754389254996866},""SR3_recency"":{""value"":235,""score"":0.0},""SR4_price_location"":{""score"":30.0},""SR5_reaction"":{""value"":1.7053090357204916,""score"":85.26545178602458},""_score"":48.3,""_levels_found"":5,""_target_level"":415.495},""volume"":{""V1_rvol_day"":{""value"":1.0283778351646324,""score"":35.22518901097549},""V2_rvol_sameslot"":{""value"":0.9464136542874754,""score"":29.76091028583169,""status"":""ok""},""V3_breakout_bar"":{""value"":0.6737313076357826,""score"":11.58208717571884},""V4_base_dryup"":{""value"":1.016661981723616,""score"":48.3338018276384},""V5_bo_expansion"":{""value"":1.0283778351646322,""score"":1.8918556776421476},""_score"":25.84},""readiness"":{""_distance_atr"":1.075,""BR1_atr_distance"":{""score"":28.348776241411286},""BR2_compression"":{""score"":24.067318783059342},""BR3_retest"":{""score"":50.0},""BR4_bo_age"":{""score"":50.0},""_score"":34.86},""risk"":{""R1_stop_clarity"":{""score"":37.68573342870797},""R2_stop_distance_pct"":{""value"":9.272214897824657,""score"":68.19462755438357},""R3_stop_distance_atr"":{""value"":2.0909596075251478,""score"":100.0},""R4_rr_potential"":{""value"":1.8790056839388747,""score"":43.950284196943734},""_score"":57.44},""market"":{""M1_spy_regime"":{""score"":100.0},""M3_earnings_risk"":{""value"":null,""score"":80.0},""M4_vix"":{""value"":null,""score"":60.0},""_score"":84.0},""liquidity"":{""L1_price"":{""value"":455.1,""score"":100.0},""L2_dollar_vol"":{""value"":6772518795.179661,""score"":100.0},""L3_spread_proxy"":{""value"":0.05495495495495506,""score"":45.045045045044944},""L4_volume_zscore"":{""value"":0.09000851720738498,""score"":100.0},""_score"":94.5},""pattern_structure"":{""left_low"":427.19,""left_idx"":31,""right_low"":419.19,""right_idx"":68,""separation_bars"":37,""structural_low"":419.19,""current_price"":454.57,""neckline_distance_pct"":0.04888136040653811,""base_bars"":37},""pattern_geometry_features"":{""low_similarity_pct"":0.018904038375197902,""bounce_pct"":0.1374078580118801,""right_bottom_reaction"":0.8500619578686517,""atr_pct"":0.04434430423454816},""_schema_version"":""1.0""}",,,,,,,,,,
20260630T202552Z-536821,2026-06-30T20:25:52.986448+00:00,CARR,breakout_retest_hold,breakout_confirmed,61.7,97.5,28.3,74.5,53.5,41.4,81.8,52.8,84.0,98.1,13.64,6.22,4.47,7.49,5.38,14.72,2.64,4.2,2.94,False,,73.43,72.41,72.0027,71.77,"{""trend"":{""T1_ema_stack"":{""value"":[true,true,true],""score"":100.0},""T2_ema50_slope"":{""value"":0.30824677526632904,""score"":100},""T3_high_proximity"":{""value"":0.9661842105263159,""score"":83.09210526315792},""T4_rs_1m"":{""value"":0.1687828624877069,""score"":100},""T5_rs_3m"":{""value"":0.1849445611414684,""score"":100},""T6_adr_healthy"":{""value"":3.1512649355289453,""score"":100.0},""_score"":97.46},""geometry"":{""sub_retest_depth"":0.0,""sub_retest_timing"":0.0,""sub_retest_freshness"":100.0,""sub_hold_quality"":27.6,""_score"":28.28},""compression"":{""VC1_atr_ratio"":{""value"":0.5988631581048645,""score"":100},""VC2_range_contraction"":{""value"":0.7616935380245403,""score"":39.717743662576616},""VC3_range_pct_rank"":{""score"":82.5},""_score"":74.53},""sr_quality"":{""SR1_touches"":{""value"":4,""score"":75.0},""SR2_tightness"":{""value"":0.5604183705054636,""score"":56.60225186154899},""SR3_recency"":{""value"":240,""score"":0.0},""SR4_price_location"":{""score"":30.0},""SR5_reaction"":{""value"":2.0153272175651793,""score"":100},""_score"":53.49,""_levels_found"":6,""_target_level"":68.9625},""volume"":{""V1_rvol_day"":{""value"":0.7076737627160603,""score"":13.84491751440402},""V2_rvol_sameslot"":{""value"":1.114241950009624,""score"":40.949463333974926,""status"":""ok""},""V3_breakout_bar"":{""value"":1.6325502131184813,""score"":75.50334754123207},""V4_base_dryup"":{""value"":0.9238491138436025,""score"":57.615088615639756},""V5_bo_expansion"":{""value"":0.7076737627160603,""score"":0},""_score"":41.36},""readiness"":{""_distance_atr"":-0.395,""BR1_atr_distance"":{""score"":100.0},""BR2_compression"":{""score"":69.06554273637849},""BR3_retest"":{""score"":100},""BR4_bo_age"":{""score"":30.0},""_score"":81.77},""risk"":{""R1_stop_clarity"":{""score"":43.67925128395183},""R2_stop_distance_pct"":{""value"":1.9437559580552939,""score"":98.59389895138236},""R3_stop_distance_atr"":{""value"":0.552637183022245,""score"":52.631859151112245},""R4_rr_potential"":{""value"":-1.1630351012401192,""score"":0.0},""_score"":52.76},""market"":{""M1_spy_regime"":{""score"":100.0},""M3_earnings_risk"":{""value"":null,""score"":80.0},""M4_vix"":{""value"":null,""score"":60.0},""_score"":84.0},""liquidity"":{""L1_price"":{""value"":73.43,""score"":100.0},""L2_dollar_vol"":{""value"":327774370.259898,""score"":100.0},""L3_spread_proxy"":{""value"":0.018793408688546853,""score"":81.20659131145315},""L4_volume_zscore"":{""value"":-1.176704774238506,""score"":100.0},""_score"":98.12},""pattern_structure"":{""level"":72.41,""level_idx"":46,""breakout_idx"":56,""bo_peak_idx"":63,""bo_peak_price"":76.76,""retest_idx"":75,""retest_low"":72.73,""structural_low"":72.73,""current_price"":73.405,""neckline_distance_pct"":-0.013554934949935352,""base_bars"":33,""bars_since_breakout"":23},""pattern_geometry_features"":{""retest_depth_atr"":-0.5079941036398784,""bars_breakout_to_retest"":19.0,""bars_since_retest"":4.0,""current_above_level_atr"":1.5795441660052179,""bo_peak_excess_pct"":0.060074575334898614,""atr_pct"":0.03517237018735045},""_schema_version"":""1.0""}",,,,,,,,,,
20260630T202552Z-536821,2026-06-30T20:25:52.986448+00:00,FLEX,double_bottom,forming,59.11,98.9,69.0,20.4,39.8,29.1,49.8,42.1,84.0,90.0,14.84,17.25,1.63,5.57,3.78,3.99,2.53,5.04,4.5,False,,159.56,165.8899,140.0473,189.5998,"{""trend"":{""T1_ema_stack"":{""value"":[true,true,true],""score"":100.0},""T2_ema50_slope"":{""value"":0.7281104015973,""score"":100},""T3_high_proximity"":{""value"":0.9853031987155737,""score"":92.65159935778684},""T4_rs_1m"":{""value"":0.1195761245650998,""score"":100},""T5_rs_3m"":{""value"":1.29374185305704,""score"":100},""T6_adr_healthy"":{""value"":6.434724797460781,""score"":100.0},""_score"":98.9},""geometry"":{""sub_low_similarity"":69.8,""sub_bounce_quality"":100,""sub_separation_fit"":0.0,""sub_right_bottom_reaction"":53.6,""sub_base_context"":100.0,""_score"":68.98},""compression"":{""VC1_atr_ratio"":{""value"":0.8048147122939634,""score"":48.79632192650915},""VC2_range_contraction"":{""value"":1.1589236383636232,""score"":0},""VC3_range_pct_rank"":{""score"":3.3333333333333326},""_score"":20.35},""sr_quality"":{""SR1_touches"":{""value"":2,""score"":25.0},""SR2_tightness"":{""value"":1.6650000000000063,""score"":70.43234607473843},""SR3_recency"":{""value"":229,""score"":0.0},""SR4_price_location"":{""score"":30.0},""SR5_reaction"":{""value"":1.8956994982631699,""score"":94.78497491315849},""_score"":39.78,""_levels_found"":3,""_target_level"":139.445},""volume"":{""V1_rvol_day"":{""value"":0.6071146164753723,""score"":7.14097443169149},""V2_rvol_sameslot"":{""value"":1.3234563100148422,""score"":54.89708733432281,""status"":""ok""},""V3_breakout_bar"":{""value"":1.5007404652818488,""score"":66.71603101878992},""V4_base_dryup"":{""value"":2.3340306757830485,""score"":0},""V5_bo_expansion"":{""value"":0.6071146164753723,""score"":0},""_score"":29.09},""readiness"":{""_distance_atr"":0.562,""BR1_atr_distance"":{""score"":62.530471955653105},""BR2_compression"":{""score"":29.29512952574026},""BR3_retest"":{""score"":50.0},""BR4_bo_age"":{""score"":50.0},""_score"":49.84},""risk"":{""R1_stop_clarity"":{""score"":62.126765449606545},""R2_stop_distance_pct"":{""value"":12.229067435447478,""score"":0.0},""R3_stop_distance_atr"":{""value"":1.7325668490914385,""score"":100.0},""R4_rr_potential"":{""value"":1.5394999154396891,""score"":26.974995771984457},""_score"":42.14},""market"":{""M1_spy_regime"":{""score"":100.0},""M3_earnings_risk"":{""value"":null,""score"":80.0},""M4_vix"":{""value"":null,""score"":60.0},""_score"":84.0},""liquidity"":{""L1_price"":{""value"":159.56,""score"":100.0},""L2_dollar_vol"":{""value"":956530010.3421446,""score"":100.0},""L3_spread_proxy"":{""value"":0.10275695663073442,""score"":0},""L4_volume_zscore"":{""value"":-0.23098321516837697,""score"":100.0},""_score"":90.0},""pattern_structure"":{""left_low"":142.18,""left_idx"":28,""right_low"":144.34,""right_idx"":74,""separation_bars"":46,""structural_low"":142.18,""current_price"":158.55,""neckline_distance_pct"":0.04629391359192683,""base_bars"":46},""pattern_geometry_features"":{""low_similarity_pct"":0.015077481502163875,""bounce_pct"":0.1667597411731608,""right_bottom_reaction"":0.5357142857142861,""atr_pct"":0.07058352433477776},""_schema_version"":""1.0""}",,,,,,,,,,
20260630T202552Z-536821,2026-06-30T20:25:52.986448+00:00,INTC,double_bottom,forming,58.09,95.1,71.7,38.6,39.4,7.4,46.1,51.7,84.0,90.0,14.26,17.93,3.09,5.52,0.96,3.69,3.1,5.04,4.5,False,,131.72,141.45,116.309,164.8198,"{""trend"":{""T1_ema_stack"":{""value"":[true,true,true],""score"":100.0},""T2_ema50_slope"":{""value"":0.6744834733714152,""score"":100},""T3_high_proximity"":{""value"":0.9345820916702143,""score"":67.29104583510714},""T4_rs_1m"":{""value"":0.10760836719500444,""score"":100},""T5_rs_3m"":{""value"":1.8854188960479399,""score"":100},""T6_adr_healthy"":{""value"":7.185049274531814,""score"":100.0},""_score"":95.09},""geometry"":{""sub_low_similarity"":92.9,""sub_bounce_quality"":100,""sub_separation_fit"":0.0,""sub_right_bottom_reaction"":25.7,""sub_base_context"":100.0,""_score"":71.72},""compression"":{""VC1_atr_ratio"":{""value"":0.6440553797487909,""score"":88.98615506280227},""VC2_range_contraction"":{""value"":0.9771207538907999,""score"":3.813207684866686},""VC3_range_pct_rank"":{""score"":6.666666666666665},""_score"":38.6},""sr_quality"":{""SR1_touches"":{""value"":2,""score"":25.0},""SR2_tightness"":{""value"":2.0350000000000037,""score"":62.88383121197507},""SR3_recency"":{""value"":237,""score"":0.0},""SR4_price_location"":{""score"":30.0},""SR5_reaction"":{""value"":2.39340012246121,""score"":100},""_score"":39.43,""_levels_found"":3,""_target_level"":100.365},""volume"":{""V1_rvol_day"":{""value"":0.8082830698210177,""score"":20.552204654734517},""V2_rvol_sameslot"":{""value"":0.629775745596503,""score"":8.651716373100198,""status"":""ok""},""V3_breakout_bar"":{""value"":0.5934645215861533,""score"":6.230968105743551},""V4_base_dryup"":{""value"":1.5529974711888717,""score"":0},""V5_bo_expansion"":{""value"":0.8082830698210176,""score"":0},""_score"":7.4},""readiness"":{""_distance_atr"":0.887,""BR1_atr_distance"":{""score"":40.84515605119058},""BR2_compression"":{""score"":48.96182819257244},""BR3_retest"":{""score"":50.0},""BR4_bo_age"":{""score"":50.0},""_score"":46.08},""risk"":{""R1_stop_clarity"":{""score"":67.69519926002162},""R2_stop_distance_pct"":{""value"":11.699820072881865,""score"":7.504498177953378},""R3_stop_distance_atr"":{""value"":1.4053989890436296,""score"":95.26994945218148},""R4_rr_potential"":{""value"":2.1478030988638444,""score"":57.390154943192215},""_score"":51.71},""market"":{""M1_spy_regime"":{""score"":100.0},""M3_earnings_risk"":{""value"":null,""score"":80.0},""M4_vix"":{""value"":null,""score"":60.0},""_score"":84.0},""liquidity"":{""L1_price"":{""value"":131.72,""score"":100.0},""L2_dollar_vol"":{""value"":14068394067.657837,""score"":100.0},""L3_spread_proxy"":{""value"":0.1028697236562406,""score"":0},""L4_volume_zscore"":{""value"":-0.7582823784211576,""score"":100.0},""_score"":90.0},""pattern_structure"":{""left_low"":118.0802,""left_idx"":28,""right_low"":118.5,""right_idx"":74,""separation_bars"":46,""structural_low"":118.0802,""current_price"":130.98,""neckline_distance_pct"":0.07993586807146129,""base_bars"":46},""pattern_geometry_features"":{""low_similarity_pct"":0.0035489022327311846,""bounce_pct"":0.19791463767845907,""right_bottom_reaction"":0.2569892473118281,""atr_pct"":0.08324909982213352},""_schema_version"":""1.0""}",,,,,,,,,,
20260630T202552Z-536821,2026-06-30T20:25:52.986448+00:00,VSH,inverse_head_shoulders,forming,57.22,78.8,62.7,38.8,49.0,21.3,43.7,84.4,84.0,90.0,9.45,17.55,3.1,6.86,2.98,3.5,5.06,4.2,4.5,False,,56.28,62.63,52.7073,71.75,"{""trend"":{""T1_ema_stack"":{""value"":[false,true,true],""score"":66.66666666666666},""T2_ema50_slope"":{""value"":1.3430966948318637,""score"":100},""T3_high_proximity"":{""value"":0.8671802773497688,""score"":33.590138674884365},""T4_rs_1m"":{""value"":0.09535816872442171,""score"":100},""T5_rs_3m"":{""value"":2.1380941763948704,""score"":100},""T6_adr_healthy"":{""value"":10.335760562653292,""score"":41.60598593366771},""_score"":78.79},""geometry"":{""sub_head_depth"":66.7,""sub_shoulder_price_sym"":31.0,""sub_shoulder_time_sym"":45.5,""sub_right_shoulder_reaction"":91.1,""sub_base_context"":100.0,""_score"":62.69},""compression"":{""VC1_atr_ratio"":{""value"":0.672294641843693,""score"":81.92633953907674},""VC2_range_contraction"":{""value"":0.9215044580634236,""score"":13.08259032276273},""VC3_range_pct_rank"":{""score"":5.833333333333335},""_score"":38.81},""sr_quality"":{""SR1_touches"":{""value"":2,""score"":25.0},""SR2_tightness"":{""value"":1.4099999999999966,""score"":58.206079596881445},""SR3_recency"":{""value"":228,""score"":0.0},""SR4_price_location"":{""score"":71.05295490846541},""SR5_reaction"":{""value"":2.1452730419685913,""score"":100},""_score"":48.99,""_levels_found"":3,""_target_level"":68.06},""volume"":{""V1_rvol_day"":{""value"":0.7747434580350891,""score"":18.31623053567261},""V2_rvol_sameslot"":{""value"":0.8866184478305614,""score"":25.774563188704096,""status"":""ok""},""V3_breakout_bar"":{""value"":1.0167413548149045,""score"":34.449423654326964},""V4_base_dryup"":{""value"":1.3064476070733382,""score"":19.355239292666184},""V5_bo_expansion"":{""value"":0.774743458035089,""score"":0},""_score"":21.3},""readiness"":{""_distance_atr"":0.941,""BR1_atr_distance"":{""score"":37.2597175981552},""BR2_compression"":{""score"":45.30772600963094},""BR3_retest"":{""score"":50.0},""BR4_bo_age"":{""score"":50.0},""_score"":43.73},""risk"":{""R1_stop_clarity"":{""score"":76.20858850243746},""R2_stop_distance_pct"":{""value"":6.3479921819474106,""score"":100.0},""R3_stop_distance_atr"":{""value"":0.5294859919439787,""score"":51.474299597198936},""R4_rr_potential"":{""value"":4.330119099268046,""score"":100.0},""_score"":84.39},""market"":{""M1_spy_regime"":{""score"":100.0},""M3_earnings_risk"":{""value"":null,""score"":80.0},""M4_vix"":{""value"":null,""score"":60.0},""_score"":84.0},""liquidity"":{""L1_price"":{""value"":56.28,""score"":100.0},""L2_dollar_vol"":{""value"":394509966.5914202,""score"":100.0},""L3_spread_proxy"":{""value"":0.11922530206112297,""score"":0},""L4_volume_zscore"":{""value"":-0.6625580361286251,""score"":100.0},""_score"":90.0},""pattern_structure"":{""left_shoulder"":57.68,""left_shoulder_idx"":70,""head"":53.51,""head_idx"":81,""right_shoulder"":54.58,""right_shoulder_idx"":89,""left_to_head_bars"":11,""head_to_right_bars"":8,""structural_low"":53.51,""current_price"":55.36,""neckline_distance_pct"":0.13132225433526018,""base_bars"":19},""pattern_geometry_features"":{""head_depth_pct"":0.04667735613753782,""shoulder_price_asymmetry"":0.05522893283449139,""shoulder_time_asymmetry"":0.2727272727272727,""right_shoulder_reaction"":0.9109699150271795,""atr_pct"":0.11988970961518938},""_schema_version"":""1.0""}",,,,,,,,,,
20260630T202552Z-536821,2026-06-30T20:25:52.986448+00:00,BELFB,vcp,setup,57.06,100.0,36.1,50.4,42.1,47.0,63.0,33.3,84.0,94.2,15.0,9.04,6.05,5.05,6.11,4.41,1.66,5.04,4.71,False,,315.65,311.67,277.9128,307.945,"{""trend"":{""T1_ema_stack"":{""value"":[true,true,true],""score"":100.0},""T2_ema50_slope"":{""value"":0.33840602444341483,""score"":100},""T3_high_proximity"":{""value"":1.0,""score"":99.99999999999997},""T4_rs_1m"":{""value"":0.15771805638683933,""score"":100},""T5_rs_3m"":{""value"":0.3822731946313396,""score"":100},""T6_adr_healthy"":{""value"":5.519311433789866,""score"":100.0},""_score"":100.0},""geometry"":{""sub_contraction_count"":100.0,""sub_reduction_rate"":0,""sub_pivot_tightness"":7.6,""sub_volume_dryup"":0,""sub_base_depth"":0.0,""sub_base_duration"":100.0,""_score"":36.14},""compression"":{""VC1_atr_ratio"":{""value"":0.4904293666851208,""score"":100},""VC2_range_contraction"":{""value"":0.9498960916903758,""score"":8.350651384937366},""VC3_range_pct_rank"":{""score"":30.000000000000004},""_score"":50.42},""sr_quality"":{""SR1_touches"":{""value"":2,""score"":25.0},""SR2_tightness"":{""value"":1.700000000000017,""score"":80.43425271793284},""SR3_recency"":{""value"":228,""score"":0.0},""SR4_price_location"":{""score"":30.0},""SR5_reaction"":{""value"":2.4536310286445002,""score"":100},""_score"":42.07,""_levels_found"":7,""_target_level"":309.97},""volume"":{""V1_rvol_day"":{""value"":1.3953701983772724,""score"":59.691346558484824},""V2_rvol_sameslot"":{""value"":2.105122579932465,""score"":100,""status"":""ok""},""V3_breakout_bar"":{""value"":1.1651748640165056,""score"":44.34499093443371},""V4_base_dryup"":{""value"":1.6733453687060038,""score"":0},""V5_bo_expansion"":{""value"":1.3953701983772722,""score"":26.358013225151478},""_score"":46.98},""readiness"":{""_distance_atr"":-0.229,""BR1_atr_distance"":{""score"":100.0},""BR2_compression"":{""score"":21.952186844708287},""BR3_retest"":{""score"":50.0},""BR4_bo_age"":{""score"":50.0},""_score"":62.99},""risk"":{""R1_stop_clarity"":{""score"":51.290784409716814},""R2_stop_distance_pct"":{""value"":11.955385712022805,""score"":1.1153571994298783},""R3_stop_distance_atr"":{""value"":2.1716353799680435,""score"":100.0},""R4_rr_potential"":{""value"":-0.20417532578948824,""score"":0.0},""_score"":33.29},""market"":{""M1_spy_regime"":{""score"":100.0},""M3_earnings_risk"":{""value"":null,""score"":80.0},""M4_vix"":{""value"":null,""score"":60.0},""_score"":84.0},""liquidity"":{""L1_price"":{""value"":315.65,""score"":100.0},""L2_dollar_vol"":{""value"":135056384.95342004,""score"":100.0},""L3_spread_proxy"":{""value"":0.058149849516870016,""score"":41.85015048312999},""L4_volume_zscore"":{""value"":0.7495043374452437,""score"":100.0},""_score"":94.19},""pattern_structure"":{""n_contractions"":5,""contractions_pct"":[13.39,19.87,8.46,8.49,9.47],""descending_strict"":false,""final_low"":282.145,""final_pivot"":311.67,""structural_low"":282.145,""dry_up_ratio"":1.090601996703407,""current_price"":315.65,""neckline_distance_pct"":-0.012608902265166994,""base_bars"":40},""pattern_geometry_features"":{""contraction_count"":5.0,""first_contraction_pct"":0.13389806766755272,""last_contraction_pct"":0.09473160714858675,""dry_up_ratio"":1.090601996703407,""near_monotone"":0.0,""base_depth_pct"":-0.013379067595718575},""_schema_version"":""1.0""}",,,,,,,,,,
20260630T202552Z-536821,2026-06-30T20:25:52.986448+00:00,IONQ,double_bottom,setup,55.96,55.5,76.3,55.6,34.3,8.1,73.5,45.6,84.0,91.6,8.32,19.08,4.45,4.81,1.06,5.88,2.74,5.04,4.58,False,,53.88,53.29,48.0089,57.84,"{""trend"":{""T1_ema_stack"":{""value"":[false,true,true],""score"":66.66666666666666},""T2_ema50_slope"":{""value"":0.4134287269175051,""score"":100},""T3_high_proximity"":{""value"":0.7476064936866936,""score"":0},""T4_rs_1m"":{""value"":-0.21379927661242581,""score"":0},""T5_rs_3m"":{""value"":0.7899566974907137,""score"":100},""T6_adr_healthy"":{""value"":8.9436824955033,""score"":76.40793761241751},""_score"":55.49},""geometry"":{""sub_low_similarity"":63.0,""sub_bounce_quality"":90.5,""sub_separation_fit"":73.3,""sub_right_bottom_reaction"":55.6,""sub_base_context"":100.0,""_score"":76.33},""compression"":{""VC1_atr_ratio"":{""value"":0.5157963615071753,""score"":100},""VC2_range_contraction"":{""value"":0.871474906781349,""score"":21.42084886977517},""VC3_range_pct_rank"":{""score"":32.49999999999999},""_score"":55.62},""sr_quality"":{""SR1_touches"":{""value"":2,""score"":25.0},""SR2_tightness"":{""value"":0.7850000000000001,""score"":69.85965128795826},""SR3_recency"":{""value"":227,""score"":0.0},""SR4_price_location"":{""score"":5.385760884980822},""SR5_reaction"":{""value"":2.31710169967981,""score"":100},""_score"":34.33,""_levels_found"":6,""_target_level"":62.775},""volume"":{""V1_rvol_day"":{""value"":0.7938360909055299,""score"":19.589072727035326},""V2_rvol_sameslot"":{""value"":0.5931454261732826,""score"":6.2096950782188385,""status"":""ok""},""V3_breakout_bar"":{""value"":0.5631154675537391,""score"":4.207697836915939},""V4_base_dryup"":{""value"":1.4047233819254474,""score"":9.52766180745526},""V5_bo_expansion"":{""value"":0.7938360909055299,""score"":0},""_score"":8.12},""readiness"":{""_distance_atr"":-0.113,""BR1_atr_distance"":{""score"":100.0},""BR2_compression"":{""score"":64.02394407619197},""BR3_retest"":{""score"":50.0},""BR4_bo_age"":{""score"":50.0},""_score"":73.51},""risk"":{""R1_stop_clarity"":{""score"":71.92916058168962},""R2_stop_distance_pct"":{""value"":10.896622123236819,""score"":27.584446919079532},""R3_stop_distance_atr"":{""value"":1.1271146581099885,""score"":81.35573290549942},""R4_rr_potential"":{""value"":0.6744902999437916,""score"":0.0},""_score"":45.65},""market"":{""M1_spy_regime"":{""score"":100.0},""M3_earnings_risk"":{""value"":null,""score"":80.0},""M4_vix"":{""value"":null,""score"":60.0},""_score"":84.0},""liquidity"":{""L1_price"":{""value"":53.88,""score"":100.0},""L2_dollar_vol"":{""value"":1232515356.7262604,""score"":100.0},""L3_spread_proxy"":{""value"":0.08444691907943586,""score"":15.553080920564142},""L4_volume_zscore"":{""value"":-0.5676834826116208,""score"":100.0},""_score"":91.56},""pattern_structure"":{""left_low"":48.74,""left_idx"":68,""right_low"":49.65,""right_idx"":74,""separation_bars"":6,""structural_low"":48.74,""current_price"":53.525,""neckline_distance_pct"":-0.004390471742176542,""base_bars"":6},""pattern_geometry_features"":{""low_similarity_pct"":0.018497814818579053,""bounce_pct"":0.09335248256052517,""right_bottom_reaction"":0.5563186813186809,""atr_pct"":0.09667713967546931},""_schema_version"":""1.0""}",,,,,,,,,,
20260630T202552Z-536821,2026-06-30T20:25:52.986448+00:00,AMAT,double_bottom,setup,55.75,100.0,74.0,0.4,41.3,22.7,36.9,36.7,84.0,65.7,15.0,18.5,0.03,5.79,2.96,2.95,2.2,5.04,3.28,False,,694.64,666.9999,603.3125,721.4998,"{""trend"":{""T1_ema_stack"":{""value"":[true,true,true],""score"":100.0},""T2_ema50_slope"":{""value"":0.6783478799239628,""score"":100},""T3_high_proximity"":{""value"":1.0,""score"":99.99999999999997},""T4_rs_1m"":{""value"":0.5627657218375698,""score"":100},""T5_rs_3m"":{""value"":0.8916031912763573,""score"":100},""T6_adr_healthy"":{""value"":6.067026766944321,""score"":100.0},""_score"":100.0},""geometry"":{""sub_low_similarity"":37.0,""sub_bounce_quality"":84.3,""sub_separation_fit"":86.7,""sub_right_bottom_reaction"":86.8,""sub_base_context"":100.0,""_score"":73.98},""compression"":{""VC1_atr_ratio"":{""value"":1.320963579186476,""score"":0},""VC2_range_contraction"":{""value"":1.0413368914122014,""score"":0},""VC3_range_pct_rank"":{""score"":1.6666666666666718},""_score"":0.42},""sr_quality"":{""SR1_touches"":{""value"":3,""score"":50.0},""SR2_tightness"":{""value"":13.248654753596663,""score"":45.13729815009526},""SR3_recency"":{""value"":237,""score"":0.0},""SR4_price_location"":{""score"":30.0},""SR5_reaction"":{""value"":1.6081228114621158,""score"":80.40614057310579},""_score"":41.33,""_levels_found"":4,""_target_level"":437.2083},""volume"":{""V1_rvol_day"":{""value"":1.1769565240460391,""score"":45.13043493640261},""V2_rvol_sameslot"":{""value"":1.2019495316659445,""score"":46.7966354443963,""status"":""ok""},""V3_breakout_bar"":{""value"":0.6553208501409841,""score"":10.354723342732271},""V4_base_dryup"":{""value"":1.734464595239141,""score"":0},""V5_bo_expansion"":{""value"":1.1769565240460393,""score"":11.797101603069288},""_score"":22.74},""readiness"":{""_distance_atr"":-0.572,""BR1_atr_distance"":{""score"":48.55422989273772},""BR2_compression"":{""score"":0},""BR3_retest"":{""score"":50.0},""BR4_bo_age"":{""score"":50.0},""_score"":36.92},""risk"":{""R1_stop_clarity"":{""score"":61.954546886417795},""R2_stop_distance_pct"":{""value"":13.147457675918458,""score"":0.0},""R3_stop_distance_atr"":{""value"":1.8909366635268998,""score"":100.0},""R4_rr_potential"":{""value"":0.2941041854863001,""score"":0.0},""_score"":36.68},""market"":{""M1_spy_regime"":{""score"":100.0},""M3_earnings_risk"":{""value"":null,""score"":80.0},""M4_vix"":{""value"":null,""score"":60.0},""_score"":84.0},""liquidity"":{""L1_price"":{""value"":694.64,""score"":2.6800000000000046},""L2_dollar_vol"":{""value"":9839784324.630447,""score"":100.0},""L3_spread_proxy"":{""value"":0.1106760336289301,""score"":0},""L4_volume_zscore"":{""value"":0.4621746124312383,""score"":100.0},""_score"":65.67},""pattern_structure"":{""left_low"":612.5,""left_idx"":42,""right_low"":632.11,""right_idx"":74,""separation_bars"":32,""structural_low"":612.5,""current_price"":697.535,""neckline_distance_pct"":-0.04377572451561562,""base_bars"":32},""pattern_geometry_features"":{""low_similarity_pct"":0.031511879223210505,""bounce_pct"":0.08897942857142861,""right_bottom_reaction"":0.8683028612865027,""atr_pct"":0.06952881040127672},""_schema_version"":""1.0""}",,,,,,,,,,
20260630T202552Z-536821,2026-06-30T20:25:52.986448+00:00,CRM,breakout_retest_hold,setup,55.08,5.0,71.5,68.3,53.7,10.5,90.0,47.1,84.0,97.4,0.7,15.74,4.1,7.51,1.36,16.2,2.36,4.2,2.92,False,,157.93,157.06,156.1527,155.72,"{""trend"":{""T1_ema_stack"":{""value"":[false,false,false],""score"":0.0},""T2_ema50_slope"":{""value"":-0.3769694865411434,""score"":0},""T3_high_proximity"":{""value"":0.7534828244274809,""score"":0},""T4_rs_1m"":{""value"":-0.08551356339496963,""score"":0},""T5_rs_3m"":{""value"":-0.28783867063769963,""score"":0},""T6_adr_healthy"":{""value"":4.022153476956383,""score"":100.0},""_score"":5.0},""geometry"":{""sub_retest_depth"":5.1,""sub_retest_timing"":100.0,""sub_retest_freshness"":100.0,""sub_hold_quality"":100.0,""_score"":71.53},""compression"":{""VC1_atr_ratio"":{""value"":0.41648102426284955,""score"":100},""VC2_range_contraction"":{""value"":0.8618662025258464,""score"":23.022299579025592},""VC3_range_pct_rank"":{""score"":80.83333333333333},""_score"":68.27},""sr_quality"":{""SR1_touches"":{""value"":2,""score"":25.0},""SR2_tightness"":{""value"":0.40374999999998806,""score"":87.48558157452564},""SR3_recency"":{""value"":252,""score"":0.0},""SR4_price_location"":{""score"":72.13314101386173},""SR5_reaction"":{""value"":3.686329229386354,""score"":100},""_score"":53.66,""_levels_found"":5,""_target_level"":163.9237},""volume"":{""V1_rvol_day"":{""value"":0.6962566740024667,""score"":13.083778266831114},""V2_rvol_sameslot"":{""value"":0.6845965605468632,""score"":12.306437369790883,""status"":""ok""},""V3_breakout_bar"":{""value"":0.8236713644734435,""score"":21.578090964896234},""V4_base_dryup"":{""value"":1.554904859556517,""score"":0},""V5_bo_expansion"":{""value"":0.6962566740024667,""score"":0},""_score"":10.47},""readiness"":{""_distance_atr"":-0.135,""BR1_atr_distance"":{""score"":100.0},""BR2_compression"":{""score"":71.95662378479241},""BR3_retest"":{""score"":100},""BR4_bo_age"":{""score"":80},""_score"":89.99},""risk"":{""R1_stop_clarity"":{""score"":51.11085527553837},""R2_stop_distance_pct"":{""value"":1.1253720002532928,""score"":78.13430000633232},""R3_stop_distance_atr"":{""value"":0.27544118721481786,""score"":38.7720593607409},""R4_rr_potential"":{""value"":-1.243459179654503,""score"":0.0},""_score"":47.14},""market"":{""M1_spy_regime"":{""score"":100.0},""M3_earnings_risk"":{""value"":null,""score"":80.0},""M4_vix"":{""value"":null,""score"":60.0},""_score"":84.0},""liquidity"":{""L1_price"":{""value"":157.93,""score"":100.0},""L2_dollar_vol"":{""value"":2000037214.5631502,""score"":100.0},""L3_spread_proxy"":{""value"":0.025707591971126462,""score"":74.29240802887354},""L4_volume_zscore"":{""value"":-0.5368997044735819,""score"":100.0},""_score"":97.43},""pattern_structure"":{""level"":157.06,""level_idx"":56,""breakout_idx"":74,""bo_peak_idx"":75,""bo_peak_price"":161.76,""retest_idx"":78,""retest_low"":157.73,""structural_low"":157.73,""current_price"":158.44,""neckline_distance_pct"":-0.008709921736935088,""base_bars"":23,""bars_since_breakout"":5},""pattern_geometry_features"":{""retest_depth_atr"":-0.3642718446601878,""bars_breakout_to_retest"":4.0,""bars_since_retest"":1.0,""current_above_level_atr"":0.7502912621359207,""bo_peak_excess_pct"":0.029924869476633063,""atr_pct"":0.04085707049235196},""_schema_version"":""1.0""}",,,,,,,,,,
20260630T202552Z-536821,2026-06-30T20:25:52.986448+00:00,RTX,double_bottom,forming,55.0,69.5,56.1,52.4,63.0,23.1,42.0,59.0,84.0,98.5,10.42,14.02,4.19,8.82,3.0,3.36,3.54,5.04,4.93,True,risk_unclear,187.33,194.17,179.5172,206.089,"{""trend"":{""T1_ema_stack"":{""value"":[true,true,true],""score"":100.0},""T2_ema50_slope"":{""value"":0.013344900242826774,""score"":52.22415004047113},""T3_high_proximity"":{""value"":0.9206310202476903,""score"":60.315510123845115},""T4_rs_1m"":{""value"":0.06479302151690469,""score"":100},""T5_rs_3m"":{""value"":-0.18114929008476677,""score"":0},""T6_adr_healthy"":{""value"":2.5449200831215637,""score"":100.0},""_score"":69.49},""geometry"":{""sub_low_similarity"":45.0,""sub_bounce_quality"":50.6,""sub_separation_fit"":0.0,""sub_right_bottom_reaction"":83.1,""sub_base_context"":100.0,""_score"":56.09},""compression"":{""VC1_atr_ratio"":{""value"":0.7033942134649277,""score"":74.15144663376807},""VC2_range_contraction"":{""value"":1.1470946453251967,""score"":0},""VC3_range_pct_rank"":{""score"":90.83333333333333},""_score"":52.37},""sr_quality"":{""SR1_touches"":{""value"":5,""score"":100},""SR2_tightness"":{""value"":0.6450736392071814,""score"":74.06325789493937},""SR3_recency"":{""value"":228,""score"":0.0},""SR4_price_location"":{""score"":27.537922987164613},""SR5_reaction"":{""value"":2.895737870644134,""score"":100},""_score"":62.99,""_levels_found"":6,""_target_level"":193.54},""volume"":{""V1_rvol_day"":{""value"":0.6493973712241836,""score"":9.959824748278907},""V2_rvol_sameslot"":{""value"":0.7280447595872573,""score"":15.202983972483821,""status"":""ok""},""V3_breakout_bar"":{""value"":1.0422301360363266,""score"":36.148675735755106},""V4_base_dryup"":{""value"":1.049356064571299,""score"":45.06439354287011},""V5_bo_expansion"":{""value"":0.6493973712241837,""score"":0},""_score"":23.08},""readiness"":{""_distance_atr"":1.375,""BR1_atr_distance"":{""score"":8.327098791049636},""BR2_compression"":{""score"":84.69003727439866},""BR3_retest"":{""score"":50.0},""BR4_bo_age"":{""score"":50.0},""_score"":42.0},""risk"":{""R1_stop_clarity"":{""score"":0},""R2_stop_distance_pct"":{""value"":4.170589334329799,""score"":100.0},""R3_stop_distance_atr"":{""value"":1.5706553377494492,""score"":100.0},""R4_rr_potential"":{""value"":2.4010705556867418,""score"":70.05352778433709},""_score"":59.01},""market"":{""M1_spy_regime"":{""score"":100.0},""M3_earnings_risk"":{""value"":null,""score"":80.0},""M4_vix"":{""value"":null,""score"":60.0},""_score"":84.0},""liquidity"":{""L1_price"":{""value"":187.33,""score"":100.0},""L2_dollar_vol"":{""value"":673329514.8734053,""score"":100.0},""L3_spread_proxy"":{""value"":0.014519831313724436,""score"":85.48016868627556},""L4_volume_zscore"":{""value"":-1.2692524516272816,""score"":100.0},""_score"":98.55},""pattern_structure"":{""left_low"":182.251,""left_idx"":26,""right_low"":187.3337,""right_idx"":74,""separation_bars"":48,""structural_low"":182.251,""current_price"":187.985,""neckline_distance_pct"":0.03290156129478402,""base_bars"":48},""pattern_geometry_features"":{""low_similarity_pct"":0.027504926475581854,""bounce_pct"":0.06539881811348076,""right_bottom_reaction"":0.8311275183599708,""atr_pct"":0.02655317964478271},""_schema_version"":""1.0""}",,,,,,,,,,
20260630T202552Z-536821,2026-06-30T20:25:52.986448+00:00,RTX,vcp,forming,55.0,69.5,52.7,52.4,63.0,24.9,42.0,65.0,84.0,98.5,10.42,13.18,6.28,7.56,3.24,2.94,3.25,5.04,4.93,True,risk_unclear,187.33,194.17,178.2554,226.2,"{""trend"":{""T1_ema_stack"":{""value"":[true,true,true],""score"":100.0},""T2_ema50_slope"":{""value"":0.013344900242826774,""score"":52.22415004047113},""T3_high_proximity"":{""value"":0.9206310202476903,""score"":60.315510123845115},""T4_rs_1m"":{""value"":0.06479302151690469,""score"":100},""T5_rs_3m"":{""value"":-0.18114929008476677,""score"":0},""T6_adr_healthy"":{""value"":2.5449200831215637,""score"":100.0},""_score"":69.49},""geometry"":{""sub_contraction_count"":100.0,""sub_reduction_rate"":3.5,""sub_pivot_tightness"":45.7,""sub_volume_dryup"":0,""sub_base_depth"":100.0,""sub_base_duration"":100.0,""_score"":52.73},""compression"":{""VC1_atr_ratio"":{""value"":0.7033942134649277,""score"":74.15144663376807},""VC2_range_contraction"":{""value"":1.1470946453251967,""score"":0},""VC3_range_pct_rank"":{""score"":90.83333333333333},""_score"":52.37},""sr_quality"":{""SR1_touches"":{""value"":5,""score"":100},""SR2_tightness"":{""value"":0.6450736392071814,""score"":74.06325789493937},""SR3_recency"":{""value"":228,""score"":0.0},""SR4_price_location"":{""score"":27.537922987164613},""SR5_reaction"":{""value"":2.895737870644134,""score"":100},""_score"":62.99,""_levels_found"":6,""_target_level"":193.54},""volume"":{""V1_rvol_day"":{""value"":0.6493973712241836,""score"":9.959824748278907},""V2_rvol_sameslot"":{""value"":0.7280447595872573,""score"":15.202983972483821,""status"":""ok""},""V3_breakout_bar"":{""value"":1.0422301360363266,""score"":36.148675735755106},""V4_base_dryup"":{""value"":0.956285293367075,""score"":54.3714706632925},""V5_bo_expansion"":{""value"":0.6493973712241837,""score"":0},""_score"":24.94},""readiness"":{""_distance_atr"":1.375,""BR1_atr_distance"":{""score"":8.327098791049636},""BR2_compression"":{""score"":84.69003727439866},""BR3_retest"":{""score"":50.0},""BR4_bo_age"":{""score"":50.0},""_score"":42.0},""risk"":{""R1_stop_clarity"":{""score"":0},""R2_stop_distance_pct"":{""value"":4.84415203117494,""score"":100.0},""R3_stop_distance_atr"":{""value"":1.8243208896177303,""score"":100.0},""R4_rr_potential"":{""value"":4.283407992682823,""score"":100.0},""_score"":65.0},""market"":{""M1_spy_regime"":{""score"":100.0},""M3_earnings_risk"":{""value"":null,""score"":80.0},""M4_vix"":{""value"":null,""score"":60.0},""_score"":84.0},""liquidity"":{""L1_price"":{""value"":187.33,""score"":100.0},""L2_dollar_vol"":{""value"":673329514.8734053,""score"":100.0},""L3_spread_proxy"":{""value"":0.014519831313724436,""score"":85.48016868627556},""L4_volume_zscore"":{""value"":-1.2692524516272816,""score"":100.0},""_score"":98.55},""pattern_structure"":{""n_contractions"":5,""contractions_pct"":[12.88,16.42,5.09,4.96,6.8],""descending_strict"":false,""final_low"":180.97,""final_pivot"":194.17,""structural_low"":180.97,""dry_up_ratio"":1.0280783681602772,""current_price"":187.33,""neckline_distance_pct"":0.03651310521539516,""base_bars"":72},""pattern_geometry_features"":{""contraction_count"":5.0,""first_contraction_pct"":0.12877934272300473,""last_contraction_pct"":0.06798166555080594,""dry_up_ratio"":1.0280783681602772,""near_monotone"":0.0,""base_depth_pct"":0.1503755868544601},""_schema_version"":""1.0""}",,,,,,,,,,
20260630T202552Z-536821,2026-06-30T20:25:52.986448+00:00,CW,double_bottom,forming,55.0,61.4,56.5,45.7,69.4,41.0,18.7,65.1,84.0,71.0,9.21,14.11,3.66,9.71,5.32,1.5,3.91,5.04,3.55,True,risk_unclear,737.39,800.0,719.4391,869.605,"{""trend"":{""T1_ema_stack"":{""value"":[false,true,true],""score"":66.66666666666666},""T2_ema50_slope"":{""value"":0.15430500276334816,""score"":75.71750046055803},""T3_high_proximity"":{""value"":0.9407644612283431,""score"":70.38223061417153},""T4_rs_1m"":{""value"":0.004194272542800581,""score"":54.19427254280058},""T5_rs_3m"":{""value"":-0.05734033810190908,""score"":21.32983094904546},""T6_adr_healthy"":{""value"":3.4301756168883286,""score"":100.0},""_score"":61.41},""geometry"":{""sub_low_similarity"":22.0,""sub_bounce_quality"":93.3,""sub_separation_fit"":0.0,""sub_right_bottom_reaction"":74.6,""sub_base_context"":100.0,""_score"":56.45},""compression"":{""VC1_atr_ratio"":{""value"":0.4032087609786081,""score"":100},""VC2_range_contraction"":{""value"":0.9988505808855973,""score"":0.19156985240044908},""VC3_range_pct_rank"":{""score"":22.499999999999996},""_score"":45.69},""sr_quality"":{""SR1_touches"":{""value"":5,""score"":100},""SR2_tightness"":{""value"":4.924814917781185,""score"":63.20209382407776},""SR3_recency"":{""value"":238,""score"":0.0},""SR4_price_location"":{""score"":62.93494957682731},""SR5_reaction"":{""value"":1.88673653817159,""score"":94.3368269085795},""_score"":69.36,""_levels_found"":5,""_target_level"":753.7619},""volume"":{""V1_rvol_day"":{""value"":1.0198301639471854,""score"":34.65534426314569},""V2_rvol_sameslot"":{""value"":1.2275123213849324,""score"":48.50082142566216,""status"":""ok""},""V3_breakout_bar"":{""value"":1.1425528677852674,""score"":42.83685785235116},""V4_base_dryup"":{""value"":0.8288676250887038,""score"":67.11323749112961},""V5_bo_expansion"":{""value"":1.0198301639471854,""score"":1.3220109298123597},""_score"":40.96},""readiness"":{""_distance_atr"":2.339,""BR1_atr_distance"":{""score"":0},""BR2_compression"":{""score"":4.888048540338696},""BR3_retest"":{""score"":50.0},""BR4_bo_age"":{""score"":50.0},""_score"":18.72},""risk"":{""R1_stop_clarity"":{""score"":18.138020016785376},""R2_stop_distance_pct"":{""value"":2.4343868237974458,""score"":100.0},""R3_stop_distance_atr"":{""value"":0.6706408920425196,""score"":58.53204460212598},""R4_rr_potential"":{""value"":7.365358609653828,""score"":100.0},""_score"":65.13},""market"":{""M1_spy_regime"":{""score"":100.0},""M3_earnings_risk"":{""value"":null,""score"":80.0},""M4_vix"":{""value"":null,""score"":60.0},""_score"":84.0},""liquidity"":{""L1_price"":{""value"":737.39,""score"":0.0},""L2_dollar_vol"":{""value"":241724630.38117495,""score"":100.0},""L3_spread_proxy"":{""value"":0.040148225498040445,""score"":59.851774501959554},""L4_volume_zscore"":{""value"":0.030297288251369993,""score"":100.0},""_score"":70.99},""pattern_structure"":{""left_low"":759.44,""left_idx"":26,""right_low"":730.395,""right_idx"":76,""separation_bars"":50,""structural_low"":730.395,""current_price"":739.88,""neckline_distance_pct"":0.08125641995999353,""base_bars"":50},""pattern_geometry_features"":{""low_similarity_pct"":0.03899089496487876,""bounce_pct"":0.09529774984768519,""right_bottom_reaction"":0.7459343356857882,""atr_pct"":0.03629940930656972},""_schema_version"":""1.0""}",,,,,,,,,,
20260630T202552Z-536821,2026-06-30T20:25:52.986448+00:00,CARR,vcp,breakout_confirmed,55.0,97.5,43.3,74.5,53.5,42.2,39.0,16.7,84.0,98.1,14.62,10.82,8.94,6.42,5.48,2.73,0.84,5.04,4.91,True,risk_unclear,73.43,67.065,60.2032,70.58,"{""trend"":{""T1_ema_stack"":{""value"":[true,true,true],""score"":100.0},""T2_ema50_slope"":{""value"":0.30824677526632904,""score"":100},""T3_high_proximity"":{""value"":0.9661842105263159,""score"":83.09210526315792},""T4_rs_1m"":{""value"":0.1687828624877069,""score"":100},""T5_rs_3m"":{""value"":0.1849445611414684,""score"":100},""T6_adr_healthy"":{""value"":3.1512649355289453,""score"":100.0},""_score"":97.46},""geometry"":{""sub_contraction_count"":100.0,""sub_reduction_rate"":0,""sub_pivot_tightness"":16.3,""sub_volume_dryup"":36.0,""sub_base_depth"":4.4,""sub_base_duration"":100.0,""_score"":43.28},""compression"":{""VC1_atr_ratio"":{""value"":0.5988631581048645,""score"":100},""VC2_range_contraction"":{""value"":0.7616935380245403,""score"":39.717743662576616},""VC3_range_pct_rank"":{""score"":82.5},""_score"":74.53},""sr_quality"":{""SR1_touches"":{""value"":4,""score"":75.0},""SR2_tightness"":{""value"":0.5604183705054636,""score"":56.60225186154899},""SR3_recency"":{""value"":240,""score"":0.0},""SR4_price_location"":{""score"":30.0},""SR5_reaction"":{""value"":2.0153272175651793,""score"":100},""_score"":53.49,""_levels_found"":6,""_target_level"":68.9625},""volume"":{""V1_rvol_day"":{""value"":0.7076737627160603,""score"":13.84491751440402},""V2_rvol_sameslot"":{""value"":1.114241950009624,""score"":40.949463333974926,""status"":""ok""},""V3_breakout_bar"":{""value"":1.6325502131184813,""score"":75.50334754123207},""V4_base_dryup"":{""value"":0.8824950614278174,""score"":61.75049385721826},""V5_bo_expansion"":{""value"":0.7076737627160603,""score"":0},""_score"":42.18},""readiness"":{""_distance_atr"":-2.464,""BR1_atr_distance"":{""score"":10.710633084332827},""BR2_compression"":{""score"":69.06554273637849},""BR3_retest"":{""score"":50.0},""BR4_bo_age"":{""score"":50.0},""_score"":39.05},""risk"":{""R1_stop_clarity"":{""score"":29.004726491306045},""R2_stop_distance_pct"":{""value"":18.012801307367575,""score"":0.0},""R3_stop_distance_atr"":{""value"":5.121292995444982,""score"":43.9353502277509},""R4_rr_potential"":{""value"":-0.21547161822965433,""score"":0.0},""_score"":16.74},""market"":{""M1_spy_regime"":{""score"":100.0},""M3_earnings_risk"":{""value"":null,""score"":80.0},""M4_vix"":{""value"":null,""score"":60.0},""_score"":84.0},""liquidity"":{""L1_price"":{""value"":73.43,""score"":100.0},""L2_dollar_vol"":{""value"":327774370.259898,""score"":100.0},""L3_spread_proxy"":{""value"":0.018793408688546853,""score"":81.20659131145315},""L4_volume_zscore"":{""value"":-1.176704774238506,""score"":100.0},""_score"":98.12},""pattern_structure"":{""n_contractions"":5,""contractions_pct"":[14.55,10.68,5.43,11.22,8.86],""descending_strict"":false,""final_low"":61.12,""final_pivot"":67.065,""structural_low"":61.12,""dry_up_ratio"":0.8201326954816893,""current_price"":73.43,""neckline_distance_pct"":-0.08668119297289947,""base_bars"":58},""pattern_geometry_features"":{""contraction_count"":5.0,""first_contraction_pct"":0.14550939893246703,""last_contraction_pct"":0.08864534406918662,""dry_up_ratio"":0.8201326954816893,""near_monotone"":0.0,""base_depth_pct"":0.05438230061112412},""_schema_version"":""1.0""}",,,,,,,,,,
20260630T202552Z-536821,2026-06-30T20:25:52.986448+00:00,CSCO,double_bottom,forming,55.0,76.6,64.3,62.8,33.9,18.6,40.4,64.8,84.0,97.1,11.49,16.09,5.02,4.75,2.42,3.23,3.89,5.04,4.85,True,risk_unclear,117.7,122.89,113.0041,131.055,"{""trend"":{""T1_ema_stack"":{""value"":[false,true,true],""score"":66.66666666666666},""T2_ema50_slope"":{""value"":0.5187482455572551,""score"":100},""T3_high_proximity"":{""value"":0.9053846153846155,""score"":52.69230769230771},""T4_rs_1m"":{""value"":0.01009966474001045,""score"":60.099664740010454},""T5_rs_3m"":{""value"":0.30411889676741666,""score"":100},""T6_adr_healthy"":{""value"":3.3872972498109055,""score"":100.0},""_score"":76.59},""geometry"":{""sub_low_similarity"":56.8,""sub_bounce_quality"":58.8,""sub_separation_fit"":46.7,""sub_right_bottom_reaction"":57.0,""sub_base_context"":100.0,""_score"":64.35},""compression"":{""VC1_atr_ratio"":{""value"":0.5517712239257905,""score"":100},""VC2_range_contraction"":{""value"":0.7670541097676535,""score"":38.82431503872441},""VC3_range_pct_rank"":{""score"":36.66666666666667},""_score"":62.76},""sr_quality"":{""SR1_touches"":{""value"":2,""score"":25.0},""SR2_tightness"":{""value"":0.7000000000000028,""score"":63.28866162822264},""SR3_recency"":{""value"":246,""score"":0.0},""SR4_price_location"":{""score"":29.080118694362096},""SR5_reaction"":{""value"":1.2901413199224585,""score"":64.50706599612292},""_score"":33.94,""_levels_found"":7,""_target_level"":120.09},""volume"":{""V1_rvol_day"":{""value"":0.8589463410037981,""score"":23.92975606691987},""V2_rvol_sameslot"":{""value"":0.8402498067195244,""score"":22.683320447968295,""status"":""ok""},""V3_breakout_bar"":{""value"":0.9102294148123057,""score"":27.348627654153713},""V4_base_dryup"":{""value"":1.375796069795866,""score"":12.4203930204134},""V5_bo_expansion"":{""value"":0.8589463410037981,""score"":0},""_score"":18.64},""readiness"":{""_distance_atr"":1.361,""BR1_atr_distance"":{""score"":9.270549452607796},""BR2_compression"":{""score"":76.5529368295612},""BR3_retest"":{""score"":50.0},""BR4_bo_age"":{""score"":50.0},""_score"":40.35},""risk"":{""R1_stop_clarity"":{""score"":9.749107970668064},""R2_stop_distance_pct"":{""value"":3.989698385726436,""score"":100.0},""R3_stop_distance_atr"":{""value"":1.2313704005469277,""score"":86.56852002734638},""R4_rr_potential"":{""value"":2.8439854127292485,""score"":92.19927063646243},""_score"":64.84},""market"":{""M1_spy_regime"":{""score"":100.0},""M3_earnings_risk"":{""value"":null,""score"":80.0},""M4_vix"":{""value"":null,""score"":60.0},""_score"":84.0},""liquidity"":{""L1_price"":{""value"":117.7,""score"":100.0},""L2_dollar_vol"":{""value"":2642034414.3045273,""score"":100.0},""L3_spread_proxy"":{""value"":0.029354290569243945,""score"":70.64570943075606},""L4_volume_zscore"":{""value"":-0.38184846920945975,""score"":100.0},""_score"":97.06},""pattern_structure"":{""left_low"":117.23,""left_idx"":36,""right_low"":114.725,""right_idx"":74,""separation_bars"":38,""structural_low"":114.725,""current_price"":117.635,""neckline_distance_pct"":0.04467207888808599,""base_bars"":38},""pattern_geometry_features"":{""low_similarity_pct"":0.02159901705072113,""bounce_pct"":0.07117018958378737,""right_bottom_reaction"":0.5697940503432509,""atr_pct"":0.032400473358417295},""_schema_version"":""1.0""}",,,,,,,,,,
20260630T202552Z-536821,2026-06-30T20:25:52.986448+00:00,BA,cup_with_handle,forming,55.0,34.3,78.4,59.7,61.5,44.6,27.7,60.0,84.0,97.4,4.81,23.51,4.77,7.37,5.79,2.22,3.0,4.2,4.87,True,risk_unclear,214.69,231.34,210.7358,275.58,"{""trend"":{""T1_ema_stack"":{""value"":[false,false,true],""score"":33.33333333333333},""T2_ema50_slope"":{""value"":-0.047197404660080815,""score"":42.133765889986535},""T3_high_proximity"":{""value"":0.892310889443059,""score"":46.15544472152949},""T4_rs_1m"":{""value"":-0.04356475782638691,""score"":6.435242173613091},""T5_rs_3m"":{""value"":-0.04174050451923628,""score"":29.129747740381863},""T6_adr_healthy"":{""value"":2.9576896795195946,""score"":100.0},""_score"":34.34},""geometry"":{""sub_cup_depth"":100.0,""sub_cup_duration"":100.0,""sub_rim_symmetry"":94.7,""sub_handle_shallowness"":37.3,""sub_handle_proportion"":100.0,""sub_u_shape"":46.4,""_score"":78.36},""compression"":{""VC1_atr_ratio"":{""value"":0.3330419918195893,""score"":100},""VC2_range_contraction"":{""value"":0.8949375374640699,""score"":17.510410422655017},""VC3_range_pct_rank"":{""score"":54.16666666666667},""_score"":59.67},""sr_quality"":{""SR1_touches"":{""value"":3,""score"":50.0},""SR2_tightness"":{""value"":1.2886254520051825,""score"":63.51345015401459},""SR3_recency"":{""value"":249,""score"":0.0},""SR4_price_location"":{""score"":87.71060455896945},""SR5_reaction"":{""value"":2.7379944766856887,""score"":100},""_score"":61.45,""_levels_found"":4,""_target_level"":215.5167},""volume"":{""V1_rvol_day"":{""value"":0.9291325756076295,""score"":28.608838373841966},""V2_rvol_sameslot"":{""value"":1.1809406164225063,""score"":45.39604109483375,""status"":""ok""},""V3_breakout_bar"":{""value"":1.5308965477435321,""score"":68.72643651623548},""V4_base_dryup"":{""value"":0.8711764166541934,""score"":62.88235833458066},""V5_bo_expansion"":{""value"":0.9291325756076293,""score"":0},""_score"":44.56},""readiness"":{""_distance_atr"":2.357,""BR1_atr_distance"":{""score"":0},""BR2_compression"":{""score"":40.94105721891119},""BR3_retest"":{""score"":50.0},""BR4_bo_age"":{""score"":50.0},""_score"":27.74},""risk"":{""R1_stop_clarity"":{""score"":9.134400985337763},""R2_stop_distance_pct"":{""value"":1.8418067911873028,""score"":96.04516977968257},""R3_stop_distance_atr"":{""value"":0.5597988267760439,""score"":52.9899413388022},""R4_rr_potential"":{""value"":15.39891380629328,""score"":100.0},""_score"":59.96},""market"":{""M1_spy_regime"":{""score"":100.0},""M3_earnings_risk"":{""value"":null,""score"":80.0},""M4_vix"":{""value"":null,""score"":60.0},""_score"":84.0},""liquidity"":{""L1_price"":{""value"":214.69,""score"":100.0},""L2_dollar_vol"":{""value"":1255613890.1956494,""score"":100.0},""L3_spread_proxy"":{""value"":0.02592109553309422,""score"":74.07890446690578},""L4_volume_zscore"":{""value"":-0.20867898787862335,""score"":100.0},""_score"":97.41},""pattern_structure"":{""left_rim"":231.96,""left_rim_idx"":101,""cup_bottom"":187.72,""cup_bottom_idx"":117,""right_rim"":231.34,""right_rim_idx"":170,""handle_low"":213.945,""handle_bars"":9,""cup_bars"":69,""structural_low"":213.945,""current_price"":214.69,""neckline_distance_pct"":0.077553682053193,""base_bars"":78},""pattern_geometry_features"":{""cup_depth_pct"":0.1907225383686843,""rim_symmetry_pct"":0.0026728746335575294,""handle_depth_pct"":0.07519235756894618,""handle_to_cup_ratio"":0.13043478260869565,""cup_duration_bars"":69.0,""atr_pct"":0.032901226352947434,""u_shape_score"":0.2318840579710145},""_schema_version"":""1.0""}",,,,,,,,,,
20260630T202552Z-536821,2026-06-30T20:25:52.986448+00:00,CARR,bull_flag,absent,55.0,97.5,38.5,74.5,53.5,41.7,40.4,64.4,84.0,98.1,13.64,11.55,6.71,5.35,5.83,3.63,1.93,5.04,4.91,True,risk_unclear,73.43,76.76,71.639,83.34,"{""trend"":{""T1_ema_stack"":{""value"":[true,true,true],""score"":100.0},""T2_ema50_slope"":{""value"":0.30824677526632904,""score"":100},""T3_high_proximity"":{""value"":0.9661842105263159,""score"":83.09210526315792},""T4_rs_1m"":{""value"":0.1687828624877069,""score"":100},""T5_rs_3m"":{""value"":0.1849445611414684,""score"":100},""T6_adr_healthy"":{""value"":3.1512649355289453,""score"":100.0},""_score"":97.46},""geometry"":{""sub_pole_impulse"":41.6,""sub_flag_tightness"":13.9,""sub_flag_shallowness"":0,""sub_flag_drift"":83.7,""sub_flag_duration"":100.0,""_score"":38.51},""compression"":{""VC1_atr_ratio"":{""value"":0.5988631581048645,""score"":100},""VC2_range_contraction"":{""value"":0.7616935380245403,""score"":39.717743662576616},""VC3_range_pct_rank"":{""score"":82.5},""_score"":74.53},""sr_quality"":{""SR1_touches"":{""value"":4,""score"":75.0},""SR2_tightness"":{""value"":0.5604183705054636,""score"":56.60225186154899},""SR3_recency"":{""value"":240,""score"":0.0},""SR4_price_location"":{""score"":30.0},""SR5_reaction"":{""value"":2.0153272175651793,""score"":100},""_score"":53.49,""_levels_found"":6,""_target_level"":68.9625},""volume"":{""V1_rvol_day"":{""value"":0.7076737627160603,""score"":13.84491751440402},""V2_rvol_sameslot"":{""value"":1.114241950009624,""score"":40.949463333974926,""status"":""ok""},""V3_breakout_bar"":{""value"":1.6325502131184813,""score"":75.50334754123207},""V4_base_dryup"":{""value"":0.9080056202095775,""score"":59.199437979042244},""V5_bo_expansion"":{""value"":0.7076737627160603,""score"":0},""_score"":41.67},""readiness"":{""_distance_atr"":1.289,""BR1_atr_distance"":{""score"":14.043680634107687},""BR2_compression"":{""score"":69.06554273637849},""BR3_retest"":{""score"":50.0},""BR4_bo_age"":{""score"":50.0},""_score"":40.38},""risk"":{""R1_stop_clarity"":{""score"":15.518876925927188},""R2_stop_distance_pct"":{""value"":2.4389895138227007,""score"":100.0},""R3_stop_distance_atr"":{""value"":0.6934390548123681,""score"":59.67195274061841},""R4_rr_potential"":{""value"":5.533376141154105,""score"":100.0},""_score"":64.38},""market"":{""M1_spy_regime"":{""score"":100.0},""M3_earnings_risk"":{""value"":null,""score"":80.0},""M4_vix"":{""value"":null,""score"":60.0},""_score"":84.0},""liquidity"":{""L1_price"":{""value"":73.43,""score"":100.0},""L2_dollar_vol"":{""value"":327774370.259898,""score"":100.0},""L3_spread_proxy"":{""value"":0.018793408688546853,""score"":81.20659131145315},""L4_volume_zscore"":{""value"":-1.176704774238506,""score"":100.0},""_score"":98.12},""pattern_structure"":{""pole_low"":70.18,""pole_low_idx"":30,""peak_price"":76.76,""peak_idx"":43,""pole_gain"":0.09375890567113135,""flag_bars"":16,""flag_low"":72.73,""flag_high"":76.45,""structural_low"":72.73,""current_price"":73.405,""neckline_distance_pct"":0.04570533342415372,""base_bars"":16},""pattern_geometry_features"":{""pole_gain"":0.09375890567113135,""pullback_pct"":0.05250130276185514,""flag_range_pct"":0.04846274101094318,""flag_drift_per_bar"":-0.003250726228779058,""atr_pct"":0.03517237018735045,""pole_atr_multiple"":2.665697681780093},""_schema_version"":""1.0""}",,,,,,,,,,
20260630T202552Z-536821,2026-06-30T20:25:52.986448+00:00,TT,double_bottom,forming,55.0,82.1,75.7,31.4,57.7,22.1,43.0,70.3,84.0,97.5,12.31,18.92,2.51,8.08,2.87,3.44,4.22,5.04,4.87,True,risk_unclear,480.35,505.64,456.8824,547.44,"{""trend"":{""T1_ema_stack"":{""value"":[true,true,true],""score"":100.0},""T2_ema50_slope"":{""value"":0.08520633981872436,""score"":64.20105663645406},""T3_high_proximity"":{""value"":0.9540976443014342,""score"":77.04882215071707},""T4_rs_1m"":{""value"":0.08013308407383712,""score"":100},""T5_rs_3m"":{""value"":0.002324677567108191,""score"":51.1623387835541},""T6_adr_healthy"":{""value"":3.0169003206643437,""score"":100.0},""_score"":82.07},""geometry"":{""sub_low_similarity"":67.3,""sub_bounce_quality"":85.9,""sub_separation_fit"":33.3,""sub_right_bottom_reaction"":88.8,""sub_base_context"":100.0,""_score"":75.69},""compression"":{""VC1_atr_ratio"":{""value"":0.7966185499738722,""score"":50.845362506531956},""VC2_range_contraction"":{""value"":1.2543611001569788,""score"":0},""VC3_range_pct_rank"":{""score"":44.166666666666664},""_score"":31.38},""sr_quality"":{""SR1_touches"":{""value"":2,""score"":25.0},""SR2_tightness"":{""value"":1.3050000000000068,""score"":85.73351184013093},""SR3_recency"":{""value"":252,""score"":0.0},""SR4_price_location"":{""score"":97.14511595221373},""SR5_reaction"":{""value"":1.7428619730935755,""score"":87.14309865467878},""_score"":57.72,""_levels_found"":7,""_target_level"":480.675},""volume"":{""V1_rvol_day"":{""value"":0.8211325851265239,""score"":21.408839008434924},""V2_rvol_sameslot"":{""value"":0.8227424514223948,""score"":21.51616342815965,""status"":""ok""},""V3_breakout_bar"":{""value"":0.811756013666715,""score"":20.78373424444767},""V4_base_dryup"":{""value"":1.08605908888415,""score"":41.394091111585006},""V5_bo_expansion"":{""value"":0.8211325851265239,""score"":0},""_score"":22.06},""readiness"":{""_distance_atr"":1.382,""BR1_atr_distance"":{""score"":7.841766139696958},""BR2_compression"":{""score"":89.4323695095725},""BR3_retest"":{""score"":50.0},""BR4_bo_age"":{""score"":50.0},""_score"":42.99},""risk"":{""R1_stop_clarity"":{""score"":23.93830036696957},""R2_stop_distance_pct"":{""value"":4.885520974289593,""score"":100.0},""R3_stop_distance_atr"":{""value"":1.2827595308066764,""score"":89.13797654033382},""R4_rr_potential"":{""value"":2.8588351599652224,""score"":92.94175799826112},""_score"":70.34},""market"":{""M1_spy_regime"":{""score"":100.0},""M3_earnings_risk"":{""value"":null,""score"":80.0},""M4_vix"":{""value"":null,""score"":60.0},""_score"":84.0},""liquidity"":{""L1_price"":{""value"":480.35,""score"":100.0},""L2_dollar_vol"":{""value"":583551763.2402277,""score"":100.0},""L3_spread_proxy"":{""value"":0.025096283959612796,""score"":74.90371604038721},""L4_volume_zscore"":{""value"":-0.5700036010708148,""score"":100.0},""_score"":97.49},""pattern_structure"":{""left_low"":471.49,""left_idx"":32,""right_low"":463.84,""right_idx"":72,""separation_bars"":40,""structural_low"":463.84,""current_price"":479.33,""neckline_distance_pct"":0.05488911605783073,""base_bars"":40},""pattern_geometry_features"":{""low_similarity_pct"":0.016357863000224595,""bounce_pct"":0.09011728182131773,""right_bottom_reaction"":0.8882646691635445,""atr_pct"":0.03808602358399383},""_schema_version"":""1.0""}",,,,,,,,,,
20260630T202552Z-536821,2026-06-30T20:25:52.986448+00:00,CARR,cup_with_handle,breakout_confirmed,55.0,97.5,76.9,74.5,53.5,40.3,47.6,26.0,84.0,98.1,13.64,23.08,5.96,6.42,5.23,3.81,1.3,4.2,4.91,True,risk_unclear,73.43,69.83,64.6357,84.39,"{""trend"":{""T1_ema_stack"":{""value"":[true,true,true],""score"":100.0},""T2_ema50_slope"":{""value"":0.30824677526632904,""score"":100},""T3_high_proximity"":{""value"":0.9661842105263159,""score"":83.09210526315792},""T4_rs_1m"":{""value"":0.1687828624877069,""score"":100},""T5_rs_3m"":{""value"":0.1849445611414684,""score"":100},""T6_adr_healthy"":{""value"":3.1512649355289453,""score"":100.0},""_score"":97.46},""geometry"":{""sub_cup_depth"":100.0,""sub_cup_duration"":100.0,""sub_rim_symmetry"":56.1,""sub_handle_shallowness"":49.8,""sub_handle_proportion"":83.3,""sub_u_shape"":82.7,""_score"":76.92},""compression"":{""VC1_atr_ratio"":{""value"":0.5988631581048645,""score"":100},""VC2_range_contraction"":{""value"":0.7616935380245403,""score"":39.717743662576616},""VC3_range_pct_rank"":{""score"":82.5},""_score"":74.53},""sr_quality"":{""SR1_touches"":{""value"":4,""score"":75.0},""SR2_tightness"":{""value"":0.5604183705054636,""score"":56.60225186154899},""SR3_recency"":{""value"":240,""score"":0.0},""SR4_price_location"":{""score"":30.0},""SR5_reaction"":{""value"":2.0153272175651793,""score"":100},""_score"":53.49,""_levels_found"":6,""_target_level"":68.9625},""volume"":{""V1_rvol_day"":{""value"":0.7076737627160603,""score"":13.84491751440402},""V2_rvol_sameslot"":{""value"":1.114241950009624,""score"":40.949463333974926,""status"":""ok""},""V3_breakout_bar"":{""value"":1.6325502131184813,""score"":75.50334754123207},""V4_base_dryup"":{""value"":0.978965675579666,""score"":52.1034324420334},""V5_bo_expansion"":{""value"":0.7076737627160603,""score"":0},""_score"":40.26},""readiness"":{""_distance_atr"":-1.394,""BR1_atr_distance"":{""score"":32.12227480025106},""BR2_compression"":{""score"":69.06554273637849},""BR3_retest"":{""score"":50.0},""BR4_bo_age"":{""score"":50.0},""_score"":47.62},""risk"":{""R1_stop_clarity"":{""score"":23.777653016352943},""R2_stop_distance_pct"":{""value"":11.97644014707886,""score"":0.5889963230285122},""R3_stop_distance_atr"":{""value"":3.4050705378354404,""score"":100.0},""R4_rr_potential"":{""value"":1.2462617832004788,""score"":12.313089160023939},""_score"":25.96},""market"":{""M1_spy_regime"":{""score"":100.0},""M3_earnings_risk"":{""value"":null,""score"":80.0},""M4_vix"":{""value"":null,""score"":60.0},""_score"":84.0},""liquidity"":{""L1_price"":{""value"":73.43,""score"":100.0},""L2_dollar_vol"":{""value"":327774370.259898,""score"":100.0},""L3_spread_proxy"":{""value"":0.018793408688546853,""score"":81.20659131145315},""L4_volume_zscore"":{""value"":-1.176704774238506,""score"":100.0},""_score"":98.12},""pattern_structure"":{""left_rim"":68.33,""left_rim_idx"":86,""cup_bottom"":53.77,""cup_bottom_idx"":117,""right_rim"":69.83,""right_rim_idx"":161,""handle_low"":65.62,""handle_bars"":18,""cup_bars"":75,""structural_low"":65.62,""current_price"":73.43,""neckline_distance_pct"":-0.049026283535339894,""base_bars"":93},""pattern_geometry_features"":{""cup_depth_pct"":0.2130835650519537,""rim_symmetry_pct"":0.021952290355627103,""handle_depth_pct"":0.060289273951023827,""handle_to_cup_ratio"":0.24,""cup_duration_bars"":75.0,""atr_pct"":0.03517237018735045,""u_shape_score"":0.41333333333333333},""_schema_version"":""1.0""}",,,,,,,,,,
20260630T202552Z-536821,2026-06-30T20:25:52.986448+00:00,CARR,double_bottom,forming,55.0,97.5,54.5,74.5,53.5,39.9,40.4,66.0,84.0,98.1,14.62,13.63,5.96,7.49,5.19,3.23,3.96,5.04,4.91,True,risk_unclear,73.43,76.76,69.8562,82.6,"{""trend"":{""T1_ema_stack"":{""value"":[true,true,true],""score"":100.0},""T2_ema50_slope"":{""value"":0.30824677526632904,""score"":100},""T3_high_proximity"":{""value"":0.9661842105263159,""score"":83.09210526315792},""T4_rs_1m"":{""value"":0.1687828624877069,""score"":100},""T5_rs_3m"":{""value"":0.1849445611414684,""score"":100},""T6_adr_healthy"":{""value"":3.1512649355289453,""score"":100.0},""_score"":97.46},""geometry"":{""sub_low_similarity"":49.6,""sub_bounce_quality"":74.8,""sub_separation_fit"":13.3,""sub_right_bottom_reaction"":17.9,""sub_base_context"":100.0,""_score"":54.52},""compression"":{""VC1_atr_ratio"":{""value"":0.5988631581048645,""score"":100},""VC2_range_contraction"":{""value"":0.7616935380245403,""score"":39.717743662576616},""VC3_range_pct_rank"":{""score"":82.5},""_score"":74.53},""sr_quality"":{""SR1_touches"":{""value"":4,""score"":75.0},""SR2_tightness"":{""value"":0.5604183705054636,""score"":56.60225186154899},""SR3_recency"":{""value"":240,""score"":0.0},""SR4_price_location"":{""score"":30.0},""SR5_reaction"":{""value"":2.0153272175651793,""score"":100},""_score"":53.49,""_levels_found"":6,""_target_level"":68.9625},""volume"":{""V1_rvol_day"":{""value"":0.7076737627160603,""score"":13.84491751440402},""V2_rvol_sameslot"":{""value"":1.114241950009624,""score"":40.949463333974926,""status"":""ok""},""V3_breakout_bar"":{""value"":1.6325502131184813,""score"":75.50334754123207},""V4_base_dryup"":{""value"":0.9957003828362628,""score"":50.42996171637372},""V5_bo_expansion"":{""value"":0.7076737627160603,""score"":0},""_score"":39.92},""readiness"":{""_distance_atr"":1.289,""BR1_atr_distance"":{""score"":14.043680634107687},""BR2_compression"":{""score"":69.06554273637849},""BR3_retest"":{""score"":50.0},""BR4_bo_age"":{""score"":50.0},""_score"":40.38},""risk"":{""R1_stop_clarity"":{""score"":17.62132203474205},""R2_stop_distance_pct"":{""value"":4.866948113849932,""score"":100.0},""R3_stop_distance_atr"":{""value"":1.3837418655397593,""score"":94.18709327698797},""R4_rr_potential"":{""value"":2.5658962448933873,""score"":78.29481224466936},""_score"":65.95},""market"":{""M1_spy_regime"":{""score"":100.0},""M3_earnings_risk"":{""value"":null,""score"":80.0},""M4_vix"":{""value"":null,""score"":60.0},""_score"":84.0},""liquidity"":{""L1_price"":{""value"":73.43,""score"":100.0},""L2_dollar_vol"":{""value"":327774370.259898,""score"":100.0},""L3_spread_proxy"":{""value"":0.018793408688546853,""score"":81.20659131145315},""L4_volume_zscore"":{""value"":-1.176704774238506,""score"":100.0},""_score"":98.12},""pattern_structure"":{""left_low"":70.92,""left_idx"":32,""right_low"":72.73,""right_idx"":75,""separation_bars"":43,""structural_low"":70.92,""current_price"":73.405,""neckline_distance_pct"":0.04570533342415372,""base_bars"":43},""pattern_geometry_features"":{""low_similarity_pct"":0.02520013922728858,""bounce_pct"":0.08234630569655955,""right_bottom_reaction"":0.17857142857142072,""atr_pct"":0.03517237018735045},""_schema_version"":""1.0""}",,,,,,,,,,
20260630T202552Z-536821,2026-06-30T20:25:52.986448+00:00,RTX,breakout_retest_hold,forming,55.0,69.5,75.2,52.4,63.0,25.0,84.9,37.7,84.0,98.5,9.73,16.55,3.14,8.82,3.25,15.28,1.88,4.2,2.96,True,risk_unclear,187.33,187.44,185.4604,187.6526,"{""trend"":{""T1_ema_stack"":{""value"":[true,true,true],""score"":100.0},""T2_ema50_slope"":{""value"":0.013344900242826774,""score"":52.22415004047113},""T3_high_proximity"":{""value"":0.9206310202476903,""score"":60.315510123845115},""T4_rs_1m"":{""value"":0.06479302151690469,""score"":100},""T5_rs_3m"":{""value"":-0.18114929008476677,""score"":0},""T6_adr_healthy"":{""value"":2.5449200831215637,""score"":100.0},""_score"":69.49},""geometry"":{""sub_retest_depth"":70.7,""sub_retest_timing"":20.0,""sub_retest_freshness"":100.0,""sub_hold_quality"":100.0,""_score"":75.21},""compression"":{""VC1_atr_ratio"":{""value"":0.7033942134649277,""score"":74.15144663376807},""VC2_range_contraction"":{""value"":1.1470946453251967,""score"":0},""VC3_range_pct_rank"":{""score"":90.83333333333333},""_score"":52.37},""sr_quality"":{""SR1_touches"":{""value"":5,""score"":100},""SR2_tightness"":{""value"":0.6450736392071814,""score"":74.06325789493937},""SR3_recency"":{""value"":228,""score"":0.0},""SR4_price_location"":{""score"":27.537922987164613},""SR5_reaction"":{""value"":2.895737870644134,""score"":100},""_score"":62.99,""_levels_found"":6,""_target_level"":193.54},""volume"":{""V1_rvol_day"":{""value"":0.6493973712241836,""score"":9.959824748278907},""V2_rvol_sameslot"":{""value"":0.7280447595872573,""score"":15.202983972483821,""status"":""ok""},""V3_breakout_bar"":{""value"":1.0422301360363266,""score"":36.148675735755106},""V4_base_dryup"":{""value"":0.9542363145610695,""score"":54.576368543893054},""V5_bo_expansion"":{""value"":0.6493973712241837,""score"":0},""_score"":24.99},""readiness"":{""_distance_atr"":0.022,""BR1_atr_distance"":{""score"":98.52572819693228},""BR2_compression"":{""score"":84.69003727439866},""BR3_retest"":{""score"":98.93148800454914},""BR4_bo_age"":{""score"":30.0},""_score"":84.87},""risk"":{""R1_stop_clarity"":{""score"":24.677965906986245},""R2_stop_distance_pct"":{""value"":0.9980446271286028,""score"":74.95111567821506},""R3_stop_distance_atr"":{""value"":0.3758663333280702,""score"":43.79331666640351},""R4_rr_potential"":{""value"":0.17254686337507882,""score"":0.0},""_score"":37.69},""market"":{""M1_spy_regime"":{""score"":100.0},""M3_earnings_risk"":{""value"":null,""score"":80.0},""M4_vix"":{""value"":null,""score"":60.0},""_score"":84.0},""liquidity"":{""L1_price"":{""value"":187.33,""score"":100.0},""L2_dollar_vol"":{""value"":673329514.8734053,""score"":100.0},""L3_spread_proxy"":{""value"":0.014519831313724436,""score"":85.48016868627556},""L4_volume_zscore"":{""value"":-1.2692524516272816,""score"":100.0},""_score"":98.55},""pattern_structure"":{""level"":187.44,""level_idx"":56,""breakout_idx"":62,""bo_peak_idx"":70,""bo_peak_price"":190.49,""retest_idx"":74,""retest_low"":187.3337,""structural_low"":187.3337,""current_price"":187.985,""neckline_distance_pct"":-0.0028991674867676455,""base_bars"":23,""bars_since_breakout"":17},""pattern_geometry_features"":{""retest_depth_atr"":0.09507624882608544,""bars_breakout_to_retest"":12.0,""bars_since_retest"":5.0,""current_above_level_atr"":0.4874558382898954,""bo_peak_excess_pct"":0.016271873666239924,""atr_pct"":0.02655317964478271},""_schema_version"":""1.0""}",,,,,,,,,,
20260630T202552Z-536821,2026-06-30T20:25:52.986448+00:00,TT,vcp,breakout_confirmed,54.29,82.1,42.3,31.4,57.7,24.6,79.9,40.6,84.0,97.5,12.31,10.56,3.77,6.93,3.19,5.59,2.03,5.04,4.87,True,risk_unclear,480.35,471.79,432.8287,469.365,"{""trend"":{""T1_ema_stack"":{""value"":[true,true,true],""score"":100.0},""T2_ema50_slope"":{""value"":0.08520633981872436,""score"":64.20105663645406},""T3_high_proximity"":{""value"":0.9540976443014342,""score"":77.04882215071707},""T4_rs_1m"":{""value"":0.08013308407383712,""score"":100},""T5_rs_3m"":{""value"":0.002324677567108191,""score"":51.1623387835541},""T6_adr_healthy"":{""value"":3.0169003206643437,""score"":100.0},""_score"":82.07},""geometry"":{""sub_contraction_count"":100.0,""sub_reduction_rate"":2.1,""sub_pivot_tightness"":44.9,""sub_volume_dryup"":0,""sub_base_depth"":0.0,""sub_base_duration"":100.0,""_score"":42.26},""compression"":{""VC1_atr_ratio"":{""value"":0.7966185499738722,""score"":50.845362506531956},""VC2_range_contraction"":{""value"":1.2543611001569788,""score"":0},""VC3_range_pct_rank"":{""score"":44.166666666666664},""_score"":31.38},""sr_quality"":{""SR1_touches"":{""value"":2,""score"":25.0},""SR2_tightness"":{""value"":1.3050000000000068,""score"":85.73351184013093},""SR3_recency"":{""value"":252,""score"":0.0},""SR4_price_location"":{""score"":97.14511595221373},""SR5_reaction"":{""value"":1.7428619730935755,""score"":87.14309865467878},""_score"":57.72,""_levels_found"":7,""_target_level"":480.675},""volume"":{""V1_rvol_day"":{""value"":0.8211325851265239,""score"":21.408839008434924},""V2_rvol_sameslot"":{""value"":0.8227424514223948,""score"":21.51616342815965,""status"":""ok""},""V3_breakout_bar"":{""value"":0.811756013666715,""score"":20.78373424444767},""V4_base_dryup"":{""value"":0.9615575447517335,""score"":53.84424552482665},""V5_bo_expansion"":{""value"":0.8211325851265239,""score"":0},""_score"":24.55},""readiness"":{""_distance_atr"":-0.468,""BR1_atr_distance"":{""score"":100.0},""BR2_compression"":{""score"":89.4323695095725},""BR3_retest"":{""score"":50.0},""BR4_bo_age"":{""score"":50.0},""_score"":79.86},""risk"":{""R1_stop_clarity"":{""score"":27.942756009084775},""R2_stop_distance_pct"":{""value"":9.893057145831163,""score"":52.673571354220925},""R3_stop_distance_atr"":{""value"":2.5975557999677488,""score"":100.0},""R4_rr_potential"":{""value"":-0.23115950110792455,""score"":0.0},""_score"":40.58},""market"":{""M1_spy_regime"":{""score"":100.0},""M3_earnings_risk"":{""value"":null,""score"":80.0},""M4_vix"":{""value"":null,""score"":60.0},""_score"":84.0},""liquidity"":{""L1_price"":{""value"":480.35,""score"":100.0},""L2_dollar_vol"":{""value"":583551763.2402277,""score"":100.0},""L3_spread_proxy"":{""value"":0.025096283959612796,""score"":74.90371604038721},""L4_volume_zscore"":{""value"":-0.5700036010708148,""score"":100.0},""_score"":97.49},""pattern_structure"":{""n_contractions"":5,""contractions_pct"":[7.75,7.83,7.86,5.54,6.86],""descending_strict"":false,""final_low"":439.42,""final_pivot"":471.79,""structural_low"":439.42,""dry_up_ratio"":1.095107017540997,""current_price"":480.35,""neckline_distance_pct"":-0.01782033933590091,""base_bars"":53},""pattern_geometry_features"":{""contraction_count"":5.0,""first_contraction_pct"":0.07747228229155945,""last_contraction_pct"":0.06861103457046568,""dry_up_ratio"":1.095107017540997,""near_monotone"":0.0,""base_depth_pct"":-0.005549262577375053},""_schema_version"":""1.0""}",,,,,,,,,,
20260630T202552Z-536821,2026-06-30T20:25:52.986448+00:00,RGTI,double_bottom,forming,53.98,50.5,56.3,63.6,42.3,23.4,56.6,68.4,84.0,91.9,7.58,14.08,5.09,5.93,3.04,4.53,4.11,5.04,4.6,False,,19.44,20.41,17.7005,22.85,"{""trend"":{""T1_ema_stack"":{""value"":[false,true,true],""score"":66.66666666666666},""T2_ema50_slope"":{""value"":0.19464596332545944,""score"":82.44099388757658},""T3_high_proximity"":{""value"":0.7192008879023307,""score"":0},""T4_rs_1m"":{""value"":-0.26277631856467165,""score"":0},""T5_rs_3m"":{""value"":0.29085563350415344,""score"":100},""T6_adr_healthy"":{""value"":10.098364371778427,""score"":47.540890705539326},""_score"":50.53},""geometry"":{""sub_low_similarity"":33.8,""sub_bounce_quality"":100,""sub_separation_fit"":100.0,""sub_right_bottom_reaction"":34.5,""sub_base_context"":30.0,""_score"":56.31},""compression"":{""VC1_atr_ratio"":{""value"":0.41187295288698295,""score"":100},""VC2_range_contraction"":{""value"":0.7885435541381147,""score"":35.24274097698088},""VC3_range_pct_rank"":{""score"":44.99999999999999},""_score"":63.58},""sr_quality"":{""SR1_touches"":{""value"":2,""score"":25.0},""SR2_tightness"":{""value"":0.42499999999999893,""score"":59.00128508577011},""SR3_recency"":{""value"":254,""score"":0.0},""SR4_price_location"":{""score"":43.931131571708335},""SR5_reaction"":{""value"":2.322456615435499,""score"":100},""_score"":42.33,""_levels_found"":7,""_target_level"":20.595},""volume"":{""V1_rvol_day"":{""value"":0.6826050245216201,""score"":12.173668301441339},""V2_rvol_sameslot"":{""value"":0.5407820472614746,""score"":2.718803150764974,""status"":""ok""},""V3_breakout_bar"":{""value"":0.6578781948054742,""score"":10.525212987031612},""V4_base_dryup"":{""value"":0.610413429673952,""score"":88.9586570326048},""V5_bo_expansion"":{""value"":0.6826050245216201,""score"":0},""_score"":23.4},""readiness"":{""_distance_atr"":0.468,""BR1_atr_distance"":{""score"":68.80882081035055},""BR2_compression"":{""score"":46.259476115116996},""BR3_retest"":{""score"":50.0},""BR4_bo_age"":{""score"":50.0},""_score"":56.59},""risk"":{""R1_stop_clarity"":{""score"":73.9971679879279},""R2_stop_distance_pct"":{""value"":8.94830246913581,""score"":76.29243827160477},""R3_stop_distance_atr"":{""value"":0.8390507591652805,""score"":66.95253795826403},""R4_rr_potential"":{""value"":1.9602770831536878,""score"":48.013854157684385},""_score"":68.43},""market"":{""M1_spy_regime"":{""score"":100.0},""M3_earnings_risk"":{""value"":null,""score"":80.0},""M4_vix"":{""value"":null,""score"":60.0},""_score"":84.0},""liquidity"":{""L1_price"":{""value"":19.44,""score"":100.0},""L2_dollar_vol"":{""value"":577626116.4350582,""score"":100.0},""L3_spread_proxy"":{""value"":0.08071502057613163,""score"":19.28497942386838},""L4_volume_zscore"":{""value"":-0.9137756668292958,""score"":100.0},""_score"":91.93},""pattern_structure"":{""left_low"":18.575,""left_idx"":62,""right_low"":17.97,""right_idx"":73,""separation_bars"":11,""structural_low"":17.97,""current_price"":19.22,""neckline_distance_pct"":0.06191467221644128,""base_bars"":11},""pattern_geometry_features"":{""low_similarity_pct"":0.03310986455055413,""bounce_pct"":0.13578185865331116,""right_bottom_reaction"":0.34505747126437036,""atr_pct"":0.10664792768959436},""_schema_version"":""1.0""}",,,,,,,,,,
20260630T202552Z-536821,2026-06-30T20:25:52.986448+00:00,POWI,double_bottom,forming,53.76,64.5,60.5,61.0,48.5,7.2,23.9,80.9,84.0,91.4,9.67,15.11,4.88,6.78,0.94,1.91,4.85,5.04,4.57,False,,78.96,91.1786,74.3478,106.8772,"{""trend"":{""T1_ema_stack"":{""value"":[false,true,true],""score"":66.66666666666666},""T2_ema50_slope"":{""value"":0.48751573057164094,""score"":100},""T3_high_proximity"":{""value"":0.9039496279336005,""score"":51.974813966800205},""T4_rs_1m"":{""value"":-0.0751206542676226,""score"":0},""T5_rs_3m"":{""value"":0.426547689196209,""score"":100},""T6_adr_healthy"":{""value"":6.171561306065713,""score"":100.0},""_score"":64.46},""geometry"":{""sub_low_similarity"":32.3,""sub_bounce_quality"":100,""sub_separation_fit"":20.0,""sub_right_bottom_reaction"":51.7,""sub_base_context"":100.0,""_score"":60.45},""compression"":{""VC1_atr_ratio"":{""value"":0.5945437890664903,""score"":100},""VC2_range_contraction"":{""value"":0.7904249931996065,""score"":34.92916780006559},""VC3_range_pct_rank"":{""score"":35.0},""_score"":60.98},""sr_quality"":{""SR1_touches"":{""value"":2,""score"":25.0},""SR2_tightness"":{""value"":0.6494499999999945,""score"":77.13117949620857},""SR3_recency"":{""value"":241,""score"":0.0},""SR4_price_location"":{""score"":64.55425332843882},""SR5_reaction"":{""value"":1.7666951721015607,""score"":88.33475860507804},""_score"":48.46,""_levels_found"":8,""_target_level"":80.9394},""volume"":{""V1_rvol_day"":{""value"":0.7708773038328546,""score"":18.058486922190305},""V2_rvol_sameslot"":{""value"":0.5110063029154349,""score"":0.7337535276956613,""status"":""ok""},""V3_breakout_bar"":{""value"":0.4046251504565782,""score"":0},""V4_base_dryup"":{""value"":1.3257414645345587,""score"":17.425853546544133},""V5_bo_expansion"":{""value"":0.7708773038328546,""score"":0},""_score"":7.24},""readiness"":{""_distance_atr"":2.151,""BR1_atr_distance"":{""score"":0},""BR2_compression"":{""score"":25.43780127703286},""BR3_retest"":{""score"":50.0},""BR4_bo_age"":{""score"":50.0},""_score"":23.86},""risk"":{""R1_stop_clarity"":{""score"":60.132298753725735},""R2_stop_distance_pct"":{""value"":5.84118541033433,""score"":100.0},""R3_stop_distance_atr"":{""value"":0.8120376774777692,""score"":65.60188387388845},""R4_rr_potential"":{""value"":6.052903169853884,""score"":100.0},""_score"":80.89},""market"":{""M1_spy_regime"":{""score"":100.0},""M3_earnings_risk"":{""value"":null,""score"":80.0},""M4_vix"":{""value"":null,""score"":60.0},""_score"":84.0},""liquidity"":{""L1_price"":{""value"":78.96,""score"":100.0},""L2_dollar_vol"":{""value"":69458975.42862432,""score"":92.08641864282261},""L3_spread_proxy"":{""value"":0.05458459979736579,""score"":45.41540020263421},""L4_volume_zscore"":{""value"":-0.6122519247300131,""score"":100.0},""_score"":91.38},""pattern_structure"":{""left_low"":78.08,""left_idx"":32,""right_low"":75.48,""right_idx"":74,""separation_bars"":42,""structural_low"":75.48,""current_price"":78.345,""neckline_distance_pct"":0.16380879443487145,""base_bars"":42},""pattern_geometry_features"":{""low_similarity_pct"":0.03386298515238336,""bounce_pct"":0.2079835718071012,""right_bottom_reaction"":0.5174013921113663,""atr_pct"":0.07193244319004204},""_schema_version"":""1.0""}",,,,,,,,,,
20260630T202552Z-536821,2026-06-30T20:25:52.986448+00:00,CW,vcp,absent,53.18,61.4,42.2,45.7,69.4,40.5,44.7,52.5,84.0,71.0,9.21,10.55,5.48,8.32,5.27,3.13,2.62,5.04,3.55,True,risk_unclear,737.39,751.5,691.1548,766.535,"{""trend"":{""T1_ema_stack"":{""value"":[false,true,true],""score"":66.66666666666666},""T2_ema50_slope"":{""value"":0.15430500276334816,""score"":75.71750046055803},""T3_high_proximity"":{""value"":0.9407644612283431,""score"":70.38223061417153},""T4_rs_1m"":{""value"":0.004194272542800581,""score"":54.19427254280058},""T5_rs_3m"":{""value"":-0.05734033810190908,""score"":21.32983094904546},""T6_adr_healthy"":{""value"":3.4301756168883286,""score"":100.0},""_score"":61.41},""geometry"":{""sub_contraction_count"":100.0,""sub_reduction_rate"":0,""sub_pivot_tightness"":48.1,""sub_volume_dryup"":0,""sub_base_depth"":0.0,""sub_base_duration"":100.0,""_score"":42.22},""compression"":{""VC1_atr_ratio"":{""value"":0.4032087609786081,""score"":100},""VC2_range_contraction"":{""value"":0.9988505808855973,""score"":0.19156985240044908},""VC3_range_pct_rank"":{""score"":22.499999999999996},""_score"":45.69},""sr_quality"":{""SR1_touches"":{""value"":5,""score"":100},""SR2_tightness"":{""value"":4.924814917781185,""score"":63.20209382407776},""SR3_recency"":{""value"":238,""score"":0.0},""SR4_price_location"":{""score"":62.93494957682731},""SR5_reaction"":{""value"":1.88673653817159,""score"":94.3368269085795},""_score"":69.36,""_levels_found"":5,""_target_level"":753.7619},""volume"":{""V1_rvol_day"":{""value"":1.0198301639471854,""score"":34.65534426314569},""V2_rvol_sameslot"":{""value"":1.2275123213849324,""score"":48.50082142566216,""status"":""ok""},""V3_breakout_bar"":{""value"":1.1425528677852674,""score"":42.83685785235116},""V4_base_dryup"":{""value"":0.8519354580668617,""score"":64.80645419331384},""V5_bo_expansion"":{""value"":1.0198301639471854,""score"":1.3220109298123597},""_score"":40.5},""readiness"":{""_distance_atr"":0.527,""BR1_atr_distance"":{""score"":64.85699024156148},""BR2_compression"":{""score"":4.888048540338696},""BR3_retest"":{""score"":50.0},""BR4_bo_age"":{""score"":50.0},""_score"":44.66},""risk"":{""R1_stop_clarity"":{""score"":21.35637002632498},""R2_stop_distance_pct"":{""value"":6.270114864589983,""score"":100.0},""R3_stop_distance_atr"":{""value"":1.7273324785081763,""score"":100.0},""R4_rr_potential"":{""value"":0.6303638786033162,""score"":0.0},""_score"":52.47},""market"":{""M1_spy_regime"":{""score"":100.0},""M3_earnings_risk"":{""value"":null,""score"":80.0},""M4_vix"":{""value"":null,""score"":60.0},""_score"":84.0},""liquidity"":{""L1_price"":{""value"":737.39,""score"":0.0},""L2_dollar_vol"":{""value"":241724630.38117495,""score"":100.0},""L3_spread_proxy"":{""value"":0.040148225498040445,""score"":59.851774501959554},""L4_volume_zscore"":{""value"":0.030297288251369993,""score"":100.0},""_score"":70.99},""pattern_structure"":{""n_contractions"":5,""contractions_pct"":[12.71,4.82,9.87,6.59,6.63],""descending_strict"":false,""final_low"":701.68,""final_pivot"":751.5,""structural_low"":701.68,""dry_up_ratio"":1.3502100448753511,""current_price"":737.39,""neckline_distance_pct"":0.019135057432295006,""base_bars"":52},""pattern_geometry_features"":{""contraction_count"":5.0,""first_contraction_pct"":0.12705887277369673,""last_contraction_pct"":0.06629407850964744,""dry_up_ratio"":1.3502100448753511,""near_monotone"":0.0,""base_depth_pct"":0.020977654995360893},""_schema_version"":""1.0""}",,,,,,,,,,
20260630T202552Z-536821,2026-06-30T20:25:52.986448+00:00,VZ,base_on_base,forming,51.35,26.3,62.5,25.4,61.1,69.4,17.5,49.3,84.0,85.5,4.73,15.62,2.54,6.11,8.32,1.4,2.47,5.88,4.28,True,risk_unclear,44.1,48.21,43.6355,50.78,"{""trend"":{""T1_ema_stack"":{""value"":[false,false,true],""score"":33.33333333333333},""T2_ema50_slope"":{""value"":-0.08357535080016812,""score"":36.070774866638644},""T3_high_proximity"":{""value"":0.8767395626242546,""score"":38.36978131212726},""T4_rs_1m"":{""value"":-0.0634185728490061,""score"":0},""T5_rs_3m"":{""value"":-0.2920385307853597,""score"":0},""T6_adr_healthy"":{""value"":2.6672337695587833,""score"":100.0},""_score"":26.3},""geometry"":{""sub_shallower_second"":0,""sub_second_base_depth"":100.0,""sub_rim_advance"":100,""sub_dry_up"":37.3,""sub_second_base_duration"":100.0,""_score"":62.46},""compression"":{""VC1_atr_ratio"":{""value"":0.7497525715605018,""score"":62.56185710987455},""VC2_range_contraction"":{""value"":1.1763030330338664,""score"":0},""VC3_range_pct_rank"":{""score"":1.6666666666666718},""_score"":25.44},""sr_quality"":{""SR1_touches"":{""value"":2,""score"":25.0},""SR2_tightness"":{""value"":0.014999999999997016,""score"":97.69494204425757},""SR3_recency"":{""value"":238,""score"":0.0},""SR4_price_location"":{""score"":95.73564278187577},""SR5_reaction"":{""value"":2.499067000351248,""score"":100},""_score"":61.09,""_levels_found"":7,""_target_level"":44.285},""volume"":{""V1_rvol_day"":{""value"":1.996511702723059,""score"":99.76744684820393},""V2_rvol_sameslot"":{""value"":2.171756289068006,""score"":100,""status"":""ok""},""V3_breakout_bar"":{""value"":1.0890937967901748,""score"":39.272919786011656},""V4_base_dryup"":{""value"":1.0187836816183766,""score"":48.12163183816234},""V5_bo_expansion"":{""value"":1.9965117027230592,""score"":66.43411351487062},""_score"":69.36},""readiness"":{""_distance_atr"":3.158,""BR1_atr_distance"":{""score"":0},""BR2_compression"":{""score"":0},""BR3_retest"":{""score"":50.0},""BR4_bo_age"":{""score"":50.0},""_score"":17.5},""risk"":{""R1_stop_clarity"":{""score"":0},""R2_stop_distance_pct"":{""value"":1.0532879818594287,""score"":76.33219954648571},""R3_stop_distance_atr"":{""value"":0.35689980681419664,""score"":42.844990340709835},""R4_rr_potential"":{""value"":14.381054897739252,""score"":100.0},""_score"":49.33},""market"":{""M1_spy_regime"":{""score"":100.0},""M3_earnings_risk"":{""value"":null,""score"":80.0},""M4_vix"":{""value"":null,""score"":60.0},""_score"":84.0},""liquidity"":{""L1_price"":{""value"":44.1,""score"":100.0},""L2_dollar_vol"":{""value"":2442594812.135984,""score"":100.0},""L3_spread_proxy"":{""value"":0.06962585034013595,""score"":30.374149659864045},""L4_volume_zscore"":{""value"":2.1405733624940697,""score"":70.0},""_score"":85.54},""pattern_structure"":{""first_base_low"":38.39,""first_base_top"":40.96,""first_base_bars"":50,""second_base_low"":44.3,""second_base_top"":48.21,""second_base_bars"":33,""structural_low"":44.3,""stacking_overlap_pct"":-0.0815429687499999,""current_price"":44.1,""neckline_distance_pct"":0.09319727891156461,""base_bars"":33},""pattern_geometry_features"":{""first_base_depth_pct"":0.062744140625,""second_base_depth_pct"":0.08110350549678498,""second_dry_up_ratio"":0.8135605716782072,""rim_advance_pct"":0.177001953125,""atr_pct"":0.029512147716229346},""_schema_version"":""1.0""}",,,,,,,,,,
20260630T202552Z-536821,2026-06-30T20:25:52.986448+00:00,BA,vcp,absent,51.33,34.3,42.7,59.7,61.5,44.6,27.7,66.3,84.0,97.4,5.15,10.68,7.16,7.37,5.79,1.94,3.31,5.04,4.87,True,risk_unclear,214.69,232.3,206.4855,254.63,"{""trend"":{""T1_ema_stack"":{""value"":[false,false,true],""score"":33.33333333333333},""T2_ema50_slope"":{""value"":-0.047197404660080815,""score"":42.133765889986535},""T3_high_proximity"":{""value"":0.892310889443059,""score"":46.15544472152949},""T4_rs_1m"":{""value"":-0.04356475782638691,""score"":6.435242173613091},""T5_rs_3m"":{""value"":-0.04174050451923628,""score"":29.129747740381863},""T6_adr_healthy"":{""value"":2.9576896795195946,""score"":100.0},""_score"":34.34},""geometry"":{""sub_contraction_count"":100.0,""sub_reduction_rate"":0,""sub_pivot_tightness"":3.4,""sub_volume_dryup"":17.3,""sub_base_depth"":46.3,""sub_base_duration"":100.0,""_score"":42.73},""compression"":{""VC1_atr_ratio"":{""value"":0.3330419918195893,""score"":100},""VC2_range_contraction"":{""value"":0.8949375374640699,""score"":17.510410422655017},""VC3_range_pct_rank"":{""score"":54.16666666666667},""_score"":59.67},""sr_quality"":{""SR1_touches"":{""value"":3,""score"":50.0},""SR2_tightness"":{""value"":1.2886254520051825,""score"":63.51345015401459},""SR3_recency"":{""value"":249,""score"":0.0},""SR4_price_location"":{""score"":87.71060455896945},""SR5_reaction"":{""value"":2.7379944766856887,""score"":100},""_score"":61.45,""_levels_found"":4,""_target_level"":215.5167},""volume"":{""V1_rvol_day"":{""value"":0.9291325756076295,""score"":28.608838373841966},""V2_rvol_sameslot"":{""value"":1.1809406164225063,""score"":45.39604109483375,""status"":""ok""},""V3_breakout_bar"":{""value"":1.5308965477435321,""score"":68.72643651623548},""V4_base_dryup"":{""value"":0.8711764166541934,""score"":62.88235833458066},""V5_bo_expansion"":{""value"":0.9291325756076293,""score"":0},""_score"":44.56},""readiness"":{""_distance_atr"":2.493,""BR1_atr_distance"":{""score"":0},""BR2_compression"":{""score"":40.94105721891119},""BR3_retest"":{""score"":50.0},""BR4_bo_age"":{""score"":50.0},""_score"":27.74},""risk"":{""R1_stop_clarity"":{""score"":10.967045168414387},""R2_stop_distance_pct"":{""value"":3.8215333737016204,""score"":100.0},""R3_stop_distance_atr"":{""value"":1.1615170002194373,""score"":83.07585001097186},""R4_rr_potential"":{""value"":4.868089878053981,""score"":100.0},""_score"":66.3},""market"":{""M1_spy_regime"":{""score"":100.0},""M3_earnings_risk"":{""value"":null,""score"":80.0},""M4_vix"":{""value"":null,""score"":60.0},""_score"":84.0},""liquidity"":{""L1_price"":{""value"":214.69,""score"":100.0},""L2_dollar_vol"":{""value"":1255613890.1956494,""score"":100.0},""L3_spread_proxy"":{""value"":0.02592109553309422,""score"":74.07890446690578},""L4_volume_zscore"":{""value"":-0.20867898787862335,""score"":100.0},""_score"":97.41},""pattern_structure"":{""n_contractions"":5,""contractions_pct"":[11.92,11.33,6.52,12.32,9.76],""descending_strict"":false,""final_low"":209.63,""final_pivot"":232.3,""structural_low"":209.63,""dry_up_ratio"":0.9133475084073159,""current_price"":214.69,""neckline_distance_pct"":0.08202524570310687,""base_bars"":61},""pattern_geometry_features"":{""contraction_count"":5.0,""first_contraction_pct"":0.11924469736161405,""last_contraction_pct"":0.09758932414980635,""dry_up_ratio"":0.9133475084073159,""near_monotone"":0.0,""base_depth_pct"":0.09626659768925681},""_schema_version"":""1.0""}",,,,,,,,,,
20260630T202552Z-536821,2026-06-30T20:25:52.986448+00:00,INTC,vcp,setup,51.27,95.1,35.0,38.6,39.4,18.8,69.7,40.6,84.0,90.0,14.26,8.75,4.63,4.73,2.44,4.88,2.03,5.04,4.5,False,,131.72,126.64,96.855,79.8,"{""trend"":{""T1_ema_stack"":{""value"":[true,true,true],""score"":100.0},""T2_ema50_slope"":{""value"":0.6744834733714152,""score"":100},""T3_high_proximity"":{""value"":0.9345820916702143,""score"":67.29104583510714},""T4_rs_1m"":{""value"":0.10760836719500444,""score"":100},""T5_rs_3m"":{""value"":1.8854188960479399,""score"":100},""T6_adr_healthy"":{""value"":7.185049274531814,""score"":100.0},""_score"":95.09},""geometry"":{""sub_contraction_count"":100.0,""sub_reduction_rate"":0,""sub_pivot_tightness"":0,""sub_volume_dryup"":0,""sub_base_depth"":0.0,""sub_base_duration"":100.0,""_score"":35.0},""compression"":{""VC1_atr_ratio"":{""value"":0.6440553797487909,""score"":88.98615506280227},""VC2_range_contraction"":{""value"":0.9771207538907999,""score"":3.813207684866686},""VC3_range_pct_rank"":{""score"":6.666666666666665},""_score"":38.6},""sr_quality"":{""SR1_touches"":{""value"":2,""score"":25.0},""SR2_tightness"":{""value"":2.0350000000000037,""score"":62.88383121197507},""SR3_recency"":{""value"":237,""score"":0.0},""SR4_price_location"":{""score"":30.0},""SR5_reaction"":{""value"":2.39340012246121,""score"":100},""_score"":39.43,""_levels_found"":3,""_target_level"":100.365},""volume"":{""V1_rvol_day"":{""value"":0.8082830698210177,""score"":20.552204654734517},""V2_rvol_sameslot"":{""value"":0.629775745596503,""score"":8.651716373100198,""status"":""ok""},""V3_breakout_bar"":{""value"":0.5934645215861533,""score"":6.230968105743551},""V4_base_dryup"":{""value"":0.9300541340417978,""score"":56.994586595820216},""V5_bo_expansion"":{""value"":0.8082830698210176,""score"":0},""_score"":18.8},""readiness"":{""_distance_atr"":-0.463,""BR1_atr_distance"":{""score"":100.0},""BR2_compression"":{""score"":48.96182819257244},""BR3_retest"":{""score"":50.0},""BR4_bo_age"":{""score"":50.0},""_score"":69.74},""risk"":{""R1_stop_clarity"":{""score"":73.09852916270393},""R2_stop_distance_pct"":{""value"":26.468987245672643,""score"":0.0},""R3_stop_distance_atr"":{""value"":3.179492307091026,""score"":100.0},""R4_rr_potential"":{""value"":-1.4891746582169192,""score"":0.0},""_score"":40.58},""market"":{""M1_spy_regime"":{""score"":100.0},""M3_earnings_risk"":{""value"":null,""score"":80.0},""M4_vix"":{""value"":null,""score"":60.0},""_score"":84.0},""liquidity"":{""L1_price"":{""value"":131.72,""score"":100.0},""L2_dollar_vol"":{""value"":14068394067.657837,""score"":100.0},""L3_spread_proxy"":{""value"":0.1028697236562406,""score"":0},""L4_volume_zscore"":{""value"":-0.7582823784211576,""score"":100.0},""_score"":90.0},""pattern_structure"":{""n_contractions"":5,""contractions_pct"":[16.72,10.28,15.08,22.86,22.35],""descending_strict"":false,""final_low"":98.33,""final_pivot"":126.64,""structural_low"":98.33,""dry_up_ratio"":1.0068820624026829,""current_price"":131.72,""neckline_distance_pct"":-0.03856665654418462,""base_bars"":85},""pattern_geometry_features"":{""contraction_count"":5.0,""first_contraction_pct"":0.167216935327248,""last_contraction_pct"":0.223547062539482,""dry_up_ratio"":1.0068820624026829,""near_monotone"":0.0,""base_depth_pct"":-0.9096912021751795},""_schema_version"":""1.0""}",,,,,,,,,,
20260630T202552Z-536821,2026-06-30T20:25:52.986448+00:00,FLEX,vcp,breakout_confirmed,51.24,98.9,36.4,20.4,39.8,32.1,64.8,36.8,84.0,90.0,14.84,9.09,2.44,4.77,4.18,4.54,1.84,5.04,4.5,False,,159.56,155.7,138.9934,82.3,"{""trend"":{""T1_ema_stack"":{""value"":[true,true,true],""score"":100.0},""T2_ema50_slope"":{""value"":0.7281104015973,""score"":100},""T3_high_proximity"":{""value"":0.9853031987155737,""score"":92.65159935778684},""T4_rs_1m"":{""value"":0.1195761245650998,""score"":100},""T5_rs_3m"":{""value"":1.29374185305704,""score"":100},""T6_adr_healthy"":{""value"":6.434724797460781,""score"":100.0},""_score"":98.9},""geometry"":{""sub_contraction_count"":100.0,""sub_reduction_rate"":0,""sub_pivot_tightness"":9.0,""sub_volume_dryup"":0,""sub_base_depth"":0.0,""sub_base_duration"":100.0,""_score"":36.35},""compression"":{""VC1_atr_ratio"":{""value"":0.8048147122939634,""score"":48.79632192650915},""VC2_range_contraction"":{""value"":1.1589236383636232,""score"":0},""VC3_range_pct_rank"":{""score"":3.3333333333333326},""_score"":20.35},""sr_quality"":{""SR1_touches"":{""value"":2,""score"":25.0},""SR2_tightness"":{""value"":1.6650000000000063,""score"":70.43234607473843},""SR3_recency"":{""value"":229,""score"":0.0},""SR4_price_location"":{""score"":30.0},""SR5_reaction"":{""value"":1.8956994982631699,""score"":94.78497491315849},""_score"":39.78,""_levels_found"":3,""_target_level"":139.445},""volume"":{""V1_rvol_day"":{""value"":0.6071146164753723,""score"":7.14097443169149},""V2_rvol_sameslot"":{""value"":1.3234563100148422,""score"":54.89708733432281,""status"":""ok""},""V3_breakout_bar"":{""value"":1.5007404652818488,""score"":66.71603101878992},""V4_base_dryup"":{""value"":1.3466330810109832,""score"":15.336691898901677},""V5_bo_expansion"":{""value"":0.6071146164753723,""score"":0},""_score"":32.15},""readiness"":{""_distance_atr"":-0.343,""BR1_atr_distance"":{""score"":100.0},""BR2_compression"":{""score"":29.29512952574026},""BR3_retest"":{""score"":50.0},""BR4_bo_age"":{""score"":50.0},""_score"":64.82},""risk"":{""R1_stop_clarity"":{""score"":62.41178697843577},""R2_stop_distance_pct"":{""value"":12.889602657307583,""score"":0.0},""R3_stop_distance_atr"":{""value"":1.8261489177236574,""score"":100.0},""R4_rr_potential"":{""value"":-3.7565670636686144,""score"":0.0},""_score"":36.84},""market"":{""M1_spy_regime"":{""score"":100.0},""M3_earnings_risk"":{""value"":null,""score"":80.0},""M4_vix"":{""value"":null,""score"":60.0},""_score"":84.0},""liquidity"":{""L1_price"":{""value"":159.56,""score"":100.0},""L2_dollar_vol"":{""value"":956530010.3421446,""score"":100.0},""L3_spread_proxy"":{""value"":0.10275695663073442,""score"":0},""L4_volume_zscore"":{""value"":-0.23098321516837697,""score"":100.0},""_score"":90.0},""pattern_structure"":{""n_contractions"":5,""contractions_pct"":[7.74,14.78,17.67,17.43,9.37],""descending_strict"":false,""final_low"":141.11,""final_pivot"":155.7,""structural_low"":141.11,""dry_up_ratio"":2.5384306109938826,""current_price"":159.56,""neckline_distance_pct"":-0.024191526698420743,""base_bars"":81},""pattern_geometry_features"":{""contraction_count"":5.0,""first_contraction_pct"":0.07738886427411011,""last_contraction_pct"":0.09370584457289645,""dry_up_ratio"":2.5384306109938826,""near_monotone"":0.0,""base_depth_pct"":-1.0840348545266583},""_schema_version"":""1.0""}",,,,,,,,,,
20260630T202552Z-536821,2026-06-30T20:25:52.986448+00:00,CRM,double_bottom,setup,51.19,5.0,67.2,68.3,53.7,10.5,75.5,55.8,84.0,97.4,0.75,16.81,5.46,7.51,1.36,6.04,3.35,5.04,4.87,False,,157.93,157.06,146.5483,165.34,"{""trend"":{""T1_ema_stack"":{""value"":[false,false,false],""score"":0.0},""T2_ema50_slope"":{""value"":-0.3769694865411434,""score"":0},""T3_high_proximity"":{""value"":0.7534828244274809,""score"":0},""T4_rs_1m"":{""value"":-0.08551356339496963,""score"":0},""T5_rs_3m"":{""value"":-0.28783867063769963,""score"":0},""T6_adr_healthy"":{""value"":4.022153476956383,""score"":100.0},""_score"":5.0},""geometry"":{""sub_low_similarity"":86.3,""sub_bounce_quality"":36.6,""sub_separation_fit"":100.0,""sub_right_bottom_reaction"":86.8,""sub_base_context"":30.0,""_score"":67.23},""compression"":{""VC1_atr_ratio"":{""value"":0.41648102426284955,""score"":100},""VC2_range_contraction"":{""value"":0.8618662025258464,""score"":23.022299579025592},""VC3_range_pct_rank"":{""score"":80.83333333333333},""_score"":68.27},""sr_quality"":{""SR1_touches"":{""value"":2,""score"":25.0},""SR2_tightness"":{""value"":0.40374999999998806,""score"":87.48558157452564},""SR3_recency"":{""value"":252,""score"":0.0},""SR4_price_location"":{""score"":72.13314101386173},""SR5_reaction"":{""value"":3.686329229386354,""score"":100},""_score"":53.66,""_levels_found"":5,""_target_level"":163.9237},""volume"":{""V1_rvol_day"":{""value"":0.6962566740024667,""score"":13.083778266831114},""V2_rvol_sameslot"":{""value"":0.6845965605468632,""score"":12.306437369790883,""status"":""ok""},""V3_breakout_bar"":{""value"":0.8236713644734435,""score"":21.578090964896234},""V4_base_dryup"":{""value"":1.5324459977152245,""score"":0},""V5_bo_expansion"":{""value"":0.6962566740024667,""score"":0},""_score"":10.47},""readiness"":{""_distance_atr"":-0.135,""BR1_atr_distance"":{""score"":100.0},""BR2_compression"":{""score"":71.95662378479241},""BR3_retest"":{""score"":50.0},""BR4_bo_age"":{""score"":50.0},""_score"":75.49},""risk"":{""R1_stop_clarity"":{""score"":30.82742390060234},""R2_stop_distance_pct"":{""value"":7.206800481225856,""score"":100.0},""R3_stop_distance_atr"":{""value"":1.763905339854187,""score"":100.0},""R4_rr_potential"":{""value"":0.6510450987110888,""score"":0.0},""_score"":55.79},""market"":{""M1_spy_regime"":{""score"":100.0},""M3_earnings_risk"":{""value"":null,""score"":80.0},""M4_vix"":{""value"":null,""score"":60.0},""_score"":84.0},""liquidity"":{""L1_price"":{""value"":157.93,""score"":100.0},""L2_dollar_vol"":{""value"":2000037214.5631502,""score"":100.0},""L3_spread_proxy"":{""value"":0.025707591971126462,""score"":74.29240802887354},""L4_volume_zscore"":{""value"":-0.5368997044735819,""score"":100.0},""_score"":97.43},""pattern_structure"":{""left_low"":149.8,""left_idx"":38,""right_low"":148.78,""right_idx"":62,""separation_bars"":24,""structural_low"":148.78,""current_price"":158.44,""neckline_distance_pct"":-0.008709921736935088,""base_bars"":24},""pattern_geometry_features"":{""low_similarity_pct"":0.006832339741442897,""bounce_pct"":0.055652641484070446,""right_bottom_reaction"":0.8678160919540234,""atr_pct"":0.04085707049235196},""_schema_version"":""1.0""}",,,,,,,,,,
20260630T202552Z-536821,2026-06-30T20:25:52.986448+00:00,RGTI,vcp,absent,50.74,50.5,48.4,63.6,42.3,19.1,29.1,83.9,84.0,91.9,7.58,12.11,7.63,5.08,2.48,2.03,4.2,5.04,4.6,False,,19.44,28.06,18.193,27.5149,"{""trend"":{""T1_ema_stack"":{""value"":[false,true,true],""score"":66.66666666666666},""T2_ema50_slope"":{""value"":0.19464596332545944,""score"":82.44099388757658},""T3_high_proximity"":{""value"":0.7192008879023307,""score"":0},""T4_rs_1m"":{""value"":-0.26277631856467165,""score"":0},""T5_rs_3m"":{""value"":0.29085563350415344,""score"":100},""T6_adr_healthy"":{""value"":10.098364371778427,""score"":47.540890705539326},""_score"":50.53},""geometry"":{""sub_contraction_count"":100.0,""sub_reduction_rate"":0,""sub_pivot_tightness"":0,""sub_volume_dryup"":89.5,""sub_base_depth"":0.0,""sub_base_duration"":100.0,""_score"":48.42},""compression"":{""VC1_atr_ratio"":{""value"":0.41187295288698295,""score"":100},""VC2_range_contraction"":{""value"":0.7885435541381147,""score"":35.24274097698088},""VC3_range_pct_rank"":{""score"":44.99999999999999},""_score"":63.58},""sr_quality"":{""SR1_touches"":{""value"":2,""score"":25.0},""SR2_tightness"":{""value"":0.42499999999999893,""score"":59.00128508577011},""SR3_recency"":{""value"":254,""score"":0.0},""SR4_price_location"":{""score"":43.931131571708335},""SR5_reaction"":{""value"":2.322456615435499,""score"":100},""_score"":42.33,""_levels_found"":7,""_target_level"":20.595},""volume"":{""V1_rvol_day"":{""value"":0.6826050245216201,""score"":12.173668301441339},""V2_rvol_sameslot"":{""value"":0.5407820472614746,""score"":2.718803150764974,""status"":""ok""},""V3_breakout_bar"":{""value"":0.6578781948054742,""score"":10.525212987031612},""V4_base_dryup"":{""value"":0.8256678625789908,""score"":67.43321374210092},""V5_bo_expansion"":{""value"":0.6826050245216201,""score"":0},""_score"":19.1},""readiness"":{""_distance_atr"":4.158,""BR1_atr_distance"":{""score"":0},""BR2_compression"":{""score"":46.259476115116996},""BR3_retest"":{""score"":50.0},""BR4_bo_age"":{""score"":50.0},""_score"":29.06},""risk"":{""R1_stop_clarity"":{""score"":73.2735165528006},""R2_stop_distance_pct"":{""value"":6.414359567901243,""score"":100.0},""R3_stop_distance_atr"":{""value"":0.6014518712984885,""score"":55.07259356492442},""R4_rr_potential"":{""value"":6.475712968788272,""score"":100.0},""_score"":83.91},""market"":{""M1_spy_regime"":{""score"":100.0},""M3_earnings_risk"":{""value"":null,""score"":80.0},""M4_vix"":{""value"":null,""score"":60.0},""_score"":84.0},""liquidity"":{""L1_price"":{""value"":19.44,""score"":100.0},""L2_dollar_vol"":{""value"":577626116.4350582,""score"":100.0},""L3_spread_proxy"":{""value"":0.08071502057613163,""score"":19.28497942386838},""L4_volume_zscore"":{""value"":-0.9137756668292958,""score"":100.0},""_score"":91.93},""pattern_structure"":{""n_contractions"":5,""contractions_pct"":[19.83,23.13,24.14,26.45,34.18],""descending_strict"":false,""final_low"":18.4701,""final_pivot"":28.06,""structural_low"":18.4701,""dry_up_ratio"":0.5525274296618424,""current_price"":19.44,""neckline_distance_pct"":0.44341563786008215,""base_bars"":63},""pattern_geometry_features"":{""contraction_count"":5.0,""first_contraction_pct"":0.19832635983263605,""last_contraction_pct"":0.3417640769779045,""dry_up_ratio"":0.5525274296618424,""near_monotone"":0.0,""base_depth_pct"":-0.030410041841004067},""_schema_version"":""1.0""}",,,,,,,,,,
20260630T202552Z-536821,2026-06-30T20:25:52.986448+00:00,POWI,base_on_base,absent,50.47,64.5,43.9,61.0,48.5,18.4,23.9,47.7,84.0,91.4,11.6,10.96,6.1,4.85,2.21,1.91,2.39,5.88,4.57,False,,78.96,91.1786,68.3295,100.8186,"{""trend"":{""T1_ema_stack"":{""value"":[false,true,true],""score"":66.66666666666666},""T2_ema50_slope"":{""value"":0.48751573057164094,""score"":100},""T3_high_proximity"":{""value"":0.9039496279336005,""score"":51.974813966800205},""T4_rs_1m"":{""value"":-0.0751206542676226,""score"":0},""T5_rs_3m"":{""value"":0.426547689196209,""score"":100},""T6_adr_healthy"":{""value"":6.171561306065713,""score"":100.0},""_score"":64.46},""geometry"":{""sub_shallower_second"":0,""sub_second_base_depth"":40.8,""sub_rim_advance"":100,""sub_dry_up"":33.5,""sub_second_base_duration"":60.0,""_score"":43.86},""compression"":{""VC1_atr_ratio"":{""value"":0.5945437890664903,""score"":100},""VC2_range_contraction"":{""value"":0.7904249931996065,""score"":34.92916780006559},""VC3_range_pct_rank"":{""score"":35.0},""_score"":60.98},""sr_quality"":{""SR1_touches"":{""value"":2,""score"":25.0},""SR2_tightness"":{""value"":0.6494499999999945,""score"":77.13117949620857},""SR3_recency"":{""value"":241,""score"":0.0},""SR4_price_location"":{""score"":64.55425332843882},""SR5_reaction"":{""value"":1.7666951721015607,""score"":88.33475860507804},""_score"":48.46,""_levels_found"":8,""_target_level"":80.9394},""volume"":{""V1_rvol_day"":{""value"":0.7708773038328546,""score"":18.058486922190305},""V2_rvol_sameslot"":{""value"":0.5110063029154349,""score"":0.7337535276956613,""status"":""ok""},""V3_breakout_bar"":{""value"":0.4046251504565782,""score"":0},""V4_base_dryup"":{""value"":0.7663655128304037,""score"":73.36344871695964},""V5_bo_expansion"":{""value"":0.7708773038328546,""score"":0},""_score"":18.43},""readiness"":{""_distance_atr"":2.151,""BR1_atr_distance"":{""score"":0},""BR2_compression"":{""score"":25.43780127703286},""BR3_retest"":{""score"":50.0},""BR4_bo_age"":{""score"":50.0},""_score"":23.86},""risk"":{""R1_stop_clarity"":{""score"":63.35953318158398},""R2_stop_distance_pct"":{""value"":13.463209219858138,""score"":0.0},""R3_stop_distance_atr"":{""value"":1.8716463146245417,""score"":100.0},""R4_rr_potential"":{""value"":2.0562059347823056,""score"":52.81029673911528},""_score"":47.74},""market"":{""M1_spy_regime"":{""score"":100.0},""M3_earnings_risk"":{""value"":null,""score"":80.0},""M4_vix"":{""value"":null,""score"":60.0},""_score"":84.0},""liquidity"":{""L1_price"":{""value"":78.96,""score"":100.0},""L2_dollar_vol"":{""value"":69458975.42862432,""score"":92.08641864282261},""L3_spread_proxy"":{""value"":0.05458459979736579,""score"":45.41540020263421},""L4_volume_zscore"":{""value"":-0.6122519247300131,""score"":100.0},""_score"":91.38},""pattern_structure"":{""first_base_low"":64.85,""first_base_top"":74.49,""first_base_bars"":18,""second_base_low"":69.37,""second_base_top"":91.1786,""second_base_bars"":15,""structural_low"":69.37,""stacking_overlap_pct"":0.06873405826285395,""current_price"":78.96,""neckline_distance_pct"":0.15474417426545098,""base_bars"":15},""pattern_geometry_features"":{""first_base_depth_pct"":0.12941334407302996,""second_base_depth_pct"":0.23918551063517093,""second_dry_up_ratio"":0.83260138037604,""rim_advance_pct"":0.2240381259229428,""atr_pct"":0.07193244319004204},""_schema_version"":""1.0""}",,,,,,,,,,
20260630T202552Z-536821,2026-06-30T20:25:52.986448+00:00,TSM,vcp,setup,50.43,97.6,35.2,19.4,48.3,24.8,63.5,28.9,84.0,94.5,14.64,8.79,2.33,5.8,3.22,4.45,1.45,5.04,4.73,False,,455.1,450.1636,399.4273,395.0986,"{""trend"":{""T1_ema_stack"":{""value"":[true,true,true],""score"":100.0},""T2_ema50_slope"":{""value"":0.2878426574021608,""score"":97.97377623369347},""T3_high_proximity"":{""value"":0.9731220732567837,""score"":86.56103662839182},""T4_rs_1m"":{""value"":0.08919918104888513,""score"":100},""T5_rs_3m"":{""value"":0.22424675860734333,""score"":100},""T6_adr_healthy"":{""value"":3.951230634094872,""score"":100.0},""_score"":97.58},""geometry"":{""sub_contraction_count"":100.0,""sub_reduction_rate"":0,""sub_pivot_tightness"":1.1,""sub_volume_dryup"":0,""sub_base_depth"":0.0,""sub_base_duration"":100.0,""_score"":35.16},""compression"":{""VC1_atr_ratio"":{""value"":0.8161451305024988,""score"":45.96371737437529},""VC2_range_contraction"":{""value"":1.0272218143751985,""score"":0},""VC3_range_pct_rank"":{""score"":4.1666666666666625},""_score"":19.43},""sr_quality"":{""SR1_touches"":{""value"":4,""score"":75.0},""SR2_tightness"":{""value"":6.381827716258105,""score"":36.754389254996866},""SR3_recency"":{""value"":235,""score"":0.0},""SR4_price_location"":{""score"":30.0},""SR5_reaction"":{""value"":1.7053090357204916,""score"":85.26545178602458},""_score"":48.3,""_levels_found"":5,""_target_level"":415.495},""volume"":{""V1_rvol_day"":{""value"":1.0283778351646324,""score"":35.22518901097549},""V2_rvol_sameslot"":{""value"":0.9464136542874754,""score"":29.76091028583169,""status"":""ok""},""V3_breakout_bar"":{""value"":0.6737313076357826,""score"":11.58208717571884},""V4_base_dryup"":{""value"":1.0714032466814052,""score"":42.85967533185948},""V5_bo_expansion"":{""value"":1.0283778351646322,""score"":1.8918556776421476},""_score"":24.75},""readiness"":{""_distance_atr"":-0.245,""BR1_atr_distance"":{""score"":100.0},""BR2_compression"":{""score"":24.067318783059342},""BR3_retest"":{""score"":50.0},""BR4_bo_age"":{""score"":50.0},""_score"":63.52},""risk"":{""R1_stop_clarity"":{""score"":39.71932002832923},""R2_stop_distance_pct"":{""value"":12.23305866842453,""score"":0.0},""R3_stop_distance_atr"":{""value"":2.758653874400827,""score"":100.0},""R4_rr_potential"":{""value"":-1.0777536186978707,""score"":0.0},""_score"":28.9},""market"":{""M1_spy_regime"":{""score"":100.0},""M3_earnings_risk"":{""value"":null,""score"":80.0},""M4_vix"":{""value"":null,""score"":60.0},""_score"":84.0},""liquidity"":{""L1_price"":{""value"":455.1,""score"":100.0},""L2_dollar_vol"":{""value"":6772518795.179661,""score"":100.0},""L3_spread_proxy"":{""value"":0.05495495495495506,""score"":45.045045045044944},""L4_volume_zscore"":{""value"":0.09000851720738498,""score"":100.0},""_score"":94.5},""pattern_structure"":{""n_contractions"":5,""contractions_pct"":[10.46,5.65,8.07,8.75,9.92],""descending_strict"":false,""final_low"":405.51,""final_pivot"":450.1636,""structural_low"":405.51,""dry_up_ratio"":1.2136274204903137,""current_price"":455.1,""neckline_distance_pct"":-0.010846846846846954,""base_bars"":52},""pattern_geometry_features"":{""contraction_count"":5.0,""first_contraction_pct"":0.10456705046440949,""last_contraction_pct"":0.09919415963440843,""dry_up_ratio"":1.2136274204903137,""near_monotone"":0.0,""base_depth_pct"":-0.15712879339125968},""_schema_version"":""1.0""}",,,,,,,,,,
20260630T202552Z-536821,2026-06-30T20:25:52.986448+00:00,MOD,vcp,absent,50.29,57.0,35.0,67.1,51.8,24.1,27.3,78.4,84.0,94.4,8.55,8.75,8.05,6.21,3.13,1.91,3.92,5.04,4.72,False,,256.34,318.61,247.6093,302.99,"{""trend"":{""T1_ema_stack"":{""value"":[false,true,true],""score"":66.66666666666666},""T2_ema50_slope"":{""value"":0.32785664093475037,""score"":100},""T3_high_proximity"":{""value"":0.8352830004236045,""score"":17.641500211802217},""T4_rs_1m"":{""value"":-0.03502486069677713,""score"":14.975139303222875},""T5_rs_3m"":{""value"":0.02947058047580242,""score"":64.73529023790121},""T6_adr_healthy"":{""value"":6.5203787211475985,""score"":100.0},""_score"":57.02},""geometry"":{""sub_contraction_count"":100.0,""sub_reduction_rate"":0,""sub_pivot_tightness"":0,""sub_volume_dryup"":0,""sub_base_depth"":0.0,""sub_base_duration"":100.0,""_score"":35.0},""compression"":{""VC1_atr_ratio"":{""value"":0.40875139735407295,""score"":100},""VC2_range_contraction"":{""value"":0.7568863966000386,""score"":40.518933899993556},""VC3_range_pct_rank"":{""score"":51.66666666666666},""_score"":67.1},""sr_quality"":{""SR1_touches"":{""value"":2,""score"":25.0},""SR2_tightness"":{""value"":0.35354999999998427,""score"":96.3152244797081},""SR3_recency"":{""value"":267,""score"":0.0},""SR4_price_location"":{""score"":72.51522811088529},""SR5_reaction"":{""value"":1.5579367430863469,""score"":77.89683715431734},""_score"":51.76,""_levels_found"":7,""_target_level"":259.6565},""volume"":{""V1_rvol_day"":{""value"":0.9043760475406676,""score"":26.95840316937784},""V2_rvol_sameslot"":{""value"":0.9698359428577654,""score"":31.322396190517694,""status"":""ok""},""V3_breakout_bar"":{""value"":0.6847164295079741,""score"":12.314428633864939},""V4_base_dryup"":{""value"":1.0336953415031949,""score"":46.63046584968051},""V5_bo_expansion"":{""value"":0.9043760475406676,""score"":0},""_score"":24.06},""readiness"":{""_distance_atr"":3.245,""BR1_atr_distance"":{""score"":0},""BR2_compression"":{""score"":39.11334159070949},""BR3_retest"":{""score"":50.0},""BR4_bo_age"":{""score"":50.0},""_score"":27.28},""risk"":{""R1_stop_clarity"":{""score"":60.7009388930412},""R2_stop_distance_pct"":{""value"":3.405906218303809,""score"":100.0},""R3_stop_distance_atr"":{""value"":0.4549663362326944,""score"":47.748316811634716},""R4_rr_potential"":{""value"":5.343214175266601,""score"":100.0},""_score"":78.41},""market"":{""M1_spy_regime"":{""score"":100.0},""M3_earnings_risk"":{""value"":null,""score"":80.0},""M4_vix"":{""value"":null,""score"":60.0},""_score"":84.0},""liquidity"":{""L1_price"":{""value"":256.34,""score"":100.0},""L2_dollar_vol"":{""value"":397698808.80390203,""score"":100.0},""L3_spread_proxy"":{""value"":0.05582429585706485,""score"":44.175704142935146},""L4_volume_zscore"":{""value"":-0.08977840292053636,""score"":100.0},""_score"":94.42},""pattern_structure"":{""n_contractions"":5,""contractions_pct"":[16.42,10.72,12.31,21.0,21.1],""descending_strict"":false,""final_low"":251.38,""final_pivot"":318.61,""structural_low"":251.38,""dry_up_ratio"":1.4775217284341735,""current_price"":256.34,""neckline_distance_pct"":0.24291955995942907,""base_bars"":53},""pattern_geometry_features"":{""contraction_count"":5.0,""first_contraction_pct"":0.164234815066169,""last_contraction_pct"":0.21101032610401435,""dry_up_ratio"":1.4775217284341735,""near_monotone"":0.0,""base_depth_pct"":-0.06625381744146593},""_schema_version"":""1.0""}",,,,,,,,,,
20260630T202552Z-536821,2026-06-30T20:25:52.986448+00:00,CSCO,vcp,absent,49.82,76.6,35.0,62.8,33.9,26.1,36.6,42.5,84.0,97.1,11.49,8.75,7.53,4.07,3.4,2.56,2.12,5.04,4.85,True,risk_unclear,117.7,130.3656,114.7525,96.9756,"{""trend"":{""T1_ema_stack"":{""value"":[false,true,true],""score"":66.66666666666666},""T2_ema50_slope"":{""value"":0.5187482455572551,""score"":100},""T3_high_proximity"":{""value"":0.9053846153846155,""score"":52.69230769230771},""T4_rs_1m"":{""value"":0.01009966474001045,""score"":60.099664740010454},""T5_rs_3m"":{""value"":0.30411889676741666,""score"":100},""T6_adr_healthy"":{""value"":3.3872972498109055,""score"":100.0},""_score"":76.59},""geometry"":{""sub_contraction_count"":100.0,""sub_reduction_rate"":0,""sub_pivot_tightness"":0,""sub_volume_dryup"":0,""sub_base_depth"":0.0,""sub_base_duration"":100.0,""_score"":35.0},""compression"":{""VC1_atr_ratio"":{""value"":0.5517712239257905,""score"":100},""VC2_range_contraction"":{""value"":0.7670541097676535,""score"":38.82431503872441},""VC3_range_pct_rank"":{""score"":36.66666666666667},""_score"":62.76},""sr_quality"":{""SR1_touches"":{""value"":2,""score"":25.0},""SR2_tightness"":{""value"":0.7000000000000028,""score"":63.28866162822264},""SR3_recency"":{""value"":246,""score"":0.0},""SR4_price_location"":{""score"":29.080118694362096},""SR5_reaction"":{""value"":1.2901413199224585,""score"":64.50706599612292},""_score"":33.94,""_levels_found"":7,""_target_level"":120.09},""volume"":{""V1_rvol_day"":{""value"":0.8589463410037981,""score"":23.92975606691987},""V2_rvol_sameslot"":{""value"":0.8402498067195244,""score"":22.683320447968295,""status"":""ok""},""V3_breakout_bar"":{""value"":0.9102294148123057,""score"":27.348627654153713},""V4_base_dryup"":{""value"":1.0015592708273915,""score"":49.84407291726085},""V5_bo_expansion"":{""value"":0.8589463410037981,""score"":0},""_score"":26.13},""readiness"":{""_distance_atr"":3.321,""BR1_atr_distance"":{""score"":0},""BR2_compression"":{""score"":76.5529368295612},""BR3_retest"":{""score"":50.0},""BR4_bo_age"":{""score"":50.0},""_score"":36.64},""risk"":{""R1_stop_clarity"":{""score"":8.352765993313199},""R2_stop_distance_pct"":{""value"":2.5042480883602423,""score"":100.0},""R3_stop_distance_atr"":{""value"":0.772904784648668,""score"":63.64523923243339},""R4_rr_potential"":{""value"":-7.031178965224756,""score"":0.0},""_score"":42.47},""market"":{""M1_spy_regime"":{""score"":100.0},""M3_earnings_risk"":{""value"":null,""score"":80.0},""M4_vix"":{""value"":null,""score"":60.0},""_score"":84.0},""liquidity"":{""L1_price"":{""value"":117.7,""score"":100.0},""L2_dollar_vol"":{""value"":2642034414.3045273,""score"":100.0},""L3_spread_proxy"":{""value"":0.029354290569243945,""score"":70.64570943075606},""L4_volume_zscore"":{""value"":-0.38184846920945975,""score"":100.0},""_score"":97.06},""pattern_structure"":{""n_contractions"":5,""contractions_pct"":[8.18,4.59,5.17,4.87,10.64],""descending_strict"":false,""final_low"":116.5,""final_pivot"":130.3656,""structural_low"":116.5,""dry_up_ratio"":1.052882258032105,""current_price"":117.7,""neckline_distance_pct"":0.1076091758708581,""base_bars"":53},""pattern_geometry_features"":{""contraction_count"":5.0,""first_contraction_pct"":0.08181927565876546,""last_contraction_pct"":0.1063593463306271,""dry_up_ratio"":1.052882258032105,""near_monotone"":0.0,""base_depth_pct"":-0.4017567079773794},""_schema_version"":""1.0""}",,,,,,,,,,
20260630T202552Z-536821,2026-06-30T20:25:52.986448+00:00,AMAT,inverse_head_shoulders,setup,49.71,100.0,57.6,0.4,41.3,22.7,35.5,37.6,84.0,65.7,12.0,16.13,0.03,5.79,3.18,2.84,2.26,4.2,3.28,False,,694.64,658.5,560.9476,747.51,"{""trend"":{""T1_ema_stack"":{""value"":[true,true,true],""score"":100.0},""T2_ema50_slope"":{""value"":0.6783478799239628,""score"":100},""T3_high_proximity"":{""value"":1.0,""score"":99.99999999999997},""T4_rs_1m"":{""value"":0.5627657218375698,""score"":100},""T5_rs_3m"":{""value"":0.8916031912763573,""score"":100},""T6_adr_healthy"":{""value"":6.067026766944321,""score"":100.0},""_score"":100.0},""geometry"":{""sub_head_depth"":70.8,""sub_shoulder_price_sym"":2.1,""sub_shoulder_time_sym"":71.4,""sub_right_shoulder_reaction"":85.5,""sub_base_context"":100.0,""_score"":57.6},""compression"":{""VC1_atr_ratio"":{""value"":1.320963579186476,""score"":0},""VC2_range_contraction"":{""value"":1.0413368914122014,""score"":0},""VC3_range_pct_rank"":{""score"":1.6666666666666718},""_score"":0.42},""sr_quality"":{""SR1_touches"":{""value"":3,""score"":50.0},""SR2_tightness"":{""value"":13.248654753596663,""score"":45.13729815009526},""SR3_recency"":{""value"":237,""score"":0.0},""SR4_price_location"":{""score"":30.0},""SR5_reaction"":{""value"":1.6081228114621158,""score"":80.40614057310579},""_score"":41.33,""_levels_found"":4,""_target_level"":437.2083},""volume"":{""V1_rvol_day"":{""value"":1.1769565240460391,""score"":45.13043493640261},""V2_rvol_sameslot"":{""value"":1.2019495316659445,""score"":46.7966354443963,""status"":""ok""},""V3_breakout_bar"":{""value"":0.6553208501409841,""score"":10.354723342732271},""V4_base_dryup"":{""value"":1.678424443501388,""score"":0},""V5_bo_expansion"":{""value"":1.1769565240460393,""score"":11.797101603069288},""_score"":22.74},""readiness"":{""_distance_atr"":-0.748,""BR1_atr_distance"":{""score"":45.03441985823281},""BR2_compression"":{""score"":0},""BR3_retest"":{""score"":50.0},""BR4_bo_age"":{""score"":50.0},""_score"":35.51},""risk"":{""R1_stop_clarity"":{""score"":64.62611413280968},""R2_stop_distance_pct"":{""value"":19.246278647932748,""score"":0.0},""R3_stop_distance_atr"":{""value"":2.7681012427589784,""score"":100.0},""R4_rr_potential"":{""value"":0.39546017404885164,""score"":0.0},""_score"":37.62},""market"":{""M1_spy_regime"":{""score"":100.0},""M3_earnings_risk"":{""value"":null,""score"":80.0},""M4_vix"":{""value"":null,""score"":60.0},""_score"":84.0},""liquidity"":{""L1_price"":{""value"":694.64,""score"":2.6800000000000046},""L2_dollar_vol"":{""value"":9839784324.630447,""score"":100.0},""L3_spread_proxy"":{""value"":0.1106760336289301,""score"":0},""L4_volume_zscore"":{""value"":0.4621746124312383,""score"":100.0},""_score"":65.67},""pattern_structure"":{""left_shoulder"":576.49,""left_shoulder_idx"":75,""head"":569.49,""head_idx"":81,""right_shoulder"":623.46,""right_shoulder_idx"":88,""left_to_head_bars"":6,""head_to_right_bars"":7,""structural_low"":569.49,""current_price"":697.535,""neckline_distance_pct"":-0.05596134960969696,""base_bars"":13},""pattern_geometry_features"":{""head_depth_pct"":0.05081045043543483,""shoulder_price_asymmetry"":0.07828659527480315,""shoulder_time_asymmetry"":0.14285714285714285,""right_shoulder_reaction"":0.8551156271899091,""atr_pct"":0.06952881040127672},""_schema_version"":""1.0""}",,,,,,,,,,
20260630T202552Z-536821,2026-06-30T20:25:52.986448+00:00,VSH,vcp,absent,49.38,78.8,40.0,38.8,49.0,17.4,28.8,64.2,84.0,90.0,11.82,9.99,4.66,5.88,2.27,2.02,3.21,5.04,4.5,False,,56.28,66.65,52.8551,30.91,"{""trend"":{""T1_ema_stack"":{""value"":[false,true,true],""score"":66.66666666666666},""T2_ema50_slope"":{""value"":1.3430966948318637,""score"":100},""T3_high_proximity"":{""value"":0.8671802773497688,""score"":33.590138674884365},""T4_rs_1m"":{""value"":0.09535816872442171,""score"":100},""T5_rs_3m"":{""value"":2.1380941763948704,""score"":100},""T6_adr_healthy"":{""value"":10.335760562653292,""score"":41.60598593366771},""_score"":78.79},""geometry"":{""sub_contraction_count"":100.0,""sub_reduction_rate"":0,""sub_pivot_tightness"":0,""sub_volume_dryup"":33.2,""sub_base_depth"":0.0,""sub_base_duration"":100.0,""_score"":39.98},""compression"":{""VC1_atr_ratio"":{""value"":0.672294641843693,""score"":81.92633953907674},""VC2_range_contraction"":{""value"":0.9215044580634236,""score"":13.08259032276273},""VC3_range_pct_rank"":{""score"":5.833333333333335},""_score"":38.81},""sr_quality"":{""SR1_touches"":{""value"":2,""score"":25.0},""SR2_tightness"":{""value"":1.4099999999999966,""score"":58.206079596881445},""SR3_recency"":{""value"":228,""score"":0.0},""SR4_price_location"":{""score"":71.05295490846541},""SR5_reaction"":{""value"":2.1452730419685913,""score"":100},""_score"":48.99,""_levels_found"":3,""_target_level"":68.06},""volume"":{""V1_rvol_day"":{""value"":0.7747434580350891,""score"":18.31623053567261},""V2_rvol_sameslot"":{""value"":0.8866184478305614,""score"":25.774563188704096,""status"":""ok""},""V3_breakout_bar"":{""value"":1.0167413548149045,""score"":34.449423654326964},""V4_base_dryup"":{""value"":2.679684342817042,""score"":0},""V5_bo_expansion"":{""value"":0.774743458035089,""score"":0},""_score"":17.43},""readiness"":{""_distance_atr"":1.537,""BR1_atr_distance"":{""score"":0},""BR2_compression"":{""score"":45.30772600963094},""BR3_retest"":{""score"":50.0},""BR4_bo_age"":{""score"":50.0},""_score"":28.83},""risk"":{""R1_stop_clarity"":{""score"":76.14189607626216},""R2_stop_distance_pct"":{""value"":6.085465529495394,""score"":100.0},""R3_stop_distance_atr"":{""value"":0.5075886453497923,""score"":50.37943226748962},""R4_rr_potential"":{""value"":-7.407515547899188,""score"":0.0},""_score"":64.21},""market"":{""M1_spy_regime"":{""score"":100.0},""M3_earnings_risk"":{""value"":null,""score"":80.0},""M4_vix"":{""value"":null,""score"":60.0},""_score"":84.0},""liquidity"":{""L1_price"":{""value"":56.28,""score"":100.0},""L2_dollar_vol"":{""value"":394509966.5914202,""score"":100.0},""L3_spread_proxy"":{""value"":0.11922530206112297,""score"":0},""L4_volume_zscore"":{""value"":-0.6625580361286251,""score"":100.0},""_score"":90.0},""pattern_structure"":{""n_contractions"":5,""contractions_pct"":[8.26,13.46,7.83,13.75,19.49],""descending_strict"":false,""final_low"":53.66,""final_pivot"":66.65,""structural_low"":53.66,""dry_up_ratio"":0.8338912563147401,""current_price"":56.28,""neckline_distance_pct"":0.18425728500355373,""base_bars"":59},""pattern_geometry_features"":{""contraction_count"":5.0,""first_contraction_pct"":0.08258928571428573,""last_contraction_pct"":0.19489872468117042,""dry_up_ratio"":0.8338912563147401,""near_monotone"":0.0,""base_depth_pct"":-1.9944196428571423},""_schema_version"":""1.0""}",,,,,,,,,,
20260630T202552Z-536821,2026-06-30T20:25:52.986448+00:00,CRM,bull_flag,forming,49.25,5.0,59.4,68.3,53.7,14.7,59.7,63.2,84.0,97.4,0.7,17.81,6.14,5.37,2.05,5.37,1.9,5.04,4.87,True,risk_unclear,157.93,161.76,155.364,174.74,"{""trend"":{""T1_ema_stack"":{""value"":[false,false,false],""score"":0.0},""T2_ema50_slope"":{""value"":-0.3769694865411434,""score"":0},""T3_high_proximity"":{""value"":0.7534828244274809,""score"":0},""T4_rs_1m"":{""value"":-0.08551356339496963,""score"":0},""T5_rs_3m"":{""value"":-0.28783867063769963,""score"":0},""T6_adr_healthy"":{""value"":4.022153476956383,""score"":100.0},""_score"":5.0},""geometry"":{""sub_pole_impulse"":28.4,""sub_flag_tightness"":75.1,""sub_flag_shallowness"":42.9,""sub_flag_drift"":98.3,""sub_flag_duration"":87.5,""_score"":59.37},""compression"":{""VC1_atr_ratio"":{""value"":0.41648102426284955,""score"":100},""VC2_range_contraction"":{""value"":0.8618662025258464,""score"":23.022299579025592},""VC3_range_pct_rank"":{""score"":80.83333333333333},""_score"":68.27},""sr_quality"":{""SR1_touches"":{""value"":2,""score"":25.0},""SR2_tightness"":{""value"":0.40374999999998806,""score"":87.48558157452564},""SR3_recency"":{""value"":252,""score"":0.0},""SR4_price_location"":{""score"":72.13314101386173},""SR5_reaction"":{""value"":3.686329229386354,""score"":100},""_score"":53.66,""_levels_found"":5,""_target_level"":163.9237},""volume"":{""V1_rvol_day"":{""value"":0.6962566740024667,""score"":13.083778266831114},""V2_rvol_sameslot"":{""value"":0.6845965605468632,""score"":12.306437369790883,""status"":""ok""},""V3_breakout_bar"":{""value"":0.8236713644734435,""score"":21.578090964896234},""V4_base_dryup"":{""value"":1.2905455197432578,""score"":20.945448025674224},""V5_bo_expansion"":{""value"":0.6962566740024667,""score"":0},""_score"":14.66},""readiness"":{""_distance_atr"":0.594,""BR1_atr_distance"":{""score"":60.429124813566155},""BR2_compression"":{""score"":71.95662378479241},""BR3_retest"":{""score"":50.0},""BR4_bo_age"":{""score"":50.0},""_score"":59.66},""risk"":{""R1_stop_clarity"":{""score"":26.666282913307995},""R2_stop_distance_pct"":{""value"":1.6247388083328151,""score"":90.61847020832037},""R3_stop_distance_atr"":{""value"":0.39766404902596975,""score"":44.88320245129849},""R4_rr_potential"":{""value"":6.551179874900086,""score"":100.0},""_score"":63.25},""market"":{""M1_spy_regime"":{""score"":100.0},""M3_earnings_risk"":{""value"":null,""score"":80.0},""M4_vix"":{""value"":null,""score"":60.0},""_score"":84.0},""liquidity"":{""L1_price"":{""value"":157.93,""score"":100.0},""L2_dollar_vol"":{""value"":2000037214.5631502,""score"":100.0},""L3_spread_proxy"":{""value"":0.025707591971126462,""score"":74.29240802887354},""L4_volume_zscore"":{""value"":-0.5368997044735819,""score"":100.0},""_score"":97.43},""pattern_structure"":{""pole_low"":148.78,""pole_low_idx"":42,""peak_price"":161.76,""peak_idx"":55,""pole_gain"":0.08724290899314417,""flag_bars"":4,""flag_low"":157.73,""flag_high"":159.84,""structural_low"":157.73,""current_price"":158.44,""neckline_distance_pct"":0.0209543044685685,""base_bars"":4},""pattern_geometry_features"":{""pole_gain"":0.08724290899314417,""pullback_pct"":0.02491345202769536,""flag_range_pct"":0.013044015825915021,""flag_drift_per_bar"":-0.00034713456197926946,""atr_pct"":0.04085707049235196,""pole_atr_multiple"":2.135319736383821},""_schema_version"":""1.0""}",,,,,,,,,,
20260630T202552Z-536821,2026-06-30T20:25:52.986448+00:00,RKLB,double_bottom,setup,49.16,47.0,42.2,52.5,60.2,30.6,36.1,41.6,84.0,90.6,7.05,10.56,4.2,8.42,3.98,2.89,2.49,5.04,4.53,False,,98.01,86.28,78.8,92.56,"{""trend"":{""T1_ema_stack"":{""value"":[false,true,true],""score"":66.66666666666666},""T2_ema50_slope"":{""value"":0.044140513409599944,""score"":57.356752234933325},""T3_high_proximity"":{""value"":0.6523996538640752,""score"":0},""T4_rs_1m"":{""value"":-0.31988168528886274,""score"":0},""T5_rs_3m"":{""value"":0.43996338231648147,""score"":100},""T6_adr_healthy"":{""value"":8.887071576738323,""score"":77.82321058154191},""_score"":47.03},""geometry"":{""sub_low_similarity"":16.3,""sub_bounce_quality"":69.3,""sub_separation_fit"":100.0,""sub_right_bottom_reaction"":16.6,""sub_base_context"":30.0,""_score"":42.24},""compression"":{""VC1_atr_ratio"":{""value"":0.5846422291996796,""score"":100},""VC2_range_contraction"":{""value"":0.8819619741310344,""score"":19.673004311494267},""VC3_range_pct_rank"":{""score"":22.499999999999996},""_score"":52.51},""sr_quality"":{""SR1_touches"":{""value"":2,""score"":25.0},""SR2_tightness"":{""value"":0.015000000000000568,""score"":99.69917681885214},""SR3_recency"":{""value"":232,""score"":0.0},""SR4_price_location"":{""score"":93.17052572486608},""SR5_reaction"":{""value"":1.9221097159441292,""score"":96.10548579720646},""_score"":60.16,""_levels_found"":3,""_target_level"":99.595},""volume"":{""V1_rvol_day"":{""value"":1.4269686798328798,""score"":61.79791198885866},""V2_rvol_sameslot"":{""value"":1.3016415922894102,""score"":53.442772819294014,""status"":""ok""},""V3_breakout_bar"":{""value"":0.6966094655578847,""score"":13.10729770385898},""V4_base_dryup"":{""value"":1.5618822698153574,""score"":0},""V5_bo_expansion"":{""value"":1.4269686798328798,""score"":28.46457865552532},""_score"":30.59},""readiness"":{""_distance_atr"":-1.176,""BR1_atr_distance"":{""score"":36.47562723423883},""BR2_compression"":{""score"":15.967118133610644},""BR3_retest"":{""score"":50.0},""BR4_bo_age"":{""score"":50.0},""_score"":36.08},""risk"":{""R1_stop_clarity"":{""score"":75.93414550817266},""R2_stop_distance_pct"":{""value"":19.60004081216203,""score"":0.0},""R3_stop_distance_atr"":{""value"":1.9262711032833424,""score"":100.0},""R4_rr_potential"":{""value"":-0.28370640291514837,""score"":0.0},""_score"":41.58},""market"":{""M1_spy_regime"":{""score"":100.0},""M3_earnings_risk"":{""value"":null,""score"":80.0},""M4_vix"":{""value"":null,""score"":60.0},""_score"":84.0},""liquidity"":{""L1_price"":{""value"":98.01,""score"":100.0},""L2_dollar_vol"":{""value"":4204562004.174041,""score"":100.0},""L3_spread_proxy"":{""value"":0.09417406387103361,""score"":5.82593612896639},""L4_volume_zscore"":{""value"":0.8880594135612828,""score"":100.0},""_score"":90.58},""pattern_structure"":{""left_low"":80.0,""left_idx"":62,""right_low"":83.42,""right_idx"":73,""separation_bars"":11,""structural_low"":80.0,""current_price"":97.71,""neckline_distance_pct"":-0.11697881486030082,""base_bars"":11},""pattern_geometry_features"":{""low_similarity_pct"":0.04185534206339495,""bounce_pct"":0.07850000000000001,""right_bottom_reaction"":0.16589861751152035,""atr_pct"":0.10175120614514555},""_schema_version"":""1.0""}",,,,,,,,,,
20260630T202552Z-536821,2026-06-30T20:25:52.986448+00:00,PL,inverse_head_shoulders,setup,49.12,10.4,67.5,62.7,58.5,6.8,44.9,41.0,84.0,91.4,1.25,18.89,5.02,8.18,0.95,3.59,2.46,4.2,4.57,False,,31.28,29.0,24.9205,32.7,"{""trend"":{""T1_ema_stack"":{""value"":[false,false,true],""score"":33.33333333333333},""T2_ema50_slope"":{""value"":-0.7324623887233994,""score"":0},""T3_high_proximity"":{""value"":0.6085603112840468,""score"":0},""T4_rs_1m"":{""value"":-0.3734168951829556,""score"":0},""T5_rs_3m"":{""value"":-0.1549939750155782,""score"":0},""T6_adr_healthy"":{""value"":10.311285097215709,""score"":42.21787256960727},""_score"":10.44},""geometry"":{""sub_head_depth"":98.5,""sub_shoulder_price_sym"":88.6,""sub_shoulder_time_sym"":83.3,""sub_right_shoulder_reaction"":21.0,""sub_base_context"":30.0,""_score"":67.47},""compression"":{""VC1_atr_ratio"":{""value"":0.30954373432487514,""score"":100},""VC2_range_contraction"":{""value"":0.8430522603818196,""score"":26.157956603030076},""VC3_range_pct_rank"":{""score"":54.16666666666667},""_score"":62.7},""sr_quality"":{""SR1_touches"":{""value"":3,""score"":50.0},""SR2_tightness"":{""value"":0.6861381202061287,""score"":53.266940326220016},""SR3_recency"":{""value"":263,""score"":0.0},""SR4_price_location"":{""score"":81.87261054605784},""SR5_reaction"":{""value"":2.418800383363577,""score"":100},""_score"":58.46,""_levels_found"":6,""_target_level"":31.7826},""volume"":{""V1_rvol_day"":{""value"":0.7809076168848311,""score"":18.727174458988742},""V2_rvol_sameslot"":{""value"":0.6455480895993289,""score"":9.703205973288592,""status"":""ok""},""V3_breakout_bar"":{""value"":0.5672343233253375,""score"":4.482288221689168},""V4_base_dryup"":{""value"":1.8965262120729955,""score"":0},""V5_bo_expansion"":{""value"":0.7809076168848311,""score"":0},""_score"":6.81},""readiness"":{""_distance_atr"":-0.776,""BR1_atr_distance"":{""score"":44.470856097572835},""BR2_compression"":{""score"":38.479462493778485},""BR3_retest"":{""score"":50.0},""BR4_bo_age"":{""score"":50.0},""_score"":44.91},""risk"":{""R1_stop_clarity"":{""score"":74.15214863609162},""R2_stop_distance_pct"":{""value"":20.330882352941178,""score"":0.0},""R3_stop_distance_atr"":{""value"":2.1657366370062614,""score"":100.0},""R4_rr_potential"":{""value"":0.22328799433917784,""score"":0.0},""_score"":40.95},""market"":{""M1_spy_regime"":{""score"":100.0},""M3_earnings_risk"":{""value"":null,""score"":80.0},""M4_vix"":{""value"":null,""score"":60.0},""_score"":84.0},""liquidity"":{""L1_price"":{""value"":31.28,""score"":100.0},""L2_dollar_vol"":{""value"":450012083.9932257,""score"":100.0},""L3_spread_proxy"":{""value"":0.0856777493606138,""score"":14.322250639386198},""L4_volume_zscore"":{""value"":-0.4385421944582471,""score"":100.0},""_score"":91.43},""pattern_structure"":{""left_shoulder"":27.33,""left_shoulder_idx"":70,""head"":25.3,""head_idx"":82,""right_shoulder"":27.58,""right_shoulder_idx"":93,""left_to_head_bars"":12,""head_to_right_bars"":11,""structural_low"":25.3,""current_price"":31.03,""neckline_distance_pct"":-0.06542056074766359,""base_bars"":23},""pattern_geometry_features"":{""head_depth_pct"":0.0784920779457293,""shoulder_price_asymmetry"":0.009105809506465124,""shoulder_time_asymmetry"":0.08333333333333333,""right_shoulder_reaction"":0.2096774193548425,""atr_pct"":0.09387513701132628},""_schema_version"":""1.0""}",,,,,,,,,,
20260630T202552Z-536821,2026-06-30T20:25:52.986448+00:00,BA,double_bottom,absent,48.82,34.3,38.4,59.7,61.5,42.8,27.7,50.2,84.0,97.4,5.15,9.59,4.77,8.6,5.57,2.22,3.01,5.04,4.87,True,risk_unclear,214.69,230.54,212.8093,245.03,"{""trend"":{""T1_ema_stack"":{""value"":[false,false,true],""score"":33.33333333333333},""T2_ema50_slope"":{""value"":-0.047197404660080815,""score"":42.133765889986535},""T3_high_proximity"":{""value"":0.892310889443059,""score"":46.15544472152949},""T4_rs_1m"":{""value"":-0.04356475782638691,""score"":6.435242173613091},""T5_rs_3m"":{""value"":-0.04174050451923628,""score"":29.129747740381863},""T6_adr_healthy"":{""value"":2.9576896795195946,""score"":100.0},""_score"":34.34},""geometry"":{""sub_low_similarity"":16.2,""sub_bounce_quality"":53.0,""sub_separation_fit"":20.0,""sub_right_bottom_reaction"":92.6,""sub_base_context"":30.0,""_score"":38.35},""compression"":{""VC1_atr_ratio"":{""value"":0.3330419918195893,""score"":100},""VC2_range_contraction"":{""value"":0.8949375374640699,""score"":17.510410422655017},""VC3_range_pct_rank"":{""score"":54.16666666666667},""_score"":59.67},""sr_quality"":{""SR1_touches"":{""value"":3,""score"":50.0},""SR2_tightness"":{""value"":1.2886254520051825,""score"":63.51345015401459},""SR3_recency"":{""value"":249,""score"":0.0},""SR4_price_location"":{""score"":87.71060455896945},""SR5_reaction"":{""value"":2.7379944766856887,""score"":100},""_score"":61.45,""_levels_found"":4,""_target_level"":215.5167},""volume"":{""V1_rvol_day"":{""value"":0.9291325756076295,""score"":28.608838373841966},""V2_rvol_sameslot"":{""value"":1.1809406164225063,""score"":45.39604109483375,""status"":""ok""},""V3_breakout_bar"":{""value"":1.5308965477435321,""score"":68.72643651623548},""V4_base_dryup"":{""value"":0.9574673465542558,""score"":54.253265344574416},""V5_bo_expansion"":{""value"":0.9291325756076293,""score"":0},""_score"":42.83},""readiness"":{""_distance_atr"":2.244,""BR1_atr_distance"":{""score"":0},""BR2_compression"":{""score"":40.94105721891119},""BR3_retest"":{""score"":50.0},""BR4_bo_age"":{""score"":50.0},""_score"":27.74},""risk"":{""R1_stop_clarity"":{""score"":8.240376418623356},""R2_stop_distance_pct"":{""value"":0.8760305556849307,""score"":71.90076389212327},""R3_stop_distance_atr"":{""value"":0.26626076070457844,""score"":38.31303803522892},""R4_rr_potential"":{""value"":16.13186228898064,""score"":100.0},""_score"":50.2},""market"":{""M1_spy_regime"":{""score"":100.0},""M3_earnings_risk"":{""value"":null,""score"":80.0},""M4_vix"":{""value"":null,""score"":60.0},""_score"":84.0},""liquidity"":{""L1_price"":{""value"":214.69,""score"":100.0},""L2_dollar_vol"":{""value"":1255613890.1956494,""score"":100.0},""L3_spread_proxy"":{""value"":0.02592109553309422,""score"":74.07890446690578},""L4_volume_zscore"":{""value"":-0.20867898787862335,""score"":100.0},""_score"":97.41},""pattern_structure"":{""left_low"":225.3,""left_idx"":26,""right_low"":216.05,""right_idx"":68,""separation_bars"":42,""structural_low"":216.05,""current_price"":215.715,""neckline_distance_pct"":0.068724937996894,""base_bars"":42},""pattern_geometry_features"":{""low_similarity_pct"":0.04191684604055738,""bounce_pct"":0.06706780837769026,""right_bottom_reaction"":0.9259740259740268,""atr_pct"":0.032901226352947434},""_schema_version"":""1.0""}",,,,,,,,,,
20260630T202552Z-536821,2026-06-30T20:25:52.986448+00:00,FLEX,bull_flag,absent,48.7,98.9,31.4,20.4,39.8,29.1,49.8,51.1,84.0,90.0,13.85,9.41,1.83,3.98,4.07,4.49,1.53,5.04,4.5,False,,159.56,165.8899,142.1749,187.9298,"{""trend"":{""T1_ema_stack"":{""value"":[true,true,true],""score"":100.0},""T2_ema50_slope"":{""value"":0.7281104015973,""score"":100},""T3_high_proximity"":{""value"":0.9853031987155737,""score"":92.65159935778684},""T4_rs_1m"":{""value"":0.1195761245650998,""score"":100},""T5_rs_3m"":{""value"":1.29374185305704,""score"":100},""T6_adr_healthy"":{""value"":6.434724797460781,""score"":100.0},""_score"":98.9},""geometry"":{""sub_pole_impulse"":29.3,""sub_flag_tightness"":0,""sub_flag_shallowness"":0,""sub_flag_drift"":83.9,""sub_flag_duration"":100.0,""_score"":31.38},""compression"":{""VC1_atr_ratio"":{""value"":0.8048147122939634,""score"":48.79632192650915},""VC2_range_contraction"":{""value"":1.1589236383636232,""score"":0},""VC3_range_pct_rank"":{""score"":3.3333333333333326},""_score"":20.35},""sr_quality"":{""SR1_touches"":{""value"":2,""score"":25.0},""SR2_tightness"":{""value"":1.6650000000000063,""score"":70.43234607473843},""SR3_recency"":{""value"":229,""score"":0.0},""SR4_price_location"":{""score"":30.0},""SR5_reaction"":{""value"":1.8956994982631699,""score"":94.78497491315849},""_score"":39.78,""_levels_found"":3,""_target_level"":139.445},""volume"":{""V1_rvol_day"":{""value"":0.6071146164753723,""score"":7.14097443169149},""V2_rvol_sameslot"":{""value"":1.3234563100148422,""score"":54.89708733432281,""status"":""ok""},""V3_breakout_bar"":{""value"":1.5007404652818488,""score"":66.71603101878992},""V4_base_dryup"":{""value"":1.8855114410478204,""score"":0},""V5_bo_expansion"":{""value"":0.6071146164753723,""score"":0},""_score"":29.09},""readiness"":{""_distance_atr"":0.562,""BR1_atr_distance"":{""score"":62.530471955653105},""BR2_compression"":{""score"":29.29512952574026},""BR3_retest"":{""score"":50.0},""BR4_bo_age"":{""score"":50.0},""_score"":49.84},""risk"":{""R1_stop_clarity"":{""score"":61.551394886736674},""R2_stop_distance_pct"":{""value"":10.895650538982197,""score"":27.608736525445067},""R3_stop_distance_atr"":{""value"":1.5436535142824706,""score"":100.0},""R4_rr_potential"":{""value"":1.6318456609395422,""score"":31.59228304697711},""_score"":51.14},""market"":{""M1_spy_regime"":{""score"":100.0},""M3_earnings_risk"":{""value"":null,""score"":80.0},""M4_vix"":{""value"":null,""score"":60.0},""_score"":84.0},""liquidity"":{""L1_price"":{""value"":159.56,""score"":100.0},""L2_dollar_vol"":{""value"":956530010.3421446,""score"":100.0},""L3_spread_proxy"":{""value"":0.10275695663073442,""score"":0},""L4_volume_zscore"":{""value"":-0.23098321516837697,""score"":100.0},""_score"":90.0},""pattern_structure"":{""pole_low"":143.85,""pole_low_idx"":19,""peak_price"":165.8899,""peak_idx"":44,""pole_gain"":0.15321445950643042,""flag_bars"":15,""flag_low"":144.34,""flag_high"":165.625,""structural_low"":144.34,""current_price"":158.55,""neckline_distance_pct"":0.04629391359192683,""base_bars"":15},""pattern_geometry_features"":{""pole_gain"":0.15321445950643042,""pullback_pct"":0.12990483447153808,""flag_range_pct"":0.1283079922285805,""flag_drift_per_bar"":-0.0032290399603549895,""atr_pct"":0.07058352433477776,""pole_atr_multiple"":2.1706830446682432},""_schema_version"":""1.0""}",,,,,,,,,,
20260630T202552Z-536821,2026-06-30T20:25:52.986448+00:00,POWI,vcp,absent,48.6,64.5,44.7,61.0,48.5,9.5,24.4,41.5,84.0,91.4,9.67,11.17,7.32,5.82,1.23,1.71,2.08,5.04,4.57,False,,78.96,87.36,68.3295,94.21,"{""trend"":{""T1_ema_stack"":{""value"":[false,true,true],""score"":66.66666666666666},""T2_ema50_slope"":{""value"":0.48751573057164094,""score"":100},""T3_high_proximity"":{""value"":0.9039496279336005,""score"":51.974813966800205},""T4_rs_1m"":{""value"":-0.0751206542676226,""score"":0},""T5_rs_3m"":{""value"":0.426547689196209,""score"":100},""T6_adr_healthy"":{""value"":6.171561306065713,""score"":100.0},""_score"":64.46},""geometry"":{""sub_contraction_count"":100.0,""sub_reduction_rate"":0,""sub_pivot_tightness"":0,""sub_volume_dryup"":37.9,""sub_base_depth"":39.9,""sub_base_duration"":100.0,""_score"":44.67},""compression"":{""VC1_atr_ratio"":{""value"":0.5945437890664903,""score"":100},""VC2_range_contraction"":{""value"":0.7904249931996065,""score"":34.92916780006559},""VC3_range_pct_rank"":{""score"":35.0},""_score"":60.98},""sr_quality"":{""SR1_touches"":{""value"":2,""score"":25.0},""SR2_tightness"":{""value"":0.6494499999999945,""score"":77.13117949620857},""SR3_recency"":{""value"":241,""score"":0.0},""SR4_price_location"":{""score"":64.55425332843882},""SR5_reaction"":{""value"":1.7666951721015607,""score"":88.33475860507804},""_score"":48.46,""_levels_found"":8,""_target_level"":80.9394},""volume"":{""V1_rvol_day"":{""value"":0.7708773038328546,""score"":18.058486922190305},""V2_rvol_sameslot"":{""value"":0.5110063029154349,""score"":0.7337535276956613,""status"":""ok""},""V3_breakout_bar"":{""value"":0.4046251504565782,""score"":0},""V4_base_dryup"":{""value"":1.2137825793721762,""score"":28.62174206278239},""V5_bo_expansion"":{""value"":0.7708773038328546,""score"":0},""_score"":9.48},""readiness"":{""_distance_atr"":1.479,""BR1_atr_distance"":{""score"":1.4047310637976835},""BR2_compression"":{""score"":25.43780127703286},""BR3_retest"":{""score"":50.0},""BR4_bo_age"":{""score"":50.0},""_score"":24.42},""risk"":{""R1_stop_clarity"":{""score"":63.35953318158398},""R2_stop_distance_pct"":{""value"":13.463209219858138,""score"":0.0},""R3_stop_distance_atr"":{""value"":1.8716463146245417,""score"":100.0},""R4_rr_potential"":{""value"":1.4345447789625203,""score"":21.727238948126015},""_score"":41.52},""market"":{""M1_spy_regime"":{""score"":100.0},""M3_earnings_risk"":{""value"":null,""score"":80.0},""M4_vix"":{""value"":null,""score"":60.0},""_score"":84.0},""liquidity"":{""L1_price"":{""value"":78.96,""score"":100.0},""L2_dollar_vol"":{""value"":69458975.42862432,""score"":92.08641864282261},""L3_spread_proxy"":{""value"":0.05458459979736579,""score"":45.41540020263421},""L4_volume_zscore"":{""value"":-0.6122519247300131,""score"":100.0},""_score"":91.38},""pattern_structure"":{""n_contractions"":5,""contractions_pct"":[14.92,15.93,13.44,9.79,20.59],""descending_strict"":false,""final_low"":69.37,""final_pivot"":87.36,""structural_low"":69.37,""dry_up_ratio"":0.8104534840575349,""current_price"":78.96,""neckline_distance_pct"":0.10638297872340434,""base_bars"":33},""pattern_geometry_features"":{""contraction_count"":5.0,""first_contraction_pct"":0.14917344528995022,""last_contraction_pct"":0.20592948717948711,""dry_up_ratio"":0.8104534840575349,""near_monotone"":0.0,""base_depth_pct"":0.08987142482288106},""_schema_version"":""1.0""}",,,,,,,,,,
20260630T202552Z-536821,2026-06-30T20:25:52.986448+00:00,TSM,breakout_retest_hold,setup,48.48,97.6,30.0,19.4,48.3,23.7,40.0,59.4,84.0,94.5,13.66,6.6,1.17,6.76,3.09,7.2,2.97,4.2,2.83,False,,455.1,422.25,414.9981,428.37,"{""trend"":{""T1_ema_stack"":{""value"":[true,true,true],""score"":100.0},""T2_ema50_slope"":{""value"":0.2878426574021608,""score"":97.97377623369347},""T3_high_proximity"":{""value"":0.9731220732567837,""score"":86.56103662839182},""T4_rs_1m"":{""value"":0.08919918104888513,""score"":100},""T5_rs_3m"":{""value"":0.22424675860734333,""score"":100},""T6_adr_healthy"":{""value"":3.951230634094872,""score"":100.0},""_score"":97.58},""geometry"":{""sub_retest_depth"":100.0,""sub_retest_timing"":0.0,""sub_retest_freshness"":0.0,""sub_hold_quality"":0.0,""_score"":30.0},""compression"":{""VC1_atr_ratio"":{""value"":0.8161451305024988,""score"":45.96371737437529},""VC2_range_contraction"":{""value"":1.0272218143751985,""score"":0},""VC3_range_pct_rank"":{""score"":4.1666666666666625},""_score"":19.43},""sr_quality"":{""SR1_touches"":{""value"":4,""score"":75.0},""SR2_tightness"":{""value"":6.381827716258105,""score"":36.754389254996866},""SR3_recency"":{""value"":235,""score"":0.0},""SR4_price_location"":{""score"":30.0},""SR5_reaction"":{""value"":1.7053090357204916,""score"":85.26545178602458},""_score"":48.3,""_levels_found"":5,""_target_level"":415.495},""volume"":{""V1_rvol_day"":{""value"":1.0283778351646324,""score"":35.22518901097549},""V2_rvol_sameslot"":{""value"":0.9464136542874754,""score"":29.76091028583169,""status"":""ok""},""V3_breakout_bar"":{""value"":0.6737313076357826,""score"":11.58208717571884},""V4_base_dryup"":{""value"":1.1217624356674833,""score"":37.82375643325167},""V5_bo_expansion"":{""value"":1.0283778351646322,""score"":1.8918556776421476},""_score"":23.74},""readiness"":{""_distance_atr"":-1.628,""BR1_atr_distance"":{""score"":27.444775927114236},""BR2_compression"":{""score"":24.067318783059342},""BR3_retest"":{""score"":92.41864644878002},""BR4_bo_age"":{""score"":30.0},""_score"":39.98},""risk"":{""R1_stop_clarity"":{""score"":58.45715561913883},""R2_stop_distance_pct"":{""value"":8.811667765326302,""score"":79.70830586684245},""R3_stop_distance_atr"":{""value"":1.9871024965729935,""score"":100.0},""R4_rr_potential"":{""value"":-0.6665519588847416,""score"":0.0},""_score"":59.37},""market"":{""M1_spy_regime"":{""score"":100.0},""M3_earnings_risk"":{""value"":null,""score"":80.0},""M4_vix"":{""value"":null,""score"":60.0},""_score"":84.0},""liquidity"":{""L1_price"":{""value"":455.1,""score"":100.0},""L2_dollar_vol"":{""value"":6772518795.179661,""score"":100.0},""L3_spread_proxy"":{""value"":0.05495495495495506,""score"":45.045045045044944},""L4_volume_zscore"":{""value"":0.09000851720738498,""score"":100.0},""_score"":94.5},""pattern_structure"":{""level"":422.25,""level_idx"":8,""breakout_idx"":14,""bo_peak_idx"":44,""bo_peak_price"":476.79,""retest_idx"":68,""retest_low"":419.19,""structural_low"":419.19,""current_price"":454.57,""neckline_distance_pct"":-0.07110016059132805,""base_bars"":71,""bars_since_breakout"":65},""pattern_geometry_features"":{""retest_depth_atr"":0.5232775447485364,""bars_breakout_to_retest"":54.0,""bars_since_retest"":11.0,""current_above_level_atr"":5.526905309239438,""bo_peak_excess_pct"":0.12916518650088815,""atr_pct"":0.04434430423454816},""_schema_version"":""1.0""}",,,,,,,,,,
20260630T202552Z-536821,2026-06-30T20:25:52.986448+00:00,RKLB,vcp,invalidated,48.31,47.0,35.0,52.5,60.2,40.7,21.5,52.4,84.0,90.6,7.05,8.75,6.3,7.22,5.29,1.5,2.62,5.04,4.53,False,,98.01,150.9999,98.1158,126.4999,"{""trend"":{""T1_ema_stack"":{""value"":[false,true,true],""score"":66.66666666666666},""T2_ema50_slope"":{""value"":0.044140513409599944,""score"":57.356752234933325},""T3_high_proximity"":{""value"":0.6523996538640752,""score"":0},""T4_rs_1m"":{""value"":-0.31988168528886274,""score"":0},""T5_rs_3m"":{""value"":0.43996338231648147,""score"":100},""T6_adr_healthy"":{""value"":8.887071576738323,""score"":77.82321058154191},""_score"":47.03},""geometry"":{""sub_contraction_count"":100.0,""sub_reduction_rate"":0,""sub_pivot_tightness"":0,""sub_volume_dryup"":0,""sub_base_depth"":0.0,""sub_base_duration"":100.0,""_score"":35.0},""compression"":{""VC1_atr_ratio"":{""value"":0.5846422291996796,""score"":100},""VC2_range_contraction"":{""value"":0.8819619741310344,""score"":19.673004311494267},""VC3_range_pct_rank"":{""score"":22.499999999999996},""_score"":52.51},""sr_quality"":{""SR1_touches"":{""value"":2,""score"":25.0},""SR2_tightness"":{""value"":0.015000000000000568,""score"":99.69917681885214},""SR3_recency"":{""value"":232,""score"":0.0},""SR4_price_location"":{""score"":93.17052572486608},""SR5_reaction"":{""value"":1.9221097159441292,""score"":96.10548579720646},""_score"":60.16,""_levels_found"":3,""_target_level"":99.595},""volume"":{""V1_rvol_day"":{""value"":1.4269686798328798,""score"":61.79791198885866},""V2_rvol_sameslot"":{""value"":1.3016415922894102,""score"":53.442772819294014,""status"":""ok""},""V3_breakout_bar"":{""value"":0.6966094655578847,""score"":13.10729770385898},""V4_base_dryup"":{""value"":0.9958962914522165,""score"":50.41037085477835},""V5_bo_expansion"":{""value"":1.4269686798328798,""score"":28.46457865552532},""_score"":40.68},""readiness"":{""_distance_atr"":5.314,""BR1_atr_distance"":{""score"":0},""BR2_compression"":{""score"":15.967118133610644},""BR3_retest"":{""score"":50.0},""BR4_bo_age"":{""score"":50.0},""_score"":21.49},""risk"":{""R1_stop_clarity"":{""score"":70.03500292586347},""R2_stop_distance_pct"":{""value"":-0.10799918375674887,""score"":47.30002040608128},""R3_stop_distance_atr"":{""value"":-0.010614044574831942,""score"":24.469297771258404},""R4_rr_potential"":{""value"":null,""score"":50.0},""_score"":52.37},""market"":{""M1_spy_regime"":{""score"":100.0},""M3_earnings_risk"":{""value"":null,""score"":80.0},""M4_vix"":{""value"":null,""score"":60.0},""_score"":84.0},""liquidity"":{""L1_price"":{""value"":98.01,""score"":100.0},""L2_dollar_vol"":{""value"":4204562004.174041,""score"":100.0},""L3_spread_proxy"":{""value"":0.09417406387103361,""score"":5.82593612896639},""L4_volume_zscore"":{""value"":0.8880594135612828,""score"":100.0},""_score"":90.58},""pattern_structure"":{""n_contractions"":5,""contractions_pct"":[10.21,25.22,20.53,16.73,34.03],""descending_strict"":false,""final_low"":99.61,""final_pivot"":150.9999,""structural_low"":99.61,""dry_up_ratio"":1.2145422280920877,""current_price"":98.01,""neckline_distance_pct"":0.5406580961126415,""base_bars"":68},""pattern_geometry_features"":{""contraction_count"":5.0,""first_contraction_pct"":0.10211689522034352,""last_contraction_pct"":0.34033068896072116,""dry_up_ratio"":1.2145422280920877,""near_monotone"":0.0,""base_depth_pct"":-0.32618825722274},""_schema_version"":""1.0""}",,,,,,,,,,
20260630T202552Z-536821,2026-06-30T20:25:52.986448+00:00,TT,bull_flag,absent,47.92,82.1,29.5,31.4,57.7,22.7,43.0,67.4,84.0,97.5,11.49,8.85,2.82,5.77,3.18,3.87,2.02,5.04,4.87,True,risk_unclear,480.35,505.64,456.8824,540.59,"{""trend"":{""T1_ema_stack"":{""value"":[true,true,true],""score"":100.0},""T2_ema50_slope"":{""value"":0.08520633981872436,""score"":64.20105663645406},""T3_high_proximity"":{""value"":0.9540976443014342,""score"":77.04882215071707},""T4_rs_1m"":{""value"":0.08013308407383712,""score"":100},""T5_rs_3m"":{""value"":0.002324677567108191,""score"":51.1623387835541},""T6_adr_healthy"":{""value"":3.0169003206643437,""score"":100.0},""_score"":82.07},""geometry"":{""sub_pole_impulse"":23.7,""sub_flag_tightness"":0,""sub_flag_shallowness"":0,""sub_flag_drift"":82.6,""sub_flag_duration"":100.0,""_score"":29.5},""compression"":{""VC1_atr_ratio"":{""value"":0.7966185499738722,""score"":50.845362506531956},""VC2_range_contraction"":{""value"":1.2543611001569788,""score"":0},""VC3_range_pct_rank"":{""score"":44.166666666666664},""_score"":31.38},""sr_quality"":{""SR1_touches"":{""value"":2,""score"":25.0},""SR2_tightness"":{""value"":1.3050000000000068,""score"":85.73351184013093},""SR3_recency"":{""value"":252,""score"":0.0},""SR4_price_location"":{""score"":97.14511595221373},""SR5_reaction"":{""value"":1.7428619730935755,""score"":87.14309865467878},""_score"":57.72,""_levels_found"":7,""_target_level"":480.675},""volume"":{""V1_rvol_day"":{""value"":0.8211325851265239,""score"":21.408839008434924},""V2_rvol_sameslot"":{""value"":0.8227424514223948,""score"":21.51616342815965,""status"":""ok""},""V3_breakout_bar"":{""value"":0.811756013666715,""score"":20.78373424444767},""V4_base_dryup"":{""value"":1.0539402512556242,""score"":44.60597487443758},""V5_bo_expansion"":{""value"":0.8211325851265239,""score"":0},""_score"":22.7},""readiness"":{""_distance_atr"":1.382,""BR1_atr_distance"":{""score"":7.841766139696958},""BR2_compression"":{""score"":89.4323695095725},""BR3_retest"":{""score"":50.0},""BR4_bo_age"":{""score"":50.0},""_score"":42.99},""risk"":{""R1_stop_clarity"":{""score"":23.93830036696957},""R2_stop_distance_pct"":{""value"":4.885520974289593,""score"":100.0},""R3_stop_distance_atr"":{""value"":1.2827595308066764,""score"":89.13797654033382},""R4_rr_potential"":{""value"":2.566943360207253,""score"":78.34716801036265},""_score"":67.42},""market"":{""M1_spy_regime"":{""score"":100.0},""M3_earnings_risk"":{""value"":null,""score"":80.0},""M4_vix"":{""value"":null,""score"":60.0},""_score"":84.0},""liquidity"":{""L1_price"":{""value"":480.35,""score"":100.0},""L2_dollar_vol"":{""value"":583551763.2402277,""score"":100.0},""L3_spread_proxy"":{""value"":0.025096283959612796,""score"":74.90371604038721},""L4_volume_zscore"":{""value"":-0.5700036010708148,""score"":100.0},""_score"":97.49},""pattern_structure"":{""pole_low"":470.69,""pole_low_idx"":30,""peak_price"":505.64,""peak_idx"":42,""pole_gain"":0.07425269285517004,""flag_bars"":17,""flag_low"":463.84,""flag_high"":504.73,""structural_low"":463.84,""current_price"":479.33,""neckline_distance_pct"":0.05488911605783073,""base_bars"":17},""pattern_geometry_features"":{""pole_gain"":0.07425269285517004,""pullback_pct"":0.08266751048176571,""flag_range_pct"":0.08086781109089479,""flag_drift_per_bar"":-0.003471732193179773,""atr_pct"":0.03808602358399383,""pole_atr_multiple"":1.9496047596414279},""_schema_version"":""1.0""}",,,,,,,,,,
20260630T202552Z-536821,2026-06-30T20:25:52.986448+00:00,INTC,bull_flag,absent,47.78,95.1,31.1,38.6,39.4,16.8,47.9,51.3,84.0,90.0,13.31,9.31,3.47,3.94,2.35,4.31,1.54,5.04,4.5,False,,131.72,140.72,116.7225,160.21,"{""trend"":{""T1_ema_stack"":{""value"":[true,true,true],""score"":100.0},""T2_ema50_slope"":{""value"":0.6744834733714152,""score"":100},""T3_high_proximity"":{""value"":0.9345820916702143,""score"":67.29104583510714},""T4_rs_1m"":{""value"":0.10760836719500444,""score"":100},""T5_rs_3m"":{""value"":1.8854188960479399,""score"":100},""T6_adr_healthy"":{""value"":7.185049274531814,""score"":100.0},""_score"":95.09},""geometry"":{""sub_pole_impulse"":23.3,""sub_flag_tightness"":0,""sub_flag_shallowness"":0,""sub_flag_drift"":93.7,""sub_flag_duration"":100.0,""_score"":31.05},""compression"":{""VC1_atr_ratio"":{""value"":0.6440553797487909,""score"":88.98615506280227},""VC2_range_contraction"":{""value"":0.9771207538907999,""score"":3.813207684866686},""VC3_range_pct_rank"":{""score"":6.666666666666665},""_score"":38.6},""sr_quality"":{""SR1_touches"":{""value"":2,""score"":25.0},""SR2_tightness"":{""value"":2.0350000000000037,""score"":62.88383121197507},""SR3_recency"":{""value"":237,""score"":0.0},""SR4_price_location"":{""score"":30.0},""SR5_reaction"":{""value"":2.39340012246121,""score"":100},""_score"":39.43,""_levels_found"":3,""_target_level"":100.365},""volume"":{""V1_rvol_day"":{""value"":0.8082830698210177,""score"":20.552204654734517},""V2_rvol_sameslot"":{""value"":0.629775745596503,""score"":8.651716373100198,""status"":""ok""},""V3_breakout_bar"":{""value"":0.5934645215861533,""score"":6.230968105743551},""V4_base_dryup"":{""value"":1.029262831944093,""score"":47.07371680559069},""V5_bo_expansion"":{""value"":0.8082830698210176,""score"":0},""_score"":16.81},""readiness"":{""_distance_atr"":0.821,""BR1_atr_distance"":{""score"":45.28328925598301},""BR2_compression"":{""score"":48.96182819257244},""BR3_retest"":{""score"":50.0},""BR4_bo_age"":{""score"":50.0},""_score"":47.85},""risk"":{""R1_stop_clarity"":{""score"":67.58034888416987},""R2_stop_distance_pct"":{""value"":11.385894321287582,""score"":15.352641967810454},""R3_stop_distance_atr"":{""value"":1.3676897823056582,""score"":93.3844891152829},""R4_rr_potential"":{""value"":1.8996499416569412,""score"":44.98249708284706},""_score"":51.26},""market"":{""M1_spy_regime"":{""score"":100.0},""M3_earnings_risk"":{""value"":null,""score"":80.0},""M4_vix"":{""value"":null,""score"":60.0},""_score"":84.0},""liquidity"":{""L1_price"":{""value"":131.72,""score"":100.0},""L2_dollar_vol"":{""value"":14068394067.657837,""score"":100.0},""L3_spread_proxy"":{""value"":0.1028697236562406,""score"":0},""L4_volume_zscore"":{""value"":-0.7582823784211576,""score"":100.0},""_score"":90.0},""pattern_structure"":{""pole_low"":121.23,""pole_low_idx"":17,""peak_price"":140.72,""peak_idx"":42,""pole_gain"":0.16076878660397587,""flag_bars"":17,""flag_low"":118.5,""flag_high"":132.58,""structural_low"":118.5,""current_price"":130.98,""neckline_distance_pct"":0.07436249809131172,""base_bars"":17},""pattern_geometry_features"":{""pole_gain"":0.16076878660397587,""pullback_pct"":0.15790221716884592,""flag_range_pct"":0.1000568504832292,""flag_drift_per_bar"":-0.0012532934230341539,""atr_pct"":0.08324909982213352,""pole_atr_multiple"":1.931177477563933},""_schema_version"":""1.0""}",,,,,,,,,,
20260630T202552Z-536821,2026-06-30T20:25:52.986448+00:00,IONQ,vcp,absent,47.34,55.5,38.6,55.6,34.3,20.0,33.5,80.0,84.0,91.6,8.32,9.65,6.67,4.12,2.6,2.35,4.0,5.04,4.58,False,,53.88,73.65,52.4656,62.2854,"{""trend"":{""T1_ema_stack"":{""value"":[false,true,true],""score"":66.66666666666666},""T2_ema50_slope"":{""value"":0.4134287269175051,""score"":100},""T3_high_proximity"":{""value"":0.7476064936866936,""score"":0},""T4_rs_1m"":{""value"":-0.21379927661242581,""score"":0},""T5_rs_3m"":{""value"":0.7899566974907137,""score"":100},""T6_adr_healthy"":{""value"":8.9436824955033,""score"":76.40793761241751},""_score"":55.49},""geometry"":{""sub_contraction_count"":100.0,""sub_reduction_rate"":0,""sub_pivot_tightness"":0,""sub_volume_dryup"":24.1,""sub_base_depth"":0.0,""sub_base_duration"":100.0,""_score"":38.62},""compression"":{""VC1_atr_ratio"":{""value"":0.5157963615071753,""score"":100},""VC2_range_contraction"":{""value"":0.871474906781349,""score"":21.42084886977517},""VC3_range_pct_rank"":{""score"":32.49999999999999},""_score"":55.62},""sr_quality"":{""SR1_touches"":{""value"":2,""score"":25.0},""SR2_tightness"":{""value"":0.7850000000000001,""score"":69.85965128795826},""SR3_recency"":{""value"":227,""score"":0.0},""SR4_price_location"":{""score"":5.385760884980822},""SR5_reaction"":{""value"":2.31710169967981,""score"":100},""_score"":34.33,""_levels_found"":6,""_target_level"":62.775},""volume"":{""V1_rvol_day"":{""value"":0.7938360909055299,""score"":19.589072727035326},""V2_rvol_sameslot"":{""value"":0.5931454261732826,""score"":6.2096950782188385,""status"":""ok""},""V3_breakout_bar"":{""value"":0.5631154675537391,""score"":4.207697836915939},""V4_base_dryup"":{""value"":0.8105971667414693,""score"":68.94028332585307},""V5_bo_expansion"":{""value"":0.7938360909055299,""score"":0},""_score"":20.0},""readiness"":{""_distance_atr"":3.795,""BR1_atr_distance"":{""score"":0},""BR2_compression"":{""score"":64.02394407619197},""BR3_retest"":{""score"":50.0},""BR4_bo_age"":{""score"":50.0},""_score"":33.51},""risk"":{""R1_stop_clarity"":{""score"":69.32330666227865},""R2_stop_distance_pct"":{""value"":2.6250352635486274,""score"":100.0},""R3_stop_distance_atr"":{""value"":0.271525954570075,""score"":38.57629772850375},""R4_rr_potential"":{""value"":5.942862152663128,""score"":100.0},""_score"":80.05},""market"":{""M1_spy_regime"":{""score"":100.0},""M3_earnings_risk"":{""value"":null,""score"":80.0},""M4_vix"":{""value"":null,""score"":60.0},""_score"":84.0},""liquidity"":{""L1_price"":{""value"":53.88,""score"":100.0},""L2_dollar_vol"":{""value"":1232515356.7262604,""score"":100.0},""L3_spread_proxy"":{""value"":0.08444691907943586,""score"":15.553080920564142},""L4_volume_zscore"":{""value"":-0.5676834826116208,""score"":100.0},""_score"":91.56},""pattern_structure"":{""n_contractions"":5,""contractions_pct"":[27.21,24.25,19.06,23.06,27.68],""descending_strict"":false,""final_low"":53.2646,""final_pivot"":73.65,""structural_low"":53.2646,""dry_up_ratio"":0.8795053839970484,""current_price"":53.88,""neckline_distance_pct"":0.36692650334075727,""base_bars"":71},""pattern_geometry_features"":{""contraction_count"":5.0,""first_contraction_pct"":0.2720763723150358,""last_contraction_pct"":0.27678750848608286,""dry_up_ratio"":0.8795053839970484,""near_monotone"":0.0,""base_depth_pct"":-0.27123150357995235},""_schema_version"":""1.0""}",,,,,,,,,,
20260630T202552Z-536821,2026-06-30T20:25:52.986448+00:00,MRVL,vcp,absent,47.24,88.3,35.0,43.5,51.6,1.5,30.4,39.6,84.0,90.0,13.24,8.75,5.22,6.19,0.19,2.13,1.98,5.04,4.5,False,,277.75,324.2,240.34,180.8525,"{""trend"":{""T1_ema_stack"":{""value"":[true,true,true],""score"":100.0},""T2_ema50_slope"":{""value"":1.2996722798637652,""score"":100},""T3_high_proximity"":{""value"":0.8777612742154662,""score"":38.880637107733094},""T4_rs_1m"":{""value"":0.374025332223619,""score"":100},""T5_rs_3m"":{""value"":1.7587781301998375,""score"":100},""T6_adr_healthy"":{""value"":10.043816305872763,""score"":48.90459235318092},""_score"":88.28},""geometry"":{""sub_contraction_count"":100.0,""sub_reduction_rate"":0,""sub_pivot_tightness"":0,""sub_volume_dryup"":0,""sub_base_depth"":0.0,""sub_base_duration"":100.0,""_score"":35.0},""compression"":{""VC1_atr_ratio"":{""value"":0.6742976422021658,""score"":81.42558944945854},""VC2_range_contraction"":{""value"":0.859557899006051,""score"":23.407016832324842},""VC3_range_pct_rank"":{""score"":10.833333333333329},""_score"":43.47},""sr_quality"":{""SR1_touches"":{""value"":2,""score"":25.0},""SR2_tightness"":{""value"":2.8400000000000034,""score"":80.69441827854028},""SR3_recency"":{""value"":228,""score"":0.0},""SR4_price_location"":{""score"":67.93520686963312},""SR5_reaction"":{""value"":2.516523363832528,""score"":100},""_score"":51.59,""_levels_found"":4,""_target_level"":327.04},""volume"":{""V1_rvol_day"":{""value"":0.4424941155926257,""score"":0},""V2_rvol_sameslot"":{""value"":0.34515271681068244,""score"":0,""status"":""ok""},""V3_breakout_bar"":{""value"":0.5893513575172323,""score"":5.956757167815488},""V4_base_dryup"":{""value"":2.1143722145511235,""score"":0},""V5_bo_expansion"":{""value"":0.44249411559262564,""score"":0},""_score"":1.49},""readiness"":{""_distance_atr"":1.579,""BR1_atr_distance"":{""score"":0},""BR2_compression"":{""score"":51.637579694711334},""BR3_retest"":{""score"":50.0},""BR4_bo_age"":{""score"":50.0},""_score"":30.41},""risk"":{""R1_stop_clarity"":{""score"":75.12027144347098},""R2_stop_distance_pct"":{""value"":13.468946894689468,""score"":0.0},""R3_stop_distance_atr"":{""value"":1.2715172749996604,""score"":88.57586374998301},""R4_rr_potential"":{""value"":-2.590149692595563,""score"":0.0},""_score"":39.58},""market"":{""M1_spy_regime"":{""score"":100.0},""M3_earnings_risk"":{""value"":null,""score"":80.0},""M4_vix"":{""value"":null,""score"":60.0},""_score"":84.0},""liquidity"":{""L1_price"":{""value"":277.75,""score"":100.0},""L2_dollar_vol"":{""value"":8818347297.412968,""score"":100.0},""L3_spread_proxy"":{""value"":0.09994599459945981,""score"":0.05400540054019132},""L4_volume_zscore"":{""value"":-0.8050281523810091,""score"":100.0},""_score"":90.01},""pattern_structure"":{""n_contractions"":5,""contractions_pct"":[13.95,14.04,10.15,15.25,24.74],""descending_strict"":false,""final_low"":244.0,""final_pivot"":324.2,""structural_low"":244.0,""dry_up_ratio"":1.1961915955153337,""current_price"":277.75,""neckline_distance_pct"":0.1672367236723672,""base_bars"":51},""pattern_geometry_features"":{""contraction_count"":5.0,""first_contraction_pct"":0.13951466679913568,""last_contraction_pct"":0.24737816162862428,""dry_up_ratio"":1.1961915955153337,""near_monotone"":0.0,""base_depth_pct"":-1.4241822110727502},""_schema_version"":""1.0""}",,,,,,,,,,
20260630T202552Z-536821,2026-06-30T20:25:52.986448+00:00,BABA,double_bottom,forming,47.21,5.0,57.4,46.9,44.8,38.2,49.9,60.4,84.0,89.3,0.75,14.35,3.75,6.27,4.97,3.99,3.62,5.04,4.46,True,risk_unclear,95.51,98.1,92.9594,101.825,"{""trend"":{""T1_ema_stack"":{""value"":[false,false,false],""score"":0.0},""T2_ema50_slope"":{""value"":-0.7235134333276494,""score"":0},""T3_high_proximity"":{""value"":0.6550305191687813,""score"":0},""T4_rs_1m"":{""value"":-0.22492267254182796,""score"":0},""T5_rs_3m"":{""value"":-0.39013777330227795,""score"":0},""T6_adr_healthy"":{""value"":2.5081388096952595,""score"":100.0},""_score"":5.0},""geometry"":{""sub_low_similarity"":92.9,""sub_bounce_quality"":13.5,""sub_separation_fit"":100.0,""sub_right_bottom_reaction"":38.7,""sub_base_context"":30.0,""_score"":57.38},""compression"":{""VC1_atr_ratio"":{""value"":0.48511267083779375,""score"":100},""VC2_range_contraction"":{""value"":1.128595046836081,""score"":0},""VC3_range_pct_rank"":{""score"":27.500000000000004},""_score"":46.88},""sr_quality"":{""SR1_touches"":{""value"":4,""score"":75.0},""SR2_tightness"":{""value"":0.8886506625215587,""score"":48.59045754007509},""SR3_recency"":{""value"":253,""score"":0.0},""SR4_price_location"":{""score"":0},""SR5_reaction"":{""value"":3.1561466942148786,""score"":100},""_score"":44.79,""_levels_found"":4,""_target_level"":129.62},""volume"":{""V1_rvol_day"":{""value"":1.6097590999971754,""score"":73.98393999981168},""V2_rvol_sameslot"":{""value"":1.2945534262300205,""score"":52.970228415334695,""status"":""ok""},""V3_breakout_bar"":{""value"":0.6326768148103383,""score"":8.845120987355887},""V4_base_dryup"":{""value"":1.2726914704630907,""score"":22.730852953690928},""V5_bo_expansion"":{""value"":1.6097590999971756,""score"":40.650606666478375},""_score"":38.25},""readiness"":{""_distance_atr"":0.749,""BR1_atr_distance"":{""score"":50.055096418732965},""BR2_compression"":{""score"":49.61893959190574},""BR3_retest"":{""score"":50.0},""BR4_bo_age"":{""score"":50.0},""_score"":49.93},""risk"":{""R1_stop_clarity"":{""score"":18.10433884297484},""R2_stop_distance_pct"":{""value"":2.6705318814783903,""score"":100.0},""R3_stop_distance_atr"":{""value"":0.7377840909090944,""score"":61.889204545454724},""R4_rr_potential"":{""value"":2.47586375888261,""score"":73.7931879441305},""_score"":60.38},""market"":{""M1_spy_regime"":{""score"":100.0},""M3_earnings_risk"":{""value"":null,""score"":80.0},""M4_vix"":{""value"":null,""score"":60.0},""_score"":84.0},""liquidity"":{""L1_price"":{""value"":95.51,""score"":100.0},""L2_dollar_vol"":{""value"":2013242587.5021842,""score"":100.0},""L3_spread_proxy"":{""value"":0.03214323107528,""score"":67.85676892472},""L4_volume_zscore"":{""value"":2.033964266329751,""score"":70.0},""_score"":89.29},""pattern_structure"":{""left_low"":94.71,""left_idx"":62,""right_low"":94.375,""right_idx"":73,""separation_bars"":11,""structural_low"":94.375,""current_price"":94.81,""neckline_distance_pct"":0.03470098090918671,""base_bars"":11},""pattern_geometry_features"":{""low_similarity_pct"":0.0035433799613929584,""bounce_pct"":0.03947019867549663,""right_bottom_reaction"":0.38666666666665606,""atr_pct"":0.036196658539868656},""_schema_version"":""1.0""}",,,,,,,,,,
20260630T202552Z-536821,2026-06-30T20:25:52.986448+00:00,TMUS,double_bottom,forming,47.02,9.3,54.0,40.2,54.8,47.2,17.5,67.2,84.0,92.5,1.4,13.49,3.22,7.67,6.14,1.4,4.03,5.04,4.63,True,risk_unclear,173.97,185.39,166.465,201.78,"{""trend"":{""T1_ema_stack"":{""value"":[false,false,false],""score"":0.0},""T2_ema50_slope"":{""value"":-0.19940379642573694,""score"":16.766033929043843},""T3_high_proximity"":{""value"":0.8131719173600075,""score"":6.585958680003722},""T4_rs_1m"":{""value"":-0.06154971585803981,""score"":0},""T5_rs_3m"":{""value"":-0.3433974887956437,""score"":0},""T6_adr_healthy"":{""value"":3.069906941895745,""score"":100.0},""_score"":9.34},""geometry"":{""sub_low_similarity"":4.0,""sub_bounce_quality"":95.7,""sub_separation_fit"":93.3,""sub_right_bottom_reaction"":90.9,""sub_base_context"":30.0,""_score"":53.97},""compression"":{""VC1_atr_ratio"":{""value"":0.578468274649651,""score"":100},""VC2_range_contraction"":{""value"":1.1740479969729967,""score"":0},""VC3_range_pct_rank"":{""score"":0.8333333333333304},""_score"":40.21},""sr_quality"":{""SR1_touches"":{""value"":3,""score"":50.0},""SR2_tightness"":{""value"":0.7884584115009833,""score"":71.96346661227771},""SR3_recency"":{""value"":265,""score"":0.0},""SR4_price_location"":{""score"":56.04948243084148},""SR5_reaction"":{""value"":2.51162747381464,""score"":100},""_score"":54.81,""_levels_found"":8,""_target_level"":182.21},""volume"":{""V1_rvol_day"":{""value"":1.257894974346548,""score"":50.5263316231032},""V2_rvol_sameslot"":{""value"":1.472851574239971,""score"":64.85677161599807,""status"":""ok""},""V3_breakout_bar"":{""value"":1.1345119309409042,""score"":42.30079539606028},""V4_base_dryup"":{""value"":0.9510226235191308,""score"":54.89773764808692},""V5_bo_expansion"":{""value"":1.2578949743465477,""score"":17.192998289769847},""_score"":47.21},""readiness"":{""_distance_atr"":2.03,""BR1_atr_distance"":{""score"":0},""BR2_compression"":{""score"":0},""BR3_retest"":{""score"":50.0},""BR4_bo_age"":{""score"":50.0},""_score"":17.5},""risk"":{""R1_stop_clarity"":{""score"":9.858768577818296},""R2_stop_distance_pct"":{""value"":4.3139621773869035,""score"":100.0},""R3_stop_distance_atr"":{""value"":1.3343391357464973,""score"":91.71695678732486},""R4_rr_potential"":{""value"":3.705529646902064,""score"":100.0},""_score"":67.21},""market"":{""M1_spy_regime"":{""score"":100.0},""M3_earnings_risk"":{""value"":null,""score"":80.0},""M4_vix"":{""value"":null,""score"":60.0},""_score"":84.0},""liquidity"":{""L1_price"":{""value"":173.97,""score"":100.0},""L2_dollar_vol"":{""value"":1350064688.0312533,""score"":100.0},""L3_spread_proxy"":{""value"":0.07466804621486468,""score"":25.331953785135312},""L4_volume_zscore"":{""value"":0.8041430272109045,""score"":100.0},""_score"":92.53},""pattern_structure"":{""left_low"":177.31,""left_idx"":44,""right_low"":169.0,""right_idx"":75,""separation_bars"":31,""structural_low"":169.0,""current_price"":175.11,""neckline_distance_pct"":0.058705956256067456,""base_bars"":31},""pattern_geometry_features"":{""low_similarity_pct"":0.04799168375155209,""bounce_pct"":0.09698224852070998,""right_bottom_reaction"":0.9087136929460584,""atr_pct"":0.032330327889044885},""_schema_version"":""1.0""}",,,,,,,,,,
20260630T202552Z-536821,2026-06-30T20:25:52.986448+00:00,PL,ascending_triangle,setup,46.61,10.4,53.2,62.7,58.5,16.9,45.9,41.0,84.0,91.4,1.57,14.89,5.02,8.18,2.03,3.67,1.64,5.04,4.57,False,,31.28,29.35,24.9205,33.4,"{""trend"":{""T1_ema_stack"":{""value"":[false,false,true],""score"":33.33333333333333},""T2_ema50_slope"":{""value"":-0.7324623887233994,""score"":0},""T3_high_proximity"":{""value"":0.6085603112840468,""score"":0},""T4_rs_1m"":{""value"":-0.3734168951829556,""score"":0},""T5_rs_3m"":{""value"":-0.1549939750155782,""score"":0},""T6_adr_healthy"":{""value"":10.311285097215709,""score"":42.21787256960727},""_score"":10.44},""geometry"":{""sub_flat_top_quality"":66.7,""sub_hl_slope"":14.4,""sub_compression"":55.4,""sub_duration"":100.0,""_score"":53.18},""compression"":{""VC1_atr_ratio"":{""value"":0.30954373432487514,""score"":100},""VC2_range_contraction"":{""value"":0.8430522603818196,""score"":26.157956603030076},""VC3_range_pct_rank"":{""score"":54.16666666666667},""_score"":62.7},""sr_quality"":{""SR1_touches"":{""value"":3,""score"":50.0},""SR2_tightness"":{""value"":0.6861381202061287,""score"":53.266940326220016},""SR3_recency"":{""value"":263,""score"":0.0},""SR4_price_location"":{""score"":81.87261054605784},""SR5_reaction"":{""value"":2.418800383363577,""score"":100},""_score"":58.46,""_levels_found"":6,""_target_level"":31.7826},""volume"":{""V1_rvol_day"":{""value"":0.7809076168848311,""score"":18.727174458988742},""V2_rvol_sameslot"":{""value"":0.6455480895993289,""score"":9.703205973288592,""status"":""ok""},""V3_breakout_bar"":{""value"":0.5672343233253375,""score"":4.482288221689168},""V4_base_dryup"":{""value"":0.9927916627160172,""score"":50.72083372839828},""V5_bo_expansion"":{""value"":0.7809076168848311,""score"":0},""_score"":16.95},""readiness"":{""_distance_atr"":-0.657,""BR1_atr_distance"":{""score"":46.85471590715596},""BR2_compression"":{""score"":38.479462493778485},""BR3_retest"":{""score"":50.0},""BR4_bo_age"":{""score"":50.0},""_score"":45.86},""risk"":{""R1_stop_clarity"":{""score"":74.15214863609162},""R2_stop_distance_pct"":{""value"":20.330882352941178,""score"":0.0},""R3_stop_distance_atr"":{""value"":2.1657366370062614,""score"":100.0},""R4_rr_potential"":{""value"":0.33335954084440667,""score"":0.0},""_score"":40.95},""market"":{""M1_spy_regime"":{""score"":100.0},""M3_earnings_risk"":{""value"":null,""score"":80.0},""M4_vix"":{""value"":null,""score"":60.0},""_score"":84.0},""liquidity"":{""L1_price"":{""value"":31.28,""score"":100.0},""L2_dollar_vol"":{""value"":450012083.9932257,""score"":100.0},""L3_spread_proxy"":{""value"":0.0856777493606138,""score"":14.322250639386198},""L4_volume_zscore"":{""value"":-0.4385421944582471,""score"":100.0},""_score"":91.43},""pattern_structure"":{""top"":29.35,""top_touches"":3,""low_slope_per_bar"":0.010902917505030247,""lowest_low"":25.3,""structural_low"":25.3,""current_price"":31.03,""neckline_distance_pct"":-0.05414115372220431,""base_bars"":35},""pattern_geometry_features"":{""top_touches"":3.0,""low_slope"":0.010902917505030247,""compression"":0.276852477055043,""atr_pct"":0.09387513701132628},""_schema_version"":""1.0""}",,,,,,,,,,
20260630T202552Z-536821,2026-06-30T20:25:52.986448+00:00,VZ,vcp,invalidated,46.45,26.3,45.0,25.4,61.1,71.7,17.5,20.3,84.0,85.5,3.94,11.25,3.05,7.33,9.32,1.23,1.01,5.04,4.28,True,risk_unclear,44.1,48.21,44.4727,51.71,"{""trend"":{""T1_ema_stack"":{""value"":[false,false,true],""score"":33.33333333333333},""T2_ema50_slope"":{""value"":-0.08357535080016812,""score"":36.070774866638644},""T3_high_proximity"":{""value"":0.8767395626242546,""score"":38.36978131212726},""T4_rs_1m"":{""value"":-0.0634185728490061,""score"":0},""T5_rs_3m"":{""value"":-0.2920385307853597,""score"":0},""T6_adr_healthy"":{""value"":2.6672337695587833,""score"":100.0},""_score"":26.3},""geometry"":{""sub_contraction_count"":100.0,""sub_reduction_rate"":0,""sub_pivot_tightness"":52.1,""sub_volume_dryup"":0,""sub_base_depth"":21.9,""sub_base_duration"":100.0,""_score"":45.0},""compression"":{""VC1_atr_ratio"":{""value"":0.7497525715605018,""score"":62.56185710987455},""VC2_range_contraction"":{""value"":1.1763030330338664,""score"":0},""VC3_range_pct_rank"":{""score"":1.6666666666666718},""_score"":25.44},""sr_quality"":{""SR1_touches"":{""value"":2,""score"":25.0},""SR2_tightness"":{""value"":0.014999999999997016,""score"":97.69494204425757},""SR3_recency"":{""value"":238,""score"":0.0},""SR4_price_location"":{""score"":95.73564278187577},""SR5_reaction"":{""value"":2.499067000351248,""score"":100},""_score"":61.09,""_levels_found"":7,""_target_level"":44.285},""volume"":{""V1_rvol_day"":{""value"":1.996511702723059,""score"":99.76744684820393},""V2_rvol_sameslot"":{""value"":2.171756289068006,""score"":100,""status"":""ok""},""V3_breakout_bar"":{""value"":1.0890937967901748,""score"":39.272919786011656},""V4_base_dryup"":{""value"":0.902015974067653,""score"":59.7984025932347},""V5_bo_expansion"":{""value"":1.9965117027230592,""score"":66.43411351487062},""_score"":71.7},""readiness"":{""_distance_atr"":3.158,""BR1_atr_distance"":{""score"":0},""BR2_compression"":{""score"":0},""BR3_retest"":{""score"":50.0},""BR4_bo_age"":{""score"":50.0},""_score"":17.5},""risk"":{""R1_stop_clarity"":{""score"":0},""R2_stop_distance_pct"":{""value"":-0.8452380952380869,""score"":28.869047619047826},""R3_stop_distance_atr"":{""value"":-0.28640345100105097,""score"":10.679827449947455},""R4_rr_potential"":{""value"":null,""score"":50.0},""_score"":20.26},""market"":{""M1_spy_regime"":{""score"":100.0},""M3_earnings_risk"":{""value"":null,""score"":80.0},""M4_vix"":{""value"":null,""score"":60.0},""_score"":84.0},""liquidity"":{""L1_price"":{""value"":44.1,""score"":100.0},""L2_dollar_vol"":{""value"":2442594812.135984,""score"":100.0},""L3_spread_proxy"":{""value"":0.06962585034013595,""score"":30.374149659864045},""L4_volume_zscore"":{""value"":2.1405733624940697,""score"":70.0},""_score"":85.54},""pattern_structure"":{""n_contractions"":5,""contractions_pct"":[4.92,3.27,5.11,9.51,6.35],""descending_strict"":false,""final_low"":45.15,""final_pivot"":48.21,""structural_low"":45.15,""dry_up_ratio"":1.4330064598967294,""current_price"":44.1,""neckline_distance_pct"":0.09319727891156461,""base_bars"":38},""pattern_geometry_features"":{""contraction_count"":5.0,""first_contraction_pct"":0.04922918807810886,""last_contraction_pct"":0.06347230864965779,""dry_up_ratio"":1.4330064598967294,""near_monotone"":0.0,""base_depth_pct"":0.07194244604316546},""_schema_version"":""1.0""}",,,,,,,,,,
20260630T202552Z-536821,2026-06-30T20:25:52.986448+00:00,PL,double_bottom,setup,46.28,10.4,47.4,62.7,58.5,17.4,67.1,40.3,84.0,91.4,1.57,11.85,5.02,8.18,2.26,5.37,2.42,5.04,4.57,False,,31.28,31.25,26.6385,35.4558,"{""trend"":{""T1_ema_stack"":{""value"":[false,false,true],""score"":33.33333333333333},""T2_ema50_slope"":{""value"":-0.7324623887233994,""score"":0},""T3_high_proximity"":{""value"":0.6085603112840468,""score"":0},""T4_rs_1m"":{""value"":-0.3734168951829556,""score"":0},""T5_rs_3m"":{""value"":-0.1549939750155782,""score"":0},""T6_adr_healthy"":{""value"":10.311285097215709,""score"":42.21787256960727},""_score"":10.44},""geometry"":{""sub_low_similarity"":60.8,""sub_bounce_quality"":100,""sub_separation_fit"":0.0,""sub_right_bottom_reaction"":21.0,""sub_base_context"":30.0,""_score"":47.39},""compression"":{""VC1_atr_ratio"":{""value"":0.30954373432487514,""score"":100},""VC2_range_contraction"":{""value"":0.8430522603818196,""score"":26.157956603030076},""VC3_range_pct_rank"":{""score"":54.16666666666667},""_score"":62.7},""sr_quality"":{""SR1_touches"":{""value"":3,""score"":50.0},""SR2_tightness"":{""value"":0.6861381202061287,""score"":53.266940326220016},""SR3_recency"":{""value"":263,""score"":0.0},""SR4_price_location"":{""score"":81.87261054605784},""SR5_reaction"":{""value"":2.418800383363577,""score"":100},""_score"":58.46,""_levels_found"":6,""_target_level"":31.7826},""volume"":{""V1_rvol_day"":{""value"":0.7809076168848311,""score"":18.727174458988742},""V2_rvol_sameslot"":{""value"":0.6455480895993289,""score"":9.703205973288592,""status"":""ok""},""V3_breakout_bar"":{""value"":0.5672343233253375,""score"":4.482288221689168},""V4_base_dryup"":{""value"":0.9695392085177512,""score"":53.04607914822488},""V5_bo_expansion"":{""value"":0.7809076168848311,""score"":0},""_score"":17.42},""readiness"":{""_distance_atr"":-0.01,""BR1_atr_distance"":{""score"":100.0},""BR2_compression"":{""score"":38.479462493778485},""BR3_retest"":{""score"":50.0},""BR4_bo_age"":{""score"":50.0},""_score"":67.12},""risk"":{""R1_stop_clarity"":{""score"":72.37017937328808},""R2_stop_distance_pct"":{""value"":14.838436700767268,""score"":0.0},""R3_stop_distance_atr"":{""value"":1.5806567290524405,""score"":100.0},""R4_rr_potential"":{""value"":0.8996732280317636,""score"":0.0},""_score"":40.33},""market"":{""M1_spy_regime"":{""score"":100.0},""M3_earnings_risk"":{""value"":null,""score"":80.0},""M4_vix"":{""value"":null,""score"":60.0},""_score"":84.0},""liquidity"":{""L1_price"":{""value"":31.28,""score"":100.0},""L2_dollar_vol"":{""value"":450012083.9932257,""score"":100.0},""L3_spread_proxy"":{""value"":0.0856777493606138,""score"":14.322250639386198},""L4_volume_zscore"":{""value"":-0.4385421944582471,""score"":100.0},""_score"":91.43},""pattern_structure"":{""left_low"":27.0442,""left_idx"":26,""right_low"":27.58,""right_idx"":73,""separation_bars"":47,""structural_low"":27.0442,""current_price"":31.03,""neckline_distance_pct"":0.007089912987431481,""base_bars"":47},""pattern_geometry_features"":{""low_similarity_pct"":0.019617678611311407,""bounce_pct"":0.15551578527003942,""right_bottom_reaction"":0.2096774193548425,""atr_pct"":0.09387513701132628},""_schema_version"":""1.0""}",,,,,,,,,,
20260630T202552Z-536821,2026-06-30T20:25:52.986448+00:00,OKLO,vcp,forming,45.33,5.0,51.5,68.4,65.0,2.9,29.4,69.8,84.0,94.2,0.75,12.89,8.21,7.8,0.38,2.06,3.49,5.04,4.71,False,,52.76,73.86,52.2149,86.8199,"{""trend"":{""T1_ema_stack"":{""value"":[false,false,false],""score"":0.0},""T2_ema50_slope"":{""value"":-0.46087026131936815,""score"":0},""T3_high_proximity"":{""value"":0.6626475759859332,""score"":0},""T4_rs_1m"":{""value"":-0.20712039930001758,""score"":0},""T5_rs_3m"":{""value"":-0.11823552016195538,""score"":0},""T6_adr_healthy"":{""value"":7.7642091088044705,""score"":100.0},""_score"":5.0},""geometry"":{""sub_contraction_count"":100.0,""sub_reduction_rate"":0,""sub_pivot_tightness"":0,""sub_volume_dryup"":43.7,""sub_base_depth"":100.0,""sub_base_duration"":100.0,""_score"":51.55},""compression"":{""VC1_atr_ratio"":{""value"":0.3913806980235498,""score"":100},""VC2_range_contraction"":{""value"":0.84860367169306,""score"":25.23272138449001},""VC3_range_pct_rank"":{""score"":78.33333333333333},""_score"":68.41},""sr_quality"":{""SR1_touches"":{""value"":3,""score"":50.0},""SR2_tightness"":{""value"":0.5177422159938488,""score"":76.51882871327375},""SR3_recency"":{""value"":235,""score"":0.0},""SR4_price_location"":{""score"":94.26650313023113},""SR5_reaction"":{""value"":2.5099039649874717,""score"":100},""_score"":65.04,""_levels_found"":8,""_target_level"":53.2384},""volume"":{""V1_rvol_day"":{""value"":0.7046119296657636,""score"":13.640795311050905},""V2_rvol_sameslot"":{""value"":0.4575259981711726,""score"":0,""status"":""ok""},""V3_breakout_bar"":{""value"":0.5128684905630224,""score"":0.8578993708681611},""V4_base_dryup"":{""value"":1.5019288671214621,""score"":0},""V5_bo_expansion"":{""value"":0.7046119296657636,""score"":0},""_score"":2.94},""readiness"":{""_distance_atr"":4.785,""BR1_atr_distance"":{""score"":0},""BR2_compression"":{""score"":47.54350248945686},""BR3_retest"":{""score"":50.0},""BR4_bo_age"":{""score"":50.0},""_score"":29.39},""risk"":{""R1_stop_clarity"":{""score"":63.93748086669601},""R2_stop_distance_pct"":{""value"":1.0330771417740705,""score"":75.82692854435176},""R3_stop_distance_atr"":{""value"":0.12359864848010695,""score"":31.17993242400535},""R4_rr_potential"":{""value"":62.48932440329037,""score"":100.0},""_score"":69.8},""market"":{""M1_spy_regime"":{""score"":100.0},""M3_earnings_risk"":{""value"":null,""score"":80.0},""M4_vix"":{""value"":null,""score"":60.0},""_score"":84.0},""liquidity"":{""L1_price"":{""value"":52.76,""score"":100.0},""L2_dollar_vol"":{""value"":478589086.25945324,""score"":100.0},""L3_spread_proxy"":{""value"":0.05818802122820319,""score"":41.81197877179681},""L4_volume_zscore"":{""value"":-0.6980365031543155,""score"":100.0},""_score"":94.18},""pattern_structure"":{""n_contractions"":5,""contractions_pct"":[20.04,22.15,22.45,32.62,28.23],""descending_strict"":false,""final_low"":53.0101,""final_pivot"":73.86,""structural_low"":53.0101,""dry_up_ratio"":0.7813912284073184,""current_price"":52.76,""neckline_distance_pct"":0.3999241849886278,""base_bars"":58},""pattern_geometry_features"":{""contraction_count"":5.0,""first_contraction_pct"":0.2003941185387297,""last_contraction_pct"":0.28228946655835363,""dry_up_ratio"":0.7813912284073184,""near_monotone"":0.0,""base_depth_pct"":0.19645141731089885},""_schema_version"":""1.0""}",,,,,,,,,,
20260630T202552Z-536821,2026-06-30T20:25:52.986448+00:00,PL,vcp,absent,45.3,10.4,45.0,62.7,58.5,17.0,27.1,84.4,84.0,91.4,1.57,11.25,7.52,7.02,2.21,1.9,4.22,5.04,4.57,False,,31.28,51.76,28.8802,59.49,"{""trend"":{""T1_ema_stack"":{""value"":[false,false,true],""score"":33.33333333333333},""T2_ema50_slope"":{""value"":-0.7324623887233994,""score"":0},""T3_high_proximity"":{""value"":0.6085603112840468,""score"":0},""T4_rs_1m"":{""value"":-0.3734168951829556,""score"":0},""T5_rs_3m"":{""value"":-0.1549939750155782,""score"":0},""T6_adr_healthy"":{""value"":10.311285097215709,""score"":42.21787256960727},""_score"":10.44},""geometry"":{""sub_contraction_count"":100.0,""sub_reduction_rate"":0,""sub_pivot_tightness"":0,""sub_volume_dryup"":0,""sub_base_depth"":100.0,""sub_base_duration"":100.0,""_score"":45.0},""compression"":{""VC1_atr_ratio"":{""value"":0.30954373432487514,""score"":100},""VC2_range_contraction"":{""value"":0.8430522603818196,""score"":26.157956603030076},""VC3_range_pct_rank"":{""score"":54.16666666666667},""_score"":62.7},""sr_quality"":{""SR1_touches"":{""value"":3,""score"":50.0},""SR2_tightness"":{""value"":0.6861381202061287,""score"":53.266940326220016},""SR3_recency"":{""value"":263,""score"":0.0},""SR4_price_location"":{""score"":81.87261054605784},""SR5_reaction"":{""value"":2.418800383363577,""score"":100},""_score"":58.46,""_levels_found"":6,""_target_level"":31.7826},""volume"":{""V1_rvol_day"":{""value"":0.7809076168848311,""score"":18.727174458988742},""V2_rvol_sameslot"":{""value"":0.6455480895993289,""score"":9.703205973288592,""status"":""ok""},""V3_breakout_bar"":{""value"":0.5672343233253375,""score"":4.482288221689168},""V4_base_dryup"":{""value"":0.9898886829580343,""score"":51.011131704196565},""V5_bo_expansion"":{""value"":0.7809076168848311,""score"":0},""_score"":17.01},""readiness"":{""_distance_atr"":6.974,""BR1_atr_distance"":{""score"":0},""BR2_compression"":{""score"":38.479462493778485},""BR3_retest"":{""score"":50.0},""BR4_bo_age"":{""score"":50.0},""_score"":27.12},""risk"":{""R1_stop_clarity"":{""score"":70.04509873558118},""R2_stop_distance_pct"":{""value"":7.671994884910493,""score"":100.0},""R3_stop_distance_atr"":{""value"":0.8172552530053669,""score"":65.86276265026835},""R4_rr_potential"":{""value"":11.7551462621885,""score"":100.0},""_score"":84.4},""market"":{""M1_spy_regime"":{""score"":100.0},""M3_earnings_risk"":{""value"":null,""score"":80.0},""M4_vix"":{""value"":null,""score"":60.0},""_score"":84.0},""liquidity"":{""L1_price"":{""value"":31.28,""score"":100.0},""L2_dollar_vol"":{""value"":450012083.9932257,""score"":100.0},""L3_spread_proxy"":{""value"":0.0856777493606138,""score"":14.322250639386198},""L4_volume_zscore"":{""value"":-0.4385421944582471,""score"":100.0},""_score"":91.43},""pattern_structure"":{""n_contractions"":5,""contractions_pct"":[29.06,16.57,21.91,16.95,43.35],""descending_strict"":false,""final_low"":29.32,""final_pivot"":51.76,""structural_low"":29.32,""dry_up_ratio"":1.1618601699734914,""current_price"":31.28,""neckline_distance_pct"":0.6547314578005113,""base_bars"":52},""pattern_geometry_features"":{""contraction_count"":5.0,""first_contraction_pct"":0.29055330634278,""last_contraction_pct"":0.4335394126738794,""dry_up_ratio"":1.1618601699734914,""near_monotone"":0.0,""base_depth_pct"":0.2086369770580296},""_schema_version"":""1.0""}",,,,,,,,,,
20260630T202552Z-536821,2026-06-30T20:25:52.986448+00:00,CRM,vcp,absent,44.92,5.0,45.0,68.3,53.7,18.1,35.5,70.6,84.0,97.4,0.75,11.25,8.19,6.44,2.36,2.48,3.53,5.04,4.87,False,,157.93,211.34,144.1252,254.0,"{""trend"":{""T1_ema_stack"":{""value"":[false,false,false],""score"":0.0},""T2_ema50_slope"":{""value"":-0.3769694865411434,""score"":0},""T3_high_proximity"":{""value"":0.7534828244274809,""score"":0},""T4_rs_1m"":{""value"":-0.08551356339496963,""score"":0},""T5_rs_3m"":{""value"":-0.28783867063769963,""score"":0},""T6_adr_healthy"":{""value"":4.022153476956383,""score"":100.0},""_score"":5.0},""geometry"":{""sub_contraction_count"":100.0,""sub_reduction_rate"":0,""sub_pivot_tightness"":0,""sub_volume_dryup"":0,""sub_base_depth"":100.0,""sub_base_duration"":100.0,""_score"":45.0},""compression"":{""VC1_atr_ratio"":{""value"":0.41648102426284955,""score"":100},""VC2_range_contraction"":{""value"":0.8618662025258464,""score"":23.022299579025592},""VC3_range_pct_rank"":{""score"":80.83333333333333},""_score"":68.27},""sr_quality"":{""SR1_touches"":{""value"":2,""score"":25.0},""SR2_tightness"":{""value"":0.40374999999998806,""score"":87.48558157452564},""SR3_recency"":{""value"":252,""score"":0.0},""SR4_price_location"":{""score"":72.13314101386173},""SR5_reaction"":{""value"":3.686329229386354,""score"":100},""_score"":53.66,""_levels_found"":5,""_target_level"":163.9237},""volume"":{""V1_rvol_day"":{""value"":0.6962566740024667,""score"":13.083778266831114},""V2_rvol_sameslot"":{""value"":0.6845965605468632,""score"":12.306437369790883,""status"":""ok""},""V3_breakout_bar"":{""value"":0.8236713644734435,""score"":21.578090964896234},""V4_base_dryup"":{""value"":1.1166480500947644,""score"":38.33519499052356},""V5_bo_expansion"":{""value"":0.6962566740024667,""score"":0},""_score"":18.14},""readiness"":{""_distance_atr"":8.277,""BR1_atr_distance"":{""score"":0},""BR2_compression"":{""score"":71.95662378479241},""BR3_retest"":{""score"":50.0},""BR4_bo_age"":{""score"":50.0},""_score"":35.49},""risk"":{""R1_stop_clarity"":{""score"":31.97115650716505},""R2_stop_distance_pct"":{""value"":8.741087823719388,""score"":81.4728044070153},""R3_stop_distance_atr"":{""value"":2.1394308790092116,""score"":100.0},""R4_rr_potential"":{""value"":6.9591736207695725,""score"":100.0},""_score"":70.63},""market"":{""M1_spy_regime"":{""score"":100.0},""M3_earnings_risk"":{""value"":null,""score"":80.0},""M4_vix"":{""value"":null,""score"":60.0},""_score"":84.0},""liquidity"":{""L1_price"":{""value"":157.93,""score"":100.0},""L2_dollar_vol"":{""value"":2000037214.5631502,""score"":100.0},""L3_spread_proxy"":{""value"":0.025707591971126462,""score"":74.29240802887354},""L4_volume_zscore"":{""value"":-0.5368997044735819,""score"":100.0},""_score"":97.43},""pattern_structure"":{""n_contractions"":5,""contractions_pct"":[13.47,11.84,13.65,8.42,30.77],""descending_strict"":false,""final_low"":146.32,""final_pivot"":211.34,""structural_low"":146.32,""dry_up_ratio"":1.2799809293936568,""current_price"":157.93,""neckline_distance_pct"":0.3381878047236117,""base_bars"":55},""pattern_geometry_features"":{""contraction_count"":5.0,""first_contraction_pct"":0.13472325113768643,""last_contraction_pct"":0.30765590990820485,""dry_up_ratio"":1.2799809293936568,""near_monotone"":0.0,""base_depth_pct"":0.22573817335167742},""_schema_version"":""1.0""}",,,,,,,,,,
20260630T202552Z-536821,2026-06-30T20:25:52.986448+00:00,MRVL,bull_flag,absent,44.9,88.3,23.8,43.5,51.6,1.5,57.0,48.1,84.0,90.0,12.36,7.14,3.91,5.16,0.21,5.13,1.44,5.04,4.5,False,,277.75,292.51,246.7622,321.36,"{""trend"":{""T1_ema_stack"":{""value"":[true,true,true],""score"":100.0},""T2_ema50_slope"":{""value"":1.2996722798637652,""score"":100},""T3_high_proximity"":{""value"":0.8777612742154662,""score"":38.880637107733094},""T4_rs_1m"":{""value"":0.374025332223619,""score"":100},""T5_rs_3m"":{""value"":1.7587781301998375,""score"":100},""T6_adr_healthy"":{""value"":10.043816305872763,""score"":48.90459235318092},""_score"":88.28},""geometry"":{""sub_pole_impulse"":0.8,""sub_flag_tightness"":0,""sub_flag_shallowness"":0,""sub_flag_drift"":90.4,""sub_flag_duration"":100.0,""_score"":23.8},""compression"":{""VC1_atr_ratio"":{""value"":0.6742976422021658,""score"":81.42558944945854},""VC2_range_contraction"":{""value"":0.859557899006051,""score"":23.407016832324842},""VC3_range_pct_rank"":{""score"":10.833333333333329},""_score"":43.47},""sr_quality"":{""SR1_touches"":{""value"":2,""score"":25.0},""SR2_tightness"":{""value"":2.8400000000000034,""score"":80.69441827854028},""SR3_recency"":{""value"":228,""score"":0.0},""SR4_price_location"":{""score"":67.93520686963312},""SR5_reaction"":{""value"":2.516523363832528,""score"":100},""_score"":51.59,""_levels_found"":4,""_target_level"":327.04},""volume"":{""V1_rvol_day"":{""value"":0.4424941155926257,""score"":0},""V2_rvol_sameslot"":{""value"":0.34515271681068244,""score"":0,""status"":""ok""},""V3_breakout_bar"":{""value"":0.5893513575172323,""score"":5.956757167815488},""V4_base_dryup"":{""value"":1.6801193856771548,""score"":0},""V5_bo_expansion"":{""value"":0.44249411559262564,""score"":0},""_score"":1.49},""readiness"":{""_distance_atr"":0.502,""BR1_atr_distance"":{""score"":66.55511898958393},""BR2_compression"":{""score"":51.637579694711334},""BR3_retest"":{""score"":50.0},""BR4_bo_age"":{""score"":50.0},""_score"":57.03},""risk"":{""R1_stop_clarity"":{""score"":74.45545246728827},""R2_stop_distance_pct"":{""value"":11.156723672367235,""score"":21.08190819081912},""R3_stop_distance_atr"":{""value"":1.0532350444863532,""score"":77.66175222431767},""R4_rr_potential"":{""value"":1.4073280452307027,""score"":20.366402261535132},""_score"":48.11},""market"":{""M1_spy_regime"":{""score"":100.0},""M3_earnings_risk"":{""value"":null,""score"":80.0},""M4_vix"":{""value"":null,""score"":60.0},""_score"":84.0},""liquidity"":{""L1_price"":{""value"":277.75,""score"":100.0},""L2_dollar_vol"":{""value"":8818347297.412968,""score"":100.0},""L3_spread_proxy"":{""value"":0.09994599459945981,""score"":0.05400540054019132},""L4_volume_zscore"":{""value"":-0.8050281523810091,""score"":100.0},""_score"":90.01},""pattern_structure"":{""pole_low"":263.66,""pole_low_idx"":41,""peak_price"":292.51,""peak_idx"":42,""pole_gain"":0.10942122430402777,""flag_bars"":17,""flag_low"":250.52,""flag_high"":283.83,""structural_low"":250.52,""current_price"":274.524,""neckline_distance_pct"":0.0655170404044819,""base_bars"":17},""pattern_geometry_features"":{""pole_gain"":0.10942122430402777,""pullback_pct"":0.1435506478410994,""flag_range_pct"":0.1138764486684215,""flag_drift_per_bar"":-0.00191478401402671,""atr_pct"":0.1059281471004243,""pole_atr_multiple"":1.0329759114949109},""_schema_version"":""1.0""}",,,,,,,,,,
20260630T202552Z-536821,2026-06-30T20:25:52.986448+00:00,VSH,bull_flag,absent,44.8,78.8,21.9,38.8,49.0,27.3,43.7,50.3,84.0,90.0,11.03,6.57,3.49,4.9,3.82,3.94,1.51,5.04,4.5,False,,56.28,62.63,48.984,71.75,"{""trend"":{""T1_ema_stack"":{""value"":[false,true,true],""score"":66.66666666666666},""T2_ema50_slope"":{""value"":1.3430966948318637,""score"":100},""T3_high_proximity"":{""value"":0.8671802773497688,""score"":33.590138674884365},""T4_rs_1m"":{""value"":0.09535816872442171,""score"":100},""T5_rs_3m"":{""value"":2.1380941763948704,""score"":100},""T6_adr_healthy"":{""value"":10.335760562653292,""score"":41.60598593366771},""_score"":78.79},""geometry"":{""sub_pole_impulse"":10.5,""sub_flag_tightness"":0,""sub_flag_shallowness"":0,""sub_flag_drift"":58.4,""sub_flag_duration"":100.0,""_score"":21.91},""compression"":{""VC1_atr_ratio"":{""value"":0.672294641843693,""score"":81.92633953907674},""VC2_range_contraction"":{""value"":0.9215044580634236,""score"":13.08259032276273},""VC3_range_pct_rank"":{""score"":5.833333333333335},""_score"":38.81},""sr_quality"":{""SR1_touches"":{""value"":2,""score"":25.0},""SR2_tightness"":{""value"":1.4099999999999966,""score"":58.206079596881445},""SR3_recency"":{""value"":228,""score"":0.0},""SR4_price_location"":{""score"":71.05295490846541},""SR5_reaction"":{""value"":2.1452730419685913,""score"":100},""_score"":48.99,""_levels_found"":3,""_target_level"":68.06},""volume"":{""V1_rvol_day"":{""value"":0.7747434580350891,""score"":18.31623053567261},""V2_rvol_sameslot"":{""value"":0.8866184478305614,""score"":25.774563188704096,""status"":""ok""},""V3_breakout_bar"":{""value"":1.0167413548149045,""score"":34.449423654326964},""V4_base_dryup"":{""value"":1.0085681049516302,""score"":49.14318950483698},""V5_bo_expansion"":{""value"":0.774743458035089,""score"":0},""_score"":27.26},""readiness"":{""_distance_atr"":0.941,""BR1_atr_distance"":{""score"":37.2597175981552},""BR2_compression"":{""score"":45.30772600963094},""BR3_retest"":{""score"":50.0},""BR4_bo_age"":{""score"":50.0},""_score"":43.73},""risk"":{""R1_stop_clarity"":{""score"":77.88923764205221},""R2_stop_distance_pct"":{""value"":12.963663823738457,""score"":0.0},""R3_stop_distance_atr"":{""value"":1.0812991261174956,""score"":79.06495630587477},""R4_rr_potential"":{""value"":2.1203544432184964,""score"":56.01772216092482},""_score"":50.32},""market"":{""M1_spy_regime"":{""score"":100.0},""M3_earnings_risk"":{""value"":null,""score"":80.0},""M4_vix"":{""value"":null,""score"":60.0},""_score"":84.0},""liquidity"":{""L1_price"":{""value"":56.28,""score"":100.0},""L2_dollar_vol"":{""value"":394509966.5914202,""score"":100.0},""L3_spread_proxy"":{""value"":0.11922530206112297,""score"":0},""L4_volume_zscore"":{""value"":-0.6625580361286251,""score"":100.0},""_score"":90.0},""pattern_structure"":{""pole_low"":53.51,""pole_low_idx"":41,""peak_price"":62.63,""peak_idx"":44,""pole_gain"":0.17043543262941516,""flag_bars"":15,""flag_low"":49.73,""flag_high"":62.3336,""structural_low"":49.73,""current_price"":55.36,""neckline_distance_pct"":0.13132225433526018,""base_bars"":15},""pattern_geometry_features"":{""pole_gain"":0.17043543262941516,""pullback_pct"":0.20597157911543998,""flag_range_pct"":0.20123902283250839,""flag_drift_per_bar"":-0.00832279624277455,""atr_pct"":0.11988970961518938,""pole_atr_multiple"":1.4216018470347676},""_schema_version"":""1.0""}",,,,,,,,,,
20260630T202552Z-536821,2026-06-30T20:25:52.986448+00:00,TMUS,vcp,invalidated,44.76,9.3,54.0,40.2,54.8,47.8,17.5,26.8,84.0,92.5,1.4,13.51,4.83,6.58,6.21,1.23,1.34,5.04,4.63,True,risk_unclear,173.97,189.89,174.6504,228.93,"{""trend"":{""T1_ema_stack"":{""value"":[false,false,false],""score"":0.0},""T2_ema50_slope"":{""value"":-0.19940379642573694,""score"":16.766033929043843},""T3_high_proximity"":{""value"":0.8131719173600075,""score"":6.585958680003722},""T4_rs_1m"":{""value"":-0.06154971585803981,""score"":0},""T5_rs_3m"":{""value"":-0.3433974887956437,""score"":0},""T6_adr_healthy"":{""value"":3.069906941895745,""score"":100.0},""_score"":9.34},""geometry"":{""sub_contraction_count"":100.0,""sub_reduction_rate"":7.2,""sub_pivot_tightness"":48.3,""sub_volume_dryup"":0,""sub_base_depth"":100.0,""sub_base_duration"":100.0,""_score"":54.05},""compression"":{""VC1_atr_ratio"":{""value"":0.578468274649651,""score"":100},""VC2_range_contraction"":{""value"":1.1740479969729967,""score"":0},""VC3_range_pct_rank"":{""score"":0.8333333333333304},""_score"":40.21},""sr_quality"":{""SR1_touches"":{""value"":3,""score"":50.0},""SR2_tightness"":{""value"":0.7884584115009833,""score"":71.96346661227771},""SR3_recency"":{""value"":265,""score"":0.0},""SR4_price_location"":{""score"":56.04948243084148},""SR5_reaction"":{""value"":2.51162747381464,""score"":100},""_score"":54.81,""_levels_found"":8,""_target_level"":182.21},""volume"":{""V1_rvol_day"":{""value"":1.257894974346548,""score"":50.5263316231032},""V2_rvol_sameslot"":{""value"":1.472851574239971,""score"":64.85677161599807,""status"":""ok""},""V3_breakout_bar"":{""value"":1.1345119309409042,""score"":42.30079539606028},""V4_base_dryup"":{""value"":0.9232889017345786,""score"":57.67110982654214},""V5_bo_expansion"":{""value"":1.2578949743465477,""score"":17.192998289769847},""_score"":47.76},""readiness"":{""_distance_atr"":2.83,""BR1_atr_distance"":{""score"":0},""BR2_compression"":{""score"":0},""BR3_retest"":{""score"":50.0},""BR4_bo_age"":{""score"":50.0},""_score"":17.5},""risk"":{""R1_stop_clarity"":{""score"":5.426380216171296},""R2_stop_distance_pct"":{""value"":-0.39107317353566956,""score"":40.223170661608265},""R3_stop_distance_atr"":{""value"":-0.12096170966091081,""score"":18.95191451695446},""R4_rr_potential"":{""value"":null,""score"":50.0},""_score"":26.81},""market"":{""M1_spy_regime"":{""score"":100.0},""M3_earnings_risk"":{""value"":null,""score"":80.0},""M4_vix"":{""value"":null,""score"":60.0},""_score"":84.0},""liquidity"":{""L1_price"":{""value"":173.97,""score"":100.0},""L2_dollar_vol"":{""value"":1350064688.0312533,""score"":100.0},""L3_spread_proxy"":{""value"":0.07466804621486468,""score"":25.331953785135312},""L4_volume_zscore"":{""value"":0.8041430272109045,""score"":100.0},""_score"":92.53},""pattern_structure"":{""n_contractions"":5,""contractions_pct"":[13.2,11.98,5.67,10.43,6.62],""descending_strict"":false,""final_low"":177.31,""final_pivot"":189.89,""structural_low"":177.31,""dry_up_ratio"":1.3839767801957654,""current_price"":173.97,""neckline_distance_pct"":0.09151003046502264,""base_bars"":57},""pattern_geometry_features"":{""contraction_count"":5.0,""first_contraction_pct"":0.13196209845158302,""last_contraction_pct"":0.06624888093106528,""dry_up_ratio"":1.3839767801957654,""near_monotone"":0.0,""base_depth_pct"":0.18044834758493178},""_schema_version"":""1.0""}",,,,,,,,,,
20260630T202552Z-536821,2026-06-30T20:25:52.986448+00:00,LEU,vcp,absent,43.49,5.0,43.9,61.2,65.2,12.0,29.7,64.2,84.0,94.2,0.75,10.97,7.35,7.82,1.56,2.08,3.21,5.04,4.71,False,,160.25,204.8,142.4803,270.15,"{""trend"":{""T1_ema_stack"":{""value"":[false,false,false],""score"":0.0},""T2_ema50_slope"":{""value"":-0.4928722324351132,""score"":0},""T3_high_proximity"":{""value"":0.6927632716583089,""score"":0},""T4_rs_1m"":{""value"":-0.11790948296867398,""score"":0},""T5_rs_3m"":{""value"":-0.29244198888586914,""score"":0},""T6_adr_healthy"":{""value"":7.674283500894886,""score"":100.0},""_score"":5.0},""geometry"":{""sub_contraction_count"":100.0,""sub_reduction_rate"":0,""sub_pivot_tightness"":0,""sub_volume_dryup"":0,""sub_base_depth"":88.8,""sub_base_duration"":100.0,""_score"":43.88},""compression"":{""VC1_atr_ratio"":{""value"":0.5120374727391069,""score"":100},""VC2_range_contraction"":{""value"":0.968604550112725,""score"":5.232574981212509},""VC3_range_pct_rank"":{""score"":77.5},""_score"":61.21},""sr_quality"":{""SR1_touches"":{""value"":3,""score"":50.0},""SR2_tightness"":{""value"":1.0469107995537221,""score"":84.49127711453485},""SR3_recency"":{""value"":249,""score"":0.0},""SR4_price_location"":{""score"":90.01550157925644},""SR5_reaction"":{""value"":2.2884845663173103,""score"":100},""_score"":65.18,""_levels_found"":6,""_target_level"":164.7433},""volume"":{""V1_rvol_day"":{""value"":0.679010134781234,""score"":11.934008985415597},""V2_rvol_sameslot"":{""value"":0.40783484730727043,""score"":0,""status"":""ok""},""V3_breakout_bar"":{""value"":0.6088610700996748,""score"":7.2574046733116555},""V4_base_dryup"":{""value"":1.1085526199081834,""score"":39.14473800918166},""V5_bo_expansion"":{""value"":0.679010134781234,""score"":0},""_score"":12.03},""readiness"":{""_distance_atr"":3.3,""BR1_atr_distance"":{""score"":0},""BR2_compression"":{""score"":48.808687096819426},""BR3_retest"":{""score"":50.0},""BR4_bo_age"":{""score"":50.0},""_score"":29.7},""risk"":{""R1_stop_clarity"":{""score"":67.85776639702038},""R2_stop_distance_pct"":{""value"":11.088767550702022,""score"":22.78081123244946},""R3_stop_distance_atr"":{""value"":1.3161872463798787,""score"":90.80936231899393},""R4_rr_potential"":{""value"":6.184667764037201,""score"":100.0},""_score"":64.21},""market"":{""M1_spy_regime"":{""score"":100.0},""M3_earnings_risk"":{""value"":null,""score"":80.0},""M4_vix"":{""value"":null,""score"":60.0},""_score"":84.0},""liquidity"":{""L1_price"":{""value"":160.25,""score"":100.0},""L2_dollar_vol"":{""value"":105440754.4674555,""score"":100.0},""L3_spread_proxy"":{""value"":0.058221528861154524,""score"":41.778471138845475},""L4_volume_zscore"":{""value"":-0.802051960541217,""score"":100.0},""_score"":94.18},""pattern_structure"":{""n_contractions"":5,""contractions_pct"":[9.95,17.78,30.52,8.6,29.37],""descending_strict"":false,""final_low"":144.65,""final_pivot"":204.8,""structural_low"":144.65,""dry_up_ratio"":1.0947084094732407,""current_price"":160.25,""neckline_distance_pct"":0.27800312012480505,""base_bars"":38},""pattern_geometry_features"":{""contraction_count"":5.0,""first_contraction_pct"":0.09947619047619041,""last_contraction_pct"":0.293701171875,""dry_up_ratio"":1.0947084094732407,""near_monotone"":0.0,""base_depth_pct"":0.3111904761904762},""_schema_version"":""1.0""}",,,,,,,,,,
20260630T202552Z-536821,2026-06-30T20:25:52.986448+00:00,NOC,double_bottom,absent,43.43,5.0,49.9,55.8,40.4,31.5,33.1,56.7,84.0,98.0,0.75,12.48,4.47,5.65,4.1,2.64,3.4,5.04,4.9,True,risk_unclear,496.02,519.63,487.181,544.66,"{""trend"":{""T1_ema_stack"":{""value"":[false,false,false],""score"":0.0},""T2_ema50_slope"":{""value"":-0.3806467468689624,""score"":0},""T3_high_proximity"":{""value"":0.7060782918149466,""score"":0},""T4_rs_1m"":{""value"":-0.09510277638600684,""score"":0},""T5_rs_3m"":{""value"":-0.43808836203778023,""score"":0},""T6_adr_healthy"":{""value"":2.5673021058674315,""score"":100.0},""_score"":5.0},""geometry"":{""sub_low_similarity"":61.0,""sub_bounce_quality"":29.4,""sub_separation_fit"":93.3,""sub_right_bottom_reaction"":38.2,""sub_base_context"":30.0,""_score"":49.91},""compression"":{""VC1_atr_ratio"":{""value"":0.58366685390793,""score"":100},""VC2_range_contraction"":{""value"":1.3123558515083509,""score"":0},""VC3_range_pct_rank"":{""score"":63.33333333333333},""_score"":55.83},""sr_quality"":{""SR1_touches"":{""value"":3,""score"":50.0},""SR2_tightness"":{""value"":2.236589815371185,""score"":68.98499043646036},""SR3_recency"":{""value"":229,""score"":0.0},""SR4_price_location"":{""score"":0},""SR5_reaction"":{""value"":3.295051229021062,""score"":100},""_score"":40.35,""_levels_found"":4,""_target_level"":560.81},""volume"":{""V1_rvol_day"":{""value"":1.0457772302177042,""score"":36.38514868118028},""V2_rvol_sameslot"":{""value"":1.235456744159286,""score"":49.03044961061907,""status"":""ok""},""V3_breakout_bar"":{""value"":1.113572164871125,""score"":40.90481099140833},""V4_base_dryup"":{""value"":1.3124685777627285,""score"":18.753142223727153},""V5_bo_expansion"":{""value"":1.0457772302177044,""score"":3.0518153478469605},""_score"":31.52},""readiness"":{""_distance_atr"":1.637,""BR1_atr_distance"":{""score"":0},""BR2_compression"":{""score"":62.22127213445543},""BR3_retest"":{""score"":50.0},""BR4_bo_age"":{""score"":50.0},""_score"":33.06},""risk"":{""R1_stop_clarity"":{""score"":0},""R2_stop_distance_pct"":{""value"":1.7819845973952548,""score"":94.54961493488136},""R3_stop_distance_atr"":{""value"":0.6128563844117934,""score"":55.642819220589665},""R4_rr_potential"":{""value"":5.502884941735525,""score"":100.0},""_score"":56.71},""market"":{""M1_spy_regime"":{""score"":100.0},""M3_earnings_risk"":{""value"":null,""score"":80.0},""M4_vix"":{""value"":null,""score"":60.0},""_score"":84.0},""liquidity"":{""L1_price"":{""value"":496.02,""score"":100.0},""L2_dollar_vol"":{""value"":570179638.35173,""score"":100.0},""L3_spread_proxy"":{""value"":0.020099995967904575,""score"":79.90000403209542},""L4_volume_zscore"":{""value"":0.13029252650392642,""score"":100.0},""_score"":97.99},""pattern_structure"":{""left_low"":504.34,""left_idx"":44,""right_low"":494.6,""right_idx"":75,""separation_bars"":31,""structural_low"":494.6,""current_price"":495.77,""neckline_distance_pct"":0.04812715573753962,""base_bars"":31},""pattern_geometry_features"":{""low_similarity_pct"":0.019500670710953513,""bounce_pct"":0.050606550748079196,""right_bottom_reaction"":0.38203463203462873,""atr_pct"":0.029076707736439198},""_schema_version"":""1.0""}",,,,,,,,,,
20260630T202552Z-536821,2026-06-30T20:25:52.986448+00:00,POWI,bull_flag,absent,43.14,64.5,22.4,61.0,48.5,18.4,27.1,80.9,84.0,91.4,9.02,6.73,5.49,4.85,2.58,2.44,2.43,5.04,4.57,False,,78.96,86.79,74.3478,94.5775,"{""trend"":{""T1_ema_stack"":{""value"":[false,true,true],""score"":66.66666666666666},""T2_ema50_slope"":{""value"":0.48751573057164094,""score"":100},""T3_high_proximity"":{""value"":0.9039496279336005,""score"":51.974813966800205},""T4_rs_1m"":{""value"":-0.0751206542676226,""score"":0},""T5_rs_3m"":{""value"":0.426547689196209,""score"":100},""T6_adr_healthy"":{""value"":6.171561306065713,""score"":100.0},""_score"":64.46},""geometry"":{""sub_pole_impulse"":9.3,""sub_flag_tightness"":0,""sub_flag_shallowness"":0,""sub_flag_drift"":64.2,""sub_flag_duration"":100.0,""_score"":22.42},""compression"":{""VC1_atr_ratio"":{""value"":0.5945437890664903,""score"":100},""VC2_range_contraction"":{""value"":0.7904249931996065,""score"":34.92916780006559},""VC3_range_pct_rank"":{""score"":35.0},""_score"":60.98},""sr_quality"":{""SR1_touches"":{""value"":2,""score"":25.0},""SR2_tightness"":{""value"":0.6494499999999945,""score"":77.13117949620857},""SR3_recency"":{""value"":241,""score"":0.0},""SR4_price_location"":{""score"":64.55425332843882},""SR5_reaction"":{""value"":1.7666951721015607,""score"":88.33475860507804},""_score"":48.46,""_levels_found"":8,""_target_level"":80.9394},""volume"":{""V1_rvol_day"":{""value"":0.7708773038328546,""score"":18.058486922190305},""V2_rvol_sameslot"":{""value"":0.5110063029154349,""score"":0.7337535276956613,""status"":""ok""},""V3_breakout_bar"":{""value"":0.4046251504565782,""score"":0},""V4_base_dryup"":{""value"":0.7663655128304037,""score"":73.36344871695964},""V5_bo_expansion"":{""value"":0.7708773038328546,""score"":0},""_score"":18.43},""readiness"":{""_distance_atr"":1.379,""BR1_atr_distance"":{""score"":8.095124313039904},""BR2_compression"":{""score"":25.43780127703286},""BR3_retest"":{""score"":50.0},""BR4_bo_age"":{""score"":50.0},""_score"":27.1},""risk"":{""R1_stop_clarity"":{""score"":60.132298753725735},""R2_stop_distance_pct"":{""value"":5.84118541033433,""score"":100.0},""R3_stop_distance_atr"":{""value"":0.8120376774777692,""score"":65.60188387388845},""R4_rr_potential"":{""value"":3.3861280950522668,""score"":100.0},""_score"":80.89},""market"":{""M1_spy_regime"":{""score"":100.0},""M3_earnings_risk"":{""value"":null,""score"":80.0},""M4_vix"":{""value"":null,""score"":60.0},""_score"":84.0},""liquidity"":{""L1_price"":{""value"":78.96,""score"":100.0},""L2_dollar_vol"":{""value"":69458975.42862432,""score"":92.08641864282261},""L3_spread_proxy"":{""value"":0.05458459979736579,""score"":45.41540020263421},""L4_volume_zscore"":{""value"":-0.6122519247300131,""score"":100.0},""_score"":91.38},""pattern_structure"":{""pole_low"":79.0025,""pole_low_idx"":36,""peak_price"":86.79,""peak_idx"":44,""pole_gain"":0.09857282997373512,""flag_bars"":15,""flag_low"":75.48,""flag_high"":86.6,""structural_low"":75.48,""current_price"":78.345,""neckline_distance_pct"":0.10779245644265757,""base_bars"":15},""pattern_geometry_features"":{""pole_gain"":0.09857282997373512,""pullback_pct"":0.13031455236778433,""flag_range_pct"":0.12812536006452344,""flag_drift_per_bar"":-0.007165764065534287,""atr_pct"":0.07193244319004204,""pole_atr_multiple"":1.3703528700298762},""_schema_version"":""1.0""}",,,,,,,,,,
20260630T202552Z-536821,2026-06-30T20:25:52.986448+00:00,AMAT,vcp,breakout_confirmed,42.6,100.0,35.0,0.4,41.3,22.7,17.5,26.8,84.0,65.7,15.0,8.75,0.05,4.96,2.96,1.23,1.34,5.04,3.28,False,,694.64,420.4999,371.4139,439.3799,"{""trend"":{""T1_ema_stack"":{""value"":[true,true,true],""score"":100.0},""T2_ema50_slope"":{""value"":0.6783478799239628,""score"":100},""T3_high_proximity"":{""value"":1.0,""score"":99.99999999999997},""T4_rs_1m"":{""value"":0.5627657218375698,""score"":100},""T5_rs_3m"":{""value"":0.8916031912763573,""score"":100},""T6_adr_healthy"":{""value"":6.067026766944321,""score"":100.0},""_score"":100.0},""geometry"":{""sub_contraction_count"":100.0,""sub_reduction_rate"":0,""sub_pivot_tightness"":0,""sub_volume_dryup"":0,""sub_base_depth"":0.0,""sub_base_duration"":100.0,""_score"":35.0},""compression"":{""VC1_atr_ratio"":{""value"":1.320963579186476,""score"":0},""VC2_range_contraction"":{""value"":1.0413368914122014,""score"":0},""VC3_range_pct_rank"":{""score"":1.6666666666666718},""_score"":0.42},""sr_quality"":{""SR1_touches"":{""value"":3,""score"":50.0},""SR2_tightness"":{""value"":13.248654753596663,""score"":45.13729815009526},""SR3_recency"":{""value"":237,""score"":0.0},""SR4_price_location"":{""score"":30.0},""SR5_reaction"":{""value"":1.6081228114621158,""score"":80.40614057310579},""_score"":41.33,""_levels_found"":4,""_target_level"":437.2083},""volume"":{""V1_rvol_day"":{""value"":1.1769565240460391,""score"":45.13043493640261},""V2_rvol_sameslot"":{""value"":1.2019495316659445,""score"":46.7966354443963,""status"":""ok""},""V3_breakout_bar"":{""value"":0.6553208501409841,""score"":10.354723342732271},""V4_base_dryup"":{""value"":1.5124639435390501,""score"":0},""V5_bo_expansion"":{""value"":1.1769565240460393,""score"":11.797101603069288},""_score"":22.74},""readiness"":{""_distance_atr"":-5.676,""BR1_atr_distance"":{""score"":0},""BR2_compression"":{""score"":0},""BR3_retest"":{""score"":50.0},""BR4_bo_age"":{""score"":50.0},""_score"":17.5},""risk"":{""R1_stop_clarity"":{""score"":76.57828733789646},""R2_stop_distance_pct"":{""value"":46.5314479442589,""score"":0.0},""R3_stop_distance_atr"":{""value"":6.692398111762382,""score"":0.0},""R4_rr_potential"":{""value"":-0.7897262612342043,""score"":0.0},""_score"":26.8},""market"":{""M1_spy_regime"":{""score"":100.0},""M3_earnings_risk"":{""value"":null,""score"":80.0},""M4_vix"":{""value"":null,""score"":60.0},""_score"":84.0},""liquidity"":{""L1_price"":{""value"":694.64,""score"":2.6800000000000046},""L2_dollar_vol"":{""value"":9839784324.630447,""score"":100.0},""L3_spread_proxy"":{""value"":0.1106760336289301,""score"":0},""L4_volume_zscore"":{""value"":0.4621746124312383,""score"":100.0},""_score"":65.67},""pattern_structure"":{""n_contractions"":5,""contractions_pct"":[20.03,4.84,15.61,6.78,10.33],""descending_strict"":false,""final_low"":377.07,""final_pivot"":420.4999,""structural_low"":377.07,""dry_up_ratio"":1.6569955230722306,""current_price"":694.64,""neckline_distance_pct"":-0.39465061038811466,""base_bars"":44},""pattern_geometry_features"":{""contraction_count"":5.0,""first_contraction_pct"":0.20025255714105308,""last_contraction_pct"":0.10328159412166335,""dry_up_ratio"":1.6569955230722306,""near_monotone"":0.0,""base_depth_pct"":0.047682788230837214},""_schema_version"":""1.0""}",,,,,,,,,,
20260630T202552Z-536821,2026-06-30T20:25:52.986448+00:00,MOD,bull_flag,absent,42.37,57.0,18.6,67.1,51.8,20.9,27.3,81.7,84.0,94.4,7.98,5.59,6.04,5.18,2.92,2.46,2.45,5.04,4.72,False,,256.34,292.8896,240.34,315.7792,"{""trend"":{""T1_ema_stack"":{""value"":[false,true,true],""score"":66.66666666666666},""T2_ema50_slope"":{""value"":0.32785664093475037,""score"":100},""T3_high_proximity"":{""value"":0.8352830004236045,""score"":17.641500211802217},""T4_rs_1m"":{""value"":-0.03502486069677713,""score"":14.975139303222875},""T5_rs_3m"":{""value"":0.02947058047580242,""score"":64.73529023790121},""T6_adr_healthy"":{""value"":6.5203787211475985,""score"":100.0},""_score"":57.02},""geometry"":{""sub_pole_impulse"":3.3,""sub_flag_tightness"":0,""sub_flag_shallowness"":0,""sub_flag_drift"":51.0,""sub_flag_duration"":100.0,""_score"":18.64},""compression"":{""VC1_atr_ratio"":{""value"":0.40875139735407295,""score"":100},""VC2_range_contraction"":{""value"":0.7568863966000386,""score"":40.518933899993556},""VC3_range_pct_rank"":{""score"":51.66666666666666},""_score"":67.1},""sr_quality"":{""SR1_touches"":{""value"":2,""score"":25.0},""SR2_tightness"":{""value"":0.35354999999998427,""score"":96.3152244797081},""SR3_recency"":{""value"":267,""score"":0.0},""SR4_price_location"":{""score"":72.51522811088529},""SR5_reaction"":{""value"":1.5579367430863469,""score"":77.89683715431734},""_score"":51.76,""_levels_found"":7,""_target_level"":259.6565},""volume"":{""V1_rvol_day"":{""value"":0.9043760475406676,""score"":26.95840316937784},""V2_rvol_sameslot"":{""value"":0.9698359428577654,""score"":31.322396190517694,""status"":""ok""},""V3_breakout_bar"":{""value"":0.6847164295079741,""score"":12.314428633864939},""V4_base_dryup"":{""value"":1.194133326428855,""score"":30.586667357114507},""V5_bo_expansion"":{""value"":0.9043760475406676,""score"":0},""_score"":20.85},""readiness"":{""_distance_atr"":1.905,""BR1_atr_distance"":{""score"":0},""BR2_compression"":{""score"":39.11334159070949},""BR3_retest"":{""score"":50.0},""BR4_bo_age"":{""score"":50.0},""_score"":27.28},""risk"":{""R1_stop_clarity"":{""score"":61.85467853410006},""R2_stop_distance_pct"":{""value"":6.241710228602627,""score"":100.0},""R3_stop_distance_atr"":{""value"":0.8337775183803258,""score"":66.68887591901628},""R4_rr_potential"":{""value"":3.714950000000005,""score"":100.0},""_score"":81.65},""market"":{""M1_spy_regime"":{""score"":100.0},""M3_earnings_risk"":{""value"":null,""score"":80.0},""M4_vix"":{""value"":null,""score"":60.0},""_score"":84.0},""liquidity"":{""L1_price"":{""value"":256.34,""score"":100.0},""L2_dollar_vol"":{""value"":397698808.80390203,""score"":100.0},""L3_spread_proxy"":{""value"":0.05582429585706485,""score"":44.175704142935146},""L4_volume_zscore"":{""value"":-0.08977840292053636,""score"":100.0},""_score"":94.42},""pattern_structure"":{""pole_low"":270.0,""pole_low_idx"":30,""peak_price"":292.8896,""peak_idx"":42,""pole_gain"":0.0847762962962962,""flag_bars"":17,""flag_low"":244.0,""flag_high"":292.87,""structural_low"":244.0,""current_price"":254.315,""neckline_distance_pct"":0.15168039635884623,""base_bars"":17},""pattern_geometry_features"":{""pole_gain"":0.0847762962962962,""pullback_pct"":0.1669215977624333,""flag_range_pct"":0.16685467834979462,""flag_drift_per_bar"":-0.009794356273465064,""atr_pct"":0.07486062038141311,""pole_atr_multiple"":1.132455166205716},""_schema_version"":""1.0""}",,,,,,,,,,
20260630T202552Z-536821,2026-06-30T20:25:52.986448+00:00,NOC,vcp,invalidated,42.05,5.0,51.9,55.8,40.4,31.0,33.1,10.0,84.0,98.0,0.75,12.98,6.7,4.84,4.03,2.31,0.5,5.04,4.9,True,risk_unclear,496.02,563.93,517.8441,753.81,"{""trend"":{""T1_ema_stack"":{""value"":[false,false,false],""score"":0.0},""T2_ema50_slope"":{""value"":-0.3806467468689624,""score"":0},""T3_high_proximity"":{""value"":0.7060782918149466,""score"":0},""T4_rs_1m"":{""value"":-0.09510277638600684,""score"":0},""T5_rs_3m"":{""value"":-0.43808836203778023,""score"":0},""T6_adr_healthy"":{""value"":2.5673021058674315,""score"":100.0},""_score"":5.0},""geometry"":{""sub_contraction_count"":100.0,""sub_reduction_rate"":0,""sub_pivot_tightness"":46.1,""sub_volume_dryup"":0,""sub_base_depth"":100.0,""sub_base_duration"":100.0,""_score"":51.91},""compression"":{""VC1_atr_ratio"":{""value"":0.58366685390793,""score"":100},""VC2_range_contraction"":{""value"":1.3123558515083509,""score"":0},""VC3_range_pct_rank"":{""score"":63.33333333333333},""_score"":55.83},""sr_quality"":{""SR1_touches"":{""value"":3,""score"":50.0},""SR2_tightness"":{""value"":2.236589815371185,""score"":68.98499043646036},""SR3_recency"":{""value"":229,""score"":0.0},""SR4_price_location"":{""score"":0},""SR5_reaction"":{""value"":3.295051229021062,""score"":100},""_score"":40.35,""_levels_found"":4,""_target_level"":560.81},""volume"":{""V1_rvol_day"":{""value"":1.0457772302177042,""score"":36.38514868118028},""V2_rvol_sameslot"":{""value"":1.235456744159286,""score"":49.03044961061907,""status"":""ok""},""V3_breakout_bar"":{""value"":1.113572164871125,""score"":40.90481099140833},""V4_base_dryup"":{""value"":1.3381535512732925,""score"":16.184644872670745},""V5_bo_expansion"":{""value"":1.0457772302177044,""score"":3.0518153478469605},""_score"":31.0},""readiness"":{""_distance_atr"":4.709,""BR1_atr_distance"":{""score"":0},""BR2_compression"":{""score"":62.22127213445543},""BR3_retest"":{""score"":50.0},""BR4_bo_age"":{""score"":50.0},""_score"":33.06},""risk"":{""R1_stop_clarity"":{""score"":0},""R2_stop_distance_pct"":{""value"":-4.3998326680375905,""score"":0.0},""R3_stop_distance_atr"":{""value"":-1.5131811716509018,""score"":0.0},""R4_rr_potential"":{""value"":null,""score"":50.0},""_score"":10.0},""market"":{""M1_spy_regime"":{""score"":100.0},""M3_earnings_risk"":{""value"":null,""score"":80.0},""M4_vix"":{""value"":null,""score"":60.0},""_score"":84.0},""liquidity"":{""L1_price"":{""value"":496.02,""score"":100.0},""L2_dollar_vol"":{""value"":570179638.35173,""score"":100.0},""L3_spread_proxy"":{""value"":0.020099995967904575,""score"":79.90000403209542},""L4_volume_zscore"":{""value"":0.13029252650392642,""score"":100.0},""_score"":97.99},""pattern_structure"":{""n_contractions"":5,""contractions_pct"":[5.71,7.31,10.54,6.15,6.77],""descending_strict"":false,""final_low"":525.73,""final_pivot"":563.93,""structural_low"":525.73,""dry_up_ratio"":1.1715199590010368,""current_price"":496.02,""neckline_distance_pct"":0.13690980202411188,""base_bars"":79},""pattern_geometry_features"":{""contraction_count"":5.0,""first_contraction_pct"":0.05709814004835038,""last_contraction_pct"":0.06773890376465153,""dry_up_ratio"":1.1715199590010368,""near_monotone"":0.0,""base_depth_pct"":0.2653400595296321},""_schema_version"":""1.0""}",,,,,,,,,,
20260630T202552Z-536821,2026-06-30T20:25:52.986448+00:00,LEU,double_bottom,absent,41.04,5.0,31.3,61.2,65.2,11.9,29.7,79.2,84.0,94.2,0.75,7.83,4.9,9.13,1.55,2.38,4.75,5.04,4.71,False,,160.25,192.0,155.3049,226.33,"{""trend"":{""T1_ema_stack"":{""value"":[false,false,false],""score"":0.0},""T2_ema50_slope"":{""value"":-0.4928722324351132,""score"":0},""T3_high_proximity"":{""value"":0.6927632716583089,""score"":0},""T4_rs_1m"":{""value"":-0.11790948296867398,""score"":0},""T5_rs_3m"":{""value"":-0.29244198888586914,""score"":0},""T6_adr_healthy"":{""value"":7.674283500894886,""score"":100.0},""_score"":5.0},""geometry"":{""sub_low_similarity"":3.3,""sub_bounce_quality"":100,""sub_separation_fit"":13.3,""sub_right_bottom_reaction"":15.7,""sub_base_context"":30.0,""_score"":31.34},""compression"":{""VC1_atr_ratio"":{""value"":0.5120374727391069,""score"":100},""VC2_range_contraction"":{""value"":0.968604550112725,""score"":5.232574981212509},""VC3_range_pct_rank"":{""score"":77.5},""_score"":61.21},""sr_quality"":{""SR1_touches"":{""value"":3,""score"":50.0},""SR2_tightness"":{""value"":1.0469107995537221,""score"":84.49127711453485},""SR3_recency"":{""value"":249,""score"":0.0},""SR4_price_location"":{""score"":90.01550157925644},""SR5_reaction"":{""value"":2.2884845663173103,""score"":100},""_score"":65.18,""_levels_found"":6,""_target_level"":164.7433},""volume"":{""V1_rvol_day"":{""value"":0.679010134781234,""score"":11.934008985415597},""V2_rvol_sameslot"":{""value"":0.40783484730727043,""score"":0,""status"":""ok""},""V3_breakout_bar"":{""value"":0.6088610700996748,""score"":7.2574046733116555},""V4_base_dryup"":{""value"":1.1140537392425427,""score"":38.59462607574573},""V5_bo_expansion"":{""value"":0.679010134781234,""score"":0},""_score"":11.92},""readiness"":{""_distance_atr"":2.352,""BR1_atr_distance"":{""score"":0},""BR2_compression"":{""score"":48.808687096819426},""BR3_retest"":{""score"":50.0},""BR4_bo_age"":{""score"":50.0},""_score"":29.7},""risk"":{""R1_stop_clarity"":{""score"":64.96463206234495},""R2_stop_distance_pct"":{""value"":3.0858346333853413,""score"":100.0},""R3_stop_distance_atr"":{""value"":0.3662748064947923,""score"":43.31374032473961},""R4_rr_potential"":{""value"":13.36285780730223,""score"":100.0},""_score"":79.23},""market"":{""M1_spy_regime"":{""score"":100.0},""M3_earnings_risk"":{""value"":null,""score"":80.0},""M4_vix"":{""value"":null,""score"":60.0},""_score"":84.0},""liquidity"":{""L1_price"":{""value"":160.25,""score"":100.0},""L2_dollar_vol"":{""value"":105440754.4674555,""score"":100.0},""L3_spread_proxy"":{""value"":0.058221528861154524,""score"":41.778471138845475},""L4_volume_zscore"":{""value"":-0.802051960541217,""score"":100.0},""_score"":94.18},""pattern_structure"":{""left_low"":165.48,""left_idx"":32,""right_low"":157.67,""right_idx"":75,""separation_bars"":43,""structural_low"":157.67,""current_price"":162.365,""neckline_distance_pct"":0.1825208634865888,""base_bars"":43},""pattern_geometry_features"":{""low_similarity_pct"":0.04833668574965188,""bounce_pct"":0.21773324031204425,""right_bottom_reaction"":0.15719063545150416,""atr_pct"":0.08424916425228432},""_schema_version"":""1.0""}",,,,,,,,,,
20260630T202552Z-536821,2026-06-30T20:25:52.986448+00:00,BABA,vcp,invalidated,40.69,5.0,45.0,46.9,44.8,43.0,29.9,10.0,84.0,89.3,0.75,11.25,5.63,5.37,5.6,2.09,0.5,5.04,4.46,True,risk_unclear,95.51,146.87,121.5786,191.695,"{""trend"":{""T1_ema_stack"":{""value"":[false,false,false],""score"":0.0},""T2_ema50_slope"":{""value"":-0.7235134333276494,""score"":0},""T3_high_proximity"":{""value"":0.6550305191687813,""score"":0},""T4_rs_1m"":{""value"":-0.22492267254182796,""score"":0},""T5_rs_3m"":{""value"":-0.39013777330227795,""score"":0},""T6_adr_healthy"":{""value"":2.5081388096952595,""score"":100.0},""_score"":5.0},""geometry"":{""sub_contraction_count"":100.0,""sub_reduction_rate"":0,""sub_pivot_tightness"":0,""sub_volume_dryup"":0,""sub_base_depth"":100.0,""sub_base_duration"":100.0,""_score"":45.0},""compression"":{""VC1_atr_ratio"":{""value"":0.48511267083779375,""score"":100},""VC2_range_contraction"":{""value"":1.128595046836081,""score"":0},""VC3_range_pct_rank"":{""score"":27.500000000000004},""_score"":46.88},""sr_quality"":{""SR1_touches"":{""value"":4,""score"":75.0},""SR2_tightness"":{""value"":0.8886506625215587,""score"":48.59045754007509},""SR3_recency"":{""value"":253,""score"":0.0},""SR4_price_location"":{""score"":0},""SR5_reaction"":{""value"":3.1561466942148786,""score"":100},""_score"":44.79,""_levels_found"":4,""_target_level"":129.62},""volume"":{""V1_rvol_day"":{""value"":1.6097590999971754,""score"":73.98393999981168},""V2_rvol_sameslot"":{""value"":1.2945534262300205,""score"":52.970228415334695,""status"":""ok""},""V3_breakout_bar"":{""value"":0.6326768148103383,""score"":8.845120987355887},""V4_base_dryup"":{""value"":1.0323910335012445,""score"":46.76089664987555},""V5_bo_expansion"":{""value"":1.6097590999971756,""score"":40.650606666478375},""_score"":43.05},""readiness"":{""_distance_atr"":14.856,""BR1_atr_distance"":{""score"":0},""BR2_compression"":{""score"":49.61893959190574},""BR3_retest"":{""score"":50.0},""BR4_bo_age"":{""score"":50.0},""_score"":29.9},""risk"":{""R1_stop_clarity"":{""score"":0},""R2_stop_distance_pct"":{""value"":-27.294052978745682,""score"":0.0},""R3_stop_distance_atr"":{""value"":-7.540489669421492,""score"":0.0},""R4_rr_potential"":{""value"":null,""score"":50.0},""_score"":10.0},""market"":{""M1_spy_regime"":{""score"":100.0},""M3_earnings_risk"":{""value"":null,""score"":80.0},""M4_vix"":{""value"":null,""score"":60.0},""_score"":84.0},""liquidity"":{""L1_price"":{""value"":95.51,""score"":100.0},""L2_dollar_vol"":{""value"":2013242587.5021842,""score"":100.0},""L3_spread_proxy"":{""value"":0.03214323107528,""score"":67.85676892472},""L4_volume_zscore"":{""value"":2.033964266329751,""score"":70.0},""_score"":89.29},""pattern_structure"":{""n_contractions"":5,""contractions_pct"":[9.15,12.93,6.69,10.31,15.96],""descending_strict"":false,""final_low"":123.43,""final_pivot"":146.87,""structural_low"":123.43,""dry_up_ratio"":1.388955066918094,""current_price"":95.51,""neckline_distance_pct"":0.5377447387708093,""base_bars"":75},""pattern_geometry_features"":{""contraction_count"":5.0,""first_contraction_pct"":0.09152774063177918,""last_contraction_pct"":0.15959692244842374,""dry_up_ratio"":1.388955066918094,""near_monotone"":0.0,""base_depth_pct"":0.2664111021960714},""_schema_version"":""1.0""}",,,,,,,,,,
20260630T202552Z-536821,2026-06-30T20:25:52.986448+00:00,MSFT,vcp,invalidated,38.87,8.1,52.7,23.7,50.6,30.3,17.5,12.8,84.0,94.4,1.21,13.16,2.85,6.07,3.94,1.23,0.64,5.04,4.72,True,risk_unclear,368.57,432.7,405.1306,434.4499,"{""trend"":{""T1_ema_stack"":{""value"":[false,false,false],""score"":0.0},""T2_ema50_slope"":{""value"":-0.2080854845933085,""score"":15.319085901115251},""T3_high_proximity"":{""value"":0.80033440458612,""score"":0.16720229305999812},""T4_rs_1m"":{""value"":-0.11879539893052615,""score"":0},""T5_rs_3m"":{""value"":-0.13552929614618514,""score"":0},""T6_adr_healthy"":{""value"":3.0989644514350276,""score"":100.0},""_score"":8.09},""geometry"":{""sub_contraction_count"":100.0,""sub_reduction_rate"":27.4,""sub_pivot_tightness"":72.1,""sub_volume_dryup"":0,""sub_base_depth"":0.0,""sub_base_duration"":100.0,""_score"":52.66},""compression"":{""VC1_atr_ratio"":{""value"":0.7648303825882496,""score"":58.79240435293759},""VC2_range_contraction"":{""value"":1.2447010046470262,""score"":0},""VC3_range_pct_rank"":{""score"":0.8333333333333304},""_score"":23.73},""sr_quality"":{""SR1_touches"":{""value"":2,""score"":25.0},""SR2_tightness"":{""value"":1.6450000000000102,""score"":75.50911894507351},""SR3_recency"":{""value"":278,""score"":0.0},""SR4_price_location"":{""score"":66.98197479661826},""SR5_reaction"":{""value"":2.0526894241505804,""score"":100},""_score"":50.57,""_levels_found"":4,""_target_level"":383.355},""volume"":{""V1_rvol_day"":{""value"":1.0529142979839703,""score"":36.86095319893135},""V2_rvol_sameslot"":{""value"":1.2982935279411767,""score"":53.219568529411774,""status"":""ok""},""V3_breakout_bar"":{""value"":0.6939832589841162,""score"":12.932217265607745},""V4_base_dryup"":{""value"":1.0722384447299915,""score"":42.776155527000846},""V5_bo_expansion"":{""value"":1.0529142979839703,""score"":3.5276198655980195},""_score"":30.33},""readiness"":{""_distance_atr"":4.774,""BR1_atr_distance"":{""score"":0},""BR2_compression"":{""score"":0},""BR3_retest"":{""score"":50.0},""BR4_bo_age"":{""score"":50.0},""_score"":17.5},""risk"":{""R1_stop_clarity"":{""score"":8.148007656723294},""R2_stop_distance_pct"":{""value"":-9.919580676669282,""score"":0.0},""R3_stop_distance_atr"":{""value"":-2.7215844047429103,""score"":0.0},""R4_rr_potential"":{""value"":null,""score"":50.0},""_score"":12.85},""market"":{""M1_spy_regime"":{""score"":100.0},""M3_earnings_risk"":{""value"":null,""score"":80.0},""M4_vix"":{""value"":null,""score"":60.0},""_score"":84.0},""liquidity"":{""L1_price"":{""value"":368.57,""score"":100.0},""L2_dollar_vol"":{""value"":18881798787.12279,""score"":100.0},""L3_spread_proxy"":{""value"":0.05589168950267255,""score"":44.10831049732745},""L4_volume_zscore"":{""value"":0.0758648778892145,""score"":100.0},""_score"":94.41},""pattern_structure"":{""n_contractions"":5,""contractions_pct"":[13.74,5.14,7.42,6.33,4.95],""descending_strict"":false,""final_low"":411.3001,""final_pivot"":432.7,""structural_low"":411.3001,""dry_up_ratio"":1.5826381988779608,""current_price"":368.57,""neckline_distance_pct"":0.17399679843720323,""base_bars"":52},""pattern_geometry_features"":{""contraction_count"":5.0,""first_contraction_pct"":0.13744098777387734,""last_contraction_pct"":0.04945666743702335,""dry_up_ratio"":1.5826381988779608,""near_monotone"":0.0,""base_depth_pct"":0.004236533107372049},""_schema_version"":""1.0""}",,,,,,,,,,
20260630T202552Z-536821,2026-06-30T20:25:52.986448+00:00,IONQ,bull_flag,absent,38.67,55.5,17.1,55.6,34.3,19.2,34.6,63.1,84.0,91.6,7.77,5.14,5.01,3.43,2.69,3.12,1.89,5.04,4.58,False,,53.88,61.47,48.0089,70.0194,"{""trend"":{""T1_ema_stack"":{""value"":[false,true,true],""score"":66.66666666666666},""T2_ema50_slope"":{""value"":0.4134287269175051,""score"":100},""T3_high_proximity"":{""value"":0.7476064936866936,""score"":0},""T4_rs_1m"":{""value"":-0.21379927661242581,""score"":0},""T5_rs_3m"":{""value"":0.7899566974907137,""score"":100},""T6_adr_healthy"":{""value"":8.9436824955033,""score"":76.40793761241751},""_score"":55.49},""geometry"":{""sub_pole_impulse"":16.8,""sub_flag_tightness"":0,""sub_flag_shallowness"":0,""sub_flag_drift"":80.7,""sub_flag_duration"":0.0,""_score"":17.14},""compression"":{""VC1_atr_ratio"":{""value"":0.5157963615071753,""score"":100},""VC2_range_contraction"":{""value"":0.871474906781349,""score"":21.42084886977517},""VC3_range_pct_rank"":{""score"":32.49999999999999},""_score"":55.62},""sr_quality"":{""SR1_touches"":{""value"":2,""score"":25.0},""SR2_tightness"":{""value"":0.7850000000000001,""score"":69.85965128795826},""SR3_recency"":{""value"":227,""score"":0.0},""SR4_price_location"":{""score"":5.385760884980822},""SR5_reaction"":{""value"":2.31710169967981,""score"":100},""_score"":34.33,""_levels_found"":6,""_target_level"":62.775},""volume"":{""V1_rvol_day"":{""value"":0.7938360909055299,""score"":19.589072727035326},""V2_rvol_sameslot"":{""value"":0.5931454261732826,""score"":6.2096950782188385,""status"":""ok""},""V3_breakout_bar"":{""value"":0.5631154675537391,""score"":4.207697836915939},""V4_base_dryup"":{""value"":0.849254332563274,""score"":65.0745667436726},""V5_bo_expansion"":{""value"":0.7938360909055299,""score"":0},""_score"":19.23},""readiness"":{""_distance_atr"":1.457,""BR1_atr_distance"":{""score"":2.8597678452668163},""BR2_compression"":{""score"":64.02394407619197},""BR3_retest"":{""score"":50.0},""BR4_bo_age"":{""score"":50.0},""_score"":34.65},""risk"":{""R1_stop_clarity"":{""score"":71.92916058168962},""R2_stop_distance_pct"":{""value"":10.896622123236819,""score"":27.584446919079532},""R3_stop_distance_atr"":{""value"":1.1271146581099885,""score"":81.35573290549942},""R4_rr_potential"":{""value"":2.748956754270919,""score"":87.44783771354594},""_score"":63.14},""market"":{""M1_spy_regime"":{""score"":100.0},""M3_earnings_risk"":{""value"":null,""score"":80.0},""M4_vix"":{""value"":null,""score"":60.0},""_score"":84.0},""liquidity"":{""L1_price"":{""value"":53.88,""score"":100.0},""L2_dollar_vol"":{""value"":1232515356.7262604,""score"":100.0},""L3_spread_proxy"":{""value"":0.08444691907943586,""score"":15.553080920564142},""L4_volume_zscore"":{""value"":-0.5676834826116208,""score"":100.0},""_score"":91.56},""pattern_structure"":{""pole_low"":52.9206,""pole_low_idx"":18,""peak_price"":61.47,""peak_idx"":30,""pole_gain"":0.1615514563326946,""flag_bars"":29,""flag_low"":48.74,""flag_high"":60.28,""structural_low"":48.74,""current_price"":53.525,""neckline_distance_pct"":0.14843531060252219,""base_bars"":29},""pattern_geometry_features"":{""pole_gain"":0.1615514563326946,""pullback_pct"":0.20709289084106064,""flag_range_pct"":0.18773385391247763,""flag_drift_per_bar"":-0.0038563472250663445,""atr_pct"":0.09667713967546931,""pole_atr_multiple"":1.6710409190321378},""_schema_version"":""1.0""}",,,,,,,,,,
20260630T202552Z-536821,2026-06-30T20:25:52.986448+00:00,MSFT,bull_flag,absent,37.46,8.1,37.4,23.7,50.6,21.8,33.8,68.5,84.0,94.4,1.13,11.23,2.14,5.06,3.05,3.04,2.05,5.04,4.72,True,risk_unclear,368.57,380.5,354.5015,411.8,"{""trend"":{""T1_ema_stack"":{""value"":[false,false,false],""score"":0.0},""T2_ema50_slope"":{""value"":-0.2080854845933085,""score"":15.319085901115251},""T3_high_proximity"":{""value"":0.80033440458612,""score"":0.16720229305999812},""T4_rs_1m"":{""value"":-0.11879539893052615,""score"":0},""T5_rs_3m"":{""value"":-0.13552929614618514,""score"":0},""T6_adr_healthy"":{""value"":3.0989644514350276,""score"":100.0},""_score"":8.09},""geometry"":{""sub_pole_impulse"":36.5,""sub_flag_tightness"":15.6,""sub_flag_shallowness"":0,""sub_flag_drift"":83.9,""sub_flag_duration"":100.0,""_score"":37.44},""compression"":{""VC1_atr_ratio"":{""value"":0.7648303825882496,""score"":58.79240435293759},""VC2_range_contraction"":{""value"":1.2447010046470262,""score"":0},""VC3_range_pct_rank"":{""score"":0.8333333333333304},""_score"":23.73},""sr_quality"":{""SR1_touches"":{""value"":2,""score"":25.0},""SR2_tightness"":{""value"":1.6450000000000102,""score"":75.50911894507351},""SR3_recency"":{""value"":278,""score"":0.0},""SR4_price_location"":{""score"":66.98197479661826},""SR5_reaction"":{""value"":2.0526894241505804,""score"":100},""_score"":50.57,""_levels_found"":4,""_target_level"":383.355},""volume"":{""V1_rvol_day"":{""value"":1.0529142979839703,""score"":36.86095319893135},""V2_rvol_sameslot"":{""value"":1.2982935279411767,""score"":53.219568529411774,""status"":""ok""},""V3_breakout_bar"":{""value"":0.6939832589841162,""score"":12.932217265607745},""V4_base_dryup"":{""value"":1.84645682031275,""score"":0},""V5_bo_expansion"":{""value"":1.0529142979839703,""score"":3.5276198655980195},""_score"":21.78},""readiness"":{""_distance_atr"":0.888,""BR1_atr_distance"":{""score"":40.795094025274295},""BR2_compression"":{""score"":0},""BR3_retest"":{""score"":50.0},""BR4_bo_age"":{""score"":50.0},""_score"":33.82},""risk"":{""R1_stop_clarity"":{""score"":19.626734726431522},""R2_stop_distance_pct"":{""value"":3.817049678487134,""score"":100.0},""R3_stop_distance_atr"":{""value"":1.0472643164779083,""score"":77.36321582389542},""R4_rr_potential"":{""value"":3.0728222625013277,""score"":100.0},""_score"":68.47},""market"":{""M1_spy_regime"":{""score"":100.0},""M3_earnings_risk"":{""value"":null,""score"":80.0},""M4_vix"":{""value"":null,""score"":60.0},""_score"":84.0},""liquidity"":{""L1_price"":{""value"":368.57,""score"":100.0},""L2_dollar_vol"":{""value"":18881798787.12279,""score"":100.0},""L3_spread_proxy"":{""value"":0.05589168950267255,""score"":44.10831049732745},""L4_volume_zscore"":{""value"":0.0758648778892145,""score"":100.0},""_score"":94.41},""pattern_structure"":{""pole_low"":349.2,""pole_low_idx"":46,""peak_price"":380.5,""peak_idx"":54,""pole_gain"":0.0896334478808706,""flag_bars"":5,""flag_low"":359.9,""flag_high"":377.18,""structural_low"":359.9,""current_price"":367.43,""neckline_distance_pct"":0.03557140135536019,""base_bars"":5},""pattern_geometry_features"":{""pole_gain"":0.0896334478808706,""pullback_pct"":0.0541392904073588,""flag_range_pct"":0.045413929040735955,""flag_drift_per_bar"":-0.003226464904879962,""atr_pct"":0.03644781568920813,""pole_atr_multiple"":2.4592268750802058},""_schema_version"":""1.0""}",,,,,,,,,,
20260630T202552Z-536821,2026-06-30T20:25:52.986448+00:00,RGTI,bull_flag,absent,36.6,50.5,14.8,63.6,42.3,5.6,29.1,70.0,84.0,91.9,7.07,4.44,5.72,4.23,0.79,2.62,2.1,5.04,4.6,False,,19.44,22.57,17.4444,25.61,"{""trend"":{""T1_ema_stack"":{""value"":[false,true,true],""score"":66.66666666666666},""T2_ema50_slope"":{""value"":0.19464596332545944,""score"":82.44099388757658},""T3_high_proximity"":{""value"":0.7192008879023307,""score"":0},""T4_rs_1m"":{""value"":-0.26277631856467165,""score"":0},""T5_rs_3m"":{""value"":0.29085563350415344,""score"":100},""T6_adr_healthy"":{""value"":10.098364371778427,""score"":47.540890705539326},""_score"":50.53},""geometry"":{""sub_pole_impulse"":11.5,""sub_flag_tightness"":0,""sub_flag_shallowness"":0,""sub_flag_drift"":75.6,""sub_flag_duration"":0.0,""_score"":14.79},""compression"":{""VC1_atr_ratio"":{""value"":0.41187295288698295,""score"":100},""VC2_range_contraction"":{""value"":0.7885435541381147,""score"":35.24274097698088},""VC3_range_pct_rank"":{""score"":44.99999999999999},""_score"":63.58},""sr_quality"":{""SR1_touches"":{""value"":2,""score"":25.0},""SR2_tightness"":{""value"":0.42499999999999893,""score"":59.00128508577011},""SR3_recency"":{""value"":254,""score"":0.0},""SR4_price_location"":{""score"":43.931131571708335},""SR5_reaction"":{""value"":2.322456615435499,""score"":100},""_score"":42.33,""_levels_found"":7,""_target_level"":20.595},""volume"":{""V1_rvol_day"":{""value"":0.6826050245216201,""score"":12.173668301441339},""V2_rvol_sameslot"":{""value"":0.5407820472614746,""score"":2.718803150764974,""status"":""ok""},""V3_breakout_bar"":{""value"":0.6578781948054742,""score"":10.525212987031612},""V4_base_dryup"":{""value"":1.7600930633800964,""score"":0},""V5_bo_expansion"":{""value"":0.6826050245216201,""score"":0},""_score"":5.61},""readiness"":{""_distance_atr"":1.51,""BR1_atr_distance"":{""score"":0},""BR2_compression"":{""score"":46.259476115116996},""BR3_retest"":{""score"":50.0},""BR4_bo_age"":{""score"":50.0},""_score"":29.06},""risk"":{""R1_stop_clarity"":{""score"":74.37339148949357},""R2_stop_distance_pct"":{""value"":10.265689300411529,""score"":43.35776748971178},""R3_stop_distance_atr"":{""value"":0.9625774755127429,""score"":73.12887377563715},""R4_rr_potential"":{""value"":3.091724500789214,""score"":100.0},""_score"":70.01},""market"":{""M1_spy_regime"":{""score"":100.0},""M3_earnings_risk"":{""value"":null,""score"":80.0},""M4_vix"":{""value"":null,""score"":60.0},""_score"":84.0},""liquidity"":{""L1_price"":{""value"":19.44,""score"":100.0},""L2_dollar_vol"":{""value"":577626116.4350582,""score"":100.0},""L3_spread_proxy"":{""value"":0.08071502057613163,""score"":19.28497942386838},""L4_volume_zscore"":{""value"":-0.9137756668292958,""score"":100.0},""_score"":91.93},""pattern_structure"":{""pole_low"":19.53,""pole_low_idx"":18,""peak_price"":22.57,""peak_idx"":30,""pole_gain"":0.15565796210957497,""flag_bars"":29,""flag_low"":17.71,""flag_high"":22.255,""structural_low"":17.71,""current_price"":19.22,""neckline_distance_pct"":0.17429760665972954,""base_bars"":29},""pattern_geometry_features"":{""pole_gain"":0.15565796210957497,""pullback_pct"":0.21533008418254318,""flag_range_pct"":0.20137350465219309,""flag_drift_per_bar"":-0.004874630285570767,""atr_pct"":0.10664792768959436,""pole_atr_multiple"":1.4595498054367027},""_schema_version"":""1.0""}",,,,,,,,,,
20260630T202552Z-536821,2026-06-30T20:25:52.986448+00:00,LEU,bull_flag,absent,34.97,5.0,18.1,61.2,65.2,14.3,29.7,79.2,84.0,94.2,0.7,5.44,5.51,6.52,2.0,2.67,2.38,5.04,4.71,False,,160.25,192.0,155.3049,218.52,"{""trend"":{""T1_ema_stack"":{""value"":[false,false,false],""score"":0.0},""T2_ema50_slope"":{""value"":-0.4928722324351132,""score"":0},""T3_high_proximity"":{""value"":0.6927632716583089,""score"":0},""T4_rs_1m"":{""value"":-0.11790948296867398,""score"":0},""T5_rs_3m"":{""value"":-0.29244198888586914,""score"":0},""T6_adr_healthy"":{""value"":7.674283500894886,""score"":100.0},""_score"":5.0},""geometry"":{""sub_pole_impulse"":22.6,""sub_flag_tightness"":0,""sub_flag_shallowness"":0,""sub_flag_drift"":75.7,""sub_flag_duration"":0.0,""_score"":18.14},""compression"":{""VC1_atr_ratio"":{""value"":0.5120374727391069,""score"":100},""VC2_range_contraction"":{""value"":0.968604550112725,""score"":5.232574981212509},""VC3_range_pct_rank"":{""score"":77.5},""_score"":61.21},""sr_quality"":{""SR1_touches"":{""value"":3,""score"":50.0},""SR2_tightness"":{""value"":1.0469107995537221,""score"":84.49127711453485},""SR3_recency"":{""value"":249,""score"":0.0},""SR4_price_location"":{""score"":90.01550157925644},""SR5_reaction"":{""value"":2.2884845663173103,""score"":100},""_score"":65.18,""_levels_found"":6,""_target_level"":164.7433},""volume"":{""V1_rvol_day"":{""value"":0.679010134781234,""score"":11.934008985415597},""V2_rvol_sameslot"":{""value"":0.40783484730727043,""score"":0,""status"":""ok""},""V3_breakout_bar"":{""value"":0.6088610700996748,""score"":7.2574046733116555},""V4_base_dryup"":{""value"":0.995748510980864,""score"":50.425148901913595},""V5_bo_expansion"":{""value"":0.679010134781234,""score"":0},""_score"":14.29},""readiness"":{""_distance_atr"":2.352,""BR1_atr_distance"":{""score"":0},""BR2_compression"":{""score"":48.808687096819426},""BR3_retest"":{""score"":50.0},""BR4_bo_age"":{""score"":50.0},""_score"":29.7},""risk"":{""R1_stop_clarity"":{""score"":64.96463206234495},""R2_stop_distance_pct"":{""value"":3.0858346333853413,""score"":100.0},""R3_stop_distance_atr"":{""value"":0.3662748064947923,""score"":43.31374032473961},""R4_rr_potential"":{""value"":11.783500672389541,""score"":100.0},""_score"":79.23},""market"":{""M1_spy_regime"":{""score"":100.0},""M3_earnings_risk"":{""value"":null,""score"":80.0},""M4_vix"":{""value"":null,""score"":60.0},""_score"":84.0},""liquidity"":{""L1_price"":{""value"":160.25,""score"":100.0},""L2_dollar_vol"":{""value"":105440754.4674555,""score"":100.0},""L3_spread_proxy"":{""value"":0.058221528861154524,""score"":41.778471138845475},""L4_volume_zscore"":{""value"":-0.802051960541217,""score"":100.0},""_score"":94.18},""pattern_structure"":{""pole_low"":165.48,""pole_low_idx"":12,""peak_price"":192.0,""peak_idx"":30,""pole_gain"":0.16026105873821617,""flag_bars"":29,""flag_low"":157.67,""flag_high"":187.94,""structural_low"":157.67,""current_price"":162.365,""neckline_distance_pct"":0.1825208634865888,""base_bars"":29},""pattern_geometry_features"":{""pole_gain"":0.16026105873821617,""pullback_pct"":0.1788020833333334,""flag_range_pct"":0.15765625000000005,""flag_drift_per_bar"":-0.004852984798739234,""atr_pct"":0.08424916425228432,""pole_atr_multiple"":1.9022272821403194},""_schema_version"":""1.0""}",,,,,,,,,,
20260630T202552Z-536821,2026-06-30T20:25:52.986448+00:00,OKLO,bull_flag,absent,33.74,5.0,11.2,68.4,65.0,15.1,29.4,83.7,84.0,94.2,0.7,3.36,6.16,6.5,2.12,2.65,2.51,5.04,4.71,False,,52.76,61.3,48.8205,65.7671,"{""trend"":{""T1_ema_stack"":{""value"":[false,false,false],""score"":0.0},""T2_ema50_slope"":{""value"":-0.46087026131936815,""score"":0},""T3_high_proximity"":{""value"":0.6626475759859332,""score"":0},""T4_rs_1m"":{""value"":-0.20712039930001758,""score"":0},""T5_rs_3m"":{""value"":-0.11823552016195538,""score"":0},""T6_adr_healthy"":{""value"":7.7642091088044705,""score"":100.0},""_score"":5.0},""geometry"":{""sub_pole_impulse"":0.0,""sub_flag_tightness"":0,""sub_flag_shallowness"":0,""sub_flag_drift"":74.6,""sub_flag_duration"":0.0,""_score"":11.19},""compression"":{""VC1_atr_ratio"":{""value"":0.3913806980235498,""score"":100},""VC2_range_contraction"":{""value"":0.84860367169306,""score"":25.23272138449001},""VC3_range_pct_rank"":{""score"":78.33333333333333},""_score"":68.41},""sr_quality"":{""SR1_touches"":{""value"":3,""score"":50.0},""SR2_tightness"":{""value"":0.5177422159938488,""score"":76.51882871327375},""SR3_recency"":{""value"":235,""score"":0.0},""SR4_price_location"":{""score"":94.26650313023113},""SR5_reaction"":{""value"":2.5099039649874717,""score"":100},""_score"":65.04,""_levels_found"":8,""_target_level"":53.2384},""volume"":{""V1_rvol_day"":{""value"":0.7046119296657636,""score"":13.640795311050905},""V2_rvol_sameslot"":{""value"":0.4575259981711726,""score"":0,""status"":""ok""},""V3_breakout_bar"":{""value"":0.5128684905630224,""score"":0.8578993708681611},""V4_base_dryup"":{""value"":0.8917935493225148,""score"":60.82064506774852},""V5_bo_expansion"":{""value"":0.7046119296657636,""score"":0},""_score"":15.11},""readiness"":{""_distance_atr"":1.937,""BR1_atr_distance"":{""score"":0},""BR2_compression"":{""score"":47.54350248945686},""BR3_retest"":{""score"":50.0},""BR4_bo_age"":{""score"":50.0},""_score"":29.39},""risk"":{""R1_stop_clarity"":{""score"":66.2818463213035},""R2_stop_distance_pct"":{""value"":7.466755117513261,""score"":100.0},""R3_stop_distance_atr"":{""value"":0.8933319727428364,""score"":69.66659863714182},""R4_rr_potential"":{""value"":3.301746939935933,""score"":100.0},""_score"":83.65},""market"":{""M1_spy_regime"":{""score"":100.0},""M3_earnings_risk"":{""value"":null,""score"":80.0},""M4_vix"":{""value"":null,""score"":60.0},""_score"":84.0},""liquidity"":{""L1_price"":{""value"":52.76,""score"":100.0},""L2_dollar_vol"":{""value"":478589086.25945324,""score"":100.0},""L3_spread_proxy"":{""value"":0.05818802122820319,""score"":41.81197877179681},""L4_volume_zscore"":{""value"":-0.6980365031543155,""score"":100.0},""_score"":94.18},""pattern_structure"":{""pole_low"":56.8329,""pole_low_idx"":12,""peak_price"":61.3,""peak_idx"":30,""pole_gain"":0.07860059930075704,""flag_bars"":29,""flag_low"":49.564,""flag_high"":61.1131,""structural_low"":49.564,""current_price"":52.7,""neckline_distance_pct"":0.16318785578747616,""base_bars"":29},""pattern_geometry_features"":{""pole_gain"":0.07860059930075704,""pullback_pct"":0.1914518760195758,""flag_range_pct"":0.1884029363784666,""flag_drift_per_bar"":-0.005077034239724829,""atr_pct"":0.08358320697498105,""pole_atr_multiple"":0.9403874551533365},""_schema_version"":""1.0""}",,,,,,,,,,
20260630T202552Z-536821,2026-06-30T20:25:52.986448+00:00,BA,breakout_retest_hold,invalidated,0.0,34.3,0.0,59.7,61.5,0.0,0.0,0.0,84.0,97.4,0.0,0.0,0.0,0.0,0.0,0.0,0.0,0.0,0.0,False,,214.69,215.88,214.9933,,"{""_source"":""active_monitor"",""_prior_state"":""setup"",""_schema_version"":""1.0""}",active_monitor_event,,,,,,,,,
20260630T202552Z-536821,2026-06-30T20:25:52.986448+00:00,LEU,breakout_retest_hold,invalidated,0.0,5.0,0.0,61.2,65.2,0.0,0.0,0.0,84.0,94.2,0.0,0.0,0.0,0.0,0.0,0.0,0.0,0.0,0.0,False,,160.25,165.14,163.845,,"{""_source"":""active_monitor"",""_prior_state"":""setup"",""_schema_version"":""1.0""}",active_monitor_event,,,,,,,,,
