run_id,asof,ticker,pattern,pattern_state,final_score,trend,geometry,compression,sr_quality,volume,readiness,risk,market,liquidity,comp_trend,comp_geometry,comp_compression,comp_sr,comp_volume,comp_readiness,comp_risk,comp_market,comp_liquidity,veto_triggered,veto_reasons,price,trigger,invalid_below,measured_move_target,features_json,note,ret_1h,ret_eod,ret_1d,ret_3d,ret_5d,max_dd_5d,max_fav_5d,touched_invalid_5d,post_hoc_tag
20260604T164444Z-6b270e,2026-06-04T16:44:44.043038+00:00,KLAC,breakout_retest_hold,setup,64.44,99.2,87.5,42.9,45.1,11.1,64.6,60.1,84.0,71.5,13.88,19.24,2.57,6.32,1.45,11.62,3.01,4.2,2.14,False,,2101.0,2060.08,2013.6699,2112.22,"{""trend"":{""T1_ema_stack"":{""value"":[true,true,true],""score"":100.0},""T2_ema50_slope"":{""value"":0.33248178844336534,""score"":100},""T3_high_proximity"":{""value"":0.9886547049329211,""score"":94.32735246646051},""T4_rs_1m"":{""value"":0.16714167478006225,""score"":100},""T5_rs_3m"":{""value"":0.35946898871465405,""score"":100},""T6_adr_healthy"":{""value"":4.010345824393239,""score"":100.0},""_score"":99.15},""geometry"":{""sub_retest_depth"":100.0,""sub_retest_timing"":100.0,""sub_retest_freshness"":100.0,""sub_hold_quality"":58.2,""_score"":87.46},""compression"":{""VC1_atr_ratio"":{""value"":0.6958713276002298,""score"":76.03216809994254},""VC2_range_contraction"":{""value"":1.026932501866522,""score"":0},""VC3_range_pct_rank"":{""score"":50.0},""_score"":42.91},""sr_quality"":{""SR1_touches"":{""value"":3,""score"":50.0},""SR2_tightness"":{""value"":21.79669750724225,""score"":51.018059754598674},""SR3_recency"":{""value"":228,""score"":0.0},""SR4_price_location"":{""score"":30.0},""SR5_reaction"":{""value"":2.888743105052325,""score"":100},""_score"":45.15,""_levels_found"":6,""_target_level"":1912.1567},""volume"":{""V1_rvol_day"":{""value"":0.2956122680873574,""score"":0},""V2_rvol_sameslot"":{""value"":0.6369193848237196,""score"":9.12795898824797,""status"":""ok""},""V3_breakout_bar"":{""value"":0.521784956908328,""score"":1.4523304605552032},""V4_base_dryup"":{""value"":1.053180874520549,""score"":44.68191254794509},""V5_bo_expansion"":{""value"":0.29561226808735735,""score"":0},""_score"":11.13},""readiness"":{""_distance_atr"":-0.46,""BR1_atr_distance"":{""score"":100.0},""BR2_compression"":{""score"":0},""BR3_retest"":{""score"":85.35375391417298},""BR4_bo_age"":{""score"":50},""_score"":64.57},""risk"":{""R1_stop_clarity"":{""score"":54.29135251088107},""R2_stop_distance_pct"":{""value"":4.15659685863875,""score"":100.0},""R3_stop_distance_atr"":{""value"":0.981249048945061,""score"":74.06245244725305},""R4_rr_potential"":{""value"":0.12847803907243646,""score"":0.0},""_score"":60.11},""market"":{""M1_spy_regime"":{""score"":100.0},""M3_earnings_risk"":{""value"":null,""score"":80.0},""M4_vix"":{""value"":null,""score"":60.0},""_score"":84.0},""liquidity"":{""L1_price"":{""value"":2101.0,""score"":0.0},""L2_dollar_vol"":{""value"":597634366.174021,""score"":100.0},""L3_spread_proxy"":{""value"":0.03540218943360299,""score"":64.59781056639702},""L4_volume_zscore"":{""value"":-2.983444242607106,""score"":100.0},""_score"":71.46},""pattern_structure"":{""level"":2060.08,""level_idx"":41,""breakout_idx"":71,""bo_peak_idx"":76,""bo_peak_price"":2135.64,""retest_idx"":77,""retest_low"":2034.01,""structural_low"":2034.01,""current_price"":2101.72,""neckline_distance_pct"":-0.019812344175246882,""base_bars"":38,""bars_since_breakout"":8},""pattern_geometry_features"":{""retest_depth_atr"":0.8356323066741713,""bars_breakout_to_retest"":6.0,""bars_since_retest"":2.0,""current_above_level_atr"":1.33470384541283,""bo_peak_excess_pct"":0.03667818725486386,""atr_pct"":0.04236026381994967},""_schema_version"":""1.0""}",,,,,,,,,,
20260604T164444Z-6b270e,2026-06-04T16:44:44.043038+00:00,POWI,double_bottom,candidate,63.93,98.6,88.1,40.6,41.5,10.6,40.1,71.5,84.0,83.1,14.79,22.02,3.25,5.8,1.38,3.21,4.29,5.04,4.16,False,,85.41,89.0,79.0857,97.71,"{""trend"":{""T1_ema_stack"":{""value"":[true,true,true],""score"":100.0},""T2_ema50_slope"":{""value"":0.592184030993659,""score"":100},""T3_high_proximity"":{""value"":0.980934879981624,""score"":90.46743999081197},""T4_rs_1m"":{""value"":0.06279272368455824,""score"":100},""T5_rs_3m"":{""value"":0.6760267173696661,""score"":100},""T6_adr_healthy"":{""value"":6.5520845702238955,""score"":100.0},""_score"":98.57},""geometry"":{""sub_low_similarity"":93.4,""sub_bounce_quality"":100,""sub_separation_fit"":100.0,""sub_right_bottom_reaction"":33.7,""sub_base_context"":100.0,""_score"":88.08},""compression"":{""VC1_atr_ratio"":{""value"":0.6712276117679036,""score"":82.1930970580241},""VC2_range_contraction"":{""value"":0.9495684110119087,""score"":8.405264831348552},""VC3_range_pct_rank"":{""score"":19.166666666666664},""_score"":40.61},""sr_quality"":{""SR1_touches"":{""value"":2,""score"":25.0},""SR2_tightness"":{""value"":0.6494499999999945,""score"":76.38624307706311},""SR3_recency"":{""value"":228,""score"":0.0},""SR4_price_location"":{""score"":30.0},""SR5_reaction"":{""value"":2.36317549361434,""score"":100},""_score"":41.46,""_levels_found"":7,""_target_level"":80.9394},""volume"":{""V1_rvol_day"":{""value"":0.2320933767157961,""score"":0},""V2_rvol_sameslot"":{""value"":0.4678449953595672,""score"":0,""status"":""ok""},""V3_breakout_bar"":{""value"":0.5713960422830304,""score"":4.759736152202029},""V4_base_dryup"":{""value"":1.028948936056413,""score"":47.1051063943587},""V5_bo_expansion"":{""value"":0.2320933767157961,""score"":0},""_score"":10.61},""readiness"":{""_distance_atr"":0.653,""BR1_atr_distance"":{""score"":56.48965157525896},""BR2_compression"":{""score"":0},""BR3_retest"":{""score"":50.0},""BR4_bo_age"":{""score"":50.0},""_score"":40.1},""risk"":{""R1_stop_clarity"":{""score"":56.210288474648706},""R2_stop_distance_pct"":{""value"":7.404695000585407,""score"":100.0},""R3_stop_distance_atr"":{""value"":1.1497548971866736,""score"":82.48774485933367},""R4_rr_potential"":{""value"":1.944863899056821,""score"":47.24319495284105},""_score"":71.5},""market"":{""M1_spy_regime"":{""score"":100.0},""M3_earnings_risk"":{""value"":null,""score"":80.0},""M4_vix"":{""value"":null,""score"":60.0},""_score"":84.0},""liquidity"":{""L1_price"":{""value"":85.41,""score"":100.0},""L2_dollar_vol"":{""value"":28601660.71566531,""score"":72.81956252832305},""L3_spread_proxy"":{""value"":0.060180306755649234,""score"":39.819693244350766},""L4_volume_zscore"":{""value"":-1.4399385484085172,""score"":100.0},""_score"":83.11},""pattern_structure"":{""left_low"":80.5571,""left_idx"":41,""right_low"":80.29,""right_idx"":59,""separation_bars"":18,""structural_low"":80.29,""current_price"":85.33,""neckline_distance_pct"":0.04300949255830308,""base_bars"":18},""pattern_geometry_features"":{""low_similarity_pct"":0.0033211664991162314,""bounce_pct"":0.10848175364304388,""right_bottom_reaction"":0.3367088607594942,""atr_pct"":0.06440237844347432},""_schema_version"":""1.0""}",,,,,,,,,,
20260604T164444Z-6b270e,2026-06-04T16:44:44.043038+00:00,MRVL,bull_flag,candidate,63.34,100.0,83.5,0.4,33.6,40.1,44.5,57.1,84.0,90.0,14.0,25.06,0.04,3.37,5.61,4.01,1.71,5.04,4.5,False,,313.215,324.2,273.3966,453.7,"{""trend"":{""T1_ema_stack"":{""value"":[true,true,true],""score"":100.0},""T2_ema50_slope"":{""value"":0.6790133886498456,""score"":100},""T3_high_proximity"":{""value"":1.0,""score"":99.99999999999997},""T4_rs_1m"":{""value"":0.810812074431257,""score"":100},""T5_rs_3m"":{""value"":3.0282563714620405,""score"":100},""T6_adr_healthy"":{""value"":7.976694768046315,""score"":100.0},""_score"":100.0},""geometry"":{""sub_pole_impulse"":100.0,""sub_flag_tightness"":69.7,""sub_flag_shallowness"":56.7,""sub_flag_drift"":98.4,""sub_flag_duration"":100.0,""_score"":83.53},""compression"":{""VC1_atr_ratio"":{""value"":1.242134485583742,""score"":0},""VC2_range_contraction"":{""value"":1.3347518937729468,""score"":0},""VC3_range_pct_rank"":{""score"":1.6666666666666718},""_score"":0.42},""sr_quality"":{""SR1_touches"":{""value"":2,""score"":25.0},""SR2_tightness"":{""value"":2.480000000000004,""score"":78.07131118653655},""SR3_recency"":{""value"":245,""score"":0.0},""SR4_price_location"":{""score"":30.0},""SR5_reaction"":{""value"":0.9246656064431953,""score"":46.233280322159764},""_score"":33.65,""_levels_found"":4,""_target_level"":173.32},""volume"":{""V1_rvol_day"":{""value"":1.3315297830466606,""score"":55.435318869777376},""V2_rvol_sameslot"":{""value"":3.3083080259514874,""score"":100,""status"":""ok""},""V3_breakout_bar"":{""value"":0.8411474554552333,""score"":22.743163697015554},""V4_base_dryup"":{""value"":2.372583151214101,""score"":0},""V5_bo_expansion"":{""value"":1.3315297830466604,""score"":22.101985536444026},""_score"":40.09},""readiness"":{""_distance_atr"":0.486,""BR1_atr_distance"":{""score"":67.62276255162689},""BR2_compression"":{""score"":0},""BR3_retest"":{""score"":50.0},""BR4_bo_age"":{""score"":50.0},""_score"":44.55},""risk"":{""R1_stop_clarity"":{""score"":63.18632943307496},""R2_stop_distance_pct"":{""value"":12.7128011110579,""score"":0.0},""R3_stop_distance_atr"":{""value"":1.7604139166330874,""score"":100.0},""R4_rr_potential"":{""value"":3.528142768167481,""score"":100.0},""_score"":57.12},""market"":{""M1_spy_regime"":{""score"":100.0},""M3_earnings_risk"":{""value"":null,""score"":80.0},""M4_vix"":{""value"":null,""score"":60.0},""_score"":84.0},""liquidity"":{""L1_price"":{""value"":313.215,""score"":100.0},""L2_dollar_vol"":{""value"":16592544708.638512,""score"":100.0},""L3_spread_proxy"":{""value"":0.12068387529332891,""score"":0},""L4_volume_zscore"":{""value"":0.4765026262064993,""score"":100.0},""_score"":90.0},""pattern_structure"":{""pole_low"":194.7,""pole_low_idx"":28,""peak_price"":324.2,""peak_idx"":51,""pole_gain"":0.6651258346173601,""flag_bars"":8,""flag_low"":277.56,""flag_high"":316.79,""structural_low"":277.56,""current_price"":314.9901,""neckline_distance_pct"":0.02923869670824577,""base_bars"":8},""pattern_geometry_features"":{""pole_gain"":0.6651258346173601,""pullback_pct"":0.1438618136952498,""flag_range_pct"":0.12100555212831592,""flag_drift_per_bar"":-0.0003182110591201107,""atr_pct"":0.07221484101518581,""pole_atr_multiple"":9.2103759458183},""_schema_version"":""1.0""}",,,,,,,,,,
20260604T164444Z-6b270e,2026-06-04T16:44:44.043038+00:00,TXN,double_bottom,candidate,63.3,95.7,77.9,28.1,48.6,33.3,19.9,76.3,84.0,97.6,14.35,19.48,2.25,6.8,4.33,1.59,4.58,5.04,4.88,False,,307.35,331.51,285.5811,373.09,"{""trend"":{""T1_ema_stack"":{""value"":[true,true,true],""score"":100.0},""T2_ema50_slope"":{""value"":0.6855939776997793,""score"":100},""T3_high_proximity"":{""value"":0.9460124965372897,""score"":73.00624826864482},""T4_rs_1m"":{""value"":0.048495427535250935,""score"":98.49542753525094},""T5_rs_3m"":{""value"":0.44200990557091746,""score"":100},""T6_adr_healthy"":{""value"":3.3193867425274304,""score"":100.0},""_score"":95.65},""geometry"":{""sub_low_similarity"":86.1,""sub_bounce_quality"":100,""sub_separation_fit"":0.0,""sub_right_bottom_reaction"":80.6,""sub_base_context"":100.0,""_score"":77.92},""compression"":{""VC1_atr_ratio"":{""value"":0.8522796395793459,""score"":36.930090105163515},""VC2_range_contraction"":{""value"":1.0666511967905046,""score"":0},""VC3_range_pct_rank"":{""score"":53.333333333333336},""_score"":28.11},""sr_quality"":{""SR1_touches"":{""value"":3,""score"":50.0},""SR2_tightness"":{""value"":1.6820886487406745,""score"":73.85632607666346},""SR3_recency"":{""value"":228,""score"":0.0},""SR4_price_location"":{""score"":30.0},""SR5_reaction"":{""value"":2.4539487378748532,""score"":100},""_score"":48.58,""_levels_found"":6,""_target_level"":289.9033},""volume"":{""V1_rvol_day"":{""value"":0.38857975066088507,""score"":0},""V2_rvol_sameslot"":{""value"":1.3927816506024324,""score"":59.518776706828824,""status"":""ok""},""V3_breakout_bar"":{""value"":1.1181322369231057,""score"":41.208815794873715},""V4_base_dryup"":{""value"":0.9450577680268787,""score"":55.49422319731213},""V5_bo_expansion"":{""value"":0.38857975066088507,""score"":0},""_score"":33.3},""readiness"":{""_distance_atr"":1.878,""BR1_atr_distance"":{""score"":0},""BR2_compression"":{""score"":9.460671890456167},""BR3_retest"":{""score"":50.0},""BR4_bo_age"":{""score"":50.0},""_score"":19.87},""risk"":{""R1_stop_clarity"":{""score"":32.40693301508446},""R2_stop_distance_pct"":{""value"":7.082788352041653,""score"":100.0},""R3_stop_distance_atr"":{""value"":1.6917073035345056,""score"":100.0},""R4_rr_potential"":{""value"":3.0198976064532235,""score"":100.0},""_score"":76.34},""market"":{""M1_spy_regime"":{""score"":100.0},""M3_earnings_risk"":{""value"":null,""score"":80.0},""M4_vix"":{""value"":null,""score"":60.0},""_score"":84.0},""liquidity"":{""L1_price"":{""value"":307.35,""score"":100.0},""L2_dollar_vol"":{""value"":921790729.2461131,""score"":100.0},""L3_spread_proxy"":{""value"":0.024141857816821263,""score"":75.85814218317874},""L4_volume_zscore"":{""value"":-1.7173427448732381,""score"":100.0},""_score"":97.59},""pattern_structure"":{""left_low"":291.95,""left_idx"":11,""right_low"":289.93,""right_idx"":60,""separation_bars"":49,""structural_low"":289.93,""current_price"":308.08,""neckline_distance_pct"":0.07605167488963908,""base_bars"":49},""pattern_geometry_features"":{""low_similarity_pct"":0.0069430123049425375,""bounce_pct"":0.14341392749974124,""right_bottom_reaction"":0.8059154191767568,""atr_pct"":0.04186769388087107},""_schema_version"":""1.0""}",,,,,,,,,,
20260604T164444Z-6b270e,2026-06-04T16:44:44.043038+00:00,LRCX,double_bottom,setup,63.11,98.4,63.0,62.8,40.3,30.1,57.5,59.3,84.0,96.4,14.76,15.75,5.02,5.64,3.92,4.6,3.56,5.04,4.82,False,,336.37,335.55,309.5658,356.82,"{""trend"":{""T1_ema_stack"":{""value"":[true,true,true],""score"":100.0},""T2_ema50_slope"":{""value"":0.5050484872355213,""score"":100},""T3_high_proximity"":{""value"":0.9786447877571209,""score"":89.32239387856045},""T4_rs_1m"":{""value"":0.1743388490666613,""score"":100},""T5_rs_3m"":{""value"":0.4564240415396552,""score"":100},""T6_adr_healthy"":{""value"":4.263403390731201,""score"":100.0},""_score"":98.4},""geometry"":{""sub_low_similarity"":12.4,""sub_bounce_quality"":53.8,""sub_separation_fit"":100.0,""sub_right_bottom_reaction"":90.2,""sub_base_context"":100.0,""_score"":63.01},""compression"":{""VC1_atr_ratio"":{""value"":0.4976674757126876,""score"":100},""VC2_range_contraction"":{""value"":0.8734361950948821,""score"":21.09396748418631},""VC3_range_pct_rank"":{""score"":61.66666666666667},""_score"":62.8},""sr_quality"":{""SR1_touches"":{""value"":2,""score"":25.0},""SR2_tightness"":{""value"":2.5175000000000125,""score"":68.36799212363437},""SR3_recency"":{""value"":228,""score"":0.0},""SR4_price_location"":{""score"":30.0},""SR5_reaction"":{""value"":2.4055403805085094,""score"":100},""_score"":40.26,""_levels_found"":7,""_target_level"":304.5175},""volume"":{""V1_rvol_day"":{""value"":0.3615201892029443,""score"":0},""V2_rvol_sameslot"":{""value"":1.235590349735561,""score"":49.039356649037394,""status"":""ok""},""V3_breakout_bar"":{""value"":0.9949079709644217,""score"":32.99386473096145},""V4_base_dryup"":{""value"":0.8962648023576522,""score"":60.373519764234786},""V5_bo_expansion"":{""value"":0.36152018920294426,""score"":0},""_score"":30.13},""readiness"":{""_distance_atr"":-0.052,""BR1_atr_distance"":{""score"":100.0},""BR2_compression"":{""score"":0},""BR3_retest"":{""score"":50.0},""BR4_bo_age"":{""score"":50.0},""_score"":57.5},""risk"":{""R1_stop_clarity"":{""score"":40.76678787258699},""R2_stop_distance_pct"":{""value"":7.968665457680542,""score"":100.0},""R3_stop_distance_atr"":{""value"":1.6839536554511947,""score"":100.0},""R4_rr_potential"":{""value"":0.7629401362473052,""score"":0.0},""_score"":59.27},""market"":{""M1_spy_regime"":{""score"":100.0},""M3_earnings_risk"":{""value"":null,""score"":80.0},""M4_vix"":{""value"":null,""score"":60.0},""_score"":84.0},""liquidity"":{""L1_price"":{""value"":336.37,""score"":100.0},""L2_dollar_vol"":{""value"":1038312603.1169102,""score"":100.0},""L3_spread_proxy"":{""value"":0.0360017242917027,""score"":63.9982757082973},""L4_volume_zscore"":{""value"":-3.4908705790051298,""score"":100.0},""_score"":96.4},""pattern_structure"":{""left_low"":314.28,""left_idx"":41,""right_low"":328.361,""right_idx"":69,""separation_bars"":28,""structural_low"":314.28,""current_price"":336.715,""neckline_distance_pct"":-0.0034598993213844458,""base_bars"":28},""pattern_geometry_features"":{""low_similarity_pct"":0.04382228958314212,""bounce_pct"":0.06767850324551368,""right_bottom_reaction"":0.9015907252628718,""atr_pct"":0.047321168441214825},""_schema_version"":""1.0""}",,,,,,,,,,
20260604T164444Z-6b270e,2026-06-04T16:44:44.043038+00:00,GLW,double_bottom,candidate,63.05,95.6,74.3,53.6,51.6,10.4,36.1,77.8,84.0,93.5,14.35,18.58,4.28,7.22,1.35,2.89,4.67,5.04,4.67,False,,196.18,206.55,188.3321,221.8999,"{""trend"":{""T1_ema_stack"":{""value"":[true,true,true],""score"":100.0},""T2_ema50_slope"":{""value"":0.5512002060617794,""score"":100},""T3_high_proximity"":{""value"":0.9419051277126945,""score"":70.95256385634724},""T4_rs_1m"":{""value"":0.16496377776938886,""score"":100},""T5_rs_3m"":{""value"":0.34556967998419386,""score"":100},""T6_adr_healthy"":{""value"":6.194905511103853,""score"":100.0},""_score"":95.64},""geometry"":{""sub_low_similarity"":53.5,""sub_bounce_quality"":71.8,""sub_separation_fit"":60.0,""sub_right_bottom_reaction"":99.5,""sub_base_context"":100.0,""_score"":74.33},""compression"":{""VC1_atr_ratio"":{""value"":0.5030147568725842,""score"":100},""VC2_range_contraction"":{""value"":0.8890186699467719,""score"":18.49688834220468},""VC3_range_pct_rank"":{""score"":28.333333333333332},""_score"":53.56},""sr_quality"":{""SR1_touches"":{""value"":4,""score"":75.0},""SR2_tightness"":{""value"":3.619837703544179,""score"":43.9464261207003},""SR3_recency"":{""value"":228,""score"":0.0},""SR4_price_location"":{""score"":30.0},""SR5_reaction"":{""value"":2.046356879728835,""score"":100},""_score"":51.59,""_levels_found"":6,""_target_level"":174.515},""volume"":{""V1_rvol_day"":{""value"":0.4714664311509582,""score"":0},""V2_rvol_sameslot"":{""value"":0.5403934391424025,""score"":2.69289594282683,""status"":""ok""},""V3_breakout_bar"":{""value"":0.49844261592087735,""score"":0},""V4_base_dryup"":{""value"":1.0074841626172515,""score"":49.25158373827485},""V5_bo_expansion"":{""value"":0.47146643115095804,""score"":0},""_score"":10.39},""readiness"":{""_distance_atr"":0.803,""BR1_atr_distance"":{""score"":46.47314707330553},""BR2_compression"":{""score"":0},""BR3_retest"":{""score"":50.0},""BR4_bo_age"":{""score"":50.0},""_score"":36.09},""risk"":{""R1_stop_clarity"":{""score"":55.58869012033599},""R2_stop_distance_pct"":{""value"":4.00035757977368,""score"":100.0},""R3_stop_distance_atr"":{""value"":0.6076279692001231,""score"":55.38139846000616},""R4_rr_potential"":{""value"":3.277296484926576,""score"":100.0},""_score"":77.76},""market"":{""M1_spy_regime"":{""score"":100.0},""M3_earnings_risk"":{""value"":null,""score"":80.0},""M4_vix"":{""value"":null,""score"":60.0},""_score"":84.0},""liquidity"":{""L1_price"":{""value"":196.18,""score"":100.0},""L2_dollar_vol"":{""value"":1346940984.9375844,""score"":100.0},""L3_spread_proxy"":{""value"":0.06544958711387501,""score"":34.55041288612499},""L4_volume_zscore"":{""value"":-1.6250518340136946,""score"":100.0},""_score"":93.46},""pattern_structure"":{""left_low"":191.2001,""left_idx"":35,""right_low"":195.7,""right_idx"":71,""separation_bars"":36,""structural_low"":191.2001,""current_price"":196.275,""neckline_distance_pct"":0.05235001910584642,""base_bars"":36},""pattern_geometry_features"":{""low_similarity_pct"":0.023261301819255138,""bounce_pct"":0.08028186177726905,""right_bottom_reaction"":0.9953917050691233,""atr_pct"":0.06583563928170919},""_schema_version"":""1.0""}",,,,,,,,,,
20260604T164444Z-6b270e,2026-06-04T16:44:44.043038+00:00,ADI,breakout_retest_hold,retest_hold,62.36,90.0,83.9,25.5,54.3,0.9,67.1,57.2,84.0,97.3,12.6,18.46,1.53,7.61,0.12,12.08,2.86,4.2,2.92,False,,426.84,421.35,416.3841,422.87,"{""trend"":{""T1_ema_stack"":{""value"":[true,true,true],""score"":100.0},""T2_ema50_slope"":{""value"":0.3744862870022721,""score"":100},""T3_high_proximity"":{""value"":0.9752553293577352,""score"":87.62766467886756},""T4_rs_1m"":{""value"":0.009247977399472473,""score"":59.247977399472475},""T5_rs_3m"":{""value"":0.18413332125530535,""score"":100},""T6_adr_healthy"":{""value"":3.351498736213147,""score"":100.0},""_score"":89.99},""geometry"":{""sub_retest_depth"":78.2,""sub_retest_timing"":100.0,""sub_retest_freshness"":100.0,""sub_hold_quality"":68.1,""_score"":83.89},""compression"":{""VC1_atr_ratio"":{""value"":0.8576199570635756,""score"":35.59501073410609},""VC2_range_contraction"":{""value"":1.4006053334362265,""score"":0},""VC3_range_pct_rank"":{""score"":44.99999999999999},""_score"":25.49},""sr_quality"":{""SR1_touches"":{""value"":2,""score"":25.0},""SR2_tightness"":{""value"":1.1100000000000136,""score"":88.10236103821816},""SR3_recency"":{""value"":231,""score"":0.0},""SR4_price_location"":{""score"":74.499507712504},""SR5_reaction"":{""value"":2.290027535301495,""score"":100},""_score"":54.34,""_levels_found"":6,""_target_level"":434.61},""volume"":{""V1_rvol_day"":{""value"":0.2774371024280741,""score"":0},""V2_rvol_sameslot"":{""value"":0.5696854889302242,""score"":4.645699262014946,""status"":""ok""},""V3_breakout_bar"":{""value"":0.47093247374363784,""score"":0},""V4_base_dryup"":{""value"":1.5734380822992708,""score"":0},""V5_bo_expansion"":{""value"":0.2774371024280741,""score"":0},""_score"":0.93},""readiness"":{""_distance_atr"":-0.294,""BR1_atr_distance"":{""score"":100.0},""BR2_compression"":{""score"":0},""BR3_retest"":{""score"":97.96346720473994},""BR4_bo_age"":{""score"":50},""_score"":67.09},""risk"":{""R1_stop_clarity"":{""score"":54.918666928506774},""R2_stop_distance_pct"":{""value"":2.4496064098959764,""score"":100.0},""R3_stop_distance_atr"":{""value"":0.5603627172094284,""score"":53.01813586047142},""R4_rr_potential"":{""value"":-0.3796899358256929,""score"":0.0},""_score"":57.17},""market"":{""M1_spy_regime"":{""score"":100.0},""M3_earnings_risk"":{""value"":null,""score"":80.0},""M4_vix"":{""value"":null,""score"":60.0},""_score"":84.0},""liquidity"":{""L1_price"":{""value"":426.84,""score"":100.0},""L2_dollar_vol"":{""value"":569579337.52643,""score"":100.0},""L3_spread_proxy"":{""value"":0.027363883422359684,""score"":72.63611657764031},""L4_volume_zscore"":{""value"":-1.9200233947637326,""score"":100.0},""_score"":97.26},""pattern_structure"":{""level"":421.35,""level_idx"":66,""breakout_idx"":71,""bo_peak_idx"":76,""bo_peak_price"":439.0,""retest_idx"":77,""retest_low"":420.59,""structural_low"":420.59,""current_price"":427.81,""neckline_distance_pct"":-0.015100161286552394,""base_bars"":13,""bars_since_breakout"":8},""pattern_geometry_features"":{""retest_depth_atr"":0.14764960971379962,""bars_breakout_to_retest"":6.0,""bars_since_retest"":2.0,""current_above_level_atr"":1.2550216825672138,""bo_peak_excess_pct"":0.04188916577667017,""atr_pct"":0.04371465721514922},""_schema_version"":""1.0""}",,,,,,,,,,
20260604T164444Z-6b270e,2026-06-04T16:44:44.043038+00:00,VICR,double_bottom,candidate,62.12,93.3,75.0,63.4,43.6,14.3,24.2,78.1,84.0,93.6,14.0,18.75,5.07,6.1,1.86,1.94,4.69,5.04,4.68,False,,316.81,351.36,310.3144,387.68,"{""trend"":{""T1_ema_stack"":{""value"":[true,true,true],""score"":100.0},""T2_ema50_slope"":{""value"":0.7966758674168382,""score"":100},""T3_high_proximity"":{""value"":0.9160594494563961,""score"":58.029724728198005},""T4_rs_1m"":{""value"":0.14571583605645655,""score"":100},""T5_rs_3m"":{""value"":0.6310601385617678,""score"":100},""T6_adr_healthy"":{""value"":8.30082568949672,""score"":92.47935776258198},""_score"":93.33},""geometry"":{""sub_low_similarity"":32.5,""sub_bounce_quality"":100,""sub_separation_fit"":100.0,""sub_right_bottom_reaction"":68.2,""sub_base_context"":100.0,""_score"":74.98},""compression"":{""VC1_atr_ratio"":{""value"":0.5632747334286939,""score"":100},""VC2_range_contraction"":{""value"":0.8634779999383765,""score"":22.753666676937254},""VC3_range_pct_rank"":{""score"":61.66666666666667},""_score"":63.38},""sr_quality"":{""SR1_touches"":{""value"":2,""score"":25.0},""SR2_tightness"":{""value"":1.25,""score"":90.5614507535603},""SR3_recency"":{""value"":236,""score"":0.0},""SR4_price_location"":{""score"":30.0},""SR5_reaction"":{""value"":3.3671080581749027,""score"":100},""_score"":43.58,""_levels_found"":5,""_target_level"":232.25},""volume"":{""V1_rvol_day"":{""value"":0.3802555290979619,""score"":0},""V2_rvol_sameslot"":{""value"":0.5283617597016661,""score"":1.8907839801110733,""status"":""ok""},""V3_breakout_bar"":{""value"":0.6683483232616673,""score"":11.223221550777819},""V4_base_dryup"":{""value"":0.9448677627261568,""score"":55.51322372738432},""V5_bo_expansion"":{""value"":0.38025552909796195,""score"":0},""_score"":14.29},""readiness"":{""_distance_atr"":1.304,""BR1_atr_distance"":{""score"":13.039499609468763},""BR2_compression"":{""score"":5.945413871865683},""BR3_retest"":{""score"":50.0},""BR4_bo_age"":{""score"":50.0},""_score"":24.2},""risk"":{""R1_stop_clarity"":{""score"":64.3177533448197},""R2_stop_distance_pct"":{""value"":2.0503140683690435,""score"":100.0},""R3_stop_distance_atr"":{""value"":0.24523616194069392,""score"":37.2618080970347},""R4_rr_potential"":{""value"":10.910462466900727,""score"":100.0},""_score"":78.1},""market"":{""M1_spy_regime"":{""score"":100.0},""M3_earnings_risk"":{""value"":null,""score"":80.0},""M4_vix"":{""value"":null,""score"":60.0},""_score"":84.0},""liquidity"":{""L1_price"":{""value"":316.81,""score"":100.0},""L2_dollar_vol"":{""value"":105467754.40913947,""score"":100.0},""L3_spread_proxy"":{""value"":0.06369748429658156,""score"":36.302515703418436},""L4_volume_zscore"":{""value"":-1.3695275927802693,""score"":100.0},""_score"":93.63},""pattern_structure"":{""left_low"":325.8501,""left_idx"":47,""right_low"":315.04,""right_idx"":65,""separation_bars"":18,""structural_low"":315.04,""current_price"":316.81,""neckline_distance_pct"":0.10905590101322563,""base_bars"":18},""pattern_geometry_features"":{""low_similarity_pct"":0.033734644988274824,""bounce_pct"":0.1152869476891823,""right_bottom_reaction"":0.6824552924117935,""atr_pct"":0.08360569877393842},""_schema_version"":""1.0""}",,,,,,,,,,
20260604T164444Z-6b270e,2026-06-04T16:44:44.043038+00:00,RGTI,double_bottom,candidate,61.39,79.8,89.8,23.4,53.9,0.0,37.8,81.2,84.0,92.6,11.96,22.45,1.87,7.55,0.0,3.02,4.87,5.04,4.63,False,,23.89,27.175,23.3642,30.63,"{""trend"":{""T1_ema_stack"":{""value"":[true,true,false],""score"":66.66666666666666},""T2_ema50_slope"":{""value"":0.5672105389886936,""score"":100},""T3_high_proximity"":{""value"":0.8838327783943766,""score"":41.916389197188266},""T4_rs_1m"":{""value"":0.26233128625391733,""score"":100},""T5_rs_3m"":{""value"":0.2973587997617022,""score"":100},""T6_adr_healthy"":{""value"":10.567190713227301,""score"":35.820232169317464},""_score"":79.75},""geometry"":{""sub_low_similarity"":72.4,""sub_bounce_quality"":100,""sub_separation_fit"":100.0,""sub_right_bottom_reaction"":87.3,""sub_base_context"":100.0,""_score"":89.81},""compression"":{""VC1_atr_ratio"":{""value"":0.8976891077730286,""score"":25.577723056742858},""VC2_range_contraction"":{""value"":1.4902996028311357,""score"":0},""VC3_range_pct_rank"":{""score"":52.5},""_score"":23.36},""sr_quality"":{""SR1_touches"":{""value"":4,""score"":75.0},""SR2_tightness"":{""value"":0.5696493455407463,""score"":58.73409100868541},""SR3_recency"":{""value"":233,""score"":0.0},""SR4_price_location"":{""score"":37.92385837335091},""SR5_reaction"":{""value"":1.7480803162562544,""score"":87.40401581281272},""_score"":53.9,""_levels_found"":5,""_target_level"":27.1637},""volume"":{""V1_rvol_day"":{""value"":0.40056295959373905,""score"":0},""V2_rvol_sameslot"":{""value"":0.4863913087293666,""score"":0,""status"":""ok""},""V3_breakout_bar"":{""value"":0.2889578140319705,""score"":0},""V4_base_dryup"":{""value"":1.8986447274805214,""score"":0},""V5_bo_expansion"":{""value"":0.40056295959373905,""score"":0},""_score"":0.0},""readiness"":{""_distance_atr"":1.19,""BR1_atr_distance"":{""score"":20.67721889051593},""BR2_compression"":{""score"":48.079805813834916},""BR3_retest"":{""score"":50.0},""BR4_bo_age"":{""score"":50.0},""_score"":37.79},""risk"":{""R1_stop_clarity"":{""score"":74.22552920661707},""R2_stop_distance_pct"":{""value"":2.200920887400587,""score"":100.0},""R3_stop_distance_atr"":{""value"":0.19044711555875227,""score"":34.522355777937605},""R4_rr_potential"":{""value"":12.818562190947125,""score"":100.0},""_score"":81.16},""market"":{""M1_spy_regime"":{""score"":100.0},""M3_earnings_risk"":{""value"":null,""score"":80.0},""M4_vix"":{""value"":null,""score"":60.0},""_score"":84.0},""liquidity"":{""L1_price"":{""value"":23.89,""score"":100.0},""L2_dollar_vol"":{""value"":572557412.5719956,""score"":100.0},""L3_spread_proxy"":{""value"":0.07408957722896607,""score"":25.91042277103392},""L4_volume_zscore"":{""value"":-0.7660750625983435,""score"":100.0},""_score"":92.59},""pattern_structure"":{""left_low"":23.72,""left_idx"":37,""right_low"":24.05,""right_idx"":59,""separation_bars"":22,""structural_low"":23.72,""current_price"":24.1199,""neckline_distance_pct"":0.12666304586669097,""base_bars"":22},""pattern_geometry_features"":{""low_similarity_pct"":0.013816202637638764,""bounce_pct"":0.14565767284991576,""right_bottom_reaction"":0.8727915194346291,""atr_pct"":0.11556598696406147},""_schema_version"":""1.0""}",,,,,,,,,,
20260604T164444Z-6b270e,2026-06-04T16:44:44.043038+00:00,ASX,double_bottom,candidate,61.14,95.8,79.8,8.1,41.8,30.7,23.4,76.5,84.0,96.4,14.36,19.95,0.65,5.85,3.99,1.87,4.59,5.04,4.82,False,,38.3,41.1,36.6519,44.99,"{""trend"":{""T1_ema_stack"":{""value"":[true,true,true],""score"":100.0},""T2_ema50_slope"":{""value"":0.6929635769040324,""score"":100},""T3_high_proximity"":{""value"":0.9433497536945812,""score"":71.67487684729056},""T4_rs_1m"":{""value"":0.10005811377203333,""score"":100},""T5_rs_3m"":{""value"":0.62575443794994,""score"":100},""T6_adr_healthy"":{""value"":4.061275437815679,""score"":100.0},""_score"":95.75},""geometry"":{""sub_low_similarity"":48.5,""sub_bounce_quality"":100,""sub_separation_fit"":100.0,""sub_right_bottom_reaction"":68.5,""sub_base_context"":100.0,""_score"":79.82},""compression"":{""VC1_atr_ratio"":{""value"":1.0562258053952382,""score"":0},""VC2_range_contraction"":{""value"":1.1777607294602639,""score"":0},""VC3_range_pct_rank"":{""score"":32.49999999999999},""_score"":8.12},""sr_quality"":{""SR1_touches"":{""value"":2,""score"":25.0},""SR2_tightness"":{""value"":0.23249999999999993,""score"":78.76012646044522},""SR3_recency"":{""value"":236,""score"":0.0},""SR4_price_location"":{""score"":30.0},""SR5_reaction"":{""value"":3.5148564921908396,""score"":100},""_score"":41.81,""_levels_found"":5,""_target_level"":29.6525},""volume"":{""V1_rvol_day"":{""value"":0.6940487608919407,""score"":12.93658405946271},""V2_rvol_sameslot"":{""value"":1.7489823763953445,""score"":83.26549175968964,""status"":""ok""},""V3_breakout_bar"":{""value"":0.9305767300473737,""score"":28.70511533649158},""V4_base_dryup"":{""value"":1.2850026246575763,""score"":21.49973753424237},""V5_bo_expansion"":{""value"":0.6940487608919407,""score"":0},""_score"":30.72},""readiness"":{""_distance_atr"":1.279,""BR1_atr_distance"":{""score"":14.735991525801438},""BR2_compression"":{""score"":0},""BR3_retest"":{""score"":50.0},""BR4_bo_age"":{""score"":50.0},""_score"":23.39},""risk"":{""R1_stop_clarity"":{""score"":49.01060036084965},""R2_stop_distance_pct"":{""value"":4.303263707571786,""score"":100.0},""R3_stop_distance_atr"":{""value"":0.752827904821873,""score"":62.64139524109365},""R4_rr_potential"":{""value"":4.059096562812869,""score"":100.0},""_score"":76.55},""market"":{""M1_spy_regime"":{""score"":100.0},""M3_earnings_risk"":{""value"":null,""score"":80.0},""M4_vix"":{""value"":null,""score"":60.0},""_score"":84.0},""liquidity"":{""L1_price"":{""value"":38.3,""score"":100.0},""L2_dollar_vol"":{""value"":240598400.9873075,""score"":100.0},""L3_spread_proxy"":{""value"":0.03629242819843344,""score"":63.70757180156656},""L4_volume_zscore"":{""value"":-1.3402704008717745,""score"":100.0},""_score"":96.37},""pattern_structure"":{""left_low"":38.18,""left_idx"":42,""right_low"":37.21,""right_idx"":65,""separation_bars"":23,""structural_low"":37.21,""current_price"":38.3,""neckline_distance_pct"":0.0731070496083552,""base_bars"":23},""pattern_geometry_features"":{""low_similarity_pct"":0.025732855816421246,""bounce_pct"":0.10454178984144048,""right_bottom_reaction"":0.685483870967742,""atr_pct"":0.057161320402834746},""_schema_version"":""1.0""}",,,,,,,,,,
20260604T164444Z-6b270e,2026-06-04T16:44:44.043038+00:00,INTC,double_bottom,candidate,61.04,75.4,72.5,69.8,43.9,12.6,54.2,67.1,84.0,96.6,11.31,18.12,5.58,6.15,1.64,4.34,4.03,5.04,4.83,False,,110.95,113.3,102.6075,122.43,"{""trend"":{""T1_ema_stack"":{""value"":[true,true,true],""score"":100.0},""T2_ema50_slope"":{""value"":1.2350557512025087,""score"":100},""T3_high_proximity"":{""value"":0.8571538936959209,""score"":28.576946847960414},""T4_rs_1m"":{""value"":-0.019386846820091286,""score"":30.613153179908714},""T5_rs_3m"":{""value"":1.3041614336102074,""score"":100},""T6_adr_healthy"":{""value"":7.061130961563499,""score"":100.0},""_score"":75.41},""geometry"":{""sub_low_similarity"":59.0,""sub_bounce_quality"":82.4,""sub_separation_fit"":73.3,""sub_right_bottom_reaction"":48.7,""sub_base_context"":100.0,""_score"":72.48},""compression"":{""VC1_atr_ratio"":{""value"":0.4528800569437866,""score"":100},""VC2_range_contraction"":{""value"":0.8434818653541686,""score"":26.086355774305236},""VC3_range_pct_rank"":{""score"":82.5},""_score"":69.76},""sr_quality"":{""SR1_touches"":{""value"":4,""score"":75.0},""SR2_tightness"":{""value"":1.7040406942030477,""score"":60.518644269427554},""SR3_recency"":{""value"":274,""score"":0.0},""SR4_price_location"":{""score"":30.0},""SR5_reaction"":{""value"":0.6457850985272626,""score"":32.28925492636313},""_score"":43.92,""_levels_found"":3,""_target_level"":48.8688},""volume"":{""V1_rvol_day"":{""value"":0.3393218741014011,""score"":0},""V2_rvol_sameslot"":{""value"":0.613204534816756,""score"":7.546968987783731,""status"":""ok""},""V3_breakout_bar"":{""value"":0.5540852759397776,""score"":3.605685062651842},""V4_base_dryup"":{""value"":0.9897644715842715,""score"":51.02355284157285},""V5_bo_expansion"":{""value"":0.33932187410140097,""score"":0},""_score"":12.62},""readiness"":{""_distance_atr"":0.272,""BR1_atr_distance"":{""score"":81.8507491668722},""BR2_compression"":{""score"":15.984576076838824},""BR3_retest"":{""score"":50.0},""BR4_bo_age"":{""score"":50.0},""_score"":54.24},""risk"":{""R1_stop_clarity"":{""score"":63.79687843918646},""R2_stop_distance_pct"":{""value"":7.519197836863454,""score"":100.0},""R3_stop_distance_atr"":{""value"":0.9664533991781536,""score"":73.32266995890768},""R4_rr_potential"":{""value"":1.3760780576682172,""score"":18.80390288341086},""_score"":67.09},""market"":{""M1_spy_regime"":{""score"":100.0},""M3_earnings_risk"":{""value"":null,""score"":80.0},""M4_vix"":{""value"":null,""score"":60.0},""_score"":84.0},""liquidity"":{""L1_price"":{""value"":110.95,""score"":100.0},""L2_dollar_vol"":{""value"":4917454528.321655,""score"":100.0},""L3_spread_proxy"":{""value"":0.0340892293826048,""score"":65.9107706173952},""L4_volume_zscore"":{""value"":-2.0387898344083033,""score"":100.0},""_score"":96.59},""pattern_structure"":{""left_low"":106.33,""left_idx"":59,""right_low"":104.17,""right_idx"":65,""separation_bars"":6,""structural_low"":104.17,""current_price"":111.2,""neckline_distance_pct"":0.018884892086330884,""base_bars"":6},""pattern_geometry_features"":{""low_similarity_pct"":0.02052256532066505,""bounce_pct"":0.08764519535374864,""right_bottom_reaction"":0.48667574931880214,""atr_pct"":0.07780196999935621},""_schema_version"":""1.0""}",,,,,,,,,,
20260604T164444Z-6b270e,2026-06-04T16:44:44.043038+00:00,PL,double_bottom,candidate,60.9,87.7,68.6,48.7,51.1,28.4,18.1,80.0,84.0,91.3,13.15,17.15,3.9,7.16,3.69,1.45,4.8,5.04,4.56,False,,44.39,51.475,43.3843,58.905,"{""trend"":{""T1_ema_stack"":{""value"":[true,true,true],""score"":100.0},""T2_ema50_slope"":{""value"":0.79343386121296,""score"":100},""T3_high_proximity"":{""value"":0.8636186770428016,""score"":31.809338521400775},""T4_rs_1m"":{""value"":0.15025240719601762,""score"":100},""T5_rs_3m"":{""value"":0.6947857352694984,""score"":100},""T6_adr_healthy"":{""value"":9.676661867724908,""score"":58.083453306877296},""_score"":87.68},""geometry"":{""sub_low_similarity"":33.7,""sub_bounce_quality"":100,""sub_separation_fit"":100.0,""sub_right_bottom_reaction"":23.2,""sub_base_context"":100.0,""_score"":68.59},""compression"":{""VC1_atr_ratio"":{""value"":0.6355559817966931,""score"":91.1110045508267},""VC2_range_contraction"":{""value"":1.0056778711136076,""score"":0},""VC3_range_pct_rank"":{""score"":49.16666666666667},""_score"":48.74},""sr_quality"":{""SR1_touches"":{""value"":4,""score"":75.0},""SR2_tightness"":{""value"":1.3020056643501987,""score"":40.96723125308787},""SR3_recency"":{""value"":236,""score"":0.0},""SR4_price_location"":{""score"":30.0},""SR5_reaction"":{""value"":2.194733126281256,""score"":100},""_score"":51.15,""_levels_found"":5,""_target_level"":37.0525},""volume"":{""V1_rvol_day"":{""value"":0.6778820164021018,""score"":11.858801093473453},""V2_rvol_sameslot"":{""value"":1.0921907313321337,""score"":39.47938208880892,""status"":""ok""},""V3_breakout_bar"":{""value"":0.6397924406571234,""score"":9.319496043808224},""V4_base_dryup"":{""value"":0.7096709077550705,""score"":79.03290922449295},""V5_bo_expansion"":{""value"":0.6778820164021017,""score"":0},""_score"":28.4},""readiness"":{""_distance_atr"":1.606,""BR1_atr_distance"":{""score"":0},""BR2_compression"":{""score"":2.320624687266515},""BR3_retest"":{""score"":50.0},""BR4_bo_age"":{""score"":50.0},""_score"":18.08},""risk"":{""R1_stop_clarity"":{""score"":70.04508078593437},""R2_stop_distance_pct"":{""value"":2.2655440414507693,""score"":100.0},""R3_stop_distance_atr"":{""value"":0.22798587339164825,""score"":36.39929366958241},""R4_rr_potential"":{""value"":14.433092201755091,""score"":100.0},""_score"":79.98},""market"":{""M1_spy_regime"":{""score"":100.0},""M3_earnings_risk"":{""value"":null,""score"":80.0},""M4_vix"":{""value"":null,""score"":60.0},""_score"":84.0},""liquidity"":{""L1_price"":{""value"":44.39,""score"":100.0},""L2_dollar_vol"":{""value"":340909624.2785472,""score"":100.0},""L3_spread_proxy"":{""value"":0.08706915972065785,""score"":12.93084027934215},""L4_volume_zscore"":{""value"":-1.0743908064043504,""score"":100.0},""_score"":91.29},""pattern_structure"":{""left_low"":44.045,""left_idx"":33,""right_low"":45.53,""right_idx"":59,""separation_bars"":26,""structural_low"":44.045,""current_price"":44.39,""neckline_distance_pct"":0.15960801982428477,""base_bars"":26},""pattern_geometry_features"":{""low_similarity_pct"":0.03315657270443761,""bounce_pct"":0.16869111136337836,""right_bottom_reaction"":0.2318007662835251,""atr_pct"":0.099372123708686},""_schema_version"":""1.0""}",,,,,,,,,,
20260604T164444Z-6b270e,2026-06-04T16:44:44.043038+00:00,UEC,breakout_retest_hold,setup,60.8,31.8,84.0,70.3,64.0,12.3,72.6,63.0,84.0,89.7,4.45,18.48,4.22,8.95,1.6,13.06,3.15,4.2,2.69,False,,14.1253,13.93,13.6125,14.29,"{""trend"":{""T1_ema_stack"":{""value"":[true,false,true],""score"":66.66666666666666},""T2_ema50_slope"":{""value"":-0.17292978840260942,""score"":21.178368599565093},""T3_high_proximity"":{""value"":0.8576381299332119,""score"":28.81906496660591},""T4_rs_1m"":{""value"":-0.07111819376797657,""score"":0},""T5_rs_3m"":{""value"":-0.07937583714585061,""score"":10.312081427074695},""T6_adr_healthy"":{""value"":6.911552230860439,""score"":100.0},""_score"":31.77},""geometry"":{""sub_retest_depth"":100.0,""sub_retest_timing"":20.0,""sub_retest_freshness"":100.0,""sub_hold_quality"":100.0,""_score"":84.0},""compression"":{""VC1_atr_ratio"":{""value"":0.47657549863122967,""score"":100},""VC2_range_contraction"":{""value"":0.8633649383338966,""score"":22.7725102776839},""VC3_range_pct_rank"":{""score"":89.16666666666666},""_score"":70.26},""sr_quality"":{""SR1_touches"":{""value"":4,""score"":75.0},""SR2_tightness"":{""value"":0.2735134548792802,""score"":45.44266535145758},""SR3_recency"":{""value"":265,""score"":0.0},""SR4_price_location"":{""score"":83.20150044850365},""SR5_reaction"":{""value"":1.845258703596845,""score"":92.26293517984226},""_score"":63.96,""_levels_found"":8,""_target_level"":14.3313},""volume"":{""V1_rvol_day"":{""value"":0.39895769335213455,""score"":0},""V2_rvol_sameslot"":{""value"":0.763424160830183,""score"":17.5616107220122,""status"":""ok""},""V3_breakout_bar"":{""value"":0.5431028651112033,""score"":2.8735243407468873},""V4_base_dryup"":{""value"":1.0972032433573957,""score"":40.27967566426043},""V5_bo_expansion"":{""value"":0.3989576933521347,""score"":0},""_score"":12.29},""readiness"":{""_distance_atr"":-0.195,""BR1_atr_distance"":{""score"":100.0},""BR2_compression"":{""score"":39.50311745758741},""BR3_retest"":{""score"":91.02391485542093},""BR4_bo_age"":{""score"":30.0},""_score"":72.58},""risk"":{""R1_stop_clarity"":{""score"":72.57307316934182},""R2_stop_distance_pct"":{""value"":3.6303653727708345,""score"":100.0},""R3_stop_distance_atr"":{""value"":0.511437384682238,""score"":50.5718692341119},""R4_rr_potential"":{""value"":0.32117784711388514,""score"":0.0},""_score"":62.99},""market"":{""M1_spy_regime"":{""score"":100.0},""M3_earnings_risk"":{""value"":null,""score"":80.0},""M4_vix"":{""value"":null,""score"":60.0},""_score"":84.0},""liquidity"":{""L1_price"":{""value"":14.1253,""score"":100.0},""L2_dollar_vol"":{""value"":50367065.45082193,""score"":85.10733240923334},""L3_spread_proxy"":{""value"":0.043538898288885915,""score"":56.46110171111408},""L4_volume_zscore"":{""value"":-1.97486547776214,""score"":100.0},""_score"":89.69},""pattern_structure"":{""level"":13.93,""level_idx"":57,""breakout_idx"":65,""bo_peak_idx"":70,""bo_peak_price"":15.47,""retest_idx"":77,""retest_low"":13.75,""structural_low"":13.75,""current_price"":14.1607,""neckline_distance_pct"":-0.016291567507256036,""base_bars"":22,""bars_since_breakout"":14},""pattern_geometry_features"":{""retest_depth_atr"":0.44519821920712194,""bars_breakout_to_retest"":12.0,""bars_since_retest"":2.0,""current_above_level_atr"":0.5705957176171302,""bo_peak_excess_pct"":0.11055276381909554,""atr_pct"":0.07098357455871987},""_schema_version"":""1.0""}",,,,,,,,,,
20260604T164444Z-6b270e,2026-06-04T16:44:44.043038+00:00,QUBT,double_bottom,candidate,60.59,71.9,86.8,59.0,49.6,1.8,30.3,67.2,84.0,94.3,10.78,21.7,4.72,6.94,0.23,2.43,4.03,5.04,4.71,False,,10.915,12.33,10.8645,13.63,"{""trend"":{""T1_ema_stack"":{""value"":[false,true,false],""score"":33.33333333333333},""T2_ema50_slope"":{""value"":0.6511854665078997,""score"":100},""T3_high_proximity"":{""value"":0.8809523809523808,""score"":40.47619047619039},""T4_rs_1m"":{""value"":0.09645958721600834,""score"":100},""T5_rs_3m"":{""value"":0.3034404708606544,""score"":100},""T6_adr_healthy"":{""value"":10.01710071819137,""score"":49.572482045215736},""_score"":71.88},""geometry"":{""sub_low_similarity"":57.8,""sub_bounce_quality"":100,""sub_separation_fit"":100.0,""sub_right_bottom_reaction"":96.4,""sub_base_context"":100.0,""_score"":86.8},""compression"":{""VC1_atr_ratio"":{""value"":0.598071652351613,""score"":100},""VC2_range_contraction"":{""value"":1.0654361526161564,""score"":0},""VC3_range_pct_rank"":{""score"":75.83333333333333},""_score"":58.96},""sr_quality"":{""SR1_touches"":{""value"":4,""score"":75.0},""SR2_tightness"":{""value"":0.21273311184439536,""score"":62.07893497047263},""SR3_recency"":{""value"":228,""score"":0.0},""SR4_price_location"":{""score"":27.671371488162155},""SR5_reaction"":{""value"":1.4483639658681202,""score"":72.41819829340601},""_score"":49.59,""_levels_found"":5,""_target_level"":12.6663},""volume"":{""V1_rvol_day"":{""value"":0.2751215765949677,""score"":0},""V2_rvol_sameslot"":{""value"":0.5416615740976283,""score"":2.7774382731752185,""status"":""ok""},""V3_breakout_bar"":{""value"":0.5730030105350903,""score"":4.86686736900602},""V4_base_dryup"":{""value"":2.1366601999145822,""score"":0},""V5_bo_expansion"":{""value"":0.2751215765949677,""score"":0},""_score"":1.77},""readiness"":{""_distance_atr"":1.261,""BR1_atr_distance"":{""score"":15.922339574433721},""BR2_compression"":{""score"":25.902277080229947},""BR3_retest"":{""score"":50.0},""BR4_bo_age"":{""score"":50.0},""_score"":30.34},""risk"":{""R1_stop_clarity"":{""score"":70.50745812563268},""R2_stop_distance_pct"":{""value"":0.4622079706825439,""score"":61.5551992670636},""R3_stop_distance_atr"":{""value"":0.044965208146322835,""score"":27.24826040731614},""R4_rr_potential"":{""value"":53.81565906838493,""score"":100.0},""_score"":67.23},""market"":{""M1_spy_regime"":{""score"":100.0},""M3_earnings_risk"":{""value"":null,""score"":80.0},""M4_vix"":{""value"":null,""score"":60.0},""_score"":84.0},""liquidity"":{""L1_price"":{""value"":10.915,""score"":100.0},""L2_dollar_vol"":{""value"":98776569.72381139,""score"":99.73269700346133},""L3_spread_proxy"":{""value"":0.05634448007329366,""score"":43.65551992670634},""L4_volume_zscore"":{""value"":-0.8081554886329486,""score"":100.0},""_score"":94.26},""pattern_structure"":{""left_low"":11.265,""left_idx"":37,""right_low"":11.03,""right_idx"":59,""separation_bars"":22,""structural_low"":11.03,""current_price"":11.015,""neckline_distance_pct"":0.11938266000907848,""base_bars"":22},""pattern_geometry_features"":{""low_similarity_pct"":0.02108095985647017,""bounce_pct"":0.11786038077969183,""right_bottom_reaction"":0.9638554216867478,""atr_pct"":0.1027923565211701},""_schema_version"":""1.0""}",,,,,,,,,,
20260604T164444Z-6b270e,2026-06-04T16:44:44.043038+00:00,BELFB,double_bottom,candidate,60.36,73.1,77.3,73.5,58.6,0.0,33.6,70.2,84.0,81.2,10.96,19.32,5.88,8.2,0.0,2.69,4.21,5.04,4.06,False,,275.46,287.38,262.2661,308.5,"{""trend"":{""T1_ema_stack"":{""value"":[true,true,true],""score"":100.0},""T2_ema50_slope"":{""value"":0.2957714101439817,""score"":99.29523502399695},""T3_high_proximity"":{""value"":0.9099197304528787,""score"":54.959865226439305},""T4_rs_1m"":{""value"":-0.118332641088853,""score"":0},""T5_rs_3m"":{""value"":0.24933947474679252,""score"":100},""T6_adr_healthy"":{""value"":4.777294855934487,""score"":100.0},""_score"":73.1},""geometry"":{""sub_low_similarity"":74.3,""sub_bounce_quality"":70.5,""sub_separation_fit"":100.0,""sub_right_bottom_reaction"":39.3,""sub_base_context"":100.0,""_score"":77.28},""compression"":{""VC1_atr_ratio"":{""value"":0.37918240285965604,""score"":100},""VC2_range_contraction"":{""value"":0.796673618145088,""score"":33.88773030915201},""VC3_range_pct_rank"":{""score"":86.66666666666667},""_score"":73.53},""sr_quality"":{""SR1_touches"":{""value"":2,""score"":25.0},""SR2_tightness"":{""value"":0.5750500000000045,""score"":91.34637605917052},""SR3_recency"":{""value"":244,""score"":0.0},""SR4_price_location"":{""score"":89.41760743521054},""SR5_reaction"":{""value"":2.4822379657905227,""score"":100},""_score"":58.56,""_levels_found"":7,""_target_level"":278.995},""volume"":{""V1_rvol_day"":{""value"":0.17251868702603793,""score"":0},""V2_rvol_sameslot"":{""value"":0.21451337457469802,""score"":0,""status"":""ok""},""V3_breakout_bar"":{""value"":0.26957194668364654,""score"":0},""V4_base_dryup"":{""value"":1.6712854137854547,""score"":0},""V5_bo_expansion"":{""value"":0.17251868702603793,""score"":0},""_score"":0.0},""readiness"":{""_distance_atr"":0.897,""BR1_atr_distance"":{""score"":40.20740377666482},""BR2_compression"":{""score"":0},""BR3_retest"":{""score"":50.0},""BR4_bo_age"":{""score"":50.0},""_score"":33.58},""risk"":{""R1_stop_clarity"":{""score"":39.89790686500558},""R2_stop_distance_pct"":{""value"":4.789769839541126,""score"":100.0},""R3_stop_distance_atr"":{""value"":0.9927401870525084,""score"":74.63700935262543},""R4_rr_potential"":{""value"":2.5041875412122314,""score"":75.20937706061157},""_score"":70.2},""market"":{""M1_spy_regime"":{""score"":100.0},""M3_earnings_risk"":{""value"":null,""score"":80.0},""M4_vix"":{""value"":null,""score"":60.0},""_score"":84.0},""liquidity"":{""L1_price"":{""value"":275.46,""score"":100.0},""L2_dollar_vol"":{""value"":15958560.027443038,""score"":60.14968507645917},""L3_spread_proxy"":{""value"":0.028642997168372857,""score"":71.35700283162714},""L4_volume_zscore"":{""value"":-1.2798366650418609,""score"":100.0},""_score"":81.2},""pattern_structure"":{""left_low"":269.7,""left_idx"":42,""right_low"":266.26,""right_idx"":68,""separation_bars"":26,""structural_low"":266.26,""current_price"":275.46,""neckline_distance_pct"":0.04327307050025418,""base_bars"":26},""pattern_geometry_features"":{""low_similarity_pct"":0.012836778864094326,""bounce_pct"":0.07932096447081802,""right_bottom_reaction"":0.39261744966443246,""atr_pct"":0.048247969630021474},""_schema_version"":""1.0""}",,,,,,,,,,
20260604T164444Z-6b270e,2026-06-04T16:44:44.043038+00:00,AMAT,high_tight_pullback,candidate,60.03,99.5,64.2,49.4,44.0,18.8,44.2,73.7,84.0,96.0,11.94,22.45,4.94,3.52,2.63,3.98,0.74,5.04,4.8,False,,497.69,508.2599,472.9083,578.2998,"{""trend"":{""T1_ema_stack"":{""value"":[true,true,true],""score"":100.0},""T2_ema50_slope"":{""value"":0.38583222090644126,""score"":100},""T3_high_proximity"":{""value"":0.9938494718134074,""score"":96.9247359067037},""T4_rs_1m"":{""value"":0.1661783240458492,""score"":100},""T5_rs_3m"":{""value"":0.32579079634518826,""score"":100},""T6_adr_healthy"":{""value"":4.235936218218551,""score"":100.0},""_score"":99.54},""geometry"":{""sub_pole_impulse"":69.0,""sub_flag_tightness"":50.6,""sub_flag_shallowness"":30.7,""sub_flag_drift"":97.7,""sub_flag_duration"":100.0,""_score"":64.15},""compression"":{""VC1_atr_ratio"":{""value"":0.5619534490958686,""score"":100},""VC2_range_contraction"":{""value"":1.035539909599532,""score"":0},""VC3_range_pct_rank"":{""score"":37.5},""_score"":49.38},""sr_quality"":{""SR1_touches"":{""value"":2,""score"":25.0},""SR2_tightness"":{""value"":0.7100499999999954,""score"":93.28398694996251},""SR3_recency"":{""value"":236,""score"":0.0},""SR4_price_location"":{""score"":30.0},""SR5_reaction"":{""value"":2.657521303598491,""score"":100},""_score"":43.99,""_levels_found"":6,""_target_level"":396.66},""volume"":{""V1_rvol_day"":{""value"":0.3291726714167415,""score"":0},""V2_rvol_sameslot"":{""value"":0.7951413799842229,""score"":19.676091998948188,""status"":""ok""},""V3_breakout_bar"":{""value"":0.6397321989314237,""score"":9.315479928761583},""V4_base_dryup"":{""value"":0.8757642012646434,""score"":62.42357987353566},""V5_bo_expansion"":{""value"":0.3291726714167415,""score"":0},""_score"":18.75},""readiness"":{""_distance_atr"":0.5,""BR1_atr_distance"":{""score"":66.67484151933346},""BR2_compression"":{""score"":0},""BR3_retest"":{""score"":50.0},""BR4_bo_age"":{""score"":50.0},""_score"":44.17},""risk"":{""R1_stop_clarity"":{""score"":31.88314149453842},""R2_stop_distance_pct"":{""value"":4.9793345255078485,""score"":100.0},""R3_stop_distance_atr"":{""value"":1.1719870769767111,""score"":83.59935384883556},""R4_rr_potential"":{""value"":3.2528019724271777,""score"":100.0},""_score"":73.7},""market"":{""M1_spy_regime"":{""score"":100.0},""M3_earnings_risk"":{""value"":null,""score"":80.0},""M4_vix"":{""value"":null,""score"":60.0},""_score"":84.0},""liquidity"":{""L1_price"":{""value"":497.69,""score"":100.0},""L2_dollar_vol"":{""value"":1307822944.0987322,""score"":100.0},""L3_spread_proxy"":{""value"":0.04049709658622832,""score"":59.50290341377168},""L4_volume_zscore"":{""value"":-1.9501413181778124,""score"":100.0},""_score"":95.95},""pattern_structure"":{""pole_low"":438.22,""pole_low_idx"":39,""peak_price"":508.2599,""peak_idx"":52,""pole_gain"":0.15982816849984022,""flag_bars"":7,""flag_low"":480.11,""flag_high"":504.2,""structural_low"":480.11,""current_price"":499.32,""neckline_distance_pct"":0.017904149643515225,""base_bars"":7},""pattern_geometry_features"":{""pole_gain"":0.15982816849984022,""pullback_pct"":0.055384853300447276,""flag_range_pct"":0.047397010859995,""flag_drift_per_bar"":-0.0004631298566049668,""atr_pct"":0.04248625794025539,""pole_atr_multiple"":3.7618791639544304},""_schema_version"":""1.0""}",,,,,,,,,,
20260604T164444Z-6b270e,2026-06-04T16:44:44.043038+00:00,MSFT,breakout_retest_hold,setup,59.71,56.1,68.8,26.2,74.6,21.7,68.0,49.8,84.0,98.0,7.85,15.14,1.57,10.45,2.82,12.24,2.49,4.2,2.94,False,,427.805,424.4,420.0075,424.7,"{""trend"":{""T1_ema_stack"":{""value"":[true,true,false],""score"":66.66666666666666},""T2_ema50_slope"":{""value"":0.10468320693169625,""score"":67.44720115528271},""T3_high_proximity"":{""value"":0.9289607400330062,""score"":64.48037001650309},""T4_rs_1m"":{""value"":-0.005350225902038153,""score"":44.649774097961846},""T5_rs_3m"":{""value"":-0.0687204996212607,""score"":15.63975018936965},""T6_adr_healthy"":{""value"":2.477551086523215,""score"":100.0},""_score"":56.1},""geometry"":{""sub_retest_depth"":62.8,""sub_retest_timing"":0.0,""sub_retest_freshness"":100.0,""sub_hold_quality"":100.0,""_score"":68.84},""compression"":{""VC1_atr_ratio"":{""value"":0.8628190443080027,""score"":34.295238922999324},""VC2_range_contraction"":{""value"":1.0943715771158071,""score"":0},""VC3_range_pct_rank"":{""score"":50.0},""_score"":26.22},""sr_quality"":{""SR1_touches"":{""value"":5,""score"":100},""SR2_tightness"":{""value"":3.5831025662126867,""score"":47.01788929231835},""SR3_recency"":{""value"":236,""score"":0.0},""SR4_price_location"":{""score"":91.01773883737144},""SR5_reaction"":{""value"":1.9751263071009244,""score"":98.75631535504623},""_score"":74.62,""_levels_found"":6,""_target_level"":429.596},""volume"":{""V1_rvol_day"":{""value"":0.3419016740283892,""score"":0},""V2_rvol_sameslot"":{""value"":1.0310288359629787,""score"":35.40192239753191,""status"":""ok""},""V3_breakout_bar"":{""value"":0.6861737890151514,""score"":12.411585934343423},""V4_base_dryup"":{""value"":0.9237541687179821,""score"":57.62458312820179},""V5_bo_expansion"":{""value"":0.3419016740283892,""score"":0},""_score"":21.71},""readiness"":{""_distance_atr"":-0.252,""BR1_atr_distance"":{""score"":100.0},""BR2_compression"":{""score"":14.425694319271173},""BR3_retest"":{""score"":99.44550034088535},""BR4_bo_age"":{""score"":30.0},""_score"":68.0},""risk"":{""R1_stop_clarity"":{""score"":37.267605232153045},""R2_stop_distance_pct"":{""value"":1.8226762193055277,""score"":95.56690548263819},""R3_stop_distance_atr"":{""value"":0.576494812259619,""score"":53.824740612980946},""R4_rr_potential"":{""value"":-0.39820455274127214,""score"":0.0},""_score"":49.79},""market"":{""M1_spy_regime"":{""score"":100.0},""M3_earnings_risk"":{""value"":null,""score"":80.0},""M4_vix"":{""value"":null,""score"":60.0},""_score"":84.0},""liquidity"":{""L1_price"":{""value"":427.805,""score"":100.0},""L2_dollar_vol"":{""value"":5307716195.882642,""score"":100.0},""L3_spread_proxy"":{""value"":0.019938990895384517,""score"":80.06100910461548},""L4_volume_zscore"":{""value"":-1.7260947367074666,""score"":100.0},""_score"":98.01},""pattern_structure"":{""level"":424.4,""level_idx"":29,""breakout_idx"":47,""bo_peak_idx"":59,""bo_peak_price"":466.32,""retest_idx"":74,""retest_low"":424.25,""structural_low"":424.25,""current_price"":427.77,""neckline_distance_pct"":-0.00787806531547328,""base_bars"":50,""bars_since_breakout"":32},""pattern_geometry_features"":{""retest_depth_atr"":0.03986688258063431,""bars_breakout_to_retest"":27.0,""bars_since_retest"":5.0,""current_above_level_atr"":0.8956759619783877,""bo_peak_excess_pct"":0.09877474081055612,""atr_pct"":0.03161652421747557},""_schema_version"":""1.0""}",,,,,,,,,,
20260604T164444Z-6b270e,2026-06-04T16:44:44.043038+00:00,AMD,double_bottom,forming,59.55,97.1,65.6,42.8,39.8,15.4,52.6,62.0,84.0,92.2,14.57,16.41,3.42,5.57,2.01,4.21,3.72,5.04,4.61,False,,521.8401,527.1999,479.3604,567.7395,"{""trend"":{""T1_ema_stack"":{""value"":[true,true,true],""score"":100.0},""T2_ema50_slope"":{""value"":1.0764605759692079,""score"":100},""T3_high_proximity"":{""value"":0.9618817739438178,""score"":80.94088697190888},""T4_rs_1m"":{""value"":0.42361948684282447,""score"":100},""T5_rs_3m"":{""value"":1.5059759551003449,""score"":100},""T6_adr_healthy"":{""value"":5.338021838071013,""score"":100.0},""_score"":97.14},""geometry"":{""sub_low_similarity"":41.0,""sub_bounce_quality"":76.1,""sub_separation_fit"":100.0,""sub_right_bottom_reaction"":20.7,""sub_base_context"":100.0,""_score"":65.62},""compression"":{""VC1_atr_ratio"":{""value"":0.7479435017731074,""score"":63.01412455672314},""VC2_range_contraction"":{""value"":0.8490772439783425,""score"":25.153792670276253},""VC3_range_pct_rank"":{""score"":35.0},""_score"":42.76},""sr_quality"":{""SR1_touches"":{""value"":2,""score"":25.0},""SR2_tightness"":{""value"":3.2150999999999783,""score"":78.1151619140787},""SR3_recency"":{""value"":312,""score"":0.0},""SR4_price_location"":{""score"":30.0},""SR5_reaction"":{""value"":1.739497816689429,""score"":86.97489083447145},""_score"":39.76,""_levels_found"":3,""_target_level"":263.7449},""volume"":{""V1_rvol_day"":{""value"":0.5234888455562288,""score"":1.5659230370819177},""V2_rvol_sameslot"":{""value"":0.6627165756308709,""score"":10.847771708724729,""status"":""ok""},""V3_breakout_bar"":{""value"":0.6128720695882427,""score"":7.52480463921618},""V4_base_dryup"":{""value"":0.9460855963099386,""score"":55.39144036900614},""V5_bo_expansion"":{""value"":0.5234888455562289,""score"":0},""_score"":15.44},""readiness"":{""_distance_atr"":0.182,""BR1_atr_distance"":{""score"":87.8388069657843},""BR2_compression"":{""score"":0},""BR3_retest"":{""score"":50.0},""BR4_bo_age"":{""score"":50.0},""_score"":52.64},""risk"":{""R1_stop_clarity"":{""score"":50.31033932842215},""R2_stop_distance_pct"":{""value"":8.140367997783233,""score"":96.49080005541917},""R3_stop_distance_atr"":{""value"":1.445773778296615,""score"":97.28868891483074},""R4_rr_potential"":{""value"":1.0805018664854382,""score"":4.025093324271911},""_score"":61.95},""market"":{""M1_spy_regime"":{""score"":100.0},""M3_earnings_risk"":{""value"":null,""score"":80.0},""M4_vix"":{""value"":null,""score"":60.0},""_score"":84.0},""liquidity"":{""L1_price"":{""value"":521.8401,""score"":89.07995},""L2_dollar_vol"":{""value"":9178702429.737625,""score"":100.0},""L3_spread_proxy"":{""value"":0.0509732770632231,""score"":49.0267229367769},""L4_volume_zscore"":{""value"":-1.779297672635897,""score"":100.0},""_score"":92.17},""pattern_structure"":{""left_low"":486.6603,""left_idx"":42,""right_low"":501.22,""right_idx"":65,""separation_bars"":23,""structural_low"":486.6603,""current_price"":524.6364,""neckline_distance_pct"":0.004886241213914963,""base_bars"":23},""pattern_geometry_features"":{""low_similarity_pct"":0.029476648132369925,""bounce_pct"":0.0833016377132056,""right_bottom_reaction"":0.2071542979177785,""atr_pct"":0.05630457627592382},""_schema_version"":""1.0""}",,,,,,,,,,
20260604T164444Z-6b270e,2026-06-04T16:44:44.043038+00:00,FLEX,double_bottom,setup,59.25,98.0,67.0,33.4,53.7,9.5,57.5,32.6,84.0,95.2,14.71,16.76,2.67,7.52,1.23,4.6,1.96,5.04,4.76,False,,157.7279,154.25,137.0924,169.3199,"{""trend"":{""T1_ema_stack"":{""value"":[true,true,true],""score"":100.0},""T2_ema50_slope"":{""value"":1.076508817285538,""score"":100},""T3_high_proximity"":{""value"":0.9739897492898605,""score"":86.99487464493022},""T4_rs_1m"":{""value"":0.5900565188757017,""score"":100},""T5_rs_3m"":{""value"":1.373093199858495,""score"":100},""T6_adr_healthy"":{""value"":5.180891153909519,""score"":100.0},""_score"":98.05},""geometry"":{""sub_low_similarity"":11.1,""sub_bounce_quality"":100,""sub_separation_fit"":100.0,""sub_right_bottom_reaction"":58.1,""sub_base_context"":100.0,""_score"":67.05},""compression"":{""VC1_atr_ratio"":{""value"":0.7720520503762871,""score"":56.986987405928225},""VC2_range_contraction"":{""value"":0.9901225431259089,""score"":1.6462428123485233},""VC3_range_pct_rank"":{""score"":40.0},""_score"":33.37},""sr_quality"":{""SR1_touches"":{""value"":6,""score"":100},""SR2_tightness"":{""value"":1.5936619256709772,""score"":62.07011791529471},""SR3_recency"":{""value"":274,""score"":0.0},""SR4_price_location"":{""score"":30.0},""SR5_reaction"":{""value"":0.9218690498857581,""score"":46.09345249428791},""_score"":53.72,""_levels_found"":2,""_target_level"":67.765},""volume"":{""V1_rvol_day"":{""value"":0.3855866435778263,""score"":0},""V2_rvol_sameslot"":{""value"":0.5975504953296336,""score"":6.503366355308904,""status"":""ok""},""V3_breakout_bar"":{""value"":0.4929254880803327,""score"":0},""V4_base_dryup"":{""value"":1.0907515609038023,""score"":40.92484390961977},""V5_bo_expansion"":{""value"":0.38558664357782624,""score"":0},""_score"":9.49},""readiness"":{""_distance_atr"":-0.414,""BR1_atr_distance"":{""score"":100.0},""BR2_compression"":{""score"":0},""BR3_retest"":{""score"":50.0},""BR4_bo_age"":{""score"":50.0},""_score"":57.5},""risk"":{""R1_stop_clarity"":{""score"":50.31175028560527},""R2_stop_distance_pct"":{""value"":13.082974857333424,""score"":0.0},""R3_stop_distance_atr"":{""value"":2.455671827399087,""score"":100.0},""R4_rr_potential"":{""value"":0.5617503407901175,""score"":0.0},""_score"":32.61},""market"":{""M1_spy_regime"":{""score"":100.0},""M3_earnings_risk"":{""value"":null,""score"":80.0},""M4_vix"":{""value"":null,""score"":60.0},""_score"":84.0},""liquidity"":{""L1_price"":{""value"":157.7279,""score"":100.0},""L2_dollar_vol"":{""value"":400639759.6706302,""score"":100.0},""L3_spread_proxy"":{""value"":0.047867244793089764,""score"":52.13275520691024},""L4_volume_zscore"":{""value"":-1.7044455113560513,""score"":100.0},""_score"":95.21},""pattern_structure"":{""left_low"":139.1801,""left_idx"":41,""right_low"":145.51,""right_idx"":59,""separation_bars"":18,""structural_low"":139.1801,""current_price"":157.7279,""neckline_distance_pct"":-0.02204999876369371,""base_bars"":18},""pattern_geometry_features"":{""low_similarity_pct"":0.0444687047424549,""bounce_pct"":0.10827625501059411,""right_bottom_reaction"":0.5805309734513271,""atr_pct"":0.05327656045633016},""_schema_version"":""1.0""}",,,,,,,,,,
20260604T164444Z-6b270e,2026-06-04T16:44:44.043038+00:00,QCOM,double_bottom,forming,59.09,96.8,84.9,5.8,39.6,0.0,34.3,79.8,84.0,95.3,14.53,21.22,0.47,5.54,0.0,2.74,4.79,5.04,4.76,False,,240.43,259.92,229.5247,286.82,"{""trend"":{""T1_ema_stack"":{""value"":[true,true,true],""score"":100.0},""T2_ema50_slope"":{""value"":0.8922470954787259,""score"":100},""T3_high_proximity"":{""value"":0.957812126523783,""score"":78.90606326189148},""T4_rs_1m"":{""value"":0.24354655729256924,""score"":100},""T5_rs_3m"":{""value"":0.6445438708833466,""score"":100},""T6_adr_healthy"":{""value"":7.9019653911268595,""score"":100.0},""_score"":96.84},""geometry"":{""sub_low_similarity"":76.3,""sub_bounce_quality"":100,""sub_separation_fit"":60.0,""sub_right_bottom_reaction"":86.7,""sub_base_context"":100.0,""_score"":84.89},""compression"":{""VC1_atr_ratio"":{""value"":1.1064358985704217,""score"":0},""VC2_range_contraction"":{""value"":1.031399932411045,""score"":0},""VC3_range_pct_rank"":{""score"":23.33333333333333},""_score"":5.83},""sr_quality"":{""SR1_touches"":{""value"":2,""score"":25.0},""SR2_tightness"":{""value"":3.285000000000011,""score"":63.9315475828685},""SR3_recency"":{""value"":236,""score"":0.0},""SR4_price_location"":{""score"":30.0},""SR5_reaction"":{""value"":2.3732712298212926,""score"":100},""_score"":39.59,""_levels_found"":4,""_target_level"":187.735},""volume"":{""V1_rvol_day"":{""value"":0.24887620522989493,""score"":0},""V2_rvol_sameslot"":{""value"":0.29297164738200565,""score"":0,""status"":""ok""},""V3_breakout_bar"":{""value"":0.43367267272704346,""score"":0},""V4_base_dryup"":{""value"":2.1908827459049527,""score"":0},""V5_bo_expansion"":{""value"":0.24887620522989487,""score"":0},""_score"":0.0},""readiness"":{""_distance_atr"":1.07,""BR1_atr_distance"":{""score"":28.668276244556978},""BR2_compression"":{""score"":21.34875491432446},""BR3_retest"":{""score"":50.0},""BR4_bo_age"":{""score"":50.0},""_score"":34.3},""risk"":{""R1_stop_clarity"":{""score"":61.62250784365302},""R2_stop_distance_pct"":{""value"":4.535748450692513,""score"":100.0},""R3_stop_distance_atr"":{""value"":0.598686901285454,""score"":54.934345064272705},""R4_rr_potential"":{""value"":4.253894895142729,""score"":100.0},""_score"":79.81},""market"":{""M1_spy_regime"":{""score"":100.0},""M3_earnings_risk"":{""value"":null,""score"":80.0},""M4_vix"":{""value"":null,""score"":60.0},""_score"":84.0},""liquidity"":{""L1_price"":{""value"":240.43,""score"":100.0},""L2_dollar_vol"":{""value"":1616080468.6508212,""score"":100.0},""L3_spread_proxy"":{""value"":0.04733186374412509,""score"":52.66813625587491},""L4_volume_zscore"":{""value"":-1.989905139481125,""score"":100.0},""_score"":95.27},""pattern_structure"":{""left_low"":235.8001,""left_idx"":35,""right_low"":233.02,""right_idx"":71,""separation_bars"":36,""structural_low"":233.02,""current_price"":240.715,""neckline_distance_pct"":0.07978314604407707,""base_bars"":36},""pattern_geometry_features"":{""low_similarity_pct"":0.01185998637857027,""bounce_pct"":0.11544073470088406,""right_bottom_reaction"":0.86705069124424,""atr_pct"":0.07576161163629448},""_schema_version"":""1.0""}",,,,,,,,,,
20260604T164444Z-6b270e,2026-06-04T16:44:44.043038+00:00,AMAT,breakout_retest_hold,setup,59.01,99.5,70.0,49.4,44.0,18.9,44.3,60.8,84.0,96.0,13.94,15.4,2.96,6.16,2.46,7.98,3.04,4.2,2.88,False,,497.69,485.78,475.3089,497.12,"{""trend"":{""T1_ema_stack"":{""value"":[true,true,true],""score"":100.0},""T2_ema50_slope"":{""value"":0.38583222090644126,""score"":100},""T3_high_proximity"":{""value"":0.9938494718134074,""score"":96.9247359067037},""T4_rs_1m"":{""value"":0.1661783240458492,""score"":100},""T5_rs_3m"":{""value"":0.32579079634518826,""score"":100},""T6_adr_healthy"":{""value"":4.235936218218551,""score"":100.0},""_score"":99.54},""geometry"":{""sub_retest_depth"":100.0,""sub_retest_timing"":100.0,""sub_retest_freshness"":100.0,""sub_hold_quality"":0.0,""_score"":70.0},""compression"":{""VC1_atr_ratio"":{""value"":0.5619534490958686,""score"":100},""VC2_range_contraction"":{""value"":1.035539909599532,""score"":0},""VC3_range_pct_rank"":{""score"":37.5},""_score"":49.38},""sr_quality"":{""SR1_touches"":{""value"":2,""score"":25.0},""SR2_tightness"":{""value"":0.7100499999999954,""score"":93.28398694996251},""SR3_recency"":{""value"":236,""score"":0.0},""SR4_price_location"":{""score"":30.0},""SR5_reaction"":{""value"":2.657521303598491,""score"":100},""_score"":43.99,""_levels_found"":6,""_target_level"":396.66},""volume"":{""V1_rvol_day"":{""value"":0.3291726714167415,""score"":0},""V2_rvol_sameslot"":{""value"":0.7951413799842229,""score"":19.676091998948188,""status"":""ok""},""V3_breakout_bar"":{""value"":0.6397321989314237,""score"":9.315479928761583},""V4_base_dryup"":{""value"":0.8672180150172688,""score"":63.27819849827312},""V5_bo_expansion"":{""value"":0.3291726714167415,""score"":0},""_score"":18.92},""readiness"":{""_distance_atr"":-0.563,""BR1_atr_distance"":{""score"":48.73491790353536},""BR2_compression"":{""score"":0},""BR3_retest"":{""score"":86.59256601869146},""BR4_bo_age"":{""score"":50},""_score"":44.31},""risk"":{""R1_stop_clarity"":{""score"":54.58876099635894},""R2_stop_distance_pct"":{""value"":4.496996122084028,""score"":100.0},""R3_stop_distance_atr"":{""value"":1.0584589794676085,""score"":77.92294897338043},""R4_rr_potential"":{""value"":-0.02546791712650883,""score"":0.0},""_score"":60.79},""market"":{""M1_spy_regime"":{""score"":100.0},""M3_earnings_risk"":{""value"":null,""score"":80.0},""M4_vix"":{""value"":null,""score"":60.0},""_score"":84.0},""liquidity"":{""L1_price"":{""value"":497.69,""score"":100.0},""L2_dollar_vol"":{""value"":1307822944.0987322,""score"":100.0},""L3_spread_proxy"":{""value"":0.04049709658622832,""score"":59.50290341377168},""L4_volume_zscore"":{""value"":-1.9501413181778124,""score"":100.0},""_score"":95.95},""pattern_structure"":{""level"":485.78,""level_idx"":66,""breakout_idx"":71,""bo_peak_idx"":72,""bo_peak_price"":508.2599,""retest_idx"":77,""retest_low"":480.11,""structural_low"":480.11,""current_price"":499.32,""neckline_distance_pct"":-0.027116878955379356,""base_bars"":13,""bars_since_breakout"":8},""pattern_geometry_features"":{""retest_depth_atr"":0.805606975837875,""bars_breakout_to_retest"":6.0,""bars_since_retest"":2.0,""current_above_level_atr"":1.9237951415952244,""bo_peak_excess_pct"":0.046275886203631364,""atr_pct"":0.04248625794025539},""_schema_version"":""1.0""}",,,,,,,,,,
20260604T164444Z-6b270e,2026-06-04T16:44:44.043038+00:00,LRCX,vcp,retest_hold,58.58,98.4,44.8,62.8,40.3,32.0,57.5,44.1,84.0,96.4,14.76,11.2,7.54,4.83,4.17,4.03,2.2,5.04,4.82,False,,336.37,333.33,302.4295,267.665,"{""trend"":{""T1_ema_stack"":{""value"":[true,true,true],""score"":100.0},""T2_ema50_slope"":{""value"":0.5050484872355213,""score"":100},""T3_high_proximity"":{""value"":0.9786447877571209,""score"":89.32239387856045},""T4_rs_1m"":{""value"":0.1743388490666613,""score"":100},""T5_rs_3m"":{""value"":0.4564240415396552,""score"":100},""T6_adr_healthy"":{""value"":4.263403390731201,""score"":100.0},""_score"":98.4},""geometry"":{""sub_contraction_count"":100.0,""sub_reduction_rate"":5.0,""sub_pivot_tightness"":30.1,""sub_volume_dryup"":26.8,""sub_base_depth"":0.0,""sub_base_duration"":100.0,""_score"":44.78},""compression"":{""VC1_atr_ratio"":{""value"":0.4976674757126876,""score"":100},""VC2_range_contraction"":{""value"":0.8734361950948821,""score"":21.09396748418631},""VC3_range_pct_rank"":{""score"":61.66666666666667},""_score"":62.8},""sr_quality"":{""SR1_touches"":{""value"":2,""score"":25.0},""SR2_tightness"":{""value"":2.5175000000000125,""score"":68.36799212363437},""SR3_recency"":{""value"":228,""score"":0.0},""SR4_price_location"":{""score"":30.0},""SR5_reaction"":{""value"":2.4055403805085094,""score"":100},""_score"":40.26,""_levels_found"":7,""_target_level"":304.5175},""volume"":{""V1_rvol_day"":{""value"":0.3615201892029443,""score"":0},""V2_rvol_sameslot"":{""value"":1.235590349735561,""score"":49.039356649037394,""status"":""ok""},""V3_breakout_bar"":{""value"":0.9949079709644217,""score"":32.99386473096145},""V4_base_dryup"":{""value"":0.800452037075024,""score"":69.9547962924976},""V5_bo_expansion"":{""value"":0.36152018920294426,""score"":0},""_score"":32.05},""readiness"":{""_distance_atr"":-0.191,""BR1_atr_distance"":{""score"":100.0},""BR2_compression"":{""score"":0},""BR3_retest"":{""score"":50.0},""BR4_bo_age"":{""score"":50.0},""_score"":57.5},""risk"":{""R1_stop_clarity"":{""score"":42.13227286006034},""R2_stop_distance_pct"":{""value"":10.0902354550049,""score"":47.744113624877514},""R3_stop_distance_atr"":{""value"":2.1322878930049227,""score"":100.0},""R4_rr_potential"":{""value"":-2.0242762891852757,""score"":0.0},""_score"":44.07},""market"":{""M1_spy_regime"":{""score"":100.0},""M3_earnings_risk"":{""value"":null,""score"":80.0},""M4_vix"":{""value"":null,""score"":60.0},""_score"":84.0},""liquidity"":{""L1_price"":{""value"":336.37,""score"":100.0},""L2_dollar_vol"":{""value"":1038312603.1169102,""score"":100.0},""L3_spread_proxy"":{""value"":0.0360017242917027,""score"":63.9982757082973},""L4_volume_zscore"":{""value"":-3.4908705790051298,""score"":100.0},""_score"":96.4},""pattern_structure"":{""n_contractions"":5,""contractions_pct"":[17.72,6.59,12.41,12.68,7.89],""descending_strict"":false,""final_low"":307.035,""final_pivot"":333.33,""structural_low"":307.035,""dry_up_ratio"":0.8660607604971262,""current_price"":336.37,""neckline_distance_pct"":-0.009037666854951453,""base_bars"":47},""pattern_geometry_features"":{""contraction_count"":5.0,""first_contraction_pct"":0.1771968347350541,""last_contraction_pct"":0.07888578885788845,""dry_up_ratio"":0.8660607604971262,""near_monotone"":0.0,""base_depth_pct"":-0.2720512076894395},""_schema_version"":""1.0""}",,,,,,,,,,
20260604T164444Z-6b270e,2026-06-04T16:44:44.043038+00:00,HPE,bull_flag,forming,58.31,96.3,81.5,10.8,33.5,6.6,32.8,77.1,84.0,96.7,13.48,24.45,0.97,3.35,0.92,2.95,2.31,5.04,4.83,False,,53.39,64.25,51.5352,91.925,"{""trend"":{""T1_ema_stack"":{""value"":[true,true,true],""score"":100.0},""T2_ema50_slope"":{""value"":0.657723817389855,""score"":100},""T3_high_proximity"":{""value"":0.9508459483526269,""score"":75.42297417631345},""T4_rs_1m"":{""value"":0.7320201229591461,""score"":100},""T5_rs_3m"":{""value"":1.3763060309505257,""score"":100},""T6_adr_healthy"":{""value"":5.4202916157276215,""score"":100.0},""_score"":96.31},""geometry"":{""sub_pole_impulse"":100.0,""sub_flag_tightness"":74.8,""sub_flag_shallowness"":50.9,""sub_flag_drift"":84.1,""sub_flag_duration"":100.0,""_score"":81.5},""compression"":{""VC1_atr_ratio"":{""value"":1.6176787899131593,""score"":0},""VC2_range_contraction"":{""value"":1.9161756123946911,""score"":0},""VC3_range_pct_rank"":{""score"":43.333333333333336},""_score"":10.83},""sr_quality"":{""SR1_touches"":{""value"":2,""score"":25.0},""SR2_tightness"":{""value"":0.4599999999999991,""score"":73.92939480976356},""SR3_recency"":{""value"":251,""score"":0.0},""SR4_price_location"":{""score"":30.0},""SR5_reaction"":{""value"":0.9826067771428799,""score"":49.130338857144},""_score"":33.46,""_levels_found"":3,""_target_level"":26.885},""volume"":{""V1_rvol_day"":{""value"":0.5439829636795381,""score"":2.9321975786358756},""V2_rvol_sameslot"":{""value"":0.9481735863958848,""score"":29.878239093058983,""status"":""ok""},""V3_breakout_bar"":{""value"":0.4313565918420283,""score"":0},""V4_base_dryup"":{""value"":2.6790916481949894,""score"":0},""V5_bo_expansion"":{""value"":0.5439829636795381,""score"":0},""_score"":6.56},""readiness"":{""_distance_atr"":3.077,""BR1_atr_distance"":{""score"":0},""BR2_compression"":{""score"":61.28274839423816},""BR3_retest"":{""score"":50.0},""BR4_bo_age"":{""score"":50.0},""_score"":32.82},""risk"":{""R1_stop_clarity"":{""score"":55.52128053630936},""R2_stop_distance_pct"":{""value"":3.4740588125117147,""score"":100.0},""R3_stop_distance_atr"":{""value"":0.5256060707266383,""score"":51.280303536331914},""R4_rr_potential"":{""value"":20.775824886780192,""score"":100.0},""_score"":77.12},""market"":{""M1_spy_regime"":{""score"":100.0},""M3_earnings_risk"":{""value"":null,""score"":80.0},""M4_vix"":{""value"":null,""score"":60.0},""_score"":84.0},""liquidity"":{""L1_price"":{""value"":53.39,""score"":100.0},""L2_dollar_vol"":{""value"":1026280802.949547,""score"":100.0},""L3_spread_proxy"":{""value"":0.03352687769245175,""score"":66.47312230754824},""L4_volume_zscore"":{""value"":-0.414447137235659,""score"":100.0},""_score"":96.65},""pattern_structure"":{""pole_low"":36.575,""pole_low_idx"":27,""peak_price"":64.25,""peak_idx"":45,""pole_gain"":0.7566643882433355,""flag_bars"":14,""flag_low"":52.32,""flag_high"":59.67,""structural_low"":52.32,""current_price"":53.4,""neckline_distance_pct"":0.20318352059925096,""base_bars"":14},""pattern_geometry_features"":{""pole_gain"":0.7566643882433355,""pullback_pct"":0.18568093385214007,""flag_range_pct"":0.1143968871595331,""flag_drift_per_bar"":-0.003189945260731775,""atr_pct"":0.0660962459529607,""pole_atr_multiple"":11.447917764979234},""_schema_version"":""1.0""}",,,,,,,,,,
20260604T164444Z-6b270e,2026-06-04T16:44:44.043038+00:00,APH,breakout_retest_hold,setup,58.24,68.3,65.1,53.3,55.4,12.1,65.2,59.9,84.0,96.5,9.56,14.31,3.2,7.76,1.57,11.74,2.99,4.2,2.9,False,,146.62,143.75,140.4018,147.61,"{""trend"":{""T1_ema_stack"":{""value"":[true,true,true],""score"":100.0},""T2_ema50_slope"":{""value"":-0.12156300738000798,""score"":29.73949876999867},""T3_high_proximity"":{""value"":0.9594921798311629,""score"":79.74608991558141},""T4_rs_1m"":{""value"":0.02736931912931695,""score"":77.36931912931695},""T5_rs_3m"":{""value"":-0.03423055466881353,""score"":32.88472266559324},""T6_adr_healthy"":{""value"":4.182794325331278,""score"":100.0},""_score"":68.32},""geometry"":{""sub_retest_depth"":100.0,""sub_retest_timing"":0.0,""sub_retest_freshness"":100.0,""sub_hold_quality"":50.2,""_score"":65.06},""compression"":{""VC1_atr_ratio"":{""value"":0.5914312746661743,""score"":100},""VC2_range_contraction"":{""value"":1.003730885423896,""score"":0},""VC3_range_pct_rank"":{""score"":53.333333333333336},""_score"":53.33},""sr_quality"":{""SR1_touches"":{""value"":4,""score"":75.0},""SR2_tightness"":{""value"":0.8111967405475642,""score"":72.64628995351214},""SR3_recency"":{""value"":250,""score"":0.0},""SR4_price_location"":{""score"":28.13855389221774},""SR5_reaction"":{""value"":2.825157792435357,""score"":100},""_score"":55.43,""_levels_found"":6,""_target_level"":155.1762},""volume"":{""V1_rvol_day"":{""value"":0.1979391736422197,""score"":0},""V2_rvol_sameslot"":{""value"":0.5287516921657586,""score"":1.916779477717238,""status"":""ok""},""V3_breakout_bar"":{""value"":0.7299458976533967,""score"":15.329726510226447},""V4_base_dryup"":{""value"":1.1062693768852632,""score"":39.37306231147368},""V5_bo_expansion"":{""value"":0.1979391736422197,""score"":0},""_score"":12.09},""readiness"":{""_distance_atr"":-0.484,""BR1_atr_distance"":{""score"":100.0},""BR2_compression"":{""score"":16.026235067729637},""BR3_retest"":{""score"":83.73000723779836},""BR4_bo_age"":{""score"":30.0},""_score"":65.25},""risk"":{""R1_stop_clarity"":{""score"":52.17802334641554},""R2_stop_distance_pct"":{""value"":4.241031237211857,""score"":100.0},""R3_stop_distance_atr"":{""value"":1.048394497346345,""score"":77.41972486731726},""R4_rr_potential"":{""value"":0.15921006078929678,""score"":0.0},""_score"":59.88},""market"":{""M1_spy_regime"":{""score"":100.0},""M3_earnings_risk"":{""value"":null,""score"":80.0},""M4_vix"":{""value"":null,""score"":60.0},""_score"":84.0},""liquidity"":{""L1_price"":{""value"":146.62,""score"":100.0},""L2_dollar_vol"":{""value"":351758437.0042707,""score"":100.0},""L3_spread_proxy"":{""value"":0.03464738780521083,""score"":65.35261219478917},""L4_volume_zscore"":{""value"":-2.037626701845266,""score"":100.0},""_score"":96.54},""pattern_structure"":{""level"":143.75,""level_idx"":38,""breakout_idx"":47,""bo_peak_idx"":72,""bo_peak_price"":151.92,""retest_idx"":77,""retest_low"":141.82,""structural_low"":141.82,""current_price"":146.62,""neckline_distance_pct"":-0.019574410039558073,""base_bars"":41,""bars_since_breakout"":32},""pattern_geometry_features"":{""retest_depth_atr"":0.9403166869671171,""bars_breakout_to_retest"":30.0,""bars_since_retest"":2.0,""current_above_level_atr"":1.3982947624847777,""bo_peak_excess_pct"":0.056834782608695567,""atr_pct"":0.040452627784165106},""_schema_version"":""1.0""}",,,,,,,,,,
20260604T164444Z-6b270e,2026-06-04T16:44:44.043038+00:00,ASTS,double_bottom,forming,58.08,76.5,93.3,17.7,36.4,1.6,23.0,84.2,84.0,92.7,11.47,23.32,1.42,5.09,0.21,1.84,5.05,5.04,4.63,False,,106.29,133.12,99.6918,165.03,"{""trend"":{""T1_ema_stack"":{""value"":[true,true,true],""score"":100.0},""T2_ema50_slope"":{""value"":0.5310515021339404,""score"":100},""T3_high_proximity"":{""value"":0.7986325043203847,""score"":0},""T4_rs_1m"":{""value"":0.618884763748099,""score"":100},""T5_rs_3m"":{""value"":0.0220116478644381,""score"":61.00582393221905},""T6_adr_healthy"":{""value"":10.116902320945268,""score"":47.07744197636829},""_score"":76.5},""geometry"":{""sub_low_similarity"":77.8,""sub_bounce_quality"":100,""sub_separation_fit"":100.0,""sub_right_bottom_reaction"":99.7,""sub_base_context"":100.0,""_score"":93.3},""compression"":{""VC1_atr_ratio"":{""value"":1.0815483822194418,""score"":0},""VC2_range_contraction"":{""value"":1.0407460830679047,""score"":0},""VC3_range_pct_rank"":{""score"":70.83333333333333},""_score"":17.71},""sr_quality"":{""SR1_touches"":{""value"":2,""score"":25.0},""SR2_tightness"":{""value"":1.984950000000012,""score"":68.18189104398982},""SR3_recency"":{""value"":230,""score"":0.0},""SR4_price_location"":{""score"":14.541704869956156},""SR5_reaction"":{""value"":2.857286061050173,""score"":100},""_score"":36.36,""_levels_found"":5,""_target_level"":131.875},""volume"":{""V1_rvol_day"":{""value"":0.37425150053705214,""score"":0},""V2_rvol_sameslot"":{""value"":0.5298445797785266,""score"":1.9896386519017744,""status"":""ok""},""V3_breakout_bar"":{""value"":0.5577567465110417,""score"":3.8504497674027784},""V4_base_dryup"":{""value"":1.4891483419006457,""score"":1.0851658099354324},""V5_bo_expansion"":{""value"":0.37425150053705214,""score"":0},""_score"":1.58},""readiness"":{""_distance_atr"":2.15,""BR1_atr_distance"":{""score"":0},""BR2_compression"":{""score"":22.033150645531517},""BR3_retest"":{""score"":50.0},""BR4_bo_age"":{""score"":50.0},""_score"":23.01},""risk"":{""R1_stop_clarity"":{""score"":75.66454464265259},""R2_stop_distance_pct"":{""value"":6.2076865180167635,""score"":100.0},""R3_stop_distance_atr"":{""value"":0.5288310929950323,""score"":51.44155464975162},""R4_rr_potential"":{""value"":8.902495396436858,""score"":100.0},""_score"":84.2},""market"":{""M1_spy_regime"":{""score"":100.0},""M3_earnings_risk"":{""value"":null,""score"":80.0},""M4_vix"":{""value"":null,""score"":60.0},""_score"":84.0},""liquidity"":{""L1_price"":{""value"":106.29,""score"":100.0},""L2_dollar_vol"":{""value"":1071587933.3494753,""score"":100.0},""L3_spread_proxy"":{""value"":0.0733841377363817,""score"":26.61586226361831},""L4_volume_zscore"":{""value"":-1.5322930852532317,""score"":100.0},""_score"":92.66},""pattern_structure"":{""left_low"":102.34,""left_idx"":33,""right_low"":101.21,""right_idx"":62,""separation_bars"":29,""structural_low"":101.21,""current_price"":106.49,""neckline_distance_pct"":0.25007042914827693,""base_bars"":29},""pattern_geometry_features"":{""low_similarity_pct"":0.011102923114713923,""bounce_pct"":0.3152850508843001,""right_bottom_reaction"":0.9974293059125987,""atr_pct"":0.11738505167802372},""_schema_version"":""1.0""}",,,,,,,,,,
20260604T164444Z-6b270e,2026-06-04T16:44:44.043038+00:00,QBTS,double_bottom,forming,57.97,90.4,61.7,44.0,56.7,3.9,29.6,82.5,84.0,93.3,13.56,15.43,3.52,7.93,0.5,2.36,4.95,5.04,4.67,False,,27.2,31.3,25.9351,36.2699,"{""trend"":{""T1_ema_stack"":{""value"":[true,true,true],""score"":100.0},""T2_ema50_slope"":{""value"":0.6257055088400032,""score"":100},""T3_high_proximity"":{""value"":0.902455209024552,""score"":51.22760451227598},""T4_rs_1m"":{""value"":0.217490130760567,""score"":100},""T5_rs_3m"":{""value"":0.33408381917210783,""score"":100},""T6_adr_healthy"":{""value"":9.79976544194873,""score"":55.00586395128173},""_score"":90.43},""geometry"":{""sub_low_similarity"":21.8,""sub_bounce_quality"":100,""sub_separation_fit"":60.0,""sub_right_bottom_reaction"":41.3,""sub_base_context"":100.0,""_score"":61.73},""compression"":{""VC1_atr_ratio"":{""value"":0.7095884600257495,""score"":72.60288499356263},""VC2_range_contraction"":{""value"":1.3403075946959293,""score"":0},""VC3_range_pct_rank"":{""score"":60.0},""_score"":44.04},""sr_quality"":{""SR1_touches"":{""value"":4,""score"":75.0},""SR2_tightness"":{""value"":0.4224833576603939,""score"":70.71506088811121},""SR3_recency"":{""value"":233,""score"":0.0},""SR4_price_location"":{""score"":34.23232857394675},""SR5_reaction"":{""value"":2.1438892822307927,""score"":100},""_score"":56.67,""_levels_found"":5,""_target_level"":31.8637},""volume"":{""V1_rvol_day"":{""value"":0.44032961277219307,""score"":0},""V2_rvol_sameslot"":{""value"":0.6971381646968607,""score"":13.142544313124048,""status"":""ok""},""V3_breakout_bar"":{""value"":0.5744348406362684,""score"":4.962322709084558},""V4_base_dryup"":{""value"":1.823111433497369,""score"":0},""V5_bo_expansion"":{""value"":0.44032961277219307,""score"":0},""_score"":3.87},""readiness"":{""_distance_atr"":1.421,""BR1_atr_distance"":{""score"":5.2678658368527636},""BR2_compression"":{""score"":39.75822015601808},""BR3_retest"":{""score"":50.0},""BR4_bo_age"":{""score"":50.0},""_score"":29.55},""risk"":{""R1_stop_clarity"":{""score"":72.62346452248559},""R2_stop_distance_pct"":{""value"":4.650189338235291,""score"":100.0},""R3_stop_distance_atr"":{""value"":0.4383734707114313,""score"":46.918673535571564},""R4_rr_potential"":{""value"":7.170723203474881,""score"":100.0},""_score"":82.46},""market"":{""M1_spy_regime"":{""score"":100.0},""M3_earnings_risk"":{""value"":null,""score"":80.0},""M4_vix"":{""value"":null,""score"":60.0},""_score"":84.0},""liquidity"":{""L1_price"":{""value"":27.2,""score"":100.0},""L2_dollar_vol"":{""value"":523326380.7066432,""score"":100.0},""L3_spread_proxy"":{""value"":0.06690808823529414,""score"":33.09191176470587},""L4_volume_zscore"":{""value"":-0.7621366253894483,""score"":100.0},""_score"":93.31},""pattern_structure"":{""left_low"":26.3301,""left_idx"":37,""right_low"":27.38,""right_idx"":73,""separation_bars"":36,""structural_low"":26.3301,""current_price"":27.455,""neckline_distance_pct"":0.1400473502094337,""base_bars"":36},""pattern_geometry_features"":{""low_similarity_pct"":0.0390950677805477,""bounce_pct"":0.18875355581634704,""right_bottom_reaction"":0.4133333333333364,""atr_pct"":0.10607825630252103},""_schema_version"":""1.0""}",,,,,,,,,,
20260604T164444Z-6b270e,2026-06-04T16:44:44.043038+00:00,KEYS,base_on_base,forming,57.82,65.9,78.2,45.4,46.0,3.4,28.2,77.0,84.0,97.3,11.87,19.55,4.54,4.6,0.4,2.26,3.85,5.88,4.86,False,,342.76,359.05,319.4059,432.69,"{""trend"":{""T1_ema_stack"":{""value"":[false,true,true],""score"":66.66666666666666},""T2_ema50_slope"":{""value"":0.2876735660427984,""score"":97.94559434046641},""T3_high_proximity"":{""value"":0.9347660085087814,""score"":67.3830042543907},""T4_rs_1m"":{""value"":-0.08227847208694083,""score"":0},""T5_rs_3m"":{""value"":0.09431833777956222,""score"":97.15916888978111},""T6_adr_healthy"":{""value"":3.634771542156429,""score"":100.0},""_score"":65.94},""geometry"":{""sub_shallower_second"":100,""sub_second_base_depth"":100.0,""sub_rim_advance"":100,""sub_dry_up"":0,""sub_second_base_duration"":88.0,""_score"":78.2},""compression"":{""VC1_atr_ratio"":{""value"":0.6819280906497519,""score"":79.51797733756202},""VC2_range_contraction"":{""value"":1.0990437809563574,""score"":0},""VC3_range_pct_rank"":{""score"":54.16666666666667},""_score"":45.35},""sr_quality"":{""SR1_touches"":{""value"":2,""score"":25.0},""SR2_tightness"":{""value"":3.1350000000000193,""score"":57.73427192973983},""SR3_recency"":{""value"":231,""score"":0.0},""SR4_price_location"":{""score"":59.46070878274268},""SR5_reaction"":{""value"":2.07115549435205,""score"":100},""_score"":46.03,""_levels_found"":5,""_target_level"":355.915},""volume"":{""V1_rvol_day"":{""value"":0.260026867109799,""score"":0},""V2_rvol_sameslot"":{""value"":0.6038216721930978,""score"":6.921444812873186,""status"":""ok""},""V3_breakout_bar"":{""value"":0.6189610676549877,""score"":7.930737843665847},""V4_base_dryup"":{""value"":1.6733031997873309,""score"":0},""V5_bo_expansion"":{""value"":0.26002686710979894,""score"":0},""_score"":3.37},""readiness"":{""_distance_atr"":1.098,""BR1_atr_distance"":{""score"":26.793332241942082},""BR2_compression"":{""score"":0},""BR3_retest"":{""score"":50.0},""BR4_bo_age"":{""score"":50.0},""_score"":28.22},""risk"":{""R1_stop_clarity"":{""score"":34.42340841462567},""R2_stop_distance_pct"":{""value"":6.813528416384651,""score"":100.0},""R3_stop_distance_atr"":{""value"":1.5742837745442657,""score"":100.0},""R4_rr_potential"":{""value"":3.8507239643659217,""score"":100.0},""_score"":77.05},""market"":{""M1_spy_regime"":{""score"":100.0},""M3_earnings_risk"":{""value"":null,""score"":80.0},""M4_vix"":{""value"":null,""score"":60.0},""_score"":84.0},""liquidity"":{""L1_price"":{""value"":342.76,""score"":100.0},""L2_dollar_vol"":{""value"":168483737.1867685,""score"":100.0},""L3_spread_proxy"":{""value"":0.027249387326409243,""score"":72.75061267359075},""L4_volume_zscore"":{""value"":-1.6403832254507806,""score"":100.0},""_score"":97.28},""pattern_structure"":{""first_base_low"":228.35,""first_base_top"":301.99,""first_base_bars"":20,""second_base_low"":324.27,""second_base_top"":359.05,""second_base_bars"":22,""structural_low"":324.27,""stacking_overlap_pct"":-0.07377727739329108,""current_price"":342.76,""neckline_distance_pct"":0.047525965690278976,""base_bars"":22},""pattern_geometry_features"":{""first_base_depth_pct"":0.24384913407728737,""second_base_depth_pct"":0.0968667316529732,""second_dry_up_ratio"":1.2080904838834852,""rim_advance_pct"":0.1889466538627107,""atr_pct"":0.04328017938415885},""_schema_version"":""1.0""}",,,,,,,,,,
20260604T164444Z-6b270e,2026-06-04T16:44:44.043038+00:00,MU,ascending_triangle,forming,57.71,95.4,65.0,24.6,55.1,19.6,27.9,59.0,84.0,70.4,14.31,18.2,1.97,7.72,2.36,2.24,2.36,5.04,3.52,False,,1012.91,1088.71,905.284,1258.35,"{""trend"":{""T1_ema_stack"":{""value"":[true,true,true],""score"":100.0},""T2_ema50_slope"":{""value"":1.064879252817208,""score"":100},""T3_high_proximity"":{""value"":0.9382531934010764,""score"":69.12659670053817},""T4_rs_1m"":{""value"":0.5369006300909467,""score"":100},""T5_rs_3m"":{""value"":1.4406696506992698,""score"":100},""T6_adr_healthy"":{""value"":6.4926226939036376,""score"":100.0},""_score"":95.37},""geometry"":{""sub_flat_top_quality"":66.7,""sub_hl_slope"":100,""sub_compression"":0,""sub_duration"":100.0,""_score"":65.01},""compression"":{""VC1_atr_ratio"":{""value"":1.0221952787750146,""score"":0},""VC2_range_contraction"":{""value"":0.8322439144338385,""score"":27.959347594360253},""VC3_range_pct_rank"":{""score"":59.166666666666664},""_score"":24.58},""sr_quality"":{""SR1_touches"":{""value"":5,""score"":100},""SR2_tightness"":{""value"":13.824114857798305,""score"":59.56842341137626},""SR3_recency"":{""value"":257,""score"":0.0},""SR4_price_location"":{""score"":30.0},""SR5_reaction"":{""value"":1.1564841056962247,""score"":57.824205284811235},""_score"":55.11,""_levels_found"":2,""_target_level"":447.68},""volume"":{""V1_rvol_day"":{""value"":0.6134526048136981,""score"":7.563506987579875},""V2_rvol_sameslot"":{""value"":0.870770081632874,""score"":24.718005442191597,""status"":""ok""},""V3_breakout_bar"":{""value"":0.7860302933314303,""score"":19.06868622209535},""V4_base_dryup"":{""value"":1.0787009716513078,""score"":42.12990283486921},""V5_bo_expansion"":{""value"":0.6134526048136982,""score"":0},""_score"":19.65},""readiness"":{""_distance_atr"":1.108,""BR1_atr_distance"":{""score"":26.10223663641773},""BR2_compression"":{""score"":0},""BR3_retest"":{""score"":50.0},""BR4_bo_age"":{""score"":50.0},""_score"":27.94},""risk"":{""R1_stop_clarity"":{""score"":59.67975221826455},""R2_stop_distance_pct"":{""value"":10.625430689794745,""score"":34.36423275513136},""R3_stop_distance_atr"":{""value"":1.5738768551432183,""score"":100.0},""R4_rr_potential"":{""value"":2.2804887850106925,""score"":64.02443925053463},""_score"":59.0},""market"":{""M1_spy_regime"":{""score"":100.0},""M3_earnings_risk"":{""value"":null,""score"":80.0},""M4_vix"":{""value"":null,""score"":60.0},""_score"":84.0},""liquidity"":{""L1_price"":{""value"":1012.91,""score"":0.0},""L2_dollar_vol"":{""value"":33502267160.927437,""score"":100.0},""L3_spread_proxy"":{""value"":0.045561797198171695,""score"":54.438202801828304},""L4_volume_zscore"":{""value"":-1.598137011084624,""score"":100.0},""_score"":70.44},""pattern_structure"":{""top"":1088.71,""top_touches"":3,""low_slope_per_bar"":7.301483028720624,""lowest_low"":919.07,""structural_low"":919.07,""current_price"":1017.7199,""neckline_distance_pct"":0.06975406494458837,""base_bars"":31},""pattern_geometry_features"":{""top_touches"":3.0,""low_slope"":7.301483028720624,""compression"":-0.2604124717286598,""atr_pct"":0.0675111947613453},""_schema_version"":""1.0""}",,,,,,,,,,
20260604T164444Z-6b270e,2026-06-04T16:44:44.043038+00:00,ADI,double_bottom,forming,57.67,90.0,62.2,25.5,54.3,12.7,48.0,59.7,84.0,97.3,13.5,15.55,2.04,7.61,1.64,3.84,3.58,5.04,4.86,False,,426.84,433.5,393.9114,467.09,"{""trend"":{""T1_ema_stack"":{""value"":[true,true,true],""score"":100.0},""T2_ema50_slope"":{""value"":0.3744862870022721,""score"":100},""T3_high_proximity"":{""value"":0.9752553293577352,""score"":87.62766467886756},""T4_rs_1m"":{""value"":0.009247977399472473,""score"":59.247977399472475},""T5_rs_3m"":{""value"":0.18413332125530535,""score"":100},""T6_adr_healthy"":{""value"":3.351498736213147,""score"":100.0},""_score"":89.99},""geometry"":{""sub_low_similarity"":63.9,""sub_bounce_quality"":77.1,""sub_separation_fit"":0.0,""sub_right_bottom_reaction"":50.9,""sub_base_context"":100.0,""_score"":62.22},""compression"":{""VC1_atr_ratio"":{""value"":0.8576199570635756,""score"":35.59501073410609},""VC2_range_contraction"":{""value"":1.4006053334362265,""score"":0},""VC3_range_pct_rank"":{""score"":44.99999999999999},""_score"":25.49},""sr_quality"":{""SR1_touches"":{""value"":2,""score"":25.0},""SR2_tightness"":{""value"":1.1100000000000136,""score"":88.10236103821816},""SR3_recency"":{""value"":231,""score"":0.0},""SR4_price_location"":{""score"":74.499507712504},""SR5_reaction"":{""value"":2.290027535301495,""score"":100},""_score"":54.34,""_levels_found"":6,""_target_level"":434.61},""volume"":{""V1_rvol_day"":{""value"":0.2774371024280741,""score"":0},""V2_rvol_sameslot"":{""value"":0.5696854889302242,""score"":4.645699262014946,""status"":""ok""},""V3_breakout_bar"":{""value"":0.47093247374363784,""score"":0},""V4_base_dryup"":{""value"":0.9139076093795666,""score"":58.609239062043336},""V5_bo_expansion"":{""value"":0.2774371024280741,""score"":0},""_score"":12.65},""readiness"":{""_distance_atr"":0.357,""BR1_atr_distance"":{""score"":76.20472207643651},""BR2_compression"":{""score"":0},""BR3_retest"":{""score"":50.0},""BR4_bo_age"":{""score"":50.0},""_score"":47.98},""risk"":{""R1_stop_clarity"":{""score"":35.70290814586326},""R2_stop_distance_pct"":{""value"":7.7145183206822106,""score"":100.0},""R3_stop_distance_atr"":{""value"":1.764744095490416,""score"":100.0},""R4_rr_potential"":{""value"":1.222339816542739,""score"":11.116990827136952},""_score"":59.72},""market"":{""M1_spy_regime"":{""score"":100.0},""M3_earnings_risk"":{""value"":null,""score"":80.0},""M4_vix"":{""value"":null,""score"":60.0},""_score"":84.0},""liquidity"":{""L1_price"":{""value"":426.84,""score"":100.0},""L2_dollar_vol"":{""value"":569579337.52643,""score"":100.0},""L3_spread_proxy"":{""value"":0.027363883422359684,""score"":72.63611657764031},""L4_volume_zscore"":{""value"":-1.9200233947637326,""score"":100.0},""_score"":97.26},""pattern_structure"":{""left_low"":407.19,""left_idx"":11,""right_low"":399.91,""right_idx"":59,""separation_bars"":48,""structural_low"":399.91,""current_price"":427.81,""neckline_distance_pct"":0.013300296860755938,""base_bars"":48},""pattern_geometry_features"":{""low_similarity_pct"":0.018039895923677295,""bounce_pct"":0.08399389862719105,""right_bottom_reaction"":0.50893362037322,""atr_pct"":0.04371465721514922},""_schema_version"":""1.0""}",,,,,,,,,,
20260604T164444Z-6b270e,2026-06-04T16:44:44.043038+00:00,MRVL,double_bottom,breakout_confirmed,57.23,100.0,77.1,0.4,33.6,42.6,17.5,28.9,84.0,90.0,15.0,19.27,0.03,4.71,5.54,1.4,1.73,5.04,4.5,False,,313.215,218.2599,185.4656,248.2298,"{""trend"":{""T1_ema_stack"":{""value"":[true,true,true],""score"":100.0},""T2_ema50_slope"":{""value"":0.6790133886498456,""score"":100},""T3_high_proximity"":{""value"":1.0,""score"":99.99999999999997},""T4_rs_1m"":{""value"":0.810812074431257,""score"":100},""T5_rs_3m"":{""value"":3.0282563714620405,""score"":100},""T6_adr_healthy"":{""value"":7.976694768046315,""score"":100.0},""_score"":100.0},""geometry"":{""sub_low_similarity"":28.7,""sub_bounce_quality"":100,""sub_separation_fit"":93.3,""sub_right_bottom_reaction"":96.5,""sub_base_context"":100.0,""_score"":77.08},""compression"":{""VC1_atr_ratio"":{""value"":1.242134485583742,""score"":0},""VC2_range_contraction"":{""value"":1.3347518937729468,""score"":0},""VC3_range_pct_rank"":{""score"":1.6666666666666718},""_score"":0.42},""sr_quality"":{""SR1_touches"":{""value"":2,""score"":25.0},""SR2_tightness"":{""value"":2.480000000000004,""score"":78.07131118653655},""SR3_recency"":{""value"":245,""score"":0.0},""SR4_price_location"":{""score"":30.0},""SR5_reaction"":{""value"":0.9246656064431953,""score"":46.233280322159764},""_score"":33.65,""_levels_found"":4,""_target_level"":173.32},""volume"":{""V1_rvol_day"":{""value"":1.3315297830466606,""score"":55.435318869777376},""V2_rvol_sameslot"":{""value"":3.3083080259514874,""score"":100,""status"":""ok""},""V3_breakout_bar"":{""value"":0.8411474554552333,""score"":22.743163697015554},""V4_base_dryup"":{""value"":1.3717778929733802,""score"":12.822210702661991},""V5_bo_expansion"":{""value"":1.3315297830466604,""score"":22.101985536444026},""_score"":42.65},""readiness"":{""_distance_atr"":-4.198,""BR1_atr_distance"":{""score"":0},""BR2_compression"":{""score"":0},""BR3_retest"":{""score"":50.0},""BR4_bo_age"":{""score"":50.0},""_score"":17.5},""risk"":{""R1_stop_clarity"":{""score"":75.02649506036065},""R2_stop_distance_pct"":{""value"":40.78647255080376,""score"":0.0},""R3_stop_distance_atr"":{""value"":5.6479349642585115,""score"":17.603251787074427},""R4_rr_potential"":{""value"":-0.5086929992207396,""score"":0.0},""_score"":28.9},""market"":{""M1_spy_regime"":{""score"":100.0},""M3_earnings_risk"":{""value"":null,""score"":80.0},""M4_vix"":{""value"":null,""score"":60.0},""_score"":84.0},""liquidity"":{""L1_price"":{""value"":313.215,""score"":100.0},""L2_dollar_vol"":{""value"":16592544708.638512,""score"":100.0},""L3_spread_proxy"":{""value"":0.12068387529332891,""score"":0},""L4_volume_zscore"":{""value"":0.4765026262064993,""score"":100.0},""_score"":90.0},""pattern_structure"":{""left_low"":188.29,""left_idx"":28,""right_low"":195.12,""right_idx"":59,""separation_bars"":31,""structural_low"":188.29,""current_price"":314.9901,""neckline_distance_pct"":-0.30708965138904365,""base_bars"":31},""pattern_geometry_features"":{""low_similarity_pct"":0.035627657077280266,""bounce_pct"":0.15916883530723883,""right_bottom_reaction"":0.9646637581909523,""atr_pct"":0.07221484101518581},""_schema_version"":""1.0""}",,,,,,,,,,
20260604T164444Z-6b270e,2026-06-04T16:44:44.043038+00:00,NVT,double_bottom,forming,57.21,88.0,64.2,43.1,42.5,11.4,49.2,56.8,84.0,93.5,13.21,16.06,3.45,5.96,1.48,3.93,3.41,5.04,4.68,False,,175.675,178.0,161.2346,192.31,"{""trend"":{""T1_ema_stack"":{""value"":[true,true,true],""score"":100.0},""T2_ema50_slope"":{""value"":0.5500670052095327,""score"":100},""T3_high_proximity"":{""value"":0.9959464822268838,""score"":97.97324111344186},""T4_rs_1m"":{""value"":-0.00829552645810372,""score"":41.70447354189628},""T5_rs_3m"":{""value"":0.4786803220053082,""score"":100},""T6_adr_healthy"":{""value"":3.88344348346228,""score"":100.0},""_score"":88.04},""geometry"":{""sub_low_similarity"":16.6,""sub_bounce_quality"":82.0,""sub_separation_fit"":53.3,""sub_right_bottom_reaction"":99.1,""sub_base_context"":100.0,""_score"":64.24},""compression"":{""VC1_atr_ratio"":{""value"":0.38811344256710184,""score"":100},""VC2_range_contraction"":{""value"":1.002721373844078,""score"":0},""VC3_range_pct_rank"":{""score"":12.5},""_score"":43.12},""sr_quality"":{""SR1_touches"":{""value"":2,""score"":25.0},""SR2_tightness"":{""value"":0.6103999999999985,""score"":83.58886118149988},""SR3_recency"":{""value"":251,""score"":0.0},""SR4_price_location"":{""score"":30.0},""SR5_reaction"":{""value"":2.938007891004657,""score"":100},""_score"":42.54,""_levels_found"":6,""_target_level"":135.3054},""volume"":{""V1_rvol_day"":{""value"":0.2955632189730912,""score"":0},""V2_rvol_sameslot"":{""value"":0.4586586535076058,""score"":0,""status"":""ok""},""V3_breakout_bar"":{""value"":0.42305741565375826,""score"":0},""V4_base_dryup"":{""value"":0.9320786392387947,""score"":56.79213607612053},""V5_bo_expansion"":{""value"":0.2955632189730913,""score"":0},""_score"":11.36},""readiness"":{""_distance_atr"":0.313,""BR1_atr_distance"":{""score"":79.16344596274973},""BR2_compression"":{""score"":0},""BR3_retest"":{""score"":50.0},""BR4_bo_age"":{""score"":50.0},""_score"":49.17},""risk"":{""R1_stop_clarity"":{""score"":33.985763928564},""R2_stop_distance_pct"":{""value"":8.219923153550605,""score"":94.50192116123488},""R3_stop_distance_atr"":{""value"":1.9412073102697347,""score"":100.0},""R4_rr_potential"":{""value"":1.151980388286985,""score"":7.59901941434925},""_score"":56.77},""market"":{""M1_spy_regime"":{""score"":100.0},""M3_earnings_risk"":{""value"":null,""score"":80.0},""M4_vix"":{""value"":null,""score"":60.0},""_score"":84.0},""liquidity"":{""L1_price"":{""value"":175.675,""score"":100.0},""L2_dollar_vol"":{""value"":93910938.52449067,""score"":98.63580904043539},""L3_spread_proxy"":{""value"":0.059086381101465746,""score"":40.91361889853425},""L4_volume_zscore"":{""value"":-2.6304883832593324,""score"":100.0},""_score"":93.55},""pattern_structure"":{""left_low"":163.69,""left_idx"":34,""right_low"":170.66,""right_idx"":71,""separation_bars"":37,""structural_low"":163.69,""current_price"":175.675,""neckline_distance_pct"":0.013234666287177963,""base_bars"":37},""pattern_geometry_features"":{""low_similarity_pct"":0.04169283684761477,""bounce_pct"":0.08742134522573158,""right_bottom_reaction"":0.990636704119848,""atr_pct"":0.042344385939945946},""_schema_version"":""1.0""}",,,,,,,,,,
20260604T164444Z-6b270e,2026-06-04T16:44:44.043038+00:00,VSH,bull_flag,forming,57.18,100.0,70.2,0.2,29.7,23.8,53.9,47.1,84.0,90.0,14.0,21.05,0.02,2.97,3.33,4.85,1.41,5.04,4.5,False,,65.45,66.07,56.145,84.1099,"{""trend"":{""T1_ema_stack"":{""value"":[true,true,true],""score"":100.0},""T2_ema50_slope"":{""value"":0.9750340515169539,""score"":100},""T3_high_proximity"":{""value"":1.0,""score"":99.99999999999997},""T4_rs_1m"":{""value"":0.9942993775024804,""score"":100},""T5_rs_3m"":{""value"":2.710362620590396,""score"":100},""T6_adr_healthy"":{""value"":7.674515772001856,""score"":100.0},""_score"":100.0},""geometry"":{""sub_pole_impulse"":100.0,""sub_flag_tightness"":39.2,""sub_flag_shallowness"":26.9,""sub_flag_drift"":100,""sub_flag_duration"":100.0,""_score"":70.18},""compression"":{""VC1_atr_ratio"":{""value"":1.2496471860764127,""score"":0},""VC2_range_contraction"":{""value"":1.6855819385814763,""score"":0},""VC3_range_pct_rank"":{""score"":0.8333333333333304},""_score"":0.21},""sr_quality"":{""SR1_touches"":{""value"":2,""score"":25.0},""SR2_tightness"":{""value"":1.1150000000000002,""score"":51.872828342310285},""SR3_recency"":{""value"":251,""score"":0.0},""SR4_price_location"":{""score"":30.0},""SR5_reaction"":{""value"":0.9247754733327377,""score"":46.23877366663688},""_score"":29.72,""_levels_found"":3,""_target_level"":27.365},""volume"":{""V1_rvol_day"":{""value"":0.9283728607040236,""score"":28.558190713601572},""V2_rvol_sameslot"":{""value"":1.5149140190152954,""score"":67.66093460101969,""status"":""ok""},""V3_breakout_bar"":{""value"":0.5820134196168228,""score"":5.46756130778819},""V4_base_dryup"":{""value"":1.3425392923502946,""score"":15.74607076497054},""V5_bo_expansion"":{""value"":0.9283728607040236,""score"":0},""_score"":23.76},""readiness"":{""_distance_atr"":0.134,""BR1_atr_distance"":{""score"":91.07956758512192},""BR2_compression"":{""score"":0},""BR3_retest"":{""score"":50.0},""BR4_bo_age"":{""score"":50.0},""_score"":53.93},""risk"":{""R1_stop_clarity"":{""score"":63.09530783199561},""R2_stop_distance_pct"":{""value"":14.216959511077167,""score"":0.0},""R3_stop_distance_atr"":{""value"":2.0081763779139155,""score"":100.0},""R4_rr_potential"":{""value"":2.0053627082213827,""score"":50.26813541106914},""_score"":47.14},""market"":{""M1_spy_regime"":{""score"":100.0},""M3_earnings_risk"":{""value"":null,""score"":80.0},""M4_vix"":{""value"":null,""score"":60.0},""_score"":84.0},""liquidity"":{""L1_price"":{""value"":65.45,""score"":100.0},""L2_dollar_vol"":{""value"":457088955.5696965,""score"":100.0},""L3_spread_proxy"":{""value"":0.13292436974789915,""score"":0},""L4_volume_zscore"":{""value"":-0.20803600935965266,""score"":100.0},""_score"":90.0},""pattern_structure"":{""pole_low"":48.0301,""pole_low_idx"":27,""peak_price"":66.07,""peak_idx"":52,""pole_gain"":0.37559572018380133,""flag_bars"":7,""flag_low"":57.0,""flag_high"":66.0525,""structural_low"":57.0,""current_price"":65.475,""neckline_distance_pct"":0.009087437953417318,""base_bars"":7},""pattern_geometry_features"":{""pole_gain"":0.37559572018380133,""pullback_pct"":0.1372786438625699,""flag_range_pct"":0.13701377327077335,""flag_drift_per_bar"":0.0010554737358860996,""atr_pct"":0.07079537269453236,""pole_atr_multiple"":5.305371041754671},""_schema_version"":""1.0""}",,,,,,,,,,
20260604T164444Z-6b270e,2026-06-04T16:44:44.043038+00:00,MU,breakout_retest_hold,setup,57.09,95.4,51.0,24.6,55.1,18.6,63.1,64.4,84.0,70.4,13.35,11.23,1.47,7.72,2.42,11.37,3.22,4.2,2.11,False,,1012.91,981.0,961.9632,999.64,"{""trend"":{""T1_ema_stack"":{""value"":[true,true,true],""score"":100.0},""T2_ema50_slope"":{""value"":1.064879252817208,""score"":100},""T3_high_proximity"":{""value"":0.9382531934010764,""score"":69.12659670053817},""T4_rs_1m"":{""value"":0.5369006300909467,""score"":100},""T5_rs_3m"":{""value"":1.4406696506992698,""score"":100},""T6_adr_healthy"":{""value"":6.4926226939036376,""score"":100.0},""_score"":95.37},""geometry"":{""sub_retest_depth"":100.0,""sub_retest_timing"":0.0,""sub_retest_freshness"":100.0,""sub_hold_quality"":3.5,""_score"":51.05},""compression"":{""VC1_atr_ratio"":{""value"":1.0221952787750146,""score"":0},""VC2_range_contraction"":{""value"":0.8322439144338385,""score"":27.959347594360253},""VC3_range_pct_rank"":{""score"":59.166666666666664},""_score"":24.58},""sr_quality"":{""SR1_touches"":{""value"":5,""score"":100},""SR2_tightness"":{""value"":13.824114857798305,""score"":59.56842341137626},""SR3_recency"":{""value"":257,""score"":0.0},""SR4_price_location"":{""score"":30.0},""SR5_reaction"":{""value"":1.1564841056962247,""score"":57.824205284811235},""_score"":55.11,""_levels_found"":2,""_target_level"":447.68},""volume"":{""V1_rvol_day"":{""value"":0.6134526048136981,""score"":7.563506987579875},""V2_rvol_sameslot"":{""value"":0.870770081632874,""score"":24.718005442191597,""status"":""ok""},""V3_breakout_bar"":{""value"":0.7860302933314303,""score"":19.06868622209535},""V4_base_dryup"":{""value"":1.131288534409493,""score"":36.87114655905071},""V5_bo_expansion"":{""value"":0.6134526048136982,""score"":0},""_score"":18.6},""readiness"":{""_distance_atr"":-0.467,""BR1_atr_distance"":{""score"":100.0},""BR2_compression"":{""score"":0},""BR3_retest"":{""score"":93.18541733626066},""BR4_bo_age"":{""score"":30.0},""_score"":63.14},""risk"":{""R1_stop_clarity"":{""score"":71.58114299269428},""R2_stop_distance_pct"":{""value"":5.029745979405876,""score"":100.0},""R3_stop_distance_atr"":{""value"":0.7450239915300304,""score"":62.25119957650151},""R4_rr_potential"":{""value"":-0.26046778207855753,""score"":0.0},""_score"":64.39},""market"":{""M1_spy_regime"":{""score"":100.0},""M3_earnings_risk"":{""value"":null,""score"":80.0},""M4_vix"":{""value"":null,""score"":60.0},""_score"":84.0},""liquidity"":{""L1_price"":{""value"":1012.91,""score"":0.0},""L2_dollar_vol"":{""value"":33502267160.927437,""score"":100.0},""L3_spread_proxy"":{""value"":0.045561797198171695,""score"":54.438202801828304},""L4_volume_zscore"":{""value"":-1.598137011084624,""score"":100.0},""_score"":70.44},""pattern_structure"":{""level"":981.0,""level_idx"":53,""breakout_idx"":59,""bo_peak_idx"":71,""bo_peak_price"":1088.71,""retest_idx"":77,""retest_low"":971.68,""structural_low"":971.68,""current_price"":1017.7199,""neckline_distance_pct"":-0.03608055615302408,""base_bars"":26,""bars_since_breakout"":20},""pattern_geometry_features"":{""retest_depth_atr"":0.4498305206284965,""bars_breakout_to_retest"":18.0,""bars_since_retest"":2.0,""current_above_level_atr"":1.7722888127066807,""bo_peak_excess_pct"":0.10979612640163103,""atr_pct"":0.0675111947613453},""_schema_version"":""1.0""}",,,,,,,,,,
20260604T164444Z-6b270e,2026-06-04T16:44:44.043038+00:00,ARM,double_bottom,forming,56.91,95.9,66.5,6.9,44.6,17.4,27.5,82.0,84.0,93.7,14.39,16.63,0.55,6.25,2.26,2.2,4.92,5.04,4.69,False,,390.18,427.99,368.2816,482.09,"{""trend"":{""T1_ema_stack"":{""value"":[true,true,true],""score"":100.0},""T2_ema50_slope"":{""value"":0.9237742677903208,""score"":100},""T3_high_proximity"":{""value"":0.9474297647087391,""score"":73.71488235436952},""T4_rs_1m"":{""value"":0.8230434307061301,""score"":100},""T5_rs_3m"":{""value"":2.1243673014071485,""score"":100},""T6_adr_healthy"":{""value"":8.107160317392028,""score"":97.3209920651993},""_score"":95.92},""geometry"":{""sub_low_similarity"":26.4,""sub_bounce_quality"":100,""sub_separation_fit"":73.3,""sub_right_bottom_reaction"":50.7,""sub_base_context"":100.0,""_score"":66.52},""compression"":{""VC1_atr_ratio"":{""value"":1.0590182036478184,""score"":0},""VC2_range_contraction"":{""value"":1.2718435362498182,""score"":0},""VC3_range_pct_rank"":{""score"":27.500000000000004},""_score"":6.88},""sr_quality"":{""SR1_touches"":{""value"":3,""score"":50.0},""SR2_tightness"":{""value"":4.730337079837849,""score"":71.83735247548282},""SR3_recency"":{""value"":239,""score"":0.0},""SR4_price_location"":{""score"":30.0},""SR5_reaction"":{""value"":1.5122204507828803,""score"":75.61102253914402},""_score"":44.62,""_levels_found"":5,""_target_level"":235.2867},""volume"":{""V1_rvol_day"":{""value"":0.5923532223361594,""score"":6.156881489077293},""V2_rvol_sameslot"":{""value"":0.7726120501943219,""score"":18.17413667962146,""status"":""ok""},""V3_breakout_bar"":{""value"":0.5808355029863479,""score"":5.389033532423193},""V4_base_dryup"":{""value"":0.9427495642598388,""score"":55.72504357401612},""V5_bo_expansion"":{""value"":0.5923532223361593,""score"":0},""_score"":17.36},""readiness"":{""_distance_atr"":1.126,""BR1_atr_distance"":{""score"":24.964494430314048},""BR2_compression"":{""score"":0},""BR3_retest"":{""score"":50.0},""BR4_bo_age"":{""score"":50.0},""_score"":27.49},""risk"":{""R1_stop_clarity"":{""score"":66.60999383799917},""R2_stop_distance_pct"":{""value"":5.612371213286189,""score"":100.0},""R3_stop_distance_atr"":{""value"":0.651872691110263,""score"":57.59363455551315},""R4_rr_potential"":{""value"":4.197119874328423,""score"":100.0},""_score"":81.95},""market"":{""M1_spy_regime"":{""score"":100.0},""M3_earnings_risk"":{""value"":null,""score"":80.0},""M4_vix"":{""value"":null,""score"":60.0},""_score"":84.0},""liquidity"":{""L1_price"":{""value"":390.18,""score"":100.0},""L2_dollar_vol"":{""value"":2938825060.3623037,""score"":100.0},""L3_spread_proxy"":{""value"":0.06274027371982166,""score"":37.25972628017834},""L4_volume_zscore"":{""value"":-1.1053770603648483,""score"":100.0},""_score"":93.73},""pattern_structure"":{""left_low"":387.903,""left_idx"":65,""right_low"":373.89,""right_idx"":71,""separation_bars"":6,""structural_low"":373.89,""current_price"":391.26,""neckline_distance_pct"":0.09387619485763947,""base_bars"":6},""pattern_geometry_features"":{""low_similarity_pct"":0.03678952156294435,""bounce_pct"":0.14469496375939453,""right_bottom_reaction"":0.5074529288702936,""atr_pct"":0.08609612413318396},""_schema_version"":""1.0""}",,,,,,,,,,
20260604T164444Z-6b270e,2026-06-04T16:44:44.043038+00:00,MOD,ascending_triangle,forming,56.82,95.2,55.0,44.8,38.0,27.4,39.4,49.9,84.0,95.5,14.28,15.4,3.58,5.32,3.28,3.15,2.0,5.04,4.77,False,,294.905,318.61,253.3814,379.98,"{""trend"":{""T1_ema_stack"":{""value"":[true,true,true],""score"":100.0},""T2_ema50_slope"":{""value"":0.40275819803503676,""score"":100},""T3_high_proximity"":{""value"":0.9609469190915311,""score"":80.47345954576551},""T4_rs_1m"":{""value"":0.04052951838478358,""score"":90.52951838478359},""T5_rs_3m"":{""value"":0.3297571509422623,""score"":100},""T6_adr_healthy"":{""value"":7.075760294779634,""score"":100.0},""_score"":95.18},""geometry"":{""sub_flat_top_quality"":33.3,""sub_hl_slope"":100,""sub_compression"":0,""sub_duration"":100.0,""_score"":54.99},""compression"":{""VC1_atr_ratio"":{""value"":0.7352043919434753,""score"":66.19890201413116},""VC2_range_contraction"":{""value"":1.378789684567152,""score"":0},""VC3_range_pct_rank"":{""score"":73.33333333333334},""_score"":44.81},""sr_quality"":{""SR1_touches"":{""value"":2,""score"":25.0},""SR2_tightness"":{""value"":3.3774999999999977,""score"":73.46408335482231},""SR3_recency"":{""value"":239,""score"":0.0},""SR4_price_location"":{""score"":30.0},""SR5_reaction"":{""value"":1.5985365822177082,""score"":79.92682911088541},""_score"":38.01,""_levels_found"":6,""_target_level"":290.6775},""volume"":{""V1_rvol_day"":{""value"":0.3995242060252196,""score"":0},""V2_rvol_sameslot"":{""value"":0.9009134127622015,""score"":26.727560850813433,""status"":""ok""},""V3_breakout_bar"":{""value"":0.9957354665203217,""score"":33.04903110135478},""V4_base_dryup"":{""value"":0.813000934205722,""score"":68.6999065794278},""V5_bo_expansion"":{""value"":0.39952420602521954,""score"":0},""_score"":27.35},""readiness"":{""_distance_atr"":0.931,""BR1_atr_distance"":{""score"":37.91918045162211},""BR2_compression"":{""score"":26.84851763313671},""BR3_retest"":{""score"":50.0},""BR4_bo_age"":{""score"":50.0},""_score"":39.38},""risk"":{""R1_stop_clarity"":{""score"":69.68423746348405},""R2_stop_distance_pct"":{""value"":14.080330954036032,""score"":0.0},""R3_stop_distance_atr"":{""value"":1.6311869554518141,""score"":100.0},""R4_rr_potential"":{""value"":2.0488348794420554,""score"":52.44174397210277},""_score"":49.88},""market"":{""M1_spy_regime"":{""score"":100.0},""M3_earnings_risk"":{""value"":null,""score"":80.0},""M4_vix"":{""value"":null,""score"":60.0},""_score"":84.0},""liquidity"":{""L1_price"":{""value"":294.905,""score"":100.0},""L2_dollar_vol"":{""value"":164502558.14849806,""score"":100.0},""L3_spread_proxy"":{""value"":0.04526881538122454,""score"":54.73118461877546},""L4_volume_zscore"":{""value"":-1.198837918281644,""score"":100.0},""_score"":95.47},""pattern_structure"":{""top"":318.61,""top_touches"":2,""low_slope_per_bar"":1.0191737884683418,""lowest_low"":257.24,""structural_low"":257.24,""current_price"":294.905,""neckline_distance_pct"":0.08038181787355264,""base_bars"":46},""pattern_geometry_features"":{""top_touches"":2.0,""low_slope"":1.0191737884683418,""compression"":-0.2973803989477337,""atr_pct"":0.08631954115974397},""_schema_version"":""1.0""}",,,,,,,,,,
20260604T164444Z-6b270e,2026-06-04T16:44:44.043038+00:00,CCJ,breakout_retest_hold,setup,56.76,33.7,78.0,67.7,40.2,8.8,78.1,57.3,84.0,97.8,4.72,17.15,4.06,5.63,1.14,14.05,2.86,4.2,2.94,False,,113.84,113.8,111.2751,116.6018,"{""trend"":{""T1_ema_stack"":{""value"":[true,false,true],""score"":66.66666666666666},""T2_ema50_slope"":{""value"":-0.16339954557106523,""score"":22.76674240482246},""T3_high_proximity"":{""value"":0.9001344192298569,""score"":50.067209614928444},""T4_rs_1m"":{""value"":-0.05069355392993635,""score"":0},""T5_rs_3m"":{""value"":-0.11392103332651249,""score"":0},""T6_adr_healthy"":{""value"":4.3891209346401245,""score"":100.0},""_score"":33.73},""geometry"":{""sub_retest_depth"":100.0,""sub_retest_timing"":0.0,""sub_retest_freshness"":100.0,""sub_hold_quality"":93.2,""_score"":77.96},""compression"":{""VC1_atr_ratio"":{""value"":0.48123690632147686,""score"":100},""VC2_range_contraction"":{""value"":0.9387026257992929,""score"":10.216229033451189},""VC3_range_pct_rank"":{""score"":96.66666666666667},""_score"":67.74},""sr_quality"":{""SR1_touches"":{""value"":3,""score"":50.0},""SR2_tightness"":{""value"":1.0735130284361822,""score"":55.8021120913927},""SR3_recency"":{""value"":265,""score"":0.0},""SR4_price_location"":{""score"":7.4648705394760775},""SR5_reaction"":{""value"":2.6147869534147157,""score"":100},""_score"":40.24,""_levels_found"":5,""_target_level"":121.2853},""volume"":{""V1_rvol_day"":{""value"":0.3323826689035068,""score"":0},""V2_rvol_sameslot"":{""value"":0.5253441644164349,""score"":1.6896109610956629,""status"":""ok""},""V3_breakout_bar"":{""value"":0.3505460239746035,""score"":0},""V4_base_dryup"":{""value"":1.07952324683985,""score"":42.04767531601501},""V5_bo_expansion"":{""value"":0.33238266890350676,""score"":0},""_score"":8.75},""readiness"":{""_distance_atr"":-0.008,""BR1_atr_distance"":{""score"":100.0},""BR2_compression"":{""score"":65.87474320185555},""BR3_retest"":{""score"":85.58079419367557},""BR4_bo_age"":{""score"":30.0},""_score"":78.08},""risk"":{""R1_stop_clarity"":{""score"":53.72387021641364},""R2_stop_distance_pct"":{""value"":2.2530665846802553,""score"":100.0},""R3_stop_distance_atr"":{""value"":0.5279990177712827,""score"":51.39995088856413},""R4_rr_potential"":{""value"":1.0767709037148077,""score"":3.838545185740383},""_score"":57.28},""market"":{""M1_spy_regime"":{""score"":100.0},""M3_earnings_risk"":{""value"":null,""score"":80.0},""M4_vix"":{""value"":null,""score"":60.0},""_score"":84.0},""liquidity"":{""L1_price"":{""value"":113.84,""score"":100.0},""L2_dollar_vol"":{""value"":113930739.42486417,""score"":100.0},""L3_spread_proxy"":{""value"":0.02152933942375255,""score"":78.47066057624745},""L4_volume_zscore"":{""value"":-2.5822111155215453,""score"":100.0},""_score"":97.85},""pattern_structure"":{""level"":113.8,""level_idx"":56,""breakout_idx"":65,""bo_peak_idx"":67,""bo_peak_price"":122.3,""retest_idx"":78,""retest_low"":112.3991,""structural_low"":112.3991,""current_price"":114.11,""neckline_distance_pct"":-0.002716676890719501,""base_bars"":23,""bars_since_breakout"":14},""pattern_geometry_features"":{""retest_depth_atr"":0.6587554833032128,""bars_breakout_to_retest"":13.0,""bars_since_retest"":1.0,""current_above_level_atr"":0.14577357400528124,""bo_peak_excess_pct"":0.07469244288224956,""atr_pct"":0.042671795000501944},""_schema_version"":""1.0""}",,,,,,,,,,
20260604T164444Z-6b270e,2026-06-04T16:44:44.043038+00:00,NNE,breakout_retest_hold,retest_hold,56.73,52.5,63.7,57.4,48.0,5.8,80.2,64.0,84.0,86.8,7.35,14.02,3.44,6.72,0.75,14.43,3.2,4.2,2.6,False,,25.3684,24.9401,24.7698,24.7803,"{""trend"":{""T1_ema_stack"":{""value"":[false,true,false],""score"":33.33333333333333},""T2_ema50_slope"":{""value"":0.24862810067411883,""score"":91.43801677901982},""T3_high_proximity"":{""value"":0.8298462544978737,""score"":14.92312724893685},""T4_rs_1m"":{""value"":0.06883824922264958,""score"":100},""T5_rs_3m"":{""value"":-0.11830387210926852,""score"":0},""T6_adr_healthy"":{""value"":9.064997645696799,""score"":73.37505885758003},""_score"":52.53},""geometry"":{""sub_retest_depth"":45.8,""sub_retest_timing"":0.0,""sub_retest_freshness"":100.0,""sub_hold_quality"":100.0,""_score"":63.74},""compression"":{""VC1_atr_ratio"":{""value"":0.6738034945761389,""score"":81.54912635596529},""VC2_range_contraction"":{""value"":1.0918902236185395,""score"":0},""VC3_range_pct_rank"":{""score"":99.16666666666667},""_score"":57.41},""sr_quality"":{""SR1_touches"":{""value"":2,""score"":25.0},""SR2_tightness"":{""value"":0.2550000000000008,""score"":81.58341372319401},""SR3_recency"":{""value"":299,""score"":0.0},""SR4_price_location"":{""score"":74.87224297939015},""SR5_reaction"":{""value"":1.2693000149602522,""score"":63.46500074801261},""_score"":47.98,""_levels_found"":6,""_target_level"":26.295},""volume"":{""V1_rvol_day"":{""value"":0.458217013554582,""score"":0},""V2_rvol_sameslot"":{""value"":0.6172793210336829,""score"":7.818621402245525,""status"":""ok""},""V3_breakout_bar"":{""value"":0.2971893297923835,""score"":0},""V4_base_dryup"":{""value"":1.2909012828715858,""score"":20.909871712841422},""V5_bo_expansion"":{""value"":0.45821701355458205,""score"":0},""_score"":5.75},""readiness"":{""_distance_atr"":-0.155,""BR1_atr_distance"":{""score"":100.0},""BR2_compression"":{""score"":62.77089878164382},""BR3_retest"":{""score"":100},""BR4_bo_age"":{""score"":30.0},""_score"":80.19},""risk"":{""R1_stop_clarity"":{""score"":81.93007887663985},""R2_stop_distance_pct"":{""value"":2.3596285142145392,""score"":100.0},""R3_stop_distance_atr"":{""value"":0.21616016755482456,""score"":35.80800837774123},""R4_rr_potential"":{""value"":-0.9824590711660476,""score"":0.0},""_score"":64.05},""market"":{""M1_spy_regime"":{""score"":100.0},""M3_earnings_risk"":{""value"":null,""score"":80.0},""M4_vix"":{""value"":null,""score"":60.0},""_score"":84.0},""liquidity"":{""L1_price"":{""value"":25.3684,""score"":100.0},""L2_dollar_vol"":{""value"":32576080.537311096,""score"":75.64494150105587},""L3_spread_proxy"":{""value"":0.03504359754655395,""score"":64.95640245344605},""L4_volume_zscore"":{""value"":-1.2098083816010685,""score"":100.0},""_score"":86.75},""pattern_structure"":{""level"":24.9401,""level_idx"":20,""breakout_idx"":29,""bo_peak_idx"":66,""bo_peak_price"":31.59,""retest_idx"":77,""retest_low"":25.02,""structural_low"":25.02,""current_price"":25.4,""neckline_distance_pct"":-0.01810629921259833,""base_bars"":59,""bars_since_breakout"":50},""pattern_geometry_features"":{""retest_depth_atr"":-0.07956073031430114,""bars_breakout_to_retest"":48.0,""bars_since_retest"":2.0,""current_above_level_atr"":0.45794718237231,""bo_peak_excess_pct"":0.26663485711765383,""atr_pct"":0.10916111607917162},""_schema_version"":""1.0""}",,,,,,,,,,
20260604T164444Z-6b270e,2026-06-04T16:44:44.043038+00:00,ASML,cup_with_handle,setup,56.69,99.9,63.3,43.8,39.5,37.7,24.3,18.3,84.0,70.8,13.98,18.98,3.5,4.73,4.9,1.94,0.92,4.2,3.54,False,,1740.255,1603.49,1419.6909,1902.6,"{""trend"":{""T1_ema_stack"":{""value"":[true,true,true],""score"":100.0},""T2_ema50_slope"":{""value"":0.2956678754999633,""score"":99.27797924999388},""T3_high_proximity"":{""value"":1.0,""score"":99.99999999999997},""T4_rs_1m"":{""value"":0.16078797083885044,""score"":100},""T5_rs_3m"":{""value"":0.1613619159489621,""score"":100},""T6_adr_healthy"":{""value"":3.4631367560740123,""score"":100.0},""_score"":99.86},""geometry"":{""sub_cup_depth"":100.0,""sub_cup_duration"":100.0,""sub_rim_symmetry"":27.3,""sub_handle_shallowness"":15.7,""sub_handle_proportion"":71.2,""sub_u_shape"":83.6,""_score"":63.26},""compression"":{""VC1_atr_ratio"":{""value"":0.3987543994949257,""score"":100},""VC2_range_contraction"":{""value"":1.0027073560198865,""score"":0},""VC3_range_pct_rank"":{""score"":15.000000000000002},""_score"":43.75},""sr_quality"":{""SR1_touches"":{""value"":2,""score"":25.0},""SR2_tightness"":{""value"":11.745000000000005,""score"":63.01637733686426},""SR3_recency"":{""value"":230,""score"":0.0},""SR4_price_location"":{""score"":30.0},""SR5_reaction"":{""value"":2.5813702676235075,""score"":100},""_score"":39.45,""_levels_found"":5,""_target_level"":1591.745},""volume"":{""V1_rvol_day"":{""value"":0.8177388243483577,""score"":21.18258828989051},""V2_rvol_sameslot"":{""value"":1.4250811520307636,""score"":61.6720768020509,""status"":""ok""},""V3_breakout_bar"":{""value"":1.0147588239787138,""score"":34.31725493191425},""V4_base_dryup"":{""value"":0.8709678885727355,""score"":62.90321114272645},""V5_bo_expansion"":{""value"":0.8177388243483577,""score"":0},""_score"":37.73},""readiness"":{""_distance_atr"":-2.153,""BR1_atr_distance"":{""score"":16.934311166251497},""BR2_compression"":{""score"":0},""BR3_retest"":{""score"":50.0},""BR4_bo_age"":{""score"":50.0},""_score"":24.27},""risk"":{""R1_stop_clarity"":{""score"":31.922238351497256},""R2_stop_distance_pct"":{""value"":18.420522222317995,""score"":0.0},""R3_stop_distance_atr"":{""value"":5.0470924637799826,""score"":47.64537681100087},""R4_rr_potential"":{""value"":0.5064354391644386,""score"":0.0},""_score"":18.32},""market"":{""M1_spy_regime"":{""score"":100.0},""M3_earnings_risk"":{""value"":null,""score"":80.0},""M4_vix"":{""value"":null,""score"":60.0},""_score"":84.0},""liquidity"":{""L1_price"":{""value"":1740.255,""score"":0.0},""L2_dollar_vol"":{""value"":2241446331.179874,""score"":100.0},""L3_spread_proxy"":{""value"":0.042120263984301125,""score"":57.879736015698874},""L4_volume_zscore"":{""value"":-0.8253682633464351,""score"":100.0},""_score"":70.79},""pattern_structure"":{""left_rim"":1547.22,""left_rim_idx"":110,""cup_bottom"":1248.11,""cup_bottom_idx"":133,""right_rim"":1603.49,""right_rim_idx"":165,""handle_low"":1441.3106,""handle_bars"":14,""cup_bars"":55,""structural_low"":1441.3106,""current_price"":1740.255,""neckline_distance_pct"":-0.0785890573507906,""base_bars"":69},""pattern_geometry_features"":{""cup_depth_pct"":0.19332092397978318,""rim_symmetry_pct"":0.03636845438916249,""handle_depth_pct"":0.10114151008113552,""handle_to_cup_ratio"":0.2545454545454545,""cup_duration_bars"":55.0,""atr_pct"":0.036497294936661574,""u_shape_score"":0.41818181818181815},""_schema_version"":""1.0""}",,,,,,,,,,
20260604T164444Z-6b270e,2026-06-04T16:44:44.043038+00:00,IONQ,ascending_triangle,forming,56.54,92.6,55.0,58.3,43.3,18.9,26.4,59.6,84.0,94.5,13.89,15.4,4.66,6.06,2.27,2.11,2.38,5.04,4.73,False,,66.43,73.65,58.8143,87.59,"{""trend"":{""T1_ema_stack"":{""value"":[true,true,true],""score"":100.0},""T2_ema50_slope"":{""value"":0.8899877064558177,""score"":100},""T3_high_proximity"":{""value"":0.9217427501040657,""score"":60.871375052032825},""T4_rs_1m"":{""value"":0.33868151887570175,""score"":100},""T5_rs_3m"":{""value"":0.7338335599044501,""score"":100},""T6_adr_healthy"":{""value"":9.196680764060456,""score"":70.08298089848859},""_score"":92.63},""geometry"":{""sub_flat_top_quality"":33.3,""sub_hl_slope"":100,""sub_compression"":0,""sub_duration"":100.0,""_score"":54.99},""compression"":{""VC1_atr_ratio"":{""value"":0.6137907461399734,""score"":96.55231346500665},""VC2_range_contraction"":{""value"":0.9991216402716121,""score"":0.14639328806465013},""VC3_range_pct_rank"":{""score"":78.33333333333333},""_score"":58.26},""sr_quality"":{""SR1_touches"":{""value"":3,""score"":50.0},""SR2_tightness"":{""value"":1.219633183470434,""score"":56.54648146222294},""SR3_recency"":{""value"":319,""score"":0.0},""SR4_price_location"":{""score"":30.0},""SR5_reaction"":{""value"":1.6404717702582168,""score"":82.02358851291083},""_score"":43.29,""_levels_found"":5,""_target_level"":54.1521},""volume"":{""V1_rvol_day"":{""value"":0.5397596651263529,""score"":2.650644341756858},""V2_rvol_sameslot"":{""value"":1.0480138615364025,""score"":36.53425743576017,""status"":""ok""},""V3_breakout_bar"":{""value"":0.8061465742239257,""score"":20.409771614928378},""V4_base_dryup"":{""value"":1.2009343130867232,""score"":29.906568691327678},""V5_bo_expansion"":{""value"":0.5397596651263529,""score"":0},""_score"":18.92},""readiness"":{""_distance_atr"":1.286,""BR1_atr_distance"":{""score"":14.254436471894124},""BR2_compression"":{""score"":12.890667865201488},""BR3_retest"":{""score"":50.0},""BR4_bo_age"":{""score"":50.0},""_score"":26.42},""risk"":{""R1_stop_clarity"":{""score"":68.08946787786081},""R2_stop_distance_pct"":{""value"":11.464172813487895,""score"":13.395679662802618},""R3_stop_distance_atr"":{""value"":1.356665237291178,""score"":92.8332618645589},""R4_rr_potential"":{""value"":2.7784890324529057,""score"":88.92445162264528},""_score"":59.56},""market"":{""M1_spy_regime"":{""score"":100.0},""M3_earnings_risk"":{""value"":null,""score"":80.0},""M4_vix"":{""value"":null,""score"":60.0},""_score"":84.0},""liquidity"":{""L1_price"":{""value"":66.43,""score"":100.0},""L2_dollar_vol"":{""value"":1213816634.976432,""score"":100.0},""L3_spread_proxy"":{""value"":0.055006774047869925,""score"":44.993225952130075},""L4_volume_zscore"":{""value"":-1.1896658117929333,""score"":100.0},""_score"":94.5},""pattern_structure"":{""top"":73.65,""top_touches"":2,""low_slope_per_bar"":0.33551132884262036,""lowest_low"":59.71,""structural_low"":59.71,""current_price"":66.95,""neckline_distance_pct"":0.10007468259895448,""base_bars"":31},""pattern_geometry_features"":{""top_touches"":2.0,""low_slope"":0.33551132884262036,""compression"":-0.19525226094656345,""atr_pct"":0.08450259134212167},""_schema_version"":""1.0""}",,,,,,,,,,
20260604T164444Z-6b270e,2026-06-04T16:44:44.043038+00:00,ARM,bull_flag,forming,56.37,95.9,71.8,6.9,44.6,11.5,27.5,83.5,84.0,93.7,13.43,21.54,0.62,4.46,1.61,2.47,2.51,5.04,4.69,False,,390.18,427.99,362.0072,555.1,"{""trend"":{""T1_ema_stack"":{""value"":[true,true,true],""score"":100.0},""T2_ema50_slope"":{""value"":0.9237742677903208,""score"":100},""T3_high_proximity"":{""value"":0.9474297647087391,""score"":73.71488235436952},""T4_rs_1m"":{""value"":0.8230434307061301,""score"":100},""T5_rs_3m"":{""value"":2.1243673014071485,""score"":100},""T6_adr_healthy"":{""value"":8.107160317392028,""score"":97.3209920651993},""_score"":95.92},""geometry"":{""sub_pole_impulse"":97.7,""sub_flag_tightness"":53.9,""sub_flag_shallowness"":33.1,""sub_flag_drift"":82.7,""sub_flag_duration"":100.0,""_score"":71.81},""compression"":{""VC1_atr_ratio"":{""value"":1.0590182036478184,""score"":0},""VC2_range_contraction"":{""value"":1.2718435362498182,""score"":0},""VC3_range_pct_rank"":{""score"":27.500000000000004},""_score"":6.88},""sr_quality"":{""SR1_touches"":{""value"":3,""score"":50.0},""SR2_tightness"":{""value"":4.730337079837849,""score"":71.83735247548282},""SR3_recency"":{""value"":239,""score"":0.0},""SR4_price_location"":{""score"":30.0},""SR5_reaction"":{""value"":1.5122204507828803,""score"":75.61102253914402},""_score"":44.62,""_levels_found"":5,""_target_level"":235.2867},""volume"":{""V1_rvol_day"":{""value"":0.5923532223361594,""score"":6.156881489077293},""V2_rvol_sameslot"":{""value"":0.7726120501943219,""score"":18.17413667962146,""status"":""ok""},""V3_breakout_bar"":{""value"":0.5808355029863479,""score"":5.389033532423193},""V4_base_dryup"":{""value"":1.2358498546486434,""score"":26.41501453513567},""V5_bo_expansion"":{""value"":0.5923532223361593,""score"":0},""_score"":11.5},""readiness"":{""_distance_atr"":1.126,""BR1_atr_distance"":{""score"":24.964494430314048},""BR2_compression"":{""score"":0},""BR3_retest"":{""score"":50.0},""BR4_bo_age"":{""score"":50.0},""_score"":27.49},""risk"":{""R1_stop_clarity"":{""score"":67.17886259418935},""R2_stop_distance_pct"":{""value"":7.2204623507099415,""score"":100.0},""R3_stop_distance_atr"":{""value"":0.8386512660593701,""score"":66.9325633029685},""R4_rr_potential"":{""value"":5.853873239436609,""score"":100.0},""_score"":83.55},""market"":{""M1_spy_regime"":{""score"":100.0},""M3_earnings_risk"":{""value"":null,""score"":80.0},""M4_vix"":{""value"":null,""score"":60.0},""_score"":84.0},""liquidity"":{""L1_price"":{""value"":390.18,""score"":100.0},""L2_dollar_vol"":{""value"":2938825060.3623037,""score"":100.0},""L3_spread_proxy"":{""value"":0.06274027371982166,""score"":37.25972628017834},""L4_volume_zscore"":{""value"":-1.1053770603648483,""score"":100.0},""_score"":93.73},""pattern_structure"":{""pole_low"":300.88,""pole_low_idx"":24,""peak_price"":427.99,""peak_idx"":47,""pole_gain"":0.42246078170699286,""flag_bars"":12,""flag_low"":367.52,""flag_high"":417.5,""structural_low"":367.52,""current_price"":391.26,""neckline_distance_pct"":0.09387619485763947,""base_bars"":12},""pattern_geometry_features"":{""pole_gain"":0.42246078170699286,""pullback_pct"":0.1412883478585949,""flag_range_pct"":0.11677842940255617,""flag_drift_per_bar"":-0.003466298053017868,""atr_pct"":0.08609612413318396,""pole_atr_multiple"":4.906850174271249},""_schema_version"":""1.0""}",,,,,,,,,,
20260604T164444Z-6b270e,2026-06-04T16:44:44.043038+00:00,DELL,bull_flag,forming,56.25,92.3,76.2,7.3,37.1,12.2,24.2,80.8,84.0,94.9,12.93,22.86,0.66,3.71,1.7,2.18,2.43,5.04,4.75,False,,418.44,469.19,393.015,639.81,"{""trend"":{""T1_ema_stack"":{""value"":[true,true,true],""score"":100.0},""T2_ema50_slope"":{""value"":0.8220094528019242,""score"":100},""T3_high_proximity"":{""value"":0.8980169971671389,""score"":49.00849858356943},""T4_rs_1m"":{""value"":0.8890796944181081,""score"":100},""T5_rs_3m"":{""value"":1.745436223089567,""score"":100},""T6_adr_healthy"":{""value"":6.1782946677419694,""score"":100.0},""_score"":92.35},""geometry"":{""sub_pole_impulse"":100.0,""sub_flag_tightness"":65.9,""sub_flag_shallowness"":47.6,""sub_flag_drift"":68.1,""sub_flag_duration"":100.0,""_score"":76.21},""compression"":{""VC1_atr_ratio"":{""value"":1.8165523767561405,""score"":0},""VC2_range_contraction"":{""value"":1.3079904429526308,""score"":0},""VC3_range_pct_rank"":{""score"":29.166666666666664},""_score"":7.29},""sr_quality"":{""SR1_touches"":{""value"":2,""score"":25.0},""SR2_tightness"":{""value"":1.7249999999999943,""score"":88.06112998067786},""SR3_recency"":{""value"":239,""score"":0.0},""SR4_price_location"":{""score"":30.0},""SR5_reaction"":{""value"":1.1897343514907153,""score"":59.48671757453576},""_score"":37.13,""_levels_found"":5,""_target_level"":262.265},""volume"":{""V1_rvol_day"":{""value"":0.5885795376625192,""score"":5.905302510834617},""V2_rvol_sameslot"":{""value"":1.2126670281011265,""score"":47.51113520674177,""status"":""ok""},""V3_breakout_bar"":{""value"":0.5885455797703161,""score"":5.9030386513544055},""V4_base_dryup"":{""value"":2.1139869391021,""score"":0},""V5_bo_expansion"":{""value"":0.5885795376625192,""score"":0},""_score"":12.16},""readiness"":{""_distance_atr"":1.756,""BR1_atr_distance"":{""score"":0},""BR2_compression"":{""score"":26.680837915073013},""BR3_retest"":{""score"":50.0},""BR4_bo_age"":{""score"":50.0},""_score"":24.17},""risk"":{""R1_stop_clarity"":{""score"":58.57731184600381},""R2_stop_distance_pct"":{""value"":6.076139948379699,""score"":100.0},""R3_stop_distance_atr"":{""value"":0.8798428122935265,""score"":68.99214061467632},""R4_rr_potential"":{""value"":8.706784660766957,""score"":100.0},""_score"":80.85},""market"":{""M1_spy_regime"":{""score"":100.0},""M3_earnings_risk"":{""value"":null,""score"":80.0},""M4_vix"":{""value"":null,""score"":60.0},""_score"":84.0},""liquidity"":{""L1_price"":{""value"":418.44,""score"":100.0},""L2_dollar_vol"":{""value"":2839269747.2245283,""score"":100.0},""L3_spread_proxy"":{""value"":0.050688270719816415,""score"":49.311729280183584},""L4_volume_zscore"":{""value"":-0.5046436346257172,""score"":100.0},""_score"":94.93},""pattern_structure"":{""pole_low"":298.57,""pole_low_idx"":21,""peak_price"":469.19,""peak_idx"":45,""pole_gain"":0.5714572796999029,""flag_bars"":14,""flag_low"":399.0,""flag_high"":453.78,""structural_low"":399.0,""current_price"":418.37,""neckline_distance_pct"":0.1214714248153548,""base_bars"":14},""pattern_geometry_features"":{""pole_gain"":0.5714572796999029,""pullback_pct"":0.14959824378183678,""flag_range_pct"":0.1167544065304034,""flag_drift_per_bar"":-0.006378853357365203,""atr_pct"":0.06905938041979053,""pole_atr_multiple"":8.274868326738403},""_schema_version"":""1.0""}",,,,,,,,,,
20260604T164444Z-6b270e,2026-06-04T16:44:44.043038+00:00,AVGO,ascending_triangle,forming,56.09,60.3,65.0,19.1,38.8,72.9,17.5,55.8,84.0,89.5,9.05,18.2,1.52,5.43,8.74,1.4,2.23,5.04,4.48,False,,408.66,495.0,407.7998,575.99,"{""trend"":{""T1_ema_stack"":{""value"":[false,true,true],""score"":66.66666666666666},""T2_ema50_slope"":{""value"":0.3885861788485012,""score"":100},""T3_high_proximity"":{""value"":0.8485993728845236,""score"":24.29968644226177},""T4_rs_1m"":{""value"":-0.08903383430038714,""score"":0},""T5_rs_3m"":{""value"":0.1176357808827786,""score"":100},""T6_adr_healthy"":{""value"":3.733241693198835,""score"":100.0},""_score"":60.31},""geometry"":{""sub_flat_top_quality"":66.7,""sub_hl_slope"":100,""sub_compression"":0,""sub_duration"":100.0,""_score"":65.01},""compression"":{""VC1_atr_ratio"":{""value"":0.9698230153775415,""score"":7.544246155614637},""VC2_range_contraction"":{""value"":1.111886765344037,""score"":0},""VC3_range_pct_rank"":{""score"":64.16666666666666},""_score"":19.06},""sr_quality"":{""SR1_touches"":{""value"":3,""score"":50.0},""SR2_tightness"":{""value"":5.398166355346976,""score"":50.769100651223155},""SR3_recency"":{""value"":239,""score"":0.0},""SR4_price_location"":{""score"":17.162232655190543},""SR5_reaction"":{""value"":1.5813958639163133,""score"":79.06979319581566},""_score"":38.77,""_levels_found"":6,""_target_level"":436.45},""volume"":{""V1_rvol_day"":{""value"":1.9332325390523581,""score"":95.54883593682388},""V2_rvol_sameslot"":{""value"":4.171105413862327,""score"":100,""status"":""ok""},""V3_breakout_bar"":{""value"":1.1276070752001612,""score"":41.84047168001075},""V4_base_dryup"":{""value"":0.8017186070287482,""score"":69.82813929712518},""V5_bo_expansion"":{""value"":1.9332325390523581,""score"":62.21550260349055},""_score"":72.87},""readiness"":{""_distance_atr"":3.937,""BR1_atr_distance"":{""score"":0},""BR2_compression"":{""score"":0},""BR3_retest"":{""score"":50.0},""BR4_bo_age"":{""score"":50.0},""_score"":17.5},""risk"":{""R1_stop_clarity"":{""score"":43.36386664186915},""R2_stop_distance_pct"":{""value"":0.21048059511575215,""score"":55.262014877893805},""R3_stop_distance_atr"":{""value"":0.03922253899503081,""score"":26.961126949751545},""R4_rr_potential"":{""value"":194.53583677264848,""score"":100.0},""_score"":55.8},""market"":{""M1_spy_regime"":{""score"":100.0},""M3_earnings_risk"":{""value"":null,""score"":80.0},""M4_vix"":{""value"":null,""score"":60.0},""_score"":84.0},""liquidity"":{""L1_price"":{""value"":408.66,""score"":100.0},""L2_dollar_vol"":{""value"":19336127654.252632,""score"":100.0},""L3_spread_proxy"":{""value"":0.029804482944256777,""score"":70.19551705574322},""L4_volume_zscore"":{""value"":2.0673894873317824,""score"":70.0},""_score"":89.52},""pattern_structure"":{""top"":495.0,""top_touches"":3,""low_slope_per_bar"":1.6665235699152563,""lowest_low"":414.01,""structural_low"":414.01,""current_price"":409.95,""neckline_distance_pct"":0.20746432491767292,""base_bars"":35},""pattern_geometry_features"":{""top_touches"":3.0,""low_slope"":1.6665235699152563,""compression"":-0.39333756480436977,""atr_pct"":0.05366317441673483},""_schema_version"":""1.0""}",,,,,,,,,,
20260604T164444Z-6b270e,2026-06-04T16:44:44.043038+00:00,AMD,ascending_triangle,forming,55.92,97.1,55.0,42.8,39.8,13.9,35.2,71.0,84.0,92.2,14.57,15.4,3.42,5.57,1.66,2.81,2.84,5.04,4.61,False,,521.8401,546.44,479.3604,606.2197,"{""trend"":{""T1_ema_stack"":{""value"":[true,true,true],""score"":100.0},""T2_ema50_slope"":{""value"":1.0764605759692079,""score"":100},""T3_high_proximity"":{""value"":0.9618817739438178,""score"":80.94088697190888},""T4_rs_1m"":{""value"":0.42361948684282447,""score"":100},""T5_rs_3m"":{""value"":1.5059759551003449,""score"":100},""T6_adr_healthy"":{""value"":5.338021838071013,""score"":100.0},""_score"":97.14},""geometry"":{""sub_flat_top_quality"":33.3,""sub_hl_slope"":100,""sub_compression"":0,""sub_duration"":100.0,""_score"":54.99},""compression"":{""VC1_atr_ratio"":{""value"":0.7479435017731074,""score"":63.01412455672314},""VC2_range_contraction"":{""value"":0.8490772439783425,""score"":25.153792670276253},""VC3_range_pct_rank"":{""score"":35.0},""_score"":42.76},""sr_quality"":{""SR1_touches"":{""value"":2,""score"":25.0},""SR2_tightness"":{""value"":3.2150999999999783,""score"":78.1151619140787},""SR3_recency"":{""value"":312,""score"":0.0},""SR4_price_location"":{""score"":30.0},""SR5_reaction"":{""value"":1.739497816689429,""score"":86.97489083447145},""_score"":39.76,""_levels_found"":3,""_target_level"":263.7449},""volume"":{""V1_rvol_day"":{""value"":0.5234888455562288,""score"":1.5659230370819177},""V2_rvol_sameslot"":{""value"":0.6627165756308709,""score"":10.847771708724729,""status"":""ok""},""V3_breakout_bar"":{""value"":0.6128720695882427,""score"":7.52480463921618},""V4_base_dryup"":{""value"":1.0252660207961999,""score"":47.47339792038001},""V5_bo_expansion"":{""value"":0.5234888455562289,""score"":0},""_score"":13.86},""readiness"":{""_distance_atr"":0.837,""BR1_atr_distance"":{""score"":44.18371347393444},""BR2_compression"":{""score"":0},""BR3_retest"":{""score"":50.0},""BR4_bo_age"":{""score"":50.0},""_score"":35.17},""risk"":{""R1_stop_clarity"":{""score"":50.31033932842215},""R2_stop_distance_pct"":{""value"":8.140367997783233,""score"":96.49080005541917},""R3_stop_distance_atr"":{""value"":1.445773778296615,""score"":97.28868891483074},""R4_rr_potential"":{""value"":1.9863509172951062,""score"":49.31754586475531},""_score"":71.01},""market"":{""M1_spy_regime"":{""score"":100.0},""M3_earnings_risk"":{""value"":null,""score"":80.0},""M4_vix"":{""value"":null,""score"":60.0},""_score"":84.0},""liquidity"":{""L1_price"":{""value"":521.8401,""score"":89.07995},""L2_dollar_vol"":{""value"":9178702429.737625,""score"":100.0},""L3_spread_proxy"":{""value"":0.0509732770632231,""score"":49.0267229367769},""L4_volume_zscore"":{""value"":-1.779297672635897,""score"":100.0},""_score"":92.17},""pattern_structure"":{""top"":546.44,""top_touches"":2,""low_slope_per_bar"":1.8907455660377364,""lowest_low"":486.6603,""structural_low"":486.6603,""current_price"":524.6364,""neckline_distance_pct"":0.041559449554015075,""base_bars"":54},""pattern_geometry_features"":{""top_touches"":2.0,""low_slope"":1.8907455660377364,""compression"":-0.08719127667039328,""atr_pct"":0.05630457627592382},""_schema_version"":""1.0""}",,,,,,,,,,
20260604T164444Z-6b270e,2026-06-04T16:44:44.043038+00:00,DIOD,double_bottom,retest_hold,55.91,83.1,80.6,28.6,37.7,1.1,57.5,35.1,84.0,76.9,12.46,20.16,2.29,5.27,0.15,4.6,2.1,5.04,3.84,False,,114.37,114.0,97.6726,128.84,"{""trend"":{""T1_ema_stack"":{""value"":[true,true,true],""score"":100.0},""T2_ema50_slope"":{""value"":0.4303513822985505,""score"":100},""T3_high_proximity"":{""value"":0.9840819136121151,""score"":92.04095680605751},""T4_rs_1m"":{""value"":-0.028654592235409337,""score"":21.34540776459066},""T5_rs_3m"":{""value"":0.6649606839055526,""score"":100},""T6_adr_healthy"":{""value"":5.926570508830952,""score"":100.0},""_score"":83.08},""geometry"":{""sub_low_similarity"":68.2,""sub_bounce_quality"":100,""sub_separation_fit"":100.0,""sub_right_bottom_reaction"":34.4,""sub_base_context"":100.0,""_score"":80.62},""compression"":{""VC1_atr_ratio"":{""value"":0.7597232564189753,""score"":60.06918589525617},""VC2_range_contraction"":{""value"":1.1681097544280858,""score"":0},""VC3_range_pct_rank"":{""score"":18.333333333333336},""_score"":28.61},""sr_quality"":{""SR1_touches"":{""value"":2,""score"":25.0},""SR2_tightness"":{""value"":1.3699999999999974,""score"":60.671455945571665},""SR3_recency"":{""value"":274,""score"":0.0},""SR4_price_location"":{""score"":30.0},""SR5_reaction"":{""value"":1.8088977242552335,""score"":90.44488621276167},""_score"":37.67,""_levels_found"":3,""_target_level"":73.68},""volume"":{""V1_rvol_day"":{""value"":0.14785600558595438,""score"":0},""V2_rvol_sameslot"":{""value"":0.3355265995188744,""score"":0,""status"":""ok""},""V3_breakout_bar"":{""value"":0.27679354437445036,""score"":0},""V4_base_dryup"":{""value"":1.4439935933414936,""score"":5.600640665850648},""V5_bo_expansion"":{""value"":0.14785600558595438,""score"":0},""_score"":1.12},""readiness"":{""_distance_atr"":-0.053,""BR1_atr_distance"":{""score"":100.0},""BR2_compression"":{""score"":0},""BR3_retest"":{""score"":50.0},""BR4_bo_age"":{""score"":50.0},""_score"":57.5},""risk"":{""R1_stop_clarity"":{""score"":57.30125808280501},""R2_stop_distance_pct"":{""value"":14.599457899798912,""score"":0.0},""R3_stop_distance_atr"":{""value"":2.396658509103699,""score"":100.0},""R4_rr_potential"":{""value"":0.8666019859379296,""score"":0.0},""_score"":35.06},""market"":{""M1_spy_regime"":{""score"":100.0},""M3_earnings_risk"":{""value"":null,""score"":80.0},""M4_vix"":{""value"":null,""score"":60.0},""_score"":84.0},""liquidity"":{""L1_price"":{""value"":114.37,""score"":100.0},""L2_dollar_vol"":{""value"":13536019.4986232,""score"":56.57454856480935},""L3_spread_proxy"":{""value"":0.057532569729824234,""score"":42.46743027017577},""L4_volume_zscore"":{""value"":-2.85457094637852,""score"":100.0},""_score"":76.88},""pattern_structure"":{""left_low"":99.16,""left_idx"":34,""right_low"":100.75,""right_idx"":64,""separation_bars"":30,""structural_low"":99.16,""current_price"":114.375,""neckline_distance_pct"":-0.003278688524590164,""base_bars"":30},""pattern_geometry_features"":{""low_similarity_pct"":0.015907158221199574,""bounce_pct"":0.14965711980637358,""right_bottom_reaction"":0.3442622950819689,""atr_pct"":0.060915887033312924},""_schema_version"":""1.0""}",,,,,,,,,,
20260604T164444Z-6b270e,2026-06-04T16:44:44.043038+00:00,LRCX,bull_flag,absent,55.88,98.4,41.2,62.8,40.3,29.6,42.8,73.5,84.0,96.4,13.78,12.37,5.65,4.03,4.14,3.85,2.21,5.04,4.82,False,,336.37,345.17,319.8393,383.305,"{""trend"":{""T1_ema_stack"":{""value"":[true,true,true],""score"":100.0},""T2_ema50_slope"":{""value"":0.5050484872355213,""score"":100},""T3_high_proximity"":{""value"":0.9786447877571209,""score"":89.32239387856045},""T4_rs_1m"":{""value"":0.1743388490666613,""score"":100},""T5_rs_3m"":{""value"":0.4564240415396552,""score"":100},""T6_adr_healthy"":{""value"":4.263403390731201,""score"":100.0},""_score"":98.4},""geometry"":{""sub_pole_impulse"":40.6,""sub_flag_tightness"":22.4,""sub_flag_shallowness"":4.6,""sub_flag_drift"":83.6,""sub_flag_duration"":100.0,""_score"":41.24},""compression"":{""VC1_atr_ratio"":{""value"":0.4976674757126876,""score"":100},""VC2_range_contraction"":{""value"":0.8734361950948821,""score"":21.09396748418631},""VC3_range_pct_rank"":{""score"":61.66666666666667},""_score"":62.8},""sr_quality"":{""SR1_touches"":{""value"":2,""score"":25.0},""SR2_tightness"":{""value"":2.5175000000000125,""score"":68.36799212363437},""SR3_recency"":{""value"":228,""score"":0.0},""SR4_price_location"":{""score"":30.0},""SR5_reaction"":{""value"":2.4055403805085094,""score"":100},""_score"":40.26,""_levels_found"":7,""_target_level"":304.5175},""volume"":{""V1_rvol_day"":{""value"":0.3615201892029443,""score"":0},""V2_rvol_sameslot"":{""value"":1.235590349735561,""score"":49.039356649037394,""status"":""ok""},""V3_breakout_bar"":{""value"":0.9949079709644217,""score"":32.99386473096145},""V4_base_dryup"":{""value"":0.9242994895462001,""score"":57.57005104537999},""V5_bo_expansion"":{""value"":0.36152018920294426,""score"":0},""_score"":29.57},""readiness"":{""_distance_atr"":0.553,""BR1_atr_distance"":{""score"":63.14310899542979},""BR2_compression"":{""score"":0},""BR3_retest"":{""score"":50.0},""BR4_bo_age"":{""score"":50.0},""_score"":42.76},""risk"":{""R1_stop_clarity"":{""score"":38.80101721429201},""R2_stop_distance_pct"":{""value"":4.914424591967189,""score"":100.0},""R3_stop_distance_atr"":{""value"":1.0385256226443735,""score"":76.92628113221868},""R4_rr_potential"":{""value"":2.839271293022349,""score"":91.96356465111745},""_score"":73.51},""market"":{""M1_spy_regime"":{""score"":100.0},""M3_earnings_risk"":{""value"":null,""score"":80.0},""M4_vix"":{""value"":null,""score"":60.0},""_score"":84.0},""liquidity"":{""L1_price"":{""value"":336.37,""score"":100.0},""L2_dollar_vol"":{""value"":1038312603.1169102,""score"":100.0},""L3_spread_proxy"":{""value"":0.0360017242917027,""score"":63.9982757082973},""L4_volume_zscore"":{""value"":-3.4908705790051298,""score"":100.0},""_score"":96.4},""pattern_structure"":{""pole_low"":307.035,""pole_low_idx"":39,""peak_price"":345.17,""peak_idx"":52,""pole_gain"":0.12420408096796778,""flag_bars"":7,""flag_low"":324.71,""flag_high"":344.66,""structural_low"":324.71,""current_price"":336.715,""neckline_distance_pct"":0.0251102564483318,""base_bars"":7},""pattern_geometry_features"":{""pole_gain"":0.12420408096796778,""pullback_pct"":0.059275139786192414,""flag_range_pct"":0.05779760697627269,""flag_drift_per_bar"":-0.0032870104221247097,""atr_pct"":0.047321168441214825,""pole_atr_multiple"":2.6247044411479714},""_schema_version"":""1.0""}",,,,,,,,,,
20260604T164444Z-6b270e,2026-06-04T16:44:44.043038+00:00,ORCL,bull_flag,forming,55.6,87.0,71.8,6.4,54.1,16.3,17.5,76.1,84.0,94.4,12.18,21.53,0.58,5.41,2.28,1.57,2.28,5.04,4.72,False,,232.7525,250.25,220.64,312.5839,"{""trend"":{""T1_ema_stack"":{""value"":[true,true,false],""score"":66.66666666666666},""T2_ema50_slope"":{""value"":0.42238191477624293,""score"":100},""T3_high_proximity"":{""value"":0.9379508361877896,""score"":68.97541809389479},""T4_rs_1m"":{""value"":0.21046907170368478,""score"":100},""T5_rs_3m"":{""value"":0.3932466247438866,""score"":100},""T6_adr_healthy"":{""value"":4.822839223896782,""score"":100.0},""_score"":87.01},""geometry"":{""sub_pole_impulse"":100.0,""sub_flag_tightness"":49.8,""sub_flag_shallowness"":36.8,""sub_flag_drift"":79.8,""sub_flag_duration"":100.0,""_score"":71.78},""compression"":{""VC1_atr_ratio"":{""value"":0.986041657514328,""score"":3.48958562141799},""VC2_range_contraction"":{""value"":1.1107717064684928,""score"":0},""VC3_range_pct_rank"":{""score"":19.999999999999996},""_score"":6.4},""sr_quality"":{""SR1_touches"":{""value"":4,""score"":75.0},""SR2_tightness"":{""value"":0.5890909750412044,""score"":89.66077555955029},""SR3_recency"":{""value"":239,""score"":0.0},""SR4_price_location"":{""score"":30.0},""SR5_reaction"":{""value"":1.4209587065303442,""score"":71.0479353265172},""_score"":54.11,""_levels_found"":7,""_target_level"":200.7297},""volume"":{""V1_rvol_day"":{""value"":0.5139428830176542,""score"":0.9295255345102819},""V2_rvol_sameslot"":{""value"":0.6826850948524869,""score"":12.179006323499124,""status"":""ok""},""V3_breakout_bar"":{""value"":0.5081797216464674,""score"":0.5453147764311606},""V4_base_dryup"":{""value"":0.8246742177214825,""score"":67.53257822785174},""V5_bo_expansion"":{""value"":0.5139428830176541,""score"":0},""_score"":16.26},""readiness"":{""_distance_atr"":1.536,""BR1_atr_distance"":{""score"":0},""BR2_compression"":{""score"":0},""BR3_retest"":{""score"":50.0},""BR4_bo_age"":{""score"":50.0},""_score"":17.5},""risk"":{""R1_stop_clarity"":{""score"":41.02813386764025},""R2_stop_distance_pct"":{""value"":5.204025735491568,""score"":100.0},""R3_stop_distance_atr"":{""value"":1.0629415603098293,""score"":78.14707801549147},""R4_rr_potential"":{""value"":6.590827657378733,""score"":100.0},""_score"":76.08},""market"":{""M1_spy_regime"":{""score"":100.0},""M3_earnings_risk"":{""value"":null,""score"":80.0},""M4_vix"":{""value"":null,""score"":60.0},""_score"":84.0},""liquidity"":{""L1_price"":{""value"":232.7525,""score"":100.0},""L2_dollar_vol"":{""value"":2548614551.227051,""score"":100.0},""L3_spread_proxy"":{""value"":0.05611110514387602,""score"":43.88889485612398},""L4_volume_zscore"":{""value"":-1.0278415033769694,""score"":100.0},""_score"":94.39},""pattern_structure"":{""pole_low"":187.9161,""pole_low_idx"":21,""peak_price"":250.25,""peak_idx"":44,""pole_gain"":0.3317113328767466,""flag_bars"":15,""flag_low"":224.0,""flag_high"":249.0,""structural_low"":224.0,""current_price"":232.7525,""neckline_distance_pct"":0.07517642130589361,""base_bars"":15},""pattern_geometry_features"":{""pole_gain"":0.3317113328767466,""pullback_pct"":0.1048951048951049,""flag_range_pct"":0.0999000999000999,""flag_drift_per_bar"":-0.004039200131347351,""atr_pct"":0.04895871917901755,""pole_atr_multiple"":6.775327019153507},""_schema_version"":""1.0""}",,,,,,,,,,
20260604T164444Z-6b270e,2026-06-04T16:44:44.043038+00:00,IONQ,breakout_retest_hold,setup,55.56,92.6,41.1,58.3,43.3,12.9,67.7,61.7,84.0,94.5,12.97,9.05,3.5,6.06,1.68,12.19,3.08,4.2,2.83,False,,66.43,64.46,65.1519,61.76,"{""trend"":{""T1_ema_stack"":{""value"":[true,true,true],""score"":100.0},""T2_ema50_slope"":{""value"":0.8899877064558177,""score"":100},""T3_high_proximity"":{""value"":0.9217427501040657,""score"":60.871375052032825},""T4_rs_1m"":{""value"":0.33868151887570175,""score"":100},""T5_rs_3m"":{""value"":0.7338335599044501,""score"":100},""T6_adr_healthy"":{""value"":9.196680764060456,""score"":70.08298089848859},""_score"":92.63},""geometry"":{""sub_retest_depth"":0.0,""sub_retest_timing"":0.0,""sub_retest_freshness"":100.0,""sub_hold_quality"":70.4,""_score"":41.12},""compression"":{""VC1_atr_ratio"":{""value"":0.6137907461399734,""score"":96.55231346500665},""VC2_range_contraction"":{""value"":0.9991216402716121,""score"":0.14639328806465013},""VC3_range_pct_rank"":{""score"":78.33333333333333},""_score"":58.26},""sr_quality"":{""SR1_touches"":{""value"":3,""score"":50.0},""SR2_tightness"":{""value"":1.219633183470434,""score"":56.54648146222294},""SR3_recency"":{""value"":319,""score"":0.0},""SR4_price_location"":{""score"":30.0},""SR5_reaction"":{""value"":1.6404717702582168,""score"":82.02358851291083},""_score"":43.29,""_levels_found"":5,""_target_level"":54.1521},""volume"":{""V1_rvol_day"":{""value"":0.5397596651263529,""score"":2.650644341756858},""V2_rvol_sameslot"":{""value"":1.0480138615364025,""score"":36.53425743576017,""status"":""ok""},""V3_breakout_bar"":{""value"":0.8061465742239257,""score"":20.409771614928378},""V4_base_dryup"":{""value"":1.7502291202503173,""score"":0},""V5_bo_expansion"":{""value"":0.5397596651263529,""score"":0},""_score"":12.94},""readiness"":{""_distance_atr"":-0.351,""BR1_atr_distance"":{""score"":100.0},""BR2_compression"":{""score"":12.890667865201488},""BR3_retest"":{""score"":100},""BR4_bo_age"":{""score"":30.0},""_score"":67.72},""risk"":{""R1_stop_clarity"":{""score"":76.55298253829078},""R2_stop_distance_pct"":{""value"":1.9239801294595948,""score"":98.09950323648987},""R3_stop_distance_atr"":{""value"":0.2276829738475199,""score"":36.384148692375994},""R4_rr_potential"":{""value"":-3.653861200219073,""score"":0.0},""_score"":61.68},""market"":{""M1_spy_regime"":{""score"":100.0},""M3_earnings_risk"":{""value"":null,""score"":80.0},""M4_vix"":{""value"":null,""score"":60.0},""_score"":84.0},""liquidity"":{""L1_price"":{""value"":66.43,""score"":100.0},""L2_dollar_vol"":{""value"":1213816634.976432,""score"":100.0},""L3_spread_proxy"":{""value"":0.055006774047869925,""score"":44.993225952130075},""L4_volume_zscore"":{""value"":-1.1896658117929333,""score"":100.0},""_score"":94.5},""pattern_structure"":{""level"":64.46,""level_idx"":39,""breakout_idx"":43,""bo_peak_idx"":71,""bo_peak_price"":73.65,""retest_idx"":77,""retest_low"":65.81,""structural_low"":65.81,""current_price"":66.95,""neckline_distance_pct"":-0.037191934279313055,""base_bars"":40,""bars_since_breakout"":36},""pattern_geometry_features"":{""retest_depth_atr"":-0.6707146127066745,""bars_breakout_to_retest"":34.0,""bars_since_retest"":2.0,""current_above_level_atr"":1.2370958412145296,""bo_peak_excess_pct"":0.14256903506050284,""atr_pct"":0.08450259134212167},""_schema_version"":""1.0""}",,,,,,,,,,
20260604T164444Z-6b270e,2026-06-04T16:44:44.043038+00:00,LRCX,ascending_triangle,absent,55.53,98.4,40.1,62.8,40.3,30.7,42.8,47.9,84.0,96.4,14.76,11.22,5.02,5.64,3.69,3.42,1.92,5.04,4.82,False,,336.37,345.17,302.4295,383.305,"{""trend"":{""T1_ema_stack"":{""value"":[true,true,true],""score"":100.0},""T2_ema50_slope"":{""value"":0.5050484872355213,""score"":100},""T3_high_proximity"":{""value"":0.9786447877571209,""score"":89.32239387856045},""T4_rs_1m"":{""value"":0.1743388490666613,""score"":100},""T5_rs_3m"":{""value"":0.4564240415396552,""score"":100},""T6_adr_healthy"":{""value"":4.263403390731201,""score"":100.0},""_score"":98.4},""geometry"":{""sub_flat_top_quality"":33.3,""sub_hl_slope"":50.3,""sub_compression"":0,""sub_duration"":100.0,""_score"":40.08},""compression"":{""VC1_atr_ratio"":{""value"":0.4976674757126876,""score"":100},""VC2_range_contraction"":{""value"":0.8734361950948821,""score"":21.09396748418631},""VC3_range_pct_rank"":{""score"":61.66666666666667},""_score"":62.8},""sr_quality"":{""SR1_touches"":{""value"":2,""score"":25.0},""SR2_tightness"":{""value"":2.5175000000000125,""score"":68.36799212363437},""SR3_recency"":{""value"":228,""score"":0.0},""SR4_price_location"":{""score"":30.0},""SR5_reaction"":{""value"":2.4055403805085094,""score"":100},""_score"":40.26,""_levels_found"":7,""_target_level"":304.5175},""volume"":{""V1_rvol_day"":{""value"":0.3615201892029443,""score"":0},""V2_rvol_sameslot"":{""value"":1.235590349735561,""score"":49.039356649037394,""status"":""ok""},""V3_breakout_bar"":{""value"":0.9949079709644217,""score"":32.99386473096145},""V4_base_dryup"":{""value"":0.865707000616286,""score"":63.4292999383714},""V5_bo_expansion"":{""value"":0.36152018920294426,""score"":0},""_score"":30.74},""readiness"":{""_distance_atr"":0.553,""BR1_atr_distance"":{""score"":63.14310899542979},""BR2_compression"":{""score"":0},""BR3_retest"":{""score"":50.0},""BR4_bo_age"":{""score"":50.0},""_score"":42.76},""risk"":{""R1_stop_clarity"":{""score"":42.13227286006034},""R2_stop_distance_pct"":{""value"":10.0902354550049,""score"":47.744113624877514},""R3_stop_distance_atr"":{""value"":2.1322878930049227,""score"":100.0},""R4_rr_potential"":{""value"":1.3828601649503074,""score"":19.14300824751537},""_score"":47.9},""market"":{""M1_spy_regime"":{""score"":100.0},""M3_earnings_risk"":{""value"":null,""score"":80.0},""M4_vix"":{""value"":null,""score"":60.0},""_score"":84.0},""liquidity"":{""L1_price"":{""value"":336.37,""score"":100.0},""L2_dollar_vol"":{""value"":1038312603.1169102,""score"":100.0},""L3_spread_proxy"":{""value"":0.0360017242917027,""score"":63.9982757082973},""L4_volume_zscore"":{""value"":-3.4908705790051298,""score"":100.0},""_score"":96.4},""pattern_structure"":{""top"":345.17,""top_touches"":2,""low_slope_per_bar"":0.4632411167512688,""lowest_low"":307.035,""structural_low"":307.035,""current_price"":336.715,""neckline_distance_pct"":0.0251102564483318,""base_bars"":35},""pattern_geometry_features"":{""top_touches"":2.0,""low_slope"":0.4632411167512688,""compression"":-0.025095774428818274,""atr_pct"":0.047321168441214825},""_schema_version"":""1.0""}",,,,,,,,,,
20260604T164444Z-6b270e,2026-06-04T16:44:44.043038+00:00,POWI,ascending_triangle,forming,55.16,98.6,55.0,40.6,41.5,5.5,40.1,71.5,84.0,83.1,14.79,15.4,3.25,5.8,0.66,3.21,2.86,5.04,4.16,False,,85.41,89.0,79.0857,97.71,"{""trend"":{""T1_ema_stack"":{""value"":[true,true,true],""score"":100.0},""T2_ema50_slope"":{""value"":0.592184030993659,""score"":100},""T3_high_proximity"":{""value"":0.980934879981624,""score"":90.46743999081197},""T4_rs_1m"":{""value"":0.06279272368455824,""score"":100},""T5_rs_3m"":{""value"":0.6760267173696661,""score"":100},""T6_adr_healthy"":{""value"":6.5520845702238955,""score"":100.0},""_score"":98.57},""geometry"":{""sub_flat_top_quality"":33.3,""sub_hl_slope"":100,""sub_compression"":0,""sub_duration"":100.0,""_score"":54.99},""compression"":{""VC1_atr_ratio"":{""value"":0.6712276117679036,""score"":82.1930970580241},""VC2_range_contraction"":{""value"":0.9495684110119087,""score"":8.405264831348552},""VC3_range_pct_rank"":{""score"":19.166666666666664},""_score"":40.61},""sr_quality"":{""SR1_touches"":{""value"":2,""score"":25.0},""SR2_tightness"":{""value"":0.6494499999999945,""score"":76.38624307706311},""SR3_recency"":{""value"":228,""score"":0.0},""SR4_price_location"":{""score"":30.0},""SR5_reaction"":{""value"":2.36317549361434,""score"":100},""_score"":41.46,""_levels_found"":7,""_target_level"":80.9394},""volume"":{""V1_rvol_day"":{""value"":0.2320933767157961,""score"":0},""V2_rvol_sameslot"":{""value"":0.4678449953595672,""score"":0,""status"":""ok""},""V3_breakout_bar"":{""value"":0.5713960422830304,""score"":4.759736152202029},""V4_base_dryup"":{""value"":1.2837421080132274,""score"":21.625789198677253},""V5_bo_expansion"":{""value"":0.2320933767157961,""score"":0},""_score"":5.52},""readiness"":{""_distance_atr"":0.653,""BR1_atr_distance"":{""score"":56.48965157525896},""BR2_compression"":{""score"":0},""BR3_retest"":{""score"":50.0},""BR4_bo_age"":{""score"":50.0},""_score"":40.1},""risk"":{""R1_stop_clarity"":{""score"":56.210288474648706},""R2_stop_distance_pct"":{""value"":7.404695000585407,""score"":100.0},""R3_stop_distance_atr"":{""value"":1.1497548971866736,""score"":82.48774485933367},""R4_rr_potential"":{""value"":1.944863899056821,""score"":47.24319495284105},""_score"":71.5},""market"":{""M1_spy_regime"":{""score"":100.0},""M3_earnings_risk"":{""value"":null,""score"":80.0},""M4_vix"":{""value"":null,""score"":60.0},""_score"":84.0},""liquidity"":{""L1_price"":{""value"":85.41,""score"":100.0},""L2_dollar_vol"":{""value"":28601660.71566531,""score"":72.81956252832305},""L3_spread_proxy"":{""value"":0.060180306755649234,""score"":39.819693244350766},""L4_volume_zscore"":{""value"":-1.4399385484085172,""score"":100.0},""_score"":83.11},""pattern_structure"":{""top"":89.0,""top_touches"":2,""low_slope_per_bar"":0.3802759007897329,""lowest_low"":80.29,""structural_low"":80.29,""current_price"":85.33,""neckline_distance_pct"":0.04300949255830308,""base_bars"":48},""pattern_geometry_features"":{""top_touches"":2.0,""low_slope"":0.3802759007897329,""compression"":-0.7506504292562259,""atr_pct"":0.06440237844347432},""_schema_version"":""1.0""}",,,,,,,,,,
20260604T164444Z-6b270e,2026-06-04T16:44:44.043038+00:00,PL,ascending_triangle,absent,55.09,87.7,48.9,48.7,51.1,28.4,18.1,68.3,84.0,91.3,13.15,13.68,3.9,7.16,3.41,1.45,2.73,5.04,4.56,False,,44.39,51.475,44.1083,58.17,"{""trend"":{""T1_ema_stack"":{""value"":[true,true,true],""score"":100.0},""T2_ema50_slope"":{""value"":0.79343386121296,""score"":100},""T3_high_proximity"":{""value"":0.8636186770428016,""score"":31.809338521400775},""T4_rs_1m"":{""value"":0.15025240719601762,""score"":100},""T5_rs_3m"":{""value"":0.6947857352694984,""score"":100},""T6_adr_healthy"":{""value"":9.676661867724908,""score"":58.083453306877296},""_score"":87.68},""geometry"":{""sub_flat_top_quality"":100,""sub_hl_slope"":12.9,""sub_compression"":0,""sub_duration"":100.0,""_score"":48.87},""compression"":{""VC1_atr_ratio"":{""value"":0.6355559817966931,""score"":91.1110045508267},""VC2_range_contraction"":{""value"":1.0056778711136076,""score"":0},""VC3_range_pct_rank"":{""score"":49.16666666666667},""_score"":48.74},""sr_quality"":{""SR1_touches"":{""value"":4,""score"":75.0},""SR2_tightness"":{""value"":1.3020056643501987,""score"":40.96723125308787},""SR3_recency"":{""value"":236,""score"":0.0},""SR4_price_location"":{""score"":30.0},""SR5_reaction"":{""value"":2.194733126281256,""score"":100},""_score"":51.15,""_levels_found"":5,""_target_level"":37.0525},""volume"":{""V1_rvol_day"":{""value"":0.6778820164021018,""score"":11.858801093473453},""V2_rvol_sameslot"":{""value"":1.0921907313321337,""score"":39.47938208880892,""status"":""ok""},""V3_breakout_bar"":{""value"":0.6397924406571234,""score"":9.319496043808224},""V4_base_dryup"":{""value"":0.7096709077550705,""score"":79.03290922449295},""V5_bo_expansion"":{""value"":0.6778820164021017,""score"":0},""_score"":28.4},""readiness"":{""_distance_atr"":1.606,""BR1_atr_distance"":{""score"":0},""BR2_compression"":{""score"":2.320624687266515},""BR3_retest"":{""score"":50.0},""BR4_bo_age"":{""score"":50.0},""_score"":18.08},""risk"":{""R1_stop_clarity"":{""score"":69.54520870914143},""R2_stop_distance_pct"":{""value"":0.63460238792521,""score"":65.86505969813025},""R3_stop_distance_atr"":{""value"":0.06386120817801745,""score"":28.193060408900873},""R4_rr_potential"":{""value"":48.917287894923554,""score"":100.0},""_score"":68.33},""market"":{""M1_spy_regime"":{""score"":100.0},""M3_earnings_risk"":{""value"":null,""score"":80.0},""M4_vix"":{""value"":null,""score"":60.0},""_score"":84.0},""liquidity"":{""L1_price"":{""value"":44.39,""score"":100.0},""L2_dollar_vol"":{""value"":340909624.2785472,""score"":100.0},""L3_spread_proxy"":{""value"":0.08706915972065785,""score"":12.93084027934215},""L4_volume_zscore"":{""value"":-1.0743908064043504,""score"":100.0},""_score"":91.29},""pattern_structure"":{""top"":51.475,""top_touches"":5,""low_slope_per_bar"":0.01735408560311244,""lowest_low"":44.78,""structural_low"":44.78,""current_price"":44.39,""neckline_distance_pct"":0.15960801982428477,""base_bars"":26},""pattern_geometry_features"":{""top_touches"":5.0,""low_slope"":0.01735408560311244,""compression"":-0.35542663782638706,""atr_pct"":0.099372123708686},""_schema_version"":""1.0""}",,,,,,,,,,
20260604T164444Z-6b270e,2026-06-04T16:44:44.043038+00:00,QBTS,ascending_triangle,forming,55.08,90.4,51.8,44.0,56.7,7.0,27.4,70.8,84.0,93.3,13.56,14.49,3.52,7.93,0.84,2.2,2.83,5.04,4.67,False,,27.2,31.55,26.9693,35.72,"{""trend"":{""T1_ema_stack"":{""value"":[true,true,true],""score"":100.0},""T2_ema50_slope"":{""value"":0.6257055088400032,""score"":100},""T3_high_proximity"":{""value"":0.902455209024552,""score"":51.22760451227598},""T4_rs_1m"":{""value"":0.217490130760567,""score"":100},""T5_rs_3m"":{""value"":0.33408381917210783,""score"":100},""T6_adr_healthy"":{""value"":9.79976544194873,""score"":55.00586395128173},""_score"":90.43},""geometry"":{""sub_flat_top_quality"":66.7,""sub_hl_slope"":55.8,""sub_compression"":0,""sub_duration"":100.0,""_score"":51.75},""compression"":{""VC1_atr_ratio"":{""value"":0.7095884600257495,""score"":72.60288499356263},""VC2_range_contraction"":{""value"":1.3403075946959293,""score"":0},""VC3_range_pct_rank"":{""score"":60.0},""_score"":44.04},""sr_quality"":{""SR1_touches"":{""value"":4,""score"":75.0},""SR2_tightness"":{""value"":0.4224833576603939,""score"":70.71506088811121},""SR3_recency"":{""value"":233,""score"":0.0},""SR4_price_location"":{""score"":34.23232857394675},""SR5_reaction"":{""value"":2.1438892822307927,""score"":100},""_score"":56.67,""_levels_found"":5,""_target_level"":31.8637},""volume"":{""V1_rvol_day"":{""value"":0.44032961277219307,""score"":0},""V2_rvol_sameslot"":{""value"":0.6971381646968607,""score"":13.142544313124048,""status"":""ok""},""V3_breakout_bar"":{""value"":0.5744348406362684,""score"":4.962322709084558},""V4_base_dryup"":{""value"":1.3452619305598004,""score"":15.47380694401997},""V5_bo_expansion"":{""value"":0.44032961277219307,""score"":0},""_score"":6.96},""readiness"":{""_distance_atr"":1.508,""BR1_atr_distance"":{""score"":0},""BR2_compression"":{""score"":39.75822015601808},""BR3_retest"":{""score"":50.0},""BR4_bo_age"":{""score"":50.0},""_score"":27.44},""risk"":{""R1_stop_clarity"":{""score"":71.5318384140453},""R2_stop_distance_pct"":{""value"":0.848161764705891,""score"":71.20404411764727},""R3_stop_distance_atr"":{""value"":0.0799562317735547,""score"":28.997811588677735},""R4_rr_potential"":{""value"":36.93107932379676,""score"":100.0},""_score"":70.75},""market"":{""M1_spy_regime"":{""score"":100.0},""M3_earnings_risk"":{""value"":null,""score"":80.0},""M4_vix"":{""value"":null,""score"":60.0},""_score"":84.0},""liquidity"":{""L1_price"":{""value"":27.2,""score"":100.0},""L2_dollar_vol"":{""value"":523326380.7066432,""score"":100.0},""L3_spread_proxy"":{""value"":0.06690808823529414,""score"":33.09191176470587},""L4_volume_zscore"":{""value"":-0.7621366253894483,""score"":100.0},""_score"":93.31},""pattern_structure"":{""top"":31.55,""top_touches"":3,""low_slope_per_bar"":0.04582891246684345,""lowest_low"":27.38,""structural_low"":27.38,""current_price"":27.455,""neckline_distance_pct"":0.14915315971589885,""base_bars"":32},""pattern_geometry_features"":{""top_touches"":3.0,""low_slope"":0.04582891246684345,""compression"":-0.26353656687318505,""atr_pct"":0.10607825630252103},""_schema_version"":""1.0""}",,,,,,,,,,
20260604T164444Z-6b270e,2026-06-04T16:44:44.043038+00:00,VICR,vcp,absent,55.01,93.3,42.3,63.4,43.6,13.2,59.0,40.8,84.0,93.6,14.0,10.57,7.61,5.23,1.71,4.13,2.04,5.04,4.68,False,,316.81,316.82,227.535,257.67,"{""trend"":{""T1_ema_stack"":{""value"":[true,true,true],""score"":100.0},""T2_ema50_slope"":{""value"":0.7966758674168382,""score"":100},""T3_high_proximity"":{""value"":0.9160594494563961,""score"":58.029724728198005},""T4_rs_1m"":{""value"":0.14571583605645655,""score"":100},""T5_rs_3m"":{""value"":0.6310601385617678,""score"":100},""T6_adr_healthy"":{""value"":8.30082568949672,""score"":92.47935776258198},""_score"":93.33},""geometry"":{""sub_contraction_count"":100.0,""sub_reduction_rate"":0,""sub_pivot_tightness"":0,""sub_volume_dryup"":48.6,""sub_base_depth"":0.0,""sub_base_duration"":100.0,""_score"":42.29},""compression"":{""VC1_atr_ratio"":{""value"":0.5632747334286939,""score"":100},""VC2_range_contraction"":{""value"":0.8634779999383765,""score"":22.753666676937254},""VC3_range_pct_rank"":{""score"":61.66666666666667},""_score"":63.38},""sr_quality"":{""SR1_touches"":{""value"":2,""score"":25.0},""SR2_tightness"":{""value"":1.25,""score"":90.5614507535603},""SR3_recency"":{""value"":236,""score"":0.0},""SR4_price_location"":{""score"":30.0},""SR5_reaction"":{""value"":3.3671080581749027,""score"":100},""_score"":43.58,""_levels_found"":5,""_target_level"":232.25},""volume"":{""V1_rvol_day"":{""value"":0.3802555290979619,""score"":0},""V2_rvol_sameslot"":{""value"":0.5283617597016661,""score"":1.8907839801110733,""status"":""ok""},""V3_breakout_bar"":{""value"":0.6683483232616673,""score"":11.223221550777819},""V4_base_dryup"":{""value"":0.999957068344902,""score"":50.00429316550981},""V5_bo_expansion"":{""value"":0.38025552909796195,""score"":0},""_score"":13.18},""readiness"":{""_distance_atr"":0.0,""BR1_atr_distance"":{""score"":99.97483053534285},""BR2_compression"":{""score"":5.945413871865683},""BR3_retest"":{""score"":50.0},""BR4_bo_age"":{""score"":50.0},""_score"":58.98},""risk"":{""R1_stop_clarity"":{""score"":73.8363414888691},""R2_stop_distance_pct"":{""value"":28.17935039929295,""score"":0.0},""R3_stop_distance_atr"":{""value"":3.370505935903621,""score"":100.0},""R4_rr_potential"":{""value"":-0.6624474936992444,""score"":0.0},""_score"":40.84},""market"":{""M1_spy_regime"":{""score"":100.0},""M3_earnings_risk"":{""value"":null,""score"":80.0},""M4_vix"":{""value"":null,""score"":60.0},""_score"":84.0},""liquidity"":{""L1_price"":{""value"":316.81,""score"":100.0},""L2_dollar_vol"":{""value"":105467754.40913947,""score"":100.0},""L3_spread_proxy"":{""value"":0.06369748429658156,""score"":36.302515703418436},""L4_volume_zscore"":{""value"":-1.3695275927802693,""score"":100.0},""_score"":93.63},""pattern_structure"":{""n_contractions"":5,""contractions_pct"":[26.68,24.72,28.3,20.56,27.09],""descending_strict"":false,""final_low"":231.0,""final_pivot"":316.82,""structural_low"":231.0,""dry_up_ratio"":0.7569239915347077,""current_price"":316.81,""neckline_distance_pct"":3.156466020640417e-05,""base_bars"":66},""pattern_geometry_features"":{""contraction_count"":5.0,""first_contraction_pct"":0.2668024439918533,""last_contraction_pct"":0.27087936367653553,""dry_up_ratio"":0.7569239915347077,""near_monotone"":0.0,""base_depth_pct"":-0.34419551934826886},""_schema_version"":""1.0""}",,,,,,,,,,
20260604T164444Z-6b270e,2026-06-04T16:44:44.043038+00:00,BWXT,double_bottom,setup,55.0,16.5,58.4,74.9,68.6,39.9,57.5,50.2,84.0,93.5,2.47,14.59,5.99,9.6,5.18,4.6,3.01,5.04,4.67,True,risk_unclear,188.93,188.88,179.7625,195.26,"{""trend"":{""T1_ema_stack"":{""value"":[false,false,true],""score"":33.33333333333333},""T2_ema50_slope"":{""value"":-0.20546594717209413,""score"":15.755675471317645},""T3_high_proximity"":{""value"":0.7924251321197887,""score"":0},""T4_rs_1m"":{""value"":-0.1288082236257131,""score"":0},""T5_rs_3m"":{""value"":-0.14402577087370538,""score"":0},""T6_adr_healthy"":{""value"":3.516751389973004,""score"":100.0},""_score"":16.48},""geometry"":{""sub_low_similarity"":77.4,""sub_bounce_quality"":7.1,""sub_separation_fit"":100.0,""sub_right_bottom_reaction"":84.8,""sub_base_context"":30.0,""_score"":58.36},""compression"":{""VC1_atr_ratio"":{""value"":0.317797345513613,""score"":100},""VC2_range_contraction"":{""value"":0.6843050376547121,""score"":52.61582705754799},""VC3_range_pct_rank"":{""score"":65.83333333333333},""_score"":74.87},""sr_quality"":{""SR1_touches"":{""value"":3,""score"":50.0},""SR2_tightness"":{""value"":0.20848661028149218,""score"":93.69791094906425},""SR3_recency"":{""value"":271,""score"":0.0},""SR4_price_location"":{""score"":98.08822123692053},""SR5_reaction"":{""value"":3.3739198963618695,""score"":100},""_score"":68.58,""_levels_found"":7,""_target_level"":189.06},""volume"":{""V1_rvol_day"":{""value"":0.36000820874083467,""score"":0},""V2_rvol_sameslot"":{""value"":1.6892532494117862,""score"":79.28354996078575,""status"":""ok""},""V3_breakout_bar"":{""value"":1.1139344592978098,""score"":40.92896395318732},""V4_base_dryup"":{""value"":0.8107630346176413,""score"":68.92369653823587},""V5_bo_expansion"":{""value"":0.36000820874083467,""score"":0},""_score"":39.87},""readiness"":{""_distance_atr"":-0.008,""BR1_atr_distance"":{""score"":100.0},""BR2_compression"":{""score"":0},""BR3_retest"":{""score"":50.0},""BR4_bo_age"":{""score"":50.0},""_score"":57.5},""risk"":{""R1_stop_clarity"":{""score"":17.25143042210911},""R2_stop_distance_pct"":{""value"":4.852326258402592,""score"":100.0},""R3_stop_distance_atr"":{""value"":1.3855662312425807,""score"":94.27831156212903},""R4_rr_potential"":{""value"":0.6904826833924158,""score"":0.0},""_score"":50.18},""market"":{""M1_spy_regime"":{""score"":100.0},""M3_earnings_risk"":{""value"":null,""score"":80.0},""M4_vix"":{""value"":null,""score"":60.0},""_score"":84.0},""liquidity"":{""L1_price"":{""value"":188.93,""score"":100.0},""L2_dollar_vol"":{""value"":68014654.22954705,""score"":91.63012472749456},""L3_spread_proxy"":{""value"":0.03170486423543101,""score"":68.295135764569},""L4_volume_zscore"":{""value"":-1.8531519447873852,""score"":100.0},""_score"":93.48},""pattern_structure"":{""left_low"":184.57,""left_idx"":60,""right_low"":182.5,""right_idx"":71,""separation_bars"":11,""structural_low"":182.5,""current_price"":189.01,""neckline_distance_pct"":-0.0006877942965980396,""base_bars"":11},""pattern_geometry_features"":{""low_similarity_pct"":0.011278502737897367,""bounce_pct"":0.03495890410958902,""right_bottom_reaction"":0.8482658959537559,""atr_pct"":0.03502052914533727},""_schema_version"":""1.0""}",,,,,,,,,,
20260604T164444Z-6b270e,2026-06-04T16:44:44.043038+00:00,MSFT,double_bottom,forming,55.0,56.1,71.6,26.2,74.6,18.6,21.1,67.9,84.0,98.0,8.41,17.91,2.1,10.45,2.42,1.69,4.08,5.04,4.9,True,risk_unclear,427.805,466.32,406.9232,519.52,"{""trend"":{""T1_ema_stack"":{""value"":[true,true,false],""score"":66.66666666666666},""T2_ema50_slope"":{""value"":0.10468320693169625,""score"":67.44720115528271},""T3_high_proximity"":{""value"":0.9289607400330062,""score"":64.48037001650309},""T4_rs_1m"":{""value"":-0.005350225902038153,""score"":44.649774097961846},""T5_rs_3m"":{""value"":-0.0687204996212607,""score"":15.63975018936965},""T6_adr_healthy"":{""value"":2.477551086523215,""score"":100.0},""_score"":56.1},""geometry"":{""sub_low_similarity"":46.8,""sub_bounce_quality"":100,""sub_separation_fit"":40.0,""sub_right_bottom_reaction"":77.2,""sub_base_context"":100.0,""_score"":71.62},""compression"":{""VC1_atr_ratio"":{""value"":0.8628190443080027,""score"":34.295238922999324},""VC2_range_contraction"":{""value"":1.0943715771158071,""score"":0},""VC3_range_pct_rank"":{""score"":50.0},""_score"":26.22},""sr_quality"":{""SR1_touches"":{""value"":5,""score"":100},""SR2_tightness"":{""value"":3.5831025662126867,""score"":47.01788929231835},""SR3_recency"":{""value"":236,""score"":0.0},""SR4_price_location"":{""score"":91.01773883737144},""SR5_reaction"":{""value"":1.9751263071009244,""score"":98.75631535504623},""_score"":74.62,""_levels_found"":6,""_target_level"":429.596},""volume"":{""V1_rvol_day"":{""value"":0.3419016740283892,""score"":0},""V2_rvol_sameslot"":{""value"":1.0310288359629787,""score"":35.40192239753191,""status"":""ok""},""V3_breakout_bar"":{""value"":0.6861737890151514,""score"":12.411585934343423},""V4_base_dryup"":{""value"":1.0796931485626806,""score"":42.03068514373194},""V5_bo_expansion"":{""value"":0.3419016740283892,""score"":0},""_score"":18.59},""readiness"":{""_distance_atr"":2.848,""BR1_atr_distance"":{""score"":0},""BR2_compression"":{""score"":14.425694319271173},""BR3_retest"":{""score"":50.0},""BR4_bo_age"":{""score"":50.0},""_score"":21.11},""risk"":{""R1_stop_clarity"":{""score"":8.37004033060856},""R2_stop_distance_pct"":{""value"":4.881149121679269,""score"":100.0},""R3_stop_distance_atr"":{""value"":1.5438601308936057,""score"":100.0},""R4_rr_potential"":{""value"":4.392102213410721,""score"":100.0},""_score"":67.93},""market"":{""M1_spy_regime"":{""score"":100.0},""M3_earnings_risk"":{""value"":null,""score"":80.0},""M4_vix"":{""value"":null,""score"":60.0},""_score"":84.0},""liquidity"":{""L1_price"":{""value"":427.805,""score"":100.0},""L2_dollar_vol"":{""value"":5307716195.882642,""score"":100.0},""L3_spread_proxy"":{""value"":0.019938990895384517,""score"":80.06100910461548},""L4_volume_zscore"":{""value"":-1.7260947367074666,""score"":100.0},""_score"":98.01},""pattern_structure"":{""left_low"":413.12,""left_idx"":35,""right_low"":424.25,""right_idx"":74,""separation_bars"":39,""structural_low"":413.12,""current_price"":427.77,""neckline_distance_pct"":0.09011852163545833,""base_bars"":39},""pattern_geometry_features"":{""low_similarity_pct"":0.026583230829860145,""bounce_pct"":0.12877614252517425,""right_bottom_reaction"":0.7721518987342023,""atr_pct"":0.03161652421747557},""_schema_version"":""1.0""}",,,,,,,,,,
20260604T164444Z-6b270e,2026-06-04T16:44:44.043038+00:00,MMM,double_bottom,forming,55.0,63.3,54.6,71.3,59.6,16.8,40.0,50.6,84.0,98.8,9.49,13.64,5.7,8.34,2.19,3.2,3.03,5.04,4.94,True,risk_unclear,153.915,156.69,149.4836,161.62,"{""trend"":{""T1_ema_stack"":{""value"":[true,true,false],""score"":66.66666666666666},""T2_ema50_slope"":{""value"":0.023638152407558035,""score"":53.93969206792634},""T3_high_proximity"":{""value"":0.9914009661835749,""score"":95.70048309178742},""T4_rs_1m"":{""value"":0.032408383693887766,""score"":82.40838369388777},""T5_rs_3m"":{""value"":-0.12511139385712788,""score"":0},""T6_adr_healthy"":{""value"":2.0411182304378066,""score"":100.0},""_score"":63.29},""geometry"":{""sub_low_similarity"":96.2,""sub_bounce_quality"":3.6,""sub_separation_fit"":26.7,""sub_right_bottom_reaction"":6.5,""sub_base_context"":100.0,""_score"":54.56},""compression"":{""VC1_atr_ratio"":{""value"":0.43054614755510917,""score"":100},""VC2_range_contraction"":{""value"":0.8565083017470019,""score"":23.915283042166354},""VC3_range_pct_rank"":{""score"":91.66666666666666},""_score"":71.29},""sr_quality"":{""SR1_touches"":{""value"":4,""score"":75.0},""SR2_tightness"":{""value"":0.8708177460726212,""score"":50.630916013619576},""SR3_recency"":{""value"":231,""score"":0.0},""SR4_price_location"":{""score"":57.90513484940624},""SR5_reaction"":{""value"":2.4495181113203373,""score"":100},""_score"":59.57,""_levels_found"":4,""_target_level"":158.0859},""volume"":{""V1_rvol_day"":{""value"":0.28966704826648754,""score"":0},""V2_rvol_sameslot"":{""value"":0.689073835583397,""score"":12.604922372226465,""status"":""ok""},""V3_breakout_bar"":{""value"":0.7230586939772932,""score"":14.870579598486211},""V4_base_dryup"":{""value"":0.9703219490040631,""score"":52.96780509959369},""V5_bo_expansion"":{""value"":0.28966704826648754,""score"":0},""_score"":16.83},""readiness"":{""_distance_atr"":0.787,""BR1_atr_distance"":{""score"":47.55917309522345},""BR2_compression"":{""score"":13.854965927331708},""BR3_retest"":{""score"":50.0},""BR4_bo_age"":{""score"":50.0},""_score"":39.99},""risk"":{""R1_stop_clarity"":{""score"":0},""R2_stop_distance_pct"":{""value"":2.8791215930870915,""score"":100.0},""R3_stop_distance_atr"":{""value"":1.2561420559233847,""score"":87.80710279616923},""R4_rr_potential"":{""value"":1.73872816717065,""score"":36.9364083585325},""_score"":50.56},""market"":{""M1_spy_regime"":{""score"":100.0},""M3_earnings_risk"":{""value"":null,""score"":80.0},""M4_vix"":{""value"":null,""score"":60.0},""_score"":84.0},""liquidity"":{""L1_price"":{""value"":153.915,""score"":100.0},""L2_dollar_vol"":{""value"":168102350.337903,""score"":100.0},""L3_spread_proxy"":{""value"":0.012279504921547519,""score"":87.72049507845249},""L4_volume_zscore"":{""value"":-1.5776370257732932,""score"":100.0},""_score"":98.77},""pattern_structure"":{""left_low"":152.05,""left_idx"":35,""right_low"":151.76,""right_idx"":76,""separation_bars"":41,""structural_low"":151.76,""current_price"":153.87,""neckline_distance_pct"":0.018327159290309956,""base_bars"":41},""pattern_geometry_features"":{""low_similarity_pct"":0.0019090879167902339,""bounce_pct"":0.032485503426462885,""right_bottom_reaction"":0.06451612903229059,""atr_pct"":0.022920350286104077},""_schema_version"":""1.0""}",,,,,,,,,,
20260604T164444Z-6b270e,2026-06-04T16:44:44.043038+00:00,NVDA,cup_with_handle,setup,55.0,92.3,48.8,49.9,44.2,30.7,60.5,35.2,84.0,96.6,12.92,14.65,3.99,5.31,3.99,4.84,1.76,4.2,4.83,True,risk_unclear,217.405,216.825,191.8189,264.7449,"{""trend"":{""T1_ema_stack"":{""value"":[true,true,true],""score"":100.0},""T2_ema50_slope"":{""value"":0.3474383357446138,""score"":100},""T3_high_proximity"":{""value"":0.9222236362093832,""score"":61.11181810469157},""T4_rs_1m"":{""value"":0.06110995399020558,""score"":100},""T5_rs_3m"":{""value"":0.07538270169427652,""score"":87.69135084713827},""T6_adr_healthy"":{""value"":3.379008177952783,""score"":100.0},""_score"":92.32},""geometry"":{""sub_cup_depth"":100.0,""sub_cup_duration"":0.0,""sub_rim_symmetry"":56.3,""sub_handle_shallowness"":15.1,""sub_handle_proportion"":98.9,""sub_u_shape"":31.1,""_score"":48.84},""compression"":{""VC1_atr_ratio"":{""value"":0.5983325917584223,""score"":100},""VC2_range_contraction"":{""value"":0.955935564518495,""score"":7.344072580250827},""VC3_range_pct_rank"":{""score"":29.166666666666664},""_score"":49.86},""sr_quality"":{""SR1_touches"":{""value"":2,""score"":25.0},""SR2_tightness"":{""value"":0.2046500000000009,""score"":94.99955931336656},""SR3_recency"":{""value"":254,""score"":0.0},""SR4_price_location"":{""score"":30.0},""SR5_reaction"":{""value"":2.601884568026745,""score"":100},""_score"":44.25,""_levels_found"":4,""_target_level"":197.4253},""volume"":{""V1_rvol_day"":{""value"":0.49768572748642315,""score"":0},""V2_rvol_sameslot"":{""value"":1.4774675969499418,""score"":65.16450646332945,""status"":""ok""},""V3_breakout_bar"":{""value"":1.1385241740410001,""score"":42.56827826940001},""V4_base_dryup"":{""value"":1.148688906392662,""score"":35.1311093607338},""V5_bo_expansion"":{""value"":0.49768572748642315,""score"":0},""_score"":30.7},""readiness"":{""_distance_atr"":-0.071,""BR1_atr_distance"":{""score"":100.0},""BR2_compression"":{""score"":12.17391905439528},""BR3_retest"":{""score"":50.0},""BR4_bo_age"":{""score"":50.0},""_score"":60.54},""risk"":{""R1_stop_clarity"":{""score"":28.625520206573057},""R2_stop_distance_pct"":{""value"":11.768864561532617,""score"":5.7783859616845845},""R3_stop_distance_atr"":{""value"":3.1258679563222804,""score"":100.0},""R4_rr_potential"":{""value"":1.8502194550947582,""score"":42.51097275473791},""_score"":35.25},""market"":{""M1_spy_regime"":{""score"":100.0},""M3_earnings_risk"":{""value"":null,""score"":80.0},""M4_vix"":{""value"":null,""score"":60.0},""_score"":84.0},""liquidity"":{""L1_price"":{""value"":217.405,""score"":100.0},""L2_dollar_vol"":{""value"":18503696958.883385,""score"":100.0},""L3_spread_proxy"":{""value"":0.033669878797635715,""score"":66.33012120236428},""L4_volume_zscore"":{""value"":-2.1807432768561275,""score"":100.0},""_score"":96.63},""pattern_structure"":{""left_rim"":212.1899,""left_rim_idx"":30,""cup_bottom"":164.27,""cup_bottom_idx"":133,""right_rim"":216.825,""right_rim_idx"":152,""handle_low"":194.74,""handle_bars"":27,""cup_bars"":122,""structural_low"":194.74,""current_price"":217.405,""neckline_distance_pct"":-0.0026678319265886824,""base_bars"":149},""pattern_geometry_features"":{""cup_depth_pct"":0.2258349714100435,""rim_symmetry_pct"":0.021844112278671106,""handle_depth_pct"":0.10185633575464074,""handle_to_cup_ratio"":0.22131147540983606,""cup_duration_bars"":122.0,""atr_pct"":0.03764990948427392,""u_shape_score"":0.1557377049180328},""_schema_version"":""1.0""}",,,,,,,,,,
20260604T164444Z-6b270e,2026-06-04T16:44:44.043038+00:00,SBGSY,bull_flag,forming,55.0,68.9,59.3,65.1,35.4,40.5,34.7,59.8,84.0,80.5,9.65,17.78,5.86,3.54,5.67,3.12,1.79,5.04,4.03,True,risk_unclear,65.545,67.1499,64.025,72.8398,"{""trend"":{""T1_ema_stack"":{""value"":[true,true,true],""score"":100.0},""T2_ema50_slope"":{""value"":0.07826229180983345,""score"":63.04371530163891},""T3_high_proximity"":{""value"":0.9810657087262386,""score"":90.53285436311926},""T4_rs_1m"":{""value"":-0.02337160709872932,""score"":26.62839290127068},""T5_rs_3m"":{""value"":-0.0011794906102553515,""score"":49.41025469487232},""T6_adr_healthy"":{""value"":2.278486201062631,""score"":100.0},""_score"":68.93},""geometry"":{""sub_pole_impulse"":56.0,""sub_flag_tightness"":50.6,""sub_flag_shallowness"":30.8,""sub_flag_drift"":91.1,""sub_flag_duration"":100.0,""_score"":59.27},""compression"":{""VC1_atr_ratio"":{""value"":0.5066906307364323,""score"":100},""VC2_range_contraction"":{""value"":0.7586374478787218,""score"":40.22709202021304},""VC3_range_pct_rank"":{""score"":44.166666666666664},""_score"":65.12},""sr_quality"":{""SR1_touches"":{""value"":2,""score"":25.0},""SR2_tightness"":{""value"":0.2325000000000017,""score"":75.18090111247496},""SR3_recency"":{""value"":245,""score"":0.0},""SR4_price_location"":{""score"":6.286080821039914},""SR5_reaction"":{""value"":2.435207283318973,""score"":100},""_score"":35.35,""_levels_found"":5,""_target_level"":66.7625},""volume"":{""V1_rvol_day"":{""value"":0.6519846697531293,""score"":10.132311316875287},""V2_rvol_sameslot"":{""value"":1.146058301296162,""score"":43.07055341974414,""status"":""ok""},""V3_breakout_bar"":{""value"":1.694711076367085,""score"":79.647405091139},""V4_base_dryup"":{""value"":1.0021995134897623,""score"":49.78004865102377},""V5_bo_expansion"":{""value"":0.6519846697531293,""score"":0},""_score"":40.51},""readiness"":{""_distance_atr"":0.857,""BR1_atr_distance"":{""score"":42.89294364933526},""BR2_compression"":{""score"":0},""BR3_retest"":{""score"":50.0},""BR4_bo_age"":{""score"":50.0},""_score"":34.66},""risk"":{""R1_stop_clarity"":{""score"":0},""R2_stop_distance_pct"":{""value"":2.3190174689144802,""score"":100.0},""R3_stop_distance_atr"":{""value"":0.8112909743879072,""score"":65.56454871939536},""R4_rr_potential"":{""value"":4.7992105263157985,""score"":100.0},""_score"":59.83},""market"":{""M1_spy_regime"":{""score"":100.0},""M3_earnings_risk"":{""value"":null,""score"":80.0},""M4_vix"":{""value"":null,""score"":60.0},""_score"":84.0},""liquidity"":{""L1_price"":{""value"":65.545,""score"":100.0},""L2_dollar_vol"":{""value"":13509742.13,""score"":56.53235297076522},""L3_spread_proxy"":{""value"":0.020596536730490417,""score"":79.40346326950959},""L4_volume_zscore"":{""value"":-1.164109490710384,""score"":100.0},""_score"":80.55},""pattern_structure"":{""pole_low"":61.46,""pole_low_idx"":27,""peak_price"":67.1499,""peak_idx"":47,""pole_gain"":0.09257891311422066,""flag_bars"":12,""flag_low"":65.0,""flag_high"":66.844,""structural_low"":65.0,""current_price"":65.545,""neckline_distance_pct"":0.024485467999084607,""base_bars"":12},""pattern_geometry_features"":{""pole_gain"":0.09257891311422066,""pullback_pct"":0.03201642891500959,""flag_range_pct"":0.027460949308934102,""flag_drift_per_bar"":-0.0017898715823805498,""atr_pct"":0.028584287784837046,""pole_atr_multiple"":3.2388042623657918},""_schema_version"":""1.0""}",,,,,,,,,,
20260604T164444Z-6b270e,2026-06-04T16:44:44.043038+00:00,ETN,cup_with_handle,setup,55.0,70.2,80.7,70.3,43.8,11.3,39.6,57.7,84.0,98.0,9.82,24.2,5.63,5.26,1.46,3.17,2.89,4.2,4.9,True,risk_unclear,417.155,409.65,383.165,479.85,"{""trend"":{""T1_ema_stack"":{""value"":[true,true,true],""score"":100.0},""T2_ema50_slope"":{""value"":0.045127667518358464,""score"":57.521277919726415},""T3_high_proximity"":{""value"":0.9633842174545622,""score"":81.69210872728105},""T4_rs_1m"":{""value"":-0.029955293744980294,""score"":20.044706255019705},""T5_rs_3m"":{""value"":0.06536040612995975,""score"":82.68020306497988},""T6_adr_healthy"":{""value"":3.214140671703672,""score"":100.0},""_score"":70.17},""geometry"":{""sub_cup_depth"":91.9,""sub_cup_duration"":100.0,""sub_rim_symmetry"":94.1,""sub_handle_shallowness"":58.0,""sub_handle_proportion"":100.0,""sub_u_shape"":45.7,""_score"":80.66},""compression"":{""VC1_atr_ratio"":{""value"":0.45089825639921377,""score"":100},""VC2_range_contraction"":{""value"":0.8120309376420795,""score"":31.328177059653427},""VC3_range_pct_rank"":{""score"":77.5},""_score"":70.34},""sr_quality"":{""SR1_touches"":{""value"":2,""score"":25.0},""SR2_tightness"":{""value"":1.545000000000016,""score"":77.58054368477163},""SR3_recency"":{""value"":248,""score"":0.0},""SR4_price_location"":{""score"":38.721689762529714},""SR5_reaction"":{""value"":2.8245612762195202,""score"":100},""_score"":43.82,""_levels_found"":9,""_target_level"":433.885},""volume"":{""V1_rvol_day"":{""value"":0.28103044473187466,""score"":0},""V2_rvol_sameslot"":{""value"":0.4985069591883979,""score"":0,""status"":""ok""},""V3_breakout_bar"":{""value"":0.5394773392371691,""score"":2.6318226158112745},""V4_base_dryup"":{""value"":0.9697218923308167,""score"":53.02781076691833},""V5_bo_expansion"":{""value"":0.28103044473187466,""score"":0},""_score"":11.26},""readiness"":{""_distance_atr"":-0.545,""BR1_atr_distance"":{""score"":49.10951329153482},""BR2_compression"":{""score"":9.801440595874714},""BR3_retest"":{""score"":50.0},""BR4_bo_age"":{""score"":50.0},""_score"":39.59},""risk"":{""R1_stop_clarity"":{""score"":15.328461100740626},""R2_stop_distance_pct"":{""value"":8.148050484831765,""score"":96.29873787920586},""R3_stop_distance_atr"":{""value"":2.466140194675092,""score"":100.0},""R4_rr_potential"":{""value"":1.84451309208591,""score"":42.22565460429551},""_score"":57.7},""market"":{""M1_spy_regime"":{""score"":100.0},""M3_earnings_risk"":{""value"":null,""score"":80.0},""M4_vix"":{""value"":null,""score"":60.0},""_score"":84.0},""liquidity"":{""L1_price"":{""value"":417.155,""score"":100.0},""L2_dollar_vol"":{""value"":302983845.9900886,""score"":100.0},""L3_spread_proxy"":{""value"":0.020226055063465545,""score"":79.77394493653446},""L4_volume_zscore"":{""value"":-2.7415170264447224,""score"":100.0},""_score"":97.98},""pattern_structure"":{""left_rim"":408.45,""left_rim_idx"":102,""cup_bottom"":338.25,""cup_bottom_idx"":118,""right_rim"":409.65,""right_rim_idx"":172,""handle_low"":389.0,""handle_bars"":7,""cup_bars"":70,""structural_low"":389.0,""current_price"":417.155,""neckline_distance_pct"":-0.017990914648032496,""base_bars"":77},""pattern_geometry_features"":{""cup_depth_pct"":0.1718692618435549,""rim_symmetry_pct"":0.0029379360998897995,""handle_depth_pct"":0.05040888563407782,""handle_to_cup_ratio"":0.1,""cup_duration_bars"":70.0,""atr_pct"":0.03303968891316518,""u_shape_score"":0.22857142857142856},""_schema_version"":""1.0""}",,,,,,,,,,
20260604T164444Z-6b270e,2026-06-04T16:44:44.043038+00:00,MSFT,cup_with_handle,forming,55.0,56.1,78.0,26.2,74.6,19.6,51.5,67.9,84.0,98.0,7.85,23.39,2.1,8.95,2.55,4.12,3.39,4.2,4.9,True,risk_unclear,427.805,432.7,403.4363,500.1,"{""trend"":{""T1_ema_stack"":{""value"":[true,true,false],""score"":66.66666666666666},""T2_ema50_slope"":{""value"":0.10468320693169625,""score"":67.44720115528271},""T3_high_proximity"":{""value"":0.9289607400330062,""score"":64.48037001650309},""T4_rs_1m"":{""value"":-0.005350225902038153,""score"":44.649774097961846},""T5_rs_3m"":{""value"":-0.0687204996212607,""score"":15.63975018936965},""T6_adr_healthy"":{""value"":2.477551086523215,""score"":100.0},""_score"":56.1},""geometry"":{""sub_cup_depth"":79.1,""sub_cup_duration"":100.0,""sub_rim_symmetry"":57.4,""sub_handle_shallowness"":55.5,""sub_handle_proportion"":100.0,""sub_u_shape"":97.1,""_score"":77.97},""compression"":{""VC1_atr_ratio"":{""value"":0.8628190443080027,""score"":34.295238922999324},""VC2_range_contraction"":{""value"":1.0943715771158071,""score"":0},""VC3_range_pct_rank"":{""score"":50.0},""_score"":26.22},""sr_quality"":{""SR1_touches"":{""value"":5,""score"":100},""SR2_tightness"":{""value"":3.5831025662126867,""score"":47.01788929231835},""SR3_recency"":{""value"":236,""score"":0.0},""SR4_price_location"":{""score"":91.01773883737144},""SR5_reaction"":{""value"":1.9751263071009244,""score"":98.75631535504623},""_score"":74.62,""_levels_found"":6,""_target_level"":429.596},""volume"":{""V1_rvol_day"":{""value"":0.3419016740283892,""score"":0},""V2_rvol_sameslot"":{""value"":1.0310288359629787,""score"":35.40192239753191,""status"":""ok""},""V3_breakout_bar"":{""value"":0.6861737890151514,""score"":12.411585934343423},""V4_base_dryup"":{""value"":1.0265002174777176,""score"":47.34997825222824},""V5_bo_expansion"":{""value"":0.3419016740283892,""score"":0},""_score"":19.65},""readiness"":{""_distance_atr"":0.362,""BR1_atr_distance"":{""score"":75.87310372118569},""BR2_compression"":{""score"":14.425694319271173},""BR3_retest"":{""score"":50.0},""BR4_bo_age"":{""score"":50.0},""_score"":51.46},""risk"":{""R1_stop_clarity"":{""score"":9.155211847914615},""R2_stop_distance_pct"":{""value"":5.696216734259778,""score"":100.0},""R3_stop_distance_atr"":{""value"":1.8016581124092312,""score"":100.0},""R4_rr_potential"":{""value"":2.9667154998009693,""score"":98.33577499004846},""_score"":67.87},""market"":{""M1_spy_regime"":{""score"":100.0},""M3_earnings_risk"":{""value"":null,""score"":80.0},""M4_vix"":{""value"":null,""score"":60.0},""_score"":84.0},""liquidity"":{""L1_price"":{""value"":427.805,""score"":100.0},""L2_dollar_vol"":{""value"":5307716195.882642,""score"":100.0},""L3_spread_proxy"":{""value"":0.019938990895384517,""score"":80.06100910461548},""L4_volume_zscore"":{""value"":-1.7260947367074666,""score"":100.0},""_score"":98.01},""pattern_structure"":{""left_rim"":423.68,""left_rim_idx"":100,""cup_bottom"":356.28,""cup_bottom_idx"":133,""right_rim"":432.7,""right_rim_idx"":168,""handle_low"":409.58,""handle_bars"":11,""cup_bars"":68,""structural_low"":409.58,""current_price"":427.805,""neckline_distance_pct"":0.011442129007374813,""base_bars"":79},""pattern_geometry_features"":{""cup_depth_pct"":0.159082326283988,""rim_symmetry_pct"":0.021289652567975787,""handle_depth_pct"":0.05343193898775134,""handle_to_cup_ratio"":0.16176470588235295,""cup_duration_bars"":68.0,""atr_pct"":0.03161652421747557,""u_shape_score"":0.4852941176470588},""_schema_version"":""1.0""}",,,,,,,,,,
20260604T164444Z-6b270e,2026-06-04T16:44:44.043038+00:00,GD,vcp,forming,55.0,42.1,61.0,78.0,53.4,29.3,20.2,65.0,84.0,96.7,6.32,15.24,9.36,6.41,3.81,1.42,3.25,5.04,4.84,True,risk_unclear,342.0,353.57,328.2907,383.65,"{""trend"":{""T1_ema_stack"":{""value"":[true,false,true],""score"":66.66666666666666},""T2_ema50_slope"":{""value"":-0.003912405747431653,""score"":49.34793237542806},""T3_high_proximity"":{""value"":0.9408787036782305,""score"":70.4393518391152},""T4_rs_1m"":{""value"":-0.06578317257425448,""score"":0},""T5_rs_3m"":{""value"":-0.16226327013806563,""score"":0},""T6_adr_healthy"":{""value"":1.61833792150694,""score"":100.0},""_score"":42.1},""geometry"":{""sub_contraction_count"":100.0,""sub_reduction_rate"":4.1,""sub_pivot_tightness"":60.9,""sub_volume_dryup"":83.5,""sub_base_depth"":32.8,""sub_base_duration"":100.0,""_score"":60.96},""compression"":{""VC1_atr_ratio"":{""value"":0.46389941661746437,""score"":100},""VC2_range_contraction"":{""value"":0.7518631908428779,""score"":41.35613485952035},""VC3_range_pct_rank"":{""score"":94.16666666666667},""_score"":78.02},""sr_quality"":{""SR1_touches"":{""value"":2,""score"":25.0},""SR2_tightness"":{""value"":0.4900000000000091,""score"":84.02770387777402},""SR3_recency"":{""value"":276,""score"":0.0},""SR4_price_location"":{""score"":73.28348062542469},""SR5_reaction"":{""value"":2.401540660675401,""score"":100},""_score"":53.43,""_levels_found"":7,""_target_level"":343.31},""volume"":{""V1_rvol_day"":{""value"":0.22677109626255765,""score"":0},""V2_rvol_sameslot"":{""value"":0.8996503678607789,""score"":26.643357857385258,""status"":""ok""},""V3_breakout_bar"":{""value"":0.884235562078647,""score"":25.61570413857646},""V4_base_dryup"":{""value"":0.6233579011880435,""score"":87.66420988119566},""V5_bo_expansion"":{""value"":0.22677109626255765,""score"":0},""_score"":29.27},""readiness"":{""_distance_atr"":1.886,""BR1_atr_distance"":{""score"":0},""BR2_compression"":{""score"":10.98194479769767},""BR3_retest"":{""score"":50.0},""BR4_bo_age"":{""score"":50.0},""_score"":20.25},""risk"":{""R1_stop_clarity"":{""score"":0},""R2_stop_distance_pct"":{""value"":4.008581871345021,""score"":100.0},""R3_stop_distance_atr"":{""value"":2.2343856922779,""score"":100.0},""R4_rr_potential"":{""value"":3.0380725563210556,""score"":100.0},""_score"":65.0},""market"":{""M1_spy_regime"":{""score"":100.0},""M3_earnings_risk"":{""value"":null,""score"":80.0},""M4_vix"":{""value"":null,""score"":60.0},""_score"":84.0},""liquidity"":{""L1_price"":{""value"":342.0,""score"":100.0},""L2_dollar_vol"":{""value"":77964384.34414801,""score"":94.59481268885858},""L3_spread_proxy"":{""value"":0.011052631578947288,""score"":88.94736842105272},""L4_volume_zscore"":{""value"":-2.1357607719443394,""score"":100.0},""_score"":96.73},""pattern_structure"":{""n_contractions"":5,""contractions_pct"":[6.41,5.35,4.84,5.22,5.74],""descending_strict"":false,""final_low"":333.29,""final_pivot"":353.57,""structural_low"":333.29,""dry_up_ratio"":0.582506737849371,""current_price"":342.0,""neckline_distance_pct"":0.03383040935672513,""base_bars"":67},""pattern_geometry_features"":{""contraction_count"":5.0,""first_contraction_pct"":0.06406692902551127,""last_contraction_pct"":0.05735780750629288,""dry_up_ratio"":0.582506737849371,""near_monotone"":0.0,""base_depth_pct"":0.08278063681646802},""_schema_version"":""1.0""}",,,,,,,,,,
20260604T164444Z-6b270e,2026-06-04T16:44:44.043038+00:00,NVDA,double_bottom,forming,55.0,92.3,67.3,49.9,44.2,36.2,20.5,66.8,84.0,96.6,13.85,16.83,3.99,6.2,4.71,1.64,4.01,5.04,4.83,True,risk_unclear,217.405,232.28,211.3613,249.98,"{""trend"":{""T1_ema_stack"":{""value"":[true,true,true],""score"":100.0},""T2_ema50_slope"":{""value"":0.3474383357446138,""score"":100},""T3_high_proximity"":{""value"":0.9222236362093832,""score"":61.11181810469157},""T4_rs_1m"":{""value"":0.06110995399020558,""score"":100},""T5_rs_3m"":{""value"":0.07538270169427652,""score"":87.69135084713827},""T6_adr_healthy"":{""value"":3.379008177952783,""score"":100.0},""_score"":92.32},""geometry"":{""sub_low_similarity"":69.0,""sub_bounce_quality"":75.0,""sub_separation_fit"":0.0,""sub_right_bottom_reaction"":77.4,""sub_base_context"":100.0,""_score"":67.31},""compression"":{""VC1_atr_ratio"":{""value"":0.5983325917584223,""score"":100},""VC2_range_contraction"":{""value"":0.955935564518495,""score"":7.344072580250827},""VC3_range_pct_rank"":{""score"":29.166666666666664},""_score"":49.86},""sr_quality"":{""SR1_touches"":{""value"":2,""score"":25.0},""SR2_tightness"":{""value"":0.2046500000000009,""score"":94.99955931336656},""SR3_recency"":{""value"":254,""score"":0.0},""SR4_price_location"":{""score"":30.0},""SR5_reaction"":{""value"":2.601884568026745,""score"":100},""_score"":44.25,""_levels_found"":4,""_target_level"":197.4253},""volume"":{""V1_rvol_day"":{""value"":0.49768572748642315,""score"":0},""V2_rvol_sameslot"":{""value"":1.4774675969499418,""score"":65.16450646332945,""status"":""ok""},""V3_breakout_bar"":{""value"":1.1385241740410001,""score"":42.56827826940001},""V4_base_dryup"":{""value"":0.872940603084464,""score"":62.7059396915536},""V5_bo_expansion"":{""value"":0.49768572748642315,""score"":0},""_score"":36.22},""readiness"":{""_distance_atr"":1.817,""BR1_atr_distance"":{""score"":0},""BR2_compression"":{""score"":12.17391905439528},""BR3_retest"":{""score"":50.0},""BR4_bo_age"":{""score"":50.0},""_score"":20.54},""risk"":{""R1_stop_clarity"":{""score"":21.353928961314395},""R2_stop_distance_pct"":{""value"":2.77992686460753,""score"":100.0},""R3_stop_distance_atr"":{""value"":0.7383621641291552,""score"":61.91810820645776},""R4_rr_potential"":{""value"":5.389910154375628,""score"":100.0},""_score"":66.76},""market"":{""M1_spy_regime"":{""score"":100.0},""M3_earnings_risk"":{""value"":null,""score"":80.0},""M4_vix"":{""value"":null,""score"":60.0},""_score"":84.0},""liquidity"":{""L1_price"":{""value"":217.405,""score"":100.0},""L2_dollar_vol"":{""value"":18503696958.883385,""score"":100.0},""L3_spread_proxy"":{""value"":0.033669878797635715,""score"":66.33012120236428},""L4_volume_zscore"":{""value"":-2.1807432768561275,""score"":100.0},""_score"":96.63},""pattern_structure"":{""left_low"":217.93,""left_idx"":24,""right_low"":214.58,""right_idx"":72,""separation_bars"":48,""structural_low"":214.58,""current_price"":217.6398,""neckline_distance_pct"":0.06726802726339572,""base_bars"":48},""pattern_geometry_features"":{""low_similarity_pct"":0.015490971307021777,""bounce_pct"":0.08248671824028328,""right_bottom_reaction"":0.7744874715261931,""atr_pct"":0.03764990948427392},""_schema_version"":""1.0""}",,,,,,,,,,
20260604T164444Z-6b270e,2026-06-04T16:44:44.043038+00:00,JCI,base_on_base,setup,55.0,65.3,67.9,42.3,48.5,30.0,30.3,9.4,84.0,97.7,11.76,16.98,4.23,4.85,3.6,2.43,0.47,5.88,4.88,True,risk_unclear,147.56,141.45,124.0213,153.315,"{""trend"":{""T1_ema_stack"":{""value"":[true,true,true],""score"":100.0},""T2_ema50_slope"":{""value"":0.020760255064517757,""score"":53.46004251075296},""T3_high_proximity"":{""value"":1.0,""score"":99.99999999999997},""T4_rs_1m"":{""value"":-0.026356775788939357,""score"":23.64322421106064},""T5_rs_3m"":{""value"":-0.03475262591397765,""score"":32.623687043011174},""T6_adr_healthy"":{""value"":2.910129328374588,""score"":100.0},""_score"":65.31},""geometry"":{""sub_shallower_second"":0,""sub_second_base_depth"":100.0,""sub_rim_advance"":100,""sub_dry_up"":64.6,""sub_second_base_duration"":100.0,""_score"":67.92},""compression"":{""VC1_atr_ratio"":{""value"":0.6874523777172177,""score"":78.13690557069557},""VC2_range_contraction"":{""value"":1.1318475254610108,""score"":0},""VC3_range_pct_rank"":{""score"":44.166666666666664},""_score"":42.3},""sr_quality"":{""SR1_touches"":{""value"":3,""score"":50.0},""SR2_tightness"":{""value"":0.5901600536201066,""score"":73.01812699698583},""SR3_recency"":{""value"":239,""score"":0.0},""SR4_price_location"":{""score"":30.0},""SR5_reaction"":{""value"":2.3256029134261538,""score"":100},""_score"":48.45,""_levels_found"":7,""_target_level"":146.5633},""volume"":{""V1_rvol_day"":{""value"":0.6224306490298508,""score"":8.16204326865672},""V2_rvol_sameslot"":{""value"":1.1517486139561366,""score"":43.44990759707577,""status"":""ok""},""V3_breakout_bar"":{""value"":0.7786098449970134,""score"":18.573989666467558},""V4_base_dryup"":{""value"":0.7492304525026663,""score"":75.07695474973337},""V5_bo_expansion"":{""value"":0.6224306490298507,""score"":0},""_score"":29.98},""readiness"":{""_distance_atr"":-1.397,""BR1_atr_distance"":{""score"":32.06533328761371},""BR2_compression"":{""score"":0},""BR3_retest"":{""score"":50.0},""BR4_bo_age"":{""score"":50.0},""_score"":30.33},""risk"":{""R1_stop_clarity"":{""score"":13.651704932326993},""R2_stop_distance_pct"":{""value"":15.951917863919766,""score"":0.0},""R3_stop_distance_atr"":{""value"":5.38088660073249,""score"":30.95566996337551},""R4_rr_potential"":{""value"":0.24449150652225146,""score"":0.0},""_score"":9.42},""market"":{""M1_spy_regime"":{""score"":100.0},""M3_earnings_risk"":{""value"":null,""score"":80.0},""M4_vix"":{""value"":null,""score"":60.0},""_score"":84.0},""liquidity"":{""L1_price"":{""value"":147.56,""score"":100.0},""L2_dollar_vol"":{""value"":335102723.4028861,""score"":100.0},""L3_spread_proxy"":{""value"":0.023177012740580212,""score"":76.82298725941979},""L4_volume_zscore"":{""value"":-1.2963553126794496,""score"":100.0},""_score"":97.68},""pattern_structure"":{""first_base_low"":112.205,""first_base_top"":124.07,""first_base_bars"":35,""second_base_low"":125.91,""second_base_top"":141.45,""second_base_bars"":42,""structural_low"":125.91,""stacking_overlap_pct"":-0.014830337712581635,""current_price"":147.56,""neckline_distance_pct"":-0.04140688533477917,""base_bars"":42},""pattern_geometry_features"":{""first_base_depth_pct"":0.0956314983477069,""second_base_depth_pct"":0.10986214209968181,""second_dry_up_ratio"":0.6767976446974465,""rim_advance_pct"":0.14008221165471102,""atr_pct"":0.029645519498121855},""_schema_version"":""1.0""}",,,,,,,,,,
20260604T164444Z-6b270e,2026-06-04T16:44:44.043038+00:00,CARR,ascending_triangle,forming,55.0,83.2,53.5,63.3,64.8,14.4,58.7,40.6,84.0,98.6,12.48,14.97,5.07,9.07,1.73,4.7,1.63,5.04,4.93,True,risk_unclear,68.54,69.83,61.73,76.99,"{""trend"":{""T1_ema_stack"":{""value"":[true,true,true],""score"":100.0},""T2_ema50_slope"":{""value"":0.13053666027196134,""score"":71.75611004532689},""T3_high_proximity"":{""value"":1.0,""score"":99.99999999999997},""T4_rs_1m"":{""value"":0.0226571213479152,""score"":72.6571213479152},""T5_rs_3m"":{""value"":0.02434857915424149,""score"":62.174289577120746},""T6_adr_healthy"":{""value"":3.0906929698921233,""score"":100.0},""_score"":83.21},""geometry"":{""sub_flat_top_quality"":33.3,""sub_hl_slope"":94.9,""sub_compression"":0,""sub_duration"":100.0,""_score"":53.46},""compression"":{""VC1_atr_ratio"":{""value"":0.3970760660723389,""score"":100},""VC2_range_contraction"":{""value"":1.0539156935172929,""score"":0},""VC3_range_pct_rank"":{""score"":93.33333333333333},""_score"":63.33},""sr_quality"":{""SR1_touches"":{""value"":3,""score"":50.0},""SR2_tightness"":{""value"":0.29032548783889217,""score"":75.96714365265639},""SR3_recency"":{""value"":244,""score"":0.0},""SR4_price_location"":{""score"":93.54578459056042},""SR5_reaction"":{""value"":2.2915989159891605,""score"":100},""_score"":64.78,""_levels_found"":6,""_target_level"":68.6733},""volume"":{""V1_rvol_day"":{""value"":0.2776227795343275,""score"":0},""V2_rvol_sameslot"":{""value"":0.598402712450746,""score"":6.560180830049737,""status"":""ok""},""V3_breakout_bar"":{""value"":0.6720408946208556,""score"":11.469392974723707},""V4_base_dryup"":{""value"":0.987945970059453,""score"":51.20540299405471},""V5_bo_expansion"":{""value"":0.2776227795343275,""score"":0},""_score"":14.42},""readiness"":{""_distance_atr"":0.534,""BR1_atr_distance"":{""score"":64.40502586844075},""BR2_compression"":{""score"":61.93032574836065},""BR3_retest"":{""score"":50.0},""BR4_bo_age"":{""score"":50.0},""_score"":58.74},""risk"":{""R1_stop_clarity"":{""score"":22.183592017738448},""R2_stop_distance_pct"":{""value"":9.935876860227609,""score"":51.603078494309784},""R3_stop_distance_atr"":{""value"":2.8186459719142647,""score"":100.0},""R4_rr_potential"":{""value"":1.2408132098883244,""score"":12.040660494416223},""_score"":40.65},""market"":{""M1_spy_regime"":{""score"":100.0},""M3_earnings_risk"":{""value"":null,""score"":80.0},""M4_vix"":{""value"":null,""score"":60.0},""_score"":84.0},""liquidity"":{""L1_price"":{""value"":68.54,""score"":100.0},""L2_dollar_vol"":{""value"":120086318.47556031,""score"":100.0},""L3_spread_proxy"":{""value"":0.014152319813247721,""score"":85.84768018675229},""L4_volume_zscore"":{""value"":-1.7299321085106885,""score"":100.0},""_score"":98.58},""pattern_structure"":{""top"":69.83,""top_touches"":2,""low_slope_per_bar"":0.17842857142857108,""lowest_low"":62.67,""structural_low"":62.67,""current_price"":68.54,""neckline_distance_pct"":0.01882112634957677,""base_bars"":28},""pattern_geometry_features"":{""top_touches"":2.0,""low_slope"":0.17842857142857108,""compression"":-0.04281865827423004,""atr_pct"":0.03525053149360125},""_schema_version"":""1.0""}",,,,,,,,,,
20260604T164444Z-6b270e,2026-06-04T16:44:44.043038+00:00,CARR,bull_flag,forming,55.0,83.2,51.6,63.3,64.8,13.5,58.7,64.0,84.0,98.6,11.65,15.49,5.7,6.48,1.89,5.29,1.92,5.04,4.93,True,risk_unclear,68.54,69.83,64.6357,77.34,"{""trend"":{""T1_ema_stack"":{""value"":[true,true,true],""score"":100.0},""T2_ema50_slope"":{""value"":0.13053666027196134,""score"":71.75611004532689},""T3_high_proximity"":{""value"":1.0,""score"":99.99999999999997},""T4_rs_1m"":{""value"":0.0226571213479152,""score"":72.6571213479152},""T5_rs_3m"":{""value"":0.02434857915424149,""score"":62.174289577120746},""T6_adr_healthy"":{""value"":3.0906929698921233,""score"":100.0},""_score"":83.21},""geometry"":{""sub_pole_impulse"":60.5,""sub_flag_tightness"":34.0,""sub_flag_shallowness"":0,""sub_flag_drift"":100,""sub_flag_duration"":100.0,""_score"":51.65},""compression"":{""VC1_atr_ratio"":{""value"":0.3970760660723389,""score"":100},""VC2_range_contraction"":{""value"":1.0539156935172929,""score"":0},""VC3_range_pct_rank"":{""score"":93.33333333333333},""_score"":63.33},""sr_quality"":{""SR1_touches"":{""value"":3,""score"":50.0},""SR2_tightness"":{""value"":0.29032548783889217,""score"":75.96714365265639},""SR3_recency"":{""value"":244,""score"":0.0},""SR4_price_location"":{""score"":93.54578459056042},""SR5_reaction"":{""value"":2.2915989159891605,""score"":100},""_score"":64.78,""_levels_found"":6,""_target_level"":68.6733},""volume"":{""V1_rvol_day"":{""value"":0.2776227795343275,""score"":0},""V2_rvol_sameslot"":{""value"":0.598402712450746,""score"":6.560180830049737,""status"":""ok""},""V3_breakout_bar"":{""value"":0.6720408946208556,""score"":11.469392974723707},""V4_base_dryup"":{""value"":1.0330437998669124,""score"":46.695620013308755},""V5_bo_expansion"":{""value"":0.2776227795343275,""score"":0},""_score"":13.52},""readiness"":{""_distance_atr"":0.534,""BR1_atr_distance"":{""score"":64.40502586844075},""BR2_compression"":{""score"":61.93032574836065},""BR3_retest"":{""score"":50.0},""BR4_bo_age"":{""score"":50.0},""_score"":58.74},""risk"":{""R1_stop_clarity"":{""score"":18.520620842571716},""R2_stop_distance_pct"":{""value"":5.696381674934354,""score"":100.0},""R3_stop_distance_atr"":{""value"":1.6159704360679987,""score"":100.0},""R4_rr_potential"":{""value"":2.253925159439588,""score"":62.6962579719794},""_score"":64.02},""market"":{""M1_spy_regime"":{""score"":100.0},""M3_earnings_risk"":{""value"":null,""score"":80.0},""M4_vix"":{""value"":null,""score"":60.0},""_score"":84.0},""liquidity"":{""L1_price"":{""value"":68.54,""score"":100.0},""L2_dollar_vol"":{""value"":120086318.47556031,""score"":100.0},""L3_spread_proxy"":{""value"":0.014152319813247721,""score"":85.84768018675229},""L4_volume_zscore"":{""value"":-1.7299321085106885,""score"":100.0},""_score"":98.58},""pattern_structure"":{""pole_low"":62.32,""pole_low_idx"":27,""peak_price"":69.83,""peak_idx"":45,""pole_gain"":0.1205070603337612,""flag_bars"":14,""flag_low"":65.62,""flag_high"":68.95,""structural_low"":65.62,""current_price"":68.54,""neckline_distance_pct"":0.01882112634957677,""base_bars"":14},""pattern_geometry_features"":{""pole_gain"":0.1205070603337612,""pullback_pct"":0.060289273951023827,""flag_range_pct"":0.04768724044107115,""flag_drift_per_bar"":0.0010737293054187984,""atr_pct"":0.03525053149360125,""pole_atr_multiple"":3.418588464563602},""_schema_version"":""1.0""}",,,,,,,,,,
20260604T164444Z-6b270e,2026-06-04T16:44:44.043038+00:00,SBGSY,double_bottom,forming,55.0,68.9,59.1,65.1,35.4,43.5,34.7,50.4,84.0,80.5,10.34,14.79,5.21,4.95,5.66,2.77,3.02,5.04,4.03,True,risk_unclear,65.545,67.1499,61.0971,72.2723,"{""trend"":{""T1_ema_stack"":{""value"":[true,true,true],""score"":100.0},""T2_ema50_slope"":{""value"":0.07826229180983345,""score"":63.04371530163891},""T3_high_proximity"":{""value"":0.9810657087262386,""score"":90.53285436311926},""T4_rs_1m"":{""value"":-0.02337160709872932,""score"":26.62839290127068},""T5_rs_3m"":{""value"":-0.0011794906102553515,""score"":49.41025469487232},""T6_adr_healthy"":{""value"":2.278486201062631,""score"":100.0},""_score"":68.93},""geometry"":{""sub_low_similarity"":6.4,""sub_bounce_quality"":75.1,""sub_separation_fit"":53.3,""sub_right_bottom_reaction"":94.8,""sub_base_context"":100.0,""_score"":59.15},""compression"":{""VC1_atr_ratio"":{""value"":0.5066906307364323,""score"":100},""VC2_range_contraction"":{""value"":0.7586374478787218,""score"":40.22709202021304},""VC3_range_pct_rank"":{""score"":44.166666666666664},""_score"":65.12},""sr_quality"":{""SR1_touches"":{""value"":2,""score"":25.0},""SR2_tightness"":{""value"":0.2325000000000017,""score"":75.18090111247496},""SR3_recency"":{""value"":245,""score"":0.0},""SR4_price_location"":{""score"":6.286080821039914},""SR5_reaction"":{""value"":2.435207283318973,""score"":100},""_score"":35.35,""_levels_found"":5,""_target_level"":66.7625},""volume"":{""V1_rvol_day"":{""value"":0.6519846697531293,""score"":10.132311316875287},""V2_rvol_sameslot"":{""value"":1.146058301296162,""score"":43.07055341974414,""status"":""ok""},""V3_breakout_bar"":{""value"":1.694711076367085,""score"":79.647405091139},""V4_base_dryup"":{""value"":0.8499850275239194,""score"":65.00149724760806},""V5_bo_expansion"":{""value"":0.6519846697531293,""score"":0},""_score"":43.55},""readiness"":{""_distance_atr"":0.857,""BR1_atr_distance"":{""score"":42.89294364933526},""BR2_compression"":{""score"":0},""BR3_retest"":{""score"":50.0},""BR4_bo_age"":{""score"":50.0},""_score"":34.66},""risk"":{""R1_stop_clarity"":{""score"":0.6795705647772365},""R2_stop_distance_pct"":{""value"":6.786043939278359,""score"":100.0},""R3_stop_distance_atr"":{""value"":2.3740468856033963,""score"":100.0},""R4_rr_potential"":{""value"":1.5124623067562588,""score"":25.62311533781294},""_score"":50.36},""market"":{""M1_spy_regime"":{""score"":100.0},""M3_earnings_risk"":{""value"":null,""score"":80.0},""M4_vix"":{""value"":null,""score"":60.0},""_score"":84.0},""liquidity"":{""L1_price"":{""value"":65.545,""score"":100.0},""L2_dollar_vol"":{""value"":13509742.13,""score"":56.53235297076522},""L3_spread_proxy"":{""value"":0.020596536730490417,""score"":79.40346326950959},""L4_volume_zscore"":{""value"":-1.164109490710384,""score"":100.0},""_score"":80.55},""pattern_structure"":{""left_low"":62.0275,""left_idx"":34,""right_low"":65.0,""right_idx"":71,""separation_bars"":37,""structural_low"":62.0275,""current_price"":65.545,""neckline_distance_pct"":0.024485467999084607,""base_bars"":37},""pattern_geometry_features"":{""low_similarity_pct"":0.046800889571155795,""bounce_pct"":0.08258272540405463,""right_bottom_reaction"":0.9482758620689634,""atr_pct"":0.028584287784837046},""_schema_version"":""1.0""}",,,,,,,,,,
20260604T164444Z-6b270e,2026-06-04T16:44:44.043038+00:00,ASML,vcp,setup,55.0,99.9,55.5,43.8,39.5,34.0,30.6,34.6,84.0,70.8,14.98,13.88,5.25,4.73,4.42,2.14,1.73,5.04,3.54,True,risk_unclear,1740.255,1653.53,1556.3,1459.25,"{""trend"":{""T1_ema_stack"":{""value"":[true,true,true],""score"":100.0},""T2_ema50_slope"":{""value"":0.2956678754999633,""score"":99.27797924999388},""T3_high_proximity"":{""value"":1.0,""score"":99.99999999999997},""T4_rs_1m"":{""value"":0.16078797083885044,""score"":100},""T5_rs_3m"":{""value"":0.1613619159489621,""score"":100},""T6_adr_healthy"":{""value"":3.4631367560740123,""score"":100.0},""_score"":99.86},""geometry"":{""sub_contraction_count"":100.0,""sub_reduction_rate"":12.5,""sub_pivot_tightness"":79.3,""sub_volume_dryup"":36.6,""sub_base_depth"":0.0,""sub_base_duration"":100.0,""_score"":55.51},""compression"":{""VC1_atr_ratio"":{""value"":0.3987543994949257,""score"":100},""VC2_range_contraction"":{""value"":1.0027073560198865,""score"":0},""VC3_range_pct_rank"":{""score"":15.000000000000002},""_score"":43.75},""sr_quality"":{""SR1_touches"":{""value"":2,""score"":25.0},""SR2_tightness"":{""value"":11.745000000000005,""score"":63.01637733686426},""SR3_recency"":{""value"":230,""score"":0.0},""SR4_price_location"":{""score"":30.0},""SR5_reaction"":{""value"":2.5813702676235075,""score"":100},""_score"":39.45,""_levels_found"":5,""_target_level"":1591.745},""volume"":{""V1_rvol_day"":{""value"":0.8177388243483577,""score"":21.18258828989051},""V2_rvol_sameslot"":{""value"":1.4250811520307636,""score"":61.6720768020509,""status"":""ok""},""V3_breakout_bar"":{""value"":1.0147588239787138,""score"":34.31725493191425},""V4_base_dryup"":{""value"":1.056645306980885,""score"":44.3354693019115},""V5_bo_expansion"":{""value"":0.8177388243483577,""score"":0},""_score"":34.02},""readiness"":{""_distance_atr"":-1.365,""BR1_atr_distance"":{""score"":32.69131821659897},""BR2_compression"":{""score"":0},""BR3_retest"":{""score"":50.0},""BR4_bo_age"":{""score"":50.0},""_score"":30.58},""risk"":{""R1_stop_clarity"":{""score"":25.371489389840917},""R2_stop_distance_pct"":{""value"":10.570577300453103,""score"":35.73556748867244},""R3_stop_distance_atr"":{""value"":2.896263221369578,""score"":100.0},""R4_rr_potential"":{""value"":-1.5275746785898718,""score"":0.0},""_score"":34.6},""market"":{""M1_spy_regime"":{""score"":100.0},""M3_earnings_risk"":{""value"":null,""score"":80.0},""M4_vix"":{""value"":null,""score"":60.0},""_score"":84.0},""liquidity"":{""L1_price"":{""value"":1740.255,""score"":0.0},""L2_dollar_vol"":{""value"":2241446331.179874,""score"":100.0},""L3_spread_proxy"":{""value"":0.042120263984301125,""score"":57.879736015698874},""L4_volume_zscore"":{""value"":-0.8253682633464351,""score"":100.0},""_score"":70.79},""pattern_structure"":{""n_contractions"":5,""contractions_pct"":[8.19,8.19,6.88,10.11,4.45],""descending_strict"":false,""final_low"":1580.0,""final_pivot"":1653.53,""structural_low"":1580.0,""dry_up_ratio"":0.816929090570649,""current_price"":1740.255,""neckline_distance_pct"":-0.04983465066901122,""base_bars"":39},""pattern_geometry_features"":{""contraction_count"":5.0,""first_contraction_pct"":0.08191770343215087,""last_contraction_pct"":0.04446850072269628,""dry_up_ratio"":0.816929090570649,""near_monotone"":0.0,""base_depth_pct"":-0.1402014837052218},""_schema_version"":""1.0""}",,,,,,,,,,
20260604T164444Z-6b270e,2026-06-04T16:44:44.043038+00:00,ASML,double_bottom,setup,55.0,99.9,59.2,43.8,39.5,37.3,37.1,44.5,84.0,70.8,14.98,14.8,3.5,5.52,4.84,2.97,2.67,5.04,3.54,True,risk_unclear,1740.255,1705.39,1580.1862,1806.53,"{""trend"":{""T1_ema_stack"":{""value"":[true,true,true],""score"":100.0},""T2_ema50_slope"":{""value"":0.2956678754999633,""score"":99.27797924999388},""T3_high_proximity"":{""value"":1.0,""score"":99.99999999999997},""T4_rs_1m"":{""value"":0.16078797083885044,""score"":100},""T5_rs_3m"":{""value"":0.1613619159489621,""score"":100},""T6_adr_healthy"":{""value"":3.4631367560740123,""score"":100.0},""_score"":99.86},""geometry"":{""sub_low_similarity"":12.1,""sub_bounce_quality"":47.2,""sub_separation_fit"":86.7,""sub_right_bottom_reaction"":87.6,""sub_base_context"":100.0,""_score"":59.22},""compression"":{""VC1_atr_ratio"":{""value"":0.3987543994949257,""score"":100},""VC2_range_contraction"":{""value"":1.0027073560198865,""score"":0},""VC3_range_pct_rank"":{""score"":15.000000000000002},""_score"":43.75},""sr_quality"":{""SR1_touches"":{""value"":2,""score"":25.0},""SR2_tightness"":{""value"":11.745000000000005,""score"":63.01637733686426},""SR3_recency"":{""value"":230,""score"":0.0},""SR4_price_location"":{""score"":30.0},""SR5_reaction"":{""value"":2.5813702676235075,""score"":100},""_score"":39.45,""_levels_found"":5,""_target_level"":1591.745},""volume"":{""V1_rvol_day"":{""value"":0.8177388243483577,""score"":21.18258828989051},""V2_rvol_sameslot"":{""value"":1.4250811520307636,""score"":61.6720768020509,""status"":""ok""},""V3_breakout_bar"":{""value"":1.0147588239787138,""score"":34.31725493191425},""V4_base_dryup"":{""value"":0.8944869284788782,""score"":60.55130715211218},""V5_bo_expansion"":{""value"":0.8177388243483577,""score"":0},""_score"":37.26},""readiness"":{""_distance_atr"":-0.549,""BR1_atr_distance"":{""score"":49.02142184631565},""BR2_compression"":{""score"":0},""BR3_retest"":{""score"":50.0},""BR4_bo_age"":{""score"":50.0},""_score"":37.11},""risk"":{""R1_stop_clarity"":{""score"":24.226083451678733},""R2_stop_distance_pct"":{""value"":9.198005464716385,""score"":70.04986338209038},""R3_stop_distance_atr"":{""value"":2.520188271672972,""score"":100.0},""R4_rr_potential"":{""value"":0.4140408418257782,""score"":0.0},""_score"":44.49},""market"":{""M1_spy_regime"":{""score"":100.0},""M3_earnings_risk"":{""value"":null,""score"":80.0},""M4_vix"":{""value"":null,""score"":60.0},""_score"":84.0},""liquidity"":{""L1_price"":{""value"":1740.255,""score"":0.0},""L2_dollar_vol"":{""value"":2241446331.179874,""score"":100.0},""L3_spread_proxy"":{""value"":0.042120263984301125,""score"":57.879736015698874},""L4_volume_zscore"":{""value"":-0.8253682633464351,""score"":100.0},""_score"":70.79},""pattern_structure"":{""left_low"":1604.25,""left_idx"":37,""right_low"":1676.32,""right_idx"":69,""separation_bars"":32,""structural_low"":1604.25,""current_price"":1740.725,""neckline_distance_pct"":-0.020299013342141816,""base_bars"":32},""pattern_geometry_features"":{""low_similarity_pct"":0.04393748647338721,""bounce_pct"":0.06304503662147427,""right_bottom_reaction"":0.8763132760267365,""atr_pct"":0.036497294936661574},""_schema_version"":""1.0""}",,,,,,,,,,
20260604T164444Z-6b270e,2026-06-04T16:44:44.043038+00:00,TT,cup_with_handle,forming,55.0,54.3,76.5,65.2,59.0,23.6,54.1,59.4,84.0,98.2,7.6,22.94,5.22,7.08,3.07,4.32,2.97,4.2,4.91,True,risk_unclear,462.5975,466.82,434.3404,531.66,"{""trend"":{""T1_ema_stack"":{""value"":[true,true,true],""score"":100.0},""T2_ema50_slope"":{""value"":0.004402739892209796,""score"":50.73378998203496},""T3_high_proximity"":{""value"":0.9392079831079709,""score"":69.60399155398545},""T4_rs_1m"":{""value"":-0.07638478387851333,""score"":0},""T5_rs_3m"":{""value"":-0.050291527532078106,""score"":24.854236233960947},""T6_adr_healthy"":{""value"":2.327230490291309,""score"":100.0},""_score"":54.32},""geometry"":{""sub_cup_depth"":58.6,""sub_cup_duration"":100.0,""sub_rim_symmetry"":95.0,""sub_handle_shallowness"":53.8,""sub_handle_proportion"":100.0,""sub_u_shape"":66.7,""_score"":76.48},""compression"":{""VC1_atr_ratio"":{""value"":0.422560363299935,""score"":100},""VC2_range_contraction"":{""value"":0.8677842150072976,""score"":22.035964165450395},""VC3_range_pct_rank"":{""score"":70.0},""_score"":65.21},""sr_quality"":{""SR1_touches"":{""value"":3,""score"":50.0},""SR2_tightness"":{""value"":1.6509408092222901,""score"":71.1097636736538},""SR3_recency"":{""value"":231,""score"":0.0},""SR4_price_location"":{""score"":73.46019930363796},""SR5_reaction"":{""value"":2.853845794887049,""score"":100},""_score"":59.03,""_levels_found"":8,""_target_level"":466.2817},""volume"":{""V1_rvol_day"":{""value"":0.2894132819026369,""score"":0},""V2_rvol_sameslot"":{""value"":1.0116096822487448,""score"":34.10731214991632,""status"":""ok""},""V3_breakout_bar"":{""value"":0.9246512554903655,""score"":28.3100836993577},""V4_base_dryup"":{""value"":1.0140731169849868,""score"":48.59268830150132},""V5_bo_expansion"":{""value"":0.2894132819026369,""score"":0},""_score"":23.62},""readiness"":{""_distance_atr"":0.369,""BR1_atr_distance"":{""score"":75.3697967836369},""BR2_compression"":{""score"":25.642237490938065},""BR3_retest"":{""score"":50.0},""BR4_bo_age"":{""score"":50.0},""_score"":54.06},""risk"":{""R1_stop_clarity"":{""score"":0},""R2_stop_distance_pct"":{""value"":6.108359967358242,""score"":100.0},""R3_stop_distance_atr"":{""value"":2.4723929670489024,""score"":100.0},""R4_rr_potential"":{""value"":2.4440742290071613,""score"":72.20371145035807},""_score"":59.44},""market"":{""M1_spy_regime"":{""score"":100.0},""M3_earnings_risk"":{""value"":null,""score"":80.0},""M4_vix"":{""value"":null,""score"":60.0},""_score"":84.0},""liquidity"":{""L1_price"":{""value"":462.5975,""score"":100.0},""L2_dollar_vol"":{""value"":181213106.97234273,""score"":100.0},""L3_spread_proxy"":{""value"":0.018439356027648287,""score"":81.56064397235171},""L4_volume_zscore"":{""value"":-2.0780877223916634,""score"":100.0},""_score"":98.16},""pattern_structure"":{""left_rim"":467.98,""left_rim_idx"":113,""cup_bottom"":403.14,""cup_bottom_idx"":133,""right_rim"":466.82,""right_rim_idx"":173,""handle_low"":440.9547,""handle_bars"":6,""cup_bars"":60,""structural_low"":440.9547,""current_price"":462.5975,""neckline_distance_pct"":0.009127805489653463,""base_bars"":66},""pattern_geometry_features"":{""cup_depth_pct"":0.13855292961237667,""rim_symmetry_pct"":0.002478738407624311,""handle_depth_pct"":0.0554074375562315,""handle_to_cup_ratio"":0.1,""cup_duration_bars"":60.0,""atr_pct"":0.02470626655539027,""u_shape_score"":0.3333333333333333},""_schema_version"":""1.0""}",,,,,,,,,,
20260604T164444Z-6b270e,2026-06-04T16:44:44.043038+00:00,TSM,ascending_triangle,forming,55.0,99.3,56.7,42.6,46.3,20.1,50.5,52.1,84.0,95.4,14.9,15.87,3.4,6.49,2.41,4.04,2.08,5.04,4.77,True,risk_unclear,446.13,450.1636,410.9912,483.0772,"{""trend"":{""T1_ema_stack"":{""value"":[true,true,true],""score"":100.0},""T2_ema50_slope"":{""value"":0.2831870236482059,""score"":97.19783727470099},""T3_high_proximity"":{""value"":0.9987463341467236,""score"":99.3731670733618},""T4_rs_1m"":{""value"":0.08585576331676537,""score"":100},""T5_rs_3m"":{""value"":0.15033320733996813,""score"":100},""T6_adr_healthy"":{""value"":3.3391723277117156,""score"":100.0},""_score"":99.35},""geometry"":{""sub_flat_top_quality"":66.7,""sub_hl_slope"":72.2,""sub_compression"":0,""sub_duration"":100.0,""_score"":56.67},""compression"":{""VC1_atr_ratio"":{""value"":0.5944366163328662,""score"":100},""VC2_range_contraction"":{""value"":0.9953928998390396,""score"":0.7678500268267404},""VC3_range_pct_rank"":{""score"":9.166666666666668},""_score"":42.56},""sr_quality"":{""SR1_touches"":{""value"":3,""score"":50.0},""SR2_tightness"":{""value"":3.161079281230112,""score"":58.94805052450304},""SR3_recency"":{""value"":239,""score"":0.0},""SR4_price_location"":{""score"":30.0},""SR5_reaction"":{""value"":2.1772181958336856,""score"":100},""_score"":46.34,""_levels_found"":6,""_target_level"":418.8233},""volume"":{""V1_rvol_day"":{""value"":0.5092624823757124,""score"":0.6174988250474911},""V2_rvol_sameslot"":{""value"":0.9160004012383568,""score"":27.73336008255712,""status"":""ok""},""V3_breakout_bar"":{""value"":0.8237166445529709,""score"":21.581109636864724},""V4_base_dryup"":{""value"":1.0493236357075286,""score"":45.06763642924714},""V5_bo_expansion"":{""value"":0.5092624823757124,""score"":0},""_score"":20.08},""readiness"":{""_distance_atr"":0.262,""BR1_atr_distance"":{""score"":82.53896547427239},""BR2_compression"":{""score"":0},""BR3_retest"":{""score"":50.0},""BR4_bo_age"":{""score"":50.0},""_score"":50.52},""risk"":{""R1_stop_clarity"":{""score"":18.719568248290372},""R2_stop_distance_pct"":{""value"":7.876347701342662,""score"":100.0},""R3_stop_distance_atr"":{""value"":2.2816798651610775,""score"":100.0},""R4_rr_potential"":{""value"":1.051465974173809,""score"":2.5732987086904524},""_score"":52.07},""market"":{""M1_spy_regime"":{""score"":100.0},""M3_earnings_risk"":{""value"":null,""score"":80.0},""M4_vix"":{""value"":null,""score"":60.0},""_score"":84.0},""liquidity"":{""L1_price"":{""value"":446.13,""score"":100.0},""L2_dollar_vol"":{""value"":2847209665.240726,""score"":100.0},""L3_spread_proxy"":{""value"":0.04579360276152685,""score"":54.20639723847315},""L4_volume_zscore"":{""value"":-1.64822603696568,""score"":100.0},""_score"":95.42},""pattern_structure"":{""top"":450.1636,""top_touches"":3,""low_slope_per_bar"":0.9039665582907522,""lowest_low"":417.25,""structural_low"":417.25,""current_price"":446.5653,""neckline_distance_pct"":0.00805772414471074,""base_bars"":37},""pattern_geometry_features"":{""top_touches"":3.0,""low_slope"":0.9039665582907522,""compression"":-0.18208965951306788,""atr_pct"":0.03451995094319081},""_schema_version"":""1.0""}",,,,,,,,,,
20260604T164444Z-6b270e,2026-06-04T16:44:44.043038+00:00,APH,double_bottom,forming,55.0,68.3,77.0,53.3,55.4,16.1,40.8,64.4,84.0,96.5,10.25,19.24,4.27,7.76,2.09,3.26,3.87,5.04,4.83,True,risk_unclear,146.62,151.23,142.037,158.26,"{""trend"":{""T1_ema_stack"":{""value"":[true,true,true],""score"":100.0},""T2_ema50_slope"":{""value"":-0.12156300738000798,""score"":29.73949876999867},""T3_high_proximity"":{""value"":0.9594921798311629,""score"":79.74608991558141},""T4_rs_1m"":{""value"":0.02736931912931695,""score"":77.36931912931695},""T5_rs_3m"":{""value"":-0.03423055466881353,""score"":32.88472266559324},""T6_adr_healthy"":{""value"":4.182794325331278,""score"":100.0},""_score"":68.32},""geometry"":{""sub_low_similarity"":75.1,""sub_bounce_quality"":26.8,""sub_separation_fit"":100.0,""sub_right_bottom_reaction"":93.8,""sub_base_context"":100.0,""_score"":76.96},""compression"":{""VC1_atr_ratio"":{""value"":0.5914312746661743,""score"":100},""VC2_range_contraction"":{""value"":1.003730885423896,""score"":0},""VC3_range_pct_rank"":{""score"":53.333333333333336},""_score"":53.33},""sr_quality"":{""SR1_touches"":{""value"":4,""score"":75.0},""SR2_tightness"":{""value"":0.8111967405475642,""score"":72.64628995351214},""SR3_recency"":{""value"":250,""score"":0.0},""SR4_price_location"":{""score"":28.13855389221774},""SR5_reaction"":{""value"":2.825157792435357,""score"":100},""_score"":55.43,""_levels_found"":6,""_target_level"":155.1762},""volume"":{""V1_rvol_day"":{""value"":0.1979391736422197,""score"":0},""V2_rvol_sameslot"":{""value"":0.5287516921657586,""score"":1.916779477717238,""status"":""ok""},""V3_breakout_bar"":{""value"":0.7299458976533967,""score"":15.329726510226447},""V4_base_dryup"":{""value"":0.9078197236100816,""score"":59.21802763899184},""V5_bo_expansion"":{""value"":0.1979391736422197,""score"":0},""_score"":16.06},""readiness"":{""_distance_atr"":0.777,""BR1_atr_distance"":{""score"":48.18330457081238},""BR2_compression"":{""score"":16.026235067729637},""BR3_retest"":{""score"":50.0},""BR4_bo_age"":{""score"":50.0},""_score"":40.78},""risk"":{""R1_stop_clarity"":{""score"":27.06322415618196},""R2_stop_distance_pct"":{""value"":3.1257672895921615,""score"":100.0},""R3_stop_distance_atr"":{""value"":0.7726982054836301,""score"":63.63491027418151},""R4_rr_potential"":{""value"":2.5398210778965566,""score"":76.99105389482783},""_score"":64.42},""market"":{""M1_spy_regime"":{""score"":100.0},""M3_earnings_risk"":{""value"":null,""score"":80.0},""M4_vix"":{""value"":null,""score"":60.0},""_score"":84.0},""liquidity"":{""L1_price"":{""value"":146.62,""score"":100.0},""L2_dollar_vol"":{""value"":351758437.0042707,""score"":100.0},""L3_spread_proxy"":{""value"":0.03464738780521083,""score"":65.35261219478917},""L4_volume_zscore"":{""value"":-2.037626701845266,""score"":100.0},""_score"":96.54},""pattern_structure"":{""left_low"":144.2,""left_idx"":59,""right_low"":146.01,""right_idx"":71,""separation_bars"":12,""structural_low"":144.2,""current_price"":146.62,""neckline_distance_pct"":0.03144182239803563,""base_bars"":12},""pattern_geometry_features"":{""low_similarity_pct"":0.012473725922607783,""bounce_pct"":0.048751733703190026,""right_bottom_reaction"":0.9377394636015347,""atr_pct"":0.040452627784165106},""_schema_version"":""1.0""}",,,,,,,,,,
20260604T164444Z-6b270e,2026-06-04T16:44:44.043038+00:00,SBGSY,vcp,breakout_confirmed,55.0,68.9,52.7,65.1,35.4,46.0,35.1,45.6,84.0,80.5,10.34,13.18,7.81,4.24,5.98,2.45,2.28,5.04,4.03,True,risk_unclear,65.545,64.04,60.5381,61.34,"{""trend"":{""T1_ema_stack"":{""value"":[true,true,true],""score"":100.0},""T2_ema50_slope"":{""value"":0.07826229180983345,""score"":63.04371530163891},""T3_high_proximity"":{""value"":0.9810657087262386,""score"":90.53285436311926},""T4_rs_1m"":{""value"":-0.02337160709872932,""score"":26.62839290127068},""T5_rs_3m"":{""value"":-0.0011794906102553515,""score"":49.41025469487232},""T6_adr_healthy"":{""value"":2.278486201062631,""score"":100.0},""_score"":68.93},""geometry"":{""sub_contraction_count"":100.0,""sub_reduction_rate"":1.4,""sub_pivot_tightness"":85.3,""sub_volume_dryup"":30.5,""sub_base_depth"":0.0,""sub_base_duration"":100.0,""_score"":52.72},""compression"":{""VC1_atr_ratio"":{""value"":0.5066906307364323,""score"":100},""VC2_range_contraction"":{""value"":0.7586374478787218,""score"":40.22709202021304},""VC3_range_pct_rank"":{""score"":44.166666666666664},""_score"":65.12},""sr_quality"":{""SR1_touches"":{""value"":2,""score"":25.0},""SR2_tightness"":{""value"":0.2325000000000017,""score"":75.18090111247496},""SR3_recency"":{""value"":245,""score"":0.0},""SR4_price_location"":{""score"":6.286080821039914},""SR5_reaction"":{""value"":2.435207283318973,""score"":100},""_score"":35.35,""_levels_found"":5,""_target_level"":66.7625},""volume"":{""V1_rvol_day"":{""value"":0.6519846697531293,""score"":10.132311316875287},""V2_rvol_sameslot"":{""value"":1.146058301296162,""score"":43.07055341974414,""status"":""ok""},""V3_breakout_bar"":{""value"":1.694711076367085,""score"":79.647405091139},""V4_base_dryup"":{""value"":0.7286517012321045,""score"":77.13482987678955},""V5_bo_expansion"":{""value"":0.6519846697531293,""score"":0},""_score"":45.98},""readiness"":{""_distance_atr"":-0.803,""BR1_atr_distance"":{""score"":43.93430373087105},""BR2_compression"":{""score"":0},""BR3_retest"":{""score"":50.0},""BR4_bo_age"":{""score"":50.0},""_score"":35.07},""risk"":{""R1_stop_clarity"":{""score"":1.5882698304981204},""R2_stop_distance_pct"":{""value"":7.638874055992069,""score"":100.0},""R3_stop_distance_atr"":{""value"":2.672403144515016,""score"":100.0},""R4_rr_potential"":{""value"":-0.8398410193932367,""score"":0.0},""_score"":45.56},""market"":{""M1_spy_regime"":{""score"":100.0},""M3_earnings_risk"":{""value"":null,""score"":80.0},""M4_vix"":{""value"":null,""score"":60.0},""_score"":84.0},""liquidity"":{""L1_price"":{""value"":65.545,""score"":100.0},""L2_dollar_vol"":{""value"":13509742.13,""score"":56.53235297076522},""L3_spread_proxy"":{""value"":0.020596536730490417,""score"":79.40346326950959},""L4_volume_zscore"":{""value"":-1.164109490710384,""score"":100.0},""_score"":80.55},""pattern_structure"":{""n_contractions"":5,""contractions_pct"":[7.95,5.95,8.0,12.44,4.03],""descending_strict"":false,""final_low"":61.46,""final_pivot"":64.04,""structural_low"":61.46,""dry_up_ratio"":0.8474167753376585,""current_price"":65.545,""neckline_distance_pct"":-0.02296132428102823,""base_bars"":49},""pattern_geometry_features"":{""contraction_count"":5.0,""first_contraction_pct"":0.07947583390061257,""last_contraction_pct"":0.040287320424734624,""dry_up_ratio"":0.8474167753376585,""near_monotone"":0.0,""base_depth_pct"":-0.04594962559564335},""_schema_version"":""1.0""}",,,,,,,,,,
20260604T164444Z-6b270e,2026-06-04T16:44:44.043038+00:00,TT,double_bottom,forming,55.0,54.3,61.5,65.2,59.0,26.8,54.1,45.6,84.0,98.2,8.15,15.37,5.22,8.26,3.48,4.32,2.74,5.04,4.91,True,risk_unclear,462.5975,466.82,434.3404,492.6853,"{""trend"":{""T1_ema_stack"":{""value"":[true,true,true],""score"":100.0},""T2_ema50_slope"":{""value"":0.004402739892209796,""score"":50.73378998203496},""T3_high_proximity"":{""value"":0.9392079831079709,""score"":69.60399155398545},""T4_rs_1m"":{""value"":-0.07638478387851333,""score"":0},""T5_rs_3m"":{""value"":-0.050291527532078106,""score"":24.854236233960947},""T6_adr_healthy"":{""value"":2.327230490291309,""score"":100.0},""_score"":54.32},""geometry"":{""sub_low_similarity"":75.2,""sub_bounce_quality"":40.9,""sub_separation_fit"":0.0,""sub_right_bottom_reaction"":71.6,""sub_base_context"":100.0,""_score"":61.48},""compression"":{""VC1_atr_ratio"":{""value"":0.422560363299935,""score"":100},""VC2_range_contraction"":{""value"":0.8677842150072976,""score"":22.035964165450395},""VC3_range_pct_rank"":{""score"":70.0},""_score"":65.21},""sr_quality"":{""SR1_touches"":{""value"":3,""score"":50.0},""SR2_tightness"":{""value"":1.6509408092222901,""score"":71.1097636736538},""SR3_recency"":{""value"":231,""score"":0.0},""SR4_price_location"":{""score"":73.46019930363796},""SR5_reaction"":{""value"":2.853845794887049,""score"":100},""_score"":59.03,""_levels_found"":8,""_target_level"":466.2817},""volume"":{""V1_rvol_day"":{""value"":0.2894132819026369,""score"":0},""V2_rvol_sameslot"":{""value"":1.0116096822487448,""score"":34.10731214991632,""status"":""ok""},""V3_breakout_bar"":{""value"":0.9246512554903655,""score"":28.3100836993577},""V4_base_dryup"":{""value"":0.8555125142599929,""score"":64.44874857400072},""V5_bo_expansion"":{""value"":0.2894132819026369,""score"":0},""_score"":26.79},""readiness"":{""_distance_atr"":0.369,""BR1_atr_distance"":{""score"":75.3697967836369},""BR2_compression"":{""score"":25.642237490938065},""BR3_retest"":{""score"":50.0},""BR4_bo_age"":{""score"":50.0},""_score"":54.06},""risk"":{""R1_stop_clarity"":{""score"":0},""R2_stop_distance_pct"":{""value"":6.108359967358242,""score"":100.0},""R3_stop_distance_atr"":{""value"":2.4723929670489024,""score"":100.0},""R4_rr_potential"":{""value"":1.0647864845251984,""score"":3.239324226259921},""_score"":45.65},""market"":{""M1_spy_regime"":{""score"":100.0},""M3_earnings_risk"":{""value"":null,""score"":80.0},""M4_vix"":{""value"":null,""score"":60.0},""_score"":84.0},""liquidity"":{""L1_price"":{""value"":462.5975,""score"":100.0},""L2_dollar_vol"":{""value"":181213106.97234273,""score"":100.0},""L3_spread_proxy"":{""value"":0.018439356027648287,""score"":81.56064397235171},""L4_volume_zscore"":{""value"":-2.0780877223916634,""score"":100.0},""_score"":98.16},""pattern_structure"":{""left_low"":446.46,""left_idx"":12,""right_low"":440.9547,""right_idx"":59,""separation_bars"":47,""structural_low"":440.9547,""current_price"":462.5975,""neckline_distance_pct"":0.009127805489653463,""base_bars"":47},""pattern_geometry_features"":{""low_similarity_pct"":0.012407502377411546,""bounce_pct"":0.05865749928507393,""right_bottom_reaction"":0.7158699070370491,""atr_pct"":0.02470626655539027},""_schema_version"":""1.0""}",,,,,,,,,,
20260604T164444Z-6b270e,2026-06-04T16:44:44.043038+00:00,TT,breakout_retest_hold,forming,55.0,54.3,74.8,65.2,59.0,25.0,68.6,48.7,84.0,98.2,7.6,16.45,3.91,8.26,3.25,12.34,2.44,4.2,2.94,True,risk_unclear,462.5975,462.79,452.628,473.97,"{""trend"":{""T1_ema_stack"":{""value"":[true,true,true],""score"":100.0},""T2_ema50_slope"":{""value"":0.004402739892209796,""score"":50.73378998203496},""T3_high_proximity"":{""value"":0.9392079831079709,""score"":69.60399155398545},""T4_rs_1m"":{""value"":-0.07638478387851333,""score"":0},""T5_rs_3m"":{""value"":-0.050291527532078106,""score"":24.854236233960947},""T6_adr_healthy"":{""value"":2.327230490291309,""score"":100.0},""_score"":54.32},""geometry"":{""sub_retest_depth"":46.8,""sub_retest_timing"":100.0,""sub_retest_freshness"":100.0,""sub_hold_quality"":69.1,""_score"":74.77},""compression"":{""VC1_atr_ratio"":{""value"":0.422560363299935,""score"":100},""VC2_range_contraction"":{""value"":0.8677842150072976,""score"":22.035964165450395},""VC3_range_pct_rank"":{""score"":70.0},""_score"":65.21},""sr_quality"":{""SR1_touches"":{""value"":3,""score"":50.0},""SR2_tightness"":{""value"":1.6509408092222901,""score"":71.1097636736538},""SR3_recency"":{""value"":231,""score"":0.0},""SR4_price_location"":{""score"":73.46019930363796},""SR5_reaction"":{""value"":2.853845794887049,""score"":100},""_score"":59.03,""_levels_found"":8,""_target_level"":466.2817},""volume"":{""V1_rvol_day"":{""value"":0.2894132819026369,""score"":0},""V2_rvol_sameslot"":{""value"":1.0116096822487448,""score"":34.10731214991632,""status"":""ok""},""V3_breakout_bar"":{""value"":0.9246512554903655,""score"":28.3100836993577},""V4_base_dryup"":{""value"":0.9436340774688325,""score"":55.636592253116746},""V5_bo_expansion"":{""value"":0.2894132819026369,""score"":0},""_score"":25.03},""readiness"":{""_distance_atr"":0.017,""BR1_atr_distance"":{""score"":98.87713105526352},""BR2_compression"":{""score"":25.642237490938065},""BR3_retest"":{""score"":75.54478934645266},""BR4_bo_age"":{""score"":50},""_score"":68.57},""risk"":{""R1_stop_clarity"":{""score"":19.99340028048809},""R2_stop_distance_pct"":{""value"":2.1551132463967138,""score"":100.0},""R3_stop_distance_atr"":{""value"":0.8722941774974592,""score"":68.61470887487296},""R4_rr_potential"":{""value"":1.1407292241336089,""score"":7.036461206680444},""_score"":48.7},""market"":{""M1_spy_regime"":{""score"":100.0},""M3_earnings_risk"":{""value"":null,""score"":80.0},""M4_vix"":{""value"":null,""score"":60.0},""_score"":84.0},""liquidity"":{""L1_price"":{""value"":462.5975,""score"":100.0},""L2_dollar_vol"":{""value"":181213106.97234273,""score"":100.0},""L3_spread_proxy"":{""value"":0.018439356027648287,""score"":81.56064397235171},""L4_volume_zscore"":{""value"":-2.0780877223916634,""score"":100.0},""_score"":98.16},""pattern_structure"":{""level"":462.79,""level_idx"":65,""breakout_idx"":71,""bo_peak_idx"":72,""bo_peak_price"":471.79,""retest_idx"":77,""retest_low"":457.2,""structural_low"":457.2,""current_price"":462.5975,""neckline_distance_pct"":0.0004161284918314419,""base_bars"":14,""bars_since_breakout"":8},""pattern_geometry_features"":{""retest_depth_atr"":1.3722866827170157,""bars_breakout_to_retest"":6.0,""bars_since_retest"":2.0,""current_above_level_atr"":-0.04725674175724826,""bo_peak_excess_pct"":0.0194472654983902,""atr_pct"":0.02470626655539027},""_schema_version"":""1.0""}",,,,,,,,,,
20260604T164444Z-6b270e,2026-06-04T16:44:44.043038+00:00,MMM,vcp,breakout_failed,55.0,63.3,61.7,71.3,59.6,16.8,40.0,65.0,84.0,98.8,9.49,15.42,8.55,7.15,2.19,2.8,3.25,5.04,4.94,True,risk_unclear,153.915,156.69,146.172,185.702,"{""trend"":{""T1_ema_stack"":{""value"":[true,true,false],""score"":66.66666666666666},""T2_ema50_slope"":{""value"":0.023638152407558035,""score"":53.93969206792634},""T3_high_proximity"":{""value"":0.9914009661835749,""score"":95.70048309178742},""T4_rs_1m"":{""value"":0.032408383693887766,""score"":82.40838369388777},""T5_rs_3m"":{""value"":-0.12511139385712788,""score"":0},""T6_adr_healthy"":{""value"":2.0411182304378066,""score"":100.0},""_score"":63.29},""geometry"":{""sub_contraction_count"":100.0,""sub_reduction_rate"":0,""sub_pivot_tightness"":67.3,""sub_volume_dryup"":43.9,""sub_base_depth"":100.0,""sub_base_duration"":100.0,""_score"":61.68},""compression"":{""VC1_atr_ratio"":{""value"":0.43054614755510917,""score"":100},""VC2_range_contraction"":{""value"":0.8565083017470019,""score"":23.915283042166354},""VC3_range_pct_rank"":{""score"":91.66666666666666},""_score"":71.29},""sr_quality"":{""SR1_touches"":{""value"":4,""score"":75.0},""SR2_tightness"":{""value"":0.8708177460726212,""score"":50.630916013619576},""SR3_recency"":{""value"":231,""score"":0.0},""SR4_price_location"":{""score"":57.90513484940624},""SR5_reaction"":{""value"":2.4495181113203373,""score"":100},""_score"":59.57,""_levels_found"":4,""_target_level"":158.0859},""volume"":{""V1_rvol_day"":{""value"":0.28966704826648754,""score"":0},""V2_rvol_sameslot"":{""value"":0.689073835583397,""score"":12.604922372226465,""status"":""ok""},""V3_breakout_bar"":{""value"":0.7230586939772932,""score"":14.870579598486211},""V4_base_dryup"":{""value"":0.9703457750863667,""score"":52.965422491363334},""V5_bo_expansion"":{""value"":0.28966704826648754,""score"":0},""_score"":16.83},""readiness"":{""_distance_atr"":0.787,""BR1_atr_distance"":{""score"":47.55917309522345},""BR2_compression"":{""score"":13.854965927331708},""BR3_retest"":{""score"":50.0},""BR4_bo_age"":{""score"":50.0},""_score"":39.99},""risk"":{""R1_stop_clarity"":{""score"":0},""R2_stop_distance_pct"":{""value"":5.030679271026207,""score"":100.0},""R3_stop_distance_atr"":{""value"":2.194852699993925,""score"":100.0},""R4_rr_potential"":{""value"":4.105272266326754,""score"":100.0},""_score"":65.0},""market"":{""M1_spy_regime"":{""score"":100.0},""M3_earnings_risk"":{""value"":null,""score"":80.0},""M4_vix"":{""value"":null,""score"":60.0},""_score"":84.0},""liquidity"":{""L1_price"":{""value"":153.915,""score"":100.0},""L2_dollar_vol"":{""value"":168102350.337903,""score"":100.0},""L3_spread_proxy"":{""value"":0.012279504921547519,""score"":87.72049507845249},""L4_volume_zscore"":{""value"":-1.5776370257732932,""score"":100.0},""_score"":98.77},""pattern_structure"":{""n_contractions"":5,""contractions_pct"":[8.4,4.97,9.2,4.25,5.29],""descending_strict"":false,""final_low"":148.398,""final_pivot"":156.69,""structural_low"":148.398,""dry_up_ratio"":0.7803443469400995,""current_price"":153.915,""neckline_distance_pct"":0.018029431829256447,""base_bars"":74},""pattern_geometry_features"":{""contraction_count"":5.0,""first_contraction_pct"":0.08398624654754527,""last_contraction_pct"":0.05291977790541835,""dry_up_ratio"":0.7803443469400995,""near_monotone"":0.0,""base_depth_pct"":0.16353080435150216},""_schema_version"":""1.0""}",,,,,,,,,,
20260604T164444Z-6b270e,2026-06-04T16:44:44.043038+00:00,CW,cup_with_handle,forming,55.0,71.3,61.0,57.6,67.0,15.6,45.5,63.0,84.0,66.5,9.99,18.29,4.6,8.04,2.03,3.64,3.15,4.2,3.33,True,risk_unclear,747.41,758.4487,697.8233,862.9187,"{""trend"":{""T1_ema_stack"":{""value"":[true,true,true],""score"":100.0},""T2_ema50_slope"":{""value"":0.11646469059318851,""score"":69.41078176553142},""T3_high_proximity"":{""value"":0.9952197070572569,""score"":97.60985352862845},""T4_rs_1m"":{""value"":-0.01995271815473032,""score"":30.04728184526968},""T5_rs_3m"":{""value"":-0.009149520194826177,""score"":45.42523990258691},""T6_adr_healthy"":{""value"":3.1945321040656727,""score"":100.0},""_score"":71.35},""geometry"":{""sub_cup_depth"":63.1,""sub_cup_duration"":100.0,""sub_rim_symmetry"":22.4,""sub_handle_shallowness"":45.1,""sub_handle_proportion"":100.0,""sub_u_shape"":65.6,""_score"":60.96},""compression"":{""VC1_atr_ratio"":{""value"":0.42577283406309757,""score"":100},""VC2_range_contraction"":{""value"":0.9133061343329705,""score"":14.448977611171587},""VC3_range_pct_rank"":{""score"":50.0},""_score"":57.56},""sr_quality"":{""SR1_touches"":{""value"":4,""score"":75.0},""SR2_tightness"":{""value"":5.358953819718464,""score"":56.42085581074776},""SR3_recency"":{""value"":230,""score"":0.0},""SR4_price_location"":{""score"":84.07706000594047},""SR5_reaction"":{""value"":2.0603470283403955,""score"":100},""_score"":66.98,""_levels_found"":6,""_target_level"":754.3274},""volume"":{""V1_rvol_day"":{""value"":0.24604172235976018,""score"":0},""V2_rvol_sameslot"":{""value"":1.0177846894241094,""score"":34.51897929494063,""status"":""ok""},""V3_breakout_bar"":{""value"":0.8578709300453821,""score"":23.85806200302547},""V4_base_dryup"":{""value"":1.3645183764067241,""score"":13.548162359327591},""V5_bo_expansion"":{""value"":0.24604172235976016,""score"":0},""_score"":15.58},""readiness"":{""_distance_atr"":0.449,""BR1_atr_distance"":{""score"":70.07767342002248},""BR2_compression"":{""score"":0},""BR3_retest"":{""score"":50.0},""BR4_bo_age"":{""score"":50.0},""_score"":45.53},""risk"":{""R1_stop_clarity"":{""score"":13.583007786123005},""R2_stop_distance_pct"":{""value"":6.634477729760096,""score"":100.0},""R3_stop_distance_atr"":{""value"":2.016203349406664,""score"":100.0},""R4_rr_potential"":{""value"":2.329426711772807,""score"":66.47133558864036},""_score"":63.05},""market"":{""M1_spy_regime"":{""score"":100.0},""M3_earnings_risk"":{""value"":null,""score"":80.0},""M4_vix"":{""value"":null,""score"":60.0},""_score"":84.0},""liquidity"":{""L1_price"":{""value"":747.41,""score"":0.0},""L2_dollar_vol"":{""value"":53657234.156360514,""score"":86.48141412720554},""L3_spread_proxy"":{""value"":0.03077293587187755,""score"":69.22706412812245},""L4_volume_zscore"":{""value"":-1.416874432422013,""score"":100.0},""_score"":66.52},""pattern_structure"":{""left_rim"":730.12,""left_rim_idx"":113,""cup_bottom"":625.65,""cup_bottom_idx"":133,""right_rim"":758.4487,""right_rim_idx"":174,""handle_low"":708.45,""handle_bars"":5,""cup_bars"":61,""structural_low"":708.45,""current_price"":747.41,""neckline_distance_pct"":0.01476926987864768,""base_bars"":66},""pattern_geometry_features"":{""cup_depth_pct"":0.1430860680436093,""rim_symmetry_pct"":0.03880006026406622,""handle_depth_pct"":0.06592232276223821,""handle_to_cup_ratio"":0.08196721311475409,""cup_duration_bars"":61.0,""atr_pct"":0.03290579658898253,""u_shape_score"":0.32786885245901637},""_schema_version"":""1.0""}",,,,,,,,,,
20260604T164444Z-6b270e,2026-06-04T16:44:44.043038+00:00,CW,double_bottom,forming,55.0,71.3,75.0,57.6,67.0,26.2,45.5,52.1,84.0,66.5,10.7,18.75,4.6,9.38,3.41,3.64,3.12,5.04,3.33,True,risk_unclear,747.41,758.4487,697.8233,808.4474,"{""trend"":{""T1_ema_stack"":{""value"":[true,true,true],""score"":100.0},""T2_ema50_slope"":{""value"":0.11646469059318851,""score"":69.41078176553142},""T3_high_proximity"":{""value"":0.9952197070572569,""score"":97.60985352862845},""T4_rs_1m"":{""value"":-0.01995271815473032,""score"":30.04728184526968},""T5_rs_3m"":{""value"":-0.009149520194826177,""score"":45.42523990258691},""T6_adr_healthy"":{""value"":3.1945321040656727,""score"":100.0},""_score"":71.35},""geometry"":{""sub_low_similarity"":97.8,""sub_bounce_quality"":58.0,""sub_separation_fit"":0.0,""sub_right_bottom_reaction"":93.8,""sub_base_context"":100.0,""_score"":75.01},""compression"":{""VC1_atr_ratio"":{""value"":0.42577283406309757,""score"":100},""VC2_range_contraction"":{""value"":0.9133061343329705,""score"":14.448977611171587},""VC3_range_pct_rank"":{""score"":50.0},""_score"":57.56},""sr_quality"":{""SR1_touches"":{""value"":4,""score"":75.0},""SR2_tightness"":{""value"":5.358953819718464,""score"":56.42085581074776},""SR3_recency"":{""value"":230,""score"":0.0},""SR4_price_location"":{""score"":84.07706000594047},""SR5_reaction"":{""value"":2.0603470283403955,""score"":100},""_score"":66.98,""_levels_found"":6,""_target_level"":754.3274},""volume"":{""V1_rvol_day"":{""value"":0.24604172235976018,""score"":0},""V2_rvol_sameslot"":{""value"":1.0177846894241094,""score"":34.51897929494063,""status"":""ok""},""V3_breakout_bar"":{""value"":0.8578709300453821,""score"":23.85806200302547},""V4_base_dryup"":{""value"":0.8330710437554047,""score"":66.69289562445952},""V5_bo_expansion"":{""value"":0.24604172235976016,""score"":0},""_score"":26.21},""readiness"":{""_distance_atr"":0.449,""BR1_atr_distance"":{""score"":70.07767342002248},""BR2_compression"":{""score"":0},""BR3_retest"":{""score"":50.0},""BR4_bo_age"":{""score"":50.0},""_score"":45.53},""risk"":{""R1_stop_clarity"":{""score"":13.583007786123005},""R2_stop_distance_pct"":{""value"":6.634477729760096,""score"":100.0},""R3_stop_distance_atr"":{""value"":2.016203349406664,""score"":100.0},""R4_rr_potential"":{""value"":1.2309215667491844,""score"":11.546078337459221},""_score"":52.06},""market"":{""M1_spy_regime"":{""score"":100.0},""M3_earnings_risk"":{""value"":null,""score"":80.0},""M4_vix"":{""value"":null,""score"":60.0},""_score"":84.0},""liquidity"":{""L1_price"":{""value"":747.41,""score"":0.0},""L2_dollar_vol"":{""value"":53657234.156360514,""score"":86.48141412720554},""L3_spread_proxy"":{""value"":0.03077293587187755,""score"":69.22706412812245},""L4_volume_zscore"":{""value"":-1.416874432422013,""score"":100.0},""_score"":66.52},""pattern_structure"":{""left_low"":709.22,""left_idx"":23,""right_low"":708.45,""right_idx"":71,""separation_bars"":48,""structural_low"":708.45,""current_price"":747.41,""neckline_distance_pct"":0.01476926987864768,""base_bars"":48},""pattern_geometry_features"":{""low_similarity_pct"":0.0010862894749835742,""bounce_pct"":0.07057477591926033,""right_bottom_reaction"":0.9378072237657601,""atr_pct"":0.03290579658898253},""_schema_version"":""1.0""}",,,,,,,,,,
20260604T164444Z-6b270e,2026-06-04T16:44:44.043038+00:00,TSM,double_bottom,forming,55.0,99.3,58.7,42.6,46.3,22.8,50.5,48.9,84.0,95.4,14.9,14.67,3.4,6.49,2.97,4.04,2.94,5.04,4.77,True,risk_unclear,446.13,450.1636,408.4894,485.6172,"{""trend"":{""T1_ema_stack"":{""value"":[true,true,true],""score"":100.0},""T2_ema50_slope"":{""value"":0.2831870236482059,""score"":97.19783727470099},""T3_high_proximity"":{""value"":0.9987463341467236,""score"":99.3731670733618},""T4_rs_1m"":{""value"":0.08585576331676537,""score"":100},""T5_rs_3m"":{""value"":0.15033320733996813,""score"":100},""T6_adr_healthy"":{""value"":3.3391723277117156,""score"":100.0},""_score"":99.35},""geometry"":{""sub_low_similarity"":6.7,""sub_bounce_quality"":79.3,""sub_separation_fit"":100.0,""sub_right_bottom_reaction"":38.8,""sub_base_context"":100.0,""_score"":58.69},""compression"":{""VC1_atr_ratio"":{""value"":0.5944366163328662,""score"":100},""VC2_range_contraction"":{""value"":0.9953928998390396,""score"":0.7678500268267404},""VC3_range_pct_rank"":{""score"":9.166666666666668},""_score"":42.56},""sr_quality"":{""SR1_touches"":{""value"":3,""score"":50.0},""SR2_tightness"":{""value"":3.161079281230112,""score"":58.94805052450304},""SR3_recency"":{""value"":239,""score"":0.0},""SR4_price_location"":{""score"":30.0},""SR5_reaction"":{""value"":2.1772181958336856,""score"":100},""_score"":46.34,""_levels_found"":6,""_target_level"":418.8233},""volume"":{""V1_rvol_day"":{""value"":0.5092624823757124,""score"":0.6174988250474911},""V2_rvol_sameslot"":{""value"":0.9160004012383568,""score"":27.73336008255712,""status"":""ok""},""V3_breakout_bar"":{""value"":0.8237166445529709,""score"":21.581109636864724},""V4_base_dryup"":{""value"":0.9114172852608441,""score"":58.85827147391559},""V5_bo_expansion"":{""value"":0.5092624823757124,""score"":0},""_score"":22.84},""readiness"":{""_distance_atr"":0.262,""BR1_atr_distance"":{""score"":82.53896547427239},""BR2_compression"":{""score"":0},""BR3_retest"":{""score"":50.0},""BR4_bo_age"":{""score"":50.0},""_score"":50.52},""risk"":{""R1_stop_clarity"":{""score"":19.214361050326502},""R2_stop_distance_pct"":{""value"":8.437148364826394,""score"":89.07129087934015},""R3_stop_distance_atr"":{""value"":2.444136835162755,""score"":100.0},""R4_rr_potential"":{""value"":1.0490573356198678,""score"":2.45286678099339},""_score"":48.94},""market"":{""M1_spy_regime"":{""score"":100.0},""M3_earnings_risk"":{""value"":null,""score"":80.0},""M4_vix"":{""value"":null,""score"":60.0},""_score"":84.0},""liquidity"":{""L1_price"":{""value"":446.13,""score"":100.0},""L2_dollar_vol"":{""value"":2847209665.240726,""score"":100.0},""L3_spread_proxy"":{""value"":0.04579360276152685,""score"":54.20639723847315},""L4_volume_zscore"":{""value"":-1.64822603696568,""score"":100.0},""_score"":95.42},""pattern_structure"":{""left_low"":414.71,""left_idx"":47,""right_low"":434.525,""right_idx"":71,""separation_bars"":24,""structural_low"":414.71,""current_price"":446.5653,""neckline_distance_pct"":0.00805772414471074,""base_bars"":24},""pattern_geometry_features"":{""low_similarity_pct"":0.04666552838731329,""bounce_pct"":0.08549010151672252,""right_bottom_reaction"":0.3884618827772337,""atr_pct"":0.03451995094319081},""_schema_version"":""1.0""}",,,,,,,,,,
20260604T164444Z-6b270e,2026-06-04T16:44:44.043038+00:00,GD,cup_with_handle,forming,55.0,42.1,72.2,78.0,53.4,29.3,20.2,65.0,84.0,96.7,5.89,21.65,6.24,6.41,3.81,1.62,3.25,4.2,4.84,True,risk_unclear,342.0,351.36,329.9947,400.98,"{""trend"":{""T1_ema_stack"":{""value"":[true,false,true],""score"":66.66666666666666},""T2_ema50_slope"":{""value"":-0.003912405747431653,""score"":49.34793237542806},""T3_high_proximity"":{""value"":0.9408787036782305,""score"":70.4393518391152},""T4_rs_1m"":{""value"":-0.06578317257425448,""score"":0},""T5_rs_3m"":{""value"":-0.16226327013806563,""score"":0},""T6_adr_healthy"":{""value"":1.61833792150694,""score"":100.0},""_score"":42.1},""geometry"":{""sub_cup_depth"":59.2,""sub_cup_duration"":100.0,""sub_rim_symmetry"":71.8,""sub_handle_shallowness"":61.2,""sub_handle_proportion"":94.6,""sub_u_shape"":61.8,""_score"":72.17},""compression"":{""VC1_atr_ratio"":{""value"":0.46389941661746437,""score"":100},""VC2_range_contraction"":{""value"":0.7518631908428779,""score"":41.35613485952035},""VC3_range_pct_rank"":{""score"":94.16666666666667},""_score"":78.02},""sr_quality"":{""SR1_touches"":{""value"":2,""score"":25.0},""SR2_tightness"":{""value"":0.4900000000000091,""score"":84.02770387777402},""SR3_recency"":{""value"":276,""score"":0.0},""SR4_price_location"":{""score"":73.28348062542469},""SR5_reaction"":{""value"":2.401540660675401,""score"":100},""_score"":53.43,""_levels_found"":7,""_target_level"":343.31},""volume"":{""V1_rvol_day"":{""value"":0.22677109626255765,""score"":0},""V2_rvol_sameslot"":{""value"":0.8996503678607789,""score"":26.643357857385258,""status"":""ok""},""V3_breakout_bar"":{""value"":0.884235562078647,""score"":25.61570413857646},""V4_base_dryup"":{""value"":0.6233579011880435,""score"":87.66420988119566},""V5_bo_expansion"":{""value"":0.22677109626255765,""score"":0},""_score"":29.27},""readiness"":{""_distance_atr"":1.526,""BR1_atr_distance"":{""score"":0},""BR2_compression"":{""score"":10.98194479769767},""BR3_retest"":{""score"":50.0},""BR4_bo_age"":{""score"":50.0},""_score"":20.25},""risk"":{""R1_stop_clarity"":{""score"":0},""R2_stop_distance_pct"":{""value"":3.51032163742691,""score"":100.0},""R3_stop_distance_atr"":{""value"":1.9566551697566992,""score"":100.0},""R4_rr_potential"":{""value"":4.912830166676372,""score"":100.0},""_score"":65.0},""market"":{""M1_spy_regime"":{""score"":100.0},""M3_earnings_risk"":{""value"":null,""score"":80.0},""M4_vix"":{""value"":null,""score"":60.0},""_score"":84.0},""liquidity"":{""L1_price"":{""value"":342.0,""score"":100.0},""L2_dollar_vol"":{""value"":77964384.34414801,""score"":94.59481268885858},""L3_spread_proxy"":{""value"":0.011052631578947288,""score"":88.94736842105272},""L4_volume_zscore"":{""value"":-2.1357607719443394,""score"":100.0},""_score"":96.73},""pattern_structure"":{""left_rim"":356.39,""left_rim_idx"":106,""cup_bottom"":306.77,""cup_bottom_idx"":153,""right_rim"":351.36,""right_rim_idx"":174,""handle_low"":335.02,""handle_bars"":5,""cup_bars"":68,""structural_low"":335.02,""current_price"":342.0,""neckline_distance_pct"":0.027368421052631618,""base_bars"":73},""pattern_geometry_features"":{""cup_depth_pct"":0.13922949577709814,""rim_symmetry_pct"":0.014113751788770652,""handle_depth_pct"":0.046505009107468215,""handle_to_cup_ratio"":0.07352941176470588,""cup_duration_bars"":68.0,""atr_pct"":0.01794042042606517,""u_shape_score"":0.3088235294117647},""_schema_version"":""1.0""}",,,,,,,,,,
20260604T164444Z-6b270e,2026-06-04T16:44:44.043038+00:00,IBM,high_tight_pullback,forming,54.98,75.7,79.6,7.7,43.1,3.7,30.3,68.2,84.0,96.9,9.08,27.87,0.77,3.44,0.52,2.72,0.68,5.04,4.85,False,,301.65,329.88,296.682,405.09,"{""trend"":{""T1_ema_stack"":{""value"":[true,true,false],""score"":66.66666666666666},""T2_ema50_slope"":{""value"":0.08600273191899815,""score"":64.33378865316637},""T3_high_proximity"":{""value"":0.9162287762354584,""score"":58.11438811772918},""T4_rs_1m"":{""value"":0.27179955108400033,""score"":100},""T5_rs_3m"":{""value"":0.06537455939898118,""score"":82.68727969949059},""T6_adr_healthy"":{""value"":4.033264097353357,""score"":100.0},""_score"":75.65},""geometry"":{""sub_pole_impulse"":100.0,""sub_flag_tightness"":70.8,""sub_flag_shallowness"":41.1,""sub_flag_drift"":91.5,""sub_flag_duration"":100.0,""_score"":79.64},""compression"":{""VC1_atr_ratio"":{""value"":1.3044424092584677,""score"":0},""VC2_range_contraction"":{""value"":2.1483669032566763,""score"":0},""VC3_range_pct_rank"":{""score"":30.833333333333336},""_score"":7.71},""sr_quality"":{""SR1_touches"":{""value"":2,""score"":25.0},""SR2_tightness"":{""value"":1.4050000000000011,""score"":81.93513547270798},""SR3_recency"":{""value"":323,""score"":0.0},""SR4_price_location"":{""score"":51.000418585182025},""SR5_reaction"":{""value"":1.4030806701357563,""score"":70.15403350678781},""_score"":43.06,""_levels_found"":6,""_target_level"":311.405},""volume"":{""V1_rvol_day"":{""value"":0.4081880011862909,""score"":0},""V2_rvol_sameslot"":{""value"":0.7763225763420429,""score"":18.421505089469527,""status"":""ok""},""V3_breakout_bar"":{""value"":0.46855591185618034,""score"":0},""V4_base_dryup"":{""value"":1.9479132799042622,""score"":0},""V5_bo_expansion"":{""value"":0.4081880011862909,""score"":0},""_score"":3.68},""readiness"":{""_distance_atr"":1.815,""BR1_atr_distance"":{""score"":0},""BR2_compression"":{""score"":51.06022220125003},""BR3_retest"":{""score"":50.0},""BR4_bo_age"":{""score"":50.0},""_score"":30.27},""risk"":{""R1_stop_clarity"":{""score"":41.90956730654395},""R2_stop_distance_pct"":{""value"":1.6469418199900605,""score"":91.17354549975151},""R3_stop_distance_atr"":{""value"":0.3193816618205941,""score"":40.9690830910297},""R4_rr_potential"":{""value"":20.82125603864728,""score"":100.0},""_score"":68.17},""market"":{""M1_spy_regime"":{""score"":100.0},""M3_earnings_risk"":{""value"":null,""score"":80.0},""M4_vix"":{""value"":null,""score"":60.0},""_score"":84.0},""liquidity"":{""L1_price"":{""value"":301.65,""score"":100.0},""L2_dollar_vol"":{""value"":1438738975.9470484,""score"":100.0},""L3_spread_proxy"":{""value"":0.030631526603679793,""score"":69.36847339632021},""L4_volume_zscore"":{""value"":-0.8053101198077536,""score"":100.0},""_score"":96.94},""pattern_structure"":{""pole_low"":254.67,""pole_low_idx"":25,""peak_price"":329.88,""peak_idx"":50,""pole_gain"":0.29532335964188955,""flag_bars"":9,""flag_low"":301.2,""flag_high"":318.295,""structural_low"":301.2,""current_price"":303.21,""neckline_distance_pct"":0.08795884040763832,""base_bars"":9},""pattern_geometry_features"":{""pole_gain"":0.29532335964188955,""pullback_pct"":0.08694070571116772,""flag_range_pct"":0.05182187462107441,""flag_drift_per_bar"":-0.0016907973571672372,""atr_pct"":0.05156657431744455,""pole_atr_multiple"":5.7270308053405845},""_schema_version"":""1.0""}",,,,,,,,,,
20260604T164444Z-6b270e,2026-06-04T16:44:44.043038+00:00,APH,ascending_triangle,forming,54.94,68.3,55.0,53.3,55.4,15.0,37.7,64.6,84.0,96.5,10.25,15.4,4.27,7.76,1.8,3.01,2.58,5.04,4.83,True,risk_unclear,146.62,151.92,139.3775,162.34,"{""trend"":{""T1_ema_stack"":{""value"":[true,true,true],""score"":100.0},""T2_ema50_slope"":{""value"":-0.12156300738000798,""score"":29.73949876999867},""T3_high_proximity"":{""value"":0.9594921798311629,""score"":79.74608991558141},""T4_rs_1m"":{""value"":0.02736931912931695,""score"":77.36931912931695},""T5_rs_3m"":{""value"":-0.03423055466881353,""score"":32.88472266559324},""T6_adr_healthy"":{""value"":4.182794325331278,""score"":100.0},""_score"":68.32},""geometry"":{""sub_flat_top_quality"":33.3,""sub_hl_slope"":100,""sub_compression"":0,""sub_duration"":100.0,""_score"":54.99},""compression"":{""VC1_atr_ratio"":{""value"":0.5914312746661743,""score"":100},""VC2_range_contraction"":{""value"":1.003730885423896,""score"":0},""VC3_range_pct_rank"":{""score"":53.333333333333336},""_score"":53.33},""sr_quality"":{""SR1_touches"":{""value"":4,""score"":75.0},""SR2_tightness"":{""value"":0.8111967405475642,""score"":72.64628995351214},""SR3_recency"":{""value"":250,""score"":0.0},""SR4_price_location"":{""score"":28.13855389221774},""SR5_reaction"":{""value"":2.825157792435357,""score"":100},""_score"":55.43,""_levels_found"":6,""_target_level"":155.1762},""volume"":{""V1_rvol_day"":{""value"":0.1979391736422197,""score"":0},""V2_rvol_sameslot"":{""value"":0.5287516921657586,""score"":1.916779477717238,""status"":""ok""},""V3_breakout_bar"":{""value"":0.7299458976533967,""score"":15.329726510226447},""V4_base_dryup"":{""value"":0.9603286937233085,""score"":53.96713062766915},""V5_bo_expansion"":{""value"":0.1979391736422197,""score"":0},""_score"":15.01},""readiness"":{""_distance_atr"":0.894,""BR1_atr_distance"":{""score"":40.42766035256088},""BR2_compression"":{""score"":16.026235067729637},""BR3_retest"":{""score"":50.0},""BR4_bo_age"":{""score"":50.0},""_score"":37.68},""risk"":{""R1_stop_clarity"":{""score"":28.428891942439577},""R2_stop_distance_pct"":{""value"":4.939639885418092,""score"":100.0},""R3_stop_distance_atr"":{""value"":1.2210924619714518,""score"":86.05462309857259},""R4_rr_potential"":{""value"":2.1705212288574325,""score"":58.52606144287162},""_score"":64.56},""market"":{""M1_spy_regime"":{""score"":100.0},""M3_earnings_risk"":{""value"":null,""score"":80.0},""M4_vix"":{""value"":null,""score"":60.0},""_score"":84.0},""liquidity"":{""L1_price"":{""value"":146.62,""score"":100.0},""L2_dollar_vol"":{""value"":351758437.0042707,""score"":100.0},""L3_spread_proxy"":{""value"":0.03464738780521083,""score"":65.35261219478917},""L4_volume_zscore"":{""value"":-2.037626701845266,""score"":100.0},""_score"":96.54},""pattern_structure"":{""top"":151.92,""top_touches"":2,""low_slope_per_bar"":0.47171117386042716,""lowest_low"":141.5,""structural_low"":141.5,""current_price"":146.62,""neckline_distance_pct"":0.03614786522984574,""base_bars"":55},""pattern_geometry_features"":{""top_touches"":2.0,""low_slope"":0.47171117386042716,""compression"":-0.42573091794378937,""atr_pct"":0.040452627784165106},""_schema_version"":""1.0""}",,,,,,,,,,
20260604T164444Z-6b270e,2026-06-04T16:44:44.043038+00:00,ASX,bull_flag,forming,54.93,95.8,60.4,8.1,41.8,30.0,23.4,77.7,84.0,96.4,13.41,18.11,0.73,4.18,4.2,2.11,2.33,5.04,4.82,False,,38.3,41.1,36.3662,50.17,"{""trend"":{""T1_ema_stack"":{""value"":[true,true,true],""score"":100.0},""T2_ema50_slope"":{""value"":0.6929635769040324,""score"":100},""T3_high_proximity"":{""value"":0.9433497536945812,""score"":71.67487684729056},""T4_rs_1m"":{""value"":0.10005811377203333,""score"":100},""T5_rs_3m"":{""value"":0.62575443794994,""score"":100},""T6_adr_healthy"":{""value"":4.061275437815679,""score"":100.0},""_score"":95.75},""geometry"":{""sub_pole_impulse"":98.8,""sub_flag_tightness"":40.4,""sub_flag_shallowness"":28.2,""sub_flag_drift"":100,""sub_flag_duration"":0.0,""_score"":60.38},""compression"":{""VC1_atr_ratio"":{""value"":1.0562258053952382,""score"":0},""VC2_range_contraction"":{""value"":1.1777607294602639,""score"":0},""VC3_range_pct_rank"":{""score"":32.49999999999999},""_score"":8.12},""sr_quality"":{""SR1_touches"":{""value"":2,""score"":25.0},""SR2_tightness"":{""value"":0.23249999999999993,""score"":78.76012646044522},""SR3_recency"":{""value"":236,""score"":0.0},""SR4_price_location"":{""score"":30.0},""SR5_reaction"":{""value"":3.5148564921908396,""score"":100},""_score"":41.81,""_levels_found"":5,""_target_level"":29.6525},""volume"":{""V1_rvol_day"":{""value"":0.6940487608919407,""score"":12.93658405946271},""V2_rvol_sameslot"":{""value"":1.7489823763953445,""score"":83.26549175968964,""status"":""ok""},""V3_breakout_bar"":{""value"":0.9305767300473737,""score"":28.70511533649158},""V4_base_dryup"":{""value"":1.320244006242454,""score"":17.975599375754598},""V5_bo_expansion"":{""value"":0.6940487608919407,""score"":0},""_score"":30.01},""readiness"":{""_distance_atr"":1.279,""BR1_atr_distance"":{""score"":14.735991525801438},""BR2_compression"":{""score"":0},""BR3_retest"":{""score"":50.0},""BR4_bo_age"":{""score"":50.0},""_score"":23.39},""risk"":{""R1_stop_clarity"":{""score"":49.40799154320218},""R2_stop_distance_pct"":{""value"":5.049086161879891,""score"":100.0},""R3_stop_distance_atr"":{""value"":0.8833046763610969,""score"":69.16523381805484},""R4_rr_potential"":{""value"":6.138173544316897,""score"":100.0},""_score"":77.67},""market"":{""M1_spy_regime"":{""score"":100.0},""M3_earnings_risk"":{""value"":null,""score"":80.0},""M4_vix"":{""value"":null,""score"":60.0},""_score"":84.0},""liquidity"":{""L1_price"":{""value"":38.3,""score"":100.0},""L2_dollar_vol"":{""value"":240598400.9873075,""score"":100.0},""L3_spread_proxy"":{""value"":0.03629242819843344,""score"":63.70757180156656},""L4_volume_zscore"":{""value"":-1.3402704008717745,""score"":100.0},""_score"":96.37},""pattern_structure"":{""pole_low"":32.03,""pole_low_idx"":5,""peak_price"":41.1,""peak_idx"":30,""pole_gain"":0.28317202622541365,""flag_bars"":29,""flag_low"":36.92,""flag_high"":41.08,""structural_low"":36.92,""current_price"":38.3,""neckline_distance_pct"":0.0731070496083552,""base_bars"":29},""pattern_geometry_features"":{""pole_gain"":0.28317202622541365,""pullback_pct"":0.10170316301703163,""flag_range_pct"":0.10121654501216536,""flag_drift_per_bar"":0.00021379953439915625,""atr_pct"":0.057161320402834746,""pole_atr_multiple"":4.953909815760144},""_schema_version"":""1.0""}",,,,,,,,,,
20260604T164444Z-6b270e,2026-06-04T16:44:44.043038+00:00,AMZN,double_bottom,forming,54.74,61.5,58.6,56.6,61.2,15.1,31.1,55.9,84.0,98.4,9.23,14.65,4.53,8.58,1.96,2.49,3.35,5.04,4.92,True,risk_unclear,253.63,261.2025,243.9943,274.695,"{""trend"":{""T1_ema_stack"":{""value"":[false,true,true],""score"":66.66666666666666},""T2_ema50_slope"":{""value"":0.2868692909412563,""score"":97.81154849020939},""T3_high_proximity"":{""value"":0.9223244481617513,""score"":61.162224080875625},""T4_rs_1m"":{""value"":-0.118097139809487,""score"":0},""T5_rs_3m"":{""value"":0.04802560337146611,""score"":74.01280168573305},""T6_adr_healthy"":{""value"":2.2450507570980336,""score"":100.0},""_score"":61.51},""geometry"":{""sub_low_similarity"":46.9,""sub_bounce_quality"":35.0,""sub_separation_fit"":93.3,""sub_right_bottom_reaction"":23.5,""sub_base_context"":100.0,""_score"":58.59},""compression"":{""VC1_atr_ratio"":{""value"":0.6291601160370808,""score"":92.7099709907298},""VC2_range_contraction"":{""value"":0.9862822215456077,""score"":2.286296409065377},""VC3_range_pct_rank"":{""score"":75.0},""_score"":56.63},""sr_quality"":{""SR1_touches"":{""value"":3,""score"":50.0},""SR2_tightness"":{""value"":0.4620485784946175,""score"":86.90150208074809},""SR3_recency"":{""value"":236,""score"":0.0},""SR4_price_location"":{""score"":72.85918659309202},""SR5_reaction"":{""value"":2.382948364108596,""score"":100},""_score"":61.25,""_levels_found"":7,""_target_level"":255.8433},""volume"":{""V1_rvol_day"":{""value"":0.45093968922781075,""score"":0},""V2_rvol_sameslot"":{""value"":0.9042907253298824,""score"":26.952715021992162,""status"":""ok""},""V3_breakout_bar"":{""value"":0.6001823704995314,""score"":6.678824699968759},""V4_base_dryup"":{""value"":1.0986570782500908,""score"":40.13429217499092},""V5_bo_expansion"":{""value"":0.4509396892278108,""score"":0},""_score"":15.09},""readiness"":{""_distance_atr"":1.073,""BR1_atr_distance"":{""score"":28.443039606573535},""BR2_compression"":{""score"":8.859317820181438},""BR3_retest"":{""score"":50.0},""BR4_bo_age"":{""score"":50.0},""_score"":31.09},""risk"":{""R1_stop_clarity"":{""score"":0},""R2_stop_distance_pct"":{""value"":3.799097109963332,""score"":100.0},""R3_stop_distance_atr"":{""value"":1.3657929853052238,""score"":93.28964926526119},""R4_rr_potential"":{""value"":2.186152465064624,""score"":59.3076232532312},""_score"":55.85},""market"":{""M1_spy_regime"":{""score"":100.0},""M3_earnings_risk"":{""value"":null,""score"":80.0},""M4_vix"":{""value"":null,""score"":60.0},""_score"":84.0},""liquidity"":{""L1_price"":{""value"":253.63,""score"":100.0},""L2_dollar_vol"":{""value"":4392061435.706343,""score"":100.0},""L3_spread_proxy"":{""value"":0.01608642510744002,""score"":83.91357489255998},""L4_volume_zscore"":{""value"":-2.483294579501965,""score"":100.0},""_score"":98.39},""pattern_structure"":{""left_low"":254.37,""left_idx"":65,""right_low"":247.71,""right_idx"":74,""separation_bars"":9,""structural_low"":247.71,""current_price"":253.79,""neckline_distance_pct"":0.029207218566531364,""base_bars"":9},""pattern_geometry_features"":{""low_similarity_pct"":0.026529636711281054,""bounce_pct"":0.05446893544871009,""right_bottom_reaction"":0.2346227013316455,""atr_pct"":0.027816053756597087},""_schema_version"":""1.0""}",,,,,,,,,,
20260604T164444Z-6b270e,2026-06-04T16:44:44.043038+00:00,CSCO,ascending_triangle,forming,54.59,100.0,53.4,30.8,33.8,17.2,53.4,31.6,84.0,96.2,15.0,14.94,2.46,4.74,2.07,4.27,1.26,5.04,4.81,True,risk_unclear,128.775,129.4155,115.2532,141.8227,"{""trend"":{""T1_ema_stack"":{""value"":[true,true,true],""score"":100.0},""T2_ema50_slope"":{""value"":0.7295580180852196,""score"":100},""T3_high_proximity"":{""value"":1.0,""score"":99.99999999999997},""T4_rs_1m"":{""value"":0.32031173273218827,""score"":100},""T5_rs_3m"":{""value"":0.4990666814444351,""score"":100},""T6_adr_healthy"":{""value"":3.2474772787926343,""score"":100.0},""_score"":100.0},""geometry"":{""sub_flat_top_quality"":33.3,""sub_hl_slope"":72.4,""sub_compression"":26.6,""sub_duration"":100.0,""_score"":53.36},""compression"":{""VC1_atr_ratio"":{""value"":0.7112902002931399,""score"":72.17744992671501},""VC2_range_contraction"":{""value"":1.237468775674594,""score"":0},""VC3_range_pct_rank"":{""score"":7.499999999999996},""_score"":30.75},""sr_quality"":{""SR1_touches"":{""value"":2,""score"":25.0},""SR2_tightness"":{""value"":0.7000000000000028,""score"":66.17347828112933},""SR3_recency"":{""value"":233,""score"":0.0},""SR4_price_location"":{""score"":30.0},""SR5_reaction"":{""value"":1.1887606204060235,""score"":59.438031020301175},""_score"":33.84,""_levels_found"":6,""_target_level"":120.09},""volume"":{""V1_rvol_day"":{""value"":0.2989004252486937,""score"":0},""V2_rvol_sameslot"":{""value"":0.9945672768556908,""score"":32.97115179037939,""status"":""ok""},""V3_breakout_bar"":{""value"":0.7830338553302327,""score"":18.86892368868218},""V4_base_dryup"":{""value"":1.2047710496648345,""score"":29.522895033516548},""V5_bo_expansion"":{""value"":0.29890042524869365,""score"":0},""_score"":17.22},""readiness"":{""_distance_atr"":0.155,""BR1_atr_distance"":{""score"":89.68291087574444},""BR2_compression"":{""score"":0},""BR3_retest"":{""score"":50.0},""BR4_bo_age"":{""score"":50.0},""_score"":53.37},""risk"":{""R1_stop_clarity"":{""score"":15.186061402039925},""R2_stop_distance_pct"":{""value"":10.500349058435262,""score"":37.49127353911845},""R3_stop_distance_atr"":{""value"":3.267116358057185,""score"":100.0},""R4_rr_potential"":{""value"":0.9649363515995925,""score"":0.0},""_score"":31.56},""market"":{""M1_spy_regime"":{""score"":100.0},""M3_earnings_risk"":{""value"":null,""score"":80.0},""M4_vix"":{""value"":null,""score"":60.0},""_score"":84.0},""liquidity"":{""L1_price"":{""value"":128.775,""score"":100.0},""L2_dollar_vol"":{""value"":1127898148.4009066,""score"":100.0},""L3_spread_proxy"":{""value"":0.038330421277421915,""score"":61.66957872257809},""L4_volume_zscore"":{""value"":-1.596063702365498,""score"":100.0},""_score"":96.17},""pattern_structure"":{""top"":129.4155,""top_touches"":2,""low_slope_per_bar"":0.25399031531531624,""lowest_low"":117.0083,""structural_low"":117.0083,""current_price"":128.9157,""neckline_distance_pct"":0.0038769521477990797,""base_bars"":30},""pattern_geometry_features"":{""top_touches"":2.0,""low_slope"":0.25399031531531624,""compression"":0.13303879679733543,""atr_pct"":0.032139501345092504},""_schema_version"":""1.0""}",,,,,,,,,,
20260604T164444Z-6b270e,2026-06-04T16:44:44.043038+00:00,ETN,double_bottom,setup,54.58,70.2,62.6,70.3,43.8,5.2,37.8,49.9,84.0,98.0,10.53,15.65,5.63,6.13,0.68,3.02,2.99,5.04,4.9,True,risk_unclear,417.155,406.54,389.3705,417.78,"{""trend"":{""T1_ema_stack"":{""value"":[true,true,true],""score"":100.0},""T2_ema50_slope"":{""value"":0.045127667518358464,""score"":57.521277919726415},""T3_high_proximity"":{""value"":0.9633842174545622,""score"":81.69210872728105},""T4_rs_1m"":{""value"":-0.029955293744980294,""score"":20.044706255019705},""T5_rs_3m"":{""value"":0.06536040612995975,""score"":82.68020306497988},""T6_adr_healthy"":{""value"":3.214140671703672,""score"":100.0},""_score"":70.17},""geometry"":{""sub_low_similarity"":90.2,""sub_bounce_quality"":0,""sub_separation_fit"":100.0,""sub_right_bottom_reaction"":3.7,""sub_base_context"":100.0,""_score"":62.62},""compression"":{""VC1_atr_ratio"":{""value"":0.45089825639921377,""score"":100},""VC2_range_contraction"":{""value"":0.8120309376420795,""score"":31.328177059653427},""VC3_range_pct_rank"":{""score"":77.5},""_score"":70.34},""sr_quality"":{""SR1_touches"":{""value"":2,""score"":25.0},""SR2_tightness"":{""value"":1.545000000000016,""score"":77.58054368477163},""SR3_recency"":{""value"":248,""score"":0.0},""SR4_price_location"":{""score"":38.721689762529714},""SR5_reaction"":{""value"":2.8245612762195202,""score"":100},""_score"":43.82,""_levels_found"":9,""_target_level"":433.885},""volume"":{""V1_rvol_day"":{""value"":0.28103044473187466,""score"":0},""V2_rvol_sameslot"":{""value"":0.4985069591883979,""score"":0,""status"":""ok""},""V3_breakout_bar"":{""value"":0.5394773392371691,""score"":2.6318226158112745},""V4_base_dryup"":{""value"":1.2720302660608418,""score"":22.79697339391582},""V5_bo_expansion"":{""value"":0.28103044473187466,""score"":0},""_score"":5.22},""readiness"":{""_distance_atr"":-0.77,""BR1_atr_distance"":{""score"":44.596600078566624},""BR2_compression"":{""score"":9.801440595874714},""BR3_retest"":{""score"":50.0},""BR4_bo_age"":{""score"":50.0},""_score"":37.79},""risk"":{""R1_stop_clarity"":{""score"":13.957173966895994},""R2_stop_distance_pct"":{""value"":6.66047392456041,""score"":100.0},""R3_stop_distance_atr"":{""value"":2.0159009190629638,""score"":100.0},""R4_rr_potential"":{""value"":0.02249455631737326,""score"":0.0},""_score"":49.89},""market"":{""M1_spy_regime"":{""score"":100.0},""M3_earnings_risk"":{""value"":null,""score"":80.0},""M4_vix"":{""value"":null,""score"":60.0},""_score"":84.0},""liquidity"":{""L1_price"":{""value"":417.155,""score"":100.0},""L2_dollar_vol"":{""value"":302983845.9900886,""score"":100.0},""L3_spread_proxy"":{""value"":0.020226055063465545,""score"":79.77394493653446},""L4_volume_zscore"":{""value"":-2.7415170264447224,""score"":100.0},""_score"":97.98},""pattern_structure"":{""left_low"":395.3,""left_idx"":41,""right_low"":397.25,""right_idx"":64,""separation_bars"":23,""structural_low"":395.3,""current_price"":417.19,""neckline_distance_pct"":-0.02552793691123943,""base_bars"":23},""pattern_geometry_features"":{""low_similarity_pct"":0.004920825184530916,""bounce_pct"":0.028434100683025574,""right_bottom_reaction"":0.03709949409781232,""atr_pct"":0.03303968891316518},""_schema_version"":""1.0""}",,,,,,,,,,
20260604T164444Z-6b270e,2026-06-04T16:44:44.043038+00:00,KLAC,double_bottom,setup,54.41,99.2,53.6,42.9,45.1,11.1,57.5,28.7,84.0,71.5,14.87,13.4,3.43,6.32,1.45,4.6,1.72,5.04,3.57,False,,2101.0,2060.08,1778.0432,2315.04,"{""trend"":{""T1_ema_stack"":{""value"":[true,true,true],""score"":100.0},""T2_ema50_slope"":{""value"":0.33248178844336534,""score"":100},""T3_high_proximity"":{""value"":0.9886547049329211,""score"":94.32735246646051},""T4_rs_1m"":{""value"":0.16714167478006225,""score"":100},""T5_rs_3m"":{""value"":0.35946898871465405,""score"":100},""T6_adr_healthy"":{""value"":4.010345824393239,""score"":100.0},""_score"":99.15},""geometry"":{""sub_low_similarity"":12.4,""sub_bounce_quality"":100,""sub_separation_fit"":46.7,""sub_right_bottom_reaction"":19.3,""sub_base_context"":100.0,""_score"":53.62},""compression"":{""VC1_atr_ratio"":{""value"":0.6958713276002298,""score"":76.03216809994254},""VC2_range_contraction"":{""value"":1.026932501866522,""score"":0},""VC3_range_pct_rank"":{""score"":50.0},""_score"":42.91},""sr_quality"":{""SR1_touches"":{""value"":3,""score"":50.0},""SR2_tightness"":{""value"":21.79669750724225,""score"":51.018059754598674},""SR3_recency"":{""value"":228,""score"":0.0},""SR4_price_location"":{""score"":30.0},""SR5_reaction"":{""value"":2.888743105052325,""score"":100},""_score"":45.15,""_levels_found"":6,""_target_level"":1912.1567},""volume"":{""V1_rvol_day"":{""value"":0.2956122680873574,""score"":0},""V2_rvol_sameslot"":{""value"":0.6369193848237196,""score"":9.12795898824797,""status"":""ok""},""V3_breakout_bar"":{""value"":0.521784956908328,""score"":1.4523304605552032},""V4_base_dryup"":{""value"":1.053180874520549,""score"":44.68191254794509},""V5_bo_expansion"":{""value"":0.29561226808735735,""score"":0},""_score"":11.13},""readiness"":{""_distance_atr"":-0.46,""BR1_atr_distance"":{""score"":100.0},""BR2_compression"":{""score"":0},""BR3_retest"":{""score"":50.0},""BR4_bo_age"":{""score"":50.0},""_score"":57.5},""risk"":{""R1_stop_clarity"":{""score"":39.15251614626426},""R2_stop_distance_pct"":{""value"":15.371575440266547,""score"":0.0},""R3_stop_distance_atr"":{""value"":3.6287723574155986,""score"":100.0},""R4_rr_potential"":{""value"":0.6627511791050688,""score"":0.0},""_score"":28.7},""market"":{""M1_spy_regime"":{""score"":100.0},""M3_earnings_risk"":{""value"":null,""score"":80.0},""M4_vix"":{""value"":null,""score"":60.0},""_score"":84.0},""liquidity"":{""L1_price"":{""value"":2101.0,""score"":0.0},""L2_dollar_vol"":{""value"":597634366.174021,""score"":100.0},""L3_spread_proxy"":{""value"":0.03540218943360299,""score"":64.59781056639702},""L4_volume_zscore"":{""value"":-2.983444242607106,""score"":100.0},""_score"":71.46},""pattern_structure"":{""left_low"":1805.12,""left_idx"":21,""right_low"":1886.0,""right_idx"":59,""separation_bars"":38,""structural_low"":1805.12,""current_price"":2101.72,""neckline_distance_pct"":-0.019812344175246882,""base_bars"":38},""pattern_geometry_features"":{""low_similarity_pct"":0.04382409675112167,""bounce_pct"":0.14124268746676125,""right_bottom_reaction"":0.19326530612244955,""atr_pct"":0.04236026381994967},""_schema_version"":""1.0""}",,,,,,,,,,
20260604T164444Z-6b270e,2026-06-04T16:44:44.043038+00:00,AOSL,double_bottom,forming,54.37,96.2,68.9,25.9,39.7,0.0,43.4,45.7,84.0,76.5,14.43,17.23,2.07,5.56,0.0,3.47,2.74,5.04,3.83,False,,51.76,54.34,45.31,62.68,"{""trend"":{""T1_ema_stack"":{""value"":[true,true,true],""score"":100.0},""T2_ema50_slope"":{""value"":0.6616895288421489,""score"":100},""T3_high_proximity"":{""value"":0.9707426856714179,""score"":85.3713428357089},""T4_rs_1m"":{""value"":0.13780889982808264,""score"":100},""T5_rs_3m"":{""value"":1.4595902977203052,""score"":100},""T6_adr_healthy"":{""value"":9.27021115587011,""score"":68.24472110324726},""_score"":96.22},""geometry"":{""sub_low_similarity"":14.9,""sub_bounce_quality"":100,""sub_separation_fit"":100.0,""sub_right_bottom_reaction"":63.0,""sub_base_context"":100.0,""_score"":68.92},""compression"":{""VC1_atr_ratio"":{""value"":0.7846814433360262,""score"":53.82963916599345},""VC2_range_contraction"":{""value"":1.2224163146267504,""score"":0},""VC3_range_pct_rank"":{""score"":17.500000000000004},""_score"":25.91},""sr_quality"":{""SR1_touches"":{""value"":2,""score"":25.0},""SR2_tightness"":{""value"":0.23495000000000132,""score"":90.35550036724331},""SR3_recency"":{""value"":228,""score"":0.0},""SR4_price_location"":{""score"":30.0},""SR5_reaction"":{""value"":1.488031971429786,""score"":74.4015985714893},""_score"":39.71,""_levels_found"":4,""_target_level"":43.365},""volume"":{""V1_rvol_day"":{""value"":0.3320495233212009,""score"":0},""V2_rvol_sameslot"":{""value"":0.4024519021294509,""score"":0,""status"":""ok""},""V3_breakout_bar"":{""value"":0.27323950476920367,""score"":0},""V4_base_dryup"":{""value"":2.118435834101306,""score"":0},""V5_bo_expansion"":{""value"":0.3320495233212009,""score"":0},""_score"":0.0},""readiness"":{""_distance_atr"":0.53,""BR1_atr_distance"":{""score"":64.69772426401052},""BR2_compression"":{""score"":0},""BR3_retest"":{""score"":50.0},""BR4_bo_age"":{""score"":50.0},""_score"":43.38},""risk"":{""R1_stop_clarity"":{""score"":71.67608109554348},""R2_stop_distance_pct"":{""value"":12.461360123647596,""score"":0.0},""R3_stop_distance_atr"":{""value"":1.323835340099602,""score"":91.1917670049801},""R4_rr_potential"":{""value"":1.693023255813956,""score"":34.651162790697796},""_score"":45.7},""market"":{""M1_spy_regime"":{""score"":100.0},""M3_earnings_risk"":{""value"":null,""score"":80.0},""M4_vix"":{""value"":null,""score"":60.0},""_score"":84.0},""liquidity"":{""L1_price"":{""value"":51.76,""score"":100.0},""L2_dollar_vol"":{""value"":18224269.34092248,""score"":63.032506266327594},""L3_spread_proxy"":{""value"":0.0867465224111282,""score"":13.253477588871803},""L4_volume_zscore"":{""value"":-1.48491355518402,""score"":100.0},""_score"":76.54},""pattern_structure"":{""left_low"":46.0,""left_idx"":41,""right_low"":48.0,""right_idx"":71,""separation_bars"":30,""structural_low"":46.0,""current_price"":51.76,""neckline_distance_pct"":0.049845440494590526,""base_bars"":30},""pattern_geometry_features"":{""low_similarity_pct"":0.0425531914893617,""bounce_pct"":0.18130434782608704,""right_bottom_reaction"":0.630126182965299,""atr_pct"":0.09413074078162952},""_schema_version"":""1.0""}",,,,,,,,,,
20260604T164444Z-6b270e,2026-06-04T16:44:44.043038+00:00,VICR,bull_flag,absent,54.12,93.3,48.1,63.4,43.6,15.5,24.2,82.9,84.0,93.6,13.07,14.43,5.7,4.36,2.17,2.18,2.49,5.04,4.68,False,,316.81,351.36,295.5,441.02,"{""trend"":{""T1_ema_stack"":{""value"":[true,true,true],""score"":100.0},""T2_ema50_slope"":{""value"":0.7966758674168382,""score"":100},""T3_high_proximity"":{""value"":0.9160594494563961,""score"":58.029724728198005},""T4_rs_1m"":{""value"":0.14571583605645655,""score"":100},""T5_rs_3m"":{""value"":0.6310601385617678,""score"":100},""T6_adr_healthy"":{""value"":8.30082568949672,""score"":92.47935776258198},""_score"":93.33},""geometry"":{""sub_pole_impulse"":77.4,""sub_flag_tightness"":29.3,""sub_flag_shallowness"":14.7,""sub_flag_drift"":97.5,""sub_flag_duration"":0.0,""_score"":48.11},""compression"":{""VC1_atr_ratio"":{""value"":0.5632747334286939,""score"":100},""VC2_range_contraction"":{""value"":0.8634779999383765,""score"":22.753666676937254},""VC3_range_pct_rank"":{""score"":61.66666666666667},""_score"":63.38},""sr_quality"":{""SR1_touches"":{""value"":2,""score"":25.0},""SR2_tightness"":{""value"":1.25,""score"":90.5614507535603},""SR3_recency"":{""value"":236,""score"":0.0},""SR4_price_location"":{""score"":30.0},""SR5_reaction"":{""value"":3.3671080581749027,""score"":100},""_score"":43.58,""_levels_found"":5,""_target_level"":232.25},""volume"":{""V1_rvol_day"":{""value"":0.3802555290979619,""score"":0},""V2_rvol_sameslot"":{""value"":0.5283617597016661,""score"":1.8907839801110733,""status"":""ok""},""V3_breakout_bar"":{""value"":0.6683483232616673,""score"":11.223221550777819},""V4_base_dryup"":{""value"":0.8842168279730914,""score"":61.578317202690855},""V5_bo_expansion"":{""value"":0.38025552909796195,""score"":0},""_score"":15.5},""readiness"":{""_distance_atr"":1.304,""BR1_atr_distance"":{""score"":13.039499609468763},""BR2_compression"":{""score"":5.945413871865683},""BR3_retest"":{""score"":50.0},""BR4_bo_age"":{""score"":50.0},""_score"":24.2},""risk"":{""R1_stop_clarity"":{""score"":66.02122271281704},""R2_stop_distance_pct"":{""value"":6.726429089990847,""score"":100.0},""R3_stop_distance_atr"":{""value"":0.804541937766521,""score"":65.22709688832606},""R4_rr_potential"":{""value"":5.828718911309245,""score"":100.0},""_score"":82.89},""market"":{""M1_spy_regime"":{""score"":100.0},""M3_earnings_risk"":{""value"":null,""score"":80.0},""M4_vix"":{""value"":null,""score"":60.0},""_score"":84.0},""liquidity"":{""L1_price"":{""value"":316.81,""score"":100.0},""L2_dollar_vol"":{""value"":105467754.40913947,""score"":100.0},""L3_spread_proxy"":{""value"":0.06369748429658156,""score"":36.302515703418436},""L4_volume_zscore"":{""value"":-1.3695275927802693,""score"":100.0},""_score"":93.63},""pattern_structure"":{""pole_low"":261.7,""pole_low_idx"":6,""peak_price"":351.36,""peak_idx"":31,""pole_gain"":0.34260603744745904,""flag_bars"":28,""flag_low"":300.0,""flag_high"":351.03,""structural_low"":300.0,""current_price"":316.81,""neckline_distance_pct"":0.10905590101322563,""base_bars"":28},""pattern_geometry_features"":{""pole_gain"":0.34260603744745904,""pullback_pct"":0.14617486338797817,""flag_range_pct"":0.14523565573770483,""flag_drift_per_bar"":-0.0004999985573896255,""atr_pct"":0.08360569877393842,""pole_atr_multiple"":4.097879001930623},""_schema_version"":""1.0""}",,,,,,,,,,
20260604T164444Z-6b270e,2026-06-04T16:44:44.043038+00:00,CARR,vcp,setup,54.12,83.2,37.9,63.3,64.8,15.4,52.1,23.4,84.0,98.6,12.48,9.47,7.6,7.77,2.01,3.65,1.17,5.04,4.93,True,risk_unclear,68.54,67.065,60.2032,70.58,"{""trend"":{""T1_ema_stack"":{""value"":[true,true,true],""score"":100.0},""T2_ema50_slope"":{""value"":0.13053666027196134,""score"":71.75611004532689},""T3_high_proximity"":{""value"":1.0,""score"":99.99999999999997},""T4_rs_1m"":{""value"":0.0226571213479152,""score"":72.6571213479152},""T5_rs_3m"":{""value"":0.02434857915424149,""score"":62.174289577120746},""T6_adr_healthy"":{""value"":3.0906929698921233,""score"":100.0},""_score"":83.21},""geometry"":{""sub_contraction_count"":100.0,""sub_reduction_rate"":0,""sub_pivot_tightness"":16.3,""sub_volume_dryup"":0,""sub_base_depth"":4.4,""sub_base_duration"":100.0,""_score"":37.89},""compression"":{""VC1_atr_ratio"":{""value"":0.3970760660723389,""score"":100},""VC2_range_contraction"":{""value"":1.0539156935172929,""score"":0},""VC3_range_pct_rank"":{""score"":93.33333333333333},""_score"":63.33},""sr_quality"":{""SR1_touches"":{""value"":3,""score"":50.0},""SR2_tightness"":{""value"":0.29032548783889217,""score"":75.96714365265639},""SR3_recency"":{""value"":244,""score"":0.0},""SR4_price_location"":{""score"":93.54578459056042},""SR5_reaction"":{""value"":2.2915989159891605,""score"":100},""_score"":64.78,""_levels_found"":6,""_target_level"":68.6733},""volume"":{""V1_rvol_day"":{""value"":0.2776227795343275,""score"":0},""V2_rvol_sameslot"":{""value"":0.598402712450746,""score"":6.560180830049737,""status"":""ok""},""V3_breakout_bar"":{""value"":0.6720408946208556,""score"":11.469392974723707},""V4_base_dryup"":{""value"":0.9365738683225128,""score"":56.34261316774872},""V5_bo_expansion"":{""value"":0.2776227795343275,""score"":0},""_score"":15.45},""readiness"":{""_distance_atr"":-0.61,""BR1_atr_distance"":{""score"":47.790096082778945},""BR2_compression"":{""score"":61.93032574836065},""BR3_retest"":{""score"":50.0},""BR4_bo_age"":{""score"":50.0},""_score"":52.1},""risk"":{""R1_stop_clarity"":{""score"":24.108203991130694},""R2_stop_distance_pct"":{""value"":12.163408228771535,""score"":0.0},""R3_stop_distance_atr"":{""value"":3.4505602365114587,""score"":100.0},""R4_rr_potential"":{""value"":0.2446982055464931,""score"":0.0},""_score"":23.44},""market"":{""M1_spy_regime"":{""score"":100.0},""M3_earnings_risk"":{""value"":null,""score"":80.0},""M4_vix"":{""value"":null,""score"":60.0},""_score"":84.0},""liquidity"":{""L1_price"":{""value"":68.54,""score"":100.0},""L2_dollar_vol"":{""value"":120086318.47556031,""score"":100.0},""L3_spread_proxy"":{""value"":0.014152319813247721,""score"":85.84768018675229},""L4_volume_zscore"":{""value"":-1.7299321085106885,""score"":100.0},""_score"":98.58},""pattern_structure"":{""n_contractions"":5,""contractions_pct"":[14.55,10.68,5.43,11.22,8.86],""descending_strict"":false,""final_low"":61.12,""final_pivot"":67.065,""structural_low"":61.12,""dry_up_ratio"":1.175575056516801,""current_price"":68.54,""neckline_distance_pct"":-0.021520280128392303,""base_bars"":58},""pattern_geometry_features"":{""contraction_count"":5.0,""first_contraction_pct"":0.14550939893246703,""last_contraction_pct"":0.08864534406918662,""dry_up_ratio"":1.175575056516801,""near_monotone"":0.0,""base_depth_pct"":0.05438230061112412},""_schema_version"":""1.0""}",,,,,,,,,,
20260604T164444Z-6b270e,2026-06-04T16:44:44.043038+00:00,NVT,vcp,setup,54.0,88.0,56.1,43.1,42.5,13.5,36.5,49.5,84.0,93.5,13.21,14.02,5.17,5.1,1.76,2.55,2.47,5.04,4.68,False,,175.675,170.989,159.8359,138.6548,"{""trend"":{""T1_ema_stack"":{""value"":[true,true,true],""score"":100.0},""T2_ema50_slope"":{""value"":0.5500670052095327,""score"":100},""T3_high_proximity"":{""value"":0.9959464822268838,""score"":97.97324111344186},""T4_rs_1m"":{""value"":-0.00829552645810372,""score"":41.70447354189628},""T5_rs_3m"":{""value"":0.4786803220053082,""score"":100},""T6_adr_healthy"":{""value"":3.88344348346228,""score"":100.0},""_score"":88.04},""geometry"":{""sub_contraction_count"":100.0,""sub_reduction_rate"":4.6,""sub_pivot_tightness"":70.0,""sub_volume_dryup"":62.9,""sub_base_depth"":0.0,""sub_base_duration"":100.0,""_score"":56.08},""compression"":{""VC1_atr_ratio"":{""value"":0.38811344256710184,""score"":100},""VC2_range_contraction"":{""value"":1.002721373844078,""score"":0},""VC3_range_pct_rank"":{""score"":12.5},""_score"":43.12},""sr_quality"":{""SR1_touches"":{""value"":2,""score"":25.0},""SR2_tightness"":{""value"":0.6103999999999985,""score"":83.58886118149988},""SR3_recency"":{""value"":251,""score"":0.0},""SR4_price_location"":{""score"":30.0},""SR5_reaction"":{""value"":2.938007891004657,""score"":100},""_score"":42.54,""_levels_found"":6,""_target_level"":135.3054},""volume"":{""V1_rvol_day"":{""value"":0.2955632189730912,""score"":0},""V2_rvol_sameslot"":{""value"":0.4586586535076058,""score"":0,""status"":""ok""},""V3_breakout_bar"":{""value"":0.42305741565375826,""score"":0},""V4_base_dryup"":{""value"":0.8243386068936214,""score"":67.56613931063787},""V5_bo_expansion"":{""value"":0.2955632189730913,""score"":0},""_score"":13.51},""readiness"":{""_distance_atr"":-0.63,""BR1_atr_distance"":{""score"":47.40127842341221},""BR2_compression"":{""score"":0},""BR3_retest"":{""score"":50.0},""BR4_bo_age"":{""score"":50.0},""_score"":36.46},""risk"":{""R1_stop_clarity"":{""score"":34.55843309113608},""R2_stop_distance_pct"":{""value"":9.016109292728057,""score"":74.59726768179857},""R3_stop_distance_atr"":{""value"":2.1292336853142633,""score"":100.0},""R4_rr_potential"":{""value"":-2.3372740158027145,""score"":0.0},""_score"":49.47},""market"":{""M1_spy_regime"":{""score"":100.0},""M3_earnings_risk"":{""value"":null,""score"":80.0},""M4_vix"":{""value"":null,""score"":60.0},""_score"":84.0},""liquidity"":{""L1_price"":{""value"":175.675,""score"":100.0},""L2_dollar_vol"":{""value"":93910938.52449067,""score"":98.63580904043539},""L3_spread_proxy"":{""value"":0.059086381101465746,""score"":40.91361889853425},""L4_volume_zscore"":{""value"":-2.6304883832593324,""score"":100.0},""_score"":93.55},""pattern_structure"":{""n_contractions"":5,""contractions_pct"":[14.33,5.38,7.3,13.03,5.1],""descending_strict"":false,""final_low"":162.27,""final_pivot"":170.989,""structural_low"":162.27,""dry_up_ratio"":0.6852697947400804,""current_price"":175.675,""neckline_distance_pct"":-0.02667425643944788,""base_bars"":45},""pattern_geometry_features"":{""contraction_count"":5.0,""first_contraction_pct"":0.14326921448900154,""last_contraction_pct"":0.05099158425395782,""dry_up_ratio"":0.6852697947400804,""near_monotone"":0.0,""base_depth_pct"":-0.2488475077692215},""_schema_version"":""1.0""}",,,,,,,,,,
20260604T164444Z-6b270e,2026-06-04T16:44:44.043038+00:00,RTX,vcp,forming,53.97,36.5,61.6,55.5,56.8,23.0,49.5,65.0,84.0,97.6,5.47,15.4,6.66,6.82,2.99,3.46,3.25,5.04,4.88,True,risk_unclear,178.685,179.93,168.2183,215.88,"{""trend"":{""T1_ema_stack"":{""value"":[true,false,true],""score"":66.66666666666666},""T2_ema50_slope"":{""value"":-0.20333075832064582,""score"":16.11154027989236},""T3_high_proximity"":{""value"":0.8518545003813883,""score"":25.92725019069414},""T4_rs_1m"":{""value"":-0.011638820589406906,""score"":38.361179410593095},""T5_rs_3m"":{""value"":-0.2339112446568017,""score"":0},""T6_adr_healthy"":{""value"":2.1375366882017355,""score"":100.0},""_score"":36.45},""geometry"":{""sub_contraction_count"":100.0,""sub_reduction_rate"":0,""sub_pivot_tightness"":70.1,""sub_volume_dryup"":40.7,""sub_base_depth"":100.0,""sub_base_duration"":100.0,""_score"":61.62},""compression"":{""VC1_atr_ratio"":{""value"":0.5445941079965394,""score"":100},""VC2_range_contraction"":{""value"":0.9127279896321694,""score"":14.545335061305103},""VC3_range_pct_rank"":{""score"":41.666666666666664},""_score"":55.51},""sr_quality"":{""SR1_touches"":{""value"":3,""score"":50.0},""SR2_tightness"":{""value"":0.9456429253276412,""score"":54.15802838820074},""SR3_recency"":{""value"":230,""score"":0.0},""SR4_price_location"":{""score"":74.71171797781595},""SR5_reaction"":{""value"":2.64006777552129,""score"":100},""_score"":56.8,""_levels_found"":6,""_target_level"":181.2179},""volume"":{""V1_rvol_day"":{""value"":0.32120419847284926,""score"":0},""V2_rvol_sameslot"":{""value"":0.8412127397166701,""score"":22.74751598111134,""status"":""ok""},""V3_breakout_bar"":{""value"":0.8254116459204174,""score"":21.694109728027826},""V4_base_dryup"":{""value"":0.8499162396244795,""score"":65.00837603755205},""V5_bo_expansion"":{""value"":0.3212041984728493,""score"":0},""_score"":22.97},""readiness"":{""_distance_atr"":0.302,""BR1_atr_distance"":{""score"":79.88202765615226},""BR2_compression"":{""score"":0},""BR3_retest"":{""score"":50.0},""BR4_bo_age"":{""score"":50.0},""_score"":49.45},""risk"":{""R1_stop_clarity"":{""score"":0},""R2_stop_distance_pct"":{""value"":5.85762654951451,""score"":100.0},""R3_stop_distance_atr"":{""value"":2.5369732666427764,""score"":100.0},""R4_rr_potential"":{""value"":3.5536511030219633,""score"":100.0},""_score"":65.0},""market"":{""M1_spy_regime"":{""score"":100.0},""M3_earnings_risk"":{""value"":null,""score"":80.0},""M4_vix"":{""value"":null,""score"":60.0},""_score"":84.0},""liquidity"":{""L1_price"":{""value"":178.685,""score"":100.0},""L2_dollar_vol"":{""value"":319495318.7231276,""score"":100.0},""L3_spread_proxy"":{""value"":0.023650558244956203,""score"":76.3494417550438},""L4_volume_zscore"":{""value"":-2.5639617546667237,""score"":100.0},""_score"":97.63},""pattern_structure"":{""n_contractions"":5,""contractions_pct"":[6.83,6.72,12.88,16.42,5.09],""descending_strict"":false,""final_low"":170.78,""final_pivot"":179.93,""structural_low"":170.78,""dry_up_ratio"":0.7963217127023852,""current_price"":178.685,""neckline_distance_pct"":0.006967568626353665,""base_bars"":60},""pattern_geometry_features"":{""contraction_count"":5.0,""first_contraction_pct"":0.06825327722149657,""last_contraction_pct"":0.05085310954259993,""dry_up_ratio"":0.7963217127023852,""near_monotone"":0.0,""base_depth_pct"":0.1738983214821264},""_schema_version"":""1.0""}",,,,,,,,,,
20260604T164444Z-6b270e,2026-06-04T16:44:44.043038+00:00,TSM,breakout_retest_hold,setup,53.93,99.3,50.0,42.6,46.3,23.0,38.3,60.6,84.0,95.4,13.91,11.0,2.55,6.49,2.99,6.9,3.03,4.2,2.86,False,,446.13,430.44,423.027,436.72,"{""trend"":{""T1_ema_stack"":{""value"":[true,true,true],""score"":100.0},""T2_ema50_slope"":{""value"":0.2831870236482059,""score"":97.19783727470099},""T3_high_proximity"":{""value"":0.9987463341467236,""score"":99.3731670733618},""T4_rs_1m"":{""value"":0.08585576331676537,""score"":100},""T5_rs_3m"":{""value"":0.15033320733996813,""score"":100},""T6_adr_healthy"":{""value"":3.3391723277117156,""score"":100.0},""_score"":99.35},""geometry"":{""sub_retest_depth"":100.0,""sub_retest_timing"":0.0,""sub_retest_freshness"":100.0,""sub_hold_quality"":0.0,""_score"":50.0},""compression"":{""VC1_atr_ratio"":{""value"":0.5944366163328662,""score"":100},""VC2_range_contraction"":{""value"":0.9953928998390396,""score"":0.7678500268267404},""VC3_range_pct_rank"":{""score"":9.166666666666668},""_score"":42.56},""sr_quality"":{""SR1_touches"":{""value"":3,""score"":50.0},""SR2_tightness"":{""value"":3.161079281230112,""score"":58.94805052450304},""SR3_recency"":{""value"":239,""score"":0.0},""SR4_price_location"":{""score"":30.0},""SR5_reaction"":{""value"":2.1772181958336856,""score"":100},""_score"":46.34,""_levels_found"":6,""_target_level"":418.8233},""volume"":{""V1_rvol_day"":{""value"":0.5092624823757124,""score"":0.6174988250474911},""V2_rvol_sameslot"":{""value"":0.9160004012383568,""score"":27.73336008255712,""status"":""ok""},""V3_breakout_bar"":{""value"":0.8237166445529709,""score"":21.581109636864724},""V4_base_dryup"":{""value"":0.9016841555140359,""score"":59.83158444859641},""V5_bo_expansion"":{""value"":0.5092624823757124,""score"":0},""_score"":23.03},""readiness"":{""_distance_atr"":-1.019,""BR1_atr_distance"":{""score"":39.62388697129107},""BR2_compression"":{""score"":0},""BR3_retest"":{""score"":89.80545014178685},""BR4_bo_age"":{""score"":30.0},""_score"":38.31},""risk"":{""R1_stop_clarity"":{""score"":44.507883383254466},""R2_stop_distance_pct"":{""value"":5.1785354044785175,""score"":100.0},""R3_stop_distance_atr"":{""value"":1.5001572316834368,""score"":100.0},""R4_rr_potential"":{""value"":-0.40730641042288973,""score"":0.0},""_score"":60.58},""market"":{""M1_spy_regime"":{""score"":100.0},""M3_earnings_risk"":{""value"":null,""score"":80.0},""M4_vix"":{""value"":null,""score"":60.0},""_score"":84.0},""liquidity"":{""L1_price"":{""value"":446.13,""score"":100.0},""L2_dollar_vol"":{""value"":2847209665.240726,""score"":100.0},""L3_spread_proxy"":{""value"":0.04579360276152685,""score"":54.20639723847315},""L4_volume_zscore"":{""value"":-1.64822603696568,""score"":100.0},""_score"":95.42},""pattern_structure"":{""level"":430.44,""level_idx"":53,""breakout_idx"":59,""bo_peak_idx"":71,""bo_peak_price"":450.1636,""retest_idx"":77,""retest_low"":427.3,""structural_low"":427.3,""current_price"":446.5653,""neckline_distance_pct"":-0.03610961263671849,""base_bars"":26,""bars_since_breakout"":20},""pattern_geometry_features"":{""retest_depth_atr"":0.5659507741269314,""bars_breakout_to_retest"":18.0,""bars_since_retest"":2.0,""current_above_level_atr"":2.9064095598818587,""bo_peak_excess_pct"":0.045821949632933685,""atr_pct"":0.03451995094319081},""_schema_version"":""1.0""}",,,,,,,,,,
20260604T164444Z-6b270e,2026-06-04T16:44:44.043038+00:00,GLW,vcp,absent,53.86,95.6,41.8,53.6,51.6,11.2,49.8,36.0,84.0,93.5,14.35,10.45,6.43,6.19,1.45,3.48,1.8,5.04,4.67,False,,196.18,199.93,169.8435,177.75,"{""trend"":{""T1_ema_stack"":{""value"":[true,true,true],""score"":100.0},""T2_ema50_slope"":{""value"":0.5512002060617794,""score"":100},""T3_high_proximity"":{""value"":0.9419051277126945,""score"":70.95256385634724},""T4_rs_1m"":{""value"":0.16496377776938886,""score"":100},""T5_rs_3m"":{""value"":0.34556967998419386,""score"":100},""T6_adr_healthy"":{""value"":6.194905511103853,""score"":100.0},""_score"":95.64},""geometry"":{""sub_contraction_count"":100.0,""sub_reduction_rate"":0,""sub_pivot_tightness"":0,""sub_volume_dryup"":45.3,""sub_base_depth"":0.0,""sub_base_duration"":100.0,""_score"":41.8},""compression"":{""VC1_atr_ratio"":{""value"":0.5030147568725842,""score"":100},""VC2_range_contraction"":{""value"":0.8890186699467719,""score"":18.49688834220468},""VC3_range_pct_rank"":{""score"":28.333333333333332},""_score"":53.56},""sr_quality"":{""SR1_touches"":{""value"":4,""score"":75.0},""SR2_tightness"":{""value"":3.619837703544179,""score"":43.9464261207003},""SR3_recency"":{""value"":228,""score"":0.0},""SR4_price_location"":{""score"":30.0},""SR5_reaction"":{""value"":2.046356879728835,""score"":100},""_score"":51.59,""_levels_found"":6,""_target_level"":174.515},""volume"":{""V1_rvol_day"":{""value"":0.4714664311509582,""score"":0},""V2_rvol_sameslot"":{""value"":0.5403934391424025,""score"":2.69289594282683,""status"":""ok""},""V3_breakout_bar"":{""value"":0.49844261592087735,""score"":0},""V4_base_dryup"":{""value"":0.9677705404121694,""score"":53.222945958783065},""V5_bo_expansion"":{""value"":0.47146643115095804,""score"":0},""_score"":11.18},""readiness"":{""_distance_atr"":0.29,""BR1_atr_distance"":{""score"":80.64361634762737},""BR2_compression"":{""score"":0},""BR3_retest"":{""score"":50.0},""BR4_bo_age"":{""score"":50.0},""_score"":49.76},""risk"":{""R1_stop_clarity"":{""score"":59.94854520185644},""R2_stop_distance_pct"":{""value"":13.424635538790913,""score"":0.0},""R3_stop_distance_atr"":{""value"":2.0391137209661174,""score"":100.0},""R4_rr_potential"":{""value"":-0.6997905944043331,""score"":0.0},""_score"":35.98},""market"":{""M1_spy_regime"":{""score"":100.0},""M3_earnings_risk"":{""value"":null,""score"":80.0},""M4_vix"":{""value"":null,""score"":60.0},""_score"":84.0},""liquidity"":{""L1_price"":{""value"":196.18,""score"":100.0},""L2_dollar_vol"":{""value"":1346940984.9375844,""score"":100.0},""L3_spread_proxy"":{""value"":0.06544958711387501,""score"":34.55041288612499},""L4_volume_zscore"":{""value"":-1.6250518340136946,""score"":100.0},""_score"":93.46},""pattern_structure"":{""n_contractions"":5,""contractions_pct"":[15.69,10.33,17.26,19.83,13.75],""descending_strict"":false,""final_low"":172.43,""final_pivot"":199.93,""structural_low"":172.43,""dry_up_ratio"":0.773266015695619,""current_price"":196.18,""neckline_distance_pct"":0.019115098379039658,""base_bars"":46},""pattern_geometry_features"":{""contraction_count"":5.0,""first_contraction_pct"":0.15687188019966716,""last_contraction_pct"":0.13754814184964737,""dry_up_ratio"":0.773266015695619,""near_monotone"":0.0,""base_depth_pct"":-0.14762063227953415},""_schema_version"":""1.0""}",,,,,,,,,,
20260604T164444Z-6b270e,2026-06-04T16:44:44.043038+00:00,BABA,breakout_retest_hold,setup,53.79,16.5,63.0,76.3,64.9,10.2,74.2,42.4,84.0,98.5,2.31,13.86,4.58,9.09,1.33,13.35,2.12,4.2,2.95,False,,126.3,126.145,124.9875,125.935,"{""trend"":{""T1_ema_stack"":{""value"":[false,false,false],""score"":0.0},""T2_ema50_slope"":{""value"":-0.10417610693451233,""score"":32.63731551091461},""T3_high_proximity"":{""value"":0.8661957341746107,""score"":33.09786708730533},""T4_rs_1m"":{""value"":-0.0903395696368241,""score"":0},""T5_rs_3m"":{""value"":-0.14148982839344615,""score"":0},""T6_adr_healthy"":{""value"":2.689945052805269,""score"":100.0},""_score"":16.49},""geometry"":{""sub_retest_depth"":43.3,""sub_retest_timing"":0.0,""sub_retest_freshness"":100.0,""sub_hold_quality"":100.0,""_score"":62.99},""compression"":{""VC1_atr_ratio"":{""value"":0.4615663708320202,""score"":100},""VC2_range_contraction"":{""value"":0.7350020397559847,""score"":44.16632670733589},""VC3_range_pct_rank"":{""score"":83.33333333333334},""_score"":76.29},""sr_quality"":{""SR1_touches"":{""value"":4,""score"":75.0},""SR2_tightness"":{""value"":0.8886506625215587,""score"":56.63607781351754},""SR3_recency"":{""value"":240,""score"":0.0},""SR4_price_location"":{""score"":75.69884977344017},""SR5_reaction"":{""value"":2.6622080864412685,""score"":100},""_score"":64.92,""_levels_found"":7,""_target_level"":129.62},""volume"":{""V1_rvol_day"":{""value"":0.33924106695959527,""score"":0},""V2_rvol_sameslot"":{""value"":0.4967400280236167,""score"":0,""status"":""ok""},""V3_breakout_bar"":{""value"":0.548842410764085,""score"":3.256160717605668},""V4_base_dryup"":{""value"":1.029043317917381,""score"":47.0956682082619},""V5_bo_expansion"":{""value"":0.33924106695959527,""score"":0},""_score"":10.23},""readiness"":{""_distance_atr"":-0.038,""BR1_atr_distance"":{""score"":100.0},""BR2_compression"":{""score"":38.765637273274},""BR3_retest"":{""score"":100},""BR4_bo_age"":{""score"":30.0},""_score"":74.19},""risk"":{""R1_stop_clarity"":{""score"":38.393168351341814},""R2_stop_distance_pct"":{""value"":1.0391923990498813,""score"":75.97980997624703},""R3_stop_distance_atr"":{""value"":0.3202335308469849,""score"":41.01167654234925},""R4_rr_potential"":{""value"":-0.278095238095245,""score"":0.0},""_score"":42.38},""market"":{""M1_spy_regime"":{""score"":100.0},""M3_earnings_risk"":{""value"":null,""score"":80.0},""M4_vix"":{""value"":null,""score"":60.0},""_score"":84.0},""liquidity"":{""L1_price"":{""value"":126.3,""score"":100.0},""L2_dollar_vol"":{""value"":540950051.657931,""score"":100.0},""L3_spread_proxy"":{""value"":0.015201900237529592,""score"":84.7980997624704},""L4_volume_zscore"":{""value"":-1.1067487331850985,""score"":100.0},""_score"":98.48},""pattern_structure"":{""level"":126.145,""level_idx"":52,""breakout_idx"":65,""bo_peak_idx"":67,""bo_peak_price"":134.09,""retest_idx"":78,""retest_low"":126.25,""structural_low"":126.25,""current_price"":126.365,""neckline_distance_pct"":-0.00174098840659992,""base_bars"":27,""bars_since_breakout"":14},""pattern_geometry_features"":{""retest_depth_atr"":-0.09690241860526824,""bars_breakout_to_retest"":13.0,""bars_since_retest"":1.0,""current_above_level_atr"":0.20303363898245805,""bo_peak_excess_pct"":0.06298307503270052,""atr_pct"":0.032451080194548135},""_schema_version"":""1.0""}",,,,,,,,,,
20260604T164444Z-6b270e,2026-06-04T16:44:44.043038+00:00,VRT,double_bottom,forming,53.76,60.4,58.7,59.6,44.2,23.3,22.0,74.7,84.0,95.0,9.06,14.69,4.77,6.19,3.03,1.76,4.48,5.04,4.75,False,,319.7399,345.18,311.2206,374.4,"{""trend"":{""T1_ema_stack"":{""value"":[false,true,true],""score"":66.66666666666666},""T2_ema50_slope"":{""value"":0.4096056408081596,""score"":100},""T3_high_proximity"":{""value"":0.8498522180581026,""score"":24.92610902905129},""T4_rs_1m"":{""value"":-0.10767813989309005,""score"":0},""T5_rs_3m"":{""value"":0.16982020707355128,""score"":100},""T6_adr_healthy"":{""value"":5.245176150236215,""score"":100.0},""_score"":60.41},""geometry"":{""sub_low_similarity"":32.6,""sub_bounce_quality"":89.3,""sub_separation_fit"":0.0,""sub_right_bottom_reaction"":74.0,""sub_base_context"":100.0,""_score"":58.74},""compression"":{""VC1_atr_ratio"":{""value"":0.3499974832290076,""score"":100},""VC2_range_contraction"":{""value"":0.8466443529163324,""score"":25.559274513944597},""VC3_range_pct_rank"":{""score"":42.50000000000001},""_score"":59.57},""sr_quality"":{""SR1_touches"":{""value"":3,""score"":50.0},""SR2_tightness"":{""value"":2.9463683487756054,""score"":69.15806766083762},""SR3_recency"":{""value"":230,""score"":0.0},""SR4_price_location"":{""score"":30.0},""SR5_reaction"":{""value"":1.5131156907643664,""score"":75.65578453821831},""_score"":44.22,""_levels_found"":7,""_target_level"":311.3367},""volume"":{""V1_rvol_day"":{""value"":0.6393442818731998,""score"":9.289618791546655},""V2_rvol_sameslot"":{""value"":0.7177370678246467,""score"":14.515804521643116,""status"":""ok""},""V3_breakout_bar"":{""value"":0.6157195864416221,""score"":7.7146390961081375},""V4_base_dryup"":{""value"":0.6702836831374093,""score"":82.97163168625907},""V5_bo_expansion"":{""value"":0.6393442818731998,""score"":0},""_score"":23.28},""readiness"":{""_distance_atr"":1.332,""BR1_atr_distance"":{""score"":11.232886271944054},""BR2_compression"":{""score"":0},""BR3_retest"":{""score"":50.0},""BR4_bo_age"":{""score"":50.0},""_score"":21.99},""risk"":{""R1_stop_clarity"":{""score"":50.38900883218852},""R2_stop_distance_pct"":{""value"":2.6644469457831157,""score"":100.0},""R3_stop_distance_atr"":{""value"":0.4458907425580629,""score"":47.29453712790315},""R4_rr_potential"":{""value"":6.416031833601369,""score"":100.0},""_score"":74.73},""market"":{""M1_spy_regime"":{""score"":100.0},""M3_earnings_risk"":{""value"":null,""score"":80.0},""M4_vix"":{""value"":null,""score"":60.0},""_score"":84.0},""liquidity"":{""L1_price"":{""value"":319.7399,""score"":100.0},""L2_dollar_vol"":{""value"":1151417299.8797884,""score"":100.0},""L3_spread_proxy"":{""value"":0.04954964957454487,""score"":50.45035042545513},""L4_volume_zscore"":{""value"":-1.3689744523783132,""score"":100.0},""_score"":95.05},""pattern_structure"":{""left_low"":315.96,""left_idx"":22,""right_low"":326.79,""right_idx"":71,""separation_bars"":49,""structural_low"":315.96,""current_price"":319.45,""neckline_distance_pct"":0.08054468617937086,""base_bars"":49},""pattern_geometry_features"":{""low_similarity_pct"":0.03369894982497096,""bounce_pct"":0.09248006076718582,""right_bottom_reaction"":0.7396080760095013,""atr_pct"":0.05975560134972206},""_schema_version"":""1.0""}",,,,,,,,,,
20260604T164444Z-6b270e,2026-06-04T16:44:44.043038+00:00,AMZN,base_on_base,forming,53.76,61.5,54.5,56.6,61.2,20.9,19.7,47.9,84.0,98.4,11.07,13.62,5.66,6.12,2.51,1.58,2.39,5.88,4.92,True,risk_unclear,253.63,274.75,251.3621,285.34,"{""trend"":{""T1_ema_stack"":{""value"":[false,true,true],""score"":66.66666666666666},""T2_ema50_slope"":{""value"":0.2868692909412563,""score"":97.81154849020939},""T3_high_proximity"":{""value"":0.9223244481617513,""score"":61.162224080875625},""T4_rs_1m"":{""value"":-0.118097139809487,""score"":0},""T5_rs_3m"":{""value"":0.04802560337146611,""score"":74.01280168573305},""T6_adr_healthy"":{""value"":2.2450507570980336,""score"":100.0},""_score"":61.51},""geometry"":{""sub_shallower_second"":0,""sub_second_base_depth"":91.2,""sub_rim_advance"":100,""sub_dry_up"":30.1,""sub_second_base_duration"":68.0,""_score"":54.46},""compression"":{""VC1_atr_ratio"":{""value"":0.6291601160370808,""score"":92.7099709907298},""VC2_range_contraction"":{""value"":0.9862822215456077,""score"":2.286296409065377},""VC3_range_pct_rank"":{""score"":75.0},""_score"":56.63},""sr_quality"":{""SR1_touches"":{""value"":3,""score"":50.0},""SR2_tightness"":{""value"":0.4620485784946175,""score"":86.90150208074809},""SR3_recency"":{""value"":236,""score"":0.0},""SR4_price_location"":{""score"":72.85918659309202},""SR5_reaction"":{""value"":2.382948364108596,""score"":100},""_score"":61.25,""_levels_found"":7,""_target_level"":255.8433},""volume"":{""V1_rvol_day"":{""value"":0.45093968922781075,""score"":0},""V2_rvol_sameslot"":{""value"":0.9042907253298824,""score"":26.952715021992162,""status"":""ok""},""V3_breakout_bar"":{""value"":0.6001823704995314,""score"":6.678824699968759},""V4_base_dryup"":{""value"":0.8057474163731358,""score"":69.4252583626864},""V5_bo_expansion"":{""value"":0.4509396892278108,""score"":0},""_score"":20.95},""readiness"":{""_distance_atr"":2.994,""BR1_atr_distance"":{""score"":0},""BR2_compression"":{""score"":8.859317820181438},""BR3_retest"":{""score"":50.0},""BR4_bo_age"":{""score"":50.0},""_score"":19.71},""risk"":{""R1_stop_clarity"":{""score"":0},""R2_stop_distance_pct"":{""value"":0.8941568426448014,""score"":72.35392106612004},""R3_stop_distance_atr"":{""value"":0.32145352121802534,""score"":41.07267606090127},""R4_rr_potential"":{""value"":13.982406243799147,""score"":100.0},""_score"":47.87},""market"":{""M1_spy_regime"":{""score"":100.0},""M3_earnings_risk"":{""value"":null,""score"":80.0},""M4_vix"":{""value"":null,""score"":60.0},""_score"":84.0},""liquidity"":{""L1_price"":{""value"":253.63,""score"":100.0},""L2_dollar_vol"":{""value"":4392061435.706343,""score"":100.0},""L3_spread_proxy"":{""value"":0.01608642510744002,""score"":83.91357489255998},""L4_volume_zscore"":{""value"":-2.483294579501965,""score"":100.0},""_score"":98.39},""pattern_structure"":{""first_base_low"":202.48,""first_base_top"":213.07,""first_base_bars"":20,""second_base_low"":255.19,""second_base_top"":274.75,""second_base_bars"":17,""structural_low"":255.19,""stacking_overlap_pct"":-0.19768151311775475,""current_price"":253.63,""neckline_distance_pct"":0.08327090643851282,""base_bars"":17},""pattern_geometry_features"":{""first_base_depth_pct"":0.049701975876472536,""second_base_depth_pct"":0.07119199272065516,""second_dry_up_ratio"":0.8494380511137961,""rim_advance_pct"":0.2894823297507862,""atr_pct"":0.027816053756597087},""_schema_version"":""1.0""}",,,,,,,,,,
20260604T164444Z-6b270e,2026-06-04T16:44:44.043038+00:00,RKLB,double_bottom,invalidated,53.75,75.7,80.0,38.7,34.3,4.9,19.3,44.3,84.0,92.5,11.35,20.0,3.09,4.8,0.64,1.55,2.66,5.04,4.62,False,,118.65,150.85,119.9237,179.95,"{""trend"":{""T1_ema_stack"":{""value"":[false,true,true],""score"":66.66666666666666},""T2_ema50_slope"":{""value"":1.3511895477055602,""score"":100},""T3_high_proximity"":{""value"":0.7897889902150037,""score"":0},""T4_rs_1m"":{""value"":0.4611985537495802,""score"":100},""T5_rs_3m"":{""value"":0.5845803672337115,""score"":100},""T6_adr_healthy"":{""value"":8.797227442053074,""score"":80.06931394867314},""_score"":75.67},""geometry"":{""sub_low_similarity"":66.6,""sub_bounce_quality"":100,""sub_separation_fit"":40.0,""sub_right_bottom_reaction"":93.6,""sub_base_context"":100.0,""_score"":80.02},""compression"":{""VC1_atr_ratio"":{""value"":0.8531738842699814,""score"":36.706528932504646},""VC2_range_contraction"":{""value"":0.7886763078839996,""score"":35.22061535266674},""VC3_range_pct_rank"":{""score"":46.666666666666664},""_score"":38.68},""sr_quality"":{""SR1_touches"":{""value"":2,""score"":25.0},""SR2_tightness"":{""value"":1.6149999999999949,""score"":73.25682965097273},""SR3_recency"":{""value"":255,""score"":0.0},""SR4_price_location"":{""score"":30.0},""SR5_reaction"":{""value"":1.1061571388947535,""score"":55.30785694473768},""_score"":34.28,""_levels_found"":4,""_target_level"":91.485},""volume"":{""V1_rvol_day"":{""value"":0.43138805175439743,""score"":0},""V2_rvol_sameslot"":{""value"":0.4474769865448268,""score"":0,""status"":""ok""},""V3_breakout_bar"":{""value"":0.4884868552398018,""score"":0},""V4_base_dryup"":{""value"":1.2549183161123447,""score"":24.508168388765526},""V5_bo_expansion"":{""value"":0.4313880517543974,""score"":0},""_score"":4.9},""readiness"":{""_distance_atr"":2.666,""BR1_atr_distance"":{""score"":0},""BR2_compression"":{""score"":7.334826911096845},""BR3_retest"":{""score"":50.0},""BR4_bo_age"":{""score"":50.0},""_score"":19.33},""risk"":{""R1_stop_clarity"":{""score"":69.75869049541099},""R2_stop_distance_pct"":{""value"":-1.0735356089338328,""score"":23.16160977665418},""R3_stop_distance_atr"":{""value"":-0.10546165087329223,""score"":19.726917456335393},""R4_rr_potential"":{""value"":null,""score"":50.0},""_score"":44.32},""market"":{""M1_spy_regime"":{""score"":100.0},""M3_earnings_risk"":{""value"":null,""score"":80.0},""M4_vix"":{""value"":null,""score"":60.0},""_score"":84.0},""liquidity"":{""L1_price"":{""value"":118.65,""score"":100.0},""L2_dollar_vol"":{""value"":1601526209.9981897,""score"":100.0},""L3_spread_proxy"":{""value"":0.0755162241887905,""score"":24.483775811209497},""L4_volume_zscore"":{""value"":-1.2404167080130384,""score"":100.0},""_score"":92.45},""pattern_structure"":{""left_low"":123.8,""left_idx"":23,""right_low"":121.75,""right_idx"":62,""separation_bars"":39,""structural_low"":121.75,""current_price"":118.65,""neckline_distance_pct"":0.27138643067846596,""base_bars"":39},""pattern_geometry_features"":{""low_similarity_pct"":0.01669721034412541,""bounce_pct"":0.2390143737166324,""right_bottom_reaction"":0.9358669833729225,""atr_pct"":0.10179393173198482},""_schema_version"":""1.0""}",,,,,,,,,,
20260604T164444Z-6b270e,2026-06-04T16:44:44.043038+00:00,AMAT,double_bottom,setup,53.73,99.5,54.9,49.4,44.0,8.8,28.7,28.1,84.0,96.0,14.93,13.72,3.95,6.16,1.15,2.3,1.69,5.04,4.8,False,,497.69,463.8799,434.5032,486.6398,"{""trend"":{""T1_ema_stack"":{""value"":[true,true,true],""score"":100.0},""T2_ema50_slope"":{""value"":0.38583222090644126,""score"":100},""T3_high_proximity"":{""value"":0.9938494718134074,""score"":96.9247359067037},""T4_rs_1m"":{""value"":0.1661783240458492,""score"":100},""T5_rs_3m"":{""value"":0.32579079634518826,""score"":100},""T6_adr_healthy"":{""value"":4.235936218218551,""score"":100.0},""_score"":99.54},""geometry"":{""sub_low_similarity"":37.8,""sub_bounce_quality"":30.9,""sub_separation_fit"":100.0,""sub_right_bottom_reaction"":15.9,""sub_base_context"":100.0,""_score"":54.9},""compression"":{""VC1_atr_ratio"":{""value"":0.5619534490958686,""score"":100},""VC2_range_contraction"":{""value"":1.035539909599532,""score"":0},""VC3_range_pct_rank"":{""score"":37.5},""_score"":49.38},""sr_quality"":{""SR1_touches"":{""value"":2,""score"":25.0},""SR2_tightness"":{""value"":0.7100499999999954,""score"":93.28398694996251},""SR3_recency"":{""value"":236,""score"":0.0},""SR4_price_location"":{""score"":30.0},""SR5_reaction"":{""value"":2.657521303598491,""score"":100},""_score"":43.99,""_levels_found"":6,""_target_level"":396.66},""volume"":{""V1_rvol_day"":{""value"":0.3291726714167415,""score"":0},""V2_rvol_sameslot"":{""value"":0.7951413799842229,""score"":19.676091998948188,""status"":""ok""},""V3_breakout_bar"":{""value"":0.6397321989314237,""score"":9.315479928761583},""V4_base_dryup"":{""value"":1.3721467067096358,""score"":12.785329329036415},""V5_bo_expansion"":{""value"":0.3291726714167415,""score"":0},""_score"":8.82},""readiness"":{""_distance_atr"":-1.599,""BR1_atr_distance"":{""score"":28.020692511362036},""BR2_compression"":{""score"":0},""BR3_retest"":{""score"":50.0},""BR4_bo_age"":{""score"":50.0},""_score"":28.71},""risk"":{""R1_stop_clarity"":{""score"":37.414949440900735},""R2_stop_distance_pct"":{""value"":12.696015592035204,""score"":0.0},""R3_stop_distance_atr"":{""value"":2.98826401936562,""score"":100.0},""R4_rr_potential"":{""value"":-0.1748814625839568,""score"":0.0},""_score"":28.1},""market"":{""M1_spy_regime"":{""score"":100.0},""M3_earnings_risk"":{""value"":null,""score"":80.0},""M4_vix"":{""value"":null,""score"":60.0},""_score"":84.0},""liquidity"":{""L1_price"":{""value"":497.69,""score"":100.0},""L2_dollar_vol"":{""value"":1307822944.0987322,""score"":100.0},""L3_spread_proxy"":{""value"":0.04049709658622832,""score"":59.50290341377168},""L4_volume_zscore"":{""value"":-1.9501413181778124,""score"":100.0},""_score"":95.95},""pattern_structure"":{""left_low"":441.12,""left_idx"":41,""right_low"":455.0654,""right_idx"":64,""separation_bars"":23,""structural_low"":441.12,""current_price"":499.32,""neckline_distance_pct"":-0.0709767283505567,""base_bars"":23},""pattern_geometry_features"":{""low_similarity_pct"":0.03112168531199014,""bounce_pct"":0.05159571091766416,""right_bottom_reaction"":0.15900113988812858,""atr_pct"":0.04248625794025539},""_schema_version"":""1.0""}",,,,,,,,,,
20260604T164444Z-6b270e,2026-06-04T16:44:44.043038+00:00,TT,vcp,absent,53.73,54.3,44.5,65.2,59.0,27.3,54.1,45.0,84.0,98.2,8.15,11.14,7.83,7.08,3.55,3.78,2.25,5.04,4.91,True,risk_unclear,462.5975,466.82,434.3404,458.2553,"{""trend"":{""T1_ema_stack"":{""value"":[true,true,true],""score"":100.0},""T2_ema50_slope"":{""value"":0.004402739892209796,""score"":50.73378998203496},""T3_high_proximity"":{""value"":0.9392079831079709,""score"":69.60399155398545},""T4_rs_1m"":{""value"":-0.07638478387851333,""score"":0},""T5_rs_3m"":{""value"":-0.050291527532078106,""score"":24.854236233960947},""T6_adr_healthy"":{""value"":2.327230490291309,""score"":100.0},""_score"":54.32},""geometry"":{""sub_contraction_count"":100.0,""sub_reduction_rate"":0,""sub_pivot_tightness"":63.7,""sub_volume_dryup"":0,""sub_base_depth"":0.0,""sub_base_duration"":100.0,""_score"":44.55},""compression"":{""VC1_atr_ratio"":{""value"":0.422560363299935,""score"":100},""VC2_range_contraction"":{""value"":0.8677842150072976,""score"":22.035964165450395},""VC3_range_pct_rank"":{""score"":70.0},""_score"":65.21},""sr_quality"":{""SR1_touches"":{""value"":3,""score"":50.0},""SR2_tightness"":{""value"":1.6509408092222901,""score"":71.1097636736538},""SR3_recency"":{""value"":231,""score"":0.0},""SR4_price_location"":{""score"":73.46019930363796},""SR5_reaction"":{""value"":2.853845794887049,""score"":100},""_score"":59.03,""_levels_found"":8,""_target_level"":466.2817},""volume"":{""V1_rvol_day"":{""value"":0.2894132819026369,""score"":0},""V2_rvol_sameslot"":{""value"":1.0116096822487448,""score"":34.10731214991632,""status"":""ok""},""V3_breakout_bar"":{""value"":0.9246512554903655,""score"":28.3100836993577},""V4_base_dryup"":{""value"":0.8291496503338385,""score"":67.08503496661615},""V5_bo_expansion"":{""value"":0.2894132819026369,""score"":0},""_score"":27.32},""readiness"":{""_distance_atr"":0.369,""BR1_atr_distance"":{""score"":75.3697967836369},""BR2_compression"":{""score"":25.642237490938065},""BR3_retest"":{""score"":50.0},""BR4_bo_age"":{""score"":50.0},""_score"":54.06},""risk"":{""R1_stop_clarity"":{""score"":0},""R2_stop_distance_pct"":{""value"":6.108359967358242,""score"":100.0},""R3_stop_distance_atr"":{""value"":2.4723929670489024,""score"":100.0},""R4_rr_potential"":{""value"":-0.15366746233042541,""score"":0.0},""_score"":45.0},""market"":{""M1_spy_regime"":{""score"":100.0},""M3_earnings_risk"":{""value"":null,""score"":80.0},""M4_vix"":{""value"":null,""score"":60.0},""_score"":84.0},""liquidity"":{""L1_price"":{""value"":462.5975,""score"":100.0},""L2_dollar_vol"":{""value"":181213106.97234273,""score"":100.0},""L3_spread_proxy"":{""value"":0.018439356027648287,""score"":81.56064397235171},""L4_volume_zscore"":{""value"":-2.0780877223916634,""score"":100.0},""_score"":98.16},""pattern_structure"":{""n_contractions"":5,""contractions_pct"":[5.92,7.75,7.83,7.86,5.54],""descending_strict"":false,""final_low"":440.9547,""final_pivot"":466.82,""structural_low"":440.9547,""dry_up_ratio"":1.0161573457355784,""current_price"":462.5975,""neckline_distance_pct"":0.009127805489653463,""base_bars"":51},""pattern_geometry_features"":{""contraction_count"":5.0,""first_contraction_pct"":0.05920580957006399,""last_contraction_pct"":0.0554074375562315,""dry_up_ratio"":1.0161573457355784,""near_monotone"":0.0,""base_depth_pct"":-0.019807812391590962},""_schema_version"":""1.0""}",,,,,,,,,,
20260604T164444Z-6b270e,2026-06-04T16:44:44.043038+00:00,QBTS,vcp,breakout_confirmed,53.61,90.4,45.0,44.0,56.7,13.1,44.7,43.5,84.0,93.3,13.56,11.25,5.28,6.8,1.7,3.13,2.18,5.04,4.67,False,,27.2,24.78,17.469,28.745,"{""trend"":{""T1_ema_stack"":{""value"":[true,true,true],""score"":100.0},""T2_ema50_slope"":{""value"":0.6257055088400032,""score"":100},""T3_high_proximity"":{""value"":0.902455209024552,""score"":51.22760451227598},""T4_rs_1m"":{""value"":0.217490130760567,""score"":100},""T5_rs_3m"":{""value"":0.33408381917210783,""score"":100},""T6_adr_healthy"":{""value"":9.79976544194873,""score"":55.00586395128173},""_score"":90.43},""geometry"":{""sub_contraction_count"":100.0,""sub_reduction_rate"":0,""sub_pivot_tightness"":0,""sub_volume_dryup"":0,""sub_base_depth"":100.0,""sub_base_duration"":100.0,""_score"":45.0},""compression"":{""VC1_atr_ratio"":{""value"":0.7095884600257495,""score"":72.60288499356263},""VC2_range_contraction"":{""value"":1.3403075946959293,""score"":0},""VC3_range_pct_rank"":{""score"":60.0},""_score"":44.04},""sr_quality"":{""SR1_touches"":{""value"":4,""score"":75.0},""SR2_tightness"":{""value"":0.4224833576603939,""score"":70.71506088811121},""SR3_recency"":{""value"":233,""score"":0.0},""SR4_price_location"":{""score"":34.23232857394675},""SR5_reaction"":{""value"":2.1438892822307927,""score"":100},""_score"":56.67,""_levels_found"":5,""_target_level"":31.8637},""volume"":{""V1_rvol_day"":{""value"":0.44032961277219307,""score"":0},""V2_rvol_sameslot"":{""value"":0.6971381646968607,""score"":13.142544313124048,""status"":""ok""},""V3_breakout_bar"":{""value"":0.5744348406362684,""score"":4.962322709084558},""V4_base_dryup"":{""value"":1.03927772198943,""score"":46.072227801057},""V5_bo_expansion"":{""value"":0.44032961277219307,""score"":0},""_score"":13.08},""readiness"":{""_distance_atr"":-0.839,""BR1_atr_distance"":{""score"":43.22548063355005},""BR2_compression"":{""score"":39.75822015601808},""BR3_retest"":{""score"":50.0},""BR4_bo_age"":{""score"":50.0},""_score"":44.73},""risk"":{""R1_stop_clarity"":{""score"":81.5601590311577},""R2_stop_distance_pct"":{""value"":35.77582720588235,""score"":0.0},""R3_stop_distance_atr"":{""value"":3.372588167725388,""score"":100.0},""R4_rr_potential"":{""value"":0.15877053033981536,""score"":0.0},""_score"":43.55},""market"":{""M1_spy_regime"":{""score"":100.0},""M3_earnings_risk"":{""value"":null,""score"":80.0},""M4_vix"":{""value"":null,""score"":60.0},""_score"":84.0},""liquidity"":{""L1_price"":{""value"":27.2,""score"":100.0},""L2_dollar_vol"":{""value"":523326380.7066432,""score"":100.0},""L3_spread_proxy"":{""value"":0.06690808823529414,""score"":33.09191176470587},""L4_volume_zscore"":{""value"":-0.7621366253894483,""score"":100.0},""_score"":93.31},""pattern_structure"":{""n_contractions"":5,""contractions_pct"":[20.46,22.39,23.78,23.92,28.43],""descending_strict"":false,""final_low"":17.735,""final_pivot"":24.78,""structural_low"":17.735,""dry_up_ratio"":2.320712970094721,""current_price"":27.2,""neckline_distance_pct"":-0.08897058823529405,""base_bars"":57},""pattern_geometry_features"":{""contraction_count"":5.0,""first_contraction_pct"":0.20460829493087548,""last_contraction_pct"":0.2843018563357547,""dry_up_ratio"":2.320712970094721,""near_monotone"":0.0,""base_depth_pct"":0.1827188940092166},""_schema_version"":""1.0""}",,,,,,,,,,
20260604T164444Z-6b270e,2026-06-04T16:44:44.043038+00:00,JCI,double_bottom,setup,53.59,65.3,64.9,42.3,48.5,30.9,30.3,17.3,84.0,97.7,9.8,16.23,3.38,6.78,4.02,2.43,1.04,5.04,4.88,True,risk_unclear,147.56,141.45,129.3502,151.58,"{""trend"":{""T1_ema_stack"":{""value"":[true,true,true],""score"":100.0},""T2_ema50_slope"":{""value"":0.020760255064517757,""score"":53.46004251075296},""T3_high_proximity"":{""value"":1.0,""score"":99.99999999999997},""T4_rs_1m"":{""value"":-0.026356775788939357,""score"":23.64322421106064},""T5_rs_3m"":{""value"":-0.03475262591397765,""score"":32.623687043011174},""T6_adr_healthy"":{""value"":2.910129328374588,""score"":100.0},""_score"":65.31},""geometry"":{""sub_low_similarity"":65.5,""sub_bounce_quality"":67.3,""sub_separation_fit"":0.0,""sub_right_bottom_reaction"":78.7,""sub_base_context"":100.0,""_score"":64.91},""compression"":{""VC1_atr_ratio"":{""value"":0.6874523777172177,""score"":78.13690557069557},""VC2_range_contraction"":{""value"":1.1318475254610108,""score"":0},""VC3_range_pct_rank"":{""score"":44.166666666666664},""_score"":42.3},""sr_quality"":{""SR1_touches"":{""value"":3,""score"":50.0},""SR2_tightness"":{""value"":0.5901600536201066,""score"":73.01812699698583},""SR3_recency"":{""value"":239,""score"":0.0},""SR4_price_location"":{""score"":30.0},""SR5_reaction"":{""value"":2.3256029134261538,""score"":100},""_score"":48.45,""_levels_found"":7,""_target_level"":146.5633},""volume"":{""V1_rvol_day"":{""value"":0.6224306490298508,""score"":8.16204326865672},""V2_rvol_sameslot"":{""value"":1.1517486139561366,""score"":43.44990759707577,""status"":""ok""},""V3_breakout_bar"":{""value"":0.7786098449970134,""score"":18.573989666467558},""V4_base_dryup"":{""value"":0.703382146098351,""score"":79.6617853901649},""V5_bo_expansion"":{""value"":0.6224306490298507,""score"":0},""_score"":30.9},""readiness"":{""_distance_atr"":-1.397,""BR1_atr_distance"":{""score"":32.06533328761371},""BR2_compression"":{""score"":0},""BR3_retest"":{""score"":50.0},""BR4_bo_age"":{""score"":50.0},""_score"":30.33},""risk"":{""R1_stop_clarity"":{""score"":9.941560572736208},""R2_stop_distance_pct"":{""value"":12.340607210626187,""score"":0.0},""R3_stop_distance_atr"":{""value"":4.162722536000088,""score"":91.86387319999558},""R4_rr_potential"":{""value"":0.220760249975287,""score"":0.0},""_score"":17.26},""market"":{""M1_spy_regime"":{""score"":100.0},""M3_earnings_risk"":{""value"":null,""score"":80.0},""M4_vix"":{""value"":null,""score"":60.0},""_score"":84.0},""liquidity"":{""L1_price"":{""value"":147.56,""score"":100.0},""L2_dollar_vol"":{""value"":335102723.4028861,""score"":100.0},""L3_spread_proxy"":{""value"":0.023177012740580212,""score"":76.82298725941979},""L4_volume_zscore"":{""value"":-1.2963553126794496,""score"":100.0},""_score"":97.68},""pattern_structure"":{""left_low"":133.605,""left_idx"":12,""right_low"":131.32,""right_idx"":59,""separation_bars"":47,""structural_low"":131.32,""current_price"":147.56,""neckline_distance_pct"":-0.04140688533477917,""base_bars"":47},""pattern_geometry_features"":{""low_similarity_pct"":0.01725016514107764,""bounce_pct"":0.0771398111483399,""right_bottom_reaction"":0.7869926494087498,""atr_pct"":0.029645519498121855},""_schema_version"":""1.0""}",,,,,,,,,,
20260604T164444Z-6b270e,2026-06-04T16:44:44.043038+00:00,GOOG,double_bottom,forming,53.49,65.9,50.7,40.1,52.0,34.0,40.7,48.9,84.0,96.0,9.88,12.67,3.21,7.28,4.42,3.25,2.93,5.04,4.8,True,risk_unclear,368.22,374.5,349.3992,394.28,"{""trend"":{""T1_ema_stack"":{""value"":[false,true,true],""score"":66.66666666666666},""T2_ema50_slope"":{""value"":0.3863209268415927,""score"":100},""T3_high_proximity"":{""value"":0.9227646351242983,""score"":61.382317562149126},""T4_rs_1m"":{""value"":-0.08704432167911647,""score"":0},""T5_rs_3m"":{""value"":0.11326851319097453,""score"":100},""T6_adr_healthy"":{""value"":2.358285631748179,""score"":100.0},""_score"":65.87},""geometry"":{""sub_low_similarity"":17.2,""sub_bounce_quality"":36.8,""sub_separation_fit"":100.0,""sub_right_bottom_reaction"":21.0,""sub_base_context"":100.0,""_score"":50.67},""compression"":{""VC1_atr_ratio"":{""value"":0.6381439213584772,""score"":90.4640196603807},""VC2_range_contraction"":{""value"":0.960843181244639,""score"":6.526136459226839},""VC3_range_pct_rank"":{""score"":6.666666666666665},""_score"":40.14},""sr_quality"":{""SR1_touches"":{""value"":2,""score"":25.0},""SR2_tightness"":{""value"":0.7300000000000182,""score"":85.33585483931103},""SR3_recency"":{""value"":233,""score"":0.0},""SR4_price_location"":{""score"":71.9512989126897},""SR5_reaction"":{""value"":1.832515948333997,""score"":91.62579741669985},""_score"":52.03,""_levels_found"":6,""_target_level"":378.99},""volume"":{""V1_rvol_day"":{""value"":0.6907862063576397,""score"":12.719080423842644},""V2_rvol_sameslot"":{""value"":2.0491445254442566,""score"":100,""status"":""ok""},""V3_breakout_bar"":{""value"":0.7788479441979789,""score"":18.589862946531923},""V4_base_dryup"":{""value"":1.160334512728539,""score"":33.966548727146105},""V5_bo_expansion"":{""value"":0.6907862063576397,""score"":0},""_score"":33.98},""readiness"":{""_distance_atr"":0.631,""BR1_atr_distance"":{""score"":57.949391959304116},""BR2_compression"":{""score"":0},""BR3_retest"":{""score"":50.0},""BR4_bo_age"":{""score"":50.0},""_score"":40.68},""risk"":{""R1_stop_clarity"":{""score"":0},""R2_stop_distance_pct"":{""value"":5.111292162294285,""score"":100.0},""R3_stop_distance_atr"":{""value"":1.8903489263033442,""score"":100.0},""R4_rr_potential"":{""value"":1.3846382725495154,""score"":19.231913627475773},""_score"":48.85},""market"":{""M1_spy_regime"":{""score"":100.0},""M3_earnings_risk"":{""value"":null,""score"":80.0},""M4_vix"":{""value"":null,""score"":60.0},""_score"":84.0},""liquidity"":{""L1_price"":{""value"":368.22,""score"":100.0},""L2_dollar_vol"":{""value"":5263096929.880872,""score"":100.0},""L3_spread_proxy"":{""value"":0.03956873608169027,""score"":60.431263918309725},""L4_volume_zscore"":{""value"":-0.6534048642778165,""score"":100.0},""_score"":96.04},""pattern_structure"":{""left_low"":369.71,""left_idx"":59,""right_low"":354.72,""right_idx"":72,""separation_bars"":13,""structural_low"":354.72,""current_price"":368.275,""neckline_distance_pct"":0.01690312945489111,""base_bars"":13},""pattern_geometry_features"":{""low_similarity_pct"":0.04138426072912483,""bounce_pct"":0.05576229138475409,""right_bottom_reaction"":0.20970695970695716,""atr_pct"":0.027038882034808406},""_schema_version"":""1.0""}",,,,,,,,,,
20260604T164444Z-6b270e,2026-06-04T16:44:44.043038+00:00,GLW,bull_flag,absent,53.48,95.6,44.6,53.6,51.6,12.0,31.9,82.6,84.0,93.5,13.39,13.37,4.82,5.16,1.68,2.87,2.48,5.04,4.67,False,,196.18,208.57,181.043,244.71,"{""trend"":{""T1_ema_stack"":{""value"":[true,true,true],""score"":100.0},""T2_ema50_slope"":{""value"":0.5512002060617794,""score"":100},""T3_high_proximity"":{""value"":0.9419051277126945,""score"":70.95256385634724},""T4_rs_1m"":{""value"":0.16496377776938886,""score"":100},""T5_rs_3m"":{""value"":0.34556967998419386,""score"":100},""T6_adr_healthy"":{""value"":6.194905511103853,""score"":100.0},""_score"":95.64},""geometry"":{""sub_pole_impulse"":54.6,""sub_flag_tightness"":27.3,""sub_flag_shallowness"":0,""sub_flag_drift"":75.7,""sub_flag_duration"":100.0,""_score"":44.56},""compression"":{""VC1_atr_ratio"":{""value"":0.5030147568725842,""score"":100},""VC2_range_contraction"":{""value"":0.8890186699467719,""score"":18.49688834220468},""VC3_range_pct_rank"":{""score"":28.333333333333332},""_score"":53.56},""sr_quality"":{""SR1_touches"":{""value"":4,""score"":75.0},""SR2_tightness"":{""value"":3.619837703544179,""score"":43.9464261207003},""SR3_recency"":{""value"":228,""score"":0.0},""SR4_price_location"":{""score"":30.0},""SR5_reaction"":{""value"":2.046356879728835,""score"":100},""_score"":51.59,""_levels_found"":6,""_target_level"":174.515},""volume"":{""V1_rvol_day"":{""value"":0.4714664311509582,""score"":0},""V2_rvol_sameslot"":{""value"":0.5403934391424025,""score"":2.69289594282683,""status"":""ok""},""V3_breakout_bar"":{""value"":0.49844261592087735,""score"":0},""V4_base_dryup"":{""value"":0.9284896792861088,""score"":57.15103207138912},""V5_bo_expansion"":{""value"":0.47146643115095804,""score"":0},""_score"":11.97},""readiness"":{""_distance_atr"":0.959,""BR1_atr_distance"":{""score"":36.046508412560904},""BR2_compression"":{""score"":0},""BR3_retest"":{""score"":50.0},""BR4_bo_age"":{""score"":50.0},""_score"":31.92},""risk"":{""R1_stop_clarity"":{""score"":57.307560216326856},""R2_stop_distance_pct"":{""value"":7.715873177693955,""score"":100.0},""R3_stop_distance_atr"":{""value"":1.171990317383858,""score"":83.5995158691929},""R4_rr_potential"":{""value"":3.2060513972385527,""score"":100.0},""_score"":82.6},""market"":{""M1_spy_regime"":{""score"":100.0},""M3_earnings_risk"":{""value"":null,""score"":80.0},""M4_vix"":{""value"":null,""score"":60.0},""_score"":84.0},""liquidity"":{""L1_price"":{""value"":196.18,""score"":100.0},""L2_dollar_vol"":{""value"":1346940984.9375844,""score"":100.0},""L3_spread_proxy"":{""value"":0.06544958711387501,""score"":34.55041288612499},""L4_volume_zscore"":{""value"":-1.6250518340136946,""score"":100.0},""_score"":93.46},""pattern_structure"":{""pole_low"":172.43,""pole_low_idx"":39,""peak_price"":208.57,""peak_idx"":52,""pole_gain"":0.20959229832395745,""flag_bars"":7,""flag_low"":183.8,""flag_high"":202.87,""structural_low"":183.8,""current_price"":196.275,""neckline_distance_pct"":0.06264170169405164,""base_bars"":7},""pattern_geometry_features"":{""pole_gain"":0.20959229832395745,""pullback_pct"":0.11876108740470817,""flag_range_pct"":0.09143213309680201,""flag_drift_per_bar"":-0.0048620193969831,""atr_pct"":0.06583563928170919,""pole_atr_multiple"":3.183568969796387},""_schema_version"":""1.0""}",,,,,,,,,,
20260604T164444Z-6b270e,2026-06-04T16:44:44.043038+00:00,LUNR,double_bottom,invalidated,53.47,71.7,80.9,15.8,44.4,10.6,22.0,37.8,84.0,91.2,10.75,20.23,1.27,6.21,1.38,1.76,2.27,5.04,4.56,False,,33.73,43.39,37.233,48.98,"{""trend"":{""T1_ema_stack"":{""value"":[false,true,true],""score"":66.66666666666666},""T2_ema50_slope"":{""value"":1.1845472905005403,""score"":100},""T3_high_proximity"":{""value"":0.7380743982494529,""score"":0},""T4_rs_1m"":{""value"":0.31480383070365847,""score"":100},""T5_rs_3m"":{""value"":0.7984654832495572,""score"":100},""T6_adr_healthy"":{""value"":13.721959581013794,""score"":0.0},""_score"":71.67},""geometry"":{""sub_low_similarity"":49.3,""sub_bounce_quality"":100,""sub_separation_fit"":93.3,""sub_right_bottom_reaction"":81.0,""sub_base_context"":100.0,""_score"":80.94},""compression"":{""VC1_atr_ratio"":{""value"":1.0344208156987347,""score"":0},""VC2_range_contraction"":{""value"":1.3243827513542727,""score"":0},""VC3_range_pct_rank"":{""score"":63.33333333333333},""_score"":15.83},""sr_quality"":{""SR1_touches"":{""value"":2,""score"":25.0},""SR2_tightness"":{""value"":0.11499999999999844,""score"":95.79748031537176},""SR3_recency"":{""value"":236,""score"":0.0},""SR4_price_location"":{""score"":30.0},""SR5_reaction"":{""value"":2.1012598423141524,""score"":100},""_score"":44.37,""_levels_found"":3,""_target_level"":31.035},""volume"":{""V1_rvol_day"":{""value"":0.47025191783815773,""score"":0},""V2_rvol_sameslot"":{""value"":1.0153590453671408,""score"":34.35726969114272,""status"":""ok""},""V3_breakout_bar"":{""value"":0.6903392045876966,""score"":12.68928030584644},""V4_base_dryup"":{""value"":1.472427201512963,""score"":2.7572798487037034},""V5_bo_expansion"":{""value"":0.47025191783815784,""score"":0},""_score"":10.6},""readiness"":{""_distance_atr"":1.765,""BR1_atr_distance"":{""score"":0},""BR2_compression"":{""score"":17.99007573179564},""BR3_retest"":{""score"":50.0},""BR4_bo_age"":{""score"":50.0},""_score"":22.0},""risk"":{""R1_stop_clarity"":{""score"":79.27975077231088},""R2_stop_distance_pct"":{""value"":-10.385413578416841,""score"":0.0},""R3_stop_distance_atr"":{""value"":-0.6400620197936067,""score"":0.0},""R4_rr_potential"":{""value"":null,""score"":50.0},""_score"":37.75},""market"":{""M1_spy_regime"":{""score"":100.0},""M3_earnings_risk"":{""value"":null,""score"":80.0},""M4_vix"":{""value"":null,""score"":60.0},""_score"":84.0},""liquidity"":{""L1_price"":{""value"":33.73,""score"":100.0},""L2_dollar_vol"":{""value"":276797862.93595153,""score"":100.0},""L3_spread_proxy"":{""value"":0.08804921434924398,""score"":11.950785650756018},""L4_volume_zscore"":{""value"":-0.9534510336908754,""score"":100.0},""_score"":91.2},""pattern_structure"":{""left_low"":38.77,""left_idx"":53,""right_low"":37.8,""right_idx"":62,""separation_bars"":9,""structural_low"":37.8,""current_price"":33.73,""neckline_distance_pct"":0.2863919359620517,""base_bars"":9},""pattern_geometry_features"":{""low_similarity_pct"":0.02533629358756709,""bounce_pct"":0.14788359788359798,""right_bottom_reaction"":0.8097727272727265,""atr_pct"":0.16225636355935796},""_schema_version"":""1.0""}",,,,,,,,,,
20260604T164444Z-6b270e,2026-06-04T16:44:44.043038+00:00,TSM,bull_flag,absent,53.24,99.3,39.0,42.6,46.3,22.4,50.5,56.5,84.0,95.4,13.91,11.69,3.83,4.63,3.13,4.55,1.7,5.04,4.77,True,risk_unclear,446.13,450.1636,420.8905,485.6172,"{""trend"":{""T1_ema_stack"":{""value"":[true,true,true],""score"":100.0},""T2_ema50_slope"":{""value"":0.2831870236482059,""score"":97.19783727470099},""T3_high_proximity"":{""value"":0.9987463341467236,""score"":99.3731670733618},""T4_rs_1m"":{""value"":0.08585576331676537,""score"":100},""T5_rs_3m"":{""value"":0.15033320733996813,""score"":100},""T6_adr_healthy"":{""value"":3.3391723277117156,""score"":100.0},""_score"":99.35},""geometry"":{""sub_pole_impulse"":36.9,""sub_flag_tightness"":11.5,""sub_flag_shallowness"":0,""sub_flag_drift"":100,""sub_flag_duration"":100.0,""_score"":38.95},""compression"":{""VC1_atr_ratio"":{""value"":0.5944366163328662,""score"":100},""VC2_range_contraction"":{""value"":0.9953928998390396,""score"":0.7678500268267404},""VC3_range_pct_rank"":{""score"":9.166666666666668},""_score"":42.56},""sr_quality"":{""SR1_touches"":{""value"":3,""score"":50.0},""SR2_tightness"":{""value"":3.161079281230112,""score"":58.94805052450304},""SR3_recency"":{""value"":239,""score"":0.0},""SR4_price_location"":{""score"":30.0},""SR5_reaction"":{""value"":2.1772181958336856,""score"":100},""_score"":46.34,""_levels_found"":6,""_target_level"":418.8233},""volume"":{""V1_rvol_day"":{""value"":0.5092624823757124,""score"":0.6174988250474911},""V2_rvol_sameslot"":{""value"":0.9160004012383568,""score"":27.73336008255712,""status"":""ok""},""V3_breakout_bar"":{""value"":0.8237166445529709,""score"":21.581109636864724},""V4_base_dryup"":{""value"":0.9355855928829896,""score"":56.44144071170104},""V5_bo_expansion"":{""value"":0.5092624823757124,""score"":0},""_score"":22.35},""readiness"":{""_distance_atr"":0.262,""BR1_atr_distance"":{""score"":82.53896547427239},""BR2_compression"":{""score"":0},""BR3_retest"":{""score"":50.0},""BR4_bo_age"":{""score"":50.0},""_score"":50.52},""risk"":{""R1_stop_clarity"":{""score"":16.761825074882438},""R2_stop_distance_pct"":{""value"":5.657431690314475,""score"":100.0},""R3_stop_distance_atr"":{""value"":1.6388875232252968,""score"":100.0},""R4_rr_potential"":{""value"":1.5645000891459826,""score"":28.22500445729913},""_score"":56.51},""market"":{""M1_spy_regime"":{""score"":100.0},""M3_earnings_risk"":{""value"":null,""score"":80.0},""M4_vix"":{""value"":null,""score"":60.0},""_score"":84.0},""liquidity"":{""L1_price"":{""value"":446.13,""score"":100.0},""L2_dollar_vol"":{""value"":2847209665.240726,""score"":100.0},""L3_spread_proxy"":{""value"":0.04579360276152685,""score"":54.20639723847315},""L4_volume_zscore"":{""value"":-1.64822603696568,""score"":100.0},""_score"":95.42},""pattern_structure"":{""pole_low"":414.71,""pole_low_idx"":27,""peak_price"":450.1636,""peak_idx"":51,""pole_gain"":0.08549010151672252,""flag_bars"":8,""flag_low"":427.3,""flag_high"":447.7299,""structural_low"":427.3,""current_price"":446.5653,""neckline_distance_pct"":0.00805772414471074,""base_bars"":8},""pattern_geometry_features"":{""pole_gain"":0.08549010151672252,""pullback_pct"":0.0507895351823203,""flag_range_pct"":0.04538327843477344,""flag_drift_per_bar"":0.0017080528712309646,""atr_pct"":0.03451995094319081,""pole_atr_multiple"":2.4765418020846224},""_schema_version"":""1.0""}",,,,,,,,,,
20260604T164444Z-6b270e,2026-06-04T16:44:44.043038+00:00,POWI,high_tight_pullback,forming,53.21,98.6,57.7,40.6,41.5,1.3,40.1,82.0,84.0,83.1,11.83,20.19,4.06,3.32,0.19,3.61,0.82,5.04,4.16,False,,85.41,89.0,79.0857,107.92,"{""trend"":{""T1_ema_stack"":{""value"":[true,true,true],""score"":100.0},""T2_ema50_slope"":{""value"":0.592184030993659,""score"":100},""T3_high_proximity"":{""value"":0.980934879981624,""score"":90.46743999081197},""T4_rs_1m"":{""value"":0.06279272368455824,""score"":100},""T5_rs_3m"":{""value"":0.6760267173696661,""score"":100},""T6_adr_healthy"":{""value"":6.5520845702238955,""score"":100.0},""_score"":98.57},""geometry"":{""sub_pole_impulse"":79.8,""sub_flag_tightness"":53.0,""sub_flag_shallowness"":27.5,""sub_flag_drift"":100,""sub_flag_duration"":0.0,""_score"":57.69},""compression"":{""VC1_atr_ratio"":{""value"":0.6712276117679036,""score"":82.1930970580241},""VC2_range_contraction"":{""value"":0.9495684110119087,""score"":8.405264831348552},""VC3_range_pct_rank"":{""score"":19.166666666666664},""_score"":40.61},""sr_quality"":{""SR1_touches"":{""value"":2,""score"":25.0},""SR2_tightness"":{""value"":0.6494499999999945,""score"":76.38624307706311},""SR3_recency"":{""value"":228,""score"":0.0},""SR4_price_location"":{""score"":30.0},""SR5_reaction"":{""value"":2.36317549361434,""score"":100},""_score"":41.46,""_levels_found"":7,""_target_level"":80.9394},""volume"":{""V1_rvol_day"":{""value"":0.2320933767157961,""score"":0},""V2_rvol_sameslot"":{""value"":0.4678449953595672,""score"":0,""status"":""ok""},""V3_breakout_bar"":{""value"":0.5713960422830304,""score"":4.759736152202029},""V4_base_dryup"":{""value"":1.4927692133082913,""score"":0.7230786691708744},""V5_bo_expansion"":{""value"":0.2320933767157961,""score"":0},""_score"":1.33},""readiness"":{""_distance_atr"":0.653,""BR1_atr_distance"":{""score"":56.48965157525896},""BR2_compression"":{""score"":0},""BR3_retest"":{""score"":50.0},""BR4_bo_age"":{""score"":50.0},""_score"":40.1},""risk"":{""R1_stop_clarity"":{""score"":56.210288474648706},""R2_stop_distance_pct"":{""value"":7.404695000585407,""score"":100.0},""R3_stop_distance_atr"":{""value"":1.1497548971866736,""score"":82.48774485933367},""R4_rr_potential"":{""value"":3.5592590542901674,""score"":100.0},""_score"":82.05},""market"":{""M1_spy_regime"":{""score"":100.0},""M3_earnings_risk"":{""value"":null,""score"":80.0},""M4_vix"":{""value"":null,""score"":60.0},""_score"":84.0},""liquidity"":{""L1_price"":{""value"":85.41,""score"":100.0},""L2_dollar_vol"":{""value"":28601660.71566531,""score"":72.81956252832305},""L3_spread_proxy"":{""value"":0.060180306755649234,""score"":39.819693244350766},""L4_volume_zscore"":{""value"":-1.4399385484085172,""score"":100.0},""_score"":83.11},""pattern_structure"":{""pole_low"":70.08,""pole_low_idx"":8,""peak_price"":89.0,""peak_idx"":33,""pole_gain"":0.2699771689497717,""flag_bars"":26,""flag_low"":80.29,""flag_high"":87.0699,""structural_low"":80.29,""current_price"":85.33,""neckline_distance_pct"":0.04300949255830308,""base_bars"":26},""pattern_geometry_features"":{""pole_gain"":0.2699771689497717,""pullback_pct"":0.09786516853932577,""flag_range_pct"":0.07617865168539323,""flag_drift_per_bar"":0.0012440505989316395,""atr_pct"":0.06440237844347432,""pole_atr_multiple"":4.192037242642047},""_schema_version"":""1.0""}",,,,,,,,,,
20260604T164444Z-6b270e,2026-06-04T16:44:44.043038+00:00,IR,vcp,forming,53.08,5.5,65.1,69.4,39.8,56.1,33.9,65.0,84.0,98.4,0.83,16.29,8.32,4.77,7.29,2.37,3.25,5.04,4.92,True,risk_unclear,71.255,72.95,68.1227,104.7499,"{""trend"":{""T1_ema_stack"":{""value"":[false,false,false],""score"":0.0},""T2_ema50_slope"":{""value"":-0.48245400366111696,""score"":0},""T3_high_proximity"":{""value"":0.8067821557971014,""score"":3.3910778985506984},""T4_rs_1m"":{""value"":-0.1054852027456823,""score"":0},""T5_rs_3m"":{""value"":-0.32315855664210347,""score"":0},""T6_adr_healthy"":{""value"":2.7092333633962915,""score"":100.0},""_score"":5.51},""geometry"":{""sub_contraction_count"":100.0,""sub_reduction_rate"":44.7,""sub_pivot_tightness"":68.6,""sub_volume_dryup"":1.2,""sub_base_depth"":85.0,""sub_base_duration"":100.0,""_score"":65.14},""compression"":{""VC1_atr_ratio"":{""value"":0.3613605901477984,""score"":100},""VC2_range_contraction"":{""value"":0.8821973587521963,""score"":19.63377354130062},""VC3_range_pct_rank"":{""score"":90.0},""_score"":69.37},""sr_quality"":{""SR1_touches"":{""value"":2,""score"":25.0},""SR2_tightness"":{""value"":0.3500000000000014,""score"":63.47358730371702},""SR3_recency"":{""value"":247,""score"":0.0},""SR4_price_location"":{""score"":31.04335088837462},""SR5_reaction"":{""value"":4.2866354328566185,""score"":100},""_score"":39.78,""_levels_found"":4,""_target_level"":75.66},""volume"":{""V1_rvol_day"":{""value"":0.36654038248364057,""score"":0},""V2_rvol_sameslot"":{""value"":2.2026935709397897,""score"":100,""status"":""ok""},""V3_breakout_bar"":{""value"":2.4990891878442714,""score"":100},""V4_base_dryup"":{""value"":0.9457651855686949,""score"":55.423481443130505},""V5_bo_expansion"":{""value"":0.3665403824836406,""score"":0},""_score"":56.08},""readiness"":{""_distance_atr"":0.884,""BR1_atr_distance"":{""score"":41.03593379028604},""BR2_compression"":{""score"":0},""BR3_retest"":{""score"":50.0},""BR4_bo_age"":{""score"":50.0},""_score"":33.91},""risk"":{""R1_stop_clarity"":{""score"":0},""R2_stop_distance_pct"":{""value"":4.395904147077394,""score"":100.0},""R3_stop_distance_atr"":{""value"":1.6344533896883662,""score"":100.0},""R4_rr_potential"":{""value"":10.693383124197984,""score"":100.0},""_score"":65.0},""market"":{""M1_spy_regime"":{""score"":100.0},""M3_earnings_risk"":{""value"":null,""score"":80.0},""M4_vix"":{""value"":null,""score"":60.0},""_score"":84.0},""liquidity"":{""L1_price"":{""value"":71.255,""score"":100.0},""L2_dollar_vol"":{""value"":98552399.91400738,""score"":99.68336022667357},""L3_spread_proxy"":{""value"":0.015156831099572136,""score"":84.84316890042787},""L4_volume_zscore"":{""value"":-2.2389039088703466,""score"":100.0},""_score"":98.36},""pattern_structure"":{""n_contractions"":5,""contractions_pct"":[21.0,6.98,7.4,5.03,5.2],""descending_strict"":false,""final_low"":69.1601,""final_pivot"":72.95,""structural_low"":69.1601,""dry_up_ratio"":0.9939291037235966,""current_price"":71.255,""neckline_distance_pct"":0.023787804364606098,""base_bars"":71},""pattern_geometry_features"":{""contraction_count"":5.0,""first_contraction_pct"":0.20998415213946106,""last_contraction_pct"":0.051952021932830744,""dry_up_ratio"":0.9939291037235966,""near_monotone"":0.0,""base_depth_pct"":0.31497523771790803},""_schema_version"":""1.0""}",,,,,,,,,,
20260604T164444Z-6b270e,2026-06-04T16:44:44.043038+00:00,IBM,double_bottom,forming,53.0,75.7,73.5,7.7,43.1,3.7,30.3,64.2,84.0,96.9,11.35,18.37,0.62,6.03,0.48,2.42,3.85,5.04,4.85,False,,301.65,329.88,297.9921,357.2299,"{""trend"":{""T1_ema_stack"":{""value"":[true,true,false],""score"":66.66666666666666},""T2_ema50_slope"":{""value"":0.08600273191899815,""score"":64.33378865316637},""T3_high_proximity"":{""value"":0.9162287762354584,""score"":58.11438811772918},""T4_rs_1m"":{""value"":0.27179955108400033,""score"":100},""T5_rs_3m"":{""value"":0.06537455939898118,""score"":82.68727969949059},""T6_adr_healthy"":{""value"":4.033264097353357,""score"":100.0},""_score"":75.65},""geometry"":{""sub_low_similarity"":50.5,""sub_bounce_quality"":86.3,""sub_separation_fit"":86.7,""sub_right_bottom_reaction"":53.8,""sub_base_context"":100.0,""_score"":73.48},""compression"":{""VC1_atr_ratio"":{""value"":1.3044424092584677,""score"":0},""VC2_range_contraction"":{""value"":2.1483669032566763,""score"":0},""VC3_range_pct_rank"":{""score"":30.833333333333336},""_score"":7.71},""sr_quality"":{""SR1_touches"":{""value"":2,""score"":25.0},""SR2_tightness"":{""value"":1.4050000000000011,""score"":81.93513547270798},""SR3_recency"":{""value"":323,""score"":0.0},""SR4_price_location"":{""score"":51.000418585182025},""SR5_reaction"":{""value"":1.4030806701357563,""score"":70.15403350678781},""_score"":43.06,""_levels_found"":6,""_target_level"":311.405},""volume"":{""V1_rvol_day"":{""value"":0.4081880011862909,""score"":0},""V2_rvol_sameslot"":{""value"":0.7763225763420429,""score"":18.421505089469527,""status"":""ok""},""V3_breakout_bar"":{""value"":0.46855591185618034,""score"":0},""V4_base_dryup"":{""value"":1.564252075436439,""score"":0},""V5_bo_expansion"":{""value"":0.4081880011862909,""score"":0},""_score"":3.68},""readiness"":{""_distance_atr"":1.815,""BR1_atr_distance"":{""score"":0},""BR2_compression"":{""score"":51.06022220125003},""BR3_retest"":{""score"":50.0},""BR4_bo_age"":{""score"":50.0},""_score"":30.27},""risk"":{""R1_stop_clarity"":{""score"":41.65303980147911},""R2_stop_distance_pct"":{""value"":1.212614453837226,""score"":80.31536134593065},""R3_stop_distance_atr"":{""value"":0.23515513099093122,""score"":36.75775654954656},""R4_rr_potential"":{""value"":15.19468463932998,""score"":100.0},""_score"":64.19},""market"":{""M1_spy_regime"":{""score"":100.0},""M3_earnings_risk"":{""value"":null,""score"":80.0},""M4_vix"":{""value"":null,""score"":60.0},""_score"":84.0},""liquidity"":{""L1_price"":{""value"":301.65,""score"":100.0},""L2_dollar_vol"":{""value"":1438738975.9470484,""score"":100.0},""L3_spread_proxy"":{""value"":0.030631526603679793,""score"":69.36847339632021},""L4_volume_zscore"":{""value"":-0.8053101198077536,""score"":100.0},""_score"":96.94},""pattern_structure"":{""left_low"":310.109,""left_idx"":65,""right_low"":302.5301,""right_idx"":73,""separation_bars"":8,""structural_low"":302.5301,""current_price"":303.21,""neckline_distance_pct"":0.08795884040763832,""base_bars"":8},""pattern_geometry_features"":{""low_similarity_pct"":0.024741809655962135,""bounce_pct"":0.09040389700066205,""right_bottom_reaction"":0.5379348724261853,""atr_pct"":0.05156657431744455},""_schema_version"":""1.0""}",,,,,,,,,,
20260604T164444Z-6b270e,2026-06-04T16:44:44.043038+00:00,HEI,double_bottom,forming,52.99,75.0,63.3,49.0,49.1,0.8,17.5,64.5,84.0,93.7,11.25,15.83,3.92,6.87,0.11,1.4,3.87,5.04,4.69,True,risk_unclear,332.79,351.64,323.2475,375.11,"{""trend"":{""T1_ema_stack"":{""value"":[true,true,false],""score"":66.66666666666666},""T2_ema50_slope"":{""value"":0.18738117423194303,""score"":81.23019570532384},""T3_high_proximity"":{""value"":0.9557987247975186,""score"":77.89936239875928},""T4_rs_1m"":{""value"":0.15470155066694935,""score"":100},""T5_rs_3m"":{""value"":-0.027682776962019817,""score"":36.15861151899009},""T6_adr_healthy"":{""value"":2.954590200353372,""score"":100.0},""_score"":75.02},""geometry"":{""sub_low_similarity"":54.9,""sub_bounce_quality"":59.3,""sub_separation_fit"":100.0,""sub_right_bottom_reaction"":0,""sub_base_context"":100.0,""_score"":63.33},""compression"":{""VC1_atr_ratio"":{""value"":0.7942544821294099,""score"":51.436379467647534},""VC2_range_contraction"":{""value"":0.8689558765655199,""score"":21.840687239080022},""VC3_range_pct_rank"":{""score"":83.33333333333334},""_score"":49.05},""sr_quality"":{""SR1_touches"":{""value"":2,""score"":25.0},""SR2_tightness"":{""value"":1.4778499999999894,""score"":73.78034948720014},""SR3_recency"":{""value"":309,""score"":0.0},""SR4_price_location"":{""score"":70.83524416948758},""SR5_reaction"":{""value"":1.7098748065832066,""score"":85.49374032916033},""_score"":49.1,""_levels_found"":6,""_target_level"":338.6302},""volume"":{""V1_rvol_day"":{""value"":0.21848001973583145,""score"":0},""V2_rvol_sameslot"":{""value"":0.456093747236707,""score"":0,""status"":""ok""},""V3_breakout_bar"":{""value"":0.4788546738683735,""score"":0},""V4_base_dryup"":{""value"":1.4584817806263657,""score"":4.151821937363437},""V5_bo_expansion"":{""value"":0.2184800197358315,""score"":0},""_score"":0.83},""readiness"":{""_distance_atr"":1.672,""BR1_atr_distance"":{""score"":0},""BR2_compression"":{""score"":0},""BR3_retest"":{""score"":50.0},""BR4_bo_age"":{""score"":50.0},""_score"":17.5},""risk"":{""R1_stop_clarity"":{""score"":12.665330966076482},""R2_stop_distance_pct"":{""value"":2.8674389254484827,""score"":100.0},""R3_stop_distance_atr"":{""value"":0.8465078526268572,""score"":67.32539263134287},""R4_rr_potential"":{""value"":4.434873278106996,""score"":100.0},""_score"":64.53},""market"":{""M1_spy_regime"":{""score"":100.0},""M3_earnings_risk"":{""value"":null,""score"":80.0},""M4_vix"":{""value"":null,""score"":60.0},""_score"":84.0},""liquidity"":{""L1_price"":{""value"":332.79,""score"":100.0},""L2_dollar_vol"":{""value"":60119324.62038186,""score"":88.9507046542192},""L3_spread_proxy"":{""value"":0.018690465458697587,""score"":81.30953454130241},""L4_volume_zscore"":{""value"":-2.224721956569601,""score"":100.0},""_score"":93.71},""pattern_structure"":{""left_low"":335.66,""left_idx"":52,""right_low"":328.17,""right_idx"":76,""separation_bars"":24,""structural_low"":328.17,""current_price"":332.52,""neckline_distance_pct"":0.05750030073379046,""base_bars"":24},""pattern_geometry_features"":{""low_similarity_pct"":0.02256601840832746,""bounce_pct"":0.0715178108906968,""right_bottom_reaction"":0.0,""atr_pct"":0.03387374277214717},""_schema_version"":""1.0""}",,,,,,,,,,
20260604T164444Z-6b270e,2026-06-04T16:44:44.043038+00:00,CCJ,double_bottom,forming,52.93,33.7,72.5,67.7,40.2,11.4,34.0,75.8,84.0,97.8,5.06,18.13,5.42,5.63,1.49,2.72,4.55,5.04,4.89,False,,113.84,122.3,107.0104,135.96,"{""trend"":{""T1_ema_stack"":{""value"":[true,false,true],""score"":66.66666666666666},""T2_ema50_slope"":{""value"":-0.16339954557106523,""score"":22.76674240482246},""T3_high_proximity"":{""value"":0.9001344192298569,""score"":50.067209614928444},""T4_rs_1m"":{""value"":-0.05069355392993635,""score"":0},""T5_rs_3m"":{""value"":-0.11392103332651249,""score"":0},""T6_adr_healthy"":{""value"":4.3891209346401245,""score"":100.0},""_score"":33.73},""geometry"":{""sub_low_similarity"":29.3,""sub_bounce_quality"":100,""sub_separation_fit"":100.0,""sub_right_bottom_reaction"":58.3,""sub_base_context"":100.0,""_score"":72.53},""compression"":{""VC1_atr_ratio"":{""value"":0.48123690632147686,""score"":100},""VC2_range_contraction"":{""value"":0.9387026257992929,""score"":10.216229033451189},""VC3_range_pct_rank"":{""score"":96.66666666666667},""_score"":67.74},""sr_quality"":{""SR1_touches"":{""value"":3,""score"":50.0},""SR2_tightness"":{""value"":1.0735130284361822,""score"":55.8021120913927},""SR3_recency"":{""value"":265,""score"":0.0},""SR4_price_location"":{""score"":7.4648705394760775},""SR5_reaction"":{""value"":2.6147869534147157,""score"":100},""_score"":40.24,""_levels_found"":5,""_target_level"":121.2853},""volume"":{""V1_rvol_day"":{""value"":0.3323826689035068,""score"":0},""V2_rvol_sameslot"":{""value"":0.5253441644164349,""score"":1.6896109610956629,""status"":""ok""},""V3_breakout_bar"":{""value"":0.3505460239746035,""score"":0},""V4_base_dryup"":{""value"":0.9452185262217633,""score"":55.478147377823674},""V5_bo_expansion"":{""value"":0.33238266890350676,""score"":0},""_score"":11.43},""readiness"":{""_distance_atr"":1.742,""BR1_atr_distance"":{""score"":0},""BR2_compression"":{""score"":65.87474320185555},""BR3_retest"":{""score"":50.0},""BR4_bo_age"":{""score"":50.0},""_score"":33.97},""risk"":{""R1_stop_clarity"":{""score"":32.907308781536585},""R2_stop_distance_pct"":{""value"":5.999297259311313,""score"":100.0},""R3_stop_distance_atr"":{""value"":1.4059163105842498,""score"":95.29581552921249},""R4_rr_potential"":{""value"":3.238842684783879,""score"":100.0},""_score"":75.81},""market"":{""M1_spy_regime"":{""score"":100.0},""M3_earnings_risk"":{""value"":null,""score"":80.0},""M4_vix"":{""value"":null,""score"":60.0},""_score"":84.0},""liquidity"":{""L1_price"":{""value"":113.84,""score"":100.0},""L2_dollar_vol"":{""value"":113930739.42486417,""score"":100.0},""L3_spread_proxy"":{""value"":0.02152933942375255,""score"":78.47066057624745},""L4_volume_zscore"":{""value"":-2.5822111155215453,""score"":100.0},""_score"":97.85},""pattern_structure"":{""left_low"":108.64,""left_idx"":53,""right_low"":112.55,""right_idx"":73,""separation_bars"":20,""structural_low"":108.64,""current_price"":114.11,""neckline_distance_pct"":0.07177285075804046,""base_bars"":20},""pattern_geometry_features"":{""low_similarity_pct"":0.03535422035354217,""bounce_pct"":0.1257363770250368,""right_bottom_reaction"":0.5830508474576261,""atr_pct"":0.042671795000501944},""_schema_version"":""1.0""}",,,,,,,,,,
20260604T164444Z-6b270e,2026-06-04T16:44:44.043038+00:00,MOD,vcp,setup,52.82,95.2,35.0,44.8,38.0,27.1,64.2,40.4,84.0,95.5,14.28,8.75,5.38,4.56,3.53,4.49,2.02,5.04,4.77,False,,294.905,294.055,228.8254,273.6299,"{""trend"":{""T1_ema_stack"":{""value"":[true,true,true],""score"":100.0},""T2_ema50_slope"":{""value"":0.40275819803503676,""score"":100},""T3_high_proximity"":{""value"":0.9609469190915311,""score"":80.47345954576551},""T4_rs_1m"":{""value"":0.04052951838478358,""score"":90.52951838478359},""T5_rs_3m"":{""value"":0.3297571509422623,""score"":100},""T6_adr_healthy"":{""value"":7.075760294779634,""score"":100.0},""_score"":95.18},""geometry"":{""sub_contraction_count"":100.0,""sub_reduction_rate"":0,""sub_pivot_tightness"":0,""sub_volume_dryup"":0,""sub_base_depth"":0.0,""sub_base_duration"":100.0,""_score"":35.0},""compression"":{""VC1_atr_ratio"":{""value"":0.7352043919434753,""score"":66.19890201413116},""VC2_range_contraction"":{""value"":1.378789684567152,""score"":0},""VC3_range_pct_rank"":{""score"":73.33333333333334},""_score"":44.81},""sr_quality"":{""SR1_touches"":{""value"":2,""score"":25.0},""SR2_tightness"":{""value"":3.3774999999999977,""score"":73.46408335482231},""SR3_recency"":{""value"":239,""score"":0.0},""SR4_price_location"":{""score"":30.0},""SR5_reaction"":{""value"":1.5985365822177082,""score"":79.92682911088541},""_score"":38.01,""_levels_found"":6,""_target_level"":290.6775},""volume"":{""V1_rvol_day"":{""value"":0.3995242060252196,""score"":0},""V2_rvol_sameslot"":{""value"":0.9009134127622015,""score"":26.727560850813433,""status"":""ok""},""V3_breakout_bar"":{""value"":0.9957354665203217,""score"":33.04903110135478},""V4_base_dryup"":{""value"":0.8231116775917201,""score"":67.68883224082799},""V5_bo_expansion"":{""value"":0.39952420602521954,""score"":0},""_score"":27.15},""readiness"":{""_distance_atr"":-0.033,""BR1_atr_distance"":{""score"":100.0},""BR2_compression"":{""score"":26.84851763313671},""BR3_retest"":{""score"":50.0},""BR4_bo_age"":{""score"":50.0},""_score"":64.21},""risk"":{""R1_stop_clarity"":{""score"":72.62222894404327},""R2_stop_distance_pct"":{""value"":22.407063800206842,""score"":0.0},""R3_stop_distance_atr"":{""value"":2.595827491568805,""score"":100.0},""R4_rr_potential"":{""value"":-0.32196193099161635,""score"":0.0},""_score"":40.42},""market"":{""M1_spy_regime"":{""score"":100.0},""M3_earnings_risk"":{""value"":null,""score"":80.0},""M4_vix"":{""value"":null,""score"":60.0},""_score"":84.0},""liquidity"":{""L1_price"":{""value"":294.905,""score"":100.0},""L2_dollar_vol"":{""value"":164502558.14849806,""score"":100.0},""L3_spread_proxy"":{""value"":0.04526881538122454,""score"":54.73118461877546},""L4_volume_zscore"":{""value"":-1.198837918281644,""score"":100.0},""_score"":95.47},""pattern_structure"":{""n_contractions"":5,""contractions_pct"":[11.27,16.42,10.72,12.31,21.0],""descending_strict"":false,""final_low"":232.3101,""final_pivot"":294.055,""structural_low"":232.3101,""dry_up_ratio"":1.6566089910188253,""current_price"":294.905,""neckline_distance_pct"":-0.0028822841253961988,""base_bars"":49},""pattern_geometry_features"":{""contraction_count"":5.0,""first_contraction_pct"":0.11267904759657361,""last_contraction_pct"":0.20997738518304399,""dry_up_ratio"":1.6566089910188253,""near_monotone"":0.0,""base_depth_pct"":-0.09639710220166607},""_schema_version"":""1.0""}",,,,,,,,,,
20260604T164444Z-6b270e,2026-06-04T16:44:44.043038+00:00,MOD,bull_flag,absent,52.82,95.2,41.2,44.8,38.0,24.9,39.4,82.1,84.0,95.5,13.33,12.35,4.03,3.8,3.49,3.54,2.46,5.04,4.77,False,,294.905,318.61,277.9177,379.98,"{""trend"":{""T1_ema_stack"":{""value"":[true,true,true],""score"":100.0},""T2_ema50_slope"":{""value"":0.40275819803503676,""score"":100},""T3_high_proximity"":{""value"":0.9609469190915311,""score"":80.47345954576551},""T4_rs_1m"":{""value"":0.04052951838478358,""score"":90.52951838478359},""T5_rs_3m"":{""value"":0.3297571509422623,""score"":100},""T6_adr_healthy"":{""value"":7.075760294779634,""score"":100.0},""_score"":95.18},""geometry"":{""sub_pole_impulse"":44.1,""sub_flag_tightness"":31.2,""sub_flag_shallowness"":4.1,""sub_flag_drift"":62.1,""sub_flag_duration"":100.0,""_score"":41.16},""compression"":{""VC1_atr_ratio"":{""value"":0.7352043919434753,""score"":66.19890201413116},""VC2_range_contraction"":{""value"":1.378789684567152,""score"":0},""VC3_range_pct_rank"":{""score"":73.33333333333334},""_score"":44.81},""sr_quality"":{""SR1_touches"":{""value"":2,""score"":25.0},""SR2_tightness"":{""value"":3.3774999999999977,""score"":73.46408335482231},""SR3_recency"":{""value"":239,""score"":0.0},""SR4_price_location"":{""score"":30.0},""SR5_reaction"":{""value"":1.5985365822177082,""score"":79.92682911088541},""_score"":38.01,""_levels_found"":6,""_target_level"":290.6775},""volume"":{""V1_rvol_day"":{""value"":0.3995242060252196,""score"":0},""V2_rvol_sameslot"":{""value"":0.9009134127622015,""score"":26.727560850813433,""status"":""ok""},""V3_breakout_bar"":{""value"":0.9957354665203217,""score"":33.04903110135478},""V4_base_dryup"":{""value"":0.9343488716894762,""score"":56.565112831052375},""V5_bo_expansion"":{""value"":0.39952420602521954,""score"":0},""_score"":24.92},""readiness"":{""_distance_atr"":0.931,""BR1_atr_distance"":{""score"":37.91918045162211},""BR2_compression"":{""score"":26.84851763313671},""BR3_retest"":{""score"":50.0},""BR4_bo_age"":{""score"":50.0},""_score"":39.38},""risk"":{""R1_stop_clarity"":{""score"":66.74859120013205},""R2_stop_distance_pct"":{""value"":5.76024482460454,""score"":100.0},""R3_stop_distance_atr"":{""value"":0.6673164323179802,""score"":58.36582161589901},""R4_rr_potential"":{""value"":5.008167890623848,""score"":100.0},""_score"":82.12},""market"":{""M1_spy_regime"":{""score"":100.0},""M3_earnings_risk"":{""value"":null,""score"":80.0},""M4_vix"":{""value"":null,""score"":60.0},""_score"":84.0},""liquidity"":{""L1_price"":{""value"":294.905,""score"":100.0},""L2_dollar_vol"":{""value"":164502558.14849806,""score"":100.0},""L3_spread_proxy"":{""value"":0.04526881538122454,""score"":54.73118461877546},""L4_volume_zscore"":{""value"":-1.198837918281644,""score"":100.0},""_score"":95.47},""pattern_structure"":{""pole_low"":257.24,""pole_low_idx"":27,""peak_price"":318.61,""peak_idx"":52,""pole_gain"":0.23857098429482196,""flag_bars"":7,""flag_low"":282.15,""flag_high"":313.54,""structural_low"":282.15,""current_price"":294.905,""neckline_distance_pct"":0.08038181787355264,""base_bars"":7},""pattern_geometry_features"":{""pole_gain"":0.23857098429482196,""pullback_pct"":0.11443457518596414,""flag_range_pct"":0.09852170365023082,""flag_drift_per_bar"":-0.007572051047916174,""atr_pct"":0.08631954115974397,""pole_atr_multiple"":2.7638120069859924},""_schema_version"":""1.0""}",,,,,,,,,,
20260604T164444Z-6b270e,2026-06-04T16:44:44.043038+00:00,KLAC,vcp,setup,52.76,99.2,44.5,42.9,45.1,15.5,57.5,30.9,84.0,71.5,14.87,11.12,5.15,5.42,2.01,4.03,1.54,5.04,3.57,False,,2101.0,2060.08,1857.71,1756.53,"{""trend"":{""T1_ema_stack"":{""value"":[true,true,true],""score"":100.0},""T2_ema50_slope"":{""value"":0.33248178844336534,""score"":100},""T3_high_proximity"":{""value"":0.9886547049329211,""score"":94.32735246646051},""T4_rs_1m"":{""value"":0.16714167478006225,""score"":100},""T5_rs_3m"":{""value"":0.35946898871465405,""score"":100},""T6_adr_healthy"":{""value"":4.010345824393239,""score"":100.0},""_score"":99.15},""geometry"":{""sub_contraction_count"":100.0,""sub_reduction_rate"":0,""sub_pivot_tightness"":22.1,""sub_volume_dryup"":41.1,""sub_base_depth"":0.0,""sub_base_duration"":100.0,""_score"":44.48},""compression"":{""VC1_atr_ratio"":{""value"":0.6958713276002298,""score"":76.03216809994254},""VC2_range_contraction"":{""value"":1.026932501866522,""score"":0},""VC3_range_pct_rank"":{""score"":50.0},""_score"":42.91},""sr_quality"":{""SR1_touches"":{""value"":3,""score"":50.0},""SR2_tightness"":{""value"":21.79669750724225,""score"":51.018059754598674},""SR3_recency"":{""value"":228,""score"":0.0},""SR4_price_location"":{""score"":30.0},""SR5_reaction"":{""value"":2.888743105052325,""score"":100},""_score"":45.15,""_levels_found"":6,""_target_level"":1912.1567},""volume"":{""V1_rvol_day"":{""value"":0.2956122680873574,""score"":0},""V2_rvol_sameslot"":{""value"":0.6369193848237196,""score"":9.12795898824797,""status"":""ok""},""V3_breakout_bar"":{""value"":0.521784956908328,""score"":1.4523304605552032},""V4_base_dryup"":{""value"":0.8356408610059263,""score"":66.43591389940738},""V5_bo_expansion"":{""value"":0.29561226808735735,""score"":0},""_score"":15.48},""readiness"":{""_distance_atr"":-0.46,""BR1_atr_distance"":{""score"":100.0},""BR2_compression"":{""score"":0},""BR3_retest"":{""score"":50.0},""BR4_bo_age"":{""score"":50.0},""_score"":57.5},""risk"":{""R1_stop_clarity"":{""score"":36.426190752888864},""R2_stop_distance_pct"":{""value"":11.579723940980484,""score"":10.506901475487895},""R3_stop_distance_atr"":{""value"":2.733628853257279,""score"":100.0},""R4_rr_potential"":{""value"":-1.4158822804061,""score"":0.0},""_score"":30.9},""market"":{""M1_spy_regime"":{""score"":100.0},""M3_earnings_risk"":{""value"":null,""score"":80.0},""M4_vix"":{""value"":null,""score"":60.0},""_score"":84.0},""liquidity"":{""L1_price"":{""value"":2101.0,""score"":0.0},""L2_dollar_vol"":{""value"":597634366.174021,""score"":100.0},""L3_spread_proxy"":{""value"":0.03540218943360299,""score"":64.59781056639702},""L4_volume_zscore"":{""value"":-2.983444242607106,""score"":100.0},""_score"":71.46},""pattern_structure"":{""n_contractions"":5,""contractions_pct"":[13.15,6.53,15.13,11.56,8.45],""descending_strict"":false,""final_low"":1886.0,""final_pivot"":2060.08,""structural_low"":1886.0,""dry_up_ratio"":0.7945104125989928,""current_price"":2101.0,""neckline_distance_pct"":-0.01947643979057595,""base_bars"":47},""pattern_geometry_features"":{""contraction_count"":5.0,""first_contraction_pct"":0.13145439034408668,""last_contraction_pct"":0.0845015727544561,""dry_up_ratio"":0.7945104125989928,""near_monotone"":0.0,""base_depth_pct"":-0.19182280640778537},""_schema_version"":""1.0""}",,,,,,,,,,
20260604T164444Z-6b270e,2026-06-04T16:44:44.043038+00:00,TSM,vcp,setup,52.66,99.3,45.4,42.6,46.3,21.8,28.9,21.2,84.0,95.4,14.9,11.36,5.11,5.56,2.84,2.03,1.06,5.04,4.77,True,risk_unclear,446.13,421.97,379.2841,384.86,"{""trend"":{""T1_ema_stack"":{""value"":[true,true,true],""score"":100.0},""T2_ema50_slope"":{""value"":0.2831870236482059,""score"":97.19783727470099},""T3_high_proximity"":{""value"":0.9987463341467236,""score"":99.3731670733618},""T4_rs_1m"":{""value"":0.08585576331676537,""score"":100},""T5_rs_3m"":{""value"":0.15033320733996813,""score"":100},""T6_adr_healthy"":{""value"":3.3391723277117156,""score"":100.0},""_score"":99.35},""geometry"":{""sub_contraction_count"":100.0,""sub_reduction_rate"":0,""sub_pivot_tightness"":17.9,""sub_volume_dryup"":51.6,""sub_base_depth"":0.0,""sub_base_duration"":100.0,""_score"":45.42},""compression"":{""VC1_atr_ratio"":{""value"":0.5944366163328662,""score"":100},""VC2_range_contraction"":{""value"":0.9953928998390396,""score"":0.7678500268267404},""VC3_range_pct_rank"":{""score"":9.166666666666668},""_score"":42.56},""sr_quality"":{""SR1_touches"":{""value"":3,""score"":50.0},""SR2_tightness"":{""value"":3.161079281230112,""score"":58.94805052450304},""SR3_recency"":{""value"":239,""score"":0.0},""SR4_price_location"":{""score"":30.0},""SR5_reaction"":{""value"":2.1772181958336856,""score"":100},""_score"":46.34,""_levels_found"":6,""_target_level"":418.8233},""volume"":{""V1_rvol_day"":{""value"":0.5092624823757124,""score"":0.6174988250474911},""V2_rvol_sameslot"":{""value"":0.9160004012383568,""score"":27.73336008255712,""status"":""ok""},""V3_breakout_bar"":{""value"":0.8237166445529709,""score"":21.581109636864724},""V4_base_dryup"":{""value"":0.9626417328399767,""score"":53.735826716002336},""V5_bo_expansion"":{""value"":0.5092624823757124,""score"":0},""_score"":21.81},""readiness"":{""_distance_atr"":-1.569,""BR1_atr_distance"":{""score"":28.624162474594836},""BR2_compression"":{""score"":0},""BR3_retest"":{""score"":50.0},""BR4_bo_age"":{""score"":50.0},""_score"":28.95},""risk"":{""R1_stop_clarity"":{""score"":24.99019041267084},""R2_stop_distance_pct"":{""value"":14.98350256651648,""score"":0.0},""R3_stop_distance_atr"":{""value"":4.340534142465817,""score"":82.97329287670917},""R4_rr_potential"":{""value"":-0.9165857591864274,""score"":0.0},""_score"":21.19},""market"":{""M1_spy_regime"":{""score"":100.0},""M3_earnings_risk"":{""value"":null,""score"":80.0},""M4_vix"":{""value"":null,""score"":60.0},""_score"":84.0},""liquidity"":{""L1_price"":{""value"":446.13,""score"":100.0},""L2_dollar_vol"":{""value"":2847209665.240726,""score"":100.0},""L3_spread_proxy"":{""value"":0.04579360276152685,""score"":54.20639723847315},""L4_volume_zscore"":{""value"":-1.64822603696568,""score"":100.0},""_score"":95.42},""pattern_structure"":{""n_contractions"":5,""contractions_pct"":[6.54,10.46,5.65,8.07,8.75],""descending_strict"":false,""final_low"":385.06,""final_pivot"":421.97,""structural_low"":385.06,""dry_up_ratio"":0.7420195851872466,""current_price"":446.13,""neckline_distance_pct"":-0.05415461860892558,""base_bars"":43},""pattern_geometry_features"":{""contraction_count"":5.0,""first_contraction_pct"":0.0654116970829142,""last_contraction_pct"":0.08747067327061171,""dry_up_ratio"":0.7420195851872466,""near_monotone"":0.0,""base_depth_pct"":-0.10665325477798539},""_schema_version"":""1.0""}",,,,,,,,,,
20260604T164444Z-6b270e,2026-06-04T16:44:44.043038+00:00,CARR,breakout_retest_hold,setup,52.65,83.2,30.0,63.3,64.8,13.5,53.2,60.8,84.0,98.6,11.65,6.6,3.8,9.07,1.75,9.58,3.04,4.2,2.96,False,,68.54,65.29,64.9638,64.63,"{""trend"":{""T1_ema_stack"":{""value"":[true,true,true],""score"":100.0},""T2_ema50_slope"":{""value"":0.13053666027196134,""score"":71.75611004532689},""T3_high_proximity"":{""value"":1.0,""score"":99.99999999999997},""T4_rs_1m"":{""value"":0.0226571213479152,""score"":72.6571213479152},""T5_rs_3m"":{""value"":0.02434857915424149,""score"":62.174289577120746},""T6_adr_healthy"":{""value"":3.0906929698921233,""score"":100.0},""_score"":83.21},""geometry"":{""sub_retest_depth"":0.0,""sub_retest_timing"":100.0,""sub_retest_freshness"":50.0,""sub_hold_quality"":0.0,""_score"":30.0},""compression"":{""VC1_atr_ratio"":{""value"":0.3970760660723389,""score"":100},""VC2_range_contraction"":{""value"":1.0539156935172929,""score"":0},""VC3_range_pct_rank"":{""score"":93.33333333333333},""_score"":63.33},""sr_quality"":{""SR1_touches"":{""value"":3,""score"":50.0},""SR2_tightness"":{""value"":0.29032548783889217,""score"":75.96714365265639},""SR3_recency"":{""value"":244,""score"":0.0},""SR4_price_location"":{""score"":93.54578459056042},""SR5_reaction"":{""value"":2.2915989159891605,""score"":100},""_score"":64.78,""_levels_found"":6,""_target_level"":68.6733},""volume"":{""V1_rvol_day"":{""value"":0.2776227795343275,""score"":0},""V2_rvol_sameslot"":{""value"":0.598402712450746,""score"":6.560180830049737,""status"":""ok""},""V3_breakout_bar"":{""value"":0.6720408946208556,""score"":11.469392974723707},""V4_base_dryup"":{""value"":1.0354127708411165,""score"":46.45872291588835},""V5_bo_expansion"":{""value"":0.2776227795343275,""score"":0},""_score"":13.47},""readiness"":{""_distance_atr"":-1.345,""BR1_atr_distance"":{""score"":33.0968218773097},""BR2_compression"":{""score"":61.93032574836065},""BR3_retest"":{""score"":100},""BR4_bo_age"":{""score"":30.0},""_score"":53.22},""risk"":{""R1_stop_clarity"":{""score"":45.68041389504821},""R2_stop_distance_pct"":{""value"":5.217683104756346,""score"":100.0},""R3_stop_distance_atr"":{""value"":1.4801714708056164,""score"":99.00857354028082},""R4_rr_potential"":{""value"":-1.09333929869694,""score"":0.0},""_score"":60.84},""market"":{""M1_spy_regime"":{""score"":100.0},""M3_earnings_risk"":{""value"":null,""score"":80.0},""M4_vix"":{""value"":null,""score"":60.0},""_score"":84.0},""liquidity"":{""L1_price"":{""value"":68.54,""score"":100.0},""L2_dollar_vol"":{""value"":120086318.47556031,""score"":100.0},""L3_spread_proxy"":{""value"":0.014152319813247721,""score"":85.84768018675229},""L4_volume_zscore"":{""value"":-1.7299321085106885,""score"":100.0},""_score"":98.58},""pattern_structure"":{""level"":65.29,""level_idx"":53,""breakout_idx"":65,""bo_peak_idx"":65,""bo_peak_price"":69.83,""retest_idx"":71,""retest_low"":65.62,""structural_low"":65.62,""current_price"":68.54,""neckline_distance_pct"":-0.047417566384592935,""base_bars"":26,""bars_since_breakout"":14},""pattern_geometry_features"":{""retest_depth_atr"":-0.4048547517854768,""bars_breakout_to_retest"":6.0,""bars_since_retest"":8.0,""current_above_level_atr"":3.9872058887963835,""bo_peak_excess_pct"":0.06953591667943011,""atr_pct"":0.03525053149360125},""_schema_version"":""1.0""}",,,,,,,,,,
20260604T164444Z-6b270e,2026-06-04T16:44:44.043038+00:00,ETN,bull_flag,absent,52.54,70.2,48.0,70.3,43.8,13.9,41.7,65.5,84.0,98.0,9.82,14.39,6.33,4.38,1.95,3.75,1.97,5.04,4.9,True,risk_unclear,417.155,426.585,402.6312,464.17,"{""trend"":{""T1_ema_stack"":{""value"":[true,true,true],""score"":100.0},""T2_ema50_slope"":{""value"":0.045127667518358464,""score"":57.521277919726415},""T3_high_proximity"":{""value"":0.9633842174545622,""score"":81.69210872728105},""T4_rs_1m"":{""value"":-0.029955293744980294,""score"":20.044706255019705},""T5_rs_3m"":{""value"":0.06536040612995975,""score"":82.68020306497988},""T6_adr_healthy"":{""value"":3.214140671703672,""score"":100.0},""_score"":70.17},""geometry"":{""sub_pole_impulse"":48.1,""sub_flag_tightness"":28.8,""sub_flag_shallowness"":13.5,""sub_flag_drift"":91.0,""sub_flag_duration"":100.0,""_score"":47.98},""compression"":{""VC1_atr_ratio"":{""value"":0.45089825639921377,""score"":100},""VC2_range_contraction"":{""value"":0.8120309376420795,""score"":31.328177059653427},""VC3_range_pct_rank"":{""score"":77.5},""_score"":70.34},""sr_quality"":{""SR1_touches"":{""value"":2,""score"":25.0},""SR2_tightness"":{""value"":1.545000000000016,""score"":77.58054368477163},""SR3_recency"":{""value"":248,""score"":0.0},""SR4_price_location"":{""score"":38.721689762529714},""SR5_reaction"":{""value"":2.8245612762195202,""score"":100},""_score"":43.82,""_levels_found"":9,""_target_level"":433.885},""volume"":{""V1_rvol_day"":{""value"":0.28103044473187466,""score"":0},""V2_rvol_sameslot"":{""value"":0.4985069591883979,""score"":0,""status"":""ok""},""V3_breakout_bar"":{""value"":0.5394773392371691,""score"":2.6318226158112745},""V4_base_dryup"":{""value"":0.8367749529868662,""score"":66.32250470131338},""V5_bo_expansion"":{""value"":0.28103044473187466,""score"":0},""_score"":13.92},""readiness"":{""_distance_atr"":0.684,""BR1_atr_distance"":{""score"":54.38716870494034},""BR2_compression"":{""score"":9.801440595874714},""BR3_retest"":{""score"":50.0},""BR4_bo_age"":{""score"":50.0},""_score"":41.71},""risk"":{""R1_stop_clarity"":{""score"":11.026842194183743},""R2_stop_distance_pct"":{""value"":3.481640876892271,""score"":100.0},""R3_stop_distance_atr"":{""value"":1.0537753203556819,""score"":77.68876601778409},""R4_rr_potential"":{""value"":3.237091790951424,""score"":100.0},""_score"":65.51},""market"":{""M1_spy_regime"":{""score"":100.0},""M3_earnings_risk"":{""value"":null,""score"":80.0},""M4_vix"":{""value"":null,""score"":60.0},""_score"":84.0},""liquidity"":{""L1_price"":{""value"":417.155,""score"":100.0},""L2_dollar_vol"":{""value"":302983845.9900886,""score"":100.0},""L3_spread_proxy"":{""value"":0.020226055063465545,""score"":79.77394493653446},""L4_volume_zscore"":{""value"":-2.7415170264447224,""score"":100.0},""_score"":97.98},""pattern_structure"":{""pole_low"":389.0,""pole_low_idx"":27,""peak_price"":426.585,""peak_idx"":52,""pole_gain"":0.09661953727506421,""flag_bars"":7,""flag_low"":408.7626,""flag_high"":426.38,""structural_low"":408.7626,""current_price"":417.19,""neckline_distance_pct"":0.022519715237661452,""base_bars"":7},""pattern_geometry_features"":{""pole_gain"":0.09661953727506421,""pullback_pct"":0.04177924680895943,""flag_range_pct"":0.0412986860766318,""flag_drift_per_bar"":-0.0018054466447285995,""atr_pct"":0.03303968891316518,""pole_atr_multiple"":2.9243476695255644},""_schema_version"":""1.0""}",,,,,,,,,,
20260604T164444Z-6b270e,2026-06-04T16:44:44.043038+00:00,KEYS,double_bottom,forming,52.5,65.9,56.2,45.4,46.0,16.0,28.2,70.6,84.0,97.3,9.89,14.05,3.63,6.44,2.08,2.26,4.24,5.04,4.86,False,,342.76,359.05,326.7775,386.3462,"{""trend"":{""T1_ema_stack"":{""value"":[false,true,true],""score"":66.66666666666666},""T2_ema50_slope"":{""value"":0.2876735660427984,""score"":97.94559434046641},""T3_high_proximity"":{""value"":0.9347660085087814,""score"":67.3830042543907},""T4_rs_1m"":{""value"":-0.08227847208694083,""score"":0},""T5_rs_3m"":{""value"":0.09431833777956222,""score"":97.15916888978111},""T6_adr_healthy"":{""value"":3.634771542156429,""score"":100.0},""_score"":65.94},""geometry"":{""sub_low_similarity"":34.0,""sub_bounce_quality"":74.7,""sub_separation_fit"":13.3,""sub_right_bottom_reaction"":60.5,""sub_base_context"":100.0,""_score"":56.21},""compression"":{""VC1_atr_ratio"":{""value"":0.6819280906497519,""score"":79.51797733756202},""VC2_range_contraction"":{""value"":1.0990437809563574,""score"":0},""VC3_range_pct_rank"":{""score"":54.16666666666667},""_score"":45.35},""sr_quality"":{""SR1_touches"":{""value"":2,""score"":25.0},""SR2_tightness"":{""value"":3.1350000000000193,""score"":57.73427192973983},""SR3_recency"":{""value"":231,""score"":0.0},""SR4_price_location"":{""score"":59.46070878274268},""SR5_reaction"":{""value"":2.07115549435205,""score"":100},""_score"":46.03,""_levels_found"":5,""_target_level"":355.915},""volume"":{""V1_rvol_day"":{""value"":0.260026867109799,""score"":0},""V2_rvol_sameslot"":{""value"":0.6038216721930978,""score"":6.921444812873186,""status"":""ok""},""V3_breakout_bar"":{""value"":0.6189610676549877,""score"":7.930737843665847},""V4_base_dryup"":{""value"":0.8672492797614502,""score"":63.27507202385498},""V5_bo_expansion"":{""value"":0.26002686710979894,""score"":0},""_score"":16.02},""readiness"":{""_distance_atr"":1.098,""BR1_atr_distance"":{""score"":26.793332241942082},""BR2_compression"":{""score"":0},""BR3_retest"":{""score"":50.0},""BR4_bo_age"":{""score"":50.0},""_score"":28.22},""risk"":{""R1_stop_clarity"":{""score"":32.90997178432801},""R2_stop_distance_pct"":{""value"":4.662885692612907,""score"":100.0},""R3_stop_distance_atr"":{""value"":1.077372080929865,""score"":78.86860404649325},""R4_rr_potential"":{""value"":2.7271190933937977,""score"":86.35595466968988},""_score"":70.62},""market"":{""M1_spy_regime"":{""score"":100.0},""M3_earnings_risk"":{""value"":null,""score"":80.0},""M4_vix"":{""value"":null,""score"":60.0},""_score"":84.0},""liquidity"":{""L1_price"":{""value"":342.76,""score"":100.0},""L2_dollar_vol"":{""value"":168483737.1867685,""score"":100.0},""L3_spread_proxy"":{""value"":0.027249387326409243,""score"":72.75061267359075},""L4_volume_zscore"":{""value"":-1.6403832254507806,""score"":100.0},""_score"":97.28},""pattern_structure"":{""left_low"":331.7538,""left_idx"":26,""right_low"":342.891,""right_idx"":69,""separation_bars"":43,""structural_low"":331.7538,""current_price"":343.48,""neckline_distance_pct"":0.04533015022708744,""base_bars"":43},""pattern_geometry_features"":{""low_similarity_pct"":0.03301648511928056,""bounce_pct"":0.08227848482820693,""right_bottom_reaction"":0.6053004852556987,""atr_pct"":0.04328017938415885},""_schema_version"":""1.0""}",,,,,,,,,,
20260604T164444Z-6b270e,2026-06-04T16:44:44.043038+00:00,INTC,vcp,absent,52.4,75.4,45.5,69.8,43.9,14.2,21.5,56.9,84.0,96.6,11.31,11.38,8.37,5.27,1.84,1.51,2.84,5.04,4.83,False,,110.95,132.75,100.864,84.95,"{""trend"":{""T1_ema_stack"":{""value"":[true,true,true],""score"":100.0},""T2_ema50_slope"":{""value"":1.2350557512025087,""score"":100},""T3_high_proximity"":{""value"":0.8571538936959209,""score"":28.576946847960414},""T4_rs_1m"":{""value"":-0.019386846820091286,""score"":30.613153179908714},""T5_rs_3m"":{""value"":1.3041614336102074,""score"":100},""T6_adr_healthy"":{""value"":7.061130961563499,""score"":100.0},""_score"":75.41},""geometry"":{""sub_contraction_count"":100.0,""sub_reduction_rate"":0,""sub_pivot_tightness"":0,""sub_volume_dryup"":70.2,""sub_base_depth"":0.0,""sub_base_duration"":100.0,""_score"":45.53},""compression"":{""VC1_atr_ratio"":{""value"":0.4528800569437866,""score"":100},""VC2_range_contraction"":{""value"":0.8434818653541686,""score"":26.086355774305236},""VC3_range_pct_rank"":{""score"":82.5},""_score"":69.76},""sr_quality"":{""SR1_touches"":{""value"":4,""score"":75.0},""SR2_tightness"":{""value"":1.7040406942030477,""score"":60.518644269427554},""SR3_recency"":{""value"":274,""score"":0.0},""SR4_price_location"":{""score"":30.0},""SR5_reaction"":{""value"":0.6457850985272626,""score"":32.28925492636313},""_score"":43.92,""_levels_found"":3,""_target_level"":48.8688},""volume"":{""V1_rvol_day"":{""value"":0.3393218741014011,""score"":0},""V2_rvol_sameslot"":{""value"":0.613204534816756,""score"":7.546968987783731,""status"":""ok""},""V3_breakout_bar"":{""value"":0.5540852759397776,""score"":3.605685062651842},""V4_base_dryup"":{""value"":0.9112089173477985,""score"":58.87910826522015},""V5_bo_expansion"":{""value"":0.33932187410140097,""score"":0},""_score"":14.19},""readiness"":{""_distance_atr"":2.525,""BR1_atr_distance"":{""score"":0},""BR2_compression"":{""score"":15.984576076838824},""BR3_retest"":{""score"":50.0},""BR4_bo_age"":{""score"":50.0},""_score"":21.5},""risk"":{""R1_stop_clarity"":{""score"":64.41202219614757},""R2_stop_distance_pct"":{""value"":9.090581342947273,""score"":72.73546642631818},""R3_stop_distance_atr"":{""value"":1.1684255993803876,""score"":83.42127996901938},""R4_rr_potential"":{""value"":-2.5778306563553457,""score"":0.0},""_score"":56.88},""market"":{""M1_spy_regime"":{""score"":100.0},""M3_earnings_risk"":{""value"":null,""score"":80.0},""M4_vix"":{""value"":null,""score"":60.0},""_score"":84.0},""liquidity"":{""L1_price"":{""value"":110.95,""score"":100.0},""L2_dollar_vol"":{""value"":4917454528.321655,""score"":100.0},""L3_spread_proxy"":{""value"":0.0340892293826048,""score"":65.9107706173952},""L4_volume_zscore"":{""value"":-2.0387898344083033,""score"":100.0},""_score"":96.59},""pattern_structure"":{""n_contractions"":5,""contractions_pct"":[22.57,16.72,10.28,15.08,22.86],""descending_strict"":false,""final_low"":102.4,""final_pivot"":132.75,""structural_low"":102.4,""dry_up_ratio"":0.6490979929614522,""current_price"":110.95,""neckline_distance_pct"":0.19648490310950875,""base_bars"":81},""pattern_geometry_features"":{""contraction_count"":5.0,""first_contraction_pct"":0.2257326007326008,""last_contraction_pct"":0.22862523540489638,""dry_up_ratio"":0.6490979929614522,""near_monotone"":0.0,""base_depth_pct"":-0.8754578754578756},""_schema_version"":""1.0""}",,,,,,,,,,
20260604T164444Z-6b270e,2026-06-04T16:44:44.043038+00:00,NVDA,vcp,absent,52.39,92.3,35.0,49.9,44.2,35.0,20.5,52.7,84.0,96.6,13.85,8.75,5.98,5.31,4.56,1.44,2.64,5.04,4.83,True,risk_unclear,217.405,236.54,205.6483,212.46,"{""trend"":{""T1_ema_stack"":{""value"":[true,true,true],""score"":100.0},""T2_ema50_slope"":{""value"":0.3474383357446138,""score"":100},""T3_high_proximity"":{""value"":0.9222236362093832,""score"":61.11181810469157},""T4_rs_1m"":{""value"":0.06110995399020558,""score"":100},""T5_rs_3m"":{""value"":0.07538270169427652,""score"":87.69135084713827},""T6_adr_healthy"":{""value"":3.379008177952783,""score"":100.0},""_score"":92.32},""geometry"":{""sub_contraction_count"":100.0,""sub_reduction_rate"":0,""sub_pivot_tightness"":0,""sub_volume_dryup"":0,""sub_base_depth"":0.0,""sub_base_duration"":100.0,""_score"":35.0},""compression"":{""VC1_atr_ratio"":{""value"":0.5983325917584223,""score"":100},""VC2_range_contraction"":{""value"":0.955935564518495,""score"":7.344072580250827},""VC3_range_pct_rank"":{""score"":29.166666666666664},""_score"":49.86},""sr_quality"":{""SR1_touches"":{""value"":2,""score"":25.0},""SR2_tightness"":{""value"":0.2046500000000009,""score"":94.99955931336656},""SR3_recency"":{""value"":254,""score"":0.0},""SR4_price_location"":{""score"":30.0},""SR5_reaction"":{""value"":2.601884568026745,""score"":100},""_score"":44.25,""_levels_found"":4,""_target_level"":197.4253},""volume"":{""V1_rvol_day"":{""value"":0.49768572748642315,""score"":0},""V2_rvol_sameslot"":{""value"":1.4774675969499418,""score"":65.16450646332945,""status"":""ok""},""V3_breakout_bar"":{""value"":1.1385241740410001,""score"":42.56827826940001},""V4_base_dryup"":{""value"":0.9311519099511567,""score"":56.88480900488433},""V5_bo_expansion"":{""value"":0.49768572748642315,""score"":0},""_score"":35.05},""readiness"":{""_distance_atr"":2.338,""BR1_atr_distance"":{""score"":0},""BR2_compression"":{""score"":12.17391905439528},""BR3_retest"":{""score"":50.0},""BR4_bo_age"":{""score"":50.0},""_score"":20.54},""risk"":{""R1_stop_clarity"":{""score"":23.47969656325523},""R2_stop_distance_pct"":{""value"":5.407741312297323,""score"":100.0},""R3_stop_distance_atr"":{""value"":1.4363225267662583,""score"":96.81612633831291},""R4_rr_potential"":{""value"":-0.42061122593925365,""score"":0.0},""_score"":52.74},""market"":{""M1_spy_regime"":{""score"":100.0},""M3_earnings_risk"":{""value"":null,""score"":80.0},""M4_vix"":{""value"":null,""score"":60.0},""_score"":84.0},""liquidity"":{""L1_price"":{""value"":217.405,""score"":100.0},""L2_dollar_vol"":{""value"":18503696958.883385,""score"":100.0},""L3_spread_proxy"":{""value"":0.033669878797635715,""score"":66.33012120236428},""L4_volume_zscore"":{""value"":-2.1807432768561275,""score"":100.0},""_score"":96.63},""pattern_structure"":{""n_contractions"":5,""contractions_pct"":[4.95,9.09,9.35,10.19,11.74],""descending_strict"":false,""final_low"":208.78,""final_pivot"":236.54,""structural_low"":208.78,""dry_up_ratio"":1.1302829229261464,""current_price"":217.405,""neckline_distance_pct"":0.0880154550263333,""base_bars"":58},""pattern_geometry_features"":{""contraction_count"":5.0,""first_contraction_pct"":0.049485652409312325,""last_contraction_pct"":0.11735858628561761,""dry_up_ratio"":1.1302829229261464,""near_monotone"":0.0,""base_depth_pct"":-0.13037357877639422},""_schema_version"":""1.0""}",,,,,,,,,,
20260604T164444Z-6b270e,2026-06-04T16:44:44.043038+00:00,MSFT,vcp,forming,52.37,56.1,52.7,26.2,74.6,21.1,51.5,48.1,84.0,98.0,8.41,13.16,3.15,8.95,2.74,3.6,2.4,5.04,4.9,True,risk_unclear,427.805,432.7,405.1306,434.4499,"{""trend"":{""T1_ema_stack"":{""value"":[true,true,false],""score"":66.66666666666666},""T2_ema50_slope"":{""value"":0.10468320693169625,""score"":67.44720115528271},""T3_high_proximity"":{""value"":0.9289607400330062,""score"":64.48037001650309},""T4_rs_1m"":{""value"":-0.005350225902038153,""score"":44.649774097961846},""T5_rs_3m"":{""value"":-0.0687204996212607,""score"":15.63975018936965},""T6_adr_healthy"":{""value"":2.477551086523215,""score"":100.0},""_score"":56.1},""geometry"":{""sub_contraction_count"":100.0,""sub_reduction_rate"":27.4,""sub_pivot_tightness"":72.1,""sub_volume_dryup"":0,""sub_base_depth"":0.0,""sub_base_duration"":100.0,""_score"":52.66},""compression"":{""VC1_atr_ratio"":{""value"":0.8628190443080027,""score"":34.295238922999324},""VC2_range_contraction"":{""value"":1.0943715771158071,""score"":0},""VC3_range_pct_rank"":{""score"":50.0},""_score"":26.22},""sr_quality"":{""SR1_touches"":{""value"":5,""score"":100},""SR2_tightness"":{""value"":3.5831025662126867,""score"":47.01788929231835},""SR3_recency"":{""value"":236,""score"":0.0},""SR4_price_location"":{""score"":91.01773883737144},""SR5_reaction"":{""value"":1.9751263071009244,""score"":98.75631535504623},""_score"":74.62,""_levels_found"":6,""_target_level"":429.596},""volume"":{""V1_rvol_day"":{""value"":0.3419016740283892,""score"":0},""V2_rvol_sameslot"":{""value"":1.0310288359629787,""score"":35.40192239753191,""status"":""ok""},""V3_breakout_bar"":{""value"":0.6861737890151514,""score"":12.411585934343423},""V4_base_dryup"":{""value"":0.9554494058633858,""score"":54.455059413661424},""V5_bo_expansion"":{""value"":0.3419016740283892,""score"":0},""_score"":21.07},""readiness"":{""_distance_atr"":0.362,""BR1_atr_distance"":{""score"":75.87310372118569},""BR2_compression"":{""score"":14.425694319271173},""BR3_retest"":{""score"":50.0},""BR4_bo_age"":{""score"":50.0},""_score"":51.46},""risk"":{""R1_stop_clarity"":{""score"":8.77369390245731},""R2_stop_distance_pct"":{""value"":5.300172157875678,""score"":100.0},""R3_stop_distance_atr"":{""value"":1.6763930536507503,""score"":100.0},""R4_rr_potential"":{""value"":0.29305734927556937,""score"":0.0},""_score"":48.07},""market"":{""M1_spy_regime"":{""score"":100.0},""M3_earnings_risk"":{""value"":null,""score"":80.0},""M4_vix"":{""value"":null,""score"":60.0},""_score"":84.0},""liquidity"":{""L1_price"":{""value"":427.805,""score"":100.0},""L2_dollar_vol"":{""value"":5307716195.882642,""score"":100.0},""L3_spread_proxy"":{""value"":0.019938990895384517,""score"":80.06100910461548},""L4_volume_zscore"":{""value"":-1.7260947367074666,""score"":100.0},""_score"":98.01},""pattern_structure"":{""n_contractions"":5,""contractions_pct"":[13.74,5.14,7.42,6.33,4.95],""descending_strict"":false,""final_low"":411.3001,""final_pivot"":432.7,""structural_low"":411.3001,""dry_up_ratio"":1.0996236490018585,""current_price"":427.805,""neckline_distance_pct"":0.011442129007374813,""base_bars"":52},""pattern_geometry_features"":{""contraction_count"":5.0,""first_contraction_pct"":0.13744098777387734,""last_contraction_pct"":0.04945666743702335,""dry_up_ratio"":1.0996236490018585,""near_monotone"":0.0,""base_depth_pct"":0.004236533107372049},""_schema_version"":""1.0""}",,,,,,,,,,
20260604T164444Z-6b270e,2026-06-04T16:44:44.043038+00:00,IONQ,vcp,breakout_confirmed,52.3,92.6,35.0,58.3,43.3,24.8,34.4,41.5,84.0,94.5,13.89,8.75,6.99,5.19,3.22,2.4,2.07,5.04,4.73,False,,66.43,59.15,44.8273,48.525,"{""trend"":{""T1_ema_stack"":{""value"":[true,true,true],""score"":100.0},""T2_ema50_slope"":{""value"":0.8899877064558177,""score"":100},""T3_high_proximity"":{""value"":0.9217427501040657,""score"":60.871375052032825},""T4_rs_1m"":{""value"":0.33868151887570175,""score"":100},""T5_rs_3m"":{""value"":0.7338335599044501,""score"":100},""T6_adr_healthy"":{""value"":9.196680764060456,""score"":70.08298089848859},""_score"":92.63},""geometry"":{""sub_contraction_count"":100.0,""sub_reduction_rate"":0,""sub_pivot_tightness"":0,""sub_volume_dryup"":0,""sub_base_depth"":0.0,""sub_base_duration"":100.0,""_score"":35.0},""compression"":{""VC1_atr_ratio"":{""value"":0.6137907461399734,""score"":96.55231346500665},""VC2_range_contraction"":{""value"":0.9991216402716121,""score"":0.14639328806465013},""VC3_range_pct_rank"":{""score"":78.33333333333333},""_score"":58.26},""sr_quality"":{""SR1_touches"":{""value"":3,""score"":50.0},""SR2_tightness"":{""value"":1.219633183470434,""score"":56.54648146222294},""SR3_recency"":{""value"":319,""score"":0.0},""SR4_price_location"":{""score"":30.0},""SR5_reaction"":{""value"":1.6404717702582168,""score"":82.02358851291083},""_score"":43.29,""_levels_found"":5,""_target_level"":54.1521},""volume"":{""V1_rvol_day"":{""value"":0.5397596651263529,""score"":2.650644341756858},""V2_rvol_sameslot"":{""value"":1.0480138615364025,""score"":36.53425743576017,""status"":""ok""},""V3_breakout_bar"":{""value"":0.8061465742239257,""score"":20.409771614928378},""V4_base_dryup"":{""value"":0.9068426990013891,""score"":59.315730099861085},""V5_bo_expansion"":{""value"":0.5397596651263529,""score"":0},""_score"":24.8},""readiness"":{""_distance_atr"":-1.297,""BR1_atr_distance"":{""score"":34.06256083858955},""BR2_compression"":{""score"":12.890667865201488},""BR3_retest"":{""score"":50.0},""BR4_bo_age"":{""score"":50.0},""_score"":34.35},""risk"":{""R1_stop_clarity"":{""score"":75.67830653360318},""R2_stop_distance_pct"":{""value"":32.519418937227165,""score"":0.0},""R3_stop_distance_atr"":{""value"":3.848333929259912,""score"":100.0},""R4_rr_potential"":{""value"":-0.8288334995937998,""score"":0.0},""_score"":41.49},""market"":{""M1_spy_regime"":{""score"":100.0},""M3_earnings_risk"":{""value"":null,""score"":80.0},""M4_vix"":{""value"":null,""score"":60.0},""_score"":84.0},""liquidity"":{""L1_price"":{""value"":66.43,""score"":100.0},""L2_dollar_vol"":{""value"":1213816634.976432,""score"":100.0},""L3_spread_proxy"":{""value"":0.055006774047869925,""score"":44.993225952130075},""L4_volume_zscore"":{""value"":-1.1896658117929333,""score"":100.0},""_score"":94.5},""pattern_structure"":{""n_contractions"":5,""contractions_pct"":[13.52,27.21,24.25,19.06,23.06],""descending_strict"":false,""final_low"":45.51,""final_pivot"":59.15,""structural_low"":45.51,""dry_up_ratio"":1.091292208507027,""current_price"":66.43,""neckline_distance_pct"":-0.10958904109589053,""base_bars"":63},""pattern_geometry_features"":{""contraction_count"":5.0,""first_contraction_pct"":0.13515837752615728,""last_contraction_pct"":0.23060016906170755,""dry_up_ratio"":1.091292208507027,""near_monotone"":0.0,""base_depth_pct"":-0.30457216568725815},""_schema_version"":""1.0""}",,,,,,,,,,
20260604T164444Z-6b270e,2026-06-04T16:44:44.043038+00:00,PL,vcp,absent,52.16,87.7,35.0,48.7,51.1,24.1,49.7,41.0,84.0,91.3,13.15,8.75,5.85,6.14,3.14,3.48,2.05,5.04,4.56,False,,44.39,45.78,37.4497,35.3288,"{""trend"":{""T1_ema_stack"":{""value"":[true,true,true],""score"":100.0},""T2_ema50_slope"":{""value"":0.79343386121296,""score"":100},""T3_high_proximity"":{""value"":0.8636186770428016,""score"":31.809338521400775},""T4_rs_1m"":{""value"":0.15025240719601762,""score"":100},""T5_rs_3m"":{""value"":0.6947857352694984,""score"":100},""T6_adr_healthy"":{""value"":9.676661867724908,""score"":58.083453306877296},""_score"":87.68},""geometry"":{""sub_contraction_count"":100.0,""sub_reduction_rate"":0,""sub_pivot_tightness"":0,""sub_volume_dryup"":0,""sub_base_depth"":0.0,""sub_base_duration"":100.0,""_score"":35.0},""compression"":{""VC1_atr_ratio"":{""value"":0.6355559817966931,""score"":91.1110045508267},""VC2_range_contraction"":{""value"":1.0056778711136076,""score"":0},""VC3_range_pct_rank"":{""score"":49.16666666666667},""_score"":48.74},""sr_quality"":{""SR1_touches"":{""value"":4,""score"":75.0},""SR2_tightness"":{""value"":1.3020056643501987,""score"":40.96723125308787},""SR3_recency"":{""value"":236,""score"":0.0},""SR4_price_location"":{""score"":30.0},""SR5_reaction"":{""value"":2.194733126281256,""score"":100},""_score"":51.15,""_levels_found"":5,""_target_level"":37.0525},""volume"":{""V1_rvol_day"":{""value"":0.6778820164021018,""score"":11.858801093473453},""V2_rvol_sameslot"":{""value"":1.0921907313321337,""score"":39.47938208880892,""status"":""ok""},""V3_breakout_bar"":{""value"":0.6397924406571234,""score"":9.319496043808224},""V4_base_dryup"":{""value"":0.9231133318362961,""score"":57.68866681637039},""V5_bo_expansion"":{""value"":0.6778820164021017,""score"":0},""_score"":24.14},""readiness"":{""_distance_atr"":0.315,""BR1_atr_distance"":{""score"":78.99252647794484},""BR2_compression"":{""score"":2.320624687266515},""BR3_retest"":{""score"":50.0},""BR4_bo_age"":{""score"":50.0},""_score"":49.68},""risk"":{""R1_stop_clarity"":{""score"":74.14267161950767},""R2_stop_distance_pct"":{""value"":15.634827663888265,""score"":0.0},""R3_stop_distance_atr"":{""value"":1.573361530414957,""score"":100.0},""R4_rr_potential"":{""value"":-1.3055919772920477,""score"":0.0},""_score"":40.95},""market"":{""M1_spy_regime"":{""score"":100.0},""M3_earnings_risk"":{""value"":null,""score"":80.0},""M4_vix"":{""value"":null,""score"":60.0},""_score"":84.0},""liquidity"":{""L1_price"":{""value"":44.39,""score"":100.0},""L2_dollar_vol"":{""value"":340909624.2785472,""score"":100.0},""L3_spread_proxy"":{""value"":0.08706915972065785,""score"":12.93084027934215},""L4_volume_zscore"":{""value"":-1.0743908064043504,""score"":100.0},""_score"":91.29},""pattern_structure"":{""n_contractions"":5,""contractions_pct"":[14.17,29.06,16.57,21.91,16.95],""descending_strict"":false,""final_low"":38.02,""final_pivot"":45.78,""structural_low"":38.02,""dry_up_ratio"":1.3949382228068332,""current_price"":44.39,""neckline_distance_pct"":0.03131335886460916,""base_bars"":51},""pattern_geometry_features"":{""contraction_count"":5.0,""first_contraction_pct"":0.14171091959026147,""last_contraction_pct"":0.16950633464394926,""dry_up_ratio"":1.3949382228068332,""near_monotone"":0.0,""base_depth_pct"":-0.3790952090769277},""_schema_version"":""1.0""}",,,,,,,,,,
20260604T164444Z-6b270e,2026-06-04T16:44:44.043038+00:00,TT,bull_flag,absent,52.1,54.3,47.4,65.2,59.0,20.6,42.5,61.8,84.0,98.2,7.6,14.21,5.87,5.9,2.89,3.82,1.85,5.04,4.91,True,risk_unclear,462.5975,471.79,450.342,502.6253,"{""trend"":{""T1_ema_stack"":{""value"":[true,true,true],""score"":100.0},""T2_ema50_slope"":{""value"":0.004402739892209796,""score"":50.73378998203496},""T3_high_proximity"":{""value"":0.9392079831079709,""score"":69.60399155398545},""T4_rs_1m"":{""value"":-0.07638478387851333,""score"":0},""T5_rs_3m"":{""value"":-0.050291527532078106,""score"":24.854236233960947},""T6_adr_healthy"":{""value"":2.327230490291309,""score"":100.0},""_score"":54.32},""geometry"":{""sub_pole_impulse"":45.8,""sub_flag_tightness"":30.7,""sub_flag_shallowness"":11.6,""sub_flag_drift"":90.9,""sub_flag_duration"":100.0,""_score"":47.37},""compression"":{""VC1_atr_ratio"":{""value"":0.422560363299935,""score"":100},""VC2_range_contraction"":{""value"":0.8677842150072976,""score"":22.035964165450395},""VC3_range_pct_rank"":{""score"":70.0},""_score"":65.21},""sr_quality"":{""SR1_touches"":{""value"":3,""score"":50.0},""SR2_tightness"":{""value"":1.6509408092222901,""score"":71.1097636736538},""SR3_recency"":{""value"":231,""score"":0.0},""SR4_price_location"":{""score"":73.46019930363796},""SR5_reaction"":{""value"":2.853845794887049,""score"":100},""_score"":59.03,""_levels_found"":8,""_target_level"":466.2817},""volume"":{""V1_rvol_day"":{""value"":0.2894132819026369,""score"":0},""V2_rvol_sameslot"":{""value"":1.0116096822487448,""score"":34.10731214991632,""status"":""ok""},""V3_breakout_bar"":{""value"":0.9246512554903655,""score"":28.3100836993577},""V4_base_dryup"":{""value"":1.1626092895015077,""score"":33.73907104984923},""V5_bo_expansion"":{""value"":0.2894132819026369,""score"":0},""_score"":20.65},""readiness"":{""_distance_atr"":0.804,""BR1_atr_distance"":{""score"":46.379362210439446},""BR2_compression"":{""score"":25.642237490938065},""BR3_retest"":{""score"":50.0},""BR4_bo_age"":{""score"":50.0},""_score"":42.46},""risk"":{""R1_stop_clarity"":{""score"":0},""R2_stop_distance_pct"":{""value"":2.6492793411118822,""score"":100.0},""R3_stop_distance_atr"":{""value"":1.072310676796239,""score"":78.61553383981195},""R4_rr_potential"":{""value"":3.266109093876209,""score"":100.0},""_score"":61.79},""market"":{""M1_spy_regime"":{""score"":100.0},""M3_earnings_risk"":{""value"":null,""score"":80.0},""M4_vix"":{""value"":null,""score"":60.0},""_score"":84.0},""liquidity"":{""L1_price"":{""value"":462.5975,""score"":100.0},""L2_dollar_vol"":{""value"":181213106.97234273,""score"":100.0},""L3_spread_proxy"":{""value"":0.018439356027648287,""score"":81.56064397235171},""L4_volume_zscore"":{""value"":-2.0780877223916634,""score"":100.0},""_score"":98.16},""pattern_structure"":{""pole_low"":440.9547,""pole_low_idx"":39,""peak_price"":471.79,""peak_idx"":52,""pole_gain"":0.06992849832420432,""flag_bars"":7,""flag_low"":457.2,""flag_high"":470.92,""structural_low"":457.2,""current_price"":462.5975,""neckline_distance_pct"":0.01987148655148373,""base_bars"":7},""pattern_geometry_features"":{""pole_gain"":0.06992849832420432,""pullback_pct"":0.030924775853663773,""flag_range_pct"":0.029080735072807874,""flag_drift_per_bar"":-0.001828765055706451,""atr_pct"":0.02470626655539027,""pole_atr_multiple"":2.830395202262874},""_schema_version"":""1.0""}",,,,,,,,,,
20260604T164444Z-6b270e,2026-06-04T16:44:44.043038+00:00,HON,vcp,retest_hold,51.83,55.6,56.0,42.3,39.7,21.3,57.5,59.9,84.0,96.7,8.34,13.99,5.08,4.76,2.77,4.03,3.0,5.04,4.84,True,risk_unclear,222.35,221.035,208.3275,254.79,"{""trend"":{""T1_ema_stack"":{""value"":[false,true,true],""score"":66.66666666666666},""T2_ema50_slope"":{""value"":0.029527082922930013,""score"":54.921180487155},""T3_high_proximity"":{""value"":0.9241095548813432,""score"":62.05477744067156},""T4_rs_1m"":{""value"":0.01829345245138958,""score"":68.29345245138958},""T5_rs_3m"":{""value"":-0.1776652070594339,""score"":0},""T6_adr_healthy"":{""value"":2.5098847962456055,""score"":100.0},""_score"":55.62},""geometry"":{""sub_contraction_count"":100.0,""sub_reduction_rate"":0,""sub_pivot_tightness"":81.3,""sub_volume_dryup"":0,""sub_base_depth"":87.6,""sub_base_duration"":100.0,""_score"":55.95},""compression"":{""VC1_atr_ratio"":{""value"":0.6020075532927637,""score"":99.49811167680907},""VC2_range_contraction"":{""value"":1.5054160623080461,""score"":0},""VC3_range_pct_rank"":{""score"":9.999999999999998},""_score"":42.3},""sr_quality"":{""SR1_touches"":{""value"":3,""score"":50.0},""SR2_tightness"":{""value"":0.9497134070631745,""score"":71.5903769174068},""SR3_recency"":{""value"":260,""score"":0.0},""SR4_price_location"":{""score"":9.860850859450375},""SR5_reaction"":{""value"":1.5273534041295422,""score"":76.36767020647711},""_score"":39.66,""_levels_found"":6,""_target_level"":229.4567},""volume"":{""V1_rvol_day"":{""value"":0.5113541141930941,""score"":0.7569409462062711},""V2_rvol_sameslot"":{""value"":1.029746886100238,""score"":35.31645907334919,""status"":""ok""},""V3_breakout_bar"":{""value"":0.7002126475313663,""score"":13.347509835424418},""V4_base_dryup"":{""value"":0.9626295626053747,""score"":53.73704373946253},""V5_bo_expansion"":{""value"":0.511354114193094,""score"":0},""_score"":21.3},""readiness"":{""_distance_atr"":-0.197,""BR1_atr_distance"":{""score"":100.0},""BR2_compression"":{""score"":0},""BR3_retest"":{""score"":50.0},""BR4_bo_age"":{""score"":50.0},""_score"":57.5},""risk"":{""R1_stop_clarity"":{""score"":5.098181662784583},""R2_stop_distance_pct"":{""value"":6.306498763211158,""score"":100.0},""R3_stop_distance_atr"":{""value"":2.0973376637251353,""score"":100.0},""R4_rr_potential"":{""value"":2.313424852914957,""score"":65.67124264574784},""_score"":59.92},""market"":{""M1_spy_regime"":{""score"":100.0},""M3_earnings_risk"":{""value"":null,""score"":80.0},""M4_vix"":{""value"":null,""score"":60.0},""_score"":84.0},""liquidity"":{""L1_price"":{""value"":222.35,""score"":100.0},""L2_dollar_vol"":{""value"":514629925.58680636,""score"":100.0},""L3_spread_proxy"":{""value"":0.032651225545311406,""score"":67.3487744546886},""L4_volume_zscore"":{""value"":-2.1102572409363223,""score"":100.0},""_score"":96.73},""pattern_structure"":{""n_contractions"":5,""contractions_pct"":[10.37,2.86,3.34,12.1,4.31],""descending_strict"":false,""final_low"":211.5,""final_pivot"":221.035,""structural_low"":211.5,""dry_up_ratio"":1.181297132022219,""current_price"":222.35,""neckline_distance_pct"":-0.005914099392849101,""base_bars"":47},""pattern_geometry_features"":{""contraction_count"":5.0,""first_contraction_pct"":0.10366761126174791,""last_contraction_pct"":0.04313796457574591,""dry_up_ratio"":1.181297132022219,""near_monotone"":0.0,""base_depth_pct"":0.13763226030050354},""_schema_version"":""1.0""}",,,,,,,,,,
20260604T164444Z-6b270e,2026-06-04T16:44:44.043038+00:00,ANET,ascending_triangle,forming,51.78,64.2,65.0,39.2,49.3,4.2,17.5,55.7,84.0,95.0,9.62,18.2,3.14,6.9,0.5,1.4,2.23,5.04,4.75,False,,165.27,177.48,148.4001,204.3,"{""trend"":{""T1_ema_stack"":{""value"":[true,true,true],""score"":100.0},""T2_ema50_slope"":{""value"":0.038081563557113056,""score"":56.34692725951884},""T3_high_proximity"":{""value"":0.9298936589208351,""score"":64.94682946041752},""T4_rs_1m"":{""value"":-0.0743568285570324,""score"":0},""T5_rs_3m"":{""value"":0.07516142892668132,""score"":87.58071446334066},""T6_adr_healthy"":{""value"":4.512129930485628,""score"":100.0},""_score"":64.15},""geometry"":{""sub_flat_top_quality"":66.7,""sub_hl_slope"":100,""sub_compression"":0,""sub_duration"":100.0,""_score"":65.01},""compression"":{""VC1_atr_ratio"":{""value"":0.6616959230578782,""score"":84.57601923553045},""VC2_range_contraction"":{""value"":0.9973800669606365,""score"":0.4366555065605793},""VC3_range_pct_rank"":{""score"":20.833333333333336},""_score"":39.19},""sr_quality"":{""SR1_touches"":{""value"":2,""score"":25.0},""SR2_tightness"":{""value"":0.3500000000000085,""score"":90.76558919310072},""SR3_recency"":{""value"":247,""score"":0.0},""SR4_price_location"":{""score"":52.67549226832804},""SR5_reaction"":{""value"":4.057863948860212,""score"":100},""_score"":49.28,""_levels_found"":6,""_target_level"":179.45},""volume"":{""V1_rvol_day"":{""value"":0.48055690142610097,""score"":0},""V2_rvol_sameslot"":{""value"":0.6067531187104769,""score"":7.116874580698458,""status"":""ok""},""V3_breakout_bar"":{""value"":0.6637901038115129,""score"":10.919340254100863},""V4_base_dryup"":{""value"":1.5631445171964673,""score"":0},""V5_bo_expansion"":{""value"":0.48055690142610097,""score"":0},""_score"":4.15},""readiness"":{""_distance_atr"":1.611,""BR1_atr_distance"":{""score"":0},""BR2_compression"":{""score"":0},""BR3_retest"":{""score"":50.0},""BR4_bo_age"":{""score"":50.0},""_score"":17.5},""risk"":{""R1_stop_clarity"":{""score"":40.37472862139625},""R2_stop_distance_pct"":{""value"":10.20747867126522,""score"":44.81303321836951},""R3_stop_distance_atr"":{""value"":2.2254798124472366,""score"":100.0},""R4_rr_potential"":{""value"":2.3135881066277753,""score"":65.67940533138876},""_score"":55.71},""market"":{""M1_spy_regime"":{""score"":100.0},""M3_earnings_risk"":{""value"":null,""score"":80.0},""M4_vix"":{""value"":null,""score"":60.0},""_score"":84.0},""liquidity"":{""L1_price"":{""value"":165.27,""score"":100.0},""L2_dollar_vol"":{""value"":929734644.7093674,""score"":100.0},""L3_spread_proxy"":{""value"":0.05003932958189618,""score"":49.960670418103824},""L4_volume_zscore"":{""value"":-1.4632247108880274,""score"":100.0},""_score"":95.0},""pattern_structure"":{""top"":177.48,""top_touches"":3,""low_slope_per_bar"":0.4636895674300243,""lowest_low"":150.66,""structural_low"":150.66,""current_price"":165.475,""neckline_distance_pct"":0.07254872337211056,""base_bars"":37},""pattern_geometry_features"":{""top_touches"":3.0,""low_slope"":0.4636895674300243,""compression"":-0.269328514621602,""atr_pct"":0.04586641772337904},""_schema_version"":""1.0""}",,,,,,,,,,
20260604T164444Z-6b270e,2026-06-04T16:44:44.043038+00:00,BELFB,vcp,absent,51.71,73.1,42.3,73.5,58.6,0.0,33.6,57.2,84.0,81.2,10.96,10.59,8.82,7.03,0.0,2.35,2.86,5.04,4.06,False,,275.46,287.38,259.1338,272.91,"{""trend"":{""T1_ema_stack"":{""value"":[true,true,true],""score"":100.0},""T2_ema50_slope"":{""value"":0.2957714101439817,""score"":99.29523502399695},""T3_high_proximity"":{""value"":0.9099197304528787,""score"":54.959865226439305},""T4_rs_1m"":{""value"":-0.118332641088853,""score"":0},""T5_rs_3m"":{""value"":0.24933947474679252,""score"":100},""T6_adr_healthy"":{""value"":4.777294855934487,""score"":100.0},""_score"":73.1},""geometry"":{""sub_contraction_count"":100.0,""sub_reduction_rate"":0,""sub_pivot_tightness"":22.0,""sub_volume_dryup"":26.9,""sub_base_depth"":0.0,""sub_base_duration"":100.0,""_score"":42.34},""compression"":{""VC1_atr_ratio"":{""value"":0.37918240285965604,""score"":100},""VC2_range_contraction"":{""value"":0.796673618145088,""score"":33.88773030915201},""VC3_range_pct_rank"":{""score"":86.66666666666667},""_score"":73.53},""sr_quality"":{""SR1_touches"":{""value"":2,""score"":25.0},""SR2_tightness"":{""value"":0.5750500000000045,""score"":91.34637605917052},""SR3_recency"":{""value"":244,""score"":0.0},""SR4_price_location"":{""score"":89.41760743521054},""SR5_reaction"":{""value"":2.4822379657905227,""score"":100},""_score"":58.56,""_levels_found"":7,""_target_level"":278.995},""volume"":{""V1_rvol_day"":{""value"":0.17251868702603793,""score"":0},""V2_rvol_sameslot"":{""value"":0.21451337457469802,""score"":0,""status"":""ok""},""V3_breakout_bar"":{""value"":0.26957194668364654,""score"":0},""V4_base_dryup"":{""value"":1.7879437161658192,""score"":0},""V5_bo_expansion"":{""value"":0.17251868702603793,""score"":0},""_score"":0.0},""readiness"":{""_distance_atr"":0.897,""BR1_atr_distance"":{""score"":40.20740377666482},""BR2_compression"":{""score"":0},""BR3_retest"":{""score"":50.0},""BR4_bo_age"":{""score"":50.0},""_score"":33.58},""risk"":{""R1_stop_clarity"":{""score"":40.61571898912999},""R2_stop_distance_pct"":{""value"":5.926885936252078,""score"":100.0},""R3_stop_distance_atr"":{""value"":1.228421834473253,""score"":86.42109172366264},""R4_rr_potential"":{""value"":-0.15619066286092043,""score"":0.0},""_score"":57.18},""market"":{""M1_spy_regime"":{""score"":100.0},""M3_earnings_risk"":{""value"":null,""score"":80.0},""M4_vix"":{""value"":null,""score"":60.0},""_score"":84.0},""liquidity"":{""L1_price"":{""value"":275.46,""score"":100.0},""L2_dollar_vol"":{""value"":15958560.027443038,""score"":60.14968507645917},""L3_spread_proxy"":{""value"":0.028642997168372857,""score"":71.35700283162714},""L4_volume_zscore"":{""value"":-1.2798366650418609,""score"":100.0},""_score"":81.2},""pattern_structure"":{""n_contractions"":5,""contractions_pct"":[11.9,16.5,13.39,19.87,8.46],""descending_strict"":false,""final_low"":263.08,""final_pivot"":287.38,""structural_low"":263.08,""dry_up_ratio"":0.8657439207729587,""current_price"":275.46,""neckline_distance_pct"":0.04327307050025418,""base_bars"":73},""pattern_geometry_features"":{""contraction_count"":5.0,""first_contraction_pct"":0.11898153734765299,""last_contraction_pct"":0.084557032500522,""dry_up_ratio"":0.8657439207729587,""near_monotone"":0.0,""base_depth_pct"":-0.05820361208318237},""_schema_version"":""1.0""}",,,,,,,,,,
20260604T164444Z-6b270e,2026-06-04T16:44:44.043038+00:00,AMD,vcp,setup,51.52,97.1,45.6,42.8,39.8,19.3,27.2,31.6,84.0,92.2,14.57,11.4,5.13,4.77,2.51,1.9,1.58,5.04,4.61,False,,521.8401,469.215,387.4596,295.505,"{""trend"":{""T1_ema_stack"":{""value"":[true,true,true],""score"":100.0},""T2_ema50_slope"":{""value"":1.0764605759692079,""score"":100},""T3_high_proximity"":{""value"":0.9618817739438178,""score"":80.94088697190888},""T4_rs_1m"":{""value"":0.42361948684282447,""score"":100},""T5_rs_3m"":{""value"":1.5059759551003449,""score"":100},""T6_adr_healthy"":{""value"":5.338021838071013,""score"":100.0},""_score"":97.14},""geometry"":{""sub_contraction_count"":100.0,""sub_reduction_rate"":0,""sub_pivot_tightness"":0,""sub_volume_dryup"":70.7,""sub_base_depth"":0.0,""sub_base_duration"":100.0,""_score"":45.61},""compression"":{""VC1_atr_ratio"":{""value"":0.7479435017731074,""score"":63.01412455672314},""VC2_range_contraction"":{""value"":0.8490772439783425,""score"":25.153792670276253},""VC3_range_pct_rank"":{""score"":35.0},""_score"":42.76},""sr_quality"":{""SR1_touches"":{""value"":2,""score"":25.0},""SR2_tightness"":{""value"":3.2150999999999783,""score"":78.1151619140787},""SR3_recency"":{""value"":312,""score"":0.0},""SR4_price_location"":{""score"":30.0},""SR5_reaction"":{""value"":1.739497816689429,""score"":86.97489083447145},""_score"":39.76,""_levels_found"":3,""_target_level"":263.7449},""volume"":{""V1_rvol_day"":{""value"":0.5234888455562288,""score"":1.5659230370819177},""V2_rvol_sameslot"":{""value"":0.6627165756308709,""score"":10.847771708724729,""status"":""ok""},""V3_breakout_bar"":{""value"":0.6128720695882427,""score"":7.52480463921618},""V4_base_dryup"":{""value"":0.7509528355356174,""score"":74.90471644643826},""V5_bo_expansion"":{""value"":0.5234888455562289,""score"":0},""_score"":19.34},""readiness"":{""_distance_atr"":-1.791,""BR1_atr_distance"":{""score"":24.178663408434396},""BR2_compression"":{""score"":0},""BR3_retest"":{""score"":50.0},""BR4_bo_age"":{""score"":50.0},""_score"":27.17},""risk"":{""R1_stop_clarity"":{""score"":59.83661514659864},""R2_stop_distance_pct"":{""value"":25.75127898373467,""score"":0.0},""R3_stop_distance_atr"":{""value"":4.573567671931149,""score"":71.32161640344256},""R4_rr_potential"":{""value"":-1.684285294369347,""score"":0.0},""_score"":31.64},""market"":{""M1_spy_regime"":{""score"":100.0},""M3_earnings_risk"":{""value"":null,""score"":80.0},""M4_vix"":{""value"":null,""score"":60.0},""_score"":84.0},""liquidity"":{""L1_price"":{""value"":521.8401,""score"":89.07995},""L2_dollar_vol"":{""value"":9178702429.737625,""score"":100.0},""L3_spread_proxy"":{""value"":0.0509732770632231,""score"":49.0267229367769},""L4_volume_zscore"":{""value"":-1.779297672635897,""score"":100.0},""_score"":92.17},""pattern_structure"":{""n_contractions"":5,""contractions_pct"":[11.3,13.15,8.1,12.86,16.17],""descending_strict"":false,""final_low"":393.36,""final_pivot"":469.215,""structural_low"":393.36,""dry_up_ratio"":0.6463896256631739,""current_price"":521.8401,""neckline_distance_pct"":-0.10084525892126732,""base_bars"":67},""pattern_geometry_features"":{""contraction_count"":5.0,""first_contraction_pct"":0.112997951286137,""last_contraction_pct"":0.161663629679358,""dry_up_ratio"":0.6463896256631739,""near_monotone"":0.0,""base_depth_pct"":-0.7908490780787617},""_schema_version"":""1.0""}",,,,,,,,,,
20260604T164444Z-6b270e,2026-06-04T16:44:44.043038+00:00,TXN,vcp,absent,51.44,95.7,37.5,28.1,48.6,33.7,19.9,56.3,84.0,97.6,14.35,9.38,3.37,5.83,4.38,1.39,2.82,5.04,4.88,False,,307.35,331.51,285.5811,265.75,"{""trend"":{""T1_ema_stack"":{""value"":[true,true,true],""score"":100.0},""T2_ema50_slope"":{""value"":0.6855939776997793,""score"":100},""T3_high_proximity"":{""value"":0.9460124965372897,""score"":73.00624826864482},""T4_rs_1m"":{""value"":0.048495427535250935,""score"":98.49542753525094},""T5_rs_3m"":{""value"":0.44200990557091746,""score"":100},""T6_adr_healthy"":{""value"":3.3193867425274304,""score"":100.0},""_score"":95.65},""geometry"":{""sub_contraction_count"":100.0,""sub_reduction_rate"":0,""sub_pivot_tightness"":0,""sub_volume_dryup"":16.8,""sub_base_depth"":0.0,""sub_base_duration"":100.0,""_score"":37.52},""compression"":{""VC1_atr_ratio"":{""value"":0.8522796395793459,""score"":36.930090105163515},""VC2_range_contraction"":{""value"":1.0666511967905046,""score"":0},""VC3_range_pct_rank"":{""score"":53.333333333333336},""_score"":28.11},""sr_quality"":{""SR1_touches"":{""value"":3,""score"":50.0},""SR2_tightness"":{""value"":1.6820886487406745,""score"":73.85632607666346},""SR3_recency"":{""value"":228,""score"":0.0},""SR4_price_location"":{""score"":30.0},""SR5_reaction"":{""value"":2.4539487378748532,""score"":100},""_score"":48.58,""_levels_found"":6,""_target_level"":289.9033},""volume"":{""V1_rvol_day"":{""value"":0.38857975066088507,""score"":0},""V2_rvol_sameslot"":{""value"":1.3927816506024324,""score"":59.518776706828824,""status"":""ok""},""V3_breakout_bar"":{""value"":1.1181322369231057,""score"":41.208815794873715},""V4_base_dryup"":{""value"":0.9250710862564377,""score"":57.492891374356226},""V5_bo_expansion"":{""value"":0.38857975066088507,""score"":0},""_score"":33.7},""readiness"":{""_distance_atr"":1.878,""BR1_atr_distance"":{""score"":0},""BR2_compression"":{""score"":9.460671890456167},""BR3_retest"":{""score"":50.0},""BR4_bo_age"":{""score"":50.0},""_score"":19.87},""risk"":{""R1_stop_clarity"":{""score"":32.40693301508446},""R2_stop_distance_pct"":{""value"":7.082788352041653,""score"":100.0},""R3_stop_distance_atr"":{""value"":1.6917073035345056,""score"":100.0},""R4_rr_potential"":{""value"":-1.9109787105028027,""score"":0.0},""_score"":56.34},""market"":{""M1_spy_regime"":{""score"":100.0},""M3_earnings_risk"":{""value"":null,""score"":80.0},""M4_vix"":{""value"":null,""score"":60.0},""_score"":84.0},""liquidity"":{""L1_price"":{""value"":307.35,""score"":100.0},""L2_dollar_vol"":{""value"":921790729.2461131,""score"":100.0},""L3_spread_proxy"":{""value"":0.024141857816821263,""score"":75.85814218317874},""L4_volume_zscore"":{""value"":-1.7173427448732381,""score"":100.0},""_score"":97.59},""pattern_structure"":{""n_contractions"":5,""contractions_pct"":[15.39,5.87,7.05,5.91,12.54],""descending_strict"":false,""final_low"":289.93,""final_pivot"":331.51,""structural_low"":289.93,""dry_up_ratio"":0.915769173529189,""current_price"":307.35,""neckline_distance_pct"":0.07860745078900265,""base_bars"":67},""pattern_geometry_features"":{""contraction_count"":5.0,""first_contraction_pct"":0.153856448231253,""last_contraction_pct"":0.1254260806612168,""dry_up_ratio"":0.915769173529189,""near_monotone"":0.0,""base_depth_pct"":-0.2933487977873936},""_schema_version"":""1.0""}",,,,,,,,,,
20260604T164444Z-6b270e,2026-06-04T16:44:44.043038+00:00,ARM,ascending_triangle,forming,51.31,95.9,55.0,6.9,44.6,6.2,27.5,51.4,84.0,93.7,14.39,15.4,0.55,6.25,0.75,2.2,2.05,5.04,4.69,False,,390.18,427.99,330.5365,520.41,"{""trend"":{""T1_ema_stack"":{""value"":[true,true,true],""score"":100.0},""T2_ema50_slope"":{""value"":0.9237742677903208,""score"":100},""T3_high_proximity"":{""value"":0.9474297647087391,""score"":73.71488235436952},""T4_rs_1m"":{""value"":0.8230434307061301,""score"":100},""T5_rs_3m"":{""value"":2.1243673014071485,""score"":100},""T6_adr_healthy"":{""value"":8.107160317392028,""score"":97.3209920651993},""_score"":95.92},""geometry"":{""sub_flat_top_quality"":33.3,""sub_hl_slope"":100,""sub_compression"":0,""sub_duration"":100.0,""_score"":54.99},""compression"":{""VC1_atr_ratio"":{""value"":1.0590182036478184,""score"":0},""VC2_range_contraction"":{""value"":1.2718435362498182,""score"":0},""VC3_range_pct_rank"":{""score"":27.500000000000004},""_score"":6.88},""sr_quality"":{""SR1_touches"":{""value"":3,""score"":50.0},""SR2_tightness"":{""value"":4.730337079837849,""score"":71.83735247548282},""SR3_recency"":{""value"":239,""score"":0.0},""SR4_price_location"":{""score"":30.0},""SR5_reaction"":{""value"":1.5122204507828803,""score"":75.61102253914402},""_score"":44.62,""_levels_found"":5,""_target_level"":235.2867},""volume"":{""V1_rvol_day"":{""value"":0.5923532223361594,""score"":6.156881489077293},""V2_rvol_sameslot"":{""value"":0.7726120501943219,""score"":18.17413667962146,""status"":""ok""},""V3_breakout_bar"":{""value"":0.5808355029863479,""score"":5.389033532423193},""V4_base_dryup"":{""value"":1.7850863547581761,""score"":0},""V5_bo_expansion"":{""value"":0.5923532223361593,""score"":0},""_score"":6.21},""readiness"":{""_distance_atr"":1.126,""BR1_atr_distance"":{""score"":24.964494430314048},""BR2_compression"":{""score"":0},""BR3_retest"":{""score"":50.0},""BR4_bo_age"":{""score"":50.0},""_score"":27.49},""risk"":{""R1_stop_clarity"":{""score"":70.03213681087341},""R2_stop_distance_pct"":{""value"":15.286162796657955,""score"":0.0},""R3_stop_distance_atr"":{""value"":1.7754763005372294,""score"":100.0},""R4_rr_potential"":{""value"":2.1834716411078827,""score"":59.173582055394135},""_score"":51.35},""market"":{""M1_spy_regime"":{""score"":100.0},""M3_earnings_risk"":{""value"":null,""score"":80.0},""M4_vix"":{""value"":null,""score"":60.0},""_score"":84.0},""liquidity"":{""L1_price"":{""value"":390.18,""score"":100.0},""L2_dollar_vol"":{""value"":2938825060.3623037,""score"":100.0},""L3_spread_proxy"":{""value"":0.06274027371982166,""score"":37.25972628017834},""L4_volume_zscore"":{""value"":-1.1053770603648483,""score"":100.0},""_score"":93.73},""pattern_structure"":{""top"":427.99,""top_touches"":2,""low_slope_per_bar"":2.5905506184150244,""lowest_low"":335.57,""structural_low"":335.57,""current_price"":391.26,""neckline_distance_pct"":0.09387619485763947,""base_bars"":36},""pattern_geometry_features"":{""top_touches"":2.0,""low_slope"":2.5905506184150244,""compression"":-0.815868686033411,""atr_pct"":0.08609612413318396},""_schema_version"":""1.0""}",,,,,,,,,,
20260604T164444Z-6b270e,2026-06-04T16:44:44.043038+00:00,CW,vcp,absent,51.17,71.3,36.4,57.6,67.0,24.0,43.1,38.4,84.0,66.5,10.7,9.1,6.91,8.04,3.12,3.01,1.92,5.04,3.33,True,risk_unclear,747.41,760.721,675.3505,805.206,"{""trend"":{""T1_ema_stack"":{""value"":[true,true,true],""score"":100.0},""T2_ema50_slope"":{""value"":0.11646469059318851,""score"":69.41078176553142},""T3_high_proximity"":{""value"":0.9952197070572569,""score"":97.60985352862845},""T4_rs_1m"":{""value"":-0.01995271815473032,""score"":30.04728184526968},""T5_rs_3m"":{""value"":-0.009149520194826177,""score"":45.42523990258691},""T6_adr_healthy"":{""value"":3.1945321040656727,""score"":100.0},""_score"":71.35},""geometry"":{""sub_contraction_count"":100.0,""sub_reduction_rate"":0,""sub_pivot_tightness"":1.9,""sub_volume_dryup"":0,""sub_base_depth"":10.9,""sub_base_duration"":100.0,""_score"":36.38},""compression"":{""VC1_atr_ratio"":{""value"":0.42577283406309757,""score"":100},""VC2_range_contraction"":{""value"":0.9133061343329705,""score"":14.448977611171587},""VC3_range_pct_rank"":{""score"":50.0},""_score"":57.56},""sr_quality"":{""SR1_touches"":{""value"":4,""score"":75.0},""SR2_tightness"":{""value"":5.358953819718464,""score"":56.42085581074776},""SR3_recency"":{""value"":230,""score"":0.0},""SR4_price_location"":{""score"":84.07706000594047},""SR5_reaction"":{""value"":2.0603470283403955,""score"":100},""_score"":66.98,""_levels_found"":6,""_target_level"":754.3274},""volume"":{""V1_rvol_day"":{""value"":0.24604172235976018,""score"":0},""V2_rvol_sameslot"":{""value"":1.0177846894241094,""score"":34.51897929494063,""status"":""ok""},""V3_breakout_bar"":{""value"":0.8578709300453821,""score"":23.85806200302547},""V4_base_dryup"":{""value"":0.942192489003153,""score"":55.7807510996847},""V5_bo_expansion"":{""value"":0.24604172235976016,""score"":0},""_score"":24.02},""readiness"":{""_distance_atr"":0.541,""BR1_atr_distance"":{""score"":63.91820693504855},""BR2_compression"":{""score"":0},""BR3_retest"":{""score"":50.0},""BR4_bo_age"":{""score"":50.0},""_score"":43.07},""risk"":{""R1_stop_clarity"":{""score"":16.365989898282663},""R2_stop_distance_pct"":{""value"":9.64123105123025,""score"":58.96922371924376},""R3_stop_distance_atr"":{""value"":2.9299491428991304,""score"":100.0},""R4_rr_potential"":{""value"":0.802059130975399,""score"":0.0},""_score"":38.42},""market"":{""M1_spy_regime"":{""score"":100.0},""M3_earnings_risk"":{""value"":null,""score"":80.0},""M4_vix"":{""value"":null,""score"":60.0},""_score"":84.0},""liquidity"":{""L1_price"":{""value"":747.41,""score"":0.0},""L2_dollar_vol"":{""value"":53657234.156360514,""score"":86.48141412720554},""L3_spread_proxy"":{""value"":0.03077293587187755,""score"":69.22706412812245},""L4_volume_zscore"":{""value"":-1.416874432422013,""score"":100.0},""_score"":66.52},""pattern_structure"":{""n_contractions"":5,""contractions_pct"":[9.6,10.62,12.71,4.82,9.87],""descending_strict"":false,""final_low"":685.635,""final_pivot"":760.721,""structural_low"":685.635,""dry_up_ratio"":1.2822947905140627,""current_price"":747.41,""neckline_distance_pct"":0.01780950214741579,""base_bars"":55},""pattern_geometry_features"":{""contraction_count"":5.0,""first_contraction_pct"":0.09603900728647347,""last_contraction_pct"":0.0987037297511177,""dry_up_ratio"":1.2822947905140627,""near_monotone"":0.0,""base_depth_pct"":0.060928340546759455},""_schema_version"":""1.0""}",,,,,,,,,,
20260604T164444Z-6b270e,2026-06-04T16:44:44.043038+00:00,NVDA,bull_flag,absent,51.17,92.3,37.0,49.9,44.2,31.5,20.5,70.5,84.0,96.6,12.92,11.09,4.49,4.42,4.42,1.85,2.11,5.04,4.83,True,risk_unclear,217.405,232.28,207.8055,255.78,"{""trend"":{""T1_ema_stack"":{""value"":[true,true,true],""score"":100.0},""T2_ema50_slope"":{""value"":0.3474383357446138,""score"":100},""T3_high_proximity"":{""value"":0.9222236362093832,""score"":61.11181810469157},""T4_rs_1m"":{""value"":0.06110995399020558,""score"":100},""T5_rs_3m"":{""value"":0.07538270169427652,""score"":87.69135084713827},""T6_adr_healthy"":{""value"":3.379008177952783,""score"":100.0},""_score"":92.32},""geometry"":{""sub_pole_impulse"":49.7,""sub_flag_tightness"":0,""sub_flag_shallowness"":0,""sub_flag_drift"":80.3,""sub_flag_duration"":100.0,""_score"":36.95},""compression"":{""VC1_atr_ratio"":{""value"":0.5983325917584223,""score"":100},""VC2_range_contraction"":{""value"":0.955935564518495,""score"":7.344072580250827},""VC3_range_pct_rank"":{""score"":29.166666666666664},""_score"":49.86},""sr_quality"":{""SR1_touches"":{""value"":2,""score"":25.0},""SR2_tightness"":{""value"":0.2046500000000009,""score"":94.99955931336656},""SR3_recency"":{""value"":254,""score"":0.0},""SR4_price_location"":{""score"":30.0},""SR5_reaction"":{""value"":2.601884568026745,""score"":100},""_score"":44.25,""_levels_found"":4,""_target_level"":197.4253},""volume"":{""V1_rvol_day"":{""value"":0.49768572748642315,""score"":0},""V2_rvol_sameslot"":{""value"":1.4774675969499418,""score"":65.16450646332945,""status"":""ok""},""V3_breakout_bar"":{""value"":1.1385241740410001,""score"":42.56827826940001},""V4_base_dryup"":{""value"":1.1065455894642182,""score"":39.34544105357818},""V5_bo_expansion"":{""value"":0.49768572748642315,""score"":0},""_score"":31.54},""readiness"":{""_distance_atr"":1.817,""BR1_atr_distance"":{""score"":0},""BR2_compression"":{""score"":12.17391905439528},""BR3_retest"":{""score"":50.0},""BR4_bo_age"":{""score"":50.0},""_score"":20.54},""risk"":{""R1_stop_clarity"":{""score"":22.677036037695075},""R2_stop_distance_pct"":{""value"":4.415514822566175,""score"":100.0},""R3_stop_distance_atr"":{""value"":1.1727823208739723,""score"":83.6391160436986},""R4_rr_potential"":{""value"":3.9975832200467756,""score"":100.0},""_score"":70.48},""market"":{""M1_spy_regime"":{""score"":100.0},""M3_earnings_risk"":{""value"":null,""score"":80.0},""M4_vix"":{""value"":null,""score"":60.0},""_score"":84.0},""liquidity"":{""L1_price"":{""value"":217.405,""score"":100.0},""L2_dollar_vol"":{""value"":18503696958.883385,""score"":100.0},""L3_spread_proxy"":{""value"":0.033669878797635715,""score"":66.33012120236428},""L4_volume_zscore"":{""value"":-2.1807432768561275,""score"":100.0},""_score"":96.63},""pattern_structure"":{""pole_low"":208.78,""pole_low_idx"":22,""peak_price"":232.28,""peak_idx"":45,""pole_gain"":0.11255867420250981,""flag_bars"":14,""flag_low"":210.97,""flag_high"":228.95,""structural_low"":210.97,""current_price"":217.6398,""neckline_distance_pct"":0.06726802726339572,""base_bars"":14},""pattern_geometry_features"":{""pole_gain"":0.11255867420250981,""pullback_pct"":0.09174272429826073,""flag_range_pct"":0.07740657826760801,""flag_drift_per_bar"":-0.0039437760803062456,""atr_pct"":0.03764990948427392,""pole_atr_multiple"":2.98961340795586},""_schema_version"":""1.0""}",,,,,,,,,,
20260604T164444Z-6b270e,2026-06-04T16:44:44.043038+00:00,ADI,ascending_triangle,absent,51.04,90.0,40.6,25.5,54.3,7.4,40.1,63.1,84.0,97.3,13.5,11.37,2.04,7.61,0.88,3.21,2.52,5.04,4.86,False,,426.84,439.0,393.9114,478.09,"{""trend"":{""T1_ema_stack"":{""value"":[true,true,true],""score"":100.0},""T2_ema50_slope"":{""value"":0.3744862870022721,""score"":100},""T3_high_proximity"":{""value"":0.9752553293577352,""score"":87.62766467886756},""T4_rs_1m"":{""value"":0.009247977399472473,""score"":59.247977399472475},""T5_rs_3m"":{""value"":0.18413332125530535,""score"":100},""T6_adr_healthy"":{""value"":3.351498736213147,""score"":100.0},""_score"":89.99},""geometry"":{""sub_flat_top_quality"":33.3,""sub_hl_slope"":52.1,""sub_compression"":0,""sub_duration"":100.0,""_score"":40.62},""compression"":{""VC1_atr_ratio"":{""value"":0.8576199570635756,""score"":35.59501073410609},""VC2_range_contraction"":{""value"":1.4006053334362265,""score"":0},""VC3_range_pct_rank"":{""score"":44.99999999999999},""_score"":25.49},""sr_quality"":{""SR1_touches"":{""value"":2,""score"":25.0},""SR2_tightness"":{""value"":1.1100000000000136,""score"":88.10236103821816},""SR3_recency"":{""value"":231,""score"":0.0},""SR4_price_location"":{""score"":74.499507712504},""SR5_reaction"":{""value"":2.290027535301495,""score"":100},""_score"":54.34,""_levels_found"":6,""_target_level"":434.61},""volume"":{""V1_rvol_day"":{""value"":0.2774371024280741,""score"":0},""V2_rvol_sameslot"":{""value"":0.5696854889302242,""score"":4.645699262014946,""status"":""ok""},""V3_breakout_bar"":{""value"":0.47093247374363784,""score"":0},""V4_base_dryup"":{""value"":1.1786774741118855,""score"":32.132252588811454},""V5_bo_expansion"":{""value"":0.2774371024280741,""score"":0},""_score"":7.36},""readiness"":{""_distance_atr"":0.652,""BR1_atr_distance"":{""score"":56.55396703445472},""BR2_compression"":{""score"":0},""BR3_retest"":{""score"":50.0},""BR4_bo_age"":{""score"":50.0},""_score"":40.12},""risk"":{""R1_stop_clarity"":{""score"":35.70290814586326},""R2_stop_distance_pct"":{""value"":7.7145183206822106,""score"":100.0},""R3_stop_distance_atr"":{""value"":1.764744095490416,""score"":100.0},""R4_rr_potential"":{""value"":1.556395418579264,""score"":27.819770928963194},""_score"":63.06},""market"":{""M1_spy_regime"":{""score"":100.0},""M3_earnings_risk"":{""value"":null,""score"":80.0},""M4_vix"":{""value"":null,""score"":60.0},""_score"":84.0},""liquidity"":{""L1_price"":{""value"":426.84,""score"":100.0},""L2_dollar_vol"":{""value"":569579337.52643,""score"":100.0},""L3_spread_proxy"":{""value"":0.027363883422359684,""score"":72.63611657764031},""L4_volume_zscore"":{""value"":-1.9200233947637326,""score"":100.0},""_score"":97.26},""pattern_structure"":{""top"":439.0,""top_touches"":2,""low_slope_per_bar"":0.6250060864272696,""lowest_low"":399.91,""structural_low"":399.91,""current_price"":427.81,""neckline_distance_pct"":0.026156471330730926,""base_bars"":33},""pattern_geometry_features"":{""top_touches"":2.0,""low_slope"":0.6250060864272696,""compression"":-0.02285627502633769,""atr_pct"":0.04371465721514922},""_schema_version"":""1.0""}",,,,,,,,,,
20260604T164444Z-6b270e,2026-06-04T16:44:44.043038+00:00,FLEX,bull_flag,absent,50.97,98.0,42.0,33.4,53.7,11.1,28.5,78.0,84.0,95.2,13.73,12.6,3.0,5.37,1.56,2.57,2.34,5.04,4.76,False,,157.7279,166.86,148.5971,193.81,"{""trend"":{""T1_ema_stack"":{""value"":[true,true,true],""score"":100.0},""T2_ema50_slope"":{""value"":1.076508817285538,""score"":100},""T3_high_proximity"":{""value"":0.9739897492898605,""score"":86.99487464493022},""T4_rs_1m"":{""value"":0.5900565188757017,""score"":100},""T5_rs_3m"":{""value"":1.373093199858495,""score"":100},""T6_adr_healthy"":{""value"":5.180891153909519,""score"":100.0},""_score"":98.05},""geometry"":{""sub_pole_impulse"":65.4,""sub_flag_tightness"":17.6,""sub_flag_shallowness"":0.4,""sub_flag_drift"":52.6,""sub_flag_duration"":100.0,""_score"":41.99},""compression"":{""VC1_atr_ratio"":{""value"":0.7720520503762871,""score"":56.986987405928225},""VC2_range_contraction"":{""value"":0.9901225431259089,""score"":1.6462428123485233},""VC3_range_pct_rank"":{""score"":40.0},""_score"":33.37},""sr_quality"":{""SR1_touches"":{""value"":6,""score"":100},""SR2_tightness"":{""value"":1.5936619256709772,""score"":62.07011791529471},""SR3_recency"":{""value"":274,""score"":0.0},""SR4_price_location"":{""score"":30.0},""SR5_reaction"":{""value"":0.9218690498857581,""score"":46.09345249428791},""_score"":53.72,""_levels_found"":2,""_target_level"":67.765},""volume"":{""V1_rvol_day"":{""value"":0.3855866435778263,""score"":0},""V2_rvol_sameslot"":{""value"":0.5975504953296336,""score"":6.503366355308904,""status"":""ok""},""V3_breakout_bar"":{""value"":0.4929254880803327,""score"":0},""V4_base_dryup"":{""value"":1.0083230599526012,""score"":49.16769400473988},""V5_bo_expansion"":{""value"":0.38558664357782624,""score"":0},""_score"":11.13},""readiness"":{""_distance_atr"":1.087,""BR1_atr_distance"":{""score"":27.550615638486846},""BR2_compression"":{""score"":0},""BR3_retest"":{""score"":50.0},""BR4_bo_age"":{""score"":50.0},""_score"":28.52},""risk"":{""R1_stop_clarity"":{""score"":46.1419459253617},""R2_stop_distance_pct"":{""value"":5.788956804725095,""score"":100.0},""R3_stop_distance_atr"":{""value"":1.0865860624523986,""score"":79.32930312261993},""R4_rr_potential"":{""value"":3.951690979979854,""score"":100.0},""_score"":78.05},""market"":{""M1_spy_regime"":{""score"":100.0},""M3_earnings_risk"":{""value"":null,""score"":80.0},""M4_vix"":{""value"":null,""score"":60.0},""_score"":84.0},""liquidity"":{""L1_price"":{""value"":157.7279,""score"":100.0},""L2_dollar_vol"":{""value"":400639759.6706302,""score"":100.0},""L3_spread_proxy"":{""value"":0.047867244793089764,""score"":52.13275520691024},""L4_volume_zscore"":{""value"":-1.7044455113560513,""score"":100.0},""_score"":95.21},""pattern_structure"":{""pole_low"":139.91,""pole_low_idx"":27,""peak_price"":166.86,""peak_idx"":52,""pole_gain"":0.19262382960474603,""flag_bars"":7,""flag_low"":150.86,""flag_high"":166.76,""structural_low"":150.86,""current_price"":157.7279,""neckline_distance_pct"":0.05789781008940085,""base_bars"":7},""pattern_geometry_features"":{""pole_gain"":0.19262382960474603,""pullback_pct"":0.09588876902792759,""flag_range_pct"":0.09528946422150292,""flag_drift_per_bar"":-0.009480907128216262,""atr_pct"":0.05327656045633016,""pole_atr_multiple"":3.6155455223622464},""_schema_version"":""1.0""}",,,,,,,,,,
20260604T164444Z-6b270e,2026-06-04T16:44:44.043038+00:00,AEVA,inverse_head_shoulders,invalidated,50.94,83.5,60.8,8.7,42.6,26.9,21.9,53.4,84.0,86.2,10.02,17.02,0.7,5.96,3.77,1.75,3.2,4.2,4.31,False,,24.81,28.605,24.8417,31.99,"{""trend"":{""T1_ema_stack"":{""value"":[true,true,true],""score"":100.0},""T2_ema50_slope"":{""value"":1.0317638398067848,""score"":100},""T3_high_proximity"":{""value"":0.8470467736428815,""score"":23.523386821440727},""T4_rs_1m"":{""value"":0.5826759414478802,""score"":100},""T5_rs_3m"":{""value"":0.5348058314246928,""score"":100},""T6_adr_healthy"":{""value"":12.88720121469785,""score"":0.0},""_score"":83.53},""geometry"":{""sub_head_depth"":61.4,""sub_shoulder_price_sym"":33.5,""sub_shoulder_time_sym"":33.3,""sub_right_shoulder_reaction"":92.2,""sub_base_context"":100.0,""_score"":60.77},""compression"":{""VC1_atr_ratio"":{""value"":0.9734193386051797,""score"":6.645165348705073},""VC2_range_contraction"":{""value"":0.949246878663901,""score"":8.4588535560165},""VC3_range_pct_rank"":{""score"":12.5},""_score"":8.74},""sr_quality"":{""SR1_touches"":{""value"":2,""score"":25.0},""SR2_tightness"":{""value"":0.23000000000000043,""score"":83.82957781136848},""SR3_recency"":{""value"":239,""score"":0.0},""SR4_price_location"":{""score"":30.0},""SR5_reaction"":{""value"":2.0546982107076324,""score"":100},""_score"":42.57,""_levels_found"":4,""_target_level"":22.39},""volume"":{""V1_rvol_day"":{""value"":0.8652067011962946,""score"":24.34711341308631},""V2_rvol_sameslot"":{""value"":0.916021382917382,""score"":27.7347588611588,""status"":""ok""},""V3_breakout_bar"":{""value"":0.8255355140253909,""score"":21.70236760169273},""V4_base_dryup"":{""value"":0.944353178697639,""score"":55.5646821302361},""V5_bo_expansion"":{""value"":0.8652067011962946,""score"":0},""_score"":26.95},""readiness"":{""_distance_atr"":1.334,""BR1_atr_distance"":{""score"":11.062677962526763},""BR2_compression"":{""score"":0},""BR3_retest"":{""score"":50.0},""BR4_bo_age"":{""score"":50.0},""_score"":21.93},""risk"":{""R1_stop_clarity"":{""score"":73.40317080887269},""R2_stop_distance_pct"":{""value"":-0.1277710600564318,""score"":46.8057234985892},""R3_stop_distance_atr"":{""value"":-0.011143530073470218,""score"":24.442823496326493},""R4_rr_potential"":{""value"":null,""score"":50.0},""_score"":53.4},""market"":{""M1_spy_regime"":{""score"":100.0},""M3_earnings_risk"":{""value"":null,""score"":80.0},""M4_vix"":{""value"":null,""score"":60.0},""_score"":84.0},""liquidity"":{""L1_price"":{""value"":24.81,""score"":100.0},""L2_dollar_vol"":{""value"":64821565.10425586,""score"":90.58597563898734},""L3_spread_proxy"":{""value"":0.14388956066102382,""score"":0},""L4_volume_zscore"":{""value"":-0.3278237387225698,""score"":100.0},""_score"":86.23},""pattern_structure"":{""left_shoulder"":25.61,""left_shoulder_idx"":68,""head"":25.22,""head_idx"":72,""right_shoulder"":27.01,""right_shoulder_idx"":78,""left_to_head_bars"":4,""head_to_right_bars"":6,""structural_low"":25.22,""current_price"":24.81,""neckline_distance_pct"":0.1529625151148731,""base_bars"":10},""pattern_geometry_features"":{""head_depth_pct"":0.04142911440516926,""shoulder_price_asymmetry"":0.053211706575446674,""shoulder_time_asymmetry"":0.3333333333333333,""right_shoulder_reaction"":0.922073170731711,""atr_pct"":0.11465941152760985},""_schema_version"":""1.0""}",,,,,,,,,,
20260604T164444Z-6b270e,2026-06-04T16:44:44.043038+00:00,UEC,double_bottom,absent,50.86,31.8,48.7,70.3,64.0,18.5,31.6,81.5,84.0,89.7,4.77,12.18,5.62,8.95,2.41,2.53,4.89,5.04,4.48,False,,14.1253,15.47,13.2187,17.52,"{""trend"":{""T1_ema_stack"":{""value"":[true,false,true],""score"":66.66666666666666},""T2_ema50_slope"":{""value"":-0.17292978840260942,""score"":21.178368599565093},""T3_high_proximity"":{""value"":0.8576381299332119,""score"":28.81906496660591},""T4_rs_1m"":{""value"":-0.07111819376797657,""score"":0},""T5_rs_3m"":{""value"":-0.07937583714585061,""score"":10.312081427074695},""T6_adr_healthy"":{""value"":6.911552230860439,""score"":100.0},""_score"":31.77},""geometry"":{""sub_low_similarity"":27.9,""sub_bounce_quality"":100,""sub_separation_fit"":80.0,""sub_right_bottom_reaction"":15.5,""sub_base_context"":30.0,""_score"":48.7},""compression"":{""VC1_atr_ratio"":{""value"":0.47657549863122967,""score"":100},""VC2_range_contraction"":{""value"":0.8633649383338966,""score"":22.7725102776839},""VC3_range_pct_rank"":{""score"":89.16666666666666},""_score"":70.26},""sr_quality"":{""SR1_touches"":{""value"":4,""score"":75.0},""SR2_tightness"":{""value"":0.2735134548792802,""score"":45.44266535145758},""SR3_recency"":{""value"":265,""score"":0.0},""SR4_price_location"":{""score"":83.20150044850365},""SR5_reaction"":{""value"":1.845258703596845,""score"":92.26293517984226},""_score"":63.96,""_levels_found"":8,""_target_level"":14.3313},""volume"":{""V1_rvol_day"":{""value"":0.39895769335213455,""score"":0},""V2_rvol_sameslot"":{""value"":0.763424160830183,""score"":17.5616107220122,""status"":""ok""},""V3_breakout_bar"":{""value"":0.5431028651112033,""score"":2.8735243407468873},""V4_base_dryup"":{""value"":0.786186331510653,""score"":71.3813668489347},""V5_bo_expansion"":{""value"":0.3989576933521347,""score"":0},""_score"":18.51},""readiness"":{""_distance_atr"":1.341,""BR1_atr_distance"":{""score"":10.591543008033284},""BR2_compression"":{""score"":39.50311745758741},""BR3_retest"":{""score"":50.0},""BR4_bo_age"":{""score"":50.0},""_score"":31.61},""risk"":{""R1_stop_clarity"":{""score"":59.84697911991626},""R2_stop_distance_pct"":{""value"":6.418270762390882,""score"":100.0},""R3_stop_distance_atr"":{""value"":0.9041909768972657,""score"":70.20954884486328},""R4_rr_potential"":{""value"":3.7444297374807047,""score"":100.0},""_score"":81.48},""market"":{""M1_spy_regime"":{""score"":100.0},""M3_earnings_risk"":{""value"":null,""score"":80.0},""M4_vix"":{""value"":null,""score"":60.0},""_score"":84.0},""liquidity"":{""L1_price"":{""value"":14.1253,""score"":100.0},""L2_dollar_vol"":{""value"":50367065.45082193,""score"":85.10733240923334},""L3_spread_proxy"":{""value"":0.043538898288885915,""score"":56.46110171111408},""L4_volume_zscore"":{""value"":-1.97486547776214,""score"":100.0},""_score"":89.69},""pattern_structure"":{""left_low"":13.42,""left_idx"":65,""right_low"":13.9127,""right_idx"":72,""separation_bars"":7,""structural_low"":13.42,""current_price"":14.1607,""neckline_distance_pct"":0.09246011849696698,""base_bars"":7},""pattern_geometry_features"":{""low_similarity_pct"":0.03605205486468584,""bounce_pct"":0.15275707898658725,""right_bottom_reaction"":0.1549128367670365,""atr_pct"":0.07098357455871987},""_schema_version"":""1.0""}",,,,,,,,,,
20260604T164444Z-6b270e,2026-06-04T16:44:44.043038+00:00,DELL,ascending_triangle,forming,50.84,92.3,55.0,7.3,37.1,19.2,24.2,44.7,84.0,94.9,13.85,15.4,0.58,5.2,2.31,1.93,1.79,5.04,4.75,False,,418.44,469.19,294.0915,639.81,"{""trend"":{""T1_ema_stack"":{""value"":[true,true,true],""score"":100.0},""T2_ema50_slope"":{""value"":0.8220094528019242,""score"":100},""T3_high_proximity"":{""value"":0.8980169971671389,""score"":49.00849858356943},""T4_rs_1m"":{""value"":0.8890796944181081,""score"":100},""T5_rs_3m"":{""value"":1.745436223089567,""score"":100},""T6_adr_healthy"":{""value"":6.1782946677419694,""score"":100.0},""_score"":92.35},""geometry"":{""sub_flat_top_quality"":33.3,""sub_hl_slope"":100,""sub_compression"":0,""sub_duration"":100.0,""_score"":54.99},""compression"":{""VC1_atr_ratio"":{""value"":1.8165523767561405,""score"":0},""VC2_range_contraction"":{""value"":1.3079904429526308,""score"":0},""VC3_range_pct_rank"":{""score"":29.166666666666664},""_score"":7.29},""sr_quality"":{""SR1_touches"":{""value"":2,""score"":25.0},""SR2_tightness"":{""value"":1.7249999999999943,""score"":88.06112998067786},""SR3_recency"":{""value"":239,""score"":0.0},""SR4_price_location"":{""score"":30.0},""SR5_reaction"":{""value"":1.1897343514907153,""score"":59.48671757453576},""_score"":37.13,""_levels_found"":5,""_target_level"":262.265},""volume"":{""V1_rvol_day"":{""value"":0.5885795376625192,""score"":5.905302510834617},""V2_rvol_sameslot"":{""value"":1.2126670281011265,""score"":47.51113520674177,""status"":""ok""},""V3_breakout_bar"":{""value"":0.5885455797703161,""score"":5.9030386513544055},""V4_base_dryup"":{""value"":1.147291521593645,""score"":35.2708478406355},""V5_bo_expansion"":{""value"":0.5885795376625192,""score"":0},""_score"":19.21},""readiness"":{""_distance_atr"":1.756,""BR1_atr_distance"":{""score"":0},""BR2_compression"":{""score"":26.680837915073013},""BR3_retest"":{""score"":50.0},""BR4_bo_age"":{""score"":50.0},""_score"":24.17},""risk"":{""R1_stop_clarity"":{""score"":69.00357894200859},""R2_stop_distance_pct"":{""value"":29.71717570021986,""score"":0.0},""R3_stop_distance_atr"":{""value"":4.303133842148363,""score"":84.84330789258183},""R4_rr_potential"":{""value"":1.7802378877759328,""score"":39.01189438879664},""_score"":44.68},""market"":{""M1_spy_regime"":{""score"":100.0},""M3_earnings_risk"":{""value"":null,""score"":80.0},""M4_vix"":{""value"":null,""score"":60.0},""_score"":84.0},""liquidity"":{""L1_price"":{""value"":418.44,""score"":100.0},""L2_dollar_vol"":{""value"":2839269747.2245283,""score"":100.0},""L3_spread_proxy"":{""value"":0.050688270719816415,""score"":49.311729280183584},""L4_volume_zscore"":{""value"":-0.5046436346257172,""score"":100.0},""_score"":94.93},""pattern_structure"":{""top"":469.19,""top_touches"":2,""low_slope_per_bar"":2.980723872584111,""lowest_low"":298.57,""structural_low"":298.57,""current_price"":418.37,""neckline_distance_pct"":0.1214714248153548,""base_bars"":60},""pattern_geometry_features"":{""top_touches"":2.0,""low_slope"":2.980723872584111,""compression"":-0.7634202185323855,""atr_pct"":0.06905938041979053},""_schema_version"":""1.0""}",,,,,,,,,,
20260604T164444Z-6b270e,2026-06-04T16:44:44.043038+00:00,ADI,vcp,absent,50.81,90.0,39.8,25.5,54.3,12.7,48.0,57.5,84.0,97.3,13.5,9.95,3.06,6.52,1.64,3.36,2.88,5.04,4.86,False,,426.84,433.5,393.9114,361.77,"{""trend"":{""T1_ema_stack"":{""value"":[true,true,true],""score"":100.0},""T2_ema50_slope"":{""value"":0.3744862870022721,""score"":100},""T3_high_proximity"":{""value"":0.9752553293577352,""score"":87.62766467886756},""T4_rs_1m"":{""value"":0.009247977399472473,""score"":59.247977399472475},""T5_rs_3m"":{""value"":0.18413332125530535,""score"":100},""T6_adr_healthy"":{""value"":3.351498736213147,""score"":100.0},""_score"":89.99},""geometry"":{""sub_contraction_count"":100.0,""sub_reduction_rate"":0,""sub_pivot_tightness"":32.1,""sub_volume_dryup"":0,""sub_base_depth"":0.0,""sub_base_duration"":100.0,""_score"":39.81},""compression"":{""VC1_atr_ratio"":{""value"":0.8576199570635756,""score"":35.59501073410609},""VC2_range_contraction"":{""value"":1.4006053334362265,""score"":0},""VC3_range_pct_rank"":{""score"":44.99999999999999},""_score"":25.49},""sr_quality"":{""SR1_touches"":{""value"":2,""score"":25.0},""SR2_tightness"":{""value"":1.1100000000000136,""score"":88.10236103821816},""SR3_recency"":{""value"":231,""score"":0.0},""SR4_price_location"":{""score"":74.499507712504},""SR5_reaction"":{""value"":2.290027535301495,""score"":100},""_score"":54.34,""_levels_found"":6,""_target_level"":434.61},""volume"":{""V1_rvol_day"":{""value"":0.2774371024280741,""score"":0},""V2_rvol_sameslot"":{""value"":0.5696854889302242,""score"":4.645699262014946,""status"":""ok""},""V3_breakout_bar"":{""value"":0.47093247374363784,""score"":0},""V4_base_dryup"":{""value"":0.914179892792182,""score"":58.582010720781795},""V5_bo_expansion"":{""value"":0.2774371024280741,""score"":0},""_score"":12.65},""readiness"":{""_distance_atr"":0.357,""BR1_atr_distance"":{""score"":76.20472207643651},""BR2_compression"":{""score"":0},""BR3_retest"":{""score"":50.0},""BR4_bo_age"":{""score"":50.0},""_score"":47.98},""risk"":{""R1_stop_clarity"":{""score"":35.70290814586326},""R2_stop_distance_pct"":{""value"":7.7145183206822106,""score"":100.0},""R3_stop_distance_atr"":{""value"":1.764744095490416,""score"":100.0},""R4_rr_potential"":{""value"":-1.976090729501516,""score"":0.0},""_score"":57.5},""market"":{""M1_spy_regime"":{""score"":100.0},""M3_earnings_risk"":{""value"":null,""score"":80.0},""M4_vix"":{""value"":null,""score"":60.0},""_score"":84.0},""liquidity"":{""L1_price"":{""value"":426.84,""score"":100.0},""L2_dollar_vol"":{""value"":569579337.52643,""score"":100.0},""L3_spread_proxy"":{""value"":0.027363883422359684,""score"":72.63611657764031},""L4_volume_zscore"":{""value"":-1.9200233947637326,""score"":100.0},""_score"":97.26},""pattern_structure"":{""n_contractions"":5,""contractions_pct"":[8.42,3.66,6.35,12.51,7.75],""descending_strict"":false,""final_low"":399.91,""final_pivot"":433.5,""structural_low"":399.91,""dry_up_ratio"":1.214983865484154,""current_price"":426.84,""neckline_distance_pct"":0.015603036266516787,""base_bars"":46},""pattern_geometry_features"":{""contraction_count"":5.0,""first_contraction_pct"":0.08416113108659883,""last_contraction_pct"":0.07748558246828137,""dry_up_ratio"":1.214983865484154,""near_monotone"":0.0,""base_depth_pct"":-0.21856907794503022},""_schema_version"":""1.0""}",,,,,,,,,,
20260604T164444Z-6b270e,2026-06-04T16:44:44.043038+00:00,VZ,vcp,forming,50.78,30.5,55.5,43.0,61.4,47.3,17.5,52.0,84.0,95.8,4.57,13.88,5.17,7.36,6.15,1.23,2.6,5.04,4.79,True,risk_unclear,45.67,48.275,45.1228,54.13,"{""trend"":{""T1_ema_stack"":{""value"":[false,false,true],""score"":33.33333333333333},""T2_ema50_slope"":{""value"":0.013971173735207343,""score"":52.32852895586789},""T3_high_proximity"":{""value"":0.888867263526664,""score"":44.43363176333198},""T4_rs_1m"":{""value"":-0.08055353604614035,""score"":0},""T5_rs_3m"":{""value"":-0.2180788746576523,""score"":0},""T6_adr_healthy"":{""value"":1.9032016752807739,""score"":100.0},""_score"":30.46},""geometry"":{""sub_contraction_count"":100.0,""sub_reduction_rate"":0,""sub_pivot_tightness"":69.9,""sub_volume_dryup"":24.7,""sub_base_depth"":63.3,""sub_base_duration"":100.0,""_score"":55.52},""compression"":{""VC1_atr_ratio"":{""value"":0.3695955555911794,""score"":100},""VC2_range_contraction"":{""value"":0.9584504989342001,""score"":6.924916844299986},""VC3_range_pct_rank"":{""score"":2.500000000000002},""_score"":43.05},""sr_quality"":{""SR1_touches"":{""value"":3,""score"":50.0},""SR2_tightness"":{""value"":0.20700456248326726,""score"":57.45149349944588},""SR3_recency"":{""value"":237,""score"":0.0},""SR4_price_location"":{""score"":90.98690392295049},""SR5_reaction"":{""value"":3.2657485709811276,""score"":100},""_score"":61.36,""_levels_found"":5,""_target_level"":45.9623},""volume"":{""V1_rvol_day"":{""value"":0.5188571799436202,""score"":1.2571453295746826},""V2_rvol_sameslot"":{""value"":2.286551303175142,""score"":100,""status"":""ok""},""V3_breakout_bar"":{""value"":1.149530349842886,""score"":43.302023322859064},""V4_base_dryup"":{""value"":0.6876438556453033,""score"":81.23561443546967},""V5_bo_expansion"":{""value"":0.5188571799436201,""score"":0},""_score"":47.32},""readiness"":{""_distance_atr"":2.677,""BR1_atr_distance"":{""score"":0},""BR2_compression"":{""score"":0},""BR3_retest"":{""score"":50.0},""BR4_bo_age"":{""score"":50.0},""_score"":17.5},""risk"":{""R1_stop_clarity"":{""score"":0},""R2_stop_distance_pct"":{""value"":1.19805123713598,""score"":79.9512809283995},""R3_stop_distance_atr"":{""value"":0.5623164787408995,""score"":53.11582393704497},""R4_rr_potential"":{""value"":15.46193913917566,""score"":100.0},""_score"":51.95},""market"":{""M1_spy_regime"":{""score"":100.0},""M3_earnings_risk"":{""value"":null,""score"":80.0},""M4_vix"":{""value"":null,""score"":60.0},""_score"":84.0},""liquidity"":{""L1_price"":{""value"":45.67,""score"":100.0},""L2_dollar_vol"":{""value"":470809625.9726227,""score"":100.0},""L3_spread_proxy"":{""value"":0.04149332165535369,""score"":58.50667834464631},""L4_volume_zscore"":{""value"":-1.4643228648888262,""score"":100.0},""_score"":95.85},""pattern_structure"":{""n_contractions"":5,""contractions_pct"":[5.33,14.34,4.92,3.27,5.11],""descending_strict"":false,""final_low"":45.81,""final_pivot"":48.275,""structural_low"":45.81,""dry_up_ratio"":0.8762673306592981,""current_price"":45.67,""neckline_distance_pct"":0.05703963214363908,""base_bars"":45},""pattern_geometry_features"":{""contraction_count"":5.0,""first_contraction_pct"":0.05332430078389631,""last_contraction_pct"":0.051061626100466,""dry_up_ratio"":0.8762673306592981,""near_monotone"":0.0,""base_depth_pct"":0.11332623633020414},""_schema_version"":""1.0""}",,,,,,,,,,
20260604T164444Z-6b270e,2026-06-04T16:44:44.043038+00:00,BELFB,ascending_triangle,absent,50.73,73.1,39.2,73.5,58.6,1.2,33.6,69.4,84.0,81.2,10.96,10.98,5.88,8.2,0.15,2.69,2.77,5.04,4.06,False,,275.46,287.38,259.1338,311.68,"{""trend"":{""T1_ema_stack"":{""value"":[true,true,true],""score"":100.0},""T2_ema50_slope"":{""value"":0.2957714101439817,""score"":99.29523502399695},""T3_high_proximity"":{""value"":0.9099197304528787,""score"":54.959865226439305},""T4_rs_1m"":{""value"":-0.118332641088853,""score"":0},""T5_rs_3m"":{""value"":0.24933947474679252,""score"":100},""T6_adr_healthy"":{""value"":4.777294855934487,""score"":100.0},""_score"":73.1},""geometry"":{""sub_flat_top_quality"":33.3,""sub_hl_slope"":46.7,""sub_compression"":0.8,""sub_duration"":100.0,""_score"":39.2},""compression"":{""VC1_atr_ratio"":{""value"":0.37918240285965604,""score"":100},""VC2_range_contraction"":{""value"":0.796673618145088,""score"":33.88773030915201},""VC3_range_pct_rank"":{""score"":86.66666666666667},""_score"":73.53},""sr_quality"":{""SR1_touches"":{""value"":2,""score"":25.0},""SR2_tightness"":{""value"":0.5750500000000045,""score"":91.34637605917052},""SR3_recency"":{""value"":244,""score"":0.0},""SR4_price_location"":{""score"":89.41760743521054},""SR5_reaction"":{""value"":2.4822379657905227,""score"":100},""_score"":58.56,""_levels_found"":7,""_target_level"":278.995},""volume"":{""V1_rvol_day"":{""value"":0.17251868702603793,""score"":0},""V2_rvol_sameslot"":{""value"":0.21451337457469802,""score"":0,""status"":""ok""},""V3_breakout_bar"":{""value"":0.26957194668364654,""score"":0},""V4_base_dryup"":{""value"":1.439515519857948,""score"":6.048448014205206},""V5_bo_expansion"":{""value"":0.17251868702603793,""score"":0},""_score"":1.21},""readiness"":{""_distance_atr"":0.897,""BR1_atr_distance"":{""score"":40.20740377666482},""BR2_compression"":{""score"":0},""BR3_retest"":{""score"":50.0},""BR4_bo_age"":{""score"":50.0},""_score"":33.58},""risk"":{""R1_stop_clarity"":{""score"":40.61571898912999},""R2_stop_distance_pct"":{""value"":5.926885936252078,""score"":100.0},""R3_stop_distance_atr"":{""value"":1.228421834473253,""score"":86.42109172366264},""R4_rr_potential"":{""value"":2.2185199250284873,""score"":60.925996251424365},""_score"":69.36},""market"":{""M1_spy_regime"":{""score"":100.0},""M3_earnings_risk"":{""value"":null,""score"":80.0},""M4_vix"":{""value"":null,""score"":60.0},""_score"":84.0},""liquidity"":{""L1_price"":{""value"":275.46,""score"":100.0},""L2_dollar_vol"":{""value"":15958560.027443038,""score"":60.14968507645917},""L3_spread_proxy"":{""value"":0.028642997168372857,""score"":71.35700283162714},""L4_volume_zscore"":{""value"":-1.2798366650418609,""score"":100.0},""_score"":81.2},""pattern_structure"":{""top"":287.38,""top_touches"":2,""low_slope_per_bar"":0.36828713728886814,""lowest_low"":263.08,""structural_low"":263.08,""current_price"":275.46,""neckline_distance_pct"":0.04327307050025418,""base_bars"":52},""pattern_geometry_features"":{""top_touches"":2.0,""low_slope"":0.36828713728886814,""compression"":0.004084289989908396,""atr_pct"":0.048247969630021474},""_schema_version"":""1.0""}",,,,,,,,,,
20260604T164444Z-6b270e,2026-06-04T16:44:44.043038+00:00,VZ,base_on_base,forming,50.7,30.5,58.4,43.0,61.4,45.8,17.5,52.0,84.0,95.8,5.48,14.61,4.3,6.14,5.5,1.4,2.6,5.88,4.79,True,risk_unclear,45.67,48.955,45.1228,51.525,"{""trend"":{""T1_ema_stack"":{""value"":[false,false,true],""score"":33.33333333333333},""T2_ema50_slope"":{""value"":0.013971173735207343,""score"":52.32852895586789},""T3_high_proximity"":{""value"":0.888867263526664,""score"":44.43363176333198},""T4_rs_1m"":{""value"":-0.08055353604614035,""score"":0},""T5_rs_3m"":{""value"":-0.2180788746576523,""score"":0},""T6_adr_healthy"":{""value"":1.9032016752807739,""score"":100.0},""_score"":30.46},""geometry"":{""sub_shallower_second"":0,""sub_second_base_depth"":84.2,""sub_rim_advance"":100,""sub_dry_up"":44.9,""sub_second_base_duration"":84.0,""_score"":58.42},""compression"":{""VC1_atr_ratio"":{""value"":0.3695955555911794,""score"":100},""VC2_range_contraction"":{""value"":0.9584504989342001,""score"":6.924916844299986},""VC3_range_pct_rank"":{""score"":2.500000000000002},""_score"":43.05},""sr_quality"":{""SR1_touches"":{""value"":3,""score"":50.0},""SR2_tightness"":{""value"":0.20700456248326726,""score"":57.45149349944588},""SR3_recency"":{""value"":237,""score"":0.0},""SR4_price_location"":{""score"":90.98690392295049},""SR5_reaction"":{""value"":3.2657485709811276,""score"":100},""_score"":61.36,""_levels_found"":5,""_target_level"":45.9623},""volume"":{""V1_rvol_day"":{""value"":0.5188571799436202,""score"":1.2571453295746826},""V2_rvol_sameslot"":{""value"":2.286551303175142,""score"":100,""status"":""ok""},""V3_breakout_bar"":{""value"":1.149530349842886,""score"":43.302023322859064},""V4_base_dryup"":{""value"":0.7620454231894943,""score"":73.79545768105056},""V5_bo_expansion"":{""value"":0.5188571799436201,""score"":0},""_score"":45.84},""readiness"":{""_distance_atr"":3.376,""BR1_atr_distance"":{""score"":0},""BR2_compression"":{""score"":0},""BR3_retest"":{""score"":50.0},""BR4_bo_age"":{""score"":50.0},""_score"":17.5},""risk"":{""R1_stop_clarity"":{""score"":0},""R2_stop_distance_pct"":{""value"":1.19805123713598,""score"":79.9512809283995},""R3_stop_distance_atr"":{""value"":0.5623164787408995,""score"":53.11582393704497},""R4_rr_potential"":{""value"":10.700904687928311,""score"":100.0},""_score"":51.95},""market"":{""M1_spy_regime"":{""score"":100.0},""M3_earnings_risk"":{""value"":null,""score"":80.0},""M4_vix"":{""value"":null,""score"":60.0},""_score"":84.0},""liquidity"":{""L1_price"":{""value"":45.67,""score"":100.0},""L2_dollar_vol"":{""value"":470809625.9726227,""score"":100.0},""L3_spread_proxy"":{""value"":0.04149332165535369,""score"":58.50667834464631},""L4_volume_zscore"":{""value"":-1.4643228648888262,""score"":100.0},""_score"":95.85},""pattern_structure"":{""first_base_low"":38.39,""first_base_top"":40.96,""first_base_bars"":50,""second_base_low"":45.81,""second_base_top"":48.955,""second_base_bars"":21,""structural_low"":45.81,""stacking_overlap_pct"":-0.11840820312500003,""current_price"":45.67,""neckline_distance_pct"":0.07192905627326465,""base_bars"":21},""pattern_geometry_features"":{""first_base_depth_pct"":0.062744140625,""second_base_depth_pct"":0.064242671841487,""second_dry_up_ratio"":0.7754134096954199,""rim_advance_pct"":0.19519042968749994,""atr_pct"":0.021305639838593637},""_schema_version"":""1.0""}",,,,,,,,,,
20260604T164444Z-6b270e,2026-06-04T16:44:44.043038+00:00,ETN,vcp,absent,50.57,70.2,42.1,70.3,43.8,13.5,24.6,48.0,84.0,98.0,10.53,10.53,8.44,5.26,1.76,1.72,2.4,5.04,4.9,True,risk_unclear,417.155,435.43,382.4361,425.24,"{""trend"":{""T1_ema_stack"":{""value"":[true,true,true],""score"":100.0},""T2_ema50_slope"":{""value"":0.045127667518358464,""score"":57.521277919726415},""T3_high_proximity"":{""value"":0.9633842174545622,""score"":81.69210872728105},""T4_rs_1m"":{""value"":-0.029955293744980294,""score"":20.044706255019705},""T5_rs_3m"":{""value"":0.06536040612995975,""score"":82.68020306497988},""T6_adr_healthy"":{""value"":3.214140671703672,""score"":100.0},""_score"":70.17},""geometry"":{""sub_contraction_count"":100.0,""sub_reduction_rate"":0,""sub_pivot_tightness"":0,""sub_volume_dryup"":47.5,""sub_base_depth"":0.0,""sub_base_duration"":100.0,""_score"":42.12},""compression"":{""VC1_atr_ratio"":{""value"":0.45089825639921377,""score"":100},""VC2_range_contraction"":{""value"":0.8120309376420795,""score"":31.328177059653427},""VC3_range_pct_rank"":{""score"":77.5},""_score"":70.34},""sr_quality"":{""SR1_touches"":{""value"":2,""score"":25.0},""SR2_tightness"":{""value"":1.545000000000016,""score"":77.58054368477163},""SR3_recency"":{""value"":248,""score"":0.0},""SR4_price_location"":{""score"":38.721689762529714},""SR5_reaction"":{""value"":2.8245612762195202,""score"":100},""_score"":43.82,""_levels_found"":9,""_target_level"":433.885},""volume"":{""V1_rvol_day"":{""value"":0.28103044473187466,""score"":0},""V2_rvol_sameslot"":{""value"":0.4985069591883979,""score"":0,""status"":""ok""},""V3_breakout_bar"":{""value"":0.5394773392371691,""score"":2.6318226158112745},""V4_base_dryup"":{""value"":0.8565958488978717,""score"":64.34041511021283},""V5_bo_expansion"":{""value"":0.28103044473187466,""score"":0},""_score"":13.53},""readiness"":{""_distance_atr"":1.326,""BR1_atr_distance"":{""score"":11.603977527336568},""BR2_compression"":{""score"":9.801440595874714},""BR3_retest"":{""score"":50.0},""BR4_bo_age"":{""score"":50.0},""_score"":24.59},""risk"":{""R1_stop_clarity"":{""score"":15.489532922811179},""R2_stop_distance_pct"":{""value"":8.32278169984777,""score"":91.93045750380575},""R3_stop_distance_atr"":{""value"":2.519025442921597,""score"":100.0},""R4_rr_potential"":{""value"":0.2328702810284901,""score"":0.0},""_score"":48.0},""market"":{""M1_spy_regime"":{""score"":100.0},""M3_earnings_risk"":{""value"":null,""score"":80.0},""M4_vix"":{""value"":null,""score"":60.0},""_score"":84.0},""liquidity"":{""L1_price"":{""value"":417.155,""score"":100.0},""L2_dollar_vol"":{""value"":302983845.9900886,""score"":100.0},""L3_spread_proxy"":{""value"":0.020226055063465545,""score"":79.77394493653446},""L4_volume_zscore"":{""value"":-2.7415170264447224,""score"":100.0},""_score"":97.98},""pattern_structure"":{""n_contractions"":5,""contractions_pct"":[10.53,5.28,10.11,7.1,10.83],""descending_strict"":false,""final_low"":388.26,""final_pivot"":435.43,""structural_low"":388.26,""dry_up_ratio"":0.7623923888783491,""current_price"":417.155,""neckline_distance_pct"":0.04380865625486938,""base_bars"":45},""pattern_geometry_features"":{""contraction_count"":5.0,""first_contraction_pct"":0.10532441082339247,""last_contraction_pct"":0.10832969708104635,""dry_up_ratio"":0.7623923888783491,""near_monotone"":0.0,""base_depth_pct"":-0.026952680720501488},""_schema_version"":""1.0""}",,,,,,,,,,
20260604T164444Z-6b270e,2026-06-04T16:44:44.043038+00:00,GD,tight_consolidation,absent,50.46,42.1,35.6,78.0,53.4,28.9,20.2,56.1,84.0,96.7,6.74,7.12,14.04,5.34,3.76,1.62,2.8,4.2,4.84,True,risk_unclear,342.0,351.36,329.6401,368.06,"{""trend"":{""T1_ema_stack"":{""value"":[true,false,true],""score"":66.66666666666666},""T2_ema50_slope"":{""value"":-0.003912405747431653,""score"":49.34793237542806},""T3_high_proximity"":{""value"":0.9408787036782305,""score"":70.4393518391152},""T4_rs_1m"":{""value"":-0.06578317257425448,""score"":0},""T5_rs_3m"":{""value"":-0.16226327013806563,""score"":0},""T6_adr_healthy"":{""value"":1.61833792150694,""score"":100.0},""_score"":42.1},""geometry"":{""sub_tightness"":9.3,""sub_duration"":100.0,""sub_dry_up"":61.8,""sub_location"":7.1,""_score"":35.59},""compression"":{""VC1_atr_ratio"":{""value"":0.46389941661746437,""score"":100},""VC2_range_contraction"":{""value"":0.7518631908428779,""score"":41.35613485952035},""VC3_range_pct_rank"":{""score"":94.16666666666667},""_score"":78.02},""sr_quality"":{""SR1_touches"":{""value"":2,""score"":25.0},""SR2_tightness"":{""value"":0.4900000000000091,""score"":84.02770387777402},""SR3_recency"":{""value"":276,""score"":0.0},""SR4_price_location"":{""score"":73.28348062542469},""SR5_reaction"":{""value"":2.401540660675401,""score"":100},""_score"":53.43,""_levels_found"":7,""_target_level"":343.31},""volume"":{""V1_rvol_day"":{""value"":0.22677109626255765,""score"":0},""V2_rvol_sameslot"":{""value"":0.8996503678607789,""score"":26.643357857385258,""status"":""ok""},""V3_breakout_bar"":{""value"":0.884235562078647,""score"":25.61570413857646},""V4_base_dryup"":{""value"":0.6390324823827153,""score"":86.09675176172847},""V5_bo_expansion"":{""value"":0.22677109626255765,""score"":0},""_score"":28.95},""readiness"":{""_distance_atr"":1.526,""BR1_atr_distance"":{""score"":0},""BR2_compression"":{""score"":10.98194479769767},""BR3_retest"":{""score"":50.0},""BR4_bo_age"":{""score"":50.0},""_score"":20.25},""risk"":{""R1_stop_clarity"":{""score"":0},""R2_stop_distance_pct"":{""value"":3.6140058479532113,""score"":100.0},""R3_stop_distance_atr"":{""value"":2.014448804500989,""score"":100.0},""R4_rr_potential"":{""value"":2.1084312979878512,""score"":55.421564899392564},""_score"":56.08},""market"":{""M1_spy_regime"":{""score"":100.0},""M3_earnings_risk"":{""value"":null,""score"":80.0},""M4_vix"":{""value"":null,""score"":60.0},""_score"":84.0},""liquidity"":{""L1_price"":{""value"":342.0,""score"":100.0},""L2_dollar_vol"":{""value"":77964384.34414801,""score"":94.59481268885858},""L3_spread_proxy"":{""value"":0.011052631578947288,""score"":88.94736842105272},""L4_volume_zscore"":{""value"":-2.1357607719443394,""score"":100.0},""_score"":96.73},""pattern_structure"":{""window_bars"":12,""range_pct"":0.04883040935672511,""range_atr"":2.7218096453180483,""vol_ratio"":0.540871821962246,""range_location_63d"":0.5782967032967035,""pivot_high"":351.36,""pivot_low"":334.66,""structural_low"":334.66,""current_price"":342.0,""neckline_distance_pct"":0.027368421052631618,""base_bars"":12},""pattern_geometry_features"":{""range_pct"":0.04883040935672511,""range_atr"":2.7218096453180483,""duration_bars"":12.0,""vol_dryup_ratio"":0.540871821962246,""location_in_range"":0.5782967032967035,""atr_pct"":0.01794042042606517},""_schema_version"":""1.0""}",,,,,,,,,,
20260604T164444Z-6b270e,2026-06-04T16:44:44.043038+00:00,COHU,ascending_triangle,absent,50.42,98.2,46.0,29.6,38.1,11.7,37.8,38.0,84.0,82.7,14.72,12.88,2.37,5.33,1.4,3.02,1.52,5.04,4.14,False,,56.17,58.47,45.6843,70.56,"{""trend"":{""T1_ema_stack"":{""value"":[true,true,true],""score"":100.0},""T2_ema50_slope"":{""value"":0.580700459267254,""score"":100},""T3_high_proximity"":{""value"":0.9753429414828964,""score"":87.67147074144816},""T4_rs_1m"":{""value"":0.11406271082616604,""score"":100},""T5_rs_3m"":{""value"":0.8426401725188297,""score"":100},""T6_adr_healthy"":{""value"":5.305971348091613,""score"":100.0},""_score"":98.15},""geometry"":{""sub_flat_top_quality"":33.3,""sub_hl_slope"":100,""sub_compression"":0,""sub_duration"":40.0,""_score"":45.99},""compression"":{""VC1_atr_ratio"":{""value"":0.7896676765028985,""score"":52.58308087427538},""VC2_range_contraction"":{""value"":1.000327036705252,""score"":0},""VC3_range_pct_rank"":{""score"":34.166666666666664},""_score"":29.57},""sr_quality"":{""SR1_touches"":{""value"":2,""score"":25.0},""SR2_tightness"":{""value"":0.7140999999999984,""score"":54.01348215374083},""SR3_recency"":{""value"":228,""score"":0.0},""SR4_price_location"":{""score"":30.0},""SR5_reaction"":{""value"":2.8474483494596314,""score"":100},""_score"":38.1,""_levels_found"":4,""_target_level"":51.7142},""volume"":{""V1_rvol_day"":{""value"":0.2953369428711538,""score"":0},""V2_rvol_sameslot"":{""value"":0.6177256276737008,""score"":7.848375178246718,""status"":""ok""},""V3_breakout_bar"":{""value"":0.5137939924450083,""score"":0.9195994963338894},""V4_base_dryup"":{""value"":1.0068115867982284,""score"":49.318841320177164},""V5_bo_expansion"":{""value"":0.2953369428711538,""score"":0},""_score"":11.66},""readiness"":{""_distance_atr"":0.741,""BR1_atr_distance"":{""score"":50.628300869907946},""BR2_compression"":{""score"":0},""BR3_retest"":{""score"":50.0},""BR4_bo_age"":{""score"":50.0},""_score"":37.75},""risk"":{""R1_stop_clarity"":{""score"":55.1984029328628},""R2_stop_distance_pct"":{""value"":18.667794196190137,""score"":0.0},""R3_stop_distance_atr"":{""value"":3.376283645011349,""score"":100.0},""R4_rr_potential"":{""value"":1.3723451939307818,""score"":18.61725969653909},""_score"":38.04},""market"":{""M1_spy_regime"":{""score"":100.0},""M3_earnings_risk"":{""value"":null,""score"":80.0},""M4_vix"":{""value"":null,""score"":60.0},""_score"":84.0},""liquidity"":{""L1_price"":{""value"":56.17,""score"":100.0},""L2_dollar_vol"":{""value"":25109593.60873251,""score"":69.991984192171},""L3_spread_proxy"":{""value"":0.05251913833006948,""score"":47.48086166993052},""L4_volume_zscore"":{""value"":-1.1328097958148169,""score"":100.0},""_score"":82.74},""pattern_structure"":{""top"":58.47,""top_touches"":2,""low_slope_per_bar"":0.15379684362315704,""lowest_low"":46.38,""structural_low"":46.38,""current_price"":56.17,""neckline_distance_pct"":0.0409471247997151,""base_bars"":72},""pattern_geometry_features"":{""top_touches"":2.0,""low_slope"":0.15379684362315704,""compression"":-0.3562599341309505,""atr_pct"":0.05529095348304893},""_schema_version"":""1.0""}",,,,,,,,,,
20260604T164444Z-6b270e,2026-06-04T16:44:44.043038+00:00,VRT,ascending_triangle,absent,50.33,60.4,45.8,59.6,44.2,23.3,22.0,78.5,84.0,95.0,9.06,12.82,4.77,6.19,2.79,1.76,3.14,5.04,4.75,False,,319.7399,345.18,302.6906,383.0599,"{""trend"":{""T1_ema_stack"":{""value"":[false,true,true],""score"":66.66666666666666},""T2_ema50_slope"":{""value"":0.4096056408081596,""score"":100},""T3_high_proximity"":{""value"":0.8498522180581026,""score"":24.92610902905129},""T4_rs_1m"":{""value"":-0.10767813989309005,""score"":0},""T5_rs_3m"":{""value"":0.16982020707355128,""score"":100},""T6_adr_healthy"":{""value"":5.245176150236215,""score"":100.0},""_score"":60.41},""geometry"":{""sub_flat_top_quality"":66.7,""sub_hl_slope"":20.2,""sub_compression"":18.9,""sub_duration"":100.0,""_score"":45.8},""compression"":{""VC1_atr_ratio"":{""value"":0.3499974832290076,""score"":100},""VC2_range_contraction"":{""value"":0.8466443529163324,""score"":25.559274513944597},""VC3_range_pct_rank"":{""score"":42.50000000000001},""_score"":59.57},""sr_quality"":{""SR1_touches"":{""value"":3,""score"":50.0},""SR2_tightness"":{""value"":2.9463683487756054,""score"":69.15806766083762},""SR3_recency"":{""value"":230,""score"":0.0},""SR4_price_location"":{""score"":30.0},""SR5_reaction"":{""value"":1.5131156907643664,""score"":75.65578453821831},""_score"":44.22,""_levels_found"":7,""_target_level"":311.3367},""volume"":{""V1_rvol_day"":{""value"":0.6393442818731998,""score"":9.289618791546655},""V2_rvol_sameslot"":{""value"":0.7177370678246467,""score"":14.515804521643116,""status"":""ok""},""V3_breakout_bar"":{""value"":0.6157195864416221,""score"":7.7146390961081375},""V4_base_dryup"":{""value"":0.6702836831374093,""score"":82.97163168625907},""V5_bo_expansion"":{""value"":0.6393442818731998,""score"":0},""_score"":23.28},""readiness"":{""_distance_atr"":1.332,""BR1_atr_distance"":{""score"":11.232886271944054},""BR2_compression"":{""score"":0},""BR3_retest"":{""score"":50.0},""BR4_bo_age"":{""score"":50.0},""_score"":21.99},""risk"":{""R1_stop_clarity"":{""score"":51.74875760549534},""R2_stop_distance_pct"":{""value"":5.332240830750249,""score"":100.0},""R3_stop_distance_atr"":{""value"":0.8923415897939164,""score"":69.61707948969583},""R4_rr_potential"":{""value"":3.713935142738839,""score"":100.0},""_score"":78.55},""market"":{""M1_spy_regime"":{""score"":100.0},""M3_earnings_risk"":{""value"":null,""score"":80.0},""M4_vix"":{""value"":null,""score"":60.0},""_score"":84.0},""liquidity"":{""L1_price"":{""value"":319.7399,""score"":100.0},""L2_dollar_vol"":{""value"":1151417299.8797884,""score"":100.0},""L3_spread_proxy"":{""value"":0.04954964957454487,""score"":50.45035042545513},""L4_volume_zscore"":{""value"":-1.3689744523783132,""score"":100.0},""_score"":95.05},""pattern_structure"":{""top"":345.18,""top_touches"":3,""low_slope_per_bar"":0.18612752721617157,""lowest_low"":307.3001,""structural_low"":307.3001,""current_price"":319.45,""neckline_distance_pct"":0.08054468617937086,""base_bars"":49},""pattern_geometry_features"":{""top_touches"":3.0,""low_slope"":0.18612752721617157,""compression"":0.09431271245464945,""atr_pct"":0.05975560134972206},""_schema_version"":""1.0""}",,,,,,,,,,
20260604T164444Z-6b270e,2026-06-04T16:44:44.043038+00:00,AMAT,vcp,breakout_confirmed,50.28,99.5,39.1,49.4,44.0,19.1,17.5,16.5,84.0,96.0,14.93,9.77,5.93,5.28,2.48,1.23,0.82,5.04,4.8,False,,497.69,420.4999,371.4139,439.3799,"{""trend"":{""T1_ema_stack"":{""value"":[true,true,true],""score"":100.0},""T2_ema50_slope"":{""value"":0.38583222090644126,""score"":100},""T3_high_proximity"":{""value"":0.9938494718134074,""score"":96.9247359067037},""T4_rs_1m"":{""value"":0.1661783240458492,""score"":100},""T5_rs_3m"":{""value"":0.32579079634518826,""score"":100},""T6_adr_healthy"":{""value"":4.235936218218551,""score"":100.0},""_score"":99.54},""geometry"":{""sub_contraction_count"":100.0,""sub_reduction_rate"":0,""sub_pivot_tightness"":0,""sub_volume_dryup"":27.2,""sub_base_depth"":0.0,""sub_base_duration"":100.0,""_score"":39.08},""compression"":{""VC1_atr_ratio"":{""value"":0.5619534490958686,""score"":100},""VC2_range_contraction"":{""value"":1.035539909599532,""score"":0},""VC3_range_pct_rank"":{""score"":37.5},""_score"":49.38},""sr_quality"":{""SR1_touches"":{""value"":2,""score"":25.0},""SR2_tightness"":{""value"":0.7100499999999954,""score"":93.28398694996251},""SR3_recency"":{""value"":236,""score"":0.0},""SR4_price_location"":{""score"":30.0},""SR5_reaction"":{""value"":2.657521303598491,""score"":100},""_score"":43.99,""_levels_found"":6,""_target_level"":396.66},""volume"":{""V1_rvol_day"":{""value"":0.3291726714167415,""score"":0},""V2_rvol_sameslot"":{""value"":0.7951413799842229,""score"":19.676091998948188,""status"":""ok""},""V3_breakout_bar"":{""value"":0.6397321989314237,""score"":9.315479928761583},""V4_base_dryup"":{""value"":0.8575058007861908,""score"":64.24941992138093},""V5_bo_expansion"":{""value"":0.3291726714167415,""score"":0},""_score"":19.11},""readiness"":{""_distance_atr"":-3.651,""BR1_atr_distance"":{""score"":0},""BR2_compression"":{""score"":0},""BR3_retest"":{""score"":50.0},""BR4_bo_age"":{""score"":50.0},""_score"":17.5},""risk"":{""R1_stop_clarity"":{""score"":46.502210250454546},""R2_stop_distance_pct"":{""value"":25.37243062950833,""score"":0.0},""R3_stop_distance_atr"":{""value"":5.97191465183573,""score"":1.4042674082134887},""R4_rr_potential"":{""value"":-0.461766898790388,""score"":0.0},""_score"":16.49},""market"":{""M1_spy_regime"":{""score"":100.0},""M3_earnings_risk"":{""value"":null,""score"":80.0},""M4_vix"":{""value"":null,""score"":60.0},""_score"":84.0},""liquidity"":{""L1_price"":{""value"":497.69,""score"":100.0},""L2_dollar_vol"":{""value"":1307822944.0987322,""score"":100.0},""L3_spread_proxy"":{""value"":0.04049709658622832,""score"":59.50290341377168},""L4_volume_zscore"":{""value"":-1.9501413181778124,""score"":100.0},""_score"":95.95},""pattern_structure"":{""n_contractions"":5,""contractions_pct"":[20.03,4.84,15.61,6.78,10.33],""descending_strict"":false,""final_low"":377.07,""final_pivot"":420.4999,""structural_low"":377.07,""dry_up_ratio"":0.8639103082035677,""current_price"":497.69,""neckline_distance_pct"":-0.155096746971006,""base_bars"":44},""pattern_geometry_features"":{""contraction_count"":5.0,""first_contraction_pct"":0.20025255714105308,""last_contraction_pct"":0.10328159412166335,""dry_up_ratio"":0.8639103082035677,""near_monotone"":0.0,""base_depth_pct"":0.047682788230837214},""_schema_version"":""1.0""}",,,,,,,,,,
20260604T164444Z-6b270e,2026-06-04T16:44:44.043038+00:00,CSCO,vcp,breakout_confirmed,50.23,100.0,47.5,30.8,33.8,23.7,23.4,20.6,84.0,96.2,15.0,11.88,3.69,4.06,3.08,1.64,1.03,5.04,4.81,True,risk_unclear,128.775,119.39,111.8664,85.87,"{""trend"":{""T1_ema_stack"":{""value"":[true,true,true],""score"":100.0},""T2_ema50_slope"":{""value"":0.7295580180852196,""score"":100},""T3_high_proximity"":{""value"":1.0,""score"":99.99999999999997},""T4_rs_1m"":{""value"":0.32031173273218827,""score"":100},""T5_rs_3m"":{""value"":0.4990666814444351,""score"":100},""T6_adr_healthy"":{""value"":3.2474772787926343,""score"":100.0},""_score"":100.0},""geometry"":{""sub_contraction_count"":100.0,""sub_reduction_rate"":0,""sub_pivot_tightness"":73.3,""sub_volume_dryup"":10.3,""sub_base_depth"":0.0,""sub_base_duration"":100.0,""_score"":47.54},""compression"":{""VC1_atr_ratio"":{""value"":0.7112902002931399,""score"":72.17744992671501},""VC2_range_contraction"":{""value"":1.237468775674594,""score"":0},""VC3_range_pct_rank"":{""score"":7.499999999999996},""_score"":30.75},""sr_quality"":{""SR1_touches"":{""value"":2,""score"":25.0},""SR2_tightness"":{""value"":0.7000000000000028,""score"":66.17347828112933},""SR3_recency"":{""value"":233,""score"":0.0},""SR4_price_location"":{""score"":30.0},""SR5_reaction"":{""value"":1.1887606204060235,""score"":59.438031020301175},""_score"":33.84,""_levels_found"":6,""_target_level"":120.09},""volume"":{""V1_rvol_day"":{""value"":0.2989004252486937,""score"":0},""V2_rvol_sameslot"":{""value"":0.9945672768556908,""score"":32.97115179037939,""status"":""ok""},""V3_breakout_bar"":{""value"":0.7830338553302327,""score"":18.86892368868218},""V4_base_dryup"":{""value"":0.880827416313699,""score"":61.9172583686301},""V5_bo_expansion"":{""value"":0.29890042524869365,""score"":0},""_score"":23.69},""readiness"":{""_distance_atr"":-2.268,""BR1_atr_distance"":{""score"":14.648299095485704},""BR2_compression"":{""score"":0},""BR3_retest"":{""score"":50.0},""BR4_bo_age"":{""score"":50.0},""_score"":23.36},""risk"":{""R1_stop_clarity"":{""score"":17.678327036882678},""R2_stop_distance_pct"":{""value"":13.130304795185415,""score"":0.0},""R3_stop_distance_atr"":{""value"":4.085410241497207,""score"":95.72948792513967},""R4_rr_potential"":{""value"":-2.5374736449902535,""score"":0.0},""_score"":20.55},""market"":{""M1_spy_regime"":{""score"":100.0},""M3_earnings_risk"":{""value"":null,""score"":80.0},""M4_vix"":{""value"":null,""score"":60.0},""_score"":84.0},""liquidity"":{""L1_price"":{""value"":128.775,""score"":100.0},""L2_dollar_vol"":{""value"":1127898148.4009066,""score"":100.0},""L3_spread_proxy"":{""value"":0.038330421277421915,""score"":61.66957872257809},""L4_volume_zscore"":{""value"":-1.596063702365498,""score"":100.0},""_score"":96.17},""pattern_structure"":{""n_contractions"":5,""contractions_pct"":[4.17,8.18,4.59,5.17,4.87],""descending_strict"":false,""final_low"":113.57,""final_pivot"":119.39,""structural_low"":113.57,""dry_up_ratio"":0.9485902706159102,""current_price"":128.775,""neckline_distance_pct"":-0.07287905261114351,""base_bars"":46},""pattern_geometry_features"":{""contraction_count"":5.0,""first_contraction_pct"":0.04172392254840729,""last_contraction_pct"":0.04874780132339398,""dry_up_ratio"":0.9485902706159102,""near_monotone"":0.0,""base_depth_pct"":-0.41873828856964396},""_schema_version"":""1.0""}",,,,,,,,,,
20260604T164444Z-6b270e,2026-06-04T16:44:44.043038+00:00,LEU,vcp,forming,50.18,5.0,51.8,68.8,71.2,16.6,55.2,81.5,84.0,90.9,0.75,12.95,8.26,8.55,2.15,3.86,4.07,5.04,4.55,False,,182.5,189.27,170.405,243.64,"{""trend"":{""T1_ema_stack"":{""value"":[false,false,false],""score"":0.0},""T2_ema50_slope"":{""value"":-0.40570058320768,""score"":0},""T3_high_proximity"":{""value"":0.7889503717793533,""score"":0},""T4_rs_1m"":{""value"":-0.15952647471777526,""score"":0},""T5_rs_3m"":{""value"":-0.17105376906441494,""score"":0},""T6_adr_healthy"":{""value"":6.838860515206113,""score"":100.0},""_score"":5.0},""geometry"":{""sub_contraction_count"":100.0,""sub_reduction_rate"":0,""sub_pivot_tightness"":20.0,""sub_volume_dryup"":25.2,""sub_base_depth"":100.0,""sub_base_duration"":100.0,""_score"":51.78},""compression"":{""VC1_atr_ratio"":{""value"":0.4048181889397317,""score"":100},""VC2_range_contraction"":{""value"":0.926830443842407,""score"":12.194926026265504},""VC3_range_pct_rank"":{""score"":98.33333333333333},""_score"":68.85},""sr_quality"":{""SR1_touches"":{""value"":8,""score"":100},""SR2_tightness"":{""value"":3.3574534620750938,""score"":46.07131641614944},""SR3_recency"":{""value"":233,""score"":0.0},""SR4_price_location"":{""score"":77.18891505162107},""SR5_reaction"":{""value"":2.3895787584241432,""score"":100},""_score"":71.21,""_levels_found"":6,""_target_level"":187.7475},""volume"":{""V1_rvol_day"":{""value"":0.3365951615144972,""score"":0},""V2_rvol_sameslot"":{""value"":0.6392123319055989,""score"":9.280822127039928,""status"":""ok""},""V3_breakout_bar"":{""value"":0.49317427482778553,""score"":0},""V4_base_dryup"":{""value"":0.7654659983239331,""score"":73.45340016760669},""V5_bo_expansion"":{""value"":0.3365951615144972,""score"":0},""_score"":16.55},""readiness"":{""_distance_atr"":0.544,""BR1_atr_distance"":{""score"":63.752569024241126},""BR2_compression"":{""score"":48.747701694963695},""BR3_retest"":{""score"":50.0},""BR4_bo_age"":{""score"":50.0},""_score"":55.19},""risk"":{""R1_stop_clarity"":{""score"":58.318131440726404},""R2_stop_distance_pct"":{""value"":6.627397260273972,""score"":100.0},""R3_stop_distance_atr"":{""value"":0.9713722547676577,""score"":73.56861273838288},""R4_rr_potential"":{""value"":5.054981397271601,""score"":100.0},""_score"":81.45},""market"":{""M1_spy_regime"":{""score"":100.0},""M3_earnings_risk"":{""value"":null,""score"":80.0},""M4_vix"":{""value"":null,""score"":60.0},""_score"":84.0},""liquidity"":{""L1_price"":{""value"":182.5,""score"":100.0},""L2_dollar_vol"":{""value"":53152111.97334251,""score"":86.27602628411886},""L3_spread_proxy"":{""value"":0.03591068493150681,""score"":64.08931506849319},""L4_volume_zscore"":{""value"":-2.2158392984321087,""score"":100.0},""_score"":90.92},""pattern_structure"":{""n_contractions"":5,""contractions_pct"":[27.31,9.95,17.78,30.52,8.6],""descending_strict"":false,""final_low"":173.0,""final_pivot"":189.27,""structural_low"":173.0,""dry_up_ratio"":0.8741056969979876,""current_price"":182.5,""neckline_distance_pct"":0.03709589041095896,""base_bars"":54},""pattern_geometry_features"":{""contraction_count"":5.0,""first_contraction_pct"":0.27307912213572594,""last_contraction_pct"":0.08596185343688915,""dry_up_ratio"":0.8741056969979876,""near_monotone"":0.0,""base_depth_pct"":0.23912565421999385},""_schema_version"":""1.0""}",,,,,,,,,,
20260604T164444Z-6b270e,2026-06-04T16:44:44.043038+00:00,UUUU,double_bottom,forming,50.16,13.3,63.3,74.3,56.3,12.4,39.3,67.8,84.0,92.8,2.0,15.83,5.94,7.89,1.61,3.14,4.07,5.04,4.64,False,,17.43,19.14,17.2572,20.76,"{""trend"":{""T1_ema_stack"":{""value"":[false,false,true],""score"":33.33333333333333},""T2_ema50_slope"":{""value"":-0.3362188848317906,""score"":0},""T3_high_proximity"":{""value"":0.7410714285714286,""score"":0},""T4_rs_1m"":{""value"":-0.21685476122569247,""score"":0},""T5_rs_3m"":{""value"":-0.2526440422151075,""score"":0},""T6_adr_healthy"":{""value"":7.154704378939168,""score"":100.0},""_score"":13.33},""geometry"":{""sub_low_similarity"":43.7,""sub_bounce_quality"":89.2,""sub_separation_fit"":93.3,""sub_right_bottom_reaction"":82.5,""sub_base_context"":30.0,""_score"":63.32},""compression"":{""VC1_atr_ratio"":{""value"":0.4005228090134866,""score"":100},""VC2_range_contraction"":{""value"":0.8197970486208078,""score"":30.033825229865364},""VC3_range_pct_rank"":{""score"":95.0},""_score"":74.26},""sr_quality"":{""SR1_touches"":{""value"":2,""score"":25.0},""SR2_tightness"":{""value"":0.09440000000000026,""score"":85.25740420547712},""SR3_recency"":{""value"":262,""score"":0.0},""SR4_price_location"":{""score"":84.21199962676121},""SR5_reaction"":{""value"":4.286440961570642,""score"":100},""_score"":56.34,""_levels_found"":4,""_target_level"":17.6556},""volume"":{""V1_rvol_day"":{""value"":0.3823919048873022,""score"":0},""V2_rvol_sameslot"":{""value"":0.6190197083315561,""score"":7.934647222103737,""status"":""ok""},""V3_breakout_bar"":{""value"":0.6180598699365488,""score"":7.870657995769921},""V4_base_dryup"":{""value"":1.059955059250657,""score"":44.0044940749343},""V5_bo_expansion"":{""value"":0.38239190488730224,""score"":0},""_score"":12.36},""readiness"":{""_distance_atr"":1.335,""BR1_atr_distance"":{""score"":10.982207596631099},""BR2_compression"":{""score"":69.53278303043133},""BR3_retest"":{""score"":50.0},""BR4_bo_age"":{""score"":50.0},""_score"":39.28},""risk"":{""R1_stop_clarity"":{""score"":58.95811255507858},""R2_stop_distance_pct"":{""value"":0.9913941480206467,""score"":74.78485370051618},""R3_stop_distance_atr"":{""value"":0.13493223269563182,""score"":31.746611634781587},""R4_rr_potential"":{""value"":19.270833333333485,""score"":100.0},""_score"":67.83},""market"":{""M1_spy_regime"":{""score"":100.0},""M3_earnings_risk"":{""value"":null,""score"":80.0},""M4_vix"":{""value"":null,""score"":60.0},""_score"":84.0},""liquidity"":{""L1_price"":{""value"":17.43,""score"":100.0},""L2_dollar_vol"":{""value"":71494536.89549871,""score"":92.71364286852597},""L3_spread_proxy"":{""value"":0.043029259896729774,""score"":56.970740103270224},""L4_volume_zscore"":{""value"":-1.378424438632968,""score"":100.0},""_score"":92.78},""pattern_structure"":{""left_low"":18.02,""left_idx"":34,""right_low"":17.52,""right_idx"":65,""separation_bars"":31,""structural_low"":17.52,""current_price"":17.49,""neckline_distance_pct"":0.09433962264150957,""base_bars"":31},""pattern_geometry_features"":{""low_similarity_pct"":0.028137310073157007,""bounce_pct"":0.0924657534246576,""right_bottom_reaction"":0.8250000000000022,""atr_pct"":0.0734734857798541},""_schema_version"":""1.0""}",,,,,,,,,,
20260604T164444Z-6b270e,2026-06-04T16:44:44.043038+00:00,LMT,vcp,forming,50.14,17.6,63.0,71.6,39.9,21.1,36.1,65.0,84.0,96.3,2.64,15.74,8.59,4.79,2.75,2.53,3.25,5.04,4.82,True,risk_unclear,516.03,524.5,492.8053,693.94,"{""trend"":{""T1_ema_stack"":{""value"":[false,false,true],""score"":33.33333333333333},""T2_ema50_slope"":{""value"":-0.28432728493140036,""score"":2.612119178099938},""T3_high_proximity"":{""value"":0.7681646992274141,""score"":0},""T4_rs_1m"":{""value"":-0.03132597642489632,""score"":18.674023575103682},""T5_rs_3m"":{""value"":-0.32258757169758623,""score"":0},""T6_adr_healthy"":{""value"":1.9145245518383431,""score"":100.0},""_score"":17.59},""geometry"":{""sub_contraction_count"":100.0,""sub_reduction_rate"":0,""sub_pivot_tightness"":77.0,""sub_volume_dryup"":42.8,""sub_base_depth"":100.0,""sub_base_duration"":100.0,""_score"":62.97},""compression"":{""VC1_atr_ratio"":{""value"":0.38949163942343923,""score"":100},""VC2_range_contraction"":{""value"":0.804549191100109,""score"":32.5751348166485},""VC3_range_pct_rank"":{""score"":80.83333333333333},""_score"":71.61},""sr_quality"":{""SR1_touches"":{""value"":2,""score"":25.0},""SR2_tightness"":{""value"":0.5600000000000023,""score"":89.40267014864644},""SR3_recency"":{""value"":271,""score"":0.0},""SR4_price_location"":{""score"":15.970529135967816},""SR5_reaction"":{""value"":4.413504026039149,""score"":100},""_score"":39.9,""_levels_found"":4,""_target_level"":594.44},""volume"":{""V1_rvol_day"":{""value"":0.23042302516210983,""score"":0},""V2_rvol_sameslot"":{""value"":0.7568263617568728,""score"":17.121757450458187,""status"":""ok""},""V3_breakout_bar"":{""value"":0.6936449073860383,""score"":12.909660492402555},""V4_base_dryup"":{""value"":0.77649913991526,""score"":72.350086008474},""V5_bo_expansion"":{""value"":0.23042302516210983,""score"":0},""_score"":21.12},""readiness"":{""_distance_atr"":0.801,""BR1_atr_distance"":{""score"":46.57179533275918},""BR2_compression"":{""score"":0},""BR3_retest"":{""score"":50.0},""BR4_bo_age"":{""score"":50.0},""_score"":36.13},""risk"":{""R1_stop_clarity"":{""score"":0},""R2_stop_distance_pct"":{""value"":4.500639497703621,""score"":100.0},""R3_stop_distance_atr"":{""value"":2.1974935422521202,""score"":100.0},""R4_rr_potential"":{""value"":7.6603953127388404,""score"":100.0},""_score"":65.0},""market"":{""M1_spy_regime"":{""score"":100.0},""M3_earnings_risk"":{""value"":null,""score"":80.0},""M4_vix"":{""value"":null,""score"":60.0},""_score"":84.0},""liquidity"":{""L1_price"":{""value"":516.03,""score"":91.98500000000001},""L2_dollar_vol"":{""value"":146350469.34778,""score"":100.0},""L3_spread_proxy"":{""value"":0.016592058601244138,""score"":83.40794139875587},""L4_volume_zscore"":{""value"":-2.2504936300592866,""score"":100.0},""_score"":96.34},""pattern_structure"":{""n_contractions"":5,""contractions_pct"":[5.33,10.51,6.17,5.08,4.61],""descending_strict"":false,""final_low"":500.31,""final_pivot"":524.5,""structural_low"":500.31,""dry_up_ratio"":0.7859954633804045,""current_price"":516.03,""neckline_distance_pct"":0.016413774392961704,""base_bars"":53},""pattern_geometry_features"":{""contraction_count"":5.0,""first_contraction_pct"":0.05332586786114227,""last_contraction_pct"":0.04612011439466158,""dry_up_ratio"":0.7859954633804045,""near_monotone"":0.0,""base_depth_pct"":0.25298992161254197},""_schema_version"":""1.0""}",,,,,,,,,,
20260604T164444Z-6b270e,2026-06-04T16:44:44.043038+00:00,ORCL,cup_with_handle,breakout_confirmed,50.06,87.0,55.0,6.4,54.1,20.1,19.0,26.2,84.0,94.4,12.18,16.51,0.51,6.49,2.62,1.52,1.31,4.2,4.72,False,,232.7525,200.709,176.118,266.5089,"{""trend"":{""T1_ema_stack"":{""value"":[true,true,false],""score"":66.66666666666666},""T2_ema50_slope"":{""value"":0.42238191477624293,""score"":100},""T3_high_proximity"":{""value"":0.9379508361877896,""score"":68.97541809389479},""T4_rs_1m"":{""value"":0.21046907170368478,""score"":100},""T5_rs_3m"":{""value"":0.3932466247438866,""score"":100},""T6_adr_healthy"":{""value"":4.822839223896782,""score"":100.0},""_score"":87.01},""geometry"":{""sub_cup_depth"":51.6,""sub_cup_duration"":40.0,""sub_rim_symmetry"":96.6,""sub_handle_shallowness"":9.0,""sub_handle_proportion"":100.0,""sub_u_shape"":50.5,""_score"":55.02},""compression"":{""VC1_atr_ratio"":{""value"":0.986041657514328,""score"":3.48958562141799},""VC2_range_contraction"":{""value"":1.1107717064684928,""score"":0},""VC3_range_pct_rank"":{""score"":19.999999999999996},""_score"":6.4},""sr_quality"":{""SR1_touches"":{""value"":4,""score"":75.0},""SR2_tightness"":{""value"":0.5890909750412044,""score"":89.66077555955029},""SR3_recency"":{""value"":239,""score"":0.0},""SR4_price_location"":{""score"":30.0},""SR5_reaction"":{""value"":1.4209587065303442,""score"":71.0479353265172},""_score"":54.11,""_levels_found"":7,""_target_level"":200.7297},""volume"":{""V1_rvol_day"":{""value"":0.5139428830176542,""score"":0.9295255345102819},""V2_rvol_sameslot"":{""value"":0.6826850948524869,""score"":12.179006323499124,""status"":""ok""},""V3_breakout_bar"":{""value"":0.5081797216464674,""score"":0.5453147764311606},""V4_base_dryup"":{""value"":0.6317129484411387,""score"":86.82870515588613},""V5_bo_expansion"":{""value"":0.5139428830176541,""score"":0},""_score"":20.12},""readiness"":{""_distance_atr"":-2.812,""BR1_atr_distance"":{""score"":3.75997046392078},""BR2_compression"":{""score"":0},""BR3_retest"":{""score"":50.0},""BR4_bo_age"":{""score"":50.0},""_score"":19.0},""risk"":{""R1_stop_clarity"":{""score"":52.927813997919884},""R2_stop_distance_pct"":{""value"":24.332499113865588,""score"":0.0},""R3_stop_distance_atr"":{""value"":4.9700032030849925,""score"":51.49983984575037},""R4_rr_potential"":{""value"":0.5960395165491006,""score"":0.0},""_score"":26.25},""market"":{""M1_spy_regime"":{""score"":100.0},""M3_earnings_risk"":{""value"":null,""score"":80.0},""M4_vix"":{""value"":null,""score"":60.0},""_score"":84.0},""liquidity"":{""L1_price"":{""value"":232.7525,""score"":100.0},""L2_dollar_vol"":{""value"":2548614551.227051,""score"":100.0},""L3_spread_proxy"":{""value"":0.05611110514387602,""score"":43.88889485612398},""L4_volume_zscore"":{""value"":-1.0278415033769694,""score"":100.0},""_score"":94.39},""pattern_structure"":{""left_rim"":200.3699,""left_rim_idx"":70,""cup_bottom"":134.57,""cup_bottom_idx"":141,""right_rim"":200.709,""right_rim_idx"":165,""handle_low"":178.8,""handle_bars"":14,""cup_bars"":95,""structural_low"":178.8,""current_price"":232.7525,""neckline_distance_pct"":-0.13767199063382776,""base_bars"":109},""pattern_geometry_features"":{""cup_depth_pct"":0.32839213873940154,""rim_symmetry_pct"":0.0016923699617557425,""handle_depth_pct"":0.10915803476675182,""handle_to_cup_ratio"":0.14736842105263157,""cup_duration_bars"":95.0,""atr_pct"":0.04895871917901755,""u_shape_score"":0.25263157894736843},""_schema_version"":""1.0""}",,,,,,,,,,
20260604T164444Z-6b270e,2026-06-04T16:44:44.043038+00:00,IONQ,bull_flag,absent,49.91,92.6,30.6,58.3,43.3,26.2,26.4,78.6,84.0,94.5,12.97,9.19,5.24,4.33,3.68,2.38,2.36,5.04,4.73,False,,66.43,73.65,64.8229,82.9,"{""trend"":{""T1_ema_stack"":{""value"":[true,true,true],""score"":100.0},""T2_ema50_slope"":{""value"":0.8899877064558177,""score"":100},""T3_high_proximity"":{""value"":0.9217427501040657,""score"":60.871375052032825},""T4_rs_1m"":{""value"":0.33868151887570175,""score"":100},""T5_rs_3m"":{""value"":0.7338335599044501,""score"":100},""T6_adr_healthy"":{""value"":9.196680764060456,""score"":70.08298089848859},""_score"":92.63},""geometry"":{""sub_pole_impulse"":17.5,""sub_flag_tightness"":10.7,""sub_flag_shallowness"":0,""sub_flag_drift"":84.8,""sub_flag_duration"":100.0,""_score"":30.64},""compression"":{""VC1_atr_ratio"":{""value"":0.6137907461399734,""score"":96.55231346500665},""VC2_range_contraction"":{""value"":0.9991216402716121,""score"":0.14639328806465013},""VC3_range_pct_rank"":{""score"":78.33333333333333},""_score"":58.26},""sr_quality"":{""SR1_touches"":{""value"":3,""score"":50.0},""SR2_tightness"":{""value"":1.219633183470434,""score"":56.54648146222294},""SR3_recency"":{""value"":319,""score"":0.0},""SR4_price_location"":{""score"":30.0},""SR5_reaction"":{""value"":1.6404717702582168,""score"":82.02358851291083},""_score"":43.29,""_levels_found"":5,""_target_level"":54.1521},""volume"":{""V1_rvol_day"":{""value"":0.5397596651263529,""score"":2.650644341756858},""V2_rvol_sameslot"":{""value"":1.0480138615364025,""score"":36.53425743576017,""status"":""ok""},""V3_breakout_bar"":{""value"":0.8061465742239257,""score"":20.409771614928378},""V4_base_dryup"":{""value"":0.8344667409715911,""score"":66.5533259028409},""V5_bo_expansion"":{""value"":0.5397596651263529,""score"":0},""_score"":26.25},""readiness"":{""_distance_atr"":1.286,""BR1_atr_distance"":{""score"":14.254436471894124},""BR2_compression"":{""score"":12.890667865201488},""BR3_retest"":{""score"":50.0},""BR4_bo_age"":{""score"":50.0},""_score"":26.42},""risk"":{""R1_stop_clarity"":{""score"":64.82947380743641},""R2_stop_distance_pct"":{""value"":2.4193135631491858,""score"":100.0},""R3_stop_distance_atr"":{""value"":0.2863005175017917,""score"":39.31502587508958},""R4_rr_potential"":{""value"":10.247954453535733,""score"":100.0},""_score"":78.59},""market"":{""M1_spy_regime"":{""score"":100.0},""M3_earnings_risk"":{""value"":null,""score"":80.0},""M4_vix"":{""value"":null,""score"":60.0},""_score"":84.0},""liquidity"":{""L1_price"":{""value"":66.43,""score"":100.0},""L2_dollar_vol"":{""value"":1213816634.976432,""score"":100.0},""L3_spread_proxy"":{""value"":0.055006774047869925,""score"":44.993225952130075},""L4_volume_zscore"":{""value"":-1.1896658117929333,""score"":100.0},""_score"":94.5},""pattern_structure"":{""pole_low"":64.4,""pole_low_idx"":26,""peak_price"":73.65,""peak_idx"":51,""pole_gain"":0.1436335403726708,""flag_bars"":8,""flag_low"":65.81,""flag_high"":71.48,""structural_low"":65.81,""current_price"":66.95,""neckline_distance_pct"":0.10007468259895448,""base_bars"":8},""pattern_geometry_features"":{""pole_gain"":0.1436335403726708,""pullback_pct"":0.106449422946368,""flag_range_pct"":0.07698574338085541,""flag_drift_per_bar"":-0.003031757886126808,""atr_pct"":0.08450259134212167,""pole_atr_multiple"":1.699753085572825},""_schema_version"":""1.0""}",,,,,,,,,,
20260604T164444Z-6b270e,2026-06-04T16:44:44.043038+00:00,LRCX,breakout_retest_hold,setup,49.74,98.4,24.0,62.8,40.3,29.1,40.8,61.5,84.0,96.4,13.78,5.28,3.77,5.64,3.78,7.34,3.07,4.2,2.89,False,,336.37,320.96,321.4629,313.46,"{""trend"":{""T1_ema_stack"":{""value"":[true,true,true],""score"":100.0},""T2_ema50_slope"":{""value"":0.5050484872355213,""score"":100},""T3_high_proximity"":{""value"":0.9786447877571209,""score"":89.32239387856045},""T4_rs_1m"":{""value"":0.1743388490666613,""score"":100},""T5_rs_3m"":{""value"":0.4564240415396552,""score"":100},""T6_adr_healthy"":{""value"":4.263403390731201,""score"":100.0},""_score"":98.4},""geometry"":{""sub_retest_depth"":0.0,""sub_retest_timing"":20.0,""sub_retest_freshness"":100.0,""sub_hold_quality"":0.0,""_score"":24.0},""compression"":{""VC1_atr_ratio"":{""value"":0.4976674757126876,""score"":100},""VC2_range_contraction"":{""value"":0.8734361950948821,""score"":21.09396748418631},""VC3_range_pct_rank"":{""score"":61.66666666666667},""_score"":62.8},""sr_quality"":{""SR1_touches"":{""value"":2,""score"":25.0},""SR2_tightness"":{""value"":2.5175000000000125,""score"":68.36799212363437},""SR3_recency"":{""value"":228,""score"":0.0},""SR4_price_location"":{""score"":30.0},""SR5_reaction"":{""value"":2.4055403805085094,""score"":100},""_score"":40.26,""_levels_found"":7,""_target_level"":304.5175},""volume"":{""V1_rvol_day"":{""value"":0.3615201892029443,""score"":0},""V2_rvol_sameslot"":{""value"":1.235590349735561,""score"":49.039356649037394,""status"":""ok""},""V3_breakout_bar"":{""value"":0.9949079709644217,""score"":32.99386473096145},""V4_base_dryup"":{""value"":0.9488910234244905,""score"":55.11089765755095},""V5_bo_expansion"":{""value"":0.36152018920294426,""score"":0},""_score"":29.08},""readiness"":{""_distance_atr"":-0.968,""BR1_atr_distance"":{""score"":40.63756737339453},""BR2_compression"":{""score"":0},""BR3_retest"":{""score"":100},""BR4_bo_age"":{""score"":30.0},""_score"":40.76},""risk"":{""R1_stop_clarity"":{""score"":59.20067814286158},""R2_stop_distance_pct"":{""value"":4.4317566964949355,""score"":100.0},""R3_stop_distance_atr"":{""value"":0.9365273180015257,""score"":71.82636590007628},""R4_rr_potential"":{""value"":-1.5368515673739362,""score"":0.0},""_score"":61.49},""market"":{""M1_spy_regime"":{""score"":100.0},""M3_earnings_risk"":{""value"":null,""score"":80.0},""M4_vix"":{""value"":null,""score"":60.0},""_score"":84.0},""liquidity"":{""L1_price"":{""value"":336.37,""score"":100.0},""L2_dollar_vol"":{""value"":1038312603.1169102,""score"":100.0},""L3_spread_proxy"":{""value"":0.0360017242917027,""score"":63.9982757082973},""L4_volume_zscore"":{""value"":-3.4908705790051298,""score"":100.0},""_score"":96.4},""pattern_structure"":{""level"":320.96,""level_idx"":58,""breakout_idx"":65,""bo_peak_idx"":72,""bo_peak_price"":345.17,""retest_idx"":77,""retest_low"":324.71,""structural_low"":324.71,""current_price"":336.715,""neckline_distance_pct"":-0.046790312281900115,""base_bars"":21,""bars_since_breakout"":14},""pattern_geometry_features"":{""retest_depth_atr"":-0.7847392871876728,""bars_breakout_to_retest"":12.0,""bars_since_retest"":2.0,""current_above_level_atr"":3.2969513252378086,""bo_peak_excess_pct"":0.07542996011964119,""atr_pct"":0.047321168441214825},""_schema_version"":""1.0""}",,,,,,,,,,
20260604T164444Z-6b270e,2026-06-04T16:44:44.043038+00:00,NVT,ascending_triangle,absent,49.65,88.0,35.7,43.1,42.5,11.4,49.2,50.9,84.0,93.5,13.21,9.99,3.45,5.96,1.36,3.93,2.03,5.04,4.68,False,,175.675,178.0,159.8359,193.73,"{""trend"":{""T1_ema_stack"":{""value"":[true,true,true],""score"":100.0},""T2_ema50_slope"":{""value"":0.5500670052095327,""score"":100},""T3_high_proximity"":{""value"":0.9959464822268838,""score"":97.97324111344186},""T4_rs_1m"":{""value"":-0.00829552645810372,""score"":41.70447354189628},""T5_rs_3m"":{""value"":0.4786803220053082,""score"":100},""T6_adr_healthy"":{""value"":3.88344348346228,""score"":100.0},""_score"":88.04},""geometry"":{""sub_flat_top_quality"":33.3,""sub_hl_slope"":35.6,""sub_compression"":0,""sub_duration"":100.0,""_score"":35.67},""compression"":{""VC1_atr_ratio"":{""value"":0.38811344256710184,""score"":100},""VC2_range_contraction"":{""value"":1.002721373844078,""score"":0},""VC3_range_pct_rank"":{""score"":12.5},""_score"":43.12},""sr_quality"":{""SR1_touches"":{""value"":2,""score"":25.0},""SR2_tightness"":{""value"":0.6103999999999985,""score"":83.58886118149988},""SR3_recency"":{""value"":251,""score"":0.0},""SR4_price_location"":{""score"":30.0},""SR5_reaction"":{""value"":2.938007891004657,""score"":100},""_score"":42.54,""_levels_found"":6,""_target_level"":135.3054},""volume"":{""V1_rvol_day"":{""value"":0.2955632189730912,""score"":0},""V2_rvol_sameslot"":{""value"":0.4586586535076058,""score"":0,""status"":""ok""},""V3_breakout_bar"":{""value"":0.42305741565375826,""score"":0},""V4_base_dryup"":{""value"":0.9320786392387947,""score"":56.79213607612053},""V5_bo_expansion"":{""value"":0.2955632189730913,""score"":0},""_score"":11.36},""readiness"":{""_distance_atr"":0.313,""BR1_atr_distance"":{""score"":79.16344596274973},""BR2_compression"":{""score"":0},""BR3_retest"":{""score"":50.0},""BR4_bo_age"":{""score"":50.0},""_score"":49.17},""risk"":{""R1_stop_clarity"":{""score"":34.55843309113608},""R2_stop_distance_pct"":{""value"":9.016109292728057,""score"":74.59726768179857},""R3_stop_distance_atr"":{""value"":2.1292336853142633,""score"":100.0},""R4_rr_potential"":{""value"":1.1399042240538393,""score"":6.995211202691964},""_score"":50.87},""market"":{""M1_spy_regime"":{""score"":100.0},""M3_earnings_risk"":{""value"":null,""score"":80.0},""M4_vix"":{""value"":null,""score"":60.0},""_score"":84.0},""liquidity"":{""L1_price"":{""value"":175.675,""score"":100.0},""L2_dollar_vol"":{""value"":93910938.52449067,""score"":98.63580904043539},""L3_spread_proxy"":{""value"":0.059086381101465746,""score"":40.91361889853425},""L4_volume_zscore"":{""value"":-2.6304883832593324,""score"":100.0},""_score"":93.55},""pattern_structure"":{""top"":178.0,""top_touches"":2,""low_slope_per_bar"":0.17352471293060479,""lowest_low"":162.27,""structural_low"":162.27,""current_price"":175.675,""neckline_distance_pct"":0.013234666287177963,""base_bars"":37},""pattern_geometry_features"":{""top_touches"":2.0,""low_slope"":0.17352471293060479,""compression"":-0.03191671932164786,""atr_pct"":0.042344385939945946},""_schema_version"":""1.0""}",,,,,,,,,,
20260604T164444Z-6b270e,2026-06-04T16:44:44.043038+00:00,HON,base_on_base,breakout_failed,49.63,55.6,57.6,42.3,39.7,17.6,17.5,56.2,84.0,96.7,10.01,14.39,4.23,3.97,2.11,1.4,2.81,5.88,4.84,True,risk_unclear,222.35,239.94,204.7126,255.64,"{""trend"":{""T1_ema_stack"":{""value"":[false,true,true],""score"":66.66666666666666},""T2_ema50_slope"":{""value"":0.029527082922930013,""score"":54.921180487155},""T3_high_proximity"":{""value"":0.9241095548813432,""score"":62.05477744067156},""T4_rs_1m"":{""value"":0.01829345245138958,""score"":68.29345245138958},""T5_rs_3m"":{""value"":-0.1776652070594339,""score"":0},""T6_adr_healthy"":{""value"":2.5098847962456055,""score"":100.0},""_score"":55.62},""geometry"":{""sub_shallower_second"":0,""sub_second_base_depth"":100.0,""sub_rim_advance"":100,""sub_dry_up"":12.8,""sub_second_base_duration"":100.0,""_score"":57.56},""compression"":{""VC1_atr_ratio"":{""value"":0.6020075532927637,""score"":99.49811167680907},""VC2_range_contraction"":{""value"":1.5054160623080461,""score"":0},""VC3_range_pct_rank"":{""score"":9.999999999999998},""_score"":42.3},""sr_quality"":{""SR1_touches"":{""value"":3,""score"":50.0},""SR2_tightness"":{""value"":0.9497134070631745,""score"":71.5903769174068},""SR3_recency"":{""value"":260,""score"":0.0},""SR4_price_location"":{""score"":9.860850859450375},""SR5_reaction"":{""value"":1.5273534041295422,""score"":76.36767020647711},""_score"":39.66,""_levels_found"":6,""_target_level"":229.4567},""volume"":{""V1_rvol_day"":{""value"":0.5113541141930941,""score"":0.7569409462062711},""V2_rvol_sameslot"":{""value"":1.029746886100238,""score"":35.31645907334919,""status"":""ok""},""V3_breakout_bar"":{""value"":0.7002126475313663,""score"":13.347509835424418},""V4_base_dryup"":{""value"":1.149913476643152,""score"":35.0086523356848},""V5_bo_expansion"":{""value"":0.511354114193094,""score"":0},""_score"":17.55},""readiness"":{""_distance_atr"":2.631,""BR1_atr_distance"":{""score"":0},""BR2_compression"":{""score"":0},""BR3_retest"":{""score"":50.0},""BR4_bo_age"":{""score"":50.0},""_score"":17.5},""risk"":{""R1_stop_clarity"":{""score"":6.744941347407391},""R2_stop_distance_pct"":{""value"":7.932291432426343,""score"":100.0},""R3_stop_distance_atr"":{""value"":2.6380237601760603,""score"":100.0},""R4_rr_potential"":{""value"":1.8874610558782632,""score"":44.37305279391316},""_score"":56.24},""market"":{""M1_spy_regime"":{""score"":100.0},""M3_earnings_risk"":{""value"":null,""score"":80.0},""M4_vix"":{""value"":null,""score"":60.0},""_score"":84.0},""liquidity"":{""L1_price"":{""value"":222.35,""score"":100.0},""L2_dollar_vol"":{""value"":514629925.58680636,""score"":100.0},""L3_spread_proxy"":{""value"":0.032651225545311406,""score"":67.3487744546886},""L4_volume_zscore"":{""value"":-2.1102572409363223,""score"":100.0},""_score"":96.73},""pattern_structure"":{""first_base_low"":186.76,""first_base_top"":202.46,""first_base_bars"":53,""second_base_low"":207.83,""second_base_top"":239.94,""second_base_bars"":34,""structural_low"":207.83,""stacking_overlap_pct"":-0.026523757779314455,""current_price"":222.35,""neckline_distance_pct"":0.07910951203058243,""base_bars"":34},""pattern_geometry_features"":{""first_base_depth_pct"":0.07754618196186909,""second_base_depth_pct"":0.13382512294740345,""second_dry_up_ratio"":0.9358515849020673,""rim_advance_pct"":0.185122987256742,""atr_pct"":0.03006906742908542},""_schema_version"":""1.0""}",,,,,,,,,,
20260604T164444Z-6b270e,2026-06-04T16:44:44.043038+00:00,MOD,breakout_retest_hold,setup,49.55,95.2,29.8,44.8,38.0,16.5,50.9,65.6,84.0,95.5,13.33,6.56,2.69,5.32,2.15,9.16,3.28,4.2,2.86,False,,294.905,281.2,279.3285,279.3,"{""trend"":{""T1_ema_stack"":{""value"":[true,true,true],""score"":100.0},""T2_ema50_slope"":{""value"":0.40275819803503676,""score"":100},""T3_high_proximity"":{""value"":0.9609469190915311,""score"":80.47345954576551},""T4_rs_1m"":{""value"":0.04052951838478358,""score"":90.52951838478359},""T5_rs_3m"":{""value"":0.3297571509422623,""score"":100},""T6_adr_healthy"":{""value"":7.075760294779634,""score"":100.0},""_score"":95.18},""geometry"":{""sub_retest_depth"":32.7,""sub_retest_timing"":0.0,""sub_retest_freshness"":100.0,""sub_hold_quality"":0.0,""_score"":29.81},""compression"":{""VC1_atr_ratio"":{""value"":0.7352043919434753,""score"":66.19890201413116},""VC2_range_contraction"":{""value"":1.378789684567152,""score"":0},""VC3_range_pct_rank"":{""score"":73.33333333333334},""_score"":44.81},""sr_quality"":{""SR1_touches"":{""value"":2,""score"":25.0},""SR2_tightness"":{""value"":3.3774999999999977,""score"":73.46408335482231},""SR3_recency"":{""value"":239,""score"":0.0},""SR4_price_location"":{""score"":30.0},""SR5_reaction"":{""value"":1.5985365822177082,""score"":79.92682911088541},""_score"":38.01,""_levels_found"":6,""_target_level"":290.6775},""volume"":{""V1_rvol_day"":{""value"":0.3995242060252196,""score"":0},""V2_rvol_sameslot"":{""value"":0.9009134127622015,""score"":26.727560850813433,""status"":""ok""},""V3_breakout_bar"":{""value"":0.9957354665203217,""score"":33.04903110135478},""V4_base_dryup"":{""value"":1.3539607788953174,""score"":14.603922110468261},""V5_bo_expansion"":{""value"":0.39952420602521954,""score"":0},""_score"":16.53},""readiness"":{""_distance_atr"":-0.538,""BR1_atr_distance"":{""score"":49.232428197715464},""BR2_compression"":{""score"":26.84851763313671},""BR3_retest"":{""score"":100},""BR4_bo_age"":{""score"":30.0},""_score"":50.91},""risk"":{""R1_stop_clarity"":{""score"":77.83239413342137},""R2_stop_distance_pct"":{""value"":5.281870432851261,""score"":100.0},""R3_stop_distance_atr"":{""value"":0.6118974176515337,""score"":55.594870882576686},""R4_rr_potential"":{""value"":-1.0018296793246204,""score"":0.0},""_score"":65.58},""market"":{""M1_spy_regime"":{""score"":100.0},""M3_earnings_risk"":{""value"":null,""score"":80.0},""M4_vix"":{""value"":null,""score"":60.0},""_score"":84.0},""liquidity"":{""L1_price"":{""value"":294.905,""score"":100.0},""L2_dollar_vol"":{""value"":164502558.14849806,""score"":100.0},""L3_spread_proxy"":{""value"":0.04526881538122454,""score"":54.73118461877546},""L4_volume_zscore"":{""value"":-1.198837918281644,""score"":100.0},""_score"":95.47},""pattern_structure"":{""level"":281.2,""level_idx"":53,""breakout_idx"":59,""bo_peak_idx"":72,""bo_peak_price"":318.61,""retest_idx"":77,""retest_low"":282.15,""structural_low"":282.15,""current_price"":294.905,""neckline_distance_pct"":-0.04647259286888993,""base_bars"":26,""bars_since_breakout"":20},""pattern_geometry_features"":{""retest_depth_atr"":-0.17142643550305683,""bars_breakout_to_retest"":18.0,""bars_since_retest"":2.0,""current_above_level_atr"":2.4730518932309677,""bo_peak_excess_pct"":0.13303698435277392,""atr_pct"":0.08631954115974397},""_schema_version"":""1.0""}",,,,,,,,,,
20260604T164444Z-6b270e,2026-06-04T16:44:44.043038+00:00,AVGO,vcp,breakout_failed,49.53,60.3,43.2,19.1,38.8,72.3,17.5,52.4,84.0,89.5,9.05,10.79,2.29,4.65,9.4,1.23,2.62,5.04,4.48,False,,408.66,442.36,399.7721,389.64,"{""trend"":{""T1_ema_stack"":{""value"":[false,true,true],""score"":66.66666666666666},""T2_ema50_slope"":{""value"":0.3885861788485012,""score"":100},""T3_high_proximity"":{""value"":0.8485993728845236,""score"":24.29968644226177},""T4_rs_1m"":{""value"":-0.08903383430038714,""score"":0},""T5_rs_3m"":{""value"":0.1176357808827786,""score"":100},""T6_adr_healthy"":{""value"":3.733241693198835,""score"":100.0},""_score"":60.31},""geometry"":{""sub_contraction_count"":100.0,""sub_reduction_rate"":17.7,""sub_pivot_tightness"":25.0,""sub_volume_dryup"":0,""sub_base_depth"":0.0,""sub_base_duration"":100.0,""_score"":43.17},""compression"":{""VC1_atr_ratio"":{""value"":0.9698230153775415,""score"":7.544246155614637},""VC2_range_contraction"":{""value"":1.111886765344037,""score"":0},""VC3_range_pct_rank"":{""score"":64.16666666666666},""_score"":19.06},""sr_quality"":{""SR1_touches"":{""value"":3,""score"":50.0},""SR2_tightness"":{""value"":5.398166355346976,""score"":50.769100651223155},""SR3_recency"":{""value"":239,""score"":0.0},""SR4_price_location"":{""score"":17.162232655190543},""SR5_reaction"":{""value"":1.5813958639163133,""score"":79.06979319581566},""_score"":38.77,""_levels_found"":6,""_target_level"":436.45},""volume"":{""V1_rvol_day"":{""value"":1.9332325390523581,""score"":95.54883593682388},""V2_rvol_sameslot"":{""value"":4.171105413862327,""score"":100,""status"":""ok""},""V3_breakout_bar"":{""value"":1.1276070752001612,""score"":41.84047168001075},""V4_base_dryup"":{""value"":0.8310889222927431,""score"":66.89110777072568},""V5_bo_expansion"":{""value"":1.9332325390523581,""score"":62.21550260349055},""_score"":72.28},""readiness"":{""_distance_atr"":1.537,""BR1_atr_distance"":{""score"":0},""BR2_compression"":{""score"":0},""BR3_retest"":{""score"":50.0},""BR4_bo_age"":{""score"":50.0},""_score"":17.5},""risk"":{""R1_stop_clarity"":{""score"":44.47877808572026},""R2_stop_distance_pct"":{""value"":2.1748886605001716,""score"":100.0},""R3_stop_distance_atr"":{""value"":0.40528512972611885,""score"":45.26425648630594},""R4_rr_potential"":{""value"":-2.1399880736732,""score"":0.0},""_score"":52.36},""market"":{""M1_spy_regime"":{""score"":100.0},""M3_earnings_risk"":{""value"":null,""score"":80.0},""M4_vix"":{""value"":null,""score"":60.0},""_score"":84.0},""liquidity"":{""L1_price"":{""value"":408.66,""score"":100.0},""L2_dollar_vol"":{""value"":19336127654.252632,""score"":100.0},""L3_spread_proxy"":{""value"":0.029804482944256777,""score"":70.19551705574322},""L4_volume_zscore"":{""value"":2.0673894873317824,""score"":70.0},""_score"":89.52},""pattern_structure"":{""n_contractions"":5,""contractions_pct"":[12.64,11.19,8.07,7.17,8.25],""descending_strict"":false,""final_low"":405.86,""final_pivot"":442.36,""structural_low"":405.86,""dry_up_ratio"":1.5546534630230913,""current_price"":408.66,""neckline_distance_pct"":0.08246464053247195,""base_bars"":49},""pattern_geometry_features"":{""contraction_count"":5.0,""first_contraction_pct"":0.12638047233391855,""last_contraction_pct"":0.08251198119178949,""dry_up_ratio"":1.5546534630230913,""near_monotone"":0.0,""base_depth_pct"":-0.14928923373166458},""_schema_version"":""1.0""}",,,,,,,,,,
20260604T164444Z-6b270e,2026-06-04T16:44:44.043038+00:00,HEI,high_tight_pullback,forming,49.52,75.0,56.0,49.0,49.1,0.8,17.5,65.2,84.0,93.7,9.0,19.61,4.91,3.93,0.12,1.57,0.65,5.04,4.69,True,risk_unclear,332.79,351.64,322.3413,402.36,"{""trend"":{""T1_ema_stack"":{""value"":[true,true,false],""score"":66.66666666666666},""T2_ema50_slope"":{""value"":0.18738117423194303,""score"":81.23019570532384},""T3_high_proximity"":{""value"":0.9557987247975186,""score"":77.89936239875928},""T4_rs_1m"":{""value"":0.15470155066694935,""score"":100},""T5_rs_3m"":{""value"":-0.027682776962019817,""score"":36.15861151899009},""T6_adr_healthy"":{""value"":2.954590200353372,""score"":100.0},""_score"":75.02},""geometry"":{""sub_pole_impulse"":99.4,""sub_flag_tightness"":36.3,""sub_flag_shallowness"":17.7,""sub_flag_drift"":90.7,""sub_flag_duration"":0.0,""_score"":56.04},""compression"":{""VC1_atr_ratio"":{""value"":0.7942544821294099,""score"":51.436379467647534},""VC2_range_contraction"":{""value"":0.8689558765655199,""score"":21.840687239080022},""VC3_range_pct_rank"":{""score"":83.33333333333334},""_score"":49.05},""sr_quality"":{""SR1_touches"":{""value"":2,""score"":25.0},""SR2_tightness"":{""value"":1.4778499999999894,""score"":73.78034948720014},""SR3_recency"":{""value"":309,""score"":0.0},""SR4_price_location"":{""score"":70.83524416948758},""SR5_reaction"":{""value"":1.7098748065832066,""score"":85.49374032916033},""_score"":49.1,""_levels_found"":6,""_target_level"":338.6302},""volume"":{""V1_rvol_day"":{""value"":0.21848001973583145,""score"":0},""V2_rvol_sameslot"":{""value"":0.456093747236707,""score"":0,""status"":""ok""},""V3_breakout_bar"":{""value"":0.4788546738683735,""score"":0},""V4_base_dryup"":{""value"":1.4584817806263657,""score"":4.151821937363437},""V5_bo_expansion"":{""value"":0.2184800197358315,""score"":0},""_score"":0.83},""readiness"":{""_distance_atr"":1.672,""BR1_atr_distance"":{""score"":0},""BR2_compression"":{""score"":0},""BR3_retest"":{""score"":50.0},""BR4_bo_age"":{""score"":50.0},""_score"":17.5},""risk"":{""R1_stop_clarity"":{""score"":12.910167165336702},""R2_stop_distance_pct"":{""value"":3.1397427807325995,""score"":100.0},""R3_stop_distance_atr"":{""value"":0.9268957380506138,""score"":71.34478690253069},""R4_rr_potential"":{""value"":6.658212704868986,""score"":100.0},""_score"":65.22},""market"":{""M1_spy_regime"":{""score"":100.0},""M3_earnings_risk"":{""value"":null,""score"":80.0},""M4_vix"":{""value"":null,""score"":60.0},""_score"":84.0},""liquidity"":{""L1_price"":{""value"":332.79,""score"":100.0},""L2_dollar_vol"":{""value"":60119324.62038186,""score"":88.9507046542192},""L3_spread_proxy"":{""value"":0.018690465458697587,""score"":81.30953454130241},""L4_volume_zscore"":{""value"":-2.224721956569601,""score"":100.0},""_score"":93.71},""pattern_structure"":{""pole_low"":300.92,""pole_low_idx"":10,""peak_price"":351.64,""peak_idx"":35,""pole_gain"":0.1685497806726039,""flag_bars"":24,""flag_low"":327.25,""flag_high"":349.91,""structural_low"":327.25,""current_price"":332.52,""neckline_distance_pct"":0.05750030073379046,""base_bars"":24},""pattern_geometry_features"":{""pole_gain"":0.1685497806726039,""pullback_pct"":0.06936070981685812,""flag_range_pct"":0.06444090547150502,""flag_drift_per_bar"":-0.0018662362250848887,""atr_pct"":0.03387374277214717,""pole_atr_multiple"":4.9758239532714015},""_schema_version"":""1.0""}",,,,,,,,,,
20260604T164444Z-6b270e,2026-06-04T16:44:44.043038+00:00,HEI,vcp,breakout_confirmed,49.48,75.0,55.2,49.0,49.1,5.4,19.0,17.8,84.0,93.7,11.25,13.8,5.89,5.89,0.7,1.33,0.89,5.04,4.69,True,risk_unclear,332.79,301.095,278.9421,355.0573,"{""trend"":{""T1_ema_stack"":{""value"":[true,true,false],""score"":66.66666666666666},""T2_ema50_slope"":{""value"":0.18738117423194303,""score"":81.23019570532384},""T3_high_proximity"":{""value"":0.9557987247975186,""score"":77.89936239875928},""T4_rs_1m"":{""value"":0.15470155066694935,""score"":100},""T5_rs_3m"":{""value"":-0.027682776962019817,""score"":36.15861151899009},""T6_adr_healthy"":{""value"":2.954590200353372,""score"":100.0},""_score"":75.02},""geometry"":{""sub_contraction_count"":100.0,""sub_reduction_rate"":0,""sub_pivot_tightness"":57.9,""sub_volume_dryup"":10.2,""sub_base_depth"":100.0,""sub_base_duration"":100.0,""_score"":55.22},""compression"":{""VC1_atr_ratio"":{""value"":0.7942544821294099,""score"":51.436379467647534},""VC2_range_contraction"":{""value"":0.8689558765655199,""score"":21.840687239080022},""VC3_range_pct_rank"":{""score"":83.33333333333334},""_score"":49.05},""sr_quality"":{""SR1_touches"":{""value"":2,""score"":25.0},""SR2_tightness"":{""value"":1.4778499999999894,""score"":73.78034948720014},""SR3_recency"":{""value"":309,""score"":0.0},""SR4_price_location"":{""score"":70.83524416948758},""SR5_reaction"":{""value"":1.7098748065832066,""score"":85.49374032916033},""_score"":49.1,""_levels_found"":6,""_target_level"":338.6302},""volume"":{""V1_rvol_day"":{""value"":0.21848001973583145,""score"":0},""V2_rvol_sameslot"":{""value"":0.456093747236707,""score"":0,""status"":""ok""},""V3_breakout_bar"":{""value"":0.4788546738683735,""score"":0},""V4_base_dryup"":{""value"":1.2299381116549466,""score"":27.006188834505338},""V5_bo_expansion"":{""value"":0.2184800197358315,""score"":0},""_score"":5.4},""readiness"":{""_distance_atr"":-2.812,""BR1_atr_distance"":{""score"":3.7675120612242736},""BR2_compression"":{""score"":0},""BR3_retest"":{""score"":50.0},""BR4_bo_age"":{""score"":50.0},""_score"":19.01},""risk"":{""R1_stop_clarity"":{""score"":24.635692099469907},""R2_stop_distance_pct"":{""value"":16.18072958923046,""score"":0.0},""R3_stop_distance_atr"":{""value"":4.776776424757862,""score"":61.161178762106914},""R4_rr_potential"":{""value"":0.4135225454683894,""score"":0.0},""_score"":17.8},""market"":{""M1_spy_regime"":{""score"":100.0},""M3_earnings_risk"":{""value"":null,""score"":80.0},""M4_vix"":{""value"":null,""score"":60.0},""_score"":84.0},""liquidity"":{""L1_price"":{""value"":332.79,""score"":100.0},""L2_dollar_vol"":{""value"":60119324.62038186,""score"":88.9507046542192},""L3_spread_proxy"":{""value"":0.018690465458697587,""score"":81.30953454130241},""L4_volume_zscore"":{""value"":-2.224721956569601,""score"":100.0},""_score"":93.71},""pattern_structure"":{""n_contractions"":5,""contractions_pct"":[5.52,16.21,8.43,8.34,5.95],""descending_strict"":false,""final_low"":283.19,""final_pivot"":301.095,""structural_low"":283.19,""dry_up_ratio"":0.9491321880094424,""current_price"":332.79,""neckline_distance_pct"":-0.09524024159379786,""base_bars"":69},""pattern_geometry_features"":{""contraction_count"":5.0,""first_contraction_pct"":0.05523408857065502,""last_contraction_pct"":0.05946628140620079,""dry_up_ratio"":0.9491321880094424,""near_monotone"":0.0,""base_depth_pct"":0.16005318664591647},""_schema_version"":""1.0""}",,,,,,,,,,
20260604T164444Z-6b270e,2026-06-04T16:44:44.043038+00:00,NXE,double_bottom,forming,49.37,21.8,58.3,58.7,63.2,9.5,38.6,72.7,84.0,85.0,3.28,14.58,4.69,8.84,1.23,3.09,4.36,5.04,4.25,False,,11.41,12.025,10.64,13.248,"{""trend"":{""T1_ema_stack"":{""value"":[false,false,true],""score"":33.33333333333333},""T2_ema50_slope"":{""value"":-0.20443795245300195,""score"":15.927007924499677},""T3_high_proximity"":{""value"":0.8709923664122138,""score"":35.49618320610687},""T4_rs_1m"":{""value"":-0.10385767254344014,""score"":0},""T5_rs_3m"":{""value"":-0.19025834244370787,""score"":0},""T6_adr_healthy"":{""value"":4.648845615079441,""score"":100.0},""_score"":21.84},""geometry"":{""sub_low_similarity"":10.8,""sub_bounce_quality"":100,""sub_separation_fit"":100.0,""sub_right_bottom_reaction"":93.8,""sub_base_context"":30.0,""_score"":58.31},""compression"":{""VC1_atr_ratio"":{""value"":0.6134389314326829,""score"":96.64026714182927},""VC2_range_contraction"":{""value"":1.011834998475858,""score"":0},""VC3_range_pct_rank"":{""score"":80.0},""_score"":58.66},""sr_quality"":{""SR1_touches"":{""value"":5,""score"":100},""SR2_tightness"":{""value"":0.13588230201170418,""score"":51.76591713580483},""SR3_recency"":{""value"":245,""score"":0.0},""SR4_price_location"":{""score"":41.60363086232962},""SR5_reaction"":{""value"":2.7527890466531426,""score"":100},""_score"":63.17,""_levels_found"":6,""_target_level"":11.796},""volume"":{""V1_rvol_day"":{""value"":0.36840773908612784,""score"":0},""V2_rvol_sameslot"":{""value"":0.691311996929743,""score"":12.754133128649533,""status"":""ok""},""V3_breakout_bar"":{""value"":0.5041985713237008,""score"":0.2799047549133885},""V4_base_dryup"":{""value"":1.1579188503213786,""score"":34.20811496786213},""V5_bo_expansion"":{""value"":0.36840773908612784,""score"":0},""_score"":9.46},""readiness"":{""_distance_atr"":1.092,""BR1_atr_distance"":{""score"":27.231237322515227},""BR2_compression"":{""score"":40.947397638337236},""BR3_retest"":{""score"":50.0},""BR4_bo_age"":{""score"":50.0},""_score"":38.63},""risk"":{""R1_stop_clarity"":{""score"":42.484279918864246},""R2_stop_distance_pct"":{""value"":6.748729184925506,""score"":100.0},""R3_stop_distance_atr"":{""value"":1.366686105476673,""score"":93.33430527383365},""R4_rr_potential"":{""value"":2.3869199901302554,""score"":69.34599950651277},""_score"":72.74},""market"":{""M1_spy_regime"":{""score"":100.0},""M3_earnings_risk"":{""value"":null,""score"":80.0},""M4_vix"":{""value"":null,""score"":60.0},""_score"":84.0},""liquidity"":{""L1_price"":{""value"":11.41,""score"":100.0},""L2_dollar_vol"":{""value"":26864041.44486244,""score"":71.45856744040815},""L3_spread_proxy"":{""value"":0.035495179666958906,""score"":64.5048203330411},""L4_volume_zscore"":{""value"":-2.3498572919450904,""score"":100.0},""_score"":85.03},""pattern_structure"":{""left_low"":10.802,""left_idx"":41,""right_low"":11.295,""right_idx"":65,""separation_bars"":24,""structural_low"":10.802,""current_price"":11.435,""neckline_distance_pct"":0.051595977262789666,""base_bars"":24},""pattern_geometry_features"":{""low_similarity_pct"":0.04462144182468211,""bounce_pct"":0.11321977411590453,""right_bottom_reaction"":0.9383561643835617,""atr_pct"":0.04938024289470392},""_schema_version"":""1.0""}",,,,,,,,,,
20260604T164444Z-6b270e,2026-06-04T16:44:44.043038+00:00,AEVA,ascending_triangle,invalidated,49.37,83.5,55.0,8.7,42.6,15.8,17.5,53.4,84.0,86.2,12.53,15.4,0.7,5.96,1.9,1.4,2.14,5.04,4.31,False,,24.81,29.8,24.8417,34.38,"{""trend"":{""T1_ema_stack"":{""value"":[true,true,true],""score"":100.0},""T2_ema50_slope"":{""value"":1.0317638398067848,""score"":100},""T3_high_proximity"":{""value"":0.8470467736428815,""score"":23.523386821440727},""T4_rs_1m"":{""value"":0.5826759414478802,""score"":100},""T5_rs_3m"":{""value"":0.5348058314246928,""score"":100},""T6_adr_healthy"":{""value"":12.88720121469785,""score"":0.0},""_score"":83.53},""geometry"":{""sub_flat_top_quality"":33.3,""sub_hl_slope"":100,""sub_compression"":0,""sub_duration"":100.0,""_score"":54.99},""compression"":{""VC1_atr_ratio"":{""value"":0.9734193386051797,""score"":6.645165348705073},""VC2_range_contraction"":{""value"":0.949246878663901,""score"":8.4588535560165},""VC3_range_pct_rank"":{""score"":12.5},""_score"":8.74},""sr_quality"":{""SR1_touches"":{""value"":2,""score"":25.0},""SR2_tightness"":{""value"":0.23000000000000043,""score"":83.82957781136848},""SR3_recency"":{""value"":239,""score"":0.0},""SR4_price_location"":{""score"":30.0},""SR5_reaction"":{""value"":2.0546982107076324,""score"":100},""_score"":42.57,""_levels_found"":4,""_target_level"":22.39},""volume"":{""V1_rvol_day"":{""value"":0.8652067011962946,""score"":24.34711341308631},""V2_rvol_sameslot"":{""value"":0.916021382917382,""score"":27.7347588611588,""status"":""ok""},""V3_breakout_bar"":{""value"":0.8255355140253909,""score"":21.70236760169273},""V4_base_dryup"":{""value"":1.5255664307470986,""score"":0},""V5_bo_expansion"":{""value"":0.8652067011962946,""score"":0},""_score"":15.84},""readiness"":{""_distance_atr"":1.754,""BR1_atr_distance"":{""score"":0},""BR2_compression"":{""score"":0},""BR3_retest"":{""score"":50.0},""BR4_bo_age"":{""score"":50.0},""_score"":17.5},""risk"":{""R1_stop_clarity"":{""score"":73.40317080887269},""R2_stop_distance_pct"":{""value"":-0.1277710600564318,""score"":46.8057234985892},""R3_stop_distance_atr"":{""value"":-0.011143530073470218,""score"":24.442823496326493},""R4_rr_potential"":{""value"":null,""score"":50.0},""_score"":53.4},""market"":{""M1_spy_regime"":{""score"":100.0},""M3_earnings_risk"":{""value"":null,""score"":80.0},""M4_vix"":{""value"":null,""score"":60.0},""_score"":84.0},""liquidity"":{""L1_price"":{""value"":24.81,""score"":100.0},""L2_dollar_vol"":{""value"":64821565.10425586,""score"":90.58597563898734},""L3_spread_proxy"":{""value"":0.14388956066102382,""score"":0},""L4_volume_zscore"":{""value"":-0.3278237387225698,""score"":100.0},""_score"":86.23},""pattern_structure"":{""top"":29.8,""top_touches"":2,""low_slope_per_bar"":0.16984504132231387,""lowest_low"":25.22,""structural_low"":25.22,""current_price"":24.81,""neckline_distance_pct"":0.2011285771866184,""base_bars"":36},""pattern_geometry_features"":{""top_touches"":2.0,""low_slope"":0.16984504132231387,""compression"":-0.34997809786389844,""atr_pct"":0.11465941152760985},""_schema_version"":""1.0""}",,,,,,,,,,
20260604T164444Z-6b270e,2026-06-04T16:44:44.043038+00:00,FLEX,vcp,setup,49.32,98.0,40.7,33.4,53.7,3.4,31.6,30.7,84.0,95.2,14.71,10.17,4.0,6.45,0.45,2.21,1.54,5.04,4.76,False,,157.7279,147.34,119.4805,93.47,"{""trend"":{""T1_ema_stack"":{""value"":[true,true,true],""score"":100.0},""T2_ema50_slope"":{""value"":1.076508817285538,""score"":100},""T3_high_proximity"":{""value"":0.9739897492898605,""score"":86.99487464493022},""T4_rs_1m"":{""value"":0.5900565188757017,""score"":100},""T5_rs_3m"":{""value"":1.373093199858495,""score"":100},""T6_adr_healthy"":{""value"":5.180891153909519,""score"":100.0},""_score"":98.05},""geometry"":{""sub_contraction_count"":100.0,""sub_reduction_rate"":0,""sub_pivot_tightness"":0,""sub_volume_dryup"":37.8,""sub_base_depth"":0.0,""sub_base_duration"":100.0,""_score"":40.67},""compression"":{""VC1_atr_ratio"":{""value"":0.7720520503762871,""score"":56.986987405928225},""VC2_range_contraction"":{""value"":0.9901225431259089,""score"":1.6462428123485233},""VC3_range_pct_rank"":{""score"":40.0},""_score"":33.37},""sr_quality"":{""SR1_touches"":{""value"":6,""score"":100},""SR2_tightness"":{""value"":1.5936619256709772,""score"":62.07011791529471},""SR3_recency"":{""value"":274,""score"":0.0},""SR4_price_location"":{""score"":30.0},""SR5_reaction"":{""value"":0.9218690498857581,""score"":46.09345249428791},""_score"":53.72,""_levels_found"":2,""_target_level"":67.765},""volume"":{""V1_rvol_day"":{""value"":0.3855866435778263,""score"":0},""V2_rvol_sameslot"":{""value"":0.5975504953296336,""score"":6.503366355308904,""status"":""ok""},""V3_breakout_bar"":{""value"":0.4929254880803327,""score"":0},""V4_base_dryup"":{""value"":1.3931936514815082,""score"":10.680634851849177},""V5_bo_expansion"":{""value"":0.38558664357782624,""score"":0},""_score"":3.44},""readiness"":{""_distance_atr"":-1.236,""BR1_atr_distance"":{""score"":35.27632330540746},""BR2_compression"":{""score"":0},""BR3_retest"":{""score"":50.0},""BR4_bo_age"":{""score"":50.0},""_score"":31.61},""risk"":{""R1_stop_clarity"":{""score"":56.69506854531594},""R2_stop_distance_pct"":{""value"":24.248975609261272,""score"":0.0},""R3_stop_distance_atr"":{""value"":4.551527989337398,""score"":72.4236005331301},""R4_rr_potential"":{""value"":-1.6800592981483702,""score"":0.0},""_score"":30.71},""market"":{""M1_spy_regime"":{""score"":100.0},""M3_earnings_risk"":{""value"":null,""score"":80.0},""M4_vix"":{""value"":null,""score"":60.0},""_score"":84.0},""liquidity"":{""L1_price"":{""value"":157.7279,""score"":100.0},""L2_dollar_vol"":{""value"":400639759.6706302,""score"":100.0},""L3_spread_proxy"":{""value"":0.047867244793089764,""score"":52.13275520691024},""L4_volume_zscore"":{""value"":-1.7044455113560513,""score"":100.0},""_score"":95.21},""pattern_structure"":{""n_contractions"":5,""contractions_pct"":[18.2,8.83,7.74,14.78,17.67],""descending_strict"":false,""final_low"":121.3,""final_pivot"":147.34,""structural_low"":121.3,""dry_up_ratio"":0.8109948343418562,""current_price"":157.7279,""neckline_distance_pct"":-0.06585962280611105,""base_bars"":76},""pattern_geometry_features"":{""contraction_count"":5.0,""first_contraction_pct"":0.18196500074150979,""last_contraction_pct"":0.1767340844305688,""dry_up_ratio"":0.8109948343418562,""near_monotone"":0.0,""base_depth_pct"":-0.7989025656236094},""_schema_version"":""1.0""}",,,,,,,,,,
20260604T164444Z-6b270e,2026-06-04T16:44:44.043038+00:00,ANET,cup_with_handle,setup,49.19,64.2,59.1,39.2,49.3,8.4,23.2,31.0,84.0,95.0,8.98,17.72,3.14,5.91,1.09,1.85,1.55,4.2,4.75,False,,165.27,147.89,134.945,173.88,"{""trend"":{""T1_ema_stack"":{""value"":[true,true,true],""score"":100.0},""T2_ema50_slope"":{""value"":0.038081563557113056,""score"":56.34692725951884},""T3_high_proximity"":{""value"":0.9298936589208351,""score"":64.94682946041752},""T4_rs_1m"":{""value"":-0.0743568285570324,""score"":0},""T5_rs_3m"":{""value"":0.07516142892668132,""score"":87.58071446334066},""T6_adr_healthy"":{""value"":4.512129930485628,""score"":100.0},""_score"":64.15},""geometry"":{""sub_cup_depth"":100.0,""sub_cup_duration"":60.0,""sub_rim_symmetry"":8.4,""sub_handle_shallowness"":38.6,""sub_handle_proportion"":100.0,""sub_u_shape"":71.1,""_score"":59.06},""compression"":{""VC1_atr_ratio"":{""value"":0.6616959230578782,""score"":84.57601923553045},""VC2_range_contraction"":{""value"":0.9973800669606365,""score"":0.4366555065605793},""VC3_range_pct_rank"":{""score"":20.833333333333336},""_score"":39.19},""sr_quality"":{""SR1_touches"":{""value"":2,""score"":25.0},""SR2_tightness"":{""value"":0.3500000000000085,""score"":90.76558919310072},""SR3_recency"":{""value"":247,""score"":0.0},""SR4_price_location"":{""score"":52.67549226832804},""SR5_reaction"":{""value"":4.057863948860212,""score"":100},""_score"":49.28,""_levels_found"":6,""_target_level"":179.45},""volume"":{""V1_rvol_day"":{""value"":0.48055690142610097,""score"":0},""V2_rvol_sameslot"":{""value"":0.6067531187104769,""score"":7.116874580698458,""status"":""ok""},""V3_breakout_bar"":{""value"":0.6637901038115129,""score"":10.919340254100863},""V4_base_dryup"":{""value"":1.2896305181723744,""score"":21.036948182762558},""V5_bo_expansion"":{""value"":0.48055690142610097,""score"":0},""_score"":8.36},""readiness"":{""_distance_atr"":-2.293,""BR1_atr_distance"":{""score"":14.144554336026935},""BR2_compression"":{""score"":0},""BR3_retest"":{""score"":50.0},""BR4_bo_age"":{""score"":50.0},""_score"":23.16},""risk"":{""R1_stop_clarity"":{""score"":45.78081654806396},""R2_stop_distance_pct"":{""value"":18.3487626308465,""score"":0.0},""R3_stop_distance_atr"":{""value"":4.000478681703055,""score"":99.97606591484724},""R4_rr_potential"":{""value"":0.2839241549876333,""score"":0.0},""_score"":31.02},""market"":{""M1_spy_regime"":{""score"":100.0},""M3_earnings_risk"":{""value"":null,""score"":80.0},""M4_vix"":{""value"":null,""score"":60.0},""_score"":84.0},""liquidity"":{""L1_price"":{""value"":165.27,""score"":100.0},""L2_dollar_vol"":{""value"":929734644.7093674,""score"":100.0},""L3_spread_proxy"":{""value"":0.05003932958189618,""score"":49.960670418103824},""L4_volume_zscore"":{""value"":-1.4632247108880274,""score"":100.0},""_score"":95.0},""pattern_structure"":{""left_rim"":141.41,""left_rim_idx"":75,""cup_bottom"":115.42,""cup_bottom_idx"":133,""right_rim"":147.89,""right_rim_idx"":165,""handle_low"":137.0,""handle_bars"":14,""cup_bars"":90,""structural_low"":137.0,""current_price"":165.27,""neckline_distance_pct"":-0.10516125128577493,""base_bars"":104},""pattern_geometry_features"":{""cup_depth_pct"":0.18379181104589487,""rim_symmetry_pct"":0.04582419913726038,""handle_depth_pct"":0.07363581039962125,""handle_to_cup_ratio"":0.15555555555555556,""cup_duration_bars"":90.0,""atr_pct"":0.04586641772337904,""u_shape_score"":0.35555555555555557},""_schema_version"":""1.0""}",,,,,,,,,,
20260604T164444Z-6b270e,2026-06-04T16:44:44.043038+00:00,AMZN,vcp,absent,49.15,61.5,41.8,56.6,61.2,19.9,19.7,27.9,84.0,98.4,9.23,10.46,6.8,7.35,2.59,1.38,1.39,5.04,4.92,True,risk_unclear,253.63,278.56,251.3621,243.84,"{""trend"":{""T1_ema_stack"":{""value"":[false,true,true],""score"":66.66666666666666},""T2_ema50_slope"":{""value"":0.2868692909412563,""score"":97.81154849020939},""T3_high_proximity"":{""value"":0.9223244481617513,""score"":61.162224080875625},""T4_rs_1m"":{""value"":-0.118097139809487,""score"":0},""T5_rs_3m"":{""value"":0.04802560337146611,""score"":74.01280168573305},""T6_adr_healthy"":{""value"":2.2450507570980336,""score"":100.0},""_score"":61.51},""geometry"":{""sub_contraction_count"":100.0,""sub_reduction_rate"":0,""sub_pivot_tightness"":23.0,""sub_volume_dryup"":22.5,""sub_base_depth"":0.0,""sub_base_duration"":100.0,""_score"":41.83},""compression"":{""VC1_atr_ratio"":{""value"":0.6291601160370808,""score"":92.7099709907298},""VC2_range_contraction"":{""value"":0.9862822215456077,""score"":2.286296409065377},""VC3_range_pct_rank"":{""score"":75.0},""_score"":56.63},""sr_quality"":{""SR1_touches"":{""value"":3,""score"":50.0},""SR2_tightness"":{""value"":0.4620485784946175,""score"":86.90150208074809},""SR3_recency"":{""value"":236,""score"":0.0},""SR4_price_location"":{""score"":72.85918659309202},""SR5_reaction"":{""value"":2.382948364108596,""score"":100},""_score"":61.25,""_levels_found"":7,""_target_level"":255.8433},""volume"":{""V1_rvol_day"":{""value"":0.45093968922781075,""score"":0},""V2_rvol_sameslot"":{""value"":0.9042907253298824,""score"":26.952715021992162,""status"":""ok""},""V3_breakout_bar"":{""value"":0.6001823704995314,""score"":6.678824699968759},""V4_base_dryup"":{""value"":0.8571687743756621,""score"":64.28312256243379},""V5_bo_expansion"":{""value"":0.4509396892278108,""score"":0},""_score"":19.92},""readiness"":{""_distance_atr"":3.534,""BR1_atr_distance"":{""score"":0},""BR2_compression"":{""score"":8.859317820181438},""BR3_retest"":{""score"":50.0},""BR4_bo_age"":{""score"":50.0},""_score"":19.71},""risk"":{""R1_stop_clarity"":{""score"":0},""R2_stop_distance_pct"":{""value"":0.8941568426448014,""score"":72.35392106612004},""R3_stop_distance_atr"":{""value"":0.32145352121802534,""score"":41.07267606090127},""R4_rr_potential"":{""value"":-4.316863990122781,""score"":0.0},""_score"":27.87},""market"":{""M1_spy_regime"":{""score"":100.0},""M3_earnings_risk"":{""value"":null,""score"":80.0},""M4_vix"":{""value"":null,""score"":60.0},""_score"":84.0},""liquidity"":{""L1_price"":{""value"":253.63,""score"":100.0},""L2_dollar_vol"":{""value"":4392061435.706343,""score"":100.0},""L3_spread_proxy"":{""value"":0.01608642510744002,""score"":83.91357489255998},""L4_volume_zscore"":{""value"":-2.483294579501965,""score"":100.0},""_score"":98.39},""pattern_structure"":{""n_contractions"":5,""contractions_pct"":[6.06,5.28,6.54,0.01,8.39],""descending_strict"":false,""final_low"":255.19,""final_pivot"":278.56,""structural_low"":255.19,""dry_up_ratio"":0.8872862045280132,""current_price"":253.63,""neckline_distance_pct"":0.09829278870796045,""base_bars"":52},""pattern_geometry_features"":{""contraction_count"":5.0,""first_contraction_pct"":0.06059781376150943,""last_contraction_pct"":0.08389574956921311,""dry_up_ratio"":0.8872862045280132,""near_monotone"":0.0,""base_depth_pct"":-0.157481743547875},""_schema_version"":""1.0""}",,,,,,,,,,
20260604T164444Z-6b270e,2026-06-04T16:44:44.043038+00:00,UEC,vcp,absent,49.01,31.8,49.6,70.3,64.0,15.2,27.4,46.7,84.0,89.7,4.77,12.39,8.43,7.68,1.97,1.92,2.34,5.04,4.48,False,,14.1253,16.8281,11.6033,18.9279,"{""trend"":{""T1_ema_stack"":{""value"":[true,false,true],""score"":66.66666666666666},""T2_ema50_slope"":{""value"":-0.17292978840260942,""score"":21.178368599565093},""T3_high_proximity"":{""value"":0.8576381299332119,""score"":28.81906496660591},""T4_rs_1m"":{""value"":-0.07111819376797657,""score"":0},""T5_rs_3m"":{""value"":-0.07937583714585061,""score"":10.312081427074695},""T6_adr_healthy"":{""value"":6.911552230860439,""score"":100.0},""_score"":31.77},""geometry"":{""sub_contraction_count"":100.0,""sub_reduction_rate"":0,""sub_pivot_tightness"":0,""sub_volume_dryup"":30.5,""sub_base_depth"":100.0,""sub_base_duration"":100.0,""_score"":49.58},""compression"":{""VC1_atr_ratio"":{""value"":0.47657549863122967,""score"":100},""VC2_range_contraction"":{""value"":0.8633649383338966,""score"":22.7725102776839},""VC3_range_pct_rank"":{""score"":89.16666666666666},""_score"":70.26},""sr_quality"":{""SR1_touches"":{""value"":4,""score"":75.0},""SR2_tightness"":{""value"":0.2735134548792802,""score"":45.44266535145758},""SR3_recency"":{""value"":265,""score"":0.0},""SR4_price_location"":{""score"":83.20150044850365},""SR5_reaction"":{""value"":1.845258703596845,""score"":92.26293517984226},""_score"":63.96,""_levels_found"":8,""_target_level"":14.3313},""volume"":{""V1_rvol_day"":{""value"":0.39895769335213455,""score"":0},""V2_rvol_sameslot"":{""value"":0.763424160830183,""score"":17.5616107220122,""status"":""ok""},""V3_breakout_bar"":{""value"":0.5431028651112033,""score"":2.8735243407468873},""V4_base_dryup"":{""value"":0.9536831990889939,""score"":54.63168009110061},""V5_bo_expansion"":{""value"":0.3989576933521347,""score"":0},""_score"":15.16},""readiness"":{""_distance_atr"":2.696,""BR1_atr_distance"":{""score"":0},""BR2_compression"":{""score"":39.50311745758741},""BR3_retest"":{""score"":50.0},""BR4_bo_age"":{""score"":50.0},""_score"":27.38},""risk"":{""R1_stop_clarity"":{""score"":64.7539056656194},""R2_stop_distance_pct"":{""value"":17.854488046271584,""score"":0.0},""R3_stop_distance_atr"":{""value"":2.515298526069828,""score"":100.0},""R4_rr_potential"":{""value"":1.9042823156225224,""score"":45.21411578112612},""_score"":46.71},""market"":{""M1_spy_regime"":{""score"":100.0},""M3_earnings_risk"":{""value"":null,""score"":80.0},""M4_vix"":{""value"":null,""score"":60.0},""_score"":84.0},""liquidity"":{""L1_price"":{""value"":14.1253,""score"":100.0},""L2_dollar_vol"":{""value"":50367065.45082193,""score"":85.10733240923334},""L3_spread_proxy"":{""value"":0.043538898288885915,""score"":56.46110171111408},""L4_volume_zscore"":{""value"":-1.97486547776214,""score"":100.0},""_score"":89.69},""pattern_structure"":{""n_contractions"":5,""contractions_pct"":[11.56,12.83,11.23,16.33,30.0],""descending_strict"":false,""final_low"":11.78,""final_pivot"":16.8281,""structural_low"":11.78,""dry_up_ratio"":0.8473900596398335,""current_price"":14.1253,""neckline_distance_pct"":0.19134460861008262,""base_bars"":38},""pattern_geometry_features"":{""contraction_count"":5.0,""first_contraction_pct"":0.11562126255421543,""last_contraction_pct"":0.299980389943012,""dry_up_ratio"":0.8473900596398335,""near_monotone"":0.0,""base_depth_pct"":0.15128460064266058},""_schema_version"":""1.0""}",,,,,,,,,,
20260604T164444Z-6b270e,2026-06-04T16:44:44.043038+00:00,LEU,double_bottom,forming,49.01,5.0,56.6,68.8,71.2,7.6,55.2,60.7,84.0,90.9,0.75,14.15,5.51,9.97,0.99,4.42,3.64,5.04,4.55,False,,182.5,189.27,165.2928,210.73,"{""trend"":{""T1_ema_stack"":{""value"":[false,false,false],""score"":0.0},""T2_ema50_slope"":{""value"":-0.40570058320768,""score"":0},""T3_high_proximity"":{""value"":0.7889503717793533,""score"":0},""T4_rs_1m"":{""value"":-0.15952647471777526,""score"":0},""T5_rs_3m"":{""value"":-0.17105376906441494,""score"":0},""T6_adr_healthy"":{""value"":6.838860515206113,""score"":100.0},""_score"":5.0},""geometry"":{""sub_low_similarity"":39.1,""sub_bounce_quality"":100,""sub_separation_fit"":60.0,""sub_right_bottom_reaction"":65.9,""sub_base_context"":30.0,""_score"":56.62},""compression"":{""VC1_atr_ratio"":{""value"":0.4048181889397317,""score"":100},""VC2_range_contraction"":{""value"":0.926830443842407,""score"":12.194926026265504},""VC3_range_pct_rank"":{""score"":98.33333333333333},""_score"":68.85},""sr_quality"":{""SR1_touches"":{""value"":8,""score"":100},""SR2_tightness"":{""value"":3.3574534620750938,""score"":46.07131641614944},""SR3_recency"":{""value"":233,""score"":0.0},""SR4_price_location"":{""score"":77.18891505162107},""SR5_reaction"":{""value"":2.3895787584241432,""score"":100},""_score"":71.21,""_levels_found"":6,""_target_level"":187.7475},""volume"":{""V1_rvol_day"":{""value"":0.3365951615144972,""score"":0},""V2_rvol_sameslot"":{""value"":0.6392123319055989,""score"":9.280822127039928,""status"":""ok""},""V3_breakout_bar"":{""value"":0.49317427482778553,""score"":0},""V4_base_dryup"":{""value"":1.2121708236392306,""score"":28.782917636076945},""V5_bo_expansion"":{""value"":0.3365951615144972,""score"":0},""_score"":7.61},""readiness"":{""_distance_atr"":0.544,""BR1_atr_distance"":{""score"":63.752569024241126},""BR2_compression"":{""score"":48.747701694963695},""BR3_retest"":{""score"":50.0},""BR4_bo_age"":{""score"":50.0},""_score"":55.19},""risk"":{""R1_stop_clarity"":{""score"":59.568587497504346},""R2_stop_distance_pct"":{""value"":9.42857534246576,""score"":64.28561643835602},""R3_stop_distance_atr"":{""value"":1.3819386600765038,""score"":94.09693300382519},""R4_rr_potential"":{""value"":1.6405970773777179,""score"":32.029853868885894},""_score"":60.66},""market"":{""M1_spy_regime"":{""score"":100.0},""M3_earnings_risk"":{""value"":null,""score"":80.0},""M4_vix"":{""value"":null,""score"":60.0},""_score"":84.0},""liquidity"":{""L1_price"":{""value"":182.5,""score"":100.0},""L2_dollar_vol"":{""value"":53152111.97334251,""score"":86.27602628411886},""L3_spread_proxy"":{""value"":0.03591068493150681,""score"":64.08931506849319},""L4_volume_zscore"":{""value"":-2.2158392984321087,""score"":100.0},""_score"":90.92},""pattern_structure"":{""left_low"":167.81,""left_idx"":23,""right_low"":173.0,""right_idx"":59,""separation_bars"":36,""structural_low"":167.81,""current_price"":183.2,""neckline_distance_pct"":0.033133187772925884,""base_bars"":36},""pattern_geometry_features"":{""low_similarity_pct"":0.03045685279187816,""bounce_pct"":0.12788272450986238,""right_bottom_reaction"":0.6594399277326121,""atr_pct"":0.06822716242661447},""_schema_version"":""1.0""}",,,,,,,,,,
20260604T164444Z-6b270e,2026-06-04T16:44:44.043038+00:00,IBM,ascending_triangle,forming,48.96,75.7,59.0,7.7,43.1,3.7,30.3,42.2,84.0,96.9,11.35,16.52,0.62,6.03,0.44,2.42,1.69,5.04,4.85,False,,301.65,329.88,241.7682,414.31,"{""trend"":{""T1_ema_stack"":{""value"":[true,true,false],""score"":66.66666666666666},""T2_ema50_slope"":{""value"":0.08600273191899815,""score"":64.33378865316637},""T3_high_proximity"":{""value"":0.9162287762354584,""score"":58.11438811772918},""T4_rs_1m"":{""value"":0.27179955108400033,""score"":100},""T5_rs_3m"":{""value"":0.06537455939898118,""score"":82.68727969949059},""T6_adr_healthy"":{""value"":4.033264097353357,""score"":100.0},""_score"":75.65},""geometry"":{""sub_flat_top_quality"":66.7,""sub_hl_slope"":100,""sub_compression"":0,""sub_duration"":60.0,""_score"":59.01},""compression"":{""VC1_atr_ratio"":{""value"":1.3044424092584677,""score"":0},""VC2_range_contraction"":{""value"":2.1483669032566763,""score"":0},""VC3_range_pct_rank"":{""score"":30.833333333333336},""_score"":7.71},""sr_quality"":{""SR1_touches"":{""value"":2,""score"":25.0},""SR2_tightness"":{""value"":1.4050000000000011,""score"":81.93513547270798},""SR3_recency"":{""value"":323,""score"":0.0},""SR4_price_location"":{""score"":51.000418585182025},""SR5_reaction"":{""value"":1.4030806701357563,""score"":70.15403350678781},""_score"":43.06,""_levels_found"":6,""_target_level"":311.405},""volume"":{""V1_rvol_day"":{""value"":0.4081880011862909,""score"":0},""V2_rvol_sameslot"":{""value"":0.7763225763420429,""score"":18.421505089469527,""status"":""ok""},""V3_breakout_bar"":{""value"":0.46855591185618034,""score"":0},""V4_base_dryup"":{""value"":1.7321086222245154,""score"":0},""V5_bo_expansion"":{""value"":0.4081880011862909,""score"":0},""_score"":3.68},""readiness"":{""_distance_atr"":1.815,""BR1_atr_distance"":{""score"":0},""BR2_compression"":{""score"":51.06022220125003},""BR3_retest"":{""score"":50.0},""BR4_bo_age"":{""score"":50.0},""_score"":30.27},""risk"":{""R1_stop_clarity"":{""score"":52.66169752785966},""R2_stop_distance_pct"":{""value"":19.851400629869048,""score"":0.0},""R3_stop_distance_atr"":{""value"":3.8496644178190995,""score"":100.0},""R4_rr_potential"":{""value"":1.8813745423271708,""score"":44.068727116358545},""_score"":42.25},""market"":{""M1_spy_regime"":{""score"":100.0},""M3_earnings_risk"":{""value"":null,""score"":80.0},""M4_vix"":{""value"":null,""score"":60.0},""_score"":84.0},""liquidity"":{""L1_price"":{""value"":301.65,""score"":100.0},""L2_dollar_vol"":{""value"":1438738975.9470484,""score"":100.0},""L3_spread_proxy"":{""value"":0.030631526603679793,""score"":69.36847339632021},""L4_volume_zscore"":{""value"":-0.8053101198077536,""score"":100.0},""_score"":96.94},""pattern_structure"":{""top"":329.88,""top_touches"":3,""low_slope_per_bar"":1.4892194380733943,""lowest_low"":245.45,""structural_low"":245.45,""current_price"":303.21,""neckline_distance_pct"":0.08795884040763832,""base_bars"":68},""pattern_geometry_features"":{""top_touches"":3.0,""low_slope"":1.4892194380733943,""compression"":-1.1203515530462536,""atr_pct"":0.05156657431744455},""_schema_version"":""1.0""}",,,,,,,,,,
20260604T164444Z-6b270e,2026-06-04T16:44:44.043038+00:00,POWI,vcp,absent,48.95,98.6,35.5,40.6,41.5,2.7,40.1,62.0,84.0,83.1,14.79,8.86,4.87,4.98,0.35,2.81,3.1,5.04,4.16,False,,85.41,89.0,79.0857,62.21,"{""trend"":{""T1_ema_stack"":{""value"":[true,true,true],""score"":100.0},""T2_ema50_slope"":{""value"":0.592184030993659,""score"":100},""T3_high_proximity"":{""value"":0.980934879981624,""score"":90.46743999081197},""T4_rs_1m"":{""value"":0.06279272368455824,""score"":100},""T5_rs_3m"":{""value"":0.6760267173696661,""score"":100},""T6_adr_healthy"":{""value"":6.5520845702238955,""score"":100.0},""_score"":98.57},""geometry"":{""sub_contraction_count"":100.0,""sub_reduction_rate"":0,""sub_pivot_tightness"":3.0,""sub_volume_dryup"":0,""sub_base_depth"":0.0,""sub_base_duration"":100.0,""_score"":35.45},""compression"":{""VC1_atr_ratio"":{""value"":0.6712276117679036,""score"":82.1930970580241},""VC2_range_contraction"":{""value"":0.9495684110119087,""score"":8.405264831348552},""VC3_range_pct_rank"":{""score"":19.166666666666664},""_score"":40.61},""sr_quality"":{""SR1_touches"":{""value"":2,""score"":25.0},""SR2_tightness"":{""value"":0.6494499999999945,""score"":76.38624307706311},""SR3_recency"":{""value"":228,""score"":0.0},""SR4_price_location"":{""score"":30.0},""SR5_reaction"":{""value"":2.36317549361434,""score"":100},""_score"":41.46,""_levels_found"":7,""_target_level"":80.9394},""volume"":{""V1_rvol_day"":{""value"":0.2320933767157961,""score"":0},""V2_rvol_sameslot"":{""value"":0.4678449953595672,""score"":0,""status"":""ok""},""V3_breakout_bar"":{""value"":0.5713960422830304,""score"":4.759736152202029},""V4_base_dryup"":{""value"":1.4261024656209842,""score"":7.389753437901575},""V5_bo_expansion"":{""value"":0.2320933767157961,""score"":0},""_score"":2.67},""readiness"":{""_distance_atr"":0.653,""BR1_atr_distance"":{""score"":56.48965157525896},""BR2_compression"":{""score"":0},""BR3_retest"":{""score"":50.0},""BR4_bo_age"":{""score"":50.0},""_score"":40.1},""risk"":{""R1_stop_clarity"":{""score"":56.210288474648706},""R2_stop_distance_pct"":{""value"":7.404695000585407,""score"":100.0},""R3_stop_distance_atr"":{""value"":1.1497548971866736,""score"":82.48774485933367},""R4_rr_potential"":{""value"":-3.6683611754567695,""score"":0.0},""_score"":62.05},""market"":{""M1_spy_regime"":{""score"":100.0},""M3_earnings_risk"":{""value"":null,""score"":80.0},""M4_vix"":{""value"":null,""score"":60.0},""_score"":84.0},""liquidity"":{""L1_price"":{""value"":85.41,""score"":100.0},""L2_dollar_vol"":{""value"":28601660.71566531,""score"":72.81956252832305},""L3_spread_proxy"":{""value"":0.060180306755649234,""score"":39.819693244350766},""L4_volume_zscore"":{""value"":-1.4399385484085172,""score"":100.0},""_score"":83.11},""pattern_structure"":{""n_contractions"":5,""contractions_pct"":[6.39,14.92,15.93,13.44,9.79],""descending_strict"":false,""final_low"":80.29,""final_pivot"":89.0,""structural_low"":80.29,""dry_up_ratio"":1.226007421167826,""current_price"":85.41,""neckline_distance_pct"":0.042032548881863994,""base_bars"":41},""pattern_geometry_features"":{""contraction_count"":5.0,""first_contraction_pct"":0.06392523364485984,""last_contraction_pct"":0.09786516853932577,""dry_up_ratio"":1.226007421167826,""near_monotone"":0.0,""base_depth_pct"":-0.500747663551402},""_schema_version"":""1.0""}",,,,,,,,,,
20260604T164444Z-6b270e,2026-06-04T16:44:44.043038+00:00,NVT,bull_flag,absent,48.91,88.0,34.5,43.1,42.5,15.2,49.2,61.0,84.0,93.5,12.33,10.34,3.88,4.25,2.13,4.43,1.83,5.04,4.68,False,,175.675,178.0,163.1259,193.73,"{""trend"":{""T1_ema_stack"":{""value"":[true,true,true],""score"":100.0},""T2_ema50_slope"":{""value"":0.5500670052095327,""score"":100},""T3_high_proximity"":{""value"":0.9959464822268838,""score"":97.97324111344186},""T4_rs_1m"":{""value"":-0.00829552645810372,""score"":41.70447354189628},""T5_rs_3m"":{""value"":0.4786803220053082,""score"":100},""T6_adr_healthy"":{""value"":3.88344348346228,""score"":100.0},""_score"":88.04},""geometry"":{""sub_pole_impulse"":32.2,""sub_flag_tightness"":0,""sub_flag_shallowness"":0,""sub_flag_drift"":98.8,""sub_flag_duration"":100.0,""_score"":34.48},""compression"":{""VC1_atr_ratio"":{""value"":0.38811344256710184,""score"":100},""VC2_range_contraction"":{""value"":1.002721373844078,""score"":0},""VC3_range_pct_rank"":{""score"":12.5},""_score"":43.12},""sr_quality"":{""SR1_touches"":{""value"":2,""score"":25.0},""SR2_tightness"":{""value"":0.6103999999999985,""score"":83.58886118149988},""SR3_recency"":{""value"":251,""score"":0.0},""SR4_price_location"":{""score"":30.0},""SR5_reaction"":{""value"":2.938007891004657,""score"":100},""_score"":42.54,""_levels_found"":6,""_target_level"":135.3054},""volume"":{""V1_rvol_day"":{""value"":0.2955632189730912,""score"":0},""V2_rvol_sameslot"":{""value"":0.4586586535076058,""score"":0,""status"":""ok""},""V3_breakout_bar"":{""value"":0.42305741565375826,""score"":0},""V4_base_dryup"":{""value"":0.7391534530813438,""score"":76.08465469186561},""V5_bo_expansion"":{""value"":0.2955632189730913,""score"":0},""_score"":15.22},""readiness"":{""_distance_atr"":0.313,""BR1_atr_distance"":{""score"":79.16344596274973},""BR2_compression"":{""score"":0},""BR3_retest"":{""score"":50.0},""BR4_bo_age"":{""score"":50.0},""_score"":49.17},""risk"":{""R1_stop_clarity"":{""score"":33.21145069466387},""R2_stop_distance_pct"":{""value"":7.143389782268391,""score"":100.0},""R3_stop_distance_atr"":{""value"":1.6869744651390997,""score"":100.0},""R4_rr_potential"":{""value"":1.438742863062437,""score"":21.937143153121852},""_score"":61.01},""market"":{""M1_spy_regime"":{""score"":100.0},""M3_earnings_risk"":{""value"":null,""score"":80.0},""M4_vix"":{""value"":null,""score"":60.0},""_score"":84.0},""liquidity"":{""L1_price"":{""value"":175.675,""score"":100.0},""L2_dollar_vol"":{""value"":93910938.52449067,""score"":98.63580904043539},""L3_spread_proxy"":{""value"":0.059086381101465746,""score"":40.91361889853425},""L4_volume_zscore"":{""value"":-2.6304883832593324,""score"":100.0},""_score"":93.55},""pattern_structure"":{""pole_low"":162.27,""pole_low_idx"":34,""peak_price"":178.0,""peak_idx"":45,""pole_gain"":0.09693720342638805,""flag_bars"":14,""flag_low"":165.61,""flag_high"":177.45,""structural_low"":165.61,""current_price"":175.675,""neckline_distance_pct"":0.013234666287177963,""base_bars"":14},""pattern_geometry_features"":{""pole_gain"":0.09693720342638805,""pullback_pct"":0.06960674157303363,""flag_range_pct"":0.06651685393258414,""flag_drift_per_bar"":-0.0002373576331168173,""atr_pct"":0.042344385939945946,""pole_atr_multiple"":2.2892575078043933},""_schema_version"":""1.0""}",,,,,,,,,,
20260604T164444Z-6b270e,2026-06-04T16:44:44.043038+00:00,AOSL,ascending_triangle,absent,48.88,96.2,44.3,25.9,39.7,2.1,43.4,45.6,84.0,76.5,14.43,12.41,2.07,5.56,0.25,3.47,1.82,5.04,3.83,False,,51.76,54.34,42.4831,65.5499,"{""trend"":{""T1_ema_stack"":{""value"":[true,true,true],""score"":100.0},""T2_ema50_slope"":{""value"":0.6616895288421489,""score"":100},""T3_high_proximity"":{""value"":0.9707426856714179,""score"":85.3713428357089},""T4_rs_1m"":{""value"":0.13780889982808264,""score"":100},""T5_rs_3m"":{""value"":1.4595902977203052,""score"":100},""T6_adr_healthy"":{""value"":9.27021115587011,""score"":68.24472110324726},""_score"":96.22},""geometry"":{""sub_flat_top_quality"":33.3,""sub_hl_slope"":64.4,""sub_compression"":0,""sub_duration"":100.0,""_score"":44.31},""compression"":{""VC1_atr_ratio"":{""value"":0.7846814433360262,""score"":53.82963916599345},""VC2_range_contraction"":{""value"":1.2224163146267504,""score"":0},""VC3_range_pct_rank"":{""score"":17.500000000000004},""_score"":25.91},""sr_quality"":{""SR1_touches"":{""value"":2,""score"":25.0},""SR2_tightness"":{""value"":0.23495000000000132,""score"":90.35550036724331},""SR3_recency"":{""value"":228,""score"":0.0},""SR4_price_location"":{""score"":30.0},""SR5_reaction"":{""value"":1.488031971429786,""score"":74.4015985714893},""_score"":39.71,""_levels_found"":4,""_target_level"":43.365},""volume"":{""V1_rvol_day"":{""value"":0.3320495233212009,""score"":0},""V2_rvol_sameslot"":{""value"":0.4024519021294509,""score"":0,""status"":""ok""},""V3_breakout_bar"":{""value"":0.27323950476920367,""score"":0},""V4_base_dryup"":{""value"":1.397093897228708,""score"":10.290610277129204},""V5_bo_expansion"":{""value"":0.3320495233212009,""score"":0},""_score"":2.06},""readiness"":{""_distance_atr"":0.53,""BR1_atr_distance"":{""score"":64.69772426401052},""BR2_compression"":{""score"":0},""BR3_retest"":{""score"":50.0},""BR4_bo_age"":{""score"":50.0},""_score"":43.38},""risk"":{""R1_stop_clarity"":{""score"":73.44318576649772},""R2_stop_distance_pct"":{""value"":17.922819744976813,""score"":0.0},""R3_stop_distance_atr"":{""value"":1.904034707062947,""score"":100.0},""R4_rr_potential"":{""value"":1.4864849351097202,""score"":24.324246755486012},""_score"":45.57},""market"":{""M1_spy_regime"":{""score"":100.0},""M3_earnings_risk"":{""value"":null,""score"":80.0},""M4_vix"":{""value"":null,""score"":60.0},""_score"":84.0},""liquidity"":{""L1_price"":{""value"":51.76,""score"":100.0},""L2_dollar_vol"":{""value"":18224269.34092248,""score"":63.032506266327594},""L3_spread_proxy"":{""value"":0.0867465224111282,""score"":13.253477588871803},""L4_volume_zscore"":{""value"":-1.48491355518402,""score"":100.0},""_score"":76.54},""pattern_structure"":{""top"":54.34,""top_touches"":2,""low_slope_per_bar"":0.0833461629279805,""lowest_low"":43.1301,""structural_low"":43.1301,""current_price"":51.76,""neckline_distance_pct"":0.049845440494590526,""base_bars"":24},""pattern_geometry_features"":{""top_touches"":2.0,""low_slope"":0.0833461629279805,""compression"":-0.7821425253182195,""atr_pct"":0.09413074078162952},""_schema_version"":""1.0""}",,,,,,,,,,
20260604T164444Z-6b270e,2026-06-04T16:44:44.043038+00:00,MU,bull_flag,absent,48.77,95.4,38.3,24.6,55.1,19.6,27.9,80.0,84.0,70.4,13.35,11.48,2.21,5.51,2.74,2.51,2.4,5.04,3.52,False,,1012.91,1088.71,957.1048,1272.64,"{""trend"":{""T1_ema_stack"":{""value"":[true,true,true],""score"":100.0},""T2_ema50_slope"":{""value"":1.064879252817208,""score"":100},""T3_high_proximity"":{""value"":0.9382531934010764,""score"":69.12659670053817},""T4_rs_1m"":{""value"":0.5369006300909467,""score"":100},""T5_rs_3m"":{""value"":1.4406696506992698,""score"":100},""T6_adr_healthy"":{""value"":6.4926226939036376,""score"":100.0},""_score"":95.37},""geometry"":{""sub_pole_impulse"":50.3,""sub_flag_tightness"":20.8,""sub_flag_shallowness"":0,""sub_flag_drift"":53.3,""sub_flag_duration"":100.0,""_score"":38.28},""compression"":{""VC1_atr_ratio"":{""value"":1.0221952787750146,""score"":0},""VC2_range_contraction"":{""value"":0.8322439144338385,""score"":27.959347594360253},""VC3_range_pct_rank"":{""score"":59.166666666666664},""_score"":24.58},""sr_quality"":{""SR1_touches"":{""value"":5,""score"":100},""SR2_tightness"":{""value"":13.824114857798305,""score"":59.56842341137626},""SR3_recency"":{""value"":257,""score"":0.0},""SR4_price_location"":{""score"":30.0},""SR5_reaction"":{""value"":1.1564841056962247,""score"":57.824205284811235},""_score"":55.11,""_levels_found"":2,""_target_level"":447.68},""volume"":{""V1_rvol_day"":{""value"":0.6134526048136981,""score"":7.563506987579875},""V2_rvol_sameslot"":{""value"":0.870770081632874,""score"":24.718005442191597,""status"":""ok""},""V3_breakout_bar"":{""value"":0.7860302933314303,""score"":19.06868622209535},""V4_base_dryup"":{""value"":1.0827205049799609,""score"":41.727949502003916},""V5_bo_expansion"":{""value"":0.6134526048136982,""score"":0},""_score"":19.57},""readiness"":{""_distance_atr"":1.108,""BR1_atr_distance"":{""score"":26.10223663641773},""BR2_compression"":{""score"":0},""BR3_retest"":{""score"":50.0},""BR4_bo_age"":{""score"":50.0},""_score"":27.94},""risk"":{""R1_stop_clarity"":{""score"":57.37171448904157},""R2_stop_distance_pct"":{""value"":5.50939372698463,""score"":100.0},""R3_stop_distance_atr"":{""value"":0.8160711340482938,""score"":65.8035567024147},""R4_rr_potential"":{""value"":4.654225771075098,""score"":100.0},""_score"":79.95},""market"":{""M1_spy_regime"":{""score"":100.0},""M3_earnings_risk"":{""value"":null,""score"":80.0},""M4_vix"":{""value"":null,""score"":60.0},""_score"":84.0},""liquidity"":{""L1_price"":{""value"":1012.91,""score"":0.0},""L2_dollar_vol"":{""value"":33502267160.927437,""score"":100.0},""L3_spread_proxy"":{""value"":0.045561797198171695,""score"":54.438202801828304},""L4_volume_zscore"":{""value"":-1.598137011084624,""score"":100.0},""_score"":70.44},""pattern_structure"":{""pole_low"":904.78,""pole_low_idx"":27,""peak_price"":1088.71,""peak_idx"":51,""pole_gain"":0.2032869868918412,""flag_bars"":8,""flag_low"":971.68,""flag_high"":1076.88,""structural_low"":971.68,""current_price"":1017.7199,""neckline_distance_pct"":0.06975406494458837,""base_bars"":8},""pattern_geometry_features"":{""pole_gain"":0.2032869868918412,""pullback_pct"":0.10749419037209182,""flag_range_pct"":0.09662811951759435,""flag_drift_per_bar"":-0.009338518809125614,""atr_pct"":0.0675111947613453,""pole_atr_multiple"":3.0111596693032703},""_schema_version"":""1.0""}",,,,,,,,,,
20260604T164444Z-6b270e,2026-06-04T16:44:44.043038+00:00,HEI,cup_with_handle,absent,48.76,75.0,47.3,49.0,49.1,5.4,17.5,65.2,84.0,93.7,10.5,14.19,3.92,5.89,0.7,1.4,3.26,4.2,4.69,True,risk_unclear,332.79,351.99,322.3413,435.988,"{""trend"":{""T1_ema_stack"":{""value"":[true,true,false],""score"":66.66666666666666},""T2_ema50_slope"":{""value"":0.18738117423194303,""score"":81.23019570532384},""T3_high_proximity"":{""value"":0.9557987247975186,""score"":77.89936239875928},""T4_rs_1m"":{""value"":0.15470155066694935,""score"":100},""T5_rs_3m"":{""value"":-0.027682776962019817,""score"":36.15861151899009},""T6_adr_healthy"":{""value"":2.954590200353372,""score"":100.0},""_score"":75.02},""geometry"":{""sub_cup_depth"":100.0,""sub_cup_duration"":0.0,""sub_rim_symmetry"":30.1,""sub_handle_shallowness"":41.4,""sub_handle_proportion"":73.0,""sub_u_shape"":38.1,""_score"":47.31},""compression"":{""VC1_atr_ratio"":{""value"":0.7942544821294099,""score"":51.436379467647534},""VC2_range_contraction"":{""value"":0.8689558765655199,""score"":21.840687239080022},""VC3_range_pct_rank"":{""score"":83.33333333333334},""_score"":49.05},""sr_quality"":{""SR1_touches"":{""value"":2,""score"":25.0},""SR2_tightness"":{""value"":1.4778499999999894,""score"":73.78034948720014},""SR3_recency"":{""value"":309,""score"":0.0},""SR4_price_location"":{""score"":70.83524416948758},""SR5_reaction"":{""value"":1.7098748065832066,""score"":85.49374032916033},""_score"":49.1,""_levels_found"":6,""_target_level"":338.6302},""volume"":{""V1_rvol_day"":{""value"":0.21848001973583145,""score"":0},""V2_rvol_sameslot"":{""value"":0.456093747236707,""score"":0,""status"":""ok""},""V3_breakout_bar"":{""value"":0.4788546738683735,""score"":0},""V4_base_dryup"":{""value"":1.2299381116549466,""score"":27.006188834505338},""V5_bo_expansion"":{""value"":0.2184800197358315,""score"":0},""_score"":5.4},""readiness"":{""_distance_atr"":1.703,""BR1_atr_distance"":{""score"":0},""BR2_compression"":{""score"":0},""BR3_retest"":{""score"":50.0},""BR4_bo_age"":{""score"":50.0},""_score"":17.5},""risk"":{""R1_stop_clarity"":{""score"":12.910167165336702},""R2_stop_distance_pct"":{""value"":3.1397427807325995,""score"":100.0},""R3_stop_distance_atr"":{""value"":0.9268957380506138,""score"":71.34478690253069},""R4_rr_potential"":{""value"":9.876588108625414,""score"":100.0},""_score"":65.22},""market"":{""M1_spy_regime"":{""score"":100.0},""M3_earnings_risk"":{""value"":null,""score"":80.0},""M4_vix"":{""value"":null,""score"":60.0},""_score"":84.0},""liquidity"":{""L1_price"":{""value"":332.79,""score"":100.0},""L2_dollar_vol"":{""value"":60119324.62038186,""score"":88.9507046542192},""L3_spread_proxy"":{""value"":0.018690465458697587,""score"":81.30953454130241},""L4_volume_zscore"":{""value"":-2.224721956569601,""score"":100.0},""_score"":93.71},""pattern_structure"":{""left_rim"":340.108,""left_rim_idx"":69,""cup_bottom"":256.11,""cup_bottom_idx"":154,""right_rim"":351.99,""right_rim_idx"":174,""handle_low"":327.25,""handle_bars"":5,""cup_bars"":105,""structural_low"":327.25,""current_price"":332.79,""neckline_distance_pct"":0.057694041287298256,""base_bars"":110},""pattern_geometry_features"":{""cup_depth_pct"":0.24697449045597278,""rim_symmetry_pct"":0.034935961518106025,""handle_depth_pct"":0.07028608767294528,""handle_to_cup_ratio"":0.047619047619047616,""cup_duration_bars"":105.0,""atr_pct"":0.03387374277214717,""u_shape_score"":0.19047619047619047},""_schema_version"":""1.0""}",,,,,,,,,,
20260604T164444Z-6b270e,2026-06-04T16:44:44.043038+00:00,VRT,vcp,absent,48.54,60.4,37.6,59.6,44.2,24.4,24.6,58.5,84.0,95.0,9.06,9.41,7.15,5.31,3.17,1.72,2.93,5.04,4.75,False,,319.7399,343.31,302.6906,318.0599,"{""trend"":{""T1_ema_stack"":{""value"":[false,true,true],""score"":66.66666666666666},""T2_ema50_slope"":{""value"":0.4096056408081596,""score"":100},""T3_high_proximity"":{""value"":0.8498522180581026,""score"":24.92610902905129},""T4_rs_1m"":{""value"":-0.10767813989309005,""score"":0},""T5_rs_3m"":{""value"":0.16982020707355128,""score"":100},""T6_adr_healthy"":{""value"":5.245176150236215,""score"":100.0},""_score"":60.41},""geometry"":{""sub_contraction_count"":100.0,""sub_reduction_rate"":0,""sub_pivot_tightness"":0,""sub_volume_dryup"":17.6,""sub_base_depth"":0.0,""sub_base_duration"":100.0,""_score"":37.64},""compression"":{""VC1_atr_ratio"":{""value"":0.3499974832290076,""score"":100},""VC2_range_contraction"":{""value"":0.8466443529163324,""score"":25.559274513944597},""VC3_range_pct_rank"":{""score"":42.50000000000001},""_score"":59.57},""sr_quality"":{""SR1_touches"":{""value"":3,""score"":50.0},""SR2_tightness"":{""value"":2.9463683487756054,""score"":69.15806766083762},""SR3_recency"":{""value"":230,""score"":0.0},""SR4_price_location"":{""score"":30.0},""SR5_reaction"":{""value"":1.5131156907643664,""score"":75.65578453821831},""_score"":44.22,""_levels_found"":7,""_target_level"":311.3367},""volume"":{""V1_rvol_day"":{""value"":0.6393442818731998,""score"":9.289618791546655},""V2_rvol_sameslot"":{""value"":0.7177370678246467,""score"":14.515804521643116,""status"":""ok""},""V3_breakout_bar"":{""value"":0.6157195864416221,""score"":7.7146390961081375},""V4_base_dryup"":{""value"":0.6148049048962035,""score"":88.51950951037965},""V5_bo_expansion"":{""value"":0.6393442818731998,""score"":0},""_score"":24.39},""readiness"":{""_distance_atr"":1.234,""BR1_atr_distance"":{""score"":17.75780176643758},""BR2_compression"":{""score"":0},""BR3_retest"":{""score"":50.0},""BR4_bo_age"":{""score"":50.0},""_score"":24.6},""risk"":{""R1_stop_clarity"":{""score"":51.74875760549534},""R2_stop_distance_pct"":{""value"":5.332240830750249,""score"":100.0},""R3_stop_distance_atr"":{""value"":0.8923415897939164,""score"":69.61707948969583},""R4_rr_potential"":{""value"":-0.09853776120974508,""score"":0.0},""_score"":58.55},""market"":{""M1_spy_regime"":{""score"":100.0},""M3_earnings_risk"":{""value"":null,""score"":80.0},""M4_vix"":{""value"":null,""score"":60.0},""_score"":84.0},""liquidity"":{""L1_price"":{""value"":319.7399,""score"":100.0},""L2_dollar_vol"":{""value"":1151417299.8797884,""score"":100.0},""L3_spread_proxy"":{""value"":0.04954964957454487,""score"":50.45035042545513},""L4_volume_zscore"":{""value"":-1.3689744523783132,""score"":100.0},""_score"":95.05},""pattern_structure"":{""n_contractions"":5,""contractions_pct"":[17.85,6.33,11.02,17.29,10.49],""descending_strict"":false,""final_low"":307.3001,""final_pivot"":343.31,""structural_low"":307.3001,""dry_up_ratio"":0.9119907521891099,""current_price"":319.7399,""neckline_distance_pct"":0.07371648017654359,""base_bars"":44},""pattern_geometry_features"":{""contraction_count"":5.0,""first_contraction_pct"":0.1785144477929446,""last_contraction_pct"":0.1048903323526842,""dry_up_ratio"":0.9119907521891099,""near_monotone"":0.0,""base_depth_pct"":-0.08952348874313056},""_schema_version"":""1.0""}",,,,,,,,,,
20260604T164444Z-6b270e,2026-06-04T16:44:44.043038+00:00,NNE,ascending_triangle,invalidated,48.5,52.5,55.0,57.4,48.0,3.4,33.2,36.9,84.0,86.8,7.88,15.4,4.59,6.72,0.4,2.66,1.48,5.04,4.34,False,,25.3684,31.59,26.0335,36.75,"{""trend"":{""T1_ema_stack"":{""value"":[false,true,false],""score"":33.33333333333333},""T2_ema50_slope"":{""value"":0.24862810067411883,""score"":91.43801677901982},""T3_high_proximity"":{""value"":0.8298462544978737,""score"":14.92312724893685},""T4_rs_1m"":{""value"":0.06883824922264958,""score"":100},""T5_rs_3m"":{""value"":-0.11830387210926852,""score"":0},""T6_adr_healthy"":{""value"":9.064997645696799,""score"":73.37505885758003},""_score"":52.53},""geometry"":{""sub_flat_top_quality"":33.3,""sub_hl_slope"":100,""sub_compression"":0,""sub_duration"":100.0,""_score"":54.99},""compression"":{""VC1_atr_ratio"":{""value"":0.6738034945761389,""score"":81.54912635596529},""VC2_range_contraction"":{""value"":1.0918902236185395,""score"":0},""VC3_range_pct_rank"":{""score"":99.16666666666667},""_score"":57.41},""sr_quality"":{""SR1_touches"":{""value"":2,""score"":25.0},""SR2_tightness"":{""value"":0.2550000000000008,""score"":81.58341372319401},""SR3_recency"":{""value"":299,""score"":0.0},""SR4_price_location"":{""score"":74.87224297939015},""SR5_reaction"":{""value"":1.2693000149602522,""score"":63.46500074801261},""_score"":47.98,""_levels_found"":6,""_target_level"":26.295},""volume"":{""V1_rvol_day"":{""value"":0.458217013554582,""score"":0},""V2_rvol_sameslot"":{""value"":0.6172793210336829,""score"":7.818621402245525,""status"":""ok""},""V3_breakout_bar"":{""value"":0.2971893297923835,""score"":0},""V4_base_dryup"":{""value"":1.409601811120776,""score"":9.039818887922408},""V5_bo_expansion"":{""value"":0.45821701355458205,""score"":0},""_score"":3.37},""readiness"":{""_distance_atr"":2.247,""BR1_atr_distance"":{""score"":0},""BR2_compression"":{""score"":62.77089878164382},""BR3_retest"":{""score"":50.0},""BR4_bo_age"":{""score"":50.0},""_score"":33.19},""risk"":{""R1_stop_clarity"":{""score"":71.36762498258926},""R2_stop_distance_pct"":{""value"":-2.6219627568155537,""score"":0.0},""R3_stop_distance_atr"":{""value"":-0.24019200709838062,""score"":12.990399645080974},""R4_rr_potential"":{""value"":null,""score"":50.0},""_score"":36.93},""market"":{""M1_spy_regime"":{""score"":100.0},""M3_earnings_risk"":{""value"":null,""score"":80.0},""M4_vix"":{""value"":null,""score"":60.0},""_score"":84.0},""liquidity"":{""L1_price"":{""value"":25.3684,""score"":100.0},""L2_dollar_vol"":{""value"":32576080.537311096,""score"":75.64494150105587},""L3_spread_proxy"":{""value"":0.03504359754655395,""score"":64.95640245344605},""L4_volume_zscore"":{""value"":-1.2098083816010685,""score"":100.0},""_score"":86.75},""pattern_structure"":{""top"":31.59,""top_touches"":2,""low_slope_per_bar"":0.08483333333333336,""lowest_low"":26.43,""structural_low"":26.43,""current_price"":25.4,""neckline_distance_pct"":0.24370078740157486,""base_bars"":24},""pattern_geometry_features"":{""top_touches"":2.0,""low_slope"":0.08483333333333336,""compression"":-0.5662754187780084,""atr_pct"":0.10916111607917162},""_schema_version"":""1.0""}",,,,,,,,,,
20260604T164444Z-6b270e,2026-06-04T16:44:44.043038+00:00,OKLO,double_bottom,forming,48.4,26.6,55.6,69.7,52.4,2.3,33.5,79.2,84.0,96.2,3.99,13.91,5.58,7.34,0.3,2.68,4.75,5.04,4.81,False,,64.6666,73.805,63.0892,83.56,"{""trend"":{""T1_ema_stack"":{""value"":[false,true,false],""score"":33.33333333333333},""T2_ema50_slope"":{""value"":0.003573483567253959,""score"":50.59558059454233},""T3_high_proximity"":{""value"":0.8121904044209998,""score"":6.0952022104998616},""T4_rs_1m"":{""value"":-0.0995821668998661,""score"":0},""T5_rs_3m"":{""value"":-0.06791439336599825,""score"":16.042803317000875},""T6_adr_healthy"":{""value"":8.113603750464668,""score"":97.15990623838331},""_score"":26.63},""geometry"":{""sub_low_similarity"":64.4,""sub_bounce_quality"":100,""sub_separation_fit"":40.0,""sub_right_bottom_reaction"":28.8,""sub_base_context"":30.0,""_score"":55.64},""compression"":{""VC1_atr_ratio"":{""value"":0.39563131059756174,""score"":100},""VC2_range_contraction"":{""value"":0.9046610360913481,""score"":15.889827318108656},""VC3_range_pct_rank"":{""score"":96.66666666666667},""_score"":69.73},""sr_quality"":{""SR1_touches"":{""value"":2,""score"":25.0},""SR2_tightness"":{""value"":0.10500000000000398,""score"":96.36432887242243},""SR3_recency"":{""value"":280,""score"":0.0},""SR4_price_location"":{""score"":62.38247863247869},""SR5_reaction"":{""value"":1.9849033084607262,""score"":99.24516542303631},""_score"":52.44,""_levels_found"":8,""_target_level"":66.075},""volume"":{""V1_rvol_day"":{""value"":0.43100336780509835,""score"":0},""V2_rvol_sameslot"":{""value"":0.6730100328872393,""score"":11.534002192482617,""status"":""ok""},""V3_breakout_bar"":{""value"":0.44912184347448286,""score"":0},""V4_base_dryup"":{""value"":2.0530139749594434,""score"":0},""V5_bo_expansion"":{""value"":0.4310033678050984,""score"":0},""_score"":2.31},""readiness"":{""_distance_atr"":1.582,""BR1_atr_distance"":{""score"":0},""BR2_compression"":{""score"":63.95781427597274},""BR3_retest"":{""score"":50.0},""BR4_bo_age"":{""score"":50.0},""_score"":33.49},""risk"":{""R1_stop_clarity"":{""score"":66.73360918266661},""R2_stop_distance_pct"":{""value"":2.4392035455706695,""score"":100.0},""R3_stop_distance_atr"":{""value"":0.2730821834802033,""score"":38.654109174010166},""R4_rr_potential"":{""value"":11.977937680286544,""score"":100.0},""_score"":79.15},""market"":{""M1_spy_regime"":{""score"":100.0},""M3_earnings_risk"":{""value"":null,""score"":80.0},""M4_vix"":{""value"":null,""score"":60.0},""_score"":84.0},""liquidity"":{""L1_price"":{""value"":64.6666,""score"":100.0},""L2_dollar_vol"":{""value"":420157745.993834,""score"":100.0},""L3_spread_proxy"":{""value"":0.03788663699653303,""score"":62.11336300346697},""L4_volume_zscore"":{""value"":-1.6419254711856088,""score"":100.0},""_score"":96.21},""pattern_structure"":{""left_low"":65.2,""left_idx"":34,""right_low"":64.05,""right_idx"":73,""separation_bars"":39,""structural_low"":64.05,""current_price"":65.1,""neckline_distance_pct"":0.1337173579109065,""base_bars"":39},""pattern_geometry_features"":{""low_similarity_pct"":0.017794970986460434,""bounce_pct"":0.15230288836846229,""right_bottom_reaction"":0.2880434782608696,""atr_pct"":0.08932122610435683},""_schema_version"":""1.0""}",,,,,,,,,,
20260604T164444Z-6b270e,2026-06-04T16:44:44.043038+00:00,APH,vcp,absent,48.39,68.3,45.0,53.3,55.4,4.4,24.2,34.3,84.0,96.5,10.25,11.25,6.4,6.65,0.57,1.69,1.71,5.04,4.83,False,,146.62,154.918,119.6086,200.528,"{""trend"":{""T1_ema_stack"":{""value"":[true,true,true],""score"":100.0},""T2_ema50_slope"":{""value"":-0.12156300738000798,""score"":29.73949876999867},""T3_high_proximity"":{""value"":0.9594921798311629,""score"":79.74608991558141},""T4_rs_1m"":{""value"":0.02736931912931695,""score"":77.36931912931695},""T5_rs_3m"":{""value"":-0.03423055466881353,""score"":32.88472266559324},""T6_adr_healthy"":{""value"":4.182794325331278,""score"":100.0},""_score"":68.32},""geometry"":{""sub_contraction_count"":100.0,""sub_reduction_rate"":0,""sub_pivot_tightness"":0,""sub_volume_dryup"":0,""sub_base_depth"":100.0,""sub_base_duration"":100.0,""_score"":45.0},""compression"":{""VC1_atr_ratio"":{""value"":0.5914312746661743,""score"":100},""VC2_range_contraction"":{""value"":1.003730885423896,""score"":0},""VC3_range_pct_rank"":{""score"":53.333333333333336},""_score"":53.33},""sr_quality"":{""SR1_touches"":{""value"":4,""score"":75.0},""SR2_tightness"":{""value"":0.8111967405475642,""score"":72.64628995351214},""SR3_recency"":{""value"":250,""score"":0.0},""SR4_price_location"":{""score"":28.13855389221774},""SR5_reaction"":{""value"":2.825157792435357,""score"":100},""_score"":55.43,""_levels_found"":6,""_target_level"":155.1762},""volume"":{""V1_rvol_day"":{""value"":0.1979391736422197,""score"":0},""V2_rvol_sameslot"":{""value"":0.5287516921657586,""score"":1.916779477717238,""status"":""ok""},""V3_breakout_bar"":{""value"":0.7299458976533967,""score"":15.329726510226447},""V4_base_dryup"":{""value"":1.4927397606539619,""score"":0.7260239346038162},""V5_bo_expansion"":{""value"":0.1979391736422197,""score"":0},""_score"":4.36},""readiness"":{""_distance_atr"":1.399,""BR1_atr_distance"":{""score"":6.729948227461975},""BR2_compression"":{""score"":16.026235067729637},""BR3_retest"":{""score"":50.0},""BR4_bo_age"":{""score"":50.0},""_score"":24.2},""risk"":{""R1_stop_clarity"":{""score"":38.580355820285895},""R2_stop_distance_pct"":{""value"":18.42275951439094,""score"":0.0},""R3_stop_distance_atr"":{""value"":4.5541564351976165,""score"":72.29217824011917},""R4_rr_potential"":{""value"":1.9957462483502364,""score"":49.78731241751182},""_score"":34.3},""market"":{""M1_spy_regime"":{""score"":100.0},""M3_earnings_risk"":{""value"":null,""score"":80.0},""M4_vix"":{""value"":null,""score"":60.0},""_score"":84.0},""liquidity"":{""L1_price"":{""value"":146.62,""score"":100.0},""L2_dollar_vol"":{""value"":351758437.0042707,""score"":100.0},""L3_spread_proxy"":{""value"":0.03464738780521083,""score"":65.35261219478917},""L4_volume_zscore"":{""value"":-2.037626701845266,""score"":100.0},""_score"":96.54},""pattern_structure"":{""n_contractions"":5,""contractions_pct"":[16.19,17.17,13.57,8.49,21.62],""descending_strict"":false,""final_low"":121.43,""final_pivot"":154.918,""structural_low"":121.43,""dry_up_ratio"":1.0297386699946836,""current_price"":146.62,""neckline_distance_pct"":0.05659528031646434,""base_bars"":72},""pattern_geometry_features"":{""contraction_count"":5.0,""first_contraction_pct"":0.16187739463601528,""last_contraction_pct"":0.2161659716753379,""dry_up_ratio"":1.0297386699946836,""near_monotone"":0.0,""base_depth_pct"":0.2730483716475095},""_schema_version"":""1.0""}",,,,,,,,,,
20260604T164444Z-6b270e,2026-06-04T16:44:44.043038+00:00,LHX,vcp,invalidated,48.32,22.1,56.5,84.8,53.1,20.8,17.5,10.0,84.0,97.6,3.31,14.12,10.17,6.37,2.71,1.23,0.5,5.04,4.88,True,risk_unclear,308.51,364.27,339.7265,381.605,"{""trend"":{""T1_ema_stack"":{""value"":[false,false,true],""score"":33.33333333333333},""T2_ema50_slope"":{""value"":-0.2520677524200334,""score"":7.98870792999444},""T3_high_proximity"":{""value"":0.8309809836772073,""score"":15.490491838603626},""T4_rs_1m"":{""value"":-0.02591451477152562,""score"":24.08548522847438},""T5_rs_3m"":{""value"":-0.2536853922775355,""score"":0},""T6_adr_healthy"":{""value"":1.992101541322757,""score"":100.0},""_score"":22.07},""geometry"":{""sub_contraction_count"":100.0,""sub_reduction_rate"":3.9,""sub_pivot_tightness"":66.9,""sub_volume_dryup"":69.7,""sub_base_depth"":0.0,""sub_base_duration"":100.0,""_score"":56.47},""compression"":{""VC1_atr_ratio"":{""value"":0.4856171140034067,""score"":100},""VC2_range_contraction"":{""value"":0.6430343349696147,""score"":59.49427750506422},""VC3_range_pct_rank"":{""score"":95.83333333333334},""_score"":84.78},""sr_quality"":{""SR1_touches"":{""value"":2,""score"":25.0},""SR2_tightness"":{""value"":0.3199999999999932,""score"":89.73839786155564},""SR3_recency"":{""value"":230,""score"":0.0},""SR4_price_location"":{""score"":68.44557342428291},""SR5_reaction"":{""value"":2.2423204047835514,""score"":100},""_score"":53.07,""_levels_found"":5,""_target_level"":315.07},""volume"":{""V1_rvol_day"":{""value"":0.24160297725362348,""score"":0},""V2_rvol_sameslot"":{""value"":0.8647945808995615,""score"":24.319638726637436,""status"":""ok""},""V3_breakout_bar"":{""value"":0.8730311139304426,""score"":24.868740928696177},""V4_base_dryup"":{""value"":1.0133931905898945,""score"":48.66068094101055},""V5_bo_expansion"":{""value"":0.24160297725362348,""score"":0},""_score"":20.81},""readiness"":{""_distance_atr"":8.94,""BR1_atr_distance"":{""score"":0},""BR2_compression"":{""score"":0},""BR3_retest"":{""score"":50.0},""BR4_bo_age"":{""score"":50.0},""_score"":17.5},""risk"":{""R1_stop_clarity"":{""score"":0},""R2_stop_distance_pct"":{""value"":-10.11847265890895,""score"":0.0},""R3_stop_distance_atr"":{""value"":-5.00517661179305,""score"":0.0},""R4_rr_potential"":{""value"":null,""score"":50.0},""_score"":10.0},""market"":{""M1_spy_regime"":{""score"":100.0},""M3_earnings_risk"":{""value"":null,""score"":80.0},""M4_vix"":{""value"":null,""score"":60.0},""_score"":84.0},""liquidity"":{""L1_price"":{""value"":308.51,""score"":100.0},""L2_dollar_vol"":{""value"":84846843.90825102,""score"":96.43178461393194},""L3_spread_proxy"":{""value"":0.0095620887491491,""score"":90.4379112508509},""L4_volume_zscore"":{""value"":-2.395359631208656,""score"":100.0},""_score"":97.62},""pattern_structure"":{""n_contractions"":5,""contractions_pct"":[9.1,6.32,4.73,8.9,5.32],""descending_strict"":false,""final_low"":344.9,""final_pivot"":364.27,""structural_low"":344.9,""dry_up_ratio"":0.6516269054270087,""current_price"":308.51,""neckline_distance_pct"":0.18073968428900195,""base_bars"":34},""pattern_geometry_features"":{""contraction_count"":5.0,""first_contraction_pct"":0.09097547172415696,""last_contraction_pct"":0.053174842836357664,""dry_up_ratio"":0.6516269054270087,""near_monotone"":0.0,""base_depth_pct"":0.047855673802918094},""_schema_version"":""1.0""}",,,,,,,,,,
20260604T164444Z-6b270e,2026-06-04T16:44:44.043038+00:00,ASX,vcp,absent,48.31,95.8,35.0,8.1,41.8,37.2,23.4,57.7,84.0,96.4,14.36,8.75,0.97,5.02,4.83,1.64,2.88,5.04,4.82,False,,38.3,41.1,36.3662,26.73,"{""trend"":{""T1_ema_stack"":{""value"":[true,true,true],""score"":100.0},""T2_ema50_slope"":{""value"":0.6929635769040324,""score"":100},""T3_high_proximity"":{""value"":0.9433497536945812,""score"":71.67487684729056},""T4_rs_1m"":{""value"":0.10005811377203333,""score"":100},""T5_rs_3m"":{""value"":0.62575443794994,""score"":100},""T6_adr_healthy"":{""value"":4.061275437815679,""score"":100.0},""_score"":95.75},""geometry"":{""sub_contraction_count"":100.0,""sub_reduction_rate"":0,""sub_pivot_tightness"":0,""sub_volume_dryup"":0,""sub_base_depth"":0.0,""sub_base_duration"":100.0,""_score"":35.0},""compression"":{""VC1_atr_ratio"":{""value"":1.0562258053952382,""score"":0},""VC2_range_contraction"":{""value"":1.1777607294602639,""score"":0},""VC3_range_pct_rank"":{""score"":32.49999999999999},""_score"":8.12},""sr_quality"":{""SR1_touches"":{""value"":2,""score"":25.0},""SR2_tightness"":{""value"":0.23249999999999993,""score"":78.76012646044522},""SR3_recency"":{""value"":236,""score"":0.0},""SR4_price_location"":{""score"":30.0},""SR5_reaction"":{""value"":3.5148564921908396,""score"":100},""_score"":41.81,""_levels_found"":5,""_target_level"":29.6525},""volume"":{""V1_rvol_day"":{""value"":0.6940487608919407,""score"":12.93658405946271},""V2_rvol_sameslot"":{""value"":1.7489823763953445,""score"":83.26549175968964,""status"":""ok""},""V3_breakout_bar"":{""value"":0.9305767300473737,""score"":28.70511533649158},""V4_base_dryup"":{""value"":0.9626887389912815,""score"":53.73112610087185},""V5_bo_expansion"":{""value"":0.6940487608919407,""score"":0},""_score"":37.16},""readiness"":{""_distance_atr"":1.279,""BR1_atr_distance"":{""score"":14.735991525801438},""BR2_compression"":{""score"":0},""BR3_retest"":{""score"":50.0},""BR4_bo_age"":{""score"":50.0},""_score"":23.39},""risk"":{""R1_stop_clarity"":{""score"":49.40799154320218},""R2_stop_distance_pct"":{""value"":5.049086161879891,""score"":100.0},""R3_stop_distance_atr"":{""value"":0.8833046763610969,""score"":69.16523381805484},""R4_rr_potential"":{""value"":-5.983038576895237,""score"":0.0},""_score"":57.67},""market"":{""M1_spy_regime"":{""score"":100.0},""M3_earnings_risk"":{""value"":null,""score"":80.0},""M4_vix"":{""value"":null,""score"":60.0},""_score"":84.0},""liquidity"":{""L1_price"":{""value"":38.3,""score"":100.0},""L2_dollar_vol"":{""value"":240598400.9873075,""score"":100.0},""L3_spread_proxy"":{""value"":0.03629242819843344,""score"":63.70757180156656},""L4_volume_zscore"":{""value"":-1.3402704008717745,""score"":100.0},""_score"":96.37},""pattern_structure"":{""n_contractions"":5,""contractions_pct"":[8.6,5.44,8.94,16.31,10.17],""descending_strict"":false,""final_low"":36.92,""final_pivot"":41.1,""structural_low"":36.92,""dry_up_ratio"":1.0760698033316316,""current_price"":38.3,""neckline_distance_pct"":0.0731070496083552,""base_bars"":46},""pattern_geometry_features"":{""contraction_count"":5.0,""first_contraction_pct"":0.08603104212860316,""last_contraction_pct"":0.10170316301703163,""dry_up_ratio"":1.0760698033316316,""near_monotone"":0.0,""base_depth_pct"":-0.6372505543237251},""_schema_version"":""1.0""}",,,,,,,,,,
20260604T164444Z-6b270e,2026-06-04T16:44:44.043038+00:00,JCI,vcp,setup,48.28,65.3,42.6,42.3,48.5,31.0,30.3,17.3,84.0,97.7,9.8,10.65,5.08,5.81,4.02,2.12,0.86,5.04,4.88,True,risk_unclear,147.56,141.45,129.3502,148.509,"{""trend"":{""T1_ema_stack"":{""value"":[true,true,true],""score"":100.0},""T2_ema50_slope"":{""value"":0.020760255064517757,""score"":53.46004251075296},""T3_high_proximity"":{""value"":1.0,""score"":99.99999999999997},""T4_rs_1m"":{""value"":-0.026356775788939357,""score"":23.64322421106064},""T5_rs_3m"":{""value"":-0.03475262591397765,""score"":32.623687043011174},""T6_adr_healthy"":{""value"":2.910129328374588,""score"":100.0},""_score"":65.31},""geometry"":{""sub_contraction_count"":100.0,""sub_reduction_rate"":3.9,""sub_pivot_tightness"":40.6,""sub_volume_dryup"":3.0,""sub_base_depth"":1.0,""sub_base_duration"":100.0,""_score"":42.62},""compression"":{""VC1_atr_ratio"":{""value"":0.6874523777172177,""score"":78.13690557069557},""VC2_range_contraction"":{""value"":1.1318475254610108,""score"":0},""VC3_range_pct_rank"":{""score"":44.166666666666664},""_score"":42.3},""sr_quality"":{""SR1_touches"":{""value"":3,""score"":50.0},""SR2_tightness"":{""value"":0.5901600536201066,""score"":73.01812699698583},""SR3_recency"":{""value"":239,""score"":0.0},""SR4_price_location"":{""score"":30.0},""SR5_reaction"":{""value"":2.3256029134261538,""score"":100},""_score"":48.45,""_levels_found"":7,""_target_level"":146.5633},""volume"":{""V1_rvol_day"":{""value"":0.6224306490298508,""score"":8.16204326865672},""V2_rvol_sameslot"":{""value"":1.1517486139561366,""score"":43.44990759707577,""status"":""ok""},""V3_breakout_bar"":{""value"":0.7786098449970134,""score"":18.573989666467558},""V4_base_dryup"":{""value"":0.7003438852888406,""score"":79.96561147111593},""V5_bo_expansion"":{""value"":0.6224306490298507,""score"":0},""_score"":30.96},""readiness"":{""_distance_atr"":-1.397,""BR1_atr_distance"":{""score"":32.06533328761371},""BR2_compression"":{""score"":0},""BR3_retest"":{""score"":50.0},""BR4_bo_age"":{""score"":50.0},""_score"":30.33},""risk"":{""R1_stop_clarity"":{""score"":9.941560572736208},""R2_stop_distance_pct"":{""value"":12.340607210626187,""score"":0.0},""R3_stop_distance_atr"":{""value"":4.162722536000088,""score"":91.86387319999558},""R4_rr_potential"":{""value"":0.05211479532998626,""score"":0.0},""_score"":17.26},""market"":{""M1_spy_regime"":{""score"":100.0},""M3_earnings_risk"":{""value"":null,""score"":80.0},""M4_vix"":{""value"":null,""score"":60.0},""_score"":84.0},""liquidity"":{""L1_price"":{""value"":147.56,""score"":100.0},""L2_dollar_vol"":{""value"":335102723.4028861,""score"":100.0},""L3_spread_proxy"":{""value"":0.023177012740580212,""score"":76.82298725941979},""L4_volume_zscore"":{""value"":-1.2963553126794496,""score"":100.0},""_score"":97.68},""pattern_structure"":{""n_contractions"":5,""contractions_pct"":[9.01,5.62,6.73,8.41,7.16],""descending_strict"":false,""final_low"":131.32,""final_pivot"":141.45,""structural_low"":131.32,""dry_up_ratio"":0.9848118620648152,""current_price"":147.56,""neckline_distance_pct"":-0.04140688533477917,""base_bars"":46},""pattern_geometry_features"":{""contraction_count"":5.0,""first_contraction_pct"":0.09010760303225197,""last_contraction_pct"":0.07161541180629195,""dry_up_ratio"":0.9848118620648152,""near_monotone"":0.0,""base_depth_pct"":0.05101207553169193},""_schema_version"":""1.0""}",,,,,,,,,,
20260604T164444Z-6b270e,2026-06-04T16:44:44.043038+00:00,RGTI,vcp,breakout_confirmed,48.13,79.8,45.0,23.4,53.9,4.7,45.2,44.1,84.0,92.6,11.96,11.25,2.8,6.47,0.61,3.16,2.21,5.04,4.63,False,,23.89,21.02,15.2281,24.77,"{""trend"":{""T1_ema_stack"":{""value"":[true,true,false],""score"":66.66666666666666},""T2_ema50_slope"":{""value"":0.5672105389886936,""score"":100},""T3_high_proximity"":{""value"":0.8838327783943766,""score"":41.916389197188266},""T4_rs_1m"":{""value"":0.26233128625391733,""score"":100},""T5_rs_3m"":{""value"":0.2973587997617022,""score"":100},""T6_adr_healthy"":{""value"":10.567190713227301,""score"":35.820232169317464},""_score"":79.75},""geometry"":{""sub_contraction_count"":100.0,""sub_reduction_rate"":0,""sub_pivot_tightness"":0,""sub_volume_dryup"":0,""sub_base_depth"":100.0,""sub_base_duration"":100.0,""_score"":45.0},""compression"":{""VC1_atr_ratio"":{""value"":0.8976891077730286,""score"":25.577723056742858},""VC2_range_contraction"":{""value"":1.4902996028311357,""score"":0},""VC3_range_pct_rank"":{""score"":52.5},""_score"":23.36},""sr_quality"":{""SR1_touches"":{""value"":4,""score"":75.0},""SR2_tightness"":{""value"":0.5696493455407463,""score"":58.73409100868541},""SR3_recency"":{""value"":233,""score"":0.0},""SR4_price_location"":{""score"":37.92385837335091},""SR5_reaction"":{""value"":1.7480803162562544,""score"":87.40401581281272},""_score"":53.9,""_levels_found"":5,""_target_level"":27.1637},""volume"":{""V1_rvol_day"":{""value"":0.40056295959373905,""score"":0},""V2_rvol_sameslot"":{""value"":0.4863913087293666,""score"":0,""status"":""ok""},""V3_breakout_bar"":{""value"":0.2889578140319705,""score"":0},""V4_base_dryup"":{""value"":1.2653321151729156,""score"":23.466788482708438},""V5_bo_expansion"":{""value"":0.40056295959373905,""score"":0},""_score"":4.69},""readiness"":{""_distance_atr"":-1.04,""BR1_atr_distance"":{""score"":39.209462850756225},""BR2_compression"":{""score"":48.079805813834916},""BR3_retest"":{""score"":50.0},""BR4_bo_age"":{""score"":50.0},""_score"":45.2},""risk"":{""R1_stop_clarity"":{""score"":83.2009562198271},""R2_stop_distance_pct"":{""value"":36.257429886981996,""score"":0.0},""R3_stop_distance_atr"":{""value"":3.137378984896073,""score"":100.0},""R4_rr_potential"":{""value"":0.10159433842459496,""score"":0.0},""_score"":44.12},""market"":{""M1_spy_regime"":{""score"":100.0},""M3_earnings_risk"":{""value"":null,""score"":80.0},""M4_vix"":{""value"":null,""score"":60.0},""_score"":84.0},""liquidity"":{""L1_price"":{""value"":23.89,""score"":100.0},""L2_dollar_vol"":{""value"":572557412.5719956,""score"":100.0},""L3_spread_proxy"":{""value"":0.07408957722896607,""score"":25.91042277103392},""L4_volume_zscore"":{""value"":-0.7660750625983435,""score"":100.0},""_score"":92.59},""pattern_structure"":{""n_contractions"":5,""contractions_pct"":[17.02,19.83,23.13,24.14,26.45],""descending_strict"":false,""final_low"":15.46,""final_pivot"":21.02,""structural_low"":15.46,""dry_up_ratio"":3.3089880307258865,""current_price"":23.89,""neckline_distance_pct"":-0.1201339472582671,""base_bars"":57},""pattern_geometry_features"":{""contraction_count"":5.0,""first_contraction_pct"":0.17021863612701726,""last_contraction_pct"":0.2645099904852521,""dry_up_ratio"":3.3089880307258865,""near_monotone"":0.0,""base_depth_pct"":0.1952108276939094},""_schema_version"":""1.0""}",,,,,,,,,,
20260604T164444Z-6b270e,2026-06-04T16:44:44.043038+00:00,JCI,breakout_retest_hold,setup,48.11,65.3,40.0,42.3,48.5,27.0,41.7,53.9,84.0,97.7,9.14,8.8,2.54,6.78,3.52,7.5,2.7,4.2,2.93,False,,147.56,142.195,142.7481,138.205,"{""trend"":{""T1_ema_stack"":{""value"":[true,true,true],""score"":100.0},""T2_ema50_slope"":{""value"":0.020760255064517757,""score"":53.46004251075296},""T3_high_proximity"":{""value"":1.0,""score"":99.99999999999997},""T4_rs_1m"":{""value"":-0.026356775788939357,""score"":23.64322421106064},""T5_rs_3m"":{""value"":-0.03475262591397765,""score"":32.623687043011174},""T6_adr_healthy"":{""value"":2.910129328374588,""score"":100.0},""_score"":65.31},""geometry"":{""sub_retest_depth"":0.0,""sub_retest_timing"":100.0,""sub_retest_freshness"":100.0,""sub_hold_quality"":0.0,""_score"":40.0},""compression"":{""VC1_atr_ratio"":{""value"":0.6874523777172177,""score"":78.13690557069557},""VC2_range_contraction"":{""value"":1.1318475254610108,""score"":0},""VC3_range_pct_rank"":{""score"":44.166666666666664},""_score"":42.3},""sr_quality"":{""SR1_touches"":{""value"":3,""score"":50.0},""SR2_tightness"":{""value"":0.5901600536201066,""score"":73.01812699698583},""SR3_recency"":{""value"":239,""score"":0.0},""SR4_price_location"":{""score"":30.0},""SR5_reaction"":{""value"":2.3256029134261538,""score"":100},""_score"":48.45,""_levels_found"":7,""_target_level"":146.5633},""volume"":{""V1_rvol_day"":{""value"":0.6224306490298508,""score"":8.16204326865672},""V2_rvol_sameslot"":{""value"":1.1517486139561366,""score"":43.44990759707577,""status"":""ok""},""V3_breakout_bar"":{""value"":0.7786098449970134,""score"":18.573989666467558},""V4_base_dryup"":{""value"":0.8962256107954376,""score"":60.37743892045624},""V5_bo_expansion"":{""value"":0.6224306490298507,""score"":0},""_score"":27.04},""readiness"":{""_distance_atr"":-1.226,""BR1_atr_distance"":{""score"":35.47144240393578},""BR2_compression"":{""score"":0},""BR3_retest"":{""score"":100},""BR4_bo_age"":{""score"":50},""_score"":41.69},""risk"":{""R1_stop_clarity"":{""score"":34.076929733895554},""R2_stop_distance_pct"":{""value"":3.260978584982386,""score"":100.0},""R3_stop_distance_atr"":{""value"":1.0999903662302088,""score"":79.99951831151044},""R4_rr_potential"":{""value"":-1.9441384899935579,""score"":0.0},""_score"":53.93},""market"":{""M1_spy_regime"":{""score"":100.0},""M3_earnings_risk"":{""value"":null,""score"":80.0},""M4_vix"":{""value"":null,""score"":60.0},""_score"":84.0},""liquidity"":{""L1_price"":{""value"":147.56,""score"":100.0},""L2_dollar_vol"":{""value"":335102723.4028861,""score"":100.0},""L3_spread_proxy"":{""value"":0.023177012740580212,""score"":76.82298725941979},""L4_volume_zscore"":{""value"":-1.2963553126794496,""score"":100.0},""_score"":97.68},""pattern_structure"":{""level"":142.195,""level_idx"":67,""breakout_idx"":71,""bo_peak_idx"":76,""bo_peak_price"":148.38,""retest_idx"":77,""retest_low"":144.19,""structural_low"":144.19,""current_price"":147.56,""neckline_distance_pct"":-0.036358091623746334,""base_bars"":12,""bars_since_breakout"":8},""pattern_geometry_features"":{""retest_depth_atr"":-1.2658342586507796,""bars_breakout_to_retest"":6.0,""bars_since_retest"":2.0,""current_above_level_atr"":3.404110675519513,""bo_peak_excess_pct"":0.04349660677239005,""atr_pct"":0.029645519498121855},""_schema_version"":""1.0""}",,,,,,,,,,
20260604T164444Z-6b270e,2026-06-04T16:44:44.043038+00:00,BELFB,bull_flag,absent,48.09,73.1,27.3,73.5,58.6,15.9,41.9,70.0,84.0,81.2,10.23,8.19,6.62,5.86,2.22,3.77,2.1,5.04,4.06,False,,275.46,283.225,264.965,303.37,"{""trend"":{""T1_ema_stack"":{""value"":[true,true,true],""score"":100.0},""T2_ema50_slope"":{""value"":0.2957714101439817,""score"":99.29523502399695},""T3_high_proximity"":{""value"":0.9099197304528787,""score"":54.959865226439305},""T4_rs_1m"":{""value"":-0.118332641088853,""score"":0},""T5_rs_3m"":{""value"":0.24933947474679252,""score"":100},""T6_adr_healthy"":{""value"":4.777294855934487,""score"":100.0},""_score"":73.1},""geometry"":{""sub_pole_impulse"":14.7,""sub_flag_tightness"":0,""sub_flag_shallowness"":0,""sub_flag_drift"":86.0,""sub_flag_duration"":100.0,""_score"":27.31},""compression"":{""VC1_atr_ratio"":{""value"":0.37918240285965604,""score"":100},""VC2_range_contraction"":{""value"":0.796673618145088,""score"":33.88773030915201},""VC3_range_pct_rank"":{""score"":86.66666666666667},""_score"":73.53},""sr_quality"":{""SR1_touches"":{""value"":2,""score"":25.0},""SR2_tightness"":{""value"":0.5750500000000045,""score"":91.34637605917052},""SR3_recency"":{""value"":244,""score"":0.0},""SR4_price_location"":{""score"":89.41760743521054},""SR5_reaction"":{""value"":2.4822379657905227,""score"":100},""_score"":58.56,""_levels_found"":7,""_target_level"":278.995},""volume"":{""V1_rvol_day"":{""value"":0.17251868702603793,""score"":0},""V2_rvol_sameslot"":{""value"":0.21451337457469802,""score"":0,""status"":""ok""},""V3_breakout_bar"":{""value"":0.26957194668364654,""score"":0},""V4_base_dryup"":{""value"":0.7068372719503565,""score"":79.31627280496434},""V5_bo_expansion"":{""value"":0.17251868702603793,""score"":0},""_score"":15.86},""readiness"":{""_distance_atr"":0.584,""BR1_atr_distance"":{""score"":61.0495377790101},""BR2_compression"":{""score"":0},""BR3_retest"":{""score"":50.0},""BR4_bo_age"":{""score"":50.0},""_score"":41.92},""risk"":{""R1_stop_clarity"":{""score"":39.27941465742653},""R2_stop_distance_pct"":{""value"":3.809990561243014,""score"":100.0},""R3_stop_distance_atr"":{""value"":0.7896685788975278,""score"":64.4834289448764},""R4_rr_potential"":{""value"":2.6593616007622742,""score"":82.96808003811371},""_score"":70.01},""market"":{""M1_spy_regime"":{""score"":100.0},""M3_earnings_risk"":{""value"":null,""score"":80.0},""M4_vix"":{""value"":null,""score"":60.0},""_score"":84.0},""liquidity"":{""L1_price"":{""value"":275.46,""score"":100.0},""L2_dollar_vol"":{""value"":15958560.027443038,""score"":60.14968507645917},""L3_spread_proxy"":{""value"":0.028642997168372857,""score"":71.35700283162714},""L4_volume_zscore"":{""value"":-1.2798366650418609,""score"":100.0},""_score"":81.2},""pattern_structure"":{""pole_low"":263.08,""pole_low_idx"":34,""peak_price"":283.225,""peak_idx"":52,""pole_gain"":0.07657366580507846,""flag_bars"":7,""flag_low"":269.0,""flag_high"":283.12,""structural_low"":269.0,""current_price"":275.46,""neckline_distance_pct"":0.02818921077470429,""base_bars"":7},""pattern_geometry_features"":{""pole_gain"":0.07657366580507846,""pullback_pct"":0.05022508606231802,""flag_range_pct"":0.04985435607732369,""flag_drift_per_bar"":-0.00280958604308643,""atr_pct"":0.048247969630021474,""pole_atr_multiple"":1.5870857653133617},""_schema_version"":""1.0""}",,,,,,,,,,
20260604T164444Z-6b270e,2026-06-04T16:44:44.043038+00:00,MSFT,bull_flag,absent,48.08,56.1,46.6,26.2,74.6,19.6,21.1,61.3,84.0,98.0,7.85,13.98,2.36,7.46,2.75,1.9,1.84,5.04,4.9,True,risk_unclear,427.805,466.32,417.8863,523.06,"{""trend"":{""T1_ema_stack"":{""value"":[true,true,false],""score"":66.66666666666666},""T2_ema50_slope"":{""value"":0.10468320693169625,""score"":67.44720115528271},""T3_high_proximity"":{""value"":0.9289607400330062,""score"":64.48037001650309},""T4_rs_1m"":{""value"":-0.005350225902038153,""score"":44.649774097961846},""T5_rs_3m"":{""value"":-0.0687204996212607,""score"":15.63975018936965},""T6_adr_healthy"":{""value"":2.477551086523215,""score"":100.0},""_score"":56.1},""geometry"":{""sub_pole_impulse"":84.5,""sub_flag_tightness"":0,""sub_flag_shallowness"":0,""sub_flag_drift"":74.9,""sub_flag_duration"":100.0,""_score"":46.59},""compression"":{""VC1_atr_ratio"":{""value"":0.8628190443080027,""score"":34.295238922999324},""VC2_range_contraction"":{""value"":1.0943715771158071,""score"":0},""VC3_range_pct_rank"":{""score"":50.0},""_score"":26.22},""sr_quality"":{""SR1_touches"":{""value"":5,""score"":100},""SR2_tightness"":{""value"":3.5831025662126867,""score"":47.01788929231835},""SR3_recency"":{""value"":236,""score"":0.0},""SR4_price_location"":{""score"":91.01773883737144},""SR5_reaction"":{""value"":1.9751263071009244,""score"":98.75631535504623},""_score"":74.62,""_levels_found"":6,""_target_level"":429.596},""volume"":{""V1_rvol_day"":{""value"":0.3419016740283892,""score"":0},""V2_rvol_sameslot"":{""value"":1.0310288359629787,""score"":35.40192239753191,""status"":""ok""},""V3_breakout_bar"":{""value"":0.6861737890151514,""score"":12.411585934343423},""V4_base_dryup"":{""value"":1.0265002174777176,""score"":47.34997825222824},""V5_bo_expansion"":{""value"":0.3419016740283892,""score"":0},""_score"":19.65},""readiness"":{""_distance_atr"":2.848,""BR1_atr_distance"":{""score"":0},""BR2_compression"":{""score"":14.425694319271173},""BR3_retest"":{""score"":50.0},""BR4_bo_age"":{""score"":50.0},""_score"":21.11},""risk"":{""R1_stop_clarity"":{""score"":5.901407848229994},""R2_stop_distance_pct"":{""value"":2.318521288904989,""score"":100.0},""R3_stop_distance_atr"":{""value"":0.7333257991792342,""score"":61.666289958961706},""R4_rr_potential"":{""value"":9.603528670447389,""score"":100.0},""_score"":61.32},""market"":{""M1_spy_regime"":{""score"":100.0},""M3_earnings_risk"":{""value"":null,""score"":80.0},""M4_vix"":{""value"":null,""score"":60.0},""_score"":84.0},""liquidity"":{""L1_price"":{""value"":427.805,""score"":100.0},""L2_dollar_vol"":{""value"":5307716195.882642,""score"":100.0},""L3_spread_proxy"":{""value"":0.019938990895384517,""score"":80.06100910461548},""L4_volume_zscore"":{""value"":-1.7260947367074666,""score"":100.0},""_score"":98.01},""pattern_structure"":{""pole_low"":409.58,""pole_low_idx"":21,""peak_price"":466.32,""peak_idx"":39,""pole_gain"":0.13853215489037554,""flag_bars"":20,""flag_low"":424.25,""flag_high"":464.12,""structural_low"":424.25,""current_price"":427.77,""neckline_distance_pct"":0.09011852163545833,""base_bars"":20},""pattern_geometry_features"":{""pole_gain"":0.13853215489037554,""pullback_pct"":0.09021701835649339,""flag_range_pct"":0.08549922799794134,""flag_drift_per_bar"":-0.005024190499391784,""atr_pct"":0.03161652421747557,""pole_atr_multiple"":4.3816377137941025},""_schema_version"":""1.0""}",,,,,,,,,,
20260604T164444Z-6b270e,2026-06-04T16:44:44.043038+00:00,GOOG,vcp,invalidated,47.97,65.9,42.5,40.1,52.0,34.6,17.5,16.6,84.0,96.0,9.88,10.64,4.82,6.24,4.49,1.23,0.83,5.04,4.8,True,risk_unclear,368.22,404.47,372.5861,345.665,"{""trend"":{""T1_ema_stack"":{""value"":[false,true,true],""score"":66.66666666666666},""T2_ema50_slope"":{""value"":0.3863209268415927,""score"":100},""T3_high_proximity"":{""value"":0.9227646351242983,""score"":61.382317562149126},""T4_rs_1m"":{""value"":-0.08704432167911647,""score"":0},""T5_rs_3m"":{""value"":0.11326851319097453,""score"":100},""T6_adr_healthy"":{""value"":2.358285631748179,""score"":100.0},""_score"":65.87},""geometry"":{""sub_contraction_count"":100.0,""sub_reduction_rate"":0,""sub_pivot_tightness"":50.3,""sub_volume_dryup"":0,""sub_base_depth"":0.0,""sub_base_duration"":100.0,""_score"":42.55},""compression"":{""VC1_atr_ratio"":{""value"":0.6381439213584772,""score"":90.4640196603807},""VC2_range_contraction"":{""value"":0.960843181244639,""score"":6.526136459226839},""VC3_range_pct_rank"":{""score"":6.666666666666665},""_score"":40.14},""sr_quality"":{""SR1_touches"":{""value"":2,""score"":25.0},""SR2_tightness"":{""value"":0.7300000000000182,""score"":85.33585483931103},""SR3_recency"":{""value"":233,""score"":0.0},""SR4_price_location"":{""score"":71.9512989126897},""SR5_reaction"":{""value"":1.832515948333997,""score"":91.62579741669985},""_score"":52.03,""_levels_found"":6,""_target_level"":378.99},""volume"":{""V1_rvol_day"":{""value"":0.6907862063576397,""score"":12.719080423842644},""V2_rvol_sameslot"":{""value"":2.0491445254442566,""score"":100,""status"":""ok""},""V3_breakout_bar"":{""value"":0.7788479441979789,""score"":18.589862946531923},""V4_base_dryup"":{""value"":1.131365308295518,""score"":36.863469170448205},""V5_bo_expansion"":{""value"":0.6907862063576397,""score"":0},""_score"":34.56},""readiness"":{""_distance_atr"":3.641,""BR1_atr_distance"":{""score"":0},""BR2_compression"":{""score"":0},""BR3_retest"":{""score"":50.0},""BR4_bo_age"":{""score"":50.0},""_score"":17.5},""risk"":{""R1_stop_clarity"":{""score"":0},""R2_stop_distance_pct"":{""value"":-1.1857313562544023,""score"":20.35671609363994},""R3_stop_distance_atr"":{""value"":-0.43852824784987604,""score"":3.0735876075062007},""R4_rr_potential"":{""value"":null,""score"":50.0},""_score"":16.57},""market"":{""M1_spy_regime"":{""score"":100.0},""M3_earnings_risk"":{""value"":null,""score"":80.0},""M4_vix"":{""value"":null,""score"":60.0},""_score"":84.0},""liquidity"":{""L1_price"":{""value"":368.22,""score"":100.0},""L2_dollar_vol"":{""value"":5263096929.880872,""score"":100.0},""L3_spread_proxy"":{""value"":0.03956873608169027,""score"":60.431263918309725},""L4_volume_zscore"":{""value"":-0.6534048642778165,""score"":100.0},""_score"":96.04},""pattern_structure"":{""n_contractions"":5,""contractions_pct"":[7.99,3.63,12.62,3.05,6.48],""descending_strict"":false,""final_low"":378.26,""final_pivot"":404.47,""structural_low"":378.26,""dry_up_ratio"":1.246733067272371,""current_price"":368.22,""neckline_distance_pct"":0.09844658084840584,""base_bars"":63},""pattern_geometry_features"":{""contraction_count"":5.0,""first_contraction_pct"":0.07990170759574894,""last_contraction_pct"":0.06480085049571052,""dry_up_ratio"":1.246733067272371,""near_monotone"":0.0,""base_depth_pct"":-0.1840791347764161},""_schema_version"":""1.0""}",,,,,,,,,,
20260604T164444Z-6b270e,2026-06-04T16:44:44.043038+00:00,BABA,vcp,absent,47.57,16.5,49.9,76.3,64.9,4.1,27.2,65.8,84.0,98.5,2.47,12.46,9.15,7.79,0.53,1.9,3.29,5.04,4.92,True,risk_unclear,126.3,146.87,121.5786,191.695,"{""trend"":{""T1_ema_stack"":{""value"":[false,false,false],""score"":0.0},""T2_ema50_slope"":{""value"":-0.10417610693451233,""score"":32.63731551091461},""T3_high_proximity"":{""value"":0.8661957341746107,""score"":33.09786708730533},""T4_rs_1m"":{""value"":-0.0903395696368241,""score"":0},""T5_rs_3m"":{""value"":-0.14148982839344615,""score"":0},""T6_adr_healthy"":{""value"":2.689945052805269,""score"":100.0},""_score"":16.49},""geometry"":{""sub_contraction_count"":100.0,""sub_reduction_rate"":0,""sub_pivot_tightness"":0,""sub_volume_dryup"":32.4,""sub_base_depth"":100.0,""sub_base_duration"":100.0,""_score"":49.86},""compression"":{""VC1_atr_ratio"":{""value"":0.4615663708320202,""score"":100},""VC2_range_contraction"":{""value"":0.7350020397559847,""score"":44.16632670733589},""VC3_range_pct_rank"":{""score"":83.33333333333334},""_score"":76.29},""sr_quality"":{""SR1_touches"":{""value"":4,""score"":75.0},""SR2_tightness"":{""value"":0.8886506625215587,""score"":56.63607781351754},""SR3_recency"":{""value"":240,""score"":0.0},""SR4_price_location"":{""score"":75.69884977344017},""SR5_reaction"":{""value"":2.6622080864412685,""score"":100},""_score"":64.92,""_levels_found"":7,""_target_level"":129.62},""volume"":{""V1_rvol_day"":{""value"":0.33924106695959527,""score"":0},""V2_rvol_sameslot"":{""value"":0.4967400280236167,""score"":0,""status"":""ok""},""V3_breakout_bar"":{""value"":0.548842410764085,""score"":3.256160717605668},""V4_base_dryup"":{""value"":1.337632489620198,""score"":16.236751037980184},""V5_bo_expansion"":{""value"":0.33924106695959527,""score"":0},""_score"":4.06},""readiness"":{""_distance_atr"":5.019,""BR1_atr_distance"":{""score"":0},""BR2_compression"":{""score"":38.765637273274},""BR3_retest"":{""score"":50.0},""BR4_bo_age"":{""score"":50.0},""_score"":27.19},""risk"":{""R1_stop_clarity"":{""score"":9.653886371558059},""R2_stop_distance_pct"":{""value"":3.7382818685668964,""score"":100.0},""R3_stop_distance_atr"":{""value"":1.151974555594281,""score"":82.59872777971405},""R4_rr_potential"":{""value"":13.850617924578282,""score"":100.0},""_score"":65.77},""market"":{""M1_spy_regime"":{""score"":100.0},""M3_earnings_risk"":{""value"":null,""score"":80.0},""M4_vix"":{""value"":null,""score"":60.0},""_score"":84.0},""liquidity"":{""L1_price"":{""value"":126.3,""score"":100.0},""L2_dollar_vol"":{""value"":540950051.657931,""score"":100.0},""L3_spread_proxy"":{""value"":0.015201900237529592,""score"":84.7980997624704},""L4_volume_zscore"":{""value"":-1.1067487331850985,""score"":100.0},""_score"":98.48},""pattern_structure"":{""n_contractions"":5,""contractions_pct"":[9.15,12.93,6.69,10.31,15.96],""descending_strict"":false,""final_low"":123.43,""final_pivot"":146.87,""structural_low"":123.43,""dry_up_ratio"":0.838129463676854,""current_price"":126.3,""neckline_distance_pct"":0.1628661916072843,""base_bars"":75},""pattern_geometry_features"":{""contraction_count"":5.0,""first_contraction_pct"":0.09152774063177918,""last_contraction_pct"":0.15959692244842374,""dry_up_ratio"":0.838129463676854,""near_monotone"":0.0,""base_depth_pct"":0.2664111021960714},""_schema_version"":""1.0""}",,,,,,,,,,
20260604T164444Z-6b270e,2026-06-04T16:44:44.043038+00:00,IR,ascending_triangle,forming,47.48,5.5,52.0,69.4,39.8,51.4,33.9,52.9,84.0,98.4,0.83,14.57,5.55,5.57,6.17,2.71,2.12,5.04,4.92,True,risk_unclear,71.255,72.95,68.6643,76.19,"{""trend"":{""T1_ema_stack"":{""value"":[false,false,false],""score"":0.0},""T2_ema50_slope"":{""value"":-0.48245400366111696,""score"":0},""T3_high_proximity"":{""value"":0.8067821557971014,""score"":3.3910778985506984},""T4_rs_1m"":{""value"":-0.1054852027456823,""score"":0},""T5_rs_3m"":{""value"":-0.32315855664210347,""score"":0},""T6_adr_healthy"":{""value"":2.7092333633962915,""score"":100.0},""_score"":5.51},""geometry"":{""sub_flat_top_quality"":100,""sub_hl_slope"":18.8,""sub_compression"":5.6,""sub_duration"":100.0,""_score"":52.04},""compression"":{""VC1_atr_ratio"":{""value"":0.3613605901477984,""score"":100},""VC2_range_contraction"":{""value"":0.8821973587521963,""score"":19.63377354130062},""VC3_range_pct_rank"":{""score"":90.0},""_score"":69.37},""sr_quality"":{""SR1_touches"":{""value"":2,""score"":25.0},""SR2_tightness"":{""value"":0.3500000000000014,""score"":63.47358730371702},""SR3_recency"":{""value"":247,""score"":0.0},""SR4_price_location"":{""score"":31.04335088837462},""SR5_reaction"":{""value"":4.2866354328566185,""score"":100},""_score"":39.78,""_levels_found"":4,""_target_level"":75.66},""volume"":{""V1_rvol_day"":{""value"":0.36654038248364057,""score"":0},""V2_rvol_sameslot"":{""value"":2.2026935709397897,""score"":100,""status"":""ok""},""V3_breakout_bar"":{""value"":2.4990891878442714,""score"":100},""V4_base_dryup"":{""value"":1.1782677667134533,""score"":32.17322332865467},""V5_bo_expansion"":{""value"":0.3665403824836406,""score"":0},""_score"":51.43},""readiness"":{""_distance_atr"":0.884,""BR1_atr_distance"":{""score"":41.03593379028604},""BR2_compression"":{""score"":0},""BR3_retest"":{""score"":50.0},""BR4_bo_age"":{""score"":50.0},""_score"":33.91},""risk"":{""R1_stop_clarity"":{""score"":0},""R2_stop_distance_pct"":{""value"":3.6357448600098192,""score"":100.0},""R3_stop_distance_atr"":{""value"":1.3518164435946427,""score"":92.59082217973213},""R4_rr_potential"":{""value"":1.9049273348387559,""score"":45.24636674193779},""_score"":52.94},""market"":{""M1_spy_regime"":{""score"":100.0},""M3_earnings_risk"":{""value"":null,""score"":80.0},""M4_vix"":{""value"":null,""score"":60.0},""_score"":84.0},""liquidity"":{""L1_price"":{""value"":71.255,""score"":100.0},""L2_dollar_vol"":{""value"":98552399.91400738,""score"":99.68336022667357},""L3_spread_proxy"":{""value"":0.015156831099572136,""score"":84.84316890042787},""L4_volume_zscore"":{""value"":-2.2389039088703466,""score"":100.0},""_score"":98.36},""pattern_structure"":{""top"":72.95,""top_touches"":5,""low_slope_per_bar"":0.03929008885850939,""lowest_low"":69.71,""structural_low"":69.71,""current_price"":71.19,""neckline_distance_pct"":0.02472257339513984,""base_bars"":29},""pattern_geometry_features"":{""top_touches"":5.0,""low_slope"":0.03929008885850939,""compression"":0.028159707811073686,""atr_pct"":0.026895255470794067},""_schema_version"":""1.0""}",,,,,,,,,,
20260604T164444Z-6b270e,2026-06-04T16:44:44.043038+00:00,UEC,bull_flag,absent,47.47,31.8,43.7,70.3,64.0,17.6,31.6,78.7,84.0,89.7,4.45,13.11,6.32,6.4,2.46,2.84,2.36,5.04,4.48,False,,14.1253,15.47,13.5437,18.015,"{""trend"":{""T1_ema_stack"":{""value"":[true,false,true],""score"":66.66666666666666},""T2_ema50_slope"":{""value"":-0.17292978840260942,""score"":21.178368599565093},""T3_high_proximity"":{""value"":0.8576381299332119,""score"":28.81906496660591},""T4_rs_1m"":{""value"":-0.07111819376797657,""score"":0},""T5_rs_3m"":{""value"":-0.07937583714585061,""score"":10.312081427074695},""T6_adr_healthy"":{""value"":6.911552230860439,""score"":100.0},""_score"":31.77},""geometry"":{""sub_pole_impulse"":44.3,""sub_flag_tightness"":23.9,""sub_flag_shallowness"":0,""sub_flag_drift"":96.3,""sub_flag_duration"":100.0,""_score"":43.71},""compression"":{""VC1_atr_ratio"":{""value"":0.47657549863122967,""score"":100},""VC2_range_contraction"":{""value"":0.8633649383338966,""score"":22.7725102776839},""VC3_range_pct_rank"":{""score"":89.16666666666666},""_score"":70.26},""sr_quality"":{""SR1_touches"":{""value"":4,""score"":75.0},""SR2_tightness"":{""value"":0.2735134548792802,""score"":45.44266535145758},""SR3_recency"":{""value"":265,""score"":0.0},""SR4_price_location"":{""score"":83.20150044850365},""SR5_reaction"":{""value"":1.845258703596845,""score"":92.26293517984226},""_score"":63.96,""_levels_found"":8,""_target_level"":14.3313},""volume"":{""V1_rvol_day"":{""value"":0.39895769335213455,""score"":0},""V2_rvol_sameslot"":{""value"":0.763424160830183,""score"":17.5616107220122,""status"":""ok""},""V3_breakout_bar"":{""value"":0.5431028651112033,""score"":2.8735243407468873},""V4_base_dryup"":{""value"":0.8319393399424277,""score"":66.80606600575723},""V5_bo_expansion"":{""value"":0.3989576933521347,""score"":0},""_score"":17.59},""readiness"":{""_distance_atr"":1.341,""BR1_atr_distance"":{""score"":10.591543008033284},""BR2_compression"":{""score"":39.50311745758741},""BR3_retest"":{""score"":50.0},""BR4_bo_age"":{""score"":50.0},""_score"":31.61},""risk"":{""R1_stop_clarity"":{""score"":58.85960975401239},""R2_stop_distance_pct"":{""value"":4.117080699170991,""score"":100.0},""R3_stop_distance_atr"":{""value"":0.5800047017588852,""score"":54.00023508794426},""R4_rr_potential"":{""value"":6.688504857707851,""score"":100.0},""_score"":78.7},""market"":{""M1_spy_regime"":{""score"":100.0},""M3_earnings_risk"":{""value"":null,""score"":80.0},""M4_vix"":{""value"":null,""score"":60.0},""_score"":84.0},""liquidity"":{""L1_price"":{""value"":14.1253,""score"":100.0},""L2_dollar_vol"":{""value"":50367065.45082193,""score"":85.10733240923334},""L3_spread_proxy"":{""value"":0.043538898288885915,""score"":56.46110171111408},""L4_volume_zscore"":{""value"":-1.97486547776214,""score"":100.0},""_score"":89.69},""pattern_structure"":{""pole_low"":12.925,""pole_low_idx"":39,""peak_price"":15.47,""peak_idx"":50,""pole_gain"":0.19690522243713732,""flag_bars"":9,""flag_low"":13.75,""flag_high"":15.14,""structural_low"":13.75,""current_price"":14.1607,""neckline_distance_pct"":0.09246011849696698,""base_bars"":9},""pattern_geometry_features"":{""pole_gain"":0.19690522243713732,""pullback_pct"":0.11118293471234651,""flag_range_pct"":0.08985132514544282,""flag_drift_per_bar"":-0.0007381932625740641,""atr_pct"":0.07098357455871987,""pole_atr_multiple"":2.7739547305306673},""_schema_version"":""1.0""}",,,,,,,,,,
20260604T164444Z-6b270e,2026-06-04T16:44:44.043038+00:00,AOSL,bull_flag,absent,47.47,96.2,42.6,25.9,39.7,0.5,43.4,69.7,84.0,76.5,13.47,12.77,2.33,3.97,0.06,3.9,2.09,5.04,3.83,False,,51.76,54.34,46.6693,65.5499,"{""trend"":{""T1_ema_stack"":{""value"":[true,true,true],""score"":100.0},""T2_ema50_slope"":{""value"":0.6616895288421489,""score"":100},""T3_high_proximity"":{""value"":0.9707426856714179,""score"":85.3713428357089},""T4_rs_1m"":{""value"":0.13780889982808264,""score"":100},""T5_rs_3m"":{""value"":1.4595902977203052,""score"":100},""T6_adr_healthy"":{""value"":9.27021115587011,""score"":68.24472110324726},""_score"":96.22},""geometry"":{""sub_pole_impulse"":44.0,""sub_flag_tightness"":18.3,""sub_flag_shallowness"":1.4,""sub_flag_drift"":96.7,""sub_flag_duration"":100.0,""_score"":42.56},""compression"":{""VC1_atr_ratio"":{""value"":0.7846814433360262,""score"":53.82963916599345},""VC2_range_contraction"":{""value"":1.2224163146267504,""score"":0},""VC3_range_pct_rank"":{""score"":17.500000000000004},""_score"":25.91},""sr_quality"":{""SR1_touches"":{""value"":2,""score"":25.0},""SR2_tightness"":{""value"":0.23495000000000132,""score"":90.35550036724331},""SR3_recency"":{""value"":228,""score"":0.0},""SR4_price_location"":{""score"":30.0},""SR5_reaction"":{""value"":1.488031971429786,""score"":74.4015985714893},""_score"":39.71,""_levels_found"":4,""_target_level"":43.365},""volume"":{""V1_rvol_day"":{""value"":0.3320495233212009,""score"":0},""V2_rvol_sameslot"":{""value"":0.4024519021294509,""score"":0,""status"":""ok""},""V3_breakout_bar"":{""value"":0.27323950476920367,""score"":0},""V4_base_dryup"":{""value"":1.4775860638503073,""score"":2.241393614969269},""V5_bo_expansion"":{""value"":0.3320495233212009,""score"":0},""_score"":0.45},""readiness"":{""_distance_atr"":0.53,""BR1_atr_distance"":{""score"":64.69772426401052},""BR2_compression"":{""score"":0},""BR3_retest"":{""score"":50.0},""BR4_bo_age"":{""score"":50.0},""_score"":43.38},""risk"":{""R1_stop_clarity"":{""score"":70.82636352840957},""R2_stop_distance_pct"":{""value"":9.835200927357029,""score"":54.11997681607428},""R3_stop_distance_atr"":{""value"":1.0448447388907047,""score"":77.24223694453524},""R4_rr_potential"":{""value"":2.7088416131376856,""score"":85.44208065688427},""_score"":69.7},""market"":{""M1_spy_regime"":{""score"":100.0},""M3_earnings_risk"":{""value"":null,""score"":80.0},""M4_vix"":{""value"":null,""score"":60.0},""_score"":84.0},""liquidity"":{""L1_price"":{""value"":51.76,""score"":100.0},""L2_dollar_vol"":{""value"":18224269.34092248,""score"":63.032506266327594},""L3_spread_proxy"":{""value"":0.0867465224111282,""score"":13.253477588871803},""L4_volume_zscore"":{""value"":-1.48491355518402,""score"":100.0},""_score"":76.54},""pattern_structure"":{""pole_low"":43.1301,""pole_low_idx"":40,""peak_price"":54.34,""peak_idx"":51,""pole_gain"":0.259908973083763,""flag_bars"":8,""flag_low"":47.38,""flag_high"":54.3,""structural_low"":47.38,""current_price"":51.76,""neckline_distance_pct"":0.049845440494590526,""base_bars"":8},""pattern_geometry_features"":{""pole_gain"":0.259908973083763,""pullback_pct"":0.12808244387191756,""flag_range_pct"":0.12734633787265356,""flag_drift_per_bar"":-0.0006576828954148138,""atr_pct"":0.09413074078162952,""pole_atr_multiple"":2.761148705784823},""_schema_version"":""1.0""}",,,,,,,,,,
20260604T164444Z-6b270e,2026-06-04T16:44:44.043038+00:00,MSFT,ascending_triangle,absent,47.42,56.1,34.1,26.2,74.6,21.2,21.1,68.2,84.0,98.0,8.41,9.56,2.1,10.45,2.54,1.69,2.73,5.04,4.9,True,risk_unclear,427.805,466.32,403.4363,523.06,"{""trend"":{""T1_ema_stack"":{""value"":[true,true,false],""score"":66.66666666666666},""T2_ema50_slope"":{""value"":0.10468320693169625,""score"":67.44720115528271},""T3_high_proximity"":{""value"":0.9289607400330062,""score"":64.48037001650309},""T4_rs_1m"":{""value"":-0.005350225902038153,""score"":44.649774097961846},""T5_rs_3m"":{""value"":-0.0687204996212607,""score"":15.63975018936965},""T6_adr_healthy"":{""value"":2.477551086523215,""score"":100.0},""_score"":56.1},""geometry"":{""sub_flat_top_quality"":33.3,""sub_hl_slope"":30.5,""sub_compression"":0,""sub_duration"":100.0,""_score"":34.14},""compression"":{""VC1_atr_ratio"":{""value"":0.8628190443080027,""score"":34.295238922999324},""VC2_range_contraction"":{""value"":1.0943715771158071,""score"":0},""VC3_range_pct_rank"":{""score"":50.0},""_score"":26.22},""sr_quality"":{""SR1_touches"":{""value"":5,""score"":100},""SR2_tightness"":{""value"":3.5831025662126867,""score"":47.01788929231835},""SR3_recency"":{""value"":236,""score"":0.0},""SR4_price_location"":{""score"":91.01773883737144},""SR5_reaction"":{""value"":1.9751263071009244,""score"":98.75631535504623},""_score"":74.62,""_levels_found"":6,""_target_level"":429.596},""volume"":{""V1_rvol_day"":{""value"":0.3419016740283892,""score"":0},""V2_rvol_sameslot"":{""value"":1.0310288359629787,""score"":35.40192239753191,""status"":""ok""},""V3_breakout_bar"":{""value"":0.6861737890151514,""score"":12.411585934343423},""V4_base_dryup"":{""value"":0.9493160254585933,""score"":55.06839745414067},""V5_bo_expansion"":{""value"":0.3419016740283892,""score"":0},""_score"":21.2},""readiness"":{""_distance_atr"":2.848,""BR1_atr_distance"":{""score"":0},""BR2_compression"":{""score"":14.425694319271173},""BR3_retest"":{""score"":50.0},""BR4_bo_age"":{""score"":50.0},""_score"":21.11},""risk"":{""R1_stop_clarity"":{""score"":9.155211847914615},""R2_stop_distance_pct"":{""value"":5.696216734259778,""score"":100.0},""R3_stop_distance_atr"":{""value"":1.8016581124092312,""score"":100.0},""R4_rr_potential"":{""value"":3.9089077382051465,""score"":100.0},""_score"":68.2},""market"":{""M1_spy_regime"":{""score"":100.0},""M3_earnings_risk"":{""value"":null,""score"":80.0},""M4_vix"":{""value"":null,""score"":60.0},""_score"":84.0},""liquidity"":{""L1_price"":{""value"":427.805,""score"":100.0},""L2_dollar_vol"":{""value"":5307716195.882642,""score"":100.0},""L3_spread_proxy"":{""value"":0.019938990895384517,""score"":80.06100910461548},""L4_volume_zscore"":{""value"":-1.7260947367074666,""score"":100.0},""_score"":98.01},""pattern_structure"":{""top"":466.32,""top_touches"":2,""low_slope_per_bar"":0.3749475917144969,""lowest_low"":409.58,""structural_low"":409.58,""current_price"":427.77,""neckline_distance_pct"":0.09011852163545833,""base_bars"":51},""pattern_geometry_features"":{""top_touches"":2.0,""low_slope"":0.3749475917144969,""compression"":-0.10683202135170822,""atr_pct"":0.03161652421747557},""_schema_version"":""1.0""}",,,,,,,,,,
20260604T164444Z-6b270e,2026-06-04T16:44:44.043038+00:00,GD,double_bottom,absent,47.41,42.1,38.1,78.0,53.4,21.1,20.2,60.1,84.0,96.7,6.32,9.53,6.24,7.48,2.75,1.62,3.61,5.04,4.84,True,risk_unclear,342.0,351.36,333.4126,364.23,"{""trend"":{""T1_ema_stack"":{""value"":[true,false,true],""score"":66.66666666666666},""T2_ema50_slope"":{""value"":-0.003912405747431653,""score"":49.34793237542806},""T3_high_proximity"":{""value"":0.9408787036782305,""score"":70.4393518391152},""T4_rs_1m"":{""value"":-0.06578317257425448,""score"":0},""T5_rs_3m"":{""value"":-0.16226327013806563,""score"":0},""T6_adr_healthy"":{""value"":1.61833792150694,""score"":100.0},""_score"":42.1},""geometry"":{""sub_low_similarity"":83.3,""sub_bounce_quality"":11.5,""sub_separation_fit"":26.7,""sub_right_bottom_reaction"":5.4,""sub_base_context"":30.0,""_score"":38.1},""compression"":{""VC1_atr_ratio"":{""value"":0.46389941661746437,""score"":100},""VC2_range_contraction"":{""value"":0.7518631908428779,""score"":41.35613485952035},""VC3_range_pct_rank"":{""score"":94.16666666666667},""_score"":78.02},""sr_quality"":{""SR1_touches"":{""value"":2,""score"":25.0},""SR2_tightness"":{""value"":0.4900000000000091,""score"":84.02770387777402},""SR3_recency"":{""value"":276,""score"":0.0},""SR4_price_location"":{""score"":73.28348062542469},""SR5_reaction"":{""value"":2.401540660675401,""score"":100},""_score"":53.43,""_levels_found"":7,""_target_level"":343.31},""volume"":{""V1_rvol_day"":{""value"":0.22677109626255765,""score"":0},""V2_rvol_sameslot"":{""value"":0.8996503678607789,""score"":26.643357857385258,""status"":""ok""},""V3_breakout_bar"":{""value"":0.884235562078647,""score"":25.61570413857646},""V4_base_dryup"":{""value"":1.030604443296272,""score"":46.9395556703728},""V5_bo_expansion"":{""value"":0.22677109626255765,""score"":0},""_score"":21.12},""readiness"":{""_distance_atr"":1.526,""BR1_atr_distance"":{""score"":0},""BR2_compression"":{""score"":10.98194479769767},""BR3_retest"":{""score"":50.0},""BR4_bo_age"":{""score"":50.0},""_score"":20.25},""risk"":{""R1_stop_clarity"":{""score"":0},""R2_stop_distance_pct"":{""value"":2.5109210526315833,""score"":100.0},""R3_stop_distance_atr"":{""value"":1.3995887459713772,""score"":94.97943729856885},""R4_rr_potential"":{""value"":2.5886915055284785,""score"":79.43457527642393},""_score"":60.13},""market"":{""M1_spy_regime"":{""score"":100.0},""M3_earnings_risk"":{""value"":null,""score"":80.0},""M4_vix"":{""value"":null,""score"":60.0},""_score"":84.0},""liquidity"":{""L1_price"":{""value"":342.0,""score"":100.0},""L2_dollar_vol"":{""value"":77964384.34414801,""score"":94.59481268885858},""L3_spread_proxy"":{""value"":0.011052631578947288,""score"":88.94736842105272},""L4_volume_zscore"":{""value"":-2.1357607719443394,""score"":100.0},""_score"":96.73},""pattern_structure"":{""left_low"":341.3225,""left_idx"":35,""right_low"":338.49,""right_idx"":76,""separation_bars"":41,""structural_low"":338.49,""current_price"":341.78,""neckline_distance_pct"":0.028029726724793848,""base_bars"":41},""pattern_geometry_features"":{""low_similarity_pct"":0.008333180104808258,""bounce_pct"":0.03802180271204468,""right_bottom_reaction"":0.054054054054042636,""atr_pct"":0.01794042042606517},""_schema_version"":""1.0""}",,,,,,,,,,
20260604T164444Z-6b270e,2026-06-04T16:44:44.043038+00:00,HEI,ascending_triangle,absent,47.3,75.0,37.3,49.0,49.1,8.9,17.5,65.2,84.0,93.7,11.25,10.45,3.92,6.87,1.07,1.4,2.61,5.04,4.69,True,risk_unclear,332.79,351.99,322.3413,376.73,"{""trend"":{""T1_ema_stack"":{""value"":[true,true,false],""score"":66.66666666666666},""T2_ema50_slope"":{""value"":0.18738117423194303,""score"":81.23019570532384},""T3_high_proximity"":{""value"":0.9557987247975186,""score"":77.89936239875928},""T4_rs_1m"":{""value"":0.15470155066694935,""score"":100},""T5_rs_3m"":{""value"":-0.027682776962019817,""score"":36.15861151899009},""T6_adr_healthy"":{""value"":2.954590200353372,""score"":100.0},""_score"":75.02},""geometry"":{""sub_flat_top_quality"":33.3,""sub_hl_slope"":41.1,""sub_compression"":0,""sub_duration"":100.0,""_score"":37.32},""compression"":{""VC1_atr_ratio"":{""value"":0.7942544821294099,""score"":51.436379467647534},""VC2_range_contraction"":{""value"":0.8689558765655199,""score"":21.840687239080022},""VC3_range_pct_rank"":{""score"":83.33333333333334},""_score"":49.05},""sr_quality"":{""SR1_touches"":{""value"":2,""score"":25.0},""SR2_tightness"":{""value"":1.4778499999999894,""score"":73.78034948720014},""SR3_recency"":{""value"":309,""score"":0.0},""SR4_price_location"":{""score"":70.83524416948758},""SR5_reaction"":{""value"":1.7098748065832066,""score"":85.49374032916033},""_score"":49.1,""_levels_found"":6,""_target_level"":338.6302},""volume"":{""V1_rvol_day"":{""value"":0.21848001973583145,""score"":0},""V2_rvol_sameslot"":{""value"":0.456093747236707,""score"":0,""status"":""ok""},""V3_breakout_bar"":{""value"":0.4788546738683735,""score"":0},""V4_base_dryup"":{""value"":1.0543981947889944,""score"":44.560180521100555},""V5_bo_expansion"":{""value"":0.2184800197358315,""score"":0},""_score"":8.91},""readiness"":{""_distance_atr"":1.703,""BR1_atr_distance"":{""score"":0},""BR2_compression"":{""score"":0},""BR3_retest"":{""score"":50.0},""BR4_bo_age"":{""score"":50.0},""_score"":17.5},""risk"":{""R1_stop_clarity"":{""score"":12.910167165336702},""R2_stop_distance_pct"":{""value"":3.1397427807325995,""score"":100.0},""R3_stop_distance_atr"":{""value"":0.9268957380506138,""score"":71.34478690253069},""R4_rr_potential"":{""value"":4.205287713841361,""score"":100.0},""_score"":65.22},""market"":{""M1_spy_regime"":{""score"":100.0},""M3_earnings_risk"":{""value"":null,""score"":80.0},""M4_vix"":{""value"":null,""score"":60.0},""_score"":84.0},""liquidity"":{""L1_price"":{""value"":332.79,""score"":100.0},""L2_dollar_vol"":{""value"":60119324.62038186,""score"":88.9507046542192},""L3_spread_proxy"":{""value"":0.018690465458697587,""score"":81.30953454130241},""L4_volume_zscore"":{""value"":-2.224721956569601,""score"":100.0},""_score"":93.71},""pattern_structure"":{""top"":351.99,""top_touches"":2,""low_slope_per_bar"":0.40329683698296526,""lowest_low"":327.25,""structural_low"":327.25,""current_price"":332.52,""neckline_distance_pct"":0.05855286900036097,""base_bars"":35},""pattern_geometry_features"":{""top_touches"":2.0,""low_slope"":0.40329683698296526,""compression"":-0.395463001432212,""atr_pct"":0.03387374277214717},""_schema_version"":""1.0""}",,,,,,,,,,
20260604T164444Z-6b270e,2026-06-04T16:44:44.043038+00:00,COHU,bull_flag,absent,47.27,98.2,36.5,29.6,38.1,8.7,37.8,77.2,84.0,82.7,13.74,10.96,2.66,3.81,1.21,3.4,2.32,5.04,4.14,False,,56.17,58.47,52.6975,65.9399,"{""trend"":{""T1_ema_stack"":{""value"":[true,true,true],""score"":100.0},""T2_ema50_slope"":{""value"":0.580700459267254,""score"":100},""T3_high_proximity"":{""value"":0.9753429414828964,""score"":87.67147074144816},""T4_rs_1m"":{""value"":0.11406271082616604,""score"":100},""T5_rs_3m"":{""value"":0.8426401725188297,""score"":100},""T6_adr_healthy"":{""value"":5.305971348091613,""score"":100.0},""_score"":98.15},""geometry"":{""sub_pole_impulse"":41.2,""sub_flag_tightness"":3.5,""sub_flag_shallowness"":0,""sub_flag_drift"":88.6,""sub_flag_duration"":100.0,""_score"":36.52},""compression"":{""VC1_atr_ratio"":{""value"":0.7896676765028985,""score"":52.58308087427538},""VC2_range_contraction"":{""value"":1.000327036705252,""score"":0},""VC3_range_pct_rank"":{""score"":34.166666666666664},""_score"":29.57},""sr_quality"":{""SR1_touches"":{""value"":2,""score"":25.0},""SR2_tightness"":{""value"":0.7140999999999984,""score"":54.01348215374083},""SR3_recency"":{""value"":228,""score"":0.0},""SR4_price_location"":{""score"":30.0},""SR5_reaction"":{""value"":2.8474483494596314,""score"":100},""_score"":38.1,""_levels_found"":4,""_target_level"":51.7142},""volume"":{""V1_rvol_day"":{""value"":0.2953369428711538,""score"":0},""V2_rvol_sameslot"":{""value"":0.6177256276737008,""score"":7.848375178246718,""status"":""ok""},""V3_breakout_bar"":{""value"":0.5137939924450083,""score"":0.9195994963338894},""V4_base_dryup"":{""value"":1.156297248937119,""score"":34.37027510628809},""V5_bo_expansion"":{""value"":0.2953369428711538,""score"":0},""_score"":8.67},""readiness"":{""_distance_atr"":0.741,""BR1_atr_distance"":{""score"":50.628300869907946},""BR2_compression"":{""score"":0},""BR3_retest"":{""score"":50.0},""BR4_bo_age"":{""score"":50.0},""_score"":37.75},""risk"":{""R1_stop_clarity"":{""score"":48.32071058447954},""R2_stop_distance_pct"":{""value"":6.182125689870044,""score"":100.0},""R3_stop_distance_atr"":{""value"":1.1181079906255111,""score"":80.90539953127556},""R4_rr_potential"":{""value"":2.8135061195104343,""score"":90.67530597552171},""_score"":77.18},""market"":{""M1_spy_regime"":{""score"":100.0},""M3_earnings_risk"":{""value"":null,""score"":80.0},""M4_vix"":{""value"":null,""score"":60.0},""_score"":84.0},""liquidity"":{""L1_price"":{""value"":56.17,""score"":100.0},""L2_dollar_vol"":{""value"":25109593.60873251,""score"":69.991984192171},""L3_spread_proxy"":{""value"":0.05251913833006948,""score"":47.48086166993052},""L4_volume_zscore"":{""value"":-1.1328097958148169,""score"":100.0},""_score"":82.74},""pattern_structure"":{""pole_low"":51.0001,""pole_low_idx"":39,""peak_price"":58.47,""peak_idx"":46,""pole_gain"":0.14646834025815625,""flag_bars"":13,""flag_low"":53.5,""flag_high"":58.4599,""structural_low"":53.5,""current_price"":56.17,""neckline_distance_pct"":0.0409471247997151,""base_bars"":13},""pattern_geometry_features"":{""pole_gain"":0.14646834025815625,""pullback_pct"":0.0850008551393877,""flag_range_pct"":0.0848281169830682,""flag_drift_per_bar"":-0.002274785922640647,""atr_pct"":0.05529095348304893,""pole_atr_multiple"":2.6490471050216278},""_schema_version"":""1.0""}",,,,,,,,,,
20260604T164444Z-6b270e,2026-06-04T16:44:44.043038+00:00,CRM,vcp,retest_hold,47.24,30.3,52.0,18.9,74.0,16.9,57.5,50.4,84.0,95.0,4.54,13.01,2.26,8.88,2.2,4.03,2.52,5.04,4.75,False,,188.75,187.44,169.0753,220.645,"{""trend"":{""T1_ema_stack"":{""value"":[true,false,false],""score"":33.33333333333333},""T2_ema50_slope"":{""value"":-0.10209523425948287,""score"":32.984127623419525},""T3_high_proximity"":{""value"":0.9005248091603054,""score"":50.26240458015268},""T4_rs_1m"":{""value"":-0.03586454642190784,""score"":14.13545357809216},""T5_rs_3m"":{""value"":-0.17318342441433454,""score"":0},""T6_adr_healthy"":{""value"":4.1255162251972255,""score"":100.0},""_score"":30.3},""geometry"":{""sub_contraction_count"":100.0,""sub_reduction_rate"":14.6,""sub_pivot_tightness"":22.6,""sub_volume_dryup"":0,""sub_base_depth"":100.0,""sub_base_duration"":100.0,""_score"":52.04},""compression"":{""VC1_atr_ratio"":{""value"":0.8489089765367535,""score"":37.77275586581163},""VC2_range_contraction"":{""value"":1.3227650673196434,""score"":0},""VC3_range_pct_rank"":{""score"":15.000000000000002},""_score"":18.86},""sr_quality"":{""SR1_touches"":{""value"":6,""score"":100},""SR2_tightness"":{""value"":1.8647289049319995,""score"":63.54480281650987},""SR3_recency"":{""value"":236,""score"":0.0},""SR4_price_location"":{""score"":87.40956051941473},""SR5_reaction"":{""value"":1.6831618647312292,""score"":84.15809323656146},""_score"":74.01,""_levels_found"":7,""_target_level"":190.0783},""volume"":{""V1_rvol_day"":{""value"":0.3898926055248683,""score"":0},""V2_rvol_sameslot"":{""value"":0.925300178119584,""score"":28.353345207972264,""status"":""ok""},""V3_breakout_bar"":{""value"":0.7027877935187338,""score"":13.51918623458225},""V4_base_dryup"":{""value"":1.106065874746977,""score"":39.39341252530231},""V5_bo_expansion"":{""value"":0.3898926055248683,""score"":0},""_score"":16.93},""readiness"":{""_distance_atr"":-0.128,""BR1_atr_distance"":{""score"":100.0},""BR2_compression"":{""score"":0},""BR3_retest"":{""score"":50.0},""BR4_bo_age"":{""score"":50.0},""_score"":57.5},""risk"":{""R1_stop_clarity"":{""score"":49.66398670609233},""R2_stop_distance_pct"":{""value"":10.423708609271518,""score"":39.40728476821205},""R3_stop_distance_atr"":{""value"":1.9231934703452984,""score"":100.0},""R4_rr_potential"":{""value"":1.6211133559511557,""score"":31.055667797557785},""_score"":50.42},""market"":{""M1_spy_regime"":{""score"":100.0},""M3_earnings_risk"":{""value"":null,""score"":80.0},""M4_vix"":{""value"":null,""score"":60.0},""_score"":84.0},""liquidity"":{""L1_price"":{""value"":188.75,""score"":100.0},""L2_dollar_vol"":{""value"":1129781936.4707139,""score"":100.0},""L3_spread_proxy"":{""value"":0.04980132450331129,""score"":50.19867549668871},""L4_volume_zscore"":{""value"":-1.4281505686769262,""score"":100.0},""_score"":95.02},""pattern_structure"":{""n_contractions"":5,""contractions_pct"":[12.71,13.47,11.84,13.65,8.42],""descending_strict"":false,""final_low"":171.65,""final_pivot"":187.44,""structural_low"":171.65,""dry_up_ratio"":1.4286790728964827,""current_price"":188.75,""neckline_distance_pct"":-0.00694039735099339,""base_bars"":53},""pattern_geometry_features"":{""contraction_count"":5.0,""first_contraction_pct"":0.12710941885724042,""last_contraction_pct"":0.08424029022620567,""dry_up_ratio"":1.4286790728964827,""near_monotone"":0.0,""base_depth_pct"":0.16209025896365714},""_schema_version"":""1.0""}",,,,,,,,,,
20260604T164444Z-6b270e,2026-06-04T16:44:44.043038+00:00,VSH,breakout_retest_hold,setup,47.24,100.0,51.6,0.2,29.7,20.6,33.7,41.4,84.0,90.0,14.0,11.35,0.01,4.16,2.68,6.06,2.07,4.2,2.7,False,,65.45,57.54,56.43,58.62,"{""trend"":{""T1_ema_stack"":{""value"":[true,true,true],""score"":100.0},""T2_ema50_slope"":{""value"":0.9750340515169539,""score"":100},""T3_high_proximity"":{""value"":1.0,""score"":99.99999999999997},""T4_rs_1m"":{""value"":0.9942993775024804,""score"":100},""T5_rs_3m"":{""value"":2.710362620590396,""score"":100},""T6_adr_healthy"":{""value"":7.674515772001856,""score"":100.0},""_score"":100.0},""geometry"":{""sub_retest_depth"":92.0,""sub_retest_timing"":20.0,""sub_retest_freshness"":100.0,""sub_hold_quality"":0.0,""_score"":51.6},""compression"":{""VC1_atr_ratio"":{""value"":1.2496471860764127,""score"":0},""VC2_range_contraction"":{""value"":1.6855819385814763,""score"":0},""VC3_range_pct_rank"":{""score"":0.8333333333333304},""_score"":0.21},""sr_quality"":{""SR1_touches"":{""value"":2,""score"":25.0},""SR2_tightness"":{""value"":1.1150000000000002,""score"":51.872828342310285},""SR3_recency"":{""value"":251,""score"":0.0},""SR4_price_location"":{""score"":30.0},""SR5_reaction"":{""value"":0.9247754733327377,""score"":46.23877366663688},""_score"":29.72,""_levels_found"":3,""_target_level"":27.365},""volume"":{""V1_rvol_day"":{""value"":0.9283728607040236,""score"":28.558190713601572},""V2_rvol_sameslot"":{""value"":1.5149140190152954,""score"":67.66093460101969,""status"":""ok""},""V3_breakout_bar"":{""value"":0.5820134196168228,""score"":5.46756130778819},""V4_base_dryup"":{""value"":2.1455948565026275,""score"":0},""V5_bo_expansion"":{""value"":0.9283728607040236,""score"":0},""_score"":20.61},""readiness"":{""_distance_atr"":-1.707,""BR1_atr_distance"":{""score"":25.857764321764506},""BR2_compression"":{""score"":0},""BR3_retest"":{""score"":94.17294334189408},""BR4_bo_age"":{""score"":30.0},""_score"":33.68},""risk"":{""R1_stop_clarity"":{""score"":75.39687188799718},""R2_stop_distance_pct"":{""value"":13.781512605042021,""score"":0.0},""R3_stop_distance_atr"":{""value"":1.9466685576339073,""score"":100.0},""R4_rr_potential"":{""value"":-0.757206208425721,""score"":0.0},""_score"":41.39},""market"":{""M1_spy_regime"":{""score"":100.0},""M3_earnings_risk"":{""value"":null,""score"":80.0},""M4_vix"":{""value"":null,""score"":60.0},""_score"":84.0},""liquidity"":{""L1_price"":{""value"":65.45,""score"":100.0},""L2_dollar_vol"":{""value"":457088955.5696965,""score"":100.0},""L3_spread_proxy"":{""value"":0.13292436974789915,""score"":0},""L4_volume_zscore"":{""value"":-0.20803600935965266,""score"":100.0},""_score"":90.0},""pattern_structure"":{""level"":57.54,""level_idx"":60,""breakout_idx"":65,""bo_peak_idx"":72,""bo_peak_price"":66.07,""retest_idx"":77,""retest_low"":57.0,""structural_low"":57.0,""current_price"":65.475,""neckline_distance_pct"":-0.1211912943871706,""base_bars"":19,""bars_since_breakout"":14},""pattern_geometry_features"":{""retest_depth_atr"":0.2438607413237506,""bars_breakout_to_retest"":12.0,""bars_since_retest"":2.0,""current_above_level_atr"":3.5833981155628942,""bo_peak_excess_pct"":0.14824469933958975,""atr_pct"":0.07079537269453236},""_schema_version"":""1.0""}",,,,,,,,,,
20260604T164444Z-6b270e,2026-06-04T16:44:44.043038+00:00,NNE,vcp,absent,47.22,52.5,45.0,57.4,48.0,6.2,33.2,58.7,84.0,86.8,7.88,11.25,6.89,5.76,0.8,2.32,2.94,5.04,4.34,False,,25.3684,29.73,21.3912,36.283,"{""trend"":{""T1_ema_stack"":{""value"":[false,true,false],""score"":33.33333333333333},""T2_ema50_slope"":{""value"":0.24862810067411883,""score"":91.43801677901982},""T3_high_proximity"":{""value"":0.8298462544978737,""score"":14.92312724893685},""T4_rs_1m"":{""value"":0.06883824922264958,""score"":100},""T5_rs_3m"":{""value"":-0.11830387210926852,""score"":0},""T6_adr_healthy"":{""value"":9.064997645696799,""score"":73.37505885758003},""_score"":52.53},""geometry"":{""sub_contraction_count"":100.0,""sub_reduction_rate"":0,""sub_pivot_tightness"":0,""sub_volume_dryup"":0,""sub_base_depth"":100.0,""sub_base_duration"":100.0,""_score"":45.0},""compression"":{""VC1_atr_ratio"":{""value"":0.6738034945761389,""score"":81.54912635596529},""VC2_range_contraction"":{""value"":1.0918902236185395,""score"":0},""VC3_range_pct_rank"":{""score"":99.16666666666667},""_score"":57.41},""sr_quality"":{""SR1_touches"":{""value"":2,""score"":25.0},""SR2_tightness"":{""value"":0.2550000000000008,""score"":81.58341372319401},""SR3_recency"":{""value"":299,""score"":0.0},""SR4_price_location"":{""score"":74.87224297939015},""SR5_reaction"":{""value"":1.2693000149602522,""score"":63.46500074801261},""_score"":47.98,""_levels_found"":6,""_target_level"":26.295},""volume"":{""V1_rvol_day"":{""value"":0.458217013554582,""score"":0},""V2_rvol_sameslot"":{""value"":0.6172793210336829,""score"":7.818621402245525,""status"":""ok""},""V3_breakout_bar"":{""value"":0.2971893297923835,""score"":0},""V4_base_dryup"":{""value"":1.2684423226294768,""score"":23.15576773705233},""V5_bo_expansion"":{""value"":0.45821701355458205,""score"":0},""_score"":6.19},""readiness"":{""_distance_atr"":1.575,""BR1_atr_distance"":{""score"":0},""BR2_compression"":{""score"":62.77089878164382},""BR3_retest"":{""score"":50.0},""BR4_bo_age"":{""score"":50.0},""_score"":33.19},""risk"":{""R1_stop_clarity"":{""score"":76.47335269568262},""R2_stop_distance_pct"":{""value"":15.67759496065973,""score"":0.0},""R3_stop_distance_atr"":{""value"":1.4361885920339248,""score"":96.80942960169624},""R4_rr_potential"":{""value"":2.744323517690407,""score"":87.21617588452035},""_score"":58.73},""market"":{""M1_spy_regime"":{""score"":100.0},""M3_earnings_risk"":{""value"":null,""score"":80.0},""M4_vix"":{""value"":null,""score"":60.0},""_score"":84.0},""liquidity"":{""L1_price"":{""value"":25.3684,""score"":100.0},""L2_dollar_vol"":{""value"":32576080.537311096,""score"":75.64494150105587},""L3_spread_proxy"":{""value"":0.03504359754655395,""score"":64.95640245344605},""L4_volume_zscore"":{""value"":-1.2098083816010685,""score"":100.0},""_score"":86.75},""pattern_structure"":{""n_contractions"":5,""contractions_pct"":[21.97,16.31,12.0,23.16,26.95],""descending_strict"":false,""final_low"":21.717,""final_pivot"":29.73,""structural_low"":21.717,""dry_up_ratio"":1.2719532005250924,""current_price"":25.3684,""neckline_distance_pct"":0.17193043313728887,""base_bars"":55},""pattern_geometry_features"":{""contraction_count"":5.0,""first_contraction_pct"":0.21966749204103292,""last_contraction_pct"":0.26952573158425835,""dry_up_ratio"":1.2719532005250924,""near_monotone"":0.0,""base_depth_pct"":0.23180049522461976},""_schema_version"":""1.0""}",,,,,,,,,,
20260604T164444Z-6b270e,2026-06-04T16:44:44.043038+00:00,QUBT,vcp,absent,47.0,71.9,35.6,59.0,49.6,1.8,24.0,52.8,84.0,94.3,10.78,8.89,7.08,5.95,0.23,1.68,2.64,5.04,4.71,False,,10.915,14.45,9.0029,14.99,"{""trend"":{""T1_ema_stack"":{""value"":[false,true,false],""score"":33.33333333333333},""T2_ema50_slope"":{""value"":0.6511854665078997,""score"":100},""T3_high_proximity"":{""value"":0.8809523809523808,""score"":40.47619047619039},""T4_rs_1m"":{""value"":0.09645958721600834,""score"":100},""T5_rs_3m"":{""value"":0.3034404708606544,""score"":100},""T6_adr_healthy"":{""value"":10.01710071819137,""score"":49.572482045215736},""_score"":71.88},""geometry"":{""sub_contraction_count"":100.0,""sub_reduction_rate"":0,""sub_pivot_tightness"":0,""sub_volume_dryup"":0,""sub_base_depth"":5.8,""sub_base_duration"":100.0,""_score"":35.58},""compression"":{""VC1_atr_ratio"":{""value"":0.598071652351613,""score"":100},""VC2_range_contraction"":{""value"":1.0654361526161564,""score"":0},""VC3_range_pct_rank"":{""score"":75.83333333333333},""_score"":58.96},""sr_quality"":{""SR1_touches"":{""value"":4,""score"":75.0},""SR2_tightness"":{""value"":0.21273311184439536,""score"":62.07893497047263},""SR3_recency"":{""value"":228,""score"":0.0},""SR4_price_location"":{""score"":27.671371488162155},""SR5_reaction"":{""value"":1.4483639658681202,""score"":72.41819829340601},""_score"":49.59,""_levels_found"":5,""_target_level"":12.6663},""volume"":{""V1_rvol_day"":{""value"":0.2751215765949677,""score"":0},""V2_rvol_sameslot"":{""value"":0.5416615740976283,""score"":2.7774382731752185,""status"":""ok""},""V3_breakout_bar"":{""value"":0.5730030105350903,""score"":4.86686736900602},""V4_base_dryup"":{""value"":2.056525017967011,""score"":0},""V5_bo_expansion"":{""value"":0.2751215765949677,""score"":0},""_score"":1.77},""readiness"":{""_distance_atr"":3.151,""BR1_atr_distance"":{""score"":0},""BR2_compression"":{""score"":25.902277080229947},""BR3_retest"":{""score"":50.0},""BR4_bo_age"":{""score"":50.0},""_score"":23.98},""risk"":{""R1_stop_clarity"":{""score"":75.56103057736011},""R2_stop_distance_pct"":{""value"":17.518094365551985,""score"":0.0},""R3_stop_distance_atr"":{""value"":1.7042214964635167,""score"":100.0},""R4_rr_potential"":{""value"":2.1311646880393296,""score"":56.55823440196648},""_score"":52.76},""market"":{""M1_spy_regime"":{""score"":100.0},""M3_earnings_risk"":{""value"":null,""score"":80.0},""M4_vix"":{""value"":null,""score"":60.0},""_score"":84.0},""liquidity"":{""L1_price"":{""value"":10.915,""score"":100.0},""L2_dollar_vol"":{""value"":98776569.72381139,""score"":99.73269700346133},""L3_spread_proxy"":{""value"":0.05634448007329366,""score"":43.65551992670634},""L4_volume_zscore"":{""value"":-0.8081554886329486,""score"":100.0},""_score"":94.26},""pattern_structure"":{""n_contractions"":5,""contractions_pct"":[21.18,21.06,19.84,21.53,36.75],""descending_strict"":false,""final_low"":9.14,""final_pivot"":14.45,""structural_low"":9.14,""dry_up_ratio"":1.3952100141008337,""current_price"":10.915,""neckline_distance_pct"":0.32386623912047646,""base_bars"":68},""pattern_geometry_features"":{""contraction_count"":5.0,""first_contraction_pct"":0.21177685950413222,""last_contraction_pct"":0.3674740484429065,""dry_up_ratio"":1.3952100141008337,""near_monotone"":0.0,""base_depth_pct"":0.05578512396694206},""_schema_version"":""1.0""}",,,,,,,,,,
20260604T164444Z-6b270e,2026-06-04T16:44:44.043038+00:00,APH,bull_flag,absent,46.93,68.3,30.9,53.3,55.4,17.7,37.7,67.4,84.0,96.5,9.56,9.26,4.8,5.54,2.48,3.39,2.02,5.04,4.83,True,risk_unclear,146.62,151.92,139.6927,163.954,"{""trend"":{""T1_ema_stack"":{""value"":[true,true,true],""score"":100.0},""T2_ema50_slope"":{""value"":-0.12156300738000798,""score"":29.73949876999867},""T3_high_proximity"":{""value"":0.9594921798311629,""score"":79.74608991558141},""T4_rs_1m"":{""value"":0.02736931912931695,""score"":77.36931912931695},""T5_rs_3m"":{""value"":-0.03423055466881353,""score"":32.88472266559324},""T6_adr_healthy"":{""value"":4.182794325331278,""score"":100.0},""_score"":68.32},""geometry"":{""sub_pole_impulse"":28.2,""sub_flag_tightness"":0,""sub_flag_shallowness"":0,""sub_flag_drift"":82.8,""sub_flag_duration"":100.0,""_score"":30.88},""compression"":{""VC1_atr_ratio"":{""value"":0.5914312746661743,""score"":100},""VC2_range_contraction"":{""value"":1.003730885423896,""score"":0},""VC3_range_pct_rank"":{""score"":53.333333333333336},""_score"":53.33},""sr_quality"":{""SR1_touches"":{""value"":4,""score"":75.0},""SR2_tightness"":{""value"":0.8111967405475642,""score"":72.64628995351214},""SR3_recency"":{""value"":250,""score"":0.0},""SR4_price_location"":{""score"":28.13855389221774},""SR5_reaction"":{""value"":2.825157792435357,""score"":100},""_score"":55.43,""_levels_found"":6,""_target_level"":155.1762},""volume"":{""V1_rvol_day"":{""value"":0.1979391736422197,""score"":0},""V2_rvol_sameslot"":{""value"":0.5287516921657586,""score"":1.916779477717238,""status"":""ok""},""V3_breakout_bar"":{""value"":0.7299458976533967,""score"":15.329726510226447},""V4_base_dryup"":{""value"":0.8248362249755996,""score"":67.51637750244004},""V5_bo_expansion"":{""value"":0.1979391736422197,""score"":0},""_score"":17.72},""readiness"":{""_distance_atr"":0.894,""BR1_atr_distance"":{""score"":40.42766035256088},""BR2_compression"":{""score"":16.026235067729637},""BR3_retest"":{""score"":50.0},""BR4_bo_age"":{""score"":50.0},""_score"":37.68},""risk"":{""R1_stop_clarity"":{""score"":28.267035019624274},""R2_stop_distance_pct"":{""value"":4.724662392579459,""score"":100.0},""R3_stop_distance_atr"":{""value"":1.1679494389803013,""score"":83.39747194901507},""R4_rr_potential"":{""value"":2.502273613096007,""score"":75.11368065480035},""_score"":67.43},""market"":{""M1_spy_regime"":{""score"":100.0},""M3_earnings_risk"":{""value"":null,""score"":80.0},""M4_vix"":{""value"":null,""score"":60.0},""_score"":84.0},""liquidity"":{""L1_price"":{""value"":146.62,""score"":100.0},""L2_dollar_vol"":{""value"":351758437.0042707,""score"":100.0},""L3_spread_proxy"":{""value"":0.03464738780521083,""score"":65.35261219478917},""L4_volume_zscore"":{""value"":-2.037626701845266,""score"":100.0},""_score"":96.54},""pattern_structure"":{""pole_low"":139.886,""pole_low_idx"":27,""peak_price"":151.92,""peak_idx"":52,""pole_gain"":0.0860271935719085,""flag_bars"":7,""flag_low"":141.82,""flag_high"":150.79,""structural_low"":141.82,""current_price"":146.62,""neckline_distance_pct"":0.03614786522984574,""base_bars"":7},""pattern_geometry_features"":{""pole_gain"":0.0860271935719085,""pullback_pct"":0.06648235913638754,""flag_range_pct"":0.05904423380726698,""flag_drift_per_bar"":-0.003432098524855335,""atr_pct"":0.040452627784165106,""pole_atr_multiple"":2.126615705434672},""_schema_version"":""1.0""}",,,,,,,,,,
20260604T164444Z-6b270e,2026-06-04T16:44:44.043038+00:00,ANET,bull_flag,absent,46.92,64.2,43.2,39.2,49.3,20.2,17.5,77.1,84.0,95.0,8.98,12.97,3.53,4.93,2.83,1.57,2.31,5.04,4.75,False,,165.27,177.48,155.039,204.3,"{""trend"":{""T1_ema_stack"":{""value"":[true,true,true],""score"":100.0},""T2_ema50_slope"":{""value"":0.038081563557113056,""score"":56.34692725951884},""T3_high_proximity"":{""value"":0.9298936589208351,""score"":64.94682946041752},""T4_rs_1m"":{""value"":-0.0743568285570324,""score"":0},""T5_rs_3m"":{""value"":0.07516142892668132,""score"":87.58071446334066},""T6_adr_healthy"":{""value"":4.512129930485628,""score"":100.0},""_score"":64.15},""geometry"":{""sub_pole_impulse"":72.0,""sub_flag_tightness"":0,""sub_flag_shallowness"":0,""sub_flag_drift"":77.7,""sub_flag_duration"":100.0,""_score"":43.25},""compression"":{""VC1_atr_ratio"":{""value"":0.6616959230578782,""score"":84.57601923553045},""VC2_range_contraction"":{""value"":0.9973800669606365,""score"":0.4366555065605793},""VC3_range_pct_rank"":{""score"":20.833333333333336},""_score"":39.19},""sr_quality"":{""SR1_touches"":{""value"":2,""score"":25.0},""SR2_tightness"":{""value"":0.3500000000000085,""score"":90.76558919310072},""SR3_recency"":{""value"":247,""score"":0.0},""SR4_price_location"":{""score"":52.67549226832804},""SR5_reaction"":{""value"":4.057863948860212,""score"":100},""_score"":49.28,""_levels_found"":6,""_target_level"":179.45},""volume"":{""V1_rvol_day"":{""value"":0.48055690142610097,""score"":0},""V2_rvol_sameslot"":{""value"":0.6067531187104769,""score"":7.116874580698458,""status"":""ok""},""V3_breakout_bar"":{""value"":0.6637901038115129,""score"":10.919340254100863},""V4_base_dryup"":{""value"":0.6973421385638625,""score"":80.26578614361375},""V5_bo_expansion"":{""value"":0.48055690142610097,""score"":0},""_score"":20.21},""readiness"":{""_distance_atr"":1.611,""BR1_atr_distance"":{""score"":0},""BR2_compression"":{""score"":0},""BR3_retest"":{""score"":50.0},""BR4_bo_age"":{""score"":50.0},""_score"":17.5},""risk"":{""R1_stop_clarity"":{""score"":37.70730309974696},""R2_stop_distance_pct"":{""value"":6.190476190476186,""score"":100.0},""R3_stop_distance_atr"":{""value"":1.3496750995054876,""score"":92.48375497527438},""R4_rr_potential"":{""value"":3.8148763561724164,""score"":100.0},""_score"":77.07},""market"":{""M1_spy_regime"":{""score"":100.0},""M3_earnings_risk"":{""value"":null,""score"":80.0},""M4_vix"":{""value"":null,""score"":60.0},""_score"":84.0},""liquidity"":{""L1_price"":{""value"":165.27,""score"":100.0},""L2_dollar_vol"":{""value"":929734644.7093674,""score"":100.0},""L3_spread_proxy"":{""value"":0.05003932958189618,""score"":49.960670418103824},""L4_volume_zscore"":{""value"":-1.4632247108880274,""score"":100.0},""_score"":95.0},""pattern_structure"":{""pole_low"":150.66,""pole_low_idx"":27,""peak_price"":177.48,""peak_idx"":45,""pole_gain"":0.17801672640382313,""flag_bars"":14,""flag_low"":157.4,""flag_high"":177.48,""structural_low"":157.4,""current_price"":165.475,""neckline_distance_pct"":0.07254872337211056,""base_bars"":14},""pattern_geometry_features"":{""pole_gain"":0.17801672640382313,""pullback_pct"":0.11313950867703394,""flag_range_pct"":0.11313950867703394,""flag_drift_per_bar"":-0.004467531863815316,""atr_pct"":0.04586641772337904,""pole_atr_multiple"":3.8811996933670367},""_schema_version"":""1.0""}",,,,,,,,,,
20260604T164444Z-6b270e,2026-06-04T16:44:44.043038+00:00,UUUU,vcp,absent,46.91,13.3,44.0,74.3,56.3,18.3,34.9,74.6,84.0,92.8,2.0,11.01,8.91,6.76,2.38,2.44,3.73,5.04,4.64,False,,17.43,25.79,15.7896,33.37,"{""trend"":{""T1_ema_stack"":{""value"":[false,false,true],""score"":33.33333333333333},""T2_ema50_slope"":{""value"":-0.3362188848317906,""score"":0},""T3_high_proximity"":{""value"":0.7410714285714286,""score"":0},""T4_rs_1m"":{""value"":-0.21685476122569247,""score"":0},""T5_rs_3m"":{""value"":-0.2526440422151075,""score"":0},""T6_adr_healthy"":{""value"":7.154704378939168,""score"":100.0},""_score"":13.33},""geometry"":{""sub_contraction_count"":100.0,""sub_reduction_rate"":0,""sub_pivot_tightness"":0,""sub_volume_dryup"":7.5,""sub_base_depth"":78.9,""sub_base_duration"":100.0,""_score"":44.02},""compression"":{""VC1_atr_ratio"":{""value"":0.4005228090134866,""score"":100},""VC2_range_contraction"":{""value"":0.8197970486208078,""score"":30.033825229865364},""VC3_range_pct_rank"":{""score"":95.0},""_score"":74.26},""sr_quality"":{""SR1_touches"":{""value"":2,""score"":25.0},""SR2_tightness"":{""value"":0.09440000000000026,""score"":85.25740420547712},""SR3_recency"":{""value"":262,""score"":0.0},""SR4_price_location"":{""score"":84.21199962676121},""SR5_reaction"":{""value"":4.286440961570642,""score"":100},""_score"":56.34,""_levels_found"":4,""_target_level"":17.6556},""volume"":{""V1_rvol_day"":{""value"":0.3823919048873022,""score"":0},""V2_rvol_sameslot"":{""value"":0.6190197083315561,""score"":7.934647222103737,""status"":""ok""},""V3_breakout_bar"":{""value"":0.6180598699365488,""score"":7.870657995769921},""V4_base_dryup"":{""value"":0.7622399549840725,""score"":73.77600450159275},""V5_bo_expansion"":{""value"":0.38239190488730224,""score"":0},""_score"":18.31},""readiness"":{""_distance_atr"":6.528,""BR1_atr_distance"":{""score"":0},""BR2_compression"":{""score"":69.53278303043133},""BR3_retest"":{""score"":50.0},""BR4_bo_age"":{""score"":50.0},""_score"":34.88},""risk"":{""R1_stop_clarity"":{""score"":62.44854704668399},""R2_stop_distance_pct"":{""value"":9.411646586345379,""score"":64.70883534136553},""R3_stop_distance_atr"":{""value"":1.2809582241061965,""score"":89.04791120530983},""R4_rr_potential"":{""value"":9.716845987381513,""score"":100.0},""_score"":74.63},""market"":{""M1_spy_regime"":{""score"":100.0},""M3_earnings_risk"":{""value"":null,""score"":80.0},""M4_vix"":{""value"":null,""score"":60.0},""_score"":84.0},""liquidity"":{""L1_price"":{""value"":17.43,""score"":100.0},""L2_dollar_vol"":{""value"":71494536.89549871,""score"":92.71364286852597},""L3_spread_proxy"":{""value"":0.043029259896729774,""score"":56.970740103270224},""L4_volume_zscore"":{""value"":-1.378424438632968,""score"":100.0},""_score"":92.78},""pattern_structure"":{""n_contractions"":5,""contractions_pct"":[22.24,17.83,9.85,15.87,37.84],""descending_strict"":false,""final_low"":16.03,""final_pivot"":25.79,""structural_low"":16.03,""dry_up_ratio"":0.9623145080829767,""current_price"":17.43,""neckline_distance_pct"":0.47963281698221455,""base_bars"":58},""pattern_geometry_features"":{""contraction_count"":5.0,""first_contraction_pct"":0.22236340533672172,""last_contraction_pct"":0.37844125630089176,""dry_up_ratio"":0.9623145080829767,""near_monotone"":0.0,""base_depth_pct"":0.32105040237187626},""_schema_version"":""1.0""}",,,,,,,,,,
20260604T164444Z-6b270e,2026-06-04T16:44:44.043038+00:00,TCEHY,bull_flag,forming,46.82,13.3,62.9,37.8,64.7,14.4,27.4,58.0,84.0,98.8,1.87,18.87,3.4,6.47,2.02,2.47,1.74,5.04,4.94,True,risk_unclear,58.36,61.38,57.2482,68.64,"{""trend"":{""T1_ema_stack"":{""value"":[true,false,false],""score"":33.33333333333333},""T2_ema50_slope"":{""value"":-0.36783035911894124,""score"":0},""T3_high_proximity"":{""value"":0.7890751757706869,""score"":0},""T4_rs_1m"":{""value"":-0.07809086815335597,""score"":0},""T5_rs_3m"":{""value"":-0.20010922877315174,""score"":0},""T6_adr_healthy"":{""value"":1.7406120100035845,""score"":100.0},""_score"":13.33},""geometry"":{""sub_pole_impulse"":92.0,""sub_flag_tightness"":36.2,""sub_flag_shallowness"":20.8,""sub_flag_drift"":80.6,""sub_flag_duration"":100.0,""_score"":62.9},""compression"":{""VC1_atr_ratio"":{""value"":0.7801784408886742,""score"":54.955389777831456},""VC2_range_contraction"":{""value"":1.0521884592259996,""score"":0},""VC3_range_pct_rank"":{""score"":63.33333333333333},""_score"":37.82},""sr_quality"":{""SR1_touches"":{""value"":5,""score"":100},""SR2_tightness"":{""value"":0.3556627616155504,""score"":57.47477442465022},""SR3_recency"":{""value"":240,""score"":0.0},""SR4_price_location"":{""score"":44.437612093261734},""SR5_reaction"":{""value"":2.1677342215389896,""score"":100},""_score"":64.73,""_levels_found"":8,""_target_level"":61.458},""volume"":{""V1_rvol_day"":{""value"":0.6635150738360391,""score"":10.901004922402608},""V2_rvol_sameslot"":{""value"":0.6614330436577566,""score"":10.762202910517104,""status"":""ok""},""V3_breakout_bar"":{""value"":0.4443502180270983,""score"":0},""V4_base_dryup"":{""value"":0.9952236710733717,""score"":50.477632892662825},""V5_bo_expansion"":{""value"":0.6635150738360391,""score"":0},""_score"":14.43},""readiness"":{""_distance_atr"":1.805,""BR1_atr_distance"":{""score"":0},""BR2_compression"":{""score"":39.75637330485205},""BR3_retest"":{""score"":50.0},""BR4_bo_age"":{""score"":50.0},""_score"":27.44},""risk"":{""R1_stop_clarity"":{""score"":0},""R2_stop_distance_pct"":{""value"":1.905071967100758,""score"":97.62679917751895},""R3_stop_distance_atr"":{""value"":0.6646682039456843,""score"":58.23341019728421},""R4_rr_potential"":{""value"":9.24626731426515,""score"":100.0},""_score"":58.02},""market"":{""M1_spy_regime"":{""score"":100.0},""M3_earnings_risk"":{""value"":null,""score"":80.0},""M4_vix"":{""value"":null,""score"":60.0},""_score"":84.0},""liquidity"":{""L1_price"":{""value"":58.36,""score"":100.0},""L2_dollar_vol"":{""value"":187325795.52,""score"":100.0},""L3_spread_proxy"":{""value"":0.012165867032213737,""score"":87.83413296778626},""L4_volume_zscore"":{""value"":-0.6205352475720042,""score"":100.0},""_score"":98.78},""pattern_structure"":{""pole_low"":54.12,""pole_low_idx"":27,""peak_price"":61.38,""peak_idx"":46,""pole_gain"":0.13414634146341473,""flag_bars"":13,""flag_low"":58.12,""flag_high"":61.27,""structural_low"":58.12,""current_price"":58.4,""neckline_distance_pct"":0.05102739726027404,""base_bars"":13},""pattern_geometry_features"":{""pole_gain"":0.13414634146341473,""pullback_pct"":0.053111762789182226,""flag_range_pct"":0.051319648093841735,""flag_drift_per_bar"":-0.003873438205629944,""atr_pct"":0.02866199941251346,""pole_atr_multiple"":4.680285542286633},""_schema_version"":""1.0""}",,,,,,,,,,
20260604T164444Z-6b270e,2026-06-04T16:44:44.043038+00:00,COF,vcp,absent,46.8,17.1,46.4,45.6,67.3,33.9,33.9,48.7,84.0,96.7,2.56,11.6,5.47,8.08,4.41,2.37,2.44,5.04,4.83,True,risk_unclear,184.39,188.8387,177.3,194.5787,"{""trend"":{""T1_ema_stack"":{""value"":[false,false,false],""score"":0.0},""T2_ema50_slope"":{""value"":-0.14723227510248993,""score"":25.461287482918344},""T3_high_proximity"":{""value"":0.8930595243861092,""score"":46.5297621930546},""T4_rs_1m"":{""value"":-0.0731658907967292,""score"":0},""T5_rs_3m"":{""value"":-0.1612766873810001,""score"":0},""T6_adr_healthy"":{""value"":2.4336102351536844,""score"":100.0},""_score"":17.07},""geometry"":{""sub_contraction_count"":100.0,""sub_reduction_rate"":0,""sub_pivot_tightness"":76.0,""sub_volume_dryup"":0,""sub_base_depth"":0.0,""sub_base_duration"":100.0,""_score"":46.4},""compression"":{""VC1_atr_ratio"":{""value"":0.5318478703646171,""score"":100},""VC2_range_contraction"":{""value"":1.0882684075147548,""score"":0},""VC3_range_pct_rank"":{""score"":22.499999999999996},""_score"":45.62},""sr_quality"":{""SR1_touches"":{""value"":5,""score"":100},""SR2_tightness"":{""value"":1.0454152047870668,""score"":58.33131563800239},""SR3_recency"":{""value"":237,""score"":0.0},""SR4_price_location"":{""score"":54.21279827910573},""SR5_reaction"":{""value"":2.3107448557620467,""score"":100},""_score"":67.3,""_levels_found"":9,""_target_level"":187.5487},""volume"":{""V1_rvol_day"":{""value"":0.34234965301366505,""score"":0},""V2_rvol_sameslot"":{""value"":1.3126840276125933,""score"":54.178935174172885,""status"":""ok""},""V3_breakout_bar"":{""value"":1.0611019491492228,""score"":37.40679660994819},""V4_base_dryup"":{""value"":0.8144944276776094,""score"":68.55055723223906},""V5_bo_expansion"":{""value"":0.34234965301366505,""score"":0},""_score"":33.9},""readiness"":{""_distance_atr"":0.887,""BR1_atr_distance"":{""score"":40.893826914453626},""BR2_compression"":{""score"":0},""BR3_retest"":{""score"":50.0},""BR4_bo_age"":{""score"":50.0},""_score"":33.86},""risk"":{""R1_stop_clarity"":{""score"":0},""R2_stop_distance_pct"":{""value"":3.845110906231344,""score"":100.0},""R3_stop_distance_atr"":{""value"":1.4129839071296855,""score"":95.64919535648427},""R4_rr_potential"":{""value"":1.4370521861777217,""score"":21.852609308886084},""_score"":48.72},""market"":{""M1_spy_regime"":{""score"":100.0},""M3_earnings_risk"":{""value"":null,""score"":80.0},""M4_vix"":{""value"":null,""score"":60.0},""_score"":84.0},""liquidity"":{""L1_price"":{""value"":184.39,""score"":100.0},""L2_dollar_vol"":{""value"":294626976.56310636,""score"":100.0},""L3_spread_proxy"":{""value"":0.03313628721731121,""score"":66.8637127826888},""L4_volume_zscore"":{""value"":-2.1966943840005833,""score"":100.0},""_score"":96.69},""pattern_structure"":{""n_contractions"":5,""contractions_pct"":[4.42,8.38,10.71,7.5,4.68],""descending_strict"":false,""final_low"":180.0,""final_pivot"":188.8387,""structural_low"":180.0,""dry_up_ratio"":1.012590712248237,""current_price"":184.39,""neckline_distance_pct"":0.024126579532512623,""base_bars"":45},""pattern_geometry_features"":{""contraction_count"":5.0,""first_contraction_pct"":0.04420157209001835,""last_contraction_pct"":0.046805554158125366,""dry_up_ratio"":1.012590712248237,""near_monotone"":0.0,""base_depth_pct"":0.030903413373532942},""_schema_version"":""1.0""}",,,,,,,,,,
20260604T164444Z-6b270e,2026-06-04T16:44:44.043038+00:00,ACN,double_bottom,forming,46.79,10.4,54.9,46.6,58.6,26.0,22.3,75.6,84.0,96.9,1.56,13.72,3.73,8.2,3.38,1.78,4.54,5.04,4.85,False,,180.3,198.0,170.5331,222.87,"{""trend"":{""T1_ema_stack"":{""value"":[false,false,false],""score"":0.0},""T2_ema50_slope"":{""value"":-0.2969199081901927,""score"":0.5133486349678833},""T3_high_proximity"":{""value"":0.8386046511627907,""score"":19.30232558139533},""T4_rs_1m"":{""value"":-0.03807051313368315,""score"":11.92948686631685},""T5_rs_3m"":{""value"":-0.2678962682803072,""score"":0},""T6_adr_healthy"":{""value"":4.187269186089295,""score"":100.0},""_score"":10.38},""geometry"":{""sub_low_similarity"":62.9,""sub_bounce_quality"":100,""sub_separation_fit"":0.0,""sub_right_bottom_reaction"":66.8,""sub_base_context"":30.0,""_score"":54.89},""compression"":{""VC1_atr_ratio"":{""value"":0.701259073862704,""score"":74.68523153432399},""VC2_range_contraction"":{""value"":0.931229948393005,""score"":11.461675267832502},""VC3_range_pct_rank"":{""score"":50.83333333333333},""_score"":46.59},""sr_quality"":{""SR1_touches"":{""value"":4,""score"":75.0},""SR2_tightness"":{""value"":2.04581137632481,""score"":50.43823007165915},""SR3_recency"":{""value"":236,""score"":0.0},""SR4_price_location"":{""score"":53.989446987144106},""SR5_reaction"":{""value"":2.190875813547087,""score"":100},""_score"":58.56,""_levels_found"":7,""_target_level"":184.2457},""volume"":{""V1_rvol_day"":{""value"":0.3306190279573389,""score"":0},""V2_rvol_sameslot"":{""value"":0.8930888911116971,""score"":26.20592607411314,""status"":""ok""},""V3_breakout_bar"":{""value"":0.845614437592258,""score"":23.04096250615053},""V4_base_dryup"":{""value"":0.7508706500890303,""score"":74.91293499109696},""V5_bo_expansion"":{""value"":0.33061902795733894,""score"":0},""_score"":25.98},""readiness"":{""_distance_atr"":2.144,""BR1_atr_distance"":{""score"":0},""BR2_compression"":{""score"":19.124774538118544},""BR3_retest"":{""score"":50.0},""BR4_bo_age"":{""score"":50.0},""_score"":22.28},""risk"":{""R1_stop_clarity"":{""score"":37.08636098865381},""R2_stop_distance_pct"":{""value"":5.417054908485861,""score"":100.0},""R3_stop_distance_atr"":{""value"":1.1830693054195691,""score"":84.15346527097846},""R4_rr_potential"":{""value"":4.358576628323065,""score"":100.0},""_score"":75.6},""market"":{""M1_spy_regime"":{""score"":100.0},""M3_earnings_risk"":{""value"":null,""score"":80.0},""M4_vix"":{""value"":null,""score"":60.0},""_score"":84.0},""liquidity"":{""L1_price"":{""value"":180.3,""score"":100.0},""L2_dollar_vol"":{""value"":348206612.3565831,""score"":100.0},""L3_spread_proxy"":{""value"":0.03089295618413751,""score"":69.10704381586248},""L4_volume_zscore"":{""value"":-1.4322999420924851,""score"":100.0},""_score"":96.91},""pattern_structure"":{""left_low"":173.13,""left_idx"":23,""right_low"":176.37,""right_idx"":72,""separation_bars"":49,""structural_low"":173.13,""current_price"":180.12,""neckline_distance_pct"":0.09926715522984673,""base_bars"":49},""pattern_geometry_features"":{""low_similarity_pct"":0.018540772532188894,""bounce_pct"":0.1436492808871946,""right_bottom_reaction"":0.6680000000000064,""atr_pct"":0.04578814515490056},""_schema_version"":""1.0""}",,,,,,,,,,
20260604T164444Z-6b270e,2026-06-04T16:44:44.043038+00:00,HON,double_bottom,invalidated,46.54,55.6,58.9,42.3,39.7,17.0,17.5,17.4,84.0,96.7,8.34,14.73,3.38,5.55,2.21,1.4,1.04,5.04,4.84,True,risk_unclear,222.35,239.94,224.8853,251.57,"{""trend"":{""T1_ema_stack"":{""value"":[false,true,true],""score"":66.66666666666666},""T2_ema50_slope"":{""value"":0.029527082922930013,""score"":54.921180487155},""T3_high_proximity"":{""value"":0.9241095548813432,""score"":62.05477744067156},""T4_rs_1m"":{""value"":0.01829345245138958,""score"":68.29345245138958},""T5_rs_3m"":{""value"":-0.1776652070594339,""score"":0},""T6_adr_healthy"":{""value"":2.5098847962456055,""score"":100.0},""_score"":55.62},""geometry"":{""sub_low_similarity"":67.3,""sub_bounce_quality"":29.9,""sub_separation_fit"":100.0,""sub_right_bottom_reaction"":78.3,""sub_base_context"":30.0,""_score"":58.91},""compression"":{""VC1_atr_ratio"":{""value"":0.6020075532927637,""score"":99.49811167680907},""VC2_range_contraction"":{""value"":1.5054160623080461,""score"":0},""VC3_range_pct_rank"":{""score"":9.999999999999998},""_score"":42.3},""sr_quality"":{""SR1_touches"":{""value"":3,""score"":50.0},""SR2_tightness"":{""value"":0.9497134070631745,""score"":71.5903769174068},""SR3_recency"":{""value"":260,""score"":0.0},""SR4_price_location"":{""score"":9.860850859450375},""SR5_reaction"":{""value"":1.5273534041295422,""score"":76.36767020647711},""_score"":39.66,""_levels_found"":6,""_target_level"":229.4567},""volume"":{""V1_rvol_day"":{""value"":0.5113541141930941,""score"":0.7569409462062711},""V2_rvol_sameslot"":{""value"":1.029746886100238,""score"":35.31645907334919,""status"":""ok""},""V3_breakout_bar"":{""value"":0.7002126475313663,""score"":13.347509835424418},""V4_base_dryup"":{""value"":1.1764257850650262,""score"":32.357421493497384},""V5_bo_expansion"":{""value"":0.511354114193094,""score"":0},""_score"":17.02},""readiness"":{""_distance_atr"":2.631,""BR1_atr_distance"":{""score"":0},""BR2_compression"":{""score"":0},""BR3_retest"":{""score"":50.0},""BR4_bo_age"":{""score"":50.0},""_score"":17.5},""risk"":{""R1_stop_clarity"":{""score"":0},""R2_stop_distance_pct"":{""value"":-1.140251855183267,""score"":21.493703620418326},""R3_stop_distance_atr"":{""value"":-0.3792109142967021,""score"":6.039454285164892},""R4_rr_potential"":{""value"":null,""score"":50.0},""_score"":17.35},""market"":{""M1_spy_regime"":{""score"":100.0},""M3_earnings_risk"":{""value"":null,""score"":80.0},""M4_vix"":{""value"":null,""score"":60.0},""_score"":84.0},""liquidity"":{""L1_price"":{""value"":222.35,""score"":100.0},""L2_dollar_vol"":{""value"":514629925.58680636,""score"":100.0},""L3_spread_proxy"":{""value"":0.032651225545311406,""score"":67.3487744546886},""L4_volume_zscore"":{""value"":-2.1102572409363223,""score"":100.0},""_score"":96.73},""pattern_structure"":{""left_low"":228.31,""left_idx"":47,""right_low"":232.075,""right_idx"":66,""separation_bars"":19,""structural_low"":228.31,""current_price"":222.38,""neckline_distance_pct"":0.07896393560571995,""base_bars"":19},""pattern_geometry_features"":{""low_similarity_pct"":0.01635587606025386,""bounce_pct"":0.050939512066926526,""right_bottom_reaction"":0.7827586206896593,""atr_pct"":0.03006906742908542},""_schema_version"":""1.0""}",,,,,,,,,,
20260604T164444Z-6b270e,2026-06-04T16:44:44.043038+00:00,BWXT,vcp,invalidated,46.48,16.5,41.5,74.9,68.6,37.0,17.5,13.4,84.0,93.5,2.47,10.38,8.98,8.23,4.81,1.23,0.67,5.04,4.67,True,risk_unclear,188.93,227.12,196.2415,246.5399,"{""trend"":{""T1_ema_stack"":{""value"":[false,false,true],""score"":33.33333333333333},""T2_ema50_slope"":{""value"":-0.20546594717209413,""score"":15.755675471317645},""T3_high_proximity"":{""value"":0.7924251321197887,""score"":0},""T4_rs_1m"":{""value"":-0.1288082236257131,""score"":0},""T5_rs_3m"":{""value"":-0.14402577087370538,""score"":0},""T6_adr_healthy"":{""value"":3.516751389973004,""score"":100.0},""_score"":16.48},""geometry"":{""sub_contraction_count"":100.0,""sub_reduction_rate"":0,""sub_pivot_tightness"":0,""sub_volume_dryup"":17.5,""sub_base_depth"":38.8,""sub_base_duration"":100.0,""_score"":41.5},""compression"":{""VC1_atr_ratio"":{""value"":0.317797345513613,""score"":100},""VC2_range_contraction"":{""value"":0.6843050376547121,""score"":52.61582705754799},""VC3_range_pct_rank"":{""score"":65.83333333333333},""_score"":74.87},""sr_quality"":{""SR1_touches"":{""value"":3,""score"":50.0},""SR2_tightness"":{""value"":0.20848661028149218,""score"":93.69791094906425},""SR3_recency"":{""value"":271,""score"":0.0},""SR4_price_location"":{""score"":98.08822123692053},""SR5_reaction"":{""value"":3.3739198963618695,""score"":100},""_score"":68.58,""_levels_found"":7,""_target_level"":189.06},""volume"":{""V1_rvol_day"":{""value"":0.36000820874083467,""score"":0},""V2_rvol_sameslot"":{""value"":1.6892532494117862,""score"":79.28354996078575,""status"":""ok""},""V3_breakout_bar"":{""value"":1.1139344592978098,""score"":40.92896395318732},""V4_base_dryup"":{""value"":0.9541285117581214,""score"":54.58714882418786},""V5_bo_expansion"":{""value"":0.36000820874083467,""score"":0},""_score"":37.01},""readiness"":{""_distance_atr"":5.772,""BR1_atr_distance"":{""score"":0},""BR2_compression"":{""score"":0},""BR3_retest"":{""score"":50.0},""BR4_bo_age"":{""score"":50.0},""_score"":17.5},""risk"":{""R1_stop_clarity"":{""score"":9.665767030119824},""R2_stop_distance_pct"":{""value"":-3.8699782988408318,""score"":0.0},""R3_stop_distance_atr"":{""value"":-1.1050599157940166,""score"":0.0},""R4_rr_potential"":{""value"":null,""score"":50.0},""_score"":13.38},""market"":{""M1_spy_regime"":{""score"":100.0},""M3_earnings_risk"":{""value"":null,""score"":80.0},""M4_vix"":{""value"":null,""score"":60.0},""_score"":84.0},""liquidity"":{""L1_price"":{""value"":188.93,""score"":100.0},""L2_dollar_vol"":{""value"":68014654.22954705,""score"":91.63012472749456},""L3_spread_proxy"":{""value"":0.03170486423543101,""score"":68.295135764569},""L4_volume_zscore"":{""value"":-1.8531519447873852,""score"":100.0},""_score"":93.48},""pattern_structure"":{""n_contractions"":5,""contractions_pct"":[13.4,7.35,14.98,11.98,12.28],""descending_strict"":false,""final_low"":199.23,""final_pivot"":227.12,""structural_low"":199.23,""dry_up_ratio"":0.912344321977235,""current_price"":188.93,""neckline_distance_pct"":0.20213835812205577,""base_bars"":49},""pattern_geometry_features"":{""contraction_count"":5.0,""first_contraction_pct"":0.1340494553164671,""last_contraction_pct"":0.12279852060584719,""dry_up_ratio"":0.912344321977235,""near_monotone"":0.0,""base_depth_pct"":0.08881732852381827},""_schema_version"":""1.0""}",,,,,,,,,,
20260604T164444Z-6b270e,2026-06-04T16:44:44.043038+00:00,NNE,double_bottom,invalidated,46.46,52.5,48.9,57.4,48.0,7.2,33.2,34.5,84.0,86.8,7.88,12.23,4.59,6.72,0.93,2.66,2.07,5.04,4.34,False,,25.3684,31.05,27.1564,34.53,"{""trend"":{""T1_ema_stack"":{""value"":[false,true,false],""score"":33.33333333333333},""T2_ema50_slope"":{""value"":0.24862810067411883,""score"":91.43801677901982},""T3_high_proximity"":{""value"":0.8298462544978737,""score"":14.92312724893685},""T4_rs_1m"":{""value"":0.06883824922264958,""score"":100},""T5_rs_3m"":{""value"":-0.11830387210926852,""score"":0},""T6_adr_healthy"":{""value"":9.064997645696799,""score"":73.37505885758003},""_score"":52.53},""geometry"":{""sub_low_similarity"":12.7,""sub_bounce_quality"":100,""sub_separation_fit"":73.3,""sub_right_bottom_reaction"":54.1,""sub_base_context"":30.0,""_score"":48.92},""compression"":{""VC1_atr_ratio"":{""value"":0.6738034945761389,""score"":81.54912635596529},""VC2_range_contraction"":{""value"":1.0918902236185395,""score"":0},""VC3_range_pct_rank"":{""score"":99.16666666666667},""_score"":57.41},""sr_quality"":{""SR1_touches"":{""value"":2,""score"":25.0},""SR2_tightness"":{""value"":0.2550000000000008,""score"":81.58341372319401},""SR3_recency"":{""value"":299,""score"":0.0},""SR4_price_location"":{""score"":74.87224297939015},""SR5_reaction"":{""value"":1.2693000149602522,""score"":63.46500074801261},""_score"":47.98,""_levels_found"":6,""_target_level"":26.295},""volume"":{""V1_rvol_day"":{""value"":0.458217013554582,""score"":0},""V2_rvol_sameslot"":{""value"":0.6172793210336829,""score"":7.818621402245525,""status"":""ok""},""V3_breakout_bar"":{""value"":0.2971893297923835,""score"":0},""V4_base_dryup"":{""value"":1.2185192387002024,""score"":28.148076129979756},""V5_bo_expansion"":{""value"":0.45821701355458205,""score"":0},""_score"":7.19},""readiness"":{""_distance_atr"":2.052,""BR1_atr_distance"":{""score"":0},""BR2_compression"":{""score"":62.77089878164382},""BR3_retest"":{""score"":50.0},""BR4_bo_age"":{""score"":50.0},""_score"":33.19},""risk"":{""R1_stop_clarity"":{""score"":70.13263037343879},""R2_stop_distance_pct"":{""value"":-7.048335724759931,""score"":0.0},""R3_stop_distance_atr"":{""value"":-0.645681903769467,""score"":0.0},""R4_rr_potential"":{""value"":null,""score"":50.0},""_score"":34.55},""market"":{""M1_spy_regime"":{""score"":100.0},""M3_earnings_risk"":{""value"":null,""score"":80.0},""M4_vix"":{""value"":null,""score"":60.0},""_score"":84.0},""liquidity"":{""L1_price"":{""value"":25.3684,""score"":100.0},""L2_dollar_vol"":{""value"":32576080.537311096,""score"":75.64494150105587},""L3_spread_proxy"":{""value"":0.03504359754655395,""score"":64.95640245344605},""L4_volume_zscore"":{""value"":-1.2098083816010685,""score"":100.0},""_score"":86.75},""pattern_structure"":{""left_low"":27.57,""left_idx"":59,""right_low"":28.8,""right_idx"":65,""separation_bars"":6,""structural_low"":27.57,""current_price"":25.4,""neckline_distance_pct"":0.22244094488188987,""base_bars"":6},""pattern_geometry_features"":{""low_similarity_pct"":0.04364023416711018,""bounce_pct"":0.1262241566920566,""right_bottom_reaction"":0.5406249999999997,""atr_pct"":0.10916111607917162},""_schema_version"":""1.0""}",,,,,,,,,,
20260604T164444Z-6b270e,2026-06-04T16:44:44.043038+00:00,CCJ,vcp,absent,46.45,33.7,47.5,67.7,40.2,16.2,34.0,42.8,84.0,97.8,5.06,11.87,8.13,4.83,2.11,2.38,2.14,5.04,4.89,False,,113.84,124.7199,100.4207,145.0699,"{""trend"":{""T1_ema_stack"":{""value"":[true,false,true],""score"":66.66666666666666},""T2_ema50_slope"":{""value"":-0.16339954557106523,""score"":22.76674240482246},""T3_high_proximity"":{""value"":0.9001344192298569,""score"":50.067209614928444},""T4_rs_1m"":{""value"":-0.05069355392993635,""score"":0},""T5_rs_3m"":{""value"":-0.11392103332651249,""score"":0},""T6_adr_healthy"":{""value"":4.3891209346401245,""score"":100.0},""_score"":33.73},""geometry"":{""sub_contraction_count"":100.0,""sub_reduction_rate"":0,""sub_pivot_tightness"":0,""sub_volume_dryup"":16.4,""sub_base_depth"":100.0,""sub_base_duration"":100.0,""_score"":47.46},""compression"":{""VC1_atr_ratio"":{""value"":0.48123690632147686,""score"":100},""VC2_range_contraction"":{""value"":0.9387026257992929,""score"":10.216229033451189},""VC3_range_pct_rank"":{""score"":96.66666666666667},""_score"":67.74},""sr_quality"":{""SR1_touches"":{""value"":3,""score"":50.0},""SR2_tightness"":{""value"":1.0735130284361822,""score"":55.8021120913927},""SR3_recency"":{""value"":265,""score"":0.0},""SR4_price_location"":{""score"":7.4648705394760775},""SR5_reaction"":{""value"":2.6147869534147157,""score"":100},""_score"":40.24,""_levels_found"":5,""_target_level"":121.2853},""volume"":{""V1_rvol_day"":{""value"":0.3323826689035068,""score"":0},""V2_rvol_sameslot"":{""value"":0.5253441644164349,""score"":1.6896109610956629,""status"":""ok""},""V3_breakout_bar"":{""value"":0.3505460239746035,""score"":0},""V4_base_dryup"":{""value"":0.7043055858771239,""score"":79.5694414122876},""V5_bo_expansion"":{""value"":0.33238266890350676,""score"":0},""_score"":16.25},""readiness"":{""_distance_atr"":2.24,""BR1_atr_distance"":{""score"":0},""BR2_compression"":{""score"":65.87474320185555},""BR3_retest"":{""score"":50.0},""BR4_bo_age"":{""score"":50.0},""_score"":33.97},""risk"":{""R1_stop_clarity"":{""score"":37.038845087238755},""R2_stop_distance_pct"":{""value"":11.787816233309913,""score"":5.304594167252175},""R3_stop_distance_atr"":{""value"":2.7624373976232435,""score"":100.0},""R4_rr_potential"":{""value"":2.3272463066117686,""score"":66.36231533058843},""_score"":42.83},""market"":{""M1_spy_regime"":{""score"":100.0},""M3_earnings_risk"":{""value"":null,""score"":80.0},""M4_vix"":{""value"":null,""score"":60.0},""_score"":84.0},""liquidity"":{""L1_price"":{""value"":113.84,""score"":100.0},""L2_dollar_vol"":{""value"":113930739.42486417,""score"":100.0},""L3_spread_proxy"":{""value"":0.02152933942375255,""score"":78.47066057624745},""L4_volume_zscore"":{""value"":-2.5822111155215453,""score"":100.0},""_score"":97.85},""pattern_structure"":{""n_contractions"":5,""contractions_pct"":[14.15,9.68,2.8,14.75,18.26],""descending_strict"":false,""final_low"":101.95,""final_pivot"":124.7199,""structural_low"":101.95,""dry_up_ratio"":0.9179287634778643,""current_price"":113.84,""neckline_distance_pct"":0.09557185523541806,""base_bars"":49},""pattern_geometry_features"":{""contraction_count"":5.0,""first_contraction_pct"":0.14145543744889613,""last_contraction_pct"":0.18256829904449887,""dry_up_ratio"":0.9179287634778643,""near_monotone"":0.0,""base_depth_pct"":0.16639411283728534},""_schema_version"":""1.0""}",,,,,,,,,,
20260604T164444Z-6b270e,2026-06-04T16:44:44.043038+00:00,QCOM,vcp,absent,46.45,96.8,42.7,5.8,39.6,3.1,51.9,39.0,84.0,95.3,14.53,10.68,0.7,4.75,0.4,3.63,1.95,5.04,4.76,False,,240.43,247.9,188.1547,241.33,"{""trend"":{""T1_ema_stack"":{""value"":[true,true,true],""score"":100.0},""T2_ema50_slope"":{""value"":0.8922470954787259,""score"":100},""T3_high_proximity"":{""value"":0.957812126523783,""score"":78.90606326189148},""T4_rs_1m"":{""value"":0.24354655729256924,""score"":100},""T5_rs_3m"":{""value"":0.6445438708833466,""score"":100},""T6_adr_healthy"":{""value"":7.9019653911268595,""score"":100.0},""_score"":96.84},""geometry"":{""sub_contraction_count"":100.0,""sub_reduction_rate"":0,""sub_pivot_tightness"":0,""sub_volume_dryup"":51.5,""sub_base_depth"":0.0,""sub_base_duration"":100.0,""_score"":42.73},""compression"":{""VC1_atr_ratio"":{""value"":1.1064358985704217,""score"":0},""VC2_range_contraction"":{""value"":1.031399932411045,""score"":0},""VC3_range_pct_rank"":{""score"":23.33333333333333},""_score"":5.83},""sr_quality"":{""SR1_touches"":{""value"":2,""score"":25.0},""SR2_tightness"":{""value"":3.285000000000011,""score"":63.9315475828685},""SR3_recency"":{""value"":236,""score"":0.0},""SR4_price_location"":{""score"":30.0},""SR5_reaction"":{""value"":2.3732712298212926,""score"":100},""_score"":39.59,""_levels_found"":4,""_target_level"":187.735},""volume"":{""V1_rvol_day"":{""value"":0.24887620522989493,""score"":0},""V2_rvol_sameslot"":{""value"":0.29297164738200565,""score"":0,""status"":""ok""},""V3_breakout_bar"":{""value"":0.43367267272704346,""score"":0},""V4_base_dryup"":{""value"":1.3444865094487568,""score"":15.55134905512432},""V5_bo_expansion"":{""value"":0.24887620522989487,""score"":0},""_score"":3.11},""readiness"":{""_distance_atr"":0.41,""BR1_atr_distance"":{""score"":72.66044246007394},""BR2_compression"":{""score"":21.34875491432446},""BR3_retest"":{""score"":50.0},""BR4_bo_age"":{""score"":50.0},""_score"":51.9},""risk"":{""R1_stop_clarity"":{""score"":68.53974529351409},""R2_stop_distance_pct"":{""value"":21.742419831135877,""score"":0.0},""R3_stop_distance_atr"":{""value"":2.8698465306564196,""score"":100.0},""R4_rr_potential"":{""value"":0.01721654395096685,""score"":0.0},""_score"":38.99},""market"":{""M1_spy_regime"":{""score"":100.0},""M3_earnings_risk"":{""value"":null,""score"":80.0},""M4_vix"":{""value"":null,""score"":60.0},""_score"":84.0},""liquidity"":{""L1_price"":{""value"":240.43,""score"":100.0},""L2_dollar_vol"":{""value"":1616080468.6508212,""score"":100.0},""L3_spread_proxy"":{""value"":0.04733186374412509,""score"":52.66813625587491},""L4_volume_zscore"":{""value"":-1.989905139481125,""score"":100.0},""_score"":95.27},""pattern_structure"":{""n_contractions"":5,""contractions_pct"":[16.92,3.35,6.33,4.66,22.94],""descending_strict"":false,""final_low"":191.02,""final_pivot"":247.9,""structural_low"":191.02,""dry_up_ratio"":0.7424784277414253,""current_price"":240.43,""neckline_distance_pct"":0.03106933410972008,""base_bars"":92},""pattern_geometry_features"":{""contraction_count"":5.0,""first_contraction_pct"":0.16915153158037402,""last_contraction_pct"":0.22944735780556674,""dry_up_ratio"":0.7424784277414253,""near_monotone"":0.0,""base_depth_pct"":-0.03561940905394428},""_schema_version"":""1.0""}",,,,,,,,,,
20260604T164444Z-6b270e,2026-06-04T16:44:44.043038+00:00,GLW,breakout_retest_hold,setup,46.43,95.6,24.0,53.6,51.6,0.9,38.0,67.0,84.0,93.5,13.39,5.28,3.21,7.22,0.12,6.85,3.35,4.2,2.8,False,,196.18,179.29,181.962,170.27,"{""trend"":{""T1_ema_stack"":{""value"":[true,true,true],""score"":100.0},""T2_ema50_slope"":{""value"":0.5512002060617794,""score"":100},""T3_high_proximity"":{""value"":0.9419051277126945,""score"":70.95256385634724},""T4_rs_1m"":{""value"":0.16496377776938886,""score"":100},""T5_rs_3m"":{""value"":0.34556967998419386,""score"":100},""T6_adr_healthy"":{""value"":6.194905511103853,""score"":100.0},""_score"":95.64},""geometry"":{""sub_retest_depth"":0.0,""sub_retest_timing"":20.0,""sub_retest_freshness"":100.0,""sub_hold_quality"":0.0,""_score"":24.0},""compression"":{""VC1_atr_ratio"":{""value"":0.5030147568725842,""score"":100},""VC2_range_contraction"":{""value"":0.8890186699467719,""score"":18.49688834220468},""VC3_range_pct_rank"":{""score"":28.333333333333332},""_score"":53.56},""sr_quality"":{""SR1_touches"":{""value"":4,""score"":75.0},""SR2_tightness"":{""value"":3.619837703544179,""score"":43.9464261207003},""SR3_recency"":{""value"":228,""score"":0.0},""SR4_price_location"":{""score"":30.0},""SR5_reaction"":{""value"":2.046356879728835,""score"":100},""_score"":51.59,""_levels_found"":6,""_target_level"":174.515},""volume"":{""V1_rvol_day"":{""value"":0.4714664311509582,""score"":0},""V2_rvol_sameslot"":{""value"":0.5403934391424025,""score"":2.69289594282683,""status"":""ok""},""V3_breakout_bar"":{""value"":0.49844261592087735,""score"":0},""V4_base_dryup"":{""value"":1.4815779421901898,""score"":1.8422057809810184},""V5_bo_expansion"":{""value"":0.47146643115095804,""score"":0},""_score"":0.91},""readiness"":{""_distance_atr"":-1.308,""BR1_atr_distance"":{""score"":33.84565440891408},""BR2_compression"":{""score"":0},""BR3_retest"":{""score"":100},""BR4_bo_age"":{""score"":30.0},""_score"":38.04},""risk"":{""R1_stop_clarity"":{""score"":71.53837347755137},""R2_stop_distance_pct"":{""value"":7.2474258334182835,""score"":100.0},""R3_stop_distance_atr"":{""value"":1.1008362510777354,""score"":80.04181255388677},""R4_rr_potential"":{""value"":-1.8223378815585929,""score"":0.0},""_score"":67.04},""market"":{""M1_spy_regime"":{""score"":100.0},""M3_earnings_risk"":{""value"":null,""score"":80.0},""M4_vix"":{""value"":null,""score"":60.0},""_score"":84.0},""liquidity"":{""L1_price"":{""value"":196.18,""score"":100.0},""L2_dollar_vol"":{""value"":1346940984.9375844,""score"":100.0},""L3_spread_proxy"":{""value"":0.06544958711387501,""score"":34.55041288612499},""L4_volume_zscore"":{""value"":-1.6250518340136946,""score"":100.0},""_score"":93.46},""pattern_structure"":{""level"":179.29,""level_idx"":58,""breakout_idx"":65,""bo_peak_idx"":72,""bo_peak_price"":208.57,""retest_idx"":77,""retest_low"":183.8,""structural_low"":183.8,""current_price"":196.275,""neckline_distance_pct"":-0.08653674691122157,""base_bars"":21,""bars_since_breakout"":14},""pattern_geometry_features"":{""retest_depth_atr"":-0.931673810876417,""bars_breakout_to_retest"":12.0,""bars_since_retest"":2.0,""current_above_level_atr"":3.508753808810618,""bo_peak_excess_pct"":0.16331083719114287,""atr_pct"":0.06583563928170919},""_schema_version"":""1.0""}",,,,,,,,,,
20260604T164444Z-6b270e,2026-06-04T16:44:44.043038+00:00,TXN,bull_flag,absent,46.42,95.7,22.9,28.1,48.6,28.4,32.9,64.1,84.0,97.6,13.39,6.87,2.53,4.86,3.97,2.96,1.92,5.04,4.88,False,,307.35,320.3599,285.5811,345.9398,"{""trend"":{""T1_ema_stack"":{""value"":[true,true,true],""score"":100.0},""T2_ema50_slope"":{""value"":0.6855939776997793,""score"":100},""T3_high_proximity"":{""value"":0.9460124965372897,""score"":73.00624826864482},""T4_rs_1m"":{""value"":0.048495427535250935,""score"":98.49542753525094},""T5_rs_3m"":{""value"":0.44200990557091746,""score"":100},""T6_adr_healthy"":{""value"":3.3193867425274304,""score"":100.0},""_score"":95.65},""geometry"":{""sub_pole_impulse"":26.8,""sub_flag_tightness"":0,""sub_flag_shallowness"":0,""sub_flag_drift"":99.0,""sub_flag_duration"":0.0,""_score"":22.89},""compression"":{""VC1_atr_ratio"":{""value"":0.8522796395793459,""score"":36.930090105163515},""VC2_range_contraction"":{""value"":1.0666511967905046,""score"":0},""VC3_range_pct_rank"":{""score"":53.333333333333336},""_score"":28.11},""sr_quality"":{""SR1_touches"":{""value"":3,""score"":50.0},""SR2_tightness"":{""value"":1.6820886487406745,""score"":73.85632607666346},""SR3_recency"":{""value"":228,""score"":0.0},""SR4_price_location"":{""score"":30.0},""SR5_reaction"":{""value"":2.4539487378748532,""score"":100},""_score"":48.58,""_levels_found"":6,""_target_level"":289.9033},""volume"":{""V1_rvol_day"":{""value"":0.38857975066088507,""score"":0},""V2_rvol_sameslot"":{""value"":1.3927816506024324,""score"":59.518776706828824,""status"":""ok""},""V3_breakout_bar"":{""value"":1.1181322369231057,""score"":41.208815794873715},""V4_base_dryup"":{""value"":1.1913126481281728,""score"":30.868735187182722},""V5_bo_expansion"":{""value"":0.38857975066088507,""score"":0},""_score"":28.38},""readiness"":{""_distance_atr"":1.011,""BR1_atr_distance"":{""score"":32.598363423581205},""BR2_compression"":{""score"":9.460671890456167},""BR3_retest"":{""score"":50.0},""BR4_bo_age"":{""score"":50.0},""_score"":32.9},""risk"":{""R1_stop_clarity"":{""score"":32.40693301508446},""R2_stop_distance_pct"":{""value"":7.082788352041653,""score"":100.0},""R3_stop_distance_atr"":{""value"":1.6917073035345056,""score"":100.0},""R4_rr_potential"":{""value"":1.7726991885231,""score"":38.634959426155},""_score"":64.07},""market"":{""M1_spy_regime"":{""score"":100.0},""M3_earnings_risk"":{""value"":null,""score"":80.0},""M4_vix"":{""value"":null,""score"":60.0},""_score"":84.0},""liquidity"":{""L1_price"":{""value"":307.35,""score"":100.0},""L2_dollar_vol"":{""value"":921790729.2461131,""score"":100.0},""L3_spread_proxy"":{""value"":0.024141857816821263,""score"":75.85814218317874},""L4_volume_zscore"":{""value"":-1.7173427448732381,""score"":100.0},""_score"":97.59},""pattern_structure"":{""pole_low"":294.78,""pole_low_idx"":5,""peak_price"":320.3599,""peak_idx"":30,""pole_gain"":0.08677623990772784,""flag_bars"":29,""flag_low"":289.93,""flag_high"":319.0,""structural_low"":289.93,""current_price"":308.08,""neckline_distance_pct"":0.039859452090366135,""base_bars"":29},""pattern_geometry_features"":{""pole_gain"":0.08677623990772784,""pullback_pct"":0.09498660725015827,""flag_range_pct"":0.09074169395108438,""flag_drift_per_bar"":-0.00019473861948722618,""atr_pct"":0.04186769388087107,""pole_atr_multiple"":2.072630036768637},""_schema_version"":""1.0""}",,,,,,,,,,
20260604T164444Z-6b270e,2026-06-04T16:44:44.043038+00:00,PL,bull_flag,absent,46.4,87.7,22.0,48.7,51.1,30.9,18.1,82.5,84.0,91.3,12.28,6.6,4.39,5.12,4.32,1.63,2.48,5.04,4.56,False,,44.39,51.475,40.6805,61.2925,"{""trend"":{""T1_ema_stack"":{""value"":[true,true,true],""score"":100.0},""T2_ema50_slope"":{""value"":0.79343386121296,""score"":100},""T3_high_proximity"":{""value"":0.8636186770428016,""score"":31.809338521400775},""T4_rs_1m"":{""value"":0.15025240719601762,""score"":100},""T5_rs_3m"":{""value"":0.6947857352694984,""score"":100},""T6_adr_healthy"":{""value"":9.676661867724908,""score"":58.083453306877296},""_score"":87.68},""geometry"":{""sub_pole_impulse"":34.3,""sub_flag_tightness"":0,""sub_flag_shallowness"":0,""sub_flag_drift"":78.0,""sub_flag_duration"":0.0,""_score"":21.99},""compression"":{""VC1_atr_ratio"":{""value"":0.6355559817966931,""score"":91.1110045508267},""VC2_range_contraction"":{""value"":1.0056778711136076,""score"":0},""VC3_range_pct_rank"":{""score"":49.16666666666667},""_score"":48.74},""sr_quality"":{""SR1_touches"":{""value"":4,""score"":75.0},""SR2_tightness"":{""value"":1.3020056643501987,""score"":40.96723125308787},""SR3_recency"":{""value"":236,""score"":0.0},""SR4_price_location"":{""score"":30.0},""SR5_reaction"":{""value"":2.194733126281256,""score"":100},""_score"":51.15,""_levels_found"":5,""_target_level"":37.0525},""volume"":{""V1_rvol_day"":{""value"":0.6778820164021018,""score"":11.858801093473453},""V2_rvol_sameslot"":{""value"":1.0921907313321337,""score"":39.47938208880892,""status"":""ok""},""V3_breakout_bar"":{""value"":0.6397924406571234,""score"":9.319496043808224},""V4_base_dryup"":{""value"":0.5869901720674103,""score"":91.30098279325897},""V5_bo_expansion"":{""value"":0.6778820164021017,""score"":0},""_score"":30.86},""readiness"":{""_distance_atr"":1.606,""BR1_atr_distance"":{""score"":0},""BR2_compression"":{""score"":2.320624687266515},""BR3_retest"":{""score"":50.0},""BR4_bo_age"":{""score"":50.0},""_score"":18.08},""risk"":{""R1_stop_clarity"":{""score"":71.91194997069091},""R2_stop_distance_pct"":{""value"":8.35661184951567,""score"":91.08470376210826},""R3_stop_distance_atr"":{""value"":0.8409412557201117,""score"":67.04706278600558},""R4_rr_potential"":{""value"":4.556544008626494,""score"":100.0},""_score"":82.55},""market"":{""M1_spy_regime"":{""score"":100.0},""M3_earnings_risk"":{""value"":null,""score"":80.0},""M4_vix"":{""value"":null,""score"":60.0},""_score"":84.0},""liquidity"":{""L1_price"":{""value"":44.39,""score"":100.0},""L2_dollar_vol"":{""value"":340909624.2785472,""score"":100.0},""L3_spread_proxy"":{""value"":0.08706915972065785,""score"":12.93084027934215},""L4_volume_zscore"":{""value"":-1.0743908064043504,""score"":100.0},""_score"":91.29},""pattern_structure"":{""pole_low"":41.6575,""pole_low_idx"":8,""peak_price"":51.475,""peak_idx"":31,""pole_gain"":0.2356718478065175,""flag_bars"":28,""flag_low"":41.3,""flag_high"":51.445,""structural_low"":41.3,""current_price"":44.39,""neckline_distance_pct"":0.15960801982428477,""base_bars"":28},""pattern_geometry_features"":{""pole_gain"":0.2356718478065175,""pullback_pct"":0.1976687712481788,""flag_range_pct"":0.19708596406022347,""flag_drift_per_bar"":-0.004404997723196111,""atr_pct"":0.099372123708686,""pole_atr_multiple"":2.3716092502702315},""_schema_version"":""1.0""}",,,,,,,,,,
20260604T164444Z-6b270e,2026-06-04T16:44:44.043038+00:00,CRM,bull_flag,forming,46.39,30.3,60.0,18.9,74.0,11.8,17.5,67.4,84.0,95.0,4.24,18.01,1.7,7.4,1.65,1.57,2.02,5.04,4.75,False,,188.75,211.34,185.9729,251.03,"{""trend"":{""T1_ema_stack"":{""value"":[true,false,false],""score"":33.33333333333333},""T2_ema50_slope"":{""value"":-0.10209523425948287,""score"":32.984127623419525},""T3_high_proximity"":{""value"":0.9005248091603054,""score"":50.26240458015268},""T4_rs_1m"":{""value"":-0.03586454642190784,""score"":14.13545357809216},""T5_rs_3m"":{""value"":-0.17318342441433454,""score"":0},""T6_adr_healthy"":{""value"":4.1255162251972255,""score"":100.0},""_score"":30.3},""geometry"":{""sub_pole_impulse"":81.7,""sub_flag_tightness"":46.8,""sub_flag_shallowness"":7.8,""sub_flag_drift"":81.7,""sub_flag_duration"":100.0,""_score"":60.03},""compression"":{""VC1_atr_ratio"":{""value"":0.8489089765367535,""score"":37.77275586581163},""VC2_range_contraction"":{""value"":1.3227650673196434,""score"":0},""VC3_range_pct_rank"":{""score"":15.000000000000002},""_score"":18.86},""sr_quality"":{""SR1_touches"":{""value"":6,""score"":100},""SR2_tightness"":{""value"":1.8647289049319995,""score"":63.54480281650987},""SR3_recency"":{""value"":236,""score"":0.0},""SR4_price_location"":{""score"":87.40956051941473},""SR5_reaction"":{""value"":1.6831618647312292,""score"":84.15809323656146},""_score"":74.01,""_levels_found"":7,""_target_level"":190.0783},""volume"":{""V1_rvol_day"":{""value"":0.3898926055248683,""score"":0},""V2_rvol_sameslot"":{""value"":0.925300178119584,""score"":28.353345207972264,""status"":""ok""},""V3_breakout_bar"":{""value"":0.7027877935187338,""score"":13.51918623458225},""V4_base_dryup"":{""value"":1.3616313179862223,""score"":13.836868201377769},""V5_bo_expansion"":{""value"":0.3898926055248683,""score"":0},""_score"":11.82},""readiness"":{""_distance_atr"":2.208,""BR1_atr_distance"":{""score"":0},""BR2_compression"":{""score"":0},""BR3_retest"":{""score"":50.0},""BR4_bo_age"":{""score"":50.0},""_score"":17.5},""risk"":{""R1_stop_clarity"":{""score"":44.633317856357316},""R2_stop_distance_pct"":{""value"":1.471298013245031,""score"":86.78245033112577},""R3_stop_distance_atr"":{""value"":0.2714571980156884,""score"":38.572859900784415},""R4_rr_potential"":{""value"":22.426473897896198,""score"":100.0},""_score"":67.44},""market"":{""M1_spy_regime"":{""score"":100.0},""M3_earnings_risk"":{""value"":null,""score"":80.0},""M4_vix"":{""value"":null,""score"":60.0},""_score"":84.0},""liquidity"":{""L1_price"":{""value"":188.75,""score"":100.0},""L2_dollar_vol"":{""value"":1129781936.4707139,""score"":100.0},""L3_spread_proxy"":{""value"":0.04980132450331129,""score"":50.19867549668871},""L4_volume_zscore"":{""value"":-1.4281505686769262,""score"":100.0},""_score"":95.02},""pattern_structure"":{""pole_low"":171.65,""pole_low_idx"":27,""peak_price"":211.34,""peak_idx"":44,""pole_gain"":0.23122633265365566,""flag_bars"":15,""flag_low"":188.805,""flag_high"":204.39,""structural_low"":188.805,""current_price"":188.805,""neckline_distance_pct"":0.11935594925981831,""base_bars"":15},""pattern_geometry_features"":{""pole_gain"":0.23122633265365566,""pullback_pct"":0.10662912841866186,""flag_range_pct"":0.07374373048168818,""flag_drift_per_bar"":-0.003666963647300489,""atr_pct"":0.0542,""pole_atr_multiple"":4.266168499144938},""_schema_version"":""1.0""}",,,,,,,,,,
20260604T164444Z-6b270e,2026-06-04T16:44:44.043038+00:00,KEYS,vcp,absent,46.33,65.9,41.3,45.4,46.0,3.4,28.2,56.6,84.0,97.3,9.89,10.33,5.44,5.52,0.44,1.98,2.83,5.04,4.86,False,,342.76,359.05,321.2183,349.94,"{""trend"":{""T1_ema_stack"":{""value"":[false,true,true],""score"":66.66666666666666},""T2_ema50_slope"":{""value"":0.2876735660427984,""score"":97.94559434046641},""T3_high_proximity"":{""value"":0.9347660085087814,""score"":67.3830042543907},""T4_rs_1m"":{""value"":-0.08227847208694083,""score"":0},""T5_rs_3m"":{""value"":0.09431833777956222,""score"":97.15916888978111},""T6_adr_healthy"":{""value"":3.634771542156429,""score"":100.0},""_score"":65.94},""geometry"":{""sub_contraction_count"":100.0,""sub_reduction_rate"":18.1,""sub_pivot_tightness"":11.9,""sub_volume_dryup"":0,""sub_base_depth"":0.0,""sub_base_duration"":100.0,""_score"":41.31},""compression"":{""VC1_atr_ratio"":{""value"":0.6819280906497519,""score"":79.51797733756202},""VC2_range_contraction"":{""value"":1.0990437809563574,""score"":0},""VC3_range_pct_rank"":{""score"":54.16666666666667},""_score"":45.35},""sr_quality"":{""SR1_touches"":{""value"":2,""score"":25.0},""SR2_tightness"":{""value"":3.1350000000000193,""score"":57.73427192973983},""SR3_recency"":{""value"":231,""score"":0.0},""SR4_price_location"":{""score"":59.46070878274268},""SR5_reaction"":{""value"":2.07115549435205,""score"":100},""_score"":46.03,""_levels_found"":5,""_target_level"":355.915},""volume"":{""V1_rvol_day"":{""value"":0.260026867109799,""score"":0},""V2_rvol_sameslot"":{""value"":0.6038216721930978,""score"":6.921444812873186,""status"":""ok""},""V3_breakout_bar"":{""value"":0.6189610676549877,""score"":7.930737843665847},""V4_base_dryup"":{""value"":1.7553420964404094,""score"":0},""V5_bo_expansion"":{""value"":0.26002686710979894,""score"":0},""_score"":3.37},""readiness"":{""_distance_atr"":1.098,""BR1_atr_distance"":{""score"":26.793332241942082},""BR2_compression"":{""score"":0},""BR3_retest"":{""score"":50.0},""BR4_bo_age"":{""score"":50.0},""_score"":28.22},""risk"":{""R1_stop_clarity"":{""score"":34.05130822491611},""R2_stop_distance_pct"":{""value"":6.284761932547557,""score"":100.0},""R3_stop_distance_atr"":{""value"":1.4521108789229895,""score"":97.60554394614948},""R4_rr_potential"":{""value"":0.33330780139868604,""score"":0.0},""_score"":56.56},""market"":{""M1_spy_regime"":{""score"":100.0},""M3_earnings_risk"":{""value"":null,""score"":80.0},""M4_vix"":{""value"":null,""score"":60.0},""_score"":84.0},""liquidity"":{""L1_price"":{""value"":342.76,""score"":100.0},""L2_dollar_vol"":{""value"":168483737.1867685,""score"":100.0},""L3_spread_proxy"":{""value"":0.027249387326409243,""score"":72.75061267359075},""L4_volume_zscore"":{""value"":-1.6403832254507806,""score"":100.0},""_score"":97.28},""pattern_structure"":{""n_contractions"":5,""contractions_pct"":[16.5,11.76,8.08,11.8,9.17],""descending_strict"":false,""final_low"":326.11,""final_pivot"":359.05,""structural_low"":326.11,""dry_up_ratio"":1.1948560921435067,""current_price"":342.76,""neckline_distance_pct"":0.047525965690278976,""base_bars"":63},""pattern_geometry_features"":{""contraction_count"":5.0,""first_contraction_pct"":0.16498422712933758,""last_contraction_pct"":0.09174209720094693,""dry_up_ratio"":1.1948560921435067,""near_monotone"":0.0,""base_depth_pct"":-0.028738170347003197},""_schema_version"":""1.0""}",,,,,,,,,,
20260604T164444Z-6b270e,2026-06-04T16:44:44.043038+00:00,ANET,vcp,setup,46.29,64.2,47.1,39.2,49.3,10.1,23.2,31.0,84.0,95.0,9.62,11.78,4.7,5.91,1.31,1.62,1.55,5.04,4.75,False,,165.27,147.89,134.945,152.66,"{""trend"":{""T1_ema_stack"":{""value"":[true,true,true],""score"":100.0},""T2_ema50_slope"":{""value"":0.038081563557113056,""score"":56.34692725951884},""T3_high_proximity"":{""value"":0.9298936589208351,""score"":64.94682946041752},""T4_rs_1m"":{""value"":-0.0743568285570324,""score"":0},""T5_rs_3m"":{""value"":0.07516142892668132,""score"":87.58071446334066},""T6_adr_healthy"":{""value"":4.512129930485628,""score"":100.0},""_score"":64.15},""geometry"":{""sub_contraction_count"":100.0,""sub_reduction_rate"":0,""sub_pivot_tightness"":37.7,""sub_volume_dryup"":43.0,""sub_base_depth"":0.0,""sub_base_duration"":100.0,""_score"":47.11},""compression"":{""VC1_atr_ratio"":{""value"":0.6616959230578782,""score"":84.57601923553045},""VC2_range_contraction"":{""value"":0.9973800669606365,""score"":0.4366555065605793},""VC3_range_pct_rank"":{""score"":20.833333333333336},""_score"":39.19},""sr_quality"":{""SR1_touches"":{""value"":2,""score"":25.0},""SR2_tightness"":{""value"":0.3500000000000085,""score"":90.76558919310072},""SR3_recency"":{""value"":247,""score"":0.0},""SR4_price_location"":{""score"":52.67549226832804},""SR5_reaction"":{""value"":4.057863948860212,""score"":100},""_score"":49.28,""_levels_found"":6,""_target_level"":179.45},""volume"":{""V1_rvol_day"":{""value"":0.48055690142610097,""score"":0},""V2_rvol_sameslot"":{""value"":0.6067531187104769,""score"":7.116874580698458,""status"":""ok""},""V3_breakout_bar"":{""value"":0.6637901038115129,""score"":10.919340254100863},""V4_base_dryup"":{""value"":1.2021553090137471,""score"":29.784469098625294},""V5_bo_expansion"":{""value"":0.48055690142610097,""score"":0},""_score"":10.11},""readiness"":{""_distance_atr"":-2.293,""BR1_atr_distance"":{""score"":14.144554336026935},""BR2_compression"":{""score"":0},""BR3_retest"":{""score"":50.0},""BR4_bo_age"":{""score"":50.0},""_score"":23.16},""risk"":{""R1_stop_clarity"":{""score"":45.78081654806396},""R2_stop_distance_pct"":{""value"":18.3487626308465,""score"":0.0},""R3_stop_distance_atr"":{""value"":4.000478681703055,""score"":99.97606591484724},""R4_rr_potential"":{""value"":-0.41582852431986833,""score"":0.0},""_score"":31.02},""market"":{""M1_spy_regime"":{""score"":100.0},""M3_earnings_risk"":{""value"":null,""score"":80.0},""M4_vix"":{""value"":null,""score"":60.0},""_score"":84.0},""liquidity"":{""L1_price"":{""value"":165.27,""score"":100.0},""L2_dollar_vol"":{""value"":929734644.7093674,""score"":100.0},""L3_spread_proxy"":{""value"":0.05003932958189618,""score"":49.960670418103824},""L4_volume_zscore"":{""value"":-1.4632247108880274,""score"":100.0},""_score"":95.0},""pattern_structure"":{""n_contractions"":5,""contractions_pct"":[7.94,16.49,9.76,24.55,7.36],""descending_strict"":false,""final_low"":137.0,""final_pivot"":147.89,""structural_low"":137.0,""dry_up_ratio"":0.78490670319056,""current_price"":165.27,""neckline_distance_pct"":-0.10516125128577493,""base_bars"":49},""pattern_geometry_features"":{""contraction_count"":5.0,""first_contraction_pct"":0.07942441983494405,""last_contraction_pct"":0.07363581039962125,""dry_up_ratio"":0.78490670319056,""near_monotone"":0.0,""base_depth_pct"":0.03364604641320455},""_schema_version"":""1.0""}",,,,,,,,,,
20260604T164444Z-6b270e,2026-06-04T16:44:44.043038+00:00,AXTI,vcp,absent,46.25,51.7,42.6,62.3,38.5,17.0,28.4,38.9,84.0,91.3,7.75,10.65,7.47,4.62,2.22,1.99,1.94,5.04,4.57,False,,105.1301,143.16,91.8325,96.959,"{""trend"":{""T1_ema_stack"":{""value"":[false,true,true],""score"":66.66666666666666},""T2_ema50_slope"":{""value"":1.4010890236582216,""score"":100},""T3_high_proximity"":{""value"":0.7465035858836895,""score"":0},""T4_rs_1m"":{""value"":-0.06777704690765485,""score"":0},""T5_rs_3m"":{""value"":1.5994682393821842,""score"":100},""T6_adr_healthy"":{""value"":14.172996387095763,""score"":0.0},""_score"":51.67},""geometry"":{""sub_contraction_count"":100.0,""sub_reduction_rate"":0,""sub_pivot_tightness"":0,""sub_volume_dryup"":50.7,""sub_base_depth"":0.0,""sub_base_duration"":100.0,""_score"":42.61},""compression"":{""VC1_atr_ratio"":{""value"":0.5960577764351537,""score"":100},""VC2_range_contraction"":{""value"":1.0267702606139286,""score"":0},""VC3_range_pct_rank"":{""score"":89.16666666666666},""_score"":62.29},""sr_quality"":{""SR1_touches"":{""value"":2,""score"":25.0},""SR2_tightness"":{""value"":1.5655000000000001,""score"":81.10451144122392},""SR3_recency"":{""value"":228,""score"":0.0},""SR4_price_location"":{""score"":30.0},""SR5_reaction"":{""value"":1.5135702748454292,""score"":75.67851374227146},""_score"":38.52,""_levels_found"":5,""_target_level"":91.6655},""volume"":{""V1_rvol_day"":{""value"":0.27461458521739995,""score"":0},""V2_rvol_sameslot"":{""value"":0.44183410179929505,""score"":0,""status"":""ok""},""V3_breakout_bar"":{""value"":0.5600589950949834,""score"":4.0039330063322245},""V4_base_dryup"":{""value"":0.6981601704487697,""score"":80.18398295512304},""V5_bo_expansion"":{""value"":0.27461458521739995,""score"":0},""_score"":17.04},""readiness"":{""_distance_atr"":2.295,""BR1_atr_distance"":{""score"":0},""BR2_compression"":{""score"":43.65850322075719},""BR3_retest"":{""score"":50.0},""BR4_bo_age"":{""score"":50.0},""_score"":28.41},""risk"":{""R1_stop_clarity"":{""score"":83.12061360118248},""R2_stop_distance_pct"":{""value"":12.648675308023114,""score"":0.0},""R3_stop_distance_atr"":{""value"":0.802503951827152,""score"":65.12519759135759},""R4_rr_potential"":{""value"":-0.6144809218830659,""score"":0.0},""_score"":38.86},""market"":{""M1_spy_regime"":{""score"":100.0},""M3_earnings_risk"":{""value"":null,""score"":80.0},""M4_vix"":{""value"":null,""score"":60.0},""_score"":84.0},""liquidity"":{""L1_price"":{""value"":105.1301,""score"":100.0},""L2_dollar_vol"":{""value"":261545054.36698303,""score"":100.0},""L3_spread_proxy"":{""value"":0.08655846422670568,""score"":13.44153577329432},""L4_volume_zscore"":{""value"":-2.5361088229971402,""score"":100.0},""_score"":91.34},""pattern_structure"":{""n_contractions"":5,""contractions_pct"":[32.92,44.47,27.84,23.97,34.88],""descending_strict"":false,""final_low"":93.231,""final_pivot"":143.16,""structural_low"":93.231,""dry_up_ratio"":0.7465750343153308,""current_price"":105.1301,""neckline_distance_pct"":0.3617413091017701,""base_bars"":63},""pattern_geometry_features"":{""contraction_count"":5.0,""first_contraction_pct"":0.329151605358282,""last_contraction_pct"":0.3487636211232188,""dry_up_ratio"":0.7465750343153308,""near_monotone"":0.0,""base_depth_pct"":-0.9823729534339781},""_schema_version"":""1.0""}",,,,,,,,,,
20260604T164444Z-6b270e,2026-06-04T16:44:44.043038+00:00,NXE,breakout_retest_hold,setup,46.19,21.8,39.8,58.7,63.2,19.9,53.5,60.6,84.0,85.0,3.06,8.76,3.52,8.84,2.59,9.64,3.03,4.2,2.55,False,,11.41,11.045,10.989,10.935,"{""trend"":{""T1_ema_stack"":{""value"":[false,false,true],""score"":33.33333333333333},""T2_ema50_slope"":{""value"":-0.20443795245300195,""score"":15.927007924499677},""T3_high_proximity"":{""value"":0.8709923664122138,""score"":35.49618320610687},""T4_rs_1m"":{""value"":-0.10385767254344014,""score"":0},""T5_rs_3m"":{""value"":-0.19025834244370787,""score"":0},""T6_adr_healthy"":{""value"":4.648845615079441,""score"":100.0},""_score"":21.84},""geometry"":{""sub_retest_depth"":27.1,""sub_retest_timing"":0.0,""sub_retest_freshness"":100.0,""sub_hold_quality"":38.9,""_score"":39.8},""compression"":{""VC1_atr_ratio"":{""value"":0.6134389314326829,""score"":96.64026714182927},""VC2_range_contraction"":{""value"":1.011834998475858,""score"":0},""VC3_range_pct_rank"":{""score"":80.0},""_score"":58.66},""sr_quality"":{""SR1_touches"":{""value"":5,""score"":100},""SR2_tightness"":{""value"":0.13588230201170418,""score"":51.76591713580483},""SR3_recency"":{""value"":245,""score"":0.0},""SR4_price_location"":{""score"":41.60363086232962},""SR5_reaction"":{""value"":2.7527890466531426,""score"":100},""_score"":63.17,""_levels_found"":6,""_target_level"":11.796},""volume"":{""V1_rvol_day"":{""value"":0.36840773908612784,""score"":0},""V2_rvol_sameslot"":{""value"":0.691311996929743,""score"":12.754133128649533,""status"":""ok""},""V3_breakout_bar"":{""value"":0.5041985713237008,""score"":0.2799047549133885},""V4_base_dryup"":{""value"":0.6340268325302624,""score"":86.59731674697376},""V5_bo_expansion"":{""value"":0.36840773908612784,""score"":0},""_score"":19.94},""readiness"":{""_distance_atr"":-0.648,""BR1_atr_distance"":{""score"":47.04361054766734},""BR2_compression"":{""score"":40.947397638337236},""BR3_retest"":{""score"":100},""BR4_bo_age"":{""score"":30.0},""_score"":53.55},""risk"":{""R1_stop_clarity"":{""score"":60.59837728194705},""R2_stop_distance_pct"":{""value"":3.689745836985111,""score"":100.0},""R3_stop_distance_atr"":{""value"":0.7472109533468576,""score"":62.36054766734288},""R4_rr_potential"":{""value"":-1.1282660332541528,""score"":0.0},""_score"":60.56},""market"":{""M1_spy_regime"":{""score"":100.0},""M3_earnings_risk"":{""value"":null,""score"":80.0},""M4_vix"":{""value"":null,""score"":60.0},""_score"":84.0},""liquidity"":{""L1_price"":{""value"":11.41,""score"":100.0},""L2_dollar_vol"":{""value"":26864041.44486244,""score"":71.45856744040815},""L3_spread_proxy"":{""value"":0.035495179666958906,""score"":64.5048203330411},""L4_volume_zscore"":{""value"":-2.3498572919450904,""score"":100.0},""_score"":85.03},""pattern_structure"":{""level"":11.045,""level_idx"":36,""breakout_idx"":42,""bo_peak_idx"":67,""bo_peak_price"":12.5,""retest_idx"":77,""retest_low"":11.1,""structural_low"":11.1,""current_price"":11.435,""neckline_distance_pct"":-0.034105815478793225,""base_bars"":43,""bars_since_breakout"":37},""pattern_geometry_features"":{""retest_depth_atr"":-0.2099980909264453,""bars_breakout_to_retest"":35.0,""bars_since_retest"":2.0,""current_above_level_atr"":1.4890773720238948,""bo_peak_excess_pct"":0.13173381620642827,""atr_pct"":0.04938024289470392},""_schema_version"":""1.0""}",,,,,,,,,,
20260604T164444Z-6b270e,2026-06-04T16:44:44.043038+00:00,KEYS,ascending_triangle,absent,46.16,65.9,38.8,45.4,46.0,3.4,28.2,69.4,84.0,97.3,9.89,10.86,3.63,6.44,0.4,2.26,2.78,5.04,4.86,False,,342.76,359.05,321.2183,391.99,"{""trend"":{""T1_ema_stack"":{""value"":[false,true,true],""score"":66.66666666666666},""T2_ema50_slope"":{""value"":0.2876735660427984,""score"":97.94559434046641},""T3_high_proximity"":{""value"":0.9347660085087814,""score"":67.3830042543907},""T4_rs_1m"":{""value"":-0.08227847208694083,""score"":0},""T5_rs_3m"":{""value"":0.09431833777956222,""score"":97.15916888978111},""T6_adr_healthy"":{""value"":3.634771542156429,""score"":100.0},""_score"":65.94},""geometry"":{""sub_flat_top_quality"":33.3,""sub_hl_slope"":15.6,""sub_compression"":36.4,""sub_duration"":100.0,""_score"":38.77},""compression"":{""VC1_atr_ratio"":{""value"":0.6819280906497519,""score"":79.51797733756202},""VC2_range_contraction"":{""value"":1.0990437809563574,""score"":0},""VC3_range_pct_rank"":{""score"":54.16666666666667},""_score"":45.35},""sr_quality"":{""SR1_touches"":{""value"":2,""score"":25.0},""SR2_tightness"":{""value"":3.1350000000000193,""score"":57.73427192973983},""SR3_recency"":{""value"":231,""score"":0.0},""SR4_price_location"":{""score"":59.46070878274268},""SR5_reaction"":{""value"":2.07115549435205,""score"":100},""_score"":46.03,""_levels_found"":5,""_target_level"":355.915},""volume"":{""V1_rvol_day"":{""value"":0.260026867109799,""score"":0},""V2_rvol_sameslot"":{""value"":0.6038216721930978,""score"":6.921444812873186,""status"":""ok""},""V3_breakout_bar"":{""value"":0.6189610676549877,""score"":7.930737843665847},""V4_base_dryup"":{""value"":1.6733031997873309,""score"":0},""V5_bo_expansion"":{""value"":0.26002686710979894,""score"":0},""_score"":3.37},""readiness"":{""_distance_atr"":1.098,""BR1_atr_distance"":{""score"":26.793332241942082},""BR2_compression"":{""score"":0},""BR3_retest"":{""score"":50.0},""BR4_bo_age"":{""score"":50.0},""_score"":28.22},""risk"":{""R1_stop_clarity"":{""score"":34.05130822491611},""R2_stop_distance_pct"":{""value"":6.284761932547557,""score"":100.0},""R3_stop_distance_atr"":{""value"":1.4521108789229895,""score"":97.60554394614948},""R4_rr_potential"":{""value"":2.2853402594508783,""score"":64.26701297254391},""_score"":69.41},""market"":{""M1_spy_regime"":{""score"":100.0},""M3_earnings_risk"":{""value"":null,""score"":80.0},""M4_vix"":{""value"":null,""score"":60.0},""_score"":84.0},""liquidity"":{""L1_price"":{""value"":342.76,""score"":100.0},""L2_dollar_vol"":{""value"":168483737.1867685,""score"":100.0},""L3_spread_proxy"":{""value"":0.027249387326409243,""score"":72.75061267359075},""L4_volume_zscore"":{""value"":-1.6403832254507806,""score"":100.0},""_score"":97.28},""pattern_structure"":{""top"":359.05,""top_touches"":2,""low_slope_per_bar"":0.15257869742197883,""lowest_low"":326.11,""structural_low"":326.11,""current_price"":343.48,""neckline_distance_pct"":0.04533015022708744,""base_bars"":22},""pattern_geometry_features"":{""top_touches"":2.0,""low_slope"":0.15257869742197883,""compression"":0.18208134217458516,""atr_pct"":0.04328017938415885},""_schema_version"":""1.0""}",,,,,,,,,,
20260604T164444Z-6b270e,2026-06-04T16:44:44.043038+00:00,QBTS,bull_flag,absent,46.1,90.4,28.1,44.0,56.7,3.9,29.6,82.1,84.0,93.3,12.66,8.44,3.96,5.67,0.54,2.66,2.46,5.04,4.67,False,,27.2,31.3,26.0532,36.905,"{""trend"":{""T1_ema_stack"":{""value"":[true,true,true],""score"":100.0},""T2_ema50_slope"":{""value"":0.6257055088400032,""score"":100},""T3_high_proximity"":{""value"":0.902455209024552,""score"":51.22760451227598},""T4_rs_1m"":{""value"":0.217490130760567,""score"":100},""T5_rs_3m"":{""value"":0.33408381917210783,""score"":100},""T6_adr_healthy"":{""value"":9.79976544194873,""score"":55.00586395128173},""_score"":90.43},""geometry"":{""sub_pole_impulse"":26.4,""sub_flag_tightness"":3.8,""sub_flag_shallowness"":0,""sub_flag_drift"":61.7,""sub_flag_duration"":100.0,""_score"":28.12},""compression"":{""VC1_atr_ratio"":{""value"":0.7095884600257495,""score"":72.60288499356263},""VC2_range_contraction"":{""value"":1.3403075946959293,""score"":0},""VC3_range_pct_rank"":{""score"":60.0},""_score"":44.04},""sr_quality"":{""SR1_touches"":{""value"":4,""score"":75.0},""SR2_tightness"":{""value"":0.4224833576603939,""score"":70.71506088811121},""SR3_recency"":{""value"":233,""score"":0.0},""SR4_price_location"":{""score"":34.23232857394675},""SR5_reaction"":{""value"":2.1438892822307927,""score"":100},""_score"":56.67,""_levels_found"":5,""_target_level"":31.8637},""volume"":{""V1_rvol_day"":{""value"":0.44032961277219307,""score"":0},""V2_rvol_sameslot"":{""value"":0.6971381646968607,""score"":13.142544313124048,""status"":""ok""},""V3_breakout_bar"":{""value"":0.5744348406362684,""score"":4.962322709084558},""V4_base_dryup"":{""value"":1.8610362807846021,""score"":0},""V5_bo_expansion"":{""value"":0.44032961277219307,""score"":0},""_score"":3.87},""readiness"":{""_distance_atr"":1.421,""BR1_atr_distance"":{""score"":5.2678658368527636},""BR2_compression"":{""score"":39.75822015601808},""BR3_retest"":{""score"":50.0},""BR4_bo_age"":{""score"":50.0},""_score"":29.55},""risk"":{""R1_stop_clarity"":{""score"":72.49879934446678},""R2_stop_distance_pct"":{""value"":4.215992647058827,""score"":100.0},""R3_stop_distance_atr"":{""value"":0.39744173726191145,""score"":44.872086863095575},""R4_rr_potential"":{""value"":8.463047743623278,""score"":100.0},""_score"":82.11},""market"":{""M1_spy_regime"":{""score"":100.0},""M3_earnings_risk"":{""value"":null,""score"":80.0},""M4_vix"":{""value"":null,""score"":60.0},""_score"":84.0},""liquidity"":{""L1_price"":{""value"":27.2,""score"":100.0},""L2_dollar_vol"":{""value"":523326380.7066432,""score"":100.0},""L3_spread_proxy"":{""value"":0.06690808823529414,""score"":33.09191176470587},""L4_volume_zscore"":{""value"":-0.7621366253894483,""score"":100.0},""_score"":93.31},""pattern_structure"":{""pole_low"":25.695,""pole_low_idx"":21,""peak_price"":31.3,""peak_idx"":45,""pole_gain"":0.21813582409028995,""flag_bars"":14,""flag_low"":26.45,""flag_high"":30.39,""structural_low"":26.45,""current_price"":27.455,""neckline_distance_pct"":0.1400473502094337,""base_bars"":14},""pattern_geometry_features"":{""pole_gain"":0.21813582409028995,""pullback_pct"":0.15495207667731634,""flag_range_pct"":0.1258785942492013,""flag_drift_per_bar"":-0.007654907831196302,""atr_pct"":0.10607825630252103,""pole_atr_multiple"":2.056366985032217},""_schema_version"":""1.0""}",,,,,,,,,,
20260604T164444Z-6b270e,2026-06-04T16:44:44.043038+00:00,HON,ascending_triangle,invalidated,46.07,55.6,51.6,42.3,39.7,22.2,17.5,10.0,84.0,96.7,8.34,14.45,3.38,5.55,2.67,1.4,0.4,5.04,4.84,True,risk_unclear,222.35,239.94,228.3624,248.04,"{""trend"":{""T1_ema_stack"":{""value"":[false,true,true],""score"":66.66666666666666},""T2_ema50_slope"":{""value"":0.029527082922930013,""score"":54.921180487155},""T3_high_proximity"":{""value"":0.9241095548813432,""score"":62.05477744067156},""T4_rs_1m"":{""value"":0.01829345245138958,""score"":68.29345245138958},""T5_rs_3m"":{""value"":-0.1776652070594339,""score"":0},""T6_adr_healthy"":{""value"":2.5098847962456055,""score"":100.0},""_score"":55.62},""geometry"":{""sub_flat_top_quality"":66.7,""sub_hl_slope"":55.3,""sub_compression"":0,""sub_duration"":100.0,""_score"":51.6},""compression"":{""VC1_atr_ratio"":{""value"":0.6020075532927637,""score"":99.49811167680907},""VC2_range_contraction"":{""value"":1.5054160623080461,""score"":0},""VC3_range_pct_rank"":{""score"":9.999999999999998},""_score"":42.3},""sr_quality"":{""SR1_touches"":{""value"":3,""score"":50.0},""SR2_tightness"":{""value"":0.9497134070631745,""score"":71.5903769174068},""SR3_recency"":{""value"":260,""score"":0.0},""SR4_price_location"":{""score"":9.860850859450375},""SR5_reaction"":{""value"":1.5273534041295422,""score"":76.36767020647711},""_score"":39.66,""_levels_found"":6,""_target_level"":229.4567},""volume"":{""V1_rvol_day"":{""value"":0.5113541141930941,""score"":0.7569409462062711},""V2_rvol_sameslot"":{""value"":1.029746886100238,""score"":35.31645907334919,""status"":""ok""},""V3_breakout_bar"":{""value"":0.7002126475313663,""score"":13.347509835424418},""V4_base_dryup"":{""value"":0.9168287873937572,""score"":58.31712126062428},""V5_bo_expansion"":{""value"":0.511354114193094,""score"":0},""_score"":22.21},""readiness"":{""_distance_atr"":2.631,""BR1_atr_distance"":{""score"":0},""BR2_compression"":{""score"":0},""BR3_retest"":{""score"":50.0},""BR4_bo_age"":{""score"":50.0},""_score"":17.5},""risk"":{""R1_stop_clarity"":{""score"":0},""R2_stop_distance_pct"":{""value"":-2.7040251855183333,""score"":0.0},""R3_stop_distance_atr"":{""value"":-0.8992713830901069,""score"":0.0},""R4_rr_potential"":{""value"":null,""score"":50.0},""_score"":10.0},""market"":{""M1_spy_regime"":{""score"":100.0},""M3_earnings_risk"":{""value"":null,""score"":80.0},""M4_vix"":{""value"":null,""score"":60.0},""_score"":84.0},""liquidity"":{""L1_price"":{""value"":222.35,""score"":100.0},""L2_dollar_vol"":{""value"":514629925.58680636,""score"":100.0},""L3_spread_proxy"":{""value"":0.032651225545311406,""score"":67.3487744546886},""L4_volume_zscore"":{""value"":-2.1102572409363223,""score"":100.0},""_score"":96.73},""pattern_structure"":{""top"":239.94,""top_touches"":3,""low_slope_per_bar"":0.3846359757775936,""lowest_low"":231.84,""structural_low"":231.84,""current_price"":222.38,""neckline_distance_pct"":0.07896393560571995,""base_bars"":49},""pattern_geometry_features"":{""top_touches"":3.0,""low_slope"":0.3846359757775936,""compression"":-0.43330288810643625,""atr_pct"":0.03006906742908542},""_schema_version"":""1.0""}",,,,,,,,,,
20260604T164444Z-6b270e,2026-06-04T16:44:44.043038+00:00,BABA,ascending_triangle,absent,45.97,16.5,43.8,76.3,64.9,10.6,27.2,65.8,84.0,98.5,2.47,12.27,6.1,9.09,1.27,2.18,2.63,5.04,4.92,True,risk_unclear,126.3,134.925,121.5786,146.42,"{""trend"":{""T1_ema_stack"":{""value"":[false,false,false],""score"":0.0},""T2_ema50_slope"":{""value"":-0.10417610693451233,""score"":32.63731551091461},""T3_high_proximity"":{""value"":0.8661957341746107,""score"":33.09786708730533},""T4_rs_1m"":{""value"":-0.0903395696368241,""score"":0},""T5_rs_3m"":{""value"":-0.14148982839344615,""score"":0},""T6_adr_healthy"":{""value"":2.689945052805269,""score"":100.0},""_score"":16.49},""geometry"":{""sub_flat_top_quality"":33.3,""sub_hl_slope"":11.1,""sub_compression"":62.0,""sub_duration"":100.0,""_score"":43.82},""compression"":{""VC1_atr_ratio"":{""value"":0.4615663708320202,""score"":100},""VC2_range_contraction"":{""value"":0.7350020397559847,""score"":44.16632670733589},""VC3_range_pct_rank"":{""score"":83.33333333333334},""_score"":76.29},""sr_quality"":{""SR1_touches"":{""value"":4,""score"":75.0},""SR2_tightness"":{""value"":0.8886506625215587,""score"":56.63607781351754},""SR3_recency"":{""value"":240,""score"":0.0},""SR4_price_location"":{""score"":75.69884977344017},""SR5_reaction"":{""value"":2.6622080864412685,""score"":100},""_score"":64.92,""_levels_found"":7,""_target_level"":129.62},""volume"":{""V1_rvol_day"":{""value"":0.33924106695959527,""score"":0},""V2_rvol_sameslot"":{""value"":0.4967400280236167,""score"":0,""status"":""ok""},""V3_breakout_bar"":{""value"":0.548842410764085,""score"":3.256160717605668},""V4_base_dryup"":{""value"":1.012381232107841,""score"":48.761876789215904},""V5_bo_expansion"":{""value"":0.33924106695959527,""score"":0},""_score"":10.57},""readiness"":{""_distance_atr"":2.104,""BR1_atr_distance"":{""score"":0},""BR2_compression"":{""score"":38.765637273274},""BR3_retest"":{""score"":50.0},""BR4_bo_age"":{""score"":50.0},""_score"":27.19},""risk"":{""R1_stop_clarity"":{""score"":9.653886371558059},""R2_stop_distance_pct"":{""value"":3.7382818685668964,""score"":100.0},""R3_stop_distance_atr"":{""value"":1.151974555594281,""score"":82.59872777971405},""R4_rr_potential"":{""value"":4.26140274703747,""score"":100.0},""_score"":65.77},""market"":{""M1_spy_regime"":{""score"":100.0},""M3_earnings_risk"":{""value"":null,""score"":80.0},""M4_vix"":{""value"":null,""score"":60.0},""_score"":84.0},""liquidity"":{""L1_price"":{""value"":126.3,""score"":100.0},""L2_dollar_vol"":{""value"":540950051.657931,""score"":100.0},""L3_spread_proxy"":{""value"":0.015201900237529592,""score"":84.7980997624704},""L4_volume_zscore"":{""value"":-1.1067487331850985,""score"":100.0},""_score"":98.48},""pattern_structure"":{""top"":134.925,""top_touches"":2,""low_slope_per_bar"":0.04101145038167943,""lowest_low"":123.43,""structural_low"":123.43,""current_price"":126.365,""neckline_distance_pct"":0.0677402761840701,""base_bars"":30},""pattern_geometry_features"":{""top_touches"":2.0,""low_slope"":0.04101145038167943,""compression"":0.31004252393222786,""atr_pct"":0.032451080194548135},""_schema_version"":""1.0""}",,,,,,,,,,
20260604T164444Z-6b270e,2026-06-04T16:44:44.043038+00:00,COHU,vcp,breakout_confirmed,45.97,98.2,35.0,29.6,38.1,11.7,31.9,29.1,84.0,82.7,14.72,8.75,3.55,4.57,1.52,2.23,1.46,5.04,4.14,False,,56.17,52.4283,40.9267,41.5283,"{""trend"":{""T1_ema_stack"":{""value"":[true,true,true],""score"":100.0},""T2_ema50_slope"":{""value"":0.580700459267254,""score"":100},""T3_high_proximity"":{""value"":0.9753429414828964,""score"":87.67147074144816},""T4_rs_1m"":{""value"":0.11406271082616604,""score"":100},""T5_rs_3m"":{""value"":0.8426401725188297,""score"":100},""T6_adr_healthy"":{""value"":5.305971348091613,""score"":100.0},""_score"":98.15},""geometry"":{""sub_contraction_count"":100.0,""sub_reduction_rate"":0,""sub_pivot_tightness"":0,""sub_volume_dryup"":0,""sub_base_depth"":0.0,""sub_base_duration"":100.0,""_score"":35.0},""compression"":{""VC1_atr_ratio"":{""value"":0.7896676765028985,""score"":52.58308087427538},""VC2_range_contraction"":{""value"":1.000327036705252,""score"":0},""VC3_range_pct_rank"":{""score"":34.166666666666664},""_score"":29.57},""sr_quality"":{""SR1_touches"":{""value"":2,""score"":25.0},""SR2_tightness"":{""value"":0.7140999999999984,""score"":54.01348215374083},""SR3_recency"":{""value"":228,""score"":0.0},""SR4_price_location"":{""score"":30.0},""SR5_reaction"":{""value"":2.8474483494596314,""score"":100},""_score"":38.1,""_levels_found"":4,""_target_level"":51.7142},""volume"":{""V1_rvol_day"":{""value"":0.2953369428711538,""score"":0},""V2_rvol_sameslot"":{""value"":0.6177256276737008,""score"":7.848375178246718,""status"":""ok""},""V3_breakout_bar"":{""value"":0.5137939924450083,""score"":0.9195994963338894},""V4_base_dryup"":{""value"":1.0068115867982284,""score"":49.318841320177164},""V5_bo_expansion"":{""value"":0.2953369428711538,""score"":0},""_score"":11.66},""readiness"":{""_distance_atr"":-1.205,""BR1_atr_distance"":{""score"":35.90424956933926},""BR2_compression"":{""score"":0},""BR3_retest"":{""score"":50.0},""BR4_bo_age"":{""score"":50.0},""_score"":31.86},""risk"":{""R1_stop_clarity"":{""score"":59.86402850065672},""R2_stop_distance_pct"":{""value"":27.137706961011222,""score"":0.0},""R3_stop_distance_atr"":{""value"":4.908164039770282,""score"":54.59179801148588},""R4_rr_potential"":{""value"":-0.9605366309678052,""score"":0.0},""_score"":29.14},""market"":{""M1_spy_regime"":{""score"":100.0},""M3_earnings_risk"":{""value"":null,""score"":80.0},""M4_vix"":{""value"":null,""score"":60.0},""_score"":84.0},""liquidity"":{""L1_price"":{""value"":56.17,""score"":100.0},""L2_dollar_vol"":{""value"":25109593.60873251,""score"":69.991984192171},""L3_spread_proxy"":{""value"":0.05251913833006948,""score"":47.48086166993052},""L4_volume_zscore"":{""value"":-1.1328097958148169,""score"":100.0},""_score"":82.74},""pattern_structure"":{""n_contractions"":5,""contractions_pct"":[10.46,19.19,16.55,13.42,20.75],""descending_strict"":false,""final_low"":41.55,""final_pivot"":52.4283,""structural_low"":41.55,""dry_up_ratio"":1.1428855100910575,""current_price"":56.17,""neckline_distance_pct"":-0.06661385081004097,""base_bars"":81},""pattern_geometry_features"":{""contraction_count"":5.0,""first_contraction_pct"":0.10463621533442079,""last_contraction_pct"":0.20748908509335612,""dry_up_ratio"":1.1428855100910575,""near_monotone"":0.0,""base_depth_pct"":-0.3556280587275693},""_schema_version"":""1.0""}",,,,,,,,,,
20260604T164444Z-6b270e,2026-06-04T16:44:44.043038+00:00,VZ,double_bottom,invalidated,45.93,30.5,45.8,43.0,61.4,46.4,17.5,10.4,84.0,95.8,4.57,11.45,3.44,8.59,6.03,1.4,0.62,5.04,4.79,True,risk_unclear,45.67,48.955,46.561,50.64,"{""trend"":{""T1_ema_stack"":{""value"":[false,false,true],""score"":33.33333333333333},""T2_ema50_slope"":{""value"":0.013971173735207343,""score"":52.32852895586789},""T3_high_proximity"":{""value"":0.888867263526664,""score"":44.43363176333198},""T4_rs_1m"":{""value"":-0.08055353604614035,""score"":0},""T5_rs_3m"":{""value"":-0.2180788746576523,""score"":0},""T6_adr_healthy"":{""value"":1.9032016752807739,""score"":100.0},""_score"":30.46},""geometry"":{""sub_low_similarity"":95.6,""sub_bounce_quality"":8.1,""sub_separation_fit"":13.3,""sub_right_bottom_reaction"":50.0,""sub_base_context"":30.0,""_score"":45.79},""compression"":{""VC1_atr_ratio"":{""value"":0.3695955555911794,""score"":100},""VC2_range_contraction"":{""value"":0.9584504989342001,""score"":6.924916844299986},""VC3_range_pct_rank"":{""score"":2.500000000000002},""_score"":43.05},""sr_quality"":{""SR1_touches"":{""value"":3,""score"":50.0},""SR2_tightness"":{""value"":0.20700456248326726,""score"":57.45149349944588},""SR3_recency"":{""value"":237,""score"":0.0},""SR4_price_location"":{""score"":90.98690392295049},""SR5_reaction"":{""value"":3.2657485709811276,""score"":100},""_score"":61.36,""_levels_found"":5,""_target_level"":45.9623},""volume"":{""V1_rvol_day"":{""value"":0.5188571799436202,""score"":1.2571453295746826},""V2_rvol_sameslot"":{""value"":2.286551303175142,""score"":100,""status"":""ok""},""V3_breakout_bar"":{""value"":1.149530349842886,""score"":43.302023322859064},""V4_base_dryup"":{""value"":0.7355662184770125,""score"":76.44337815229875},""V5_bo_expansion"":{""value"":0.5188571799436201,""score"":0},""_score"":46.37},""readiness"":{""_distance_atr"":3.376,""BR1_atr_distance"":{""score"":0},""BR2_compression"":{""score"":0},""BR3_retest"":{""score"":50.0},""BR4_bo_age"":{""score"":50.0},""_score"":17.5},""risk"":{""R1_stop_clarity"":{""score"":0},""R2_stop_distance_pct"":{""value"":-1.950843004160288,""score"":1.2289248959928},""R3_stop_distance_atr"":{""value"":-0.9156462884660598,""score"":0.0},""R4_rr_potential"":{""value"":null,""score"":50.0},""_score"":10.37},""market"":{""M1_spy_regime"":{""score"":100.0},""M3_earnings_risk"":{""value"":null,""score"":80.0},""M4_vix"":{""value"":null,""score"":60.0},""_score"":84.0},""liquidity"":{""L1_price"":{""value"":45.67,""score"":100.0},""L2_dollar_vol"":{""value"":470809625.9726227,""score"":100.0},""L3_spread_proxy"":{""value"":0.04149332165535369,""score"":58.50667834464631},""L4_volume_zscore"":{""value"":-1.4643228648888262,""score"":100.0},""_score"":95.85},""pattern_structure"":{""left_low"":47.375,""left_idx"":23,""right_low"":47.27,""right_idx"":66,""separation_bars"":43,""structural_low"":47.27,""current_price"":45.691,""neckline_distance_pct"":0.0714363879100916,""base_bars"":43},""pattern_geometry_features"":{""low_similarity_pct"":0.0022188176871466396,""bounce_pct"":0.035646287285804844,""right_bottom_reaction"":0.5,""atr_pct"":0.021305639838593637},""_schema_version"":""1.0""}",,,,,,,,,,
20260604T164444Z-6b270e,2026-06-04T16:44:44.043038+00:00,MU,vcp,setup,45.92,95.4,35.1,24.6,55.1,14.9,18.8,29.4,84.0,70.4,14.31,8.77,2.95,6.61,1.94,1.31,1.47,5.04,3.52,False,,1012.91,818.67,642.4269,431.21,"{""trend"":{""T1_ema_stack"":{""value"":[true,true,true],""score"":100.0},""T2_ema50_slope"":{""value"":1.064879252817208,""score"":100},""T3_high_proximity"":{""value"":0.9382531934010764,""score"":69.12659670053817},""T4_rs_1m"":{""value"":0.5369006300909467,""score"":100},""T5_rs_3m"":{""value"":1.4406696506992698,""score"":100},""T6_adr_healthy"":{""value"":6.4926226939036376,""score"":100.0},""_score"":95.37},""geometry"":{""sub_contraction_count"":100.0,""sub_reduction_rate"":0,""sub_pivot_tightness"":0,""sub_volume_dryup"":0.6,""sub_base_depth"":0.0,""sub_base_duration"":100.0,""_score"":35.09},""compression"":{""VC1_atr_ratio"":{""value"":1.0221952787750146,""score"":0},""VC2_range_contraction"":{""value"":0.8322439144338385,""score"":27.959347594360253},""VC3_range_pct_rank"":{""score"":59.166666666666664},""_score"":24.58},""sr_quality"":{""SR1_touches"":{""value"":5,""score"":100},""SR2_tightness"":{""value"":13.824114857798305,""score"":59.56842341137626},""SR3_recency"":{""value"":257,""score"":0.0},""SR4_price_location"":{""score"":30.0},""SR5_reaction"":{""value"":1.1564841056962247,""score"":57.824205284811235},""_score"":55.11,""_levels_found"":2,""_target_level"":447.68},""volume"":{""V1_rvol_day"":{""value"":0.6134526048136981,""score"":7.563506987579875},""V2_rvol_sameslot"":{""value"":0.870770081632874,""score"":24.718005442191597,""status"":""ok""},""V3_breakout_bar"":{""value"":0.7860302933314303,""score"":19.06868622209535},""V4_base_dryup"":{""value"":1.3151568271291287,""score"":18.484317287087123},""V5_bo_expansion"":{""value"":0.6134526048136982,""score"":0},""_score"":14.92},""readiness"":{""_distance_atr"":-2.84,""BR1_atr_distance"":{""score"":3.1903632358487855},""BR2_compression"":{""score"":0},""BR3_retest"":{""score"":50.0},""BR4_bo_age"":{""score"":50.0},""_score"":18.78},""risk"":{""R1_stop_clarity"":{""score"":71.38708824602529},""R2_stop_distance_pct"":{""value"":36.57611732532998,""score"":0.0},""R3_stop_distance_atr"":{""value"":5.417785517591264,""score"":29.11072412043678},""R4_rr_potential"":{""value"":-1.5701118930779987,""score"":0.0},""_score"":29.35},""market"":{""M1_spy_regime"":{""score"":100.0},""M3_earnings_risk"":{""value"":null,""score"":80.0},""M4_vix"":{""value"":null,""score"":60.0},""_score"":84.0},""liquidity"":{""L1_price"":{""value"":1012.91,""score"":0.0},""L2_dollar_vol"":{""value"":33502267160.927437,""score"":100.0},""L3_spread_proxy"":{""value"":0.045561797198171695,""score"":54.438202801828304},""L4_volume_zscore"":{""value"":-1.598137011084624,""score"":100.0},""_score"":70.44},""pattern_structure"":{""n_contractions"":5,""contractions_pct"":[16.26,20.11,18.13,33.91,20.33],""descending_strict"":false,""final_low"":652.21,""final_pivot"":818.67,""structural_low"":652.21,""dry_up_ratio"":0.9971552303183477,""current_price"":1012.91,""neckline_distance_pct"":-0.19176432259529477,""base_bars"":109},""pattern_geometry_features"":{""contraction_count"":5.0,""first_contraction_pct"":0.16264400377714827,""last_contraction_pct"":0.20332979100247955,""dry_up_ratio"":0.9971552303183477,""near_monotone"":0.0,""base_depth_pct"":-1.463493862134089},""_schema_version"":""1.0""}",,,,,,,,,,
20260604T164444Z-6b270e,2026-06-04T16:44:44.043038+00:00,WOLF,vcp,absent,45.91,88.3,35.6,27.6,39.3,17.5,23.5,45.2,84.0,90.0,13.25,8.91,3.32,4.72,2.27,1.65,2.26,5.04,4.5,False,,66.98,80.82,48.9151,49.66,"{""trend"":{""T1_ema_stack"":{""value"":[true,true,true],""score"":100.0},""T2_ema50_slope"":{""value"":1.602929237069116,""score"":100},""T3_high_proximity"":{""value"":0.9112925170068028,""score"":55.64625850340138},""T4_rs_1m"":{""value"":0.7832790140981969,""score"":100},""T5_rs_3m"":{""value"":2.4260112014470168,""score"":100},""T6_adr_healthy"":{""value"":16.16783728489247,""score"":0.0},""_score"":88.35},""geometry"":{""sub_contraction_count"":100.0,""sub_reduction_rate"":0,""sub_pivot_tightness"":0,""sub_volume_dryup"":4.3,""sub_base_depth"":0.0,""sub_base_duration"":100.0,""_score"":35.64},""compression"":{""VC1_atr_ratio"":{""value"":0.7463760926814992,""score"":63.405976829625196},""VC2_range_contraction"":{""value"":1.1286991608038117,""score"":0},""VC3_range_pct_rank"":{""score"":9.166666666666668},""_score"":27.65},""sr_quality"":{""SR1_touches"":{""value"":2,""score"":25.0},""SR2_tightness"":{""value"":2.0600000000000023,""score"":62.04833704866599},""SR3_recency"":{""value"":228,""score"":0.0},""SR4_price_location"":{""score"":30.0},""SR5_reaction"":{""value"":2.4908081703982283,""score"":100},""_score"":39.31,""_levels_found"":3,""_target_level"":51.72},""volume"":{""V1_rvol_day"":{""value"":0.36451418931320134,""score"":0},""V2_rvol_sameslot"":{""value"":0.9734732342263103,""score"":31.56488228175402,""status"":""ok""},""V3_breakout_bar"":{""value"":1.1694334333314713,""score"":44.62889555543142},""V4_base_dryup"":{""value"":4.166526313282502,""score"":0},""V5_bo_expansion"":{""value"":0.36451418931320134,""score"":0},""_score"":17.47},""readiness"":{""_distance_atr"":1.275,""BR1_atr_distance"":{""score"":15.007926335524004},""BR2_compression"":{""score"":0},""BR3_retest"":{""score"":50.0},""BR4_bo_age"":{""score"":50.0},""_score"":23.5},""risk"":{""R1_stop_clarity"":{""score"":86.2766049842482},""R2_stop_distance_pct"":{""value"":26.97058823529413,""score"":0.0},""R3_stop_distance_atr"":{""value"":1.6640606700231875,""score"":100.0},""R4_rr_potential"":{""value"":-0.9587653405222282,""score"":0.0},""_score"":45.2},""market"":{""M1_spy_regime"":{""score"":100.0},""M3_earnings_risk"":{""value"":null,""score"":80.0},""M4_vix"":{""value"":null,""score"":60.0},""_score"":84.0},""liquidity"":{""L1_price"":{""value"":66.98,""score"":100.0},""L2_dollar_vol"":{""value"":267736223.90584716,""score"":100.0},""L3_spread_proxy"":{""value"":0.16676619886533306,""score"":0},""L4_volume_zscore"":{""value"":-1.1040239001796344,""score"":100.0},""_score"":90.0},""pattern_structure"":{""n_contractions"":5,""contractions_pct"":[21.19,16.99,23.47,27.07,38.55],""descending_strict"":false,""final_low"":49.66,""final_pivot"":80.82,""structural_low"":49.66,""dry_up_ratio"":0.9783283687651889,""current_price"":66.98,""neckline_distance_pct"":0.2066288444311733,""base_bars"":46},""pattern_geometry_features"":{""contraction_count"":5.0,""first_contraction_pct"":0.2118918918918919,""last_contraction_pct"":0.38554813165058155,""dry_up_ratio"":0.9783283687651889,""near_monotone"":0.0,""base_depth_pct"":-1.6843243243243242},""_schema_version"":""1.0""}",,,,,,,,,,
20260604T164444Z-6b270e,2026-06-04T16:44:44.043038+00:00,TMUS,vcp,invalidated,45.86,9.5,61.2,46.6,57.0,39.8,17.5,10.0,84.0,95.4,1.42,15.29,5.59,6.84,5.17,1.23,0.5,5.04,4.77,True,risk_unclear,177.04,196.235,182.3235,235.885,"{""trend"":{""T1_ema_stack"":{""value"":[false,false,false],""score"":0.0},""T2_ema50_slope"":{""value"":-0.16634887570301332,""score"":22.275187382831113},""T3_high_proximity"":{""value"":0.7990251387823261,""score"":0},""T4_rs_1m"":{""value"":-0.1341554105154774,""score"":0},""T5_rs_3m"":{""value"":-0.3076627632641574,""score"":0},""T6_adr_healthy"":{""value"":2.4406168441886487,""score"":100.0},""_score"":9.46},""geometry"":{""sub_contraction_count"":100.0,""sub_reduction_rate"":0,""sub_pivot_tightness"":61.9,""sub_volume_dryup"":45.9,""sub_base_depth"":100.0,""sub_base_duration"":100.0,""_score"":61.17},""compression"":{""VC1_atr_ratio"":{""value"":0.40147679828323685,""score"":100},""VC2_range_contraction"":{""value"":0.9011832300938557,""score"":16.46946165102405},""VC3_range_pct_rank"":{""score"":3.3333333333333326},""_score"":46.6},""sr_quality"":{""SR1_touches"":{""value"":3,""score"":50.0},""SR2_tightness"":{""value"":0.7884584115009833,""score"":67.24748086636372},""SR3_recency"":{""value"":252,""score"":0.0},""SR4_price_location"":{""score"":67.78577256880043},""SR5_reaction"":{""value"":2.9341047894567693,""score"":100},""_score"":57.03,""_levels_found"":7,""_target_level"":182.21},""volume"":{""V1_rvol_day"":{""value"":0.4862924927394813,""score"":0},""V2_rvol_sameslot"":{""value"":2.3101185060776577,""score"":100,""status"":""ok""},""V3_breakout_bar"":{""value"":1.0062111430455438,""score"":33.74740953636959},""V4_base_dryup"":{""value"":0.9319711265540321,""score"":56.80288734459678},""V5_bo_expansion"":{""value"":0.4862924927394813,""score"":0},""_score"":39.8},""readiness"":{""_distance_atr"":3.987,""BR1_atr_distance"":{""score"":0},""BR2_compression"":{""score"":0},""BR3_retest"":{""score"":50.0},""BR4_bo_age"":{""score"":50.0},""_score"":17.5},""risk"":{""R1_stop_clarity"":{""score"":0},""R2_stop_distance_pct"":{""value"":-2.984353818346139,""score"":0.0},""R3_stop_distance_atr"":{""value"":-1.0973814998887335,""score"":0.0},""R4_rr_potential"":{""value"":null,""score"":50.0},""_score"":10.0},""market"":{""M1_spy_regime"":{""score"":100.0},""M3_earnings_risk"":{""value"":null,""score"":80.0},""M4_vix"":{""value"":null,""score"":60.0},""_score"":84.0},""liquidity"":{""L1_price"":{""value"":177.04,""score"":100.0},""L2_dollar_vol"":{""value"":383876710.44061273,""score"":100.0},""L3_spread_proxy"":{""value"":0.04620424762765481,""score"":53.79575237234519},""L4_volume_zscore"":{""value"":-1.548137089526178,""score"":100.0},""_score"":95.38},""pattern_structure"":{""n_contractions"":5,""contractions_pct"":[5.6,7.02,13.2,11.98,5.67],""descending_strict"":false,""final_low"":185.1,""final_pivot"":196.235,""structural_low"":185.1,""dry_up_ratio"":0.7704555720902817,""current_price"":177.04,""neckline_distance_pct"":0.1084218255761411,""base_bars"":57},""pattern_geometry_features"":{""contraction_count"":5.0,""first_contraction_pct"":0.05597330367074533,""last_contraction_pct"":0.05674319056233607,""dry_up_ratio"":0.7704555720902817,""near_monotone"":0.0,""base_depth_pct"":0.1764182424916574},""_schema_version"":""1.0""}",,,,,,,,,,
20260604T164444Z-6b270e,2026-06-04T16:44:44.043038+00:00,DIOD,bull_flag,breakout_failed,45.84,83.1,43.4,28.6,37.7,6.9,28.4,81.2,84.0,76.9,11.63,13.03,2.57,3.77,0.96,2.56,2.44,5.04,3.84,False,,114.37,121.96,106.2421,143.17,"{""trend"":{""T1_ema_stack"":{""value"":[true,true,true],""score"":100.0},""T2_ema50_slope"":{""value"":0.4303513822985505,""score"":100},""T3_high_proximity"":{""value"":0.9840819136121151,""score"":92.04095680605751},""T4_rs_1m"":{""value"":-0.028654592235409337,""score"":21.34540776459066},""T5_rs_3m"":{""value"":0.6649606839055526,""score"":100},""T6_adr_healthy"":{""value"":5.926570508830952,""score"":100.0},""_score"":83.08},""geometry"":{""sub_pole_impulse"":61.4,""sub_flag_tightness"":18.7,""sub_flag_shallowness"":0,""sub_flag_drift"":68.9,""sub_flag_duration"":100.0,""_score"":43.43},""compression"":{""VC1_atr_ratio"":{""value"":0.7597232564189753,""score"":60.06918589525617},""VC2_range_contraction"":{""value"":1.1681097544280858,""score"":0},""VC3_range_pct_rank"":{""score"":18.333333333333336},""_score"":28.61},""sr_quality"":{""SR1_touches"":{""value"":2,""score"":25.0},""SR2_tightness"":{""value"":1.3699999999999974,""score"":60.671455945571665},""SR3_recency"":{""value"":274,""score"":0.0},""SR4_price_location"":{""score"":30.0},""SR5_reaction"":{""value"":1.8088977242552335,""score"":90.44488621276167},""_score"":37.67,""_levels_found"":3,""_target_level"":73.68},""volume"":{""V1_rvol_day"":{""value"":0.14785600558595438,""score"":0},""V2_rvol_sameslot"":{""value"":0.3355265995188744,""score"":0,""status"":""ok""},""V3_breakout_bar"":{""value"":0.27679354437445036,""score"":0},""V4_base_dryup"":{""value"":1.1569754169716666,""score"":34.302458302833344},""V5_bo_expansion"":{""value"":0.14785600558595438,""score"":0},""_score"":6.86},""readiness"":{""_distance_atr"":1.089,""BR1_atr_distance"":{""score"":27.371374848391426},""BR2_compression"":{""score"":0},""BR3_retest"":{""score"":50.0},""BR4_bo_age"":{""score"":50.0},""_score"":28.45},""risk"":{""R1_stop_clarity"":{""score"":53.5549989593723},""R2_stop_distance_pct"":{""value"":7.106671329894213,""score"":100.0},""R3_stop_distance_atr"":{""value"":1.1666367635766026,""score"":83.33183817883013},""R4_rr_potential"":{""value"":3.543350680987702,""score"":100.0},""_score"":81.24},""market"":{""M1_spy_regime"":{""score"":100.0},""M3_earnings_risk"":{""value"":null,""score"":80.0},""M4_vix"":{""value"":null,""score"":60.0},""_score"":84.0},""liquidity"":{""L1_price"":{""value"":114.37,""score"":100.0},""L2_dollar_vol"":{""value"":13536019.4986232,""score"":56.57454856480935},""L3_spread_proxy"":{""value"":0.057532569729824234,""score"":42.46743027017577},""L4_volume_zscore"":{""value"":-2.85457094637852,""score"":100.0},""_score"":76.88},""pattern_structure"":{""pole_low"":100.75,""pole_low_idx"":44,""peak_price"":121.96,""peak_idx"":52,""pole_gain"":0.21052109181141432,""flag_bars"":7,""flag_low"":107.86,""flag_high"":120.39,""structural_low"":107.86,""current_price"":114.375,""neckline_distance_pct"":0.06631693989071033,""base_bars"":7},""pattern_geometry_features"":{""pole_gain"":0.21052109181141432,""pullback_pct"":0.11561167595933089,""flag_range_pct"":0.10273860282059694,""flag_drift_per_bar"":-0.006210772833723644,""atr_pct"":0.060915887033312924,""pole_atr_multiple"":3.455930826325933},""_schema_version"":""1.0""}",,,,,,,,,,
20260604T164444Z-6b270e,2026-06-04T16:44:44.043038+00:00,BABA,base_on_base,invalidated,45.77,16.5,55.8,76.3,64.9,4.0,27.2,25.1,84.0,98.5,2.97,13.96,7.63,6.49,0.48,2.18,1.26,5.88,4.92,True,risk_unclear,126.3,146.87,127.0157,156.36,"{""trend"":{""T1_ema_stack"":{""value"":[false,false,false],""score"":0.0},""T2_ema50_slope"":{""value"":-0.10417610693451233,""score"":32.63731551091461},""T3_high_proximity"":{""value"":0.8661957341746107,""score"":33.09786708730533},""T4_rs_1m"":{""value"":-0.0903395696368241,""score"":0},""T5_rs_3m"":{""value"":-0.14148982839344615,""score"":0},""T6_adr_healthy"":{""value"":2.689945052805269,""score"":100.0},""_score"":16.49},""geometry"":{""sub_shallower_second"":0,""sub_second_base_depth"":100.0,""sub_rim_advance"":100,""sub_dry_up"":25.2,""sub_second_base_duration"":72.0,""_score"":55.84},""compression"":{""VC1_atr_ratio"":{""value"":0.4615663708320202,""score"":100},""VC2_range_contraction"":{""value"":0.7350020397559847,""score"":44.16632670733589},""VC3_range_pct_rank"":{""score"":83.33333333333334},""_score"":76.29},""sr_quality"":{""SR1_touches"":{""value"":4,""score"":75.0},""SR2_tightness"":{""value"":0.8886506625215587,""score"":56.63607781351754},""SR3_recency"":{""value"":240,""score"":0.0},""SR4_price_location"":{""score"":75.69884977344017},""SR5_reaction"":{""value"":2.6622080864412685,""score"":100},""_score"":64.92,""_levels_found"":7,""_target_level"":129.62},""volume"":{""V1_rvol_day"":{""value"":0.33924106695959527,""score"":0},""V2_rvol_sameslot"":{""value"":0.4967400280236167,""score"":0,""status"":""ok""},""V3_breakout_bar"":{""value"":0.548842410764085,""score"":3.256160717605668},""V4_base_dryup"":{""value"":1.34039129076515,""score"":15.96087092348499},""V5_bo_expansion"":{""value"":0.33924106695959527,""score"":0},""_score"":4.01},""readiness"":{""_distance_atr"":5.019,""BR1_atr_distance"":{""score"":0},""BR2_compression"":{""score"":38.765637273274},""BR3_retest"":{""score"":50.0},""BR4_bo_age"":{""score"":50.0},""_score"":27.19},""risk"":{""R1_stop_clarity"":{""score"":5.613454165214108},""R2_stop_distance_pct"":{""value"":-0.5667062549485239,""score"":35.8323436262869},""R3_stop_distance_atr"":{""value"":-0.17463401882188562,""score"":16.268299058905722},""R4_rr_potential"":{""value"":null,""score"":50.0},""_score"":25.15},""market"":{""M1_spy_regime"":{""score"":100.0},""M3_earnings_risk"":{""value"":null,""score"":80.0},""M4_vix"":{""value"":null,""score"":60.0},""_score"":84.0},""liquidity"":{""L1_price"":{""value"":126.3,""score"":100.0},""L2_dollar_vol"":{""value"":540950051.657931,""score"":100.0},""L3_spread_proxy"":{""value"":0.015201900237529592,""score"":84.7980997624704},""L4_volume_zscore"":{""value"":-1.1067487331850985,""score"":100.0},""_score"":98.48},""pattern_structure"":{""first_base_low"":121.16,""first_base_top"":130.65,""first_base_bars"":20,""second_base_low"":128.95,""second_base_top"":146.87,""second_base_bars"":18,""structural_low"":128.95,""stacking_overlap_pct"":0.013011863758132545,""current_price"":126.3,""neckline_distance_pct"":0.1628661916072843,""base_bars"":18},""pattern_geometry_features"":{""first_base_depth_pct"":0.07263681592039807,""second_base_depth_pct"":0.12201266426091112,""second_dry_up_ratio"":0.873814934110282,""rim_advance_pct"":0.12414848832759279,""atr_pct"":0.032451080194548135},""_schema_version"":""1.0""}",,,,,,,,,,
20260604T164444Z-6b270e,2026-06-04T16:44:44.043038+00:00,RTX,double_bottom,absent,45.73,36.5,36.3,55.5,56.8,21.6,39.0,49.0,84.0,97.6,5.47,9.09,4.44,7.95,2.8,3.12,2.94,5.04,4.88,True,risk_unclear,178.685,181.55,170.799,189.7,"{""trend"":{""T1_ema_stack"":{""value"":[true,false,true],""score"":66.66666666666666},""T2_ema50_slope"":{""value"":-0.20333075832064582,""score"":16.11154027989236},""T3_high_proximity"":{""value"":0.8518545003813883,""score"":25.92725019069414},""T4_rs_1m"":{""value"":-0.011638820589406906,""score"":38.361179410593095},""T5_rs_3m"":{""value"":-0.2339112446568017,""score"":0},""T6_adr_healthy"":{""value"":2.1375366882017355,""score"":100.0},""_score"":36.45},""geometry"":{""sub_low_similarity"":69.4,""sub_bounce_quality"":24.3,""sub_separation_fit"":26.7,""sub_right_bottom_reaction"":4.4,""sub_base_context"":30.0,""_score"":36.34},""compression"":{""VC1_atr_ratio"":{""value"":0.5445941079965394,""score"":100},""VC2_range_contraction"":{""value"":0.9127279896321694,""score"":14.545335061305103},""VC3_range_pct_rank"":{""score"":41.666666666666664},""_score"":55.51},""sr_quality"":{""SR1_touches"":{""value"":3,""score"":50.0},""SR2_tightness"":{""value"":0.9456429253276412,""score"":54.15802838820074},""SR3_recency"":{""value"":230,""score"":0.0},""SR4_price_location"":{""score"":74.71171797781595},""SR5_reaction"":{""value"":2.64006777552129,""score"":100},""_score"":56.8,""_levels_found"":6,""_target_level"":181.2179},""volume"":{""V1_rvol_day"":{""value"":0.32120419847284926,""score"":0},""V2_rvol_sameslot"":{""value"":0.8412127397166701,""score"":22.74751598111134,""status"":""ok""},""V3_breakout_bar"":{""value"":0.8254116459204174,""score"":21.694109728027826},""V4_base_dryup"":{""value"":0.9199079833806555,""score"":58.00920166193445},""V5_bo_expansion"":{""value"":0.3212041984728493,""score"":0},""_score"":21.57},""readiness"":{""_distance_atr"":0.694,""BR1_atr_distance"":{""score"":53.70442508825401},""BR2_compression"":{""score"":0},""BR3_retest"":{""score"":50.0},""BR4_bo_age"":{""score"":50.0},""_score"":38.98},""risk"":{""R1_stop_clarity"":{""score"":0},""R2_stop_distance_pct"":{""value"":4.413353107423676,""score"":100.0},""R3_stop_distance_atr"":{""value"":1.9114497578744893,""score"":100.0},""R4_rr_potential"":{""value"":1.3967791022064444,""score"":19.83895511032222},""_score"":48.97},""market"":{""M1_spy_regime"":{""score"":100.0},""M3_earnings_risk"":{""value"":null,""score"":80.0},""M4_vix"":{""value"":null,""score"":60.0},""_score"":84.0},""liquidity"":{""L1_price"":{""value"":178.685,""score"":100.0},""L2_dollar_vol"":{""value"":319495318.7231276,""score"":100.0},""L3_spread_proxy"":{""value"":0.023650558244956203,""score"":76.3494417550438},""L4_volume_zscore"":{""value"":-2.5639617546667237,""score"":100.0},""_score"":97.63},""pattern_structure"":{""left_low"":176.07,""left_idx"":35,""right_low"":173.4,""right_idx"":76,""separation_bars"":41,""structural_low"":173.4,""current_price"":178.7425,""neckline_distance_pct"":0.0157069527392758,""base_bars"":41},""pattern_geometry_features"":{""low_similarity_pct"":0.015280281569233337,""bounce_pct"":0.047001153402537514,""right_bottom_reaction"":0.04417670682731455,""atr_pct"":0.02308903537350244},""_schema_version"":""1.0""}",,,,,,,,,,
20260604T164444Z-6b270e,2026-06-04T16:44:44.043038+00:00,OKLO,vcp,absent,45.68,26.6,45.0,69.7,52.4,6.7,33.5,54.2,84.0,96.2,3.99,11.25,8.37,6.29,0.88,2.34,2.71,5.04,4.81,False,,64.6666,80.08,53.1457,92.305,"{""trend"":{""T1_ema_stack"":{""value"":[false,true,false],""score"":33.33333333333333},""T2_ema50_slope"":{""value"":0.003573483567253959,""score"":50.59558059454233},""T3_high_proximity"":{""value"":0.8121904044209998,""score"":6.0952022104998616},""T4_rs_1m"":{""value"":-0.0995821668998661,""score"":0},""T5_rs_3m"":{""value"":-0.06791439336599825,""score"":16.042803317000875},""T6_adr_healthy"":{""value"":8.113603750464668,""score"":97.15990623838331},""_score"":26.63},""geometry"":{""sub_contraction_count"":100.0,""sub_reduction_rate"":0,""sub_pivot_tightness"":0,""sub_volume_dryup"":0,""sub_base_depth"":100.0,""sub_base_duration"":100.0,""_score"":45.0},""compression"":{""VC1_atr_ratio"":{""value"":0.39563131059756174,""score"":100},""VC2_range_contraction"":{""value"":0.9046610360913481,""score"":15.889827318108656},""VC3_range_pct_rank"":{""score"":96.66666666666667},""_score"":69.73},""sr_quality"":{""SR1_touches"":{""value"":2,""score"":25.0},""SR2_tightness"":{""value"":0.10500000000000398,""score"":96.36432887242243},""SR3_recency"":{""value"":280,""score"":0.0},""SR4_price_location"":{""score"":62.38247863247869},""SR5_reaction"":{""value"":1.9849033084607262,""score"":99.24516542303631},""_score"":52.44,""_levels_found"":8,""_target_level"":66.075},""volume"":{""V1_rvol_day"":{""value"":0.43100336780509835,""score"":0},""V2_rvol_sameslot"":{""value"":0.6730100328872393,""score"":11.534002192482617,""status"":""ok""},""V3_breakout_bar"":{""value"":0.44912184347448286,""score"":0},""V4_base_dryup"":{""value"":1.2781066766363067,""score"":22.189332336369333},""V5_bo_expansion"":{""value"":0.4310033678050984,""score"":0},""_score"":6.74},""readiness"":{""_distance_atr"":2.668,""BR1_atr_distance"":{""score"":0},""BR2_compression"":{""score"":63.95781427597274},""BR3_retest"":{""score"":50.0},""BR4_bo_age"":{""score"":50.0},""_score"":33.49},""risk"":{""R1_stop_clarity"":{""score"":71.97676633022277},""R2_stop_distance_pct"":{""value"":17.815881768950284,""score"":0.0},""R3_stop_distance_atr"":{""value"":1.9945854469278583,""score"":100.0},""R4_rr_potential"":{""value"":2.398974040712876,""score"":69.9487020356438},""_score"":54.18},""market"":{""M1_spy_regime"":{""score"":100.0},""M3_earnings_risk"":{""value"":null,""score"":80.0},""M4_vix"":{""value"":null,""score"":60.0},""_score"":84.0},""liquidity"":{""L1_price"":{""value"":64.6666,""score"":100.0},""L2_dollar_vol"":{""value"":420157745.993834,""score"":100.0},""L3_spread_proxy"":{""value"":0.03788663699653303,""score"":62.11336300346697},""L4_volume_zscore"":{""value"":-1.6419254711856088,""score"":100.0},""_score"":96.21},""pattern_structure"":{""n_contractions"":5,""contractions_pct"":[14.67,20.04,22.15,22.45,32.62],""descending_strict"":false,""final_low"":53.955,""final_pivot"":80.08,""structural_low"":53.955,""dry_up_ratio"":1.0522994288680882,""current_price"":64.6666,""neckline_distance_pct"":0.23835179211524954,""base_bars"":53},""pattern_geometry_features"":{""contraction_count"":5.0,""first_contraction_pct"":0.14672106376548816,""last_contraction_pct"":0.32623626373626374,""dry_up_ratio"":1.0522994288680882,""near_monotone"":0.0,""base_depth_pct"":0.18472348141432468},""_schema_version"":""1.0""}",,,,,,,,,,
20260604T164444Z-6b270e,2026-06-04T16:44:44.043038+00:00,NXE,vcp,absent,45.64,21.8,44.4,58.7,63.2,18.1,27.7,61.1,84.0,85.0,3.28,11.1,7.04,7.58,2.35,1.94,3.06,5.04,4.25,False,,11.41,12.985,10.2292,14.73,"{""trend"":{""T1_ema_stack"":{""value"":[false,false,true],""score"":33.33333333333333},""T2_ema50_slope"":{""value"":-0.20443795245300195,""score"":15.927007924499677},""T3_high_proximity"":{""value"":0.8709923664122138,""score"":35.49618320610687},""T4_rs_1m"":{""value"":-0.10385767254344014,""score"":0},""T5_rs_3m"":{""value"":-0.19025834244370787,""score"":0},""T6_adr_healthy"":{""value"":4.648845615079441,""score"":100.0},""_score"":21.84},""geometry"":{""sub_contraction_count"":100.0,""sub_reduction_rate"":0,""sub_pivot_tightness"":0,""sub_volume_dryup"":0,""sub_base_depth"":93.9,""sub_base_duration"":100.0,""_score"":44.39},""compression"":{""VC1_atr_ratio"":{""value"":0.6134389314326829,""score"":96.64026714182927},""VC2_range_contraction"":{""value"":1.011834998475858,""score"":0},""VC3_range_pct_rank"":{""score"":80.0},""_score"":58.66},""sr_quality"":{""SR1_touches"":{""value"":5,""score"":100},""SR2_tightness"":{""value"":0.13588230201170418,""score"":51.76591713580483},""SR3_recency"":{""value"":245,""score"":0.0},""SR4_price_location"":{""score"":41.60363086232962},""SR5_reaction"":{""value"":2.7527890466531426,""score"":100},""_score"":63.17,""_levels_found"":6,""_target_level"":11.796},""volume"":{""V1_rvol_day"":{""value"":0.36840773908612784,""score"":0},""V2_rvol_sameslot"":{""value"":0.691311996929743,""score"":12.754133128649533,""status"":""ok""},""V3_breakout_bar"":{""value"":0.5041985713237008,""score"":0.2799047549133885},""V4_base_dryup"":{""value"":0.7266056303401923,""score"":77.33943696598077},""V5_bo_expansion"":{""value"":0.36840773908612784,""score"":0},""_score"":18.09},""readiness"":{""_distance_atr"":2.795,""BR1_atr_distance"":{""score"":0},""BR2_compression"":{""score"":40.947397638337236},""BR3_retest"":{""score"":50.0},""BR4_bo_age"":{""score"":50.0},""_score"":27.74},""risk"":{""R1_stop_clarity"":{""score"":44.70461460446242},""R2_stop_distance_pct"":{""value"":10.348597721297113,""score"":41.28505696757219},""R3_stop_distance_atr"":{""value"":2.0956959939148074,""score"":100.0},""R4_rr_potential"":{""value"":2.811712646355147,""score"":90.58563231775736},""_score"":61.15},""market"":{""M1_spy_regime"":{""score"":100.0},""M3_earnings_risk"":{""value"":null,""score"":80.0},""M4_vix"":{""value"":null,""score"":60.0},""_score"":84.0},""liquidity"":{""L1_price"":{""value"":11.41,""score"":100.0},""L2_dollar_vol"":{""value"":26864041.44486244,""score"":71.45856744040815},""L3_spread_proxy"":{""value"":0.035495179666958906,""score"":64.5048203330411},""L4_volume_zscore"":{""value"":-2.3498572919450904,""score"":100.0},""_score"":85.03},""pattern_structure"":{""n_contractions"":5,""contractions_pct"":[12.24,9.66,8.35,12.7,20.02],""descending_strict"":false,""final_low"":10.385,""final_pivot"":12.985,""structural_low"":10.385,""dry_up_ratio"":1.0276821654562682,""current_price"":11.41,""neckline_distance_pct"":0.13803680981595084,""base_bars"":40},""pattern_geometry_features"":{""contraction_count"":5.0,""first_contraction_pct"":0.1224237427864799,""last_contraction_pct"":0.20023103581055063,""dry_up_ratio"":1.0276821654562682,""near_monotone"":0.0,""base_depth_pct"":0.14385820280296793},""_schema_version"":""1.0""}",,,,,,,,,,
20260604T164444Z-6b270e,2026-06-04T16:44:44.043038+00:00,ASTS,bull_flag,absent,45.34,76.5,49.7,17.7,36.4,1.6,23.0,84.3,84.0,92.7,10.71,14.9,1.59,3.64,0.23,2.07,2.53,5.04,4.63,False,,106.29,133.12,99.5835,174.02,"{""trend"":{""T1_ema_stack"":{""value"":[true,true,true],""score"":100.0},""T2_ema50_slope"":{""value"":0.5310515021339404,""score"":100},""T3_high_proximity"":{""value"":0.7986325043203847,""score"":0},""T4_rs_1m"":{""value"":0.618884763748099,""score"":100},""T5_rs_3m"":{""value"":0.0220116478644381,""score"":61.00582393221905},""T6_adr_healthy"":{""value"":10.116902320945268,""score"":47.07744197636829},""_score"":76.5},""geometry"":{""sub_pole_impulse"":69.5,""sub_flag_tightness"":50.3,""sub_flag_shallowness"":0,""sub_flag_drift"":100,""sub_flag_duration"":12.5,""_score"":49.67},""compression"":{""VC1_atr_ratio"":{""value"":1.0815483822194418,""score"":0},""VC2_range_contraction"":{""value"":1.0407460830679047,""score"":0},""VC3_range_pct_rank"":{""score"":70.83333333333333},""_score"":17.71},""sr_quality"":{""SR1_touches"":{""value"":2,""score"":25.0},""SR2_tightness"":{""value"":1.984950000000012,""score"":68.18189104398982},""SR3_recency"":{""value"":230,""score"":0.0},""SR4_price_location"":{""score"":14.541704869956156},""SR5_reaction"":{""value"":2.857286061050173,""score"":100},""_score"":36.36,""_levels_found"":5,""_target_level"":131.875},""volume"":{""V1_rvol_day"":{""value"":0.37425150053705214,""score"":0},""V2_rvol_sameslot"":{""value"":0.5298445797785266,""score"":1.9896386519017744,""status"":""ok""},""V3_breakout_bar"":{""value"":0.5577567465110417,""score"":3.8504497674027784},""V4_base_dryup"":{""value"":1.48653973214121,""score"":1.3460267858790047},""V5_bo_expansion"":{""value"":0.37425150053705214,""score"":0},""_score"":1.63},""readiness"":{""_distance_atr"":2.15,""BR1_atr_distance"":{""score"":0},""BR2_compression"":{""score"":22.033150645531517},""BR3_retest"":{""score"":50.0},""BR4_bo_age"":{""score"":50.0},""_score"":23.01},""risk"":{""R1_stop_clarity"":{""score"":75.69099361102829},""R2_stop_distance_pct"":{""value"":6.309624611910829,""score"":100.0},""R3_stop_distance_atr"":{""value"":0.5375151709450656,""score"":51.875758547253284},""R4_rr_potential"":{""value"":10.099157533735898,""score"":100.0},""_score"":84.27},""market"":{""M1_spy_regime"":{""score"":100.0},""M3_earnings_risk"":{""value"":null,""score"":80.0},""M4_vix"":{""value"":null,""score"":60.0},""_score"":84.0},""liquidity"":{""L1_price"":{""value"":106.29,""score"":100.0},""L2_dollar_vol"":{""value"":1071587933.3494753,""score"":100.0},""L3_spread_proxy"":{""value"":0.0733841377363817,""score"":26.61586226361831},""L4_volume_zscore"":{""value"":-1.5322930852532317,""score"":100.0},""_score"":92.66},""pattern_structure"":{""pole_low"":92.22,""pole_low_idx"":7,""peak_price"":133.12,""peak_idx"":32,""pole_gain"":0.4435046627629582,""flag_bars"":27,""flag_low"":101.1,""flag_high"":118.7099,""structural_low"":101.1,""current_price"":106.49,""neckline_distance_pct"":0.25007042914827693,""base_bars"":27},""pattern_geometry_features"":{""pole_gain"":0.4435046627629582,""pullback_pct"":0.24053485576923084,""flag_range_pct"":0.13228590745192315,""flag_drift_per_bar"":3.8341892037103154e-06,""atr_pct"":0.11738505167802372,""pole_atr_multiple"":3.778203923097893},""_schema_version"":""1.0""}",,,,,,,,,,
20260604T164444Z-6b270e,2026-06-04T16:44:44.043038+00:00,AXTI,bull_flag,absent,45.27,51.7,35.8,62.3,38.5,15.4,39.3,84.7,84.0,91.3,7.23,10.74,5.61,3.85,2.15,3.54,2.54,5.04,4.57,False,,105.1301,123.2,99.9776,153.169,"{""trend"":{""T1_ema_stack"":{""value"":[false,true,true],""score"":66.66666666666666},""T2_ema50_slope"":{""value"":1.4010890236582216,""score"":100},""T3_high_proximity"":{""value"":0.7465035858836895,""score"":0},""T4_rs_1m"":{""value"":-0.06777704690765485,""score"":0},""T5_rs_3m"":{""value"":1.5994682393821842,""score"":100},""T6_adr_healthy"":{""value"":14.172996387095763,""score"":0.0},""_score"":51.67},""geometry"":{""sub_pole_impulse"":26.0,""sub_flag_tightness"":27.0,""sub_flag_shallowness"":0,""sub_flag_drift"":75.1,""sub_flag_duration"":100.0,""_score"":35.81},""compression"":{""VC1_atr_ratio"":{""value"":0.5960577764351537,""score"":100},""VC2_range_contraction"":{""value"":1.0267702606139286,""score"":0},""VC3_range_pct_rank"":{""score"":89.16666666666666},""_score"":62.29},""sr_quality"":{""SR1_touches"":{""value"":2,""score"":25.0},""SR2_tightness"":{""value"":1.5655000000000001,""score"":81.10451144122392},""SR3_recency"":{""value"":228,""score"":0.0},""SR4_price_location"":{""score"":30.0},""SR5_reaction"":{""value"":1.5135702748454292,""score"":75.67851374227146},""_score"":38.52,""_levels_found"":5,""_target_level"":91.6655},""volume"":{""V1_rvol_day"":{""value"":0.27461458521739995,""score"":0},""V2_rvol_sameslot"":{""value"":0.44183410179929505,""score"":0,""status"":""ok""},""V3_breakout_bar"":{""value"":0.5600589950949834,""score"":4.0039330063322245},""V4_base_dryup"":{""value"":0.7810808399933756,""score"":71.89191600066243},""V5_bo_expansion"":{""value"":0.27461458521739995,""score"":0},""_score"":15.38},""readiness"":{""_distance_atr"":1.091,""BR1_atr_distance"":{""score"":27.29914005999619},""BR2_compression"":{""score"":43.65850322075719},""BR3_retest"":{""score"":50.0},""BR4_bo_age"":{""score"":50.0},""_score"":39.33},""risk"":{""R1_stop_clarity"":{""score"":81.62350068733983},""R2_stop_distance_pct"":{""value"":4.901071624587059,""score"":100.0},""R3_stop_distance_atr"":{""value"":0.3109518784488232,""score"":40.54759392244116},""R4_rr_potential"":{""value"":9.32341310332467,""score"":100.0},""_score"":84.65},""market"":{""M1_spy_regime"":{""score"":100.0},""M3_earnings_risk"":{""value"":null,""score"":80.0},""M4_vix"":{""value"":null,""score"":60.0},""_score"":84.0},""liquidity"":{""L1_price"":{""value"":105.1301,""score"":100.0},""L2_dollar_vol"":{""value"":261545054.36698303,""score"":100.0},""L3_spread_proxy"":{""value"":0.08655846422670568,""score"":13.44153577329432},""L4_volume_zscore"":{""value"":-2.5361088229971402,""score"":100.0},""_score"":91.34},""pattern_structure"":{""pole_low"":93.231,""pole_low_idx"":39,""peak_price"":123.2,""peak_idx"":45,""pole_gain"":0.32144887430146635,""flag_bars"":14,""flag_low"":101.5001,""flag_high"":118.84,""structural_low"":101.5001,""current_price"":105.1301,""neckline_distance_pct"":0.17188131657822073,""base_bars"":14},""pattern_geometry_features"":{""pole_gain"":0.32144887430146635,""pullback_pct"":0.17613555194805194,""flag_range_pct"":0.14074594155844156,""flag_drift_per_bar"":-0.004986390144264105,""atr_pct"":0.15761511552964239,""pole_atr_multiple"":2.0394546120864407},""_schema_version"":""1.0""}",,,,,,,,,,
20260604T164444Z-6b270e,2026-06-04T16:44:44.043038+00:00,KEYS,bull_flag,absent,45.2,65.9,31.5,45.4,46.0,19.3,34.6,70.9,84.0,97.3,9.23,9.44,4.08,4.6,2.7,3.12,2.13,5.04,4.86,False,,342.76,355.49,331.0388,384.87,"{""trend"":{""T1_ema_stack"":{""value"":[false,true,true],""score"":66.66666666666666},""T2_ema50_slope"":{""value"":0.2876735660427984,""score"":97.94559434046641},""T3_high_proximity"":{""value"":0.9347660085087814,""score"":67.3830042543907},""T4_rs_1m"":{""value"":-0.08227847208694083,""score"":0},""T5_rs_3m"":{""value"":0.09431833777956222,""score"":97.15916888978111},""T6_adr_healthy"":{""value"":3.634771542156429,""score"":100.0},""_score"":65.94},""geometry"":{""sub_pole_impulse"":27.0,""sub_flag_tightness"":10.3,""sub_flag_shallowness"":0,""sub_flag_drift"":71.9,""sub_flag_duration"":100.0,""_score"":31.46},""compression"":{""VC1_atr_ratio"":{""value"":0.6819280906497519,""score"":79.51797733756202},""VC2_range_contraction"":{""value"":1.0990437809563574,""score"":0},""VC3_range_pct_rank"":{""score"":54.16666666666667},""_score"":45.35},""sr_quality"":{""SR1_touches"":{""value"":2,""score"":25.0},""SR2_tightness"":{""value"":3.1350000000000193,""score"":57.73427192973983},""SR3_recency"":{""value"":231,""score"":0.0},""SR4_price_location"":{""score"":59.46070878274268},""SR5_reaction"":{""value"":2.07115549435205,""score"":100},""_score"":46.03,""_levels_found"":5,""_target_level"":355.915},""volume"":{""V1_rvol_day"":{""value"":0.260026867109799,""score"":0},""V2_rvol_sameslot"":{""value"":0.6038216721930978,""score"":6.921444812873186,""status"":""ok""},""V3_breakout_bar"":{""value"":0.6189610676549877,""score"":7.930737843665847},""V4_base_dryup"":{""value"":0.7034880051621707,""score"":79.65119948378293},""V5_bo_expansion"":{""value"":0.26002686710979894,""score"":0},""_score"":19.3},""readiness"":{""_distance_atr"":0.858,""BR1_atr_distance"":{""score"":42.791842813991565},""BR2_compression"":{""score"":0},""BR3_retest"":{""score"":50.0},""BR4_bo_age"":{""score"":50.0},""_score"":34.62},""risk"":{""R1_stop_clarity"":{""score"":32.035091436110235},""R2_stop_distance_pct"":{""value"":3.419652234799863,""score"":100.0},""R3_stop_distance_atr"":{""value"":0.7901196999316281,""score"":64.5059849965814},""R4_rr_potential"":{""value"":3.5926355663242653,""score"":100.0},""_score"":70.89},""market"":{""M1_spy_regime"":{""score"":100.0},""M3_earnings_risk"":{""value"":null,""score"":80.0},""M4_vix"":{""value"":null,""score"":60.0},""_score"":84.0},""liquidity"":{""L1_price"":{""value"":342.76,""score"":100.0},""L2_dollar_vol"":{""value"":168483737.1867685,""score"":100.0},""L3_spread_proxy"":{""value"":0.027249387326409243,""score"":72.75061267359075},""L4_volume_zscore"":{""value"":-1.6403832254507806,""score"":100.0},""_score"":97.28},""pattern_structure"":{""pole_low"":326.11,""pole_low_idx"":40,""peak_price"":355.49,""peak_idx"":52,""pole_gain"":0.09009230014412313,""flag_bars"":7,""flag_low"":336.08,""flag_high"":353.3199,""structural_low"":336.08,""current_price"":343.48,""neckline_distance_pct"":0.03496564574356583,""base_bars"":7},""pattern_geometry_features"":{""pole_gain"":0.09009230014412313,""pullback_pct"":0.05460069200258805,""flag_range_pct"":0.048496160229542416,""flag_drift_per_bar"":-0.005618698946913137,""atr_pct"":0.04328017938415885,""pole_atr_multiple"":2.0816064403166075},""_schema_version"":""1.0""}",,,,,,,,,,
20260604T164444Z-6b270e,2026-06-04T16:44:44.043038+00:00,MRVL,vcp,breakout_confirmed,45.19,100.0,35.0,0.4,33.6,40.1,17.5,27.4,84.0,90.0,15.0,8.75,0.05,4.04,5.21,1.23,1.37,5.04,4.5,False,,313.215,192.15,160.4092,122.738,"{""trend"":{""T1_ema_stack"":{""value"":[true,true,true],""score"":100.0},""T2_ema50_slope"":{""value"":0.6790133886498456,""score"":100},""T3_high_proximity"":{""value"":1.0,""score"":99.99999999999997},""T4_rs_1m"":{""value"":0.810812074431257,""score"":100},""T5_rs_3m"":{""value"":3.0282563714620405,""score"":100},""T6_adr_healthy"":{""value"":7.976694768046315,""score"":100.0},""_score"":100.0},""geometry"":{""sub_contraction_count"":100.0,""sub_reduction_rate"":0,""sub_pivot_tightness"":0,""sub_volume_dryup"":0,""sub_base_depth"":0.0,""sub_base_duration"":100.0,""_score"":35.0},""compression"":{""VC1_atr_ratio"":{""value"":1.242134485583742,""score"":0},""VC2_range_contraction"":{""value"":1.3347518937729468,""score"":0},""VC3_range_pct_rank"":{""score"":1.6666666666666718},""_score"":0.42},""sr_quality"":{""SR1_touches"":{""value"":2,""score"":25.0},""SR2_tightness"":{""value"":2.480000000000004,""score"":78.07131118653655},""SR3_recency"":{""value"":245,""score"":0.0},""SR4_price_location"":{""score"":30.0},""SR5_reaction"":{""value"":0.9246656064431953,""score"":46.233280322159764},""_score"":33.65,""_levels_found"":4,""_target_level"":173.32},""volume"":{""V1_rvol_day"":{""value"":1.3315297830466606,""score"":55.435318869777376},""V2_rvol_sameslot"":{""value"":3.3083080259514874,""score"":100,""status"":""ok""},""V3_breakout_bar"":{""value"":0.8411474554552333,""score"":22.743163697015554},""V4_base_dryup"":{""value"":1.6761631824785634,""score"":0},""V5_bo_expansion"":{""value"":1.3315297830466604,""score"":22.101985536444026},""_score"":40.09},""readiness"":{""_distance_atr"":-5.352,""BR1_atr_distance"":{""score"":0},""BR2_compression"":{""score"":0},""BR3_retest"":{""score"":50.0},""BR4_bo_age"":{""score"":50.0},""_score"":17.5},""risk"":{""R1_stop_clarity"":{""score"":78.40041836300317},""R2_stop_distance_pct"":{""value"":48.786226713280016,""score"":0.0},""R3_stop_distance_atr"":{""value"":6.75570644862611,""score"":0.0},""R4_rr_potential"":{""value"":-1.2465300723572106,""score"":0.0},""_score"":27.44},""market"":{""M1_spy_regime"":{""score"":100.0},""M3_earnings_risk"":{""value"":null,""score"":80.0},""M4_vix"":{""value"":null,""score"":60.0},""_score"":84.0},""liquidity"":{""L1_price"":{""value"":313.215,""score"":100.0},""L2_dollar_vol"":{""value"":16592544708.638512,""score"":100.0},""L3_spread_proxy"":{""value"":0.12068387529332891,""score"":0},""L4_volume_zscore"":{""value"":0.4765026262064993,""score"":100.0},""_score"":90.0},""pattern_structure"":{""n_contractions"":5,""contractions_pct"":[8.89,13.95,14.04,10.15,15.25],""descending_strict"":false,""final_low"":162.852,""final_pivot"":192.15,""structural_low"":162.852,""dry_up_ratio"":2.141932285810559,""current_price"":313.215,""neckline_distance_pct"":-0.3865236339255782,""base_bars"":44},""pattern_geometry_features"":{""contraction_count"":5.0,""first_contraction_pct"":0.08893407534246578,""last_contraction_pct"":0.15247462919594068,""dry_up_ratio"":2.141932285810559,""near_monotone"":0.0,""base_depth_pct"":-0.7428510273972604},""_schema_version"":""1.0""}",,,,,,,,,,
20260604T164444Z-6b270e,2026-06-04T16:44:44.043038+00:00,QCOM,bull_flag,absent,45.16,96.8,39.1,5.8,39.6,0.0,34.3,83.0,84.0,95.3,13.56,11.74,0.52,3.96,0.0,3.09,2.49,5.04,4.76,False,,240.43,259.92,222.6593,310.43,"{""trend"":{""T1_ema_stack"":{""value"":[true,true,true],""score"":100.0},""T2_ema50_slope"":{""value"":0.8922470954787259,""score"":100},""T3_high_proximity"":{""value"":0.957812126523783,""score"":78.90606326189148},""T4_rs_1m"":{""value"":0.24354655729256924,""score"":100},""T5_rs_3m"":{""value"":0.6445438708833466,""score"":100},""T6_adr_healthy"":{""value"":7.9019653911268595,""score"":100.0},""_score"":96.84},""geometry"":{""sub_pole_impulse"":54.6,""sub_flag_tightness"":21.0,""sub_flag_shallowness"":0,""sub_flag_drift"":100,""sub_flag_duration"":25.0,""_score"":39.13},""compression"":{""VC1_atr_ratio"":{""value"":1.1064358985704217,""score"":0},""VC2_range_contraction"":{""value"":1.031399932411045,""score"":0},""VC3_range_pct_rank"":{""score"":23.33333333333333},""_score"":5.83},""sr_quality"":{""SR1_touches"":{""value"":2,""score"":25.0},""SR2_tightness"":{""value"":3.285000000000011,""score"":63.9315475828685},""SR3_recency"":{""value"":236,""score"":0.0},""SR4_price_location"":{""score"":30.0},""SR5_reaction"":{""value"":2.3732712298212926,""score"":100},""_score"":39.59,""_levels_found"":4,""_target_level"":187.735},""volume"":{""V1_rvol_day"":{""value"":0.24887620522989493,""score"":0},""V2_rvol_sameslot"":{""value"":0.29297164738200565,""score"":0,""status"":""ok""},""V3_breakout_bar"":{""value"":0.43367267272704346,""score"":0},""V4_base_dryup"":{""value"":2.382326853829303,""score"":0},""V5_bo_expansion"":{""value"":0.24887620522989487,""score"":0},""_score"":0.0},""readiness"":{""_distance_atr"":1.07,""BR1_atr_distance"":{""score"":28.668276244556978},""BR2_compression"":{""score"":21.34875491432446},""BR3_retest"":{""score"":50.0},""BR4_bo_age"":{""score"":50.0},""_score"":34.3},""risk"":{""R1_stop_clarity"":{""score"":62.77043986807059},""R2_stop_distance_pct"":{""value"":7.3912365345422755,""score"":100.0},""R3_stop_distance_atr"":{""value"":0.975591249302492,""score"":73.7795624651246},""R4_rr_potential"":{""value"":3.939057158532987,""score"":100.0},""_score"":83.04},""market"":{""M1_spy_regime"":{""score"":100.0},""M3_earnings_risk"":{""value"":null,""score"":80.0},""M4_vix"":{""value"":null,""score"":60.0},""_score"":84.0},""liquidity"":{""L1_price"":{""value"":240.43,""score"":100.0},""L2_dollar_vol"":{""value"":1616080468.6508212,""score"":100.0},""L3_spread_proxy"":{""value"":0.04733186374412509,""score"":52.66813625587491},""L4_volume_zscore"":{""value"":-1.989905139481125,""score"":100.0},""_score"":95.27},""pattern_structure"":{""pole_low"":209.41,""pole_low_idx"":8,""peak_price"":259.92,""peak_idx"":33,""pole_gain"":0.24120147079891133,""flag_bars"":26,""flag_low"":226.05,""flag_high"":255.76,""structural_low"":226.05,""current_price"":240.715,""neckline_distance_pct"":0.07978314604407707,""base_bars"":26},""pattern_geometry_features"":{""pole_gain"":0.24120147079891133,""pullback_pct"":0.13030932594644506,""flag_range_pct"":0.11430440135426276,""flag_drift_per_bar"":8.477720665162498e-05,""atr_pct"":0.07576161163629448,""pole_atr_multiple"":3.183689807931184},""_schema_version"":""1.0""}",,,,,,,,,,
20260604T164444Z-6b270e,2026-06-04T16:44:44.043038+00:00,SMR,double_bottom,forming,45.08,15.0,50.5,64.4,46.5,10.3,36.3,74.1,84.0,96.3,2.25,12.63,5.15,6.5,1.34,2.9,4.45,5.04,4.82,False,,11.97,13.4,11.8003,14.82,"{""trend"":{""T1_ema_stack"":{""value"":[false,false,false],""score"":0.0},""T2_ema50_slope"":{""value"":-0.19090207666088335,""score"":18.18298722318611},""T3_high_proximity"":{""value"":0.8580645161290323,""score"":29.03225806451615},""T4_rs_1m"":{""value"":-0.036852214626123425,""score"":13.147785373876573},""T5_rs_3m"":{""value"":-0.12766101207663327,""score"":0},""T6_adr_healthy"":{""value"":8.518968924301506,""score"":87.02577689246236},""_score"":14.97},""geometry"":{""sub_low_similarity"":13.4,""sub_bounce_quality"":100,""sub_separation_fit"":73.3,""sub_right_bottom_reaction"":63.4,""sub_base_context"":30.0,""_score"":50.52},""compression"":{""VC1_atr_ratio"":{""value"":0.4915009455876353,""score"":100},""VC2_range_contraction"":{""value"":1.0250848279432934,""score"":0},""VC3_range_pct_rank"":{""score"":97.5},""_score"":64.38},""sr_quality"":{""SR1_touches"":{""value"":3,""score"":50.0},""SR2_tightness"":{""value"":0.21664307563876192,""score"":60.61034988386147},""SR3_recency"":{""value"":245,""score"":0.0},""SR4_price_location"":{""score"":29.418756686081093},""SR5_reaction"":{""value"":3.59030303030303,""score"":100},""_score"":46.45,""_levels_found"":4,""_target_level"":13.9493},""volume"":{""V1_rvol_day"":{""value"":0.43459725760958723,""score"":0},""V2_rvol_sameslot"":{""value"":0.9053742113409466,""score"":27.024947422729777,""status"":""ok""},""V3_breakout_bar"":{""value"":0.630203361886704,""score"":8.680224125780267},""V4_base_dryup"":{""value"":1.361829415285151,""score"":13.817058471484913},""V5_bo_expansion"":{""value"":0.4345972576095871,""score"":0},""_score"":10.34},""readiness"":{""_distance_atr"":1.3,""BR1_atr_distance"":{""score"":13.333333333333357},""BR2_compression"":{""score"":53.90002888263983},""BR3_retest"":{""score"":50.0},""BR4_bo_age"":{""score"":50.0},""_score"":36.31},""risk"":{""R1_stop_clarity"":{""score"":67.32727272727266},""R2_stop_distance_pct"":{""value"":1.4177109440267388,""score"":85.44277360066847},""R3_stop_distance_atr"":{""value"":0.15427272727272784,""score"":32.71363636363639},""R4_rr_potential"":{""value"":16.794342958161398,""score"":100.0},""_score"":74.1},""market"":{""M1_spy_regime"":{""score"":100.0},""M3_earnings_risk"":{""value"":null,""score"":80.0},""M4_vix"":{""value"":null,""score"":60.0},""_score"":84.0},""liquidity"":{""L1_price"":{""value"":11.97,""score"":100.0},""L2_dollar_vol"":{""value"":183487125.84997472,""score"":100.0},""L3_spread_proxy"":{""value"":0.036758563074352504,""score"":63.2414369256475},""L4_volume_zscore"":{""value"":-1.670604228135798,""score"":100.0},""_score"":96.32},""pattern_structure"":{""left_low"":11.98,""left_idx"":59,""right_low"":12.51,""right_idx"":65,""separation_bars"":6,""structural_low"":11.98,""current_price"":12.04,""neckline_distance_pct"":0.11295681063122934,""base_bars"":6},""pattern_geometry_features"":{""low_similarity_pct"":0.043282972641894596,""bounce_pct"":0.11853088480801334,""right_bottom_reaction"":0.6336619718309845,""atr_pct"":0.09189640768588138},""_schema_version"":""1.0""}",,,,,,,,,,
20260604T164444Z-6b270e,2026-06-04T16:44:44.043038+00:00,FLEX,breakout_retest_hold,setup,45.08,98.0,20.0,33.4,53.7,1.3,39.0,63.7,84.0,95.2,13.73,4.4,2.0,7.52,0.17,7.02,3.18,4.2,2.86,False,,157.7279,147.7561,149.3514,141.5483,"{""trend"":{""T1_ema_stack"":{""value"":[true,true,true],""score"":100.0},""T2_ema50_slope"":{""value"":1.076508817285538,""score"":100},""T3_high_proximity"":{""value"":0.9739897492898605,""score"":86.99487464493022},""T4_rs_1m"":{""value"":0.5900565188757017,""score"":100},""T5_rs_3m"":{""value"":1.373093199858495,""score"":100},""T6_adr_healthy"":{""value"":5.180891153909519,""score"":100.0},""_score"":98.05},""geometry"":{""sub_retest_depth"":0.0,""sub_retest_timing"":0.0,""sub_retest_freshness"":100.0,""sub_hold_quality"":0.0,""_score"":20.0},""compression"":{""VC1_atr_ratio"":{""value"":0.7720520503762871,""score"":56.986987405928225},""VC2_range_contraction"":{""value"":0.9901225431259089,""score"":1.6462428123485233},""VC3_range_pct_rank"":{""score"":40.0},""_score"":33.37},""sr_quality"":{""SR1_touches"":{""value"":6,""score"":100},""SR2_tightness"":{""value"":1.5936619256709772,""score"":62.07011791529471},""SR3_recency"":{""value"":274,""score"":0.0},""SR4_price_location"":{""score"":30.0},""SR5_reaction"":{""value"":0.9218690498857581,""score"":46.09345249428791},""_score"":53.72,""_levels_found"":2,""_target_level"":67.765},""volume"":{""V1_rvol_day"":{""value"":0.3855866435778263,""score"":0},""V2_rvol_sameslot"":{""value"":0.5975504953296336,""score"":6.503366355308904,""status"":""ok""},""V3_breakout_bar"":{""value"":0.4929254880803327,""score"":0},""V4_base_dryup"":{""value"":1.8373604446933556,""score"":0},""V5_bo_expansion"":{""value"":0.38558664357782624,""score"":0},""_score"":1.3},""readiness"":{""_distance_atr"":-1.187,""BR1_atr_distance"":{""score"":36.266660319878135},""BR2_compression"":{""score"":0},""BR3_retest"":{""score"":100},""BR4_bo_age"":{""score"":30.0},""_score"":39.01},""risk"":{""R1_stop_clarity"":{""score"":64.0946306169078},""R2_stop_distance_pct"":{""value"":5.310728159063801,""score"":100.0},""R3_stop_distance_atr"":{""value"":0.996822638994668,""score"":74.84113194973341},""R4_rr_potential"":{""value"":-1.9315465886706902,""score"":0.0},""_score"":63.66},""market"":{""M1_spy_regime"":{""score"":100.0},""M3_earnings_risk"":{""value"":null,""score"":80.0},""M4_vix"":{""value"":null,""score"":60.0},""_score"":84.0},""liquidity"":{""L1_price"":{""value"":157.7279,""score"":100.0},""L2_dollar_vol"":{""value"":400639759.6706302,""score"":100.0},""L3_spread_proxy"":{""value"":0.047867244793089764,""score"":52.13275520691024},""L4_volume_zscore"":{""value"":-1.7044455113560513,""score"":100.0},""_score"":95.21},""pattern_structure"":{""level"":147.7561,""level_idx"":49,""breakout_idx"":53,""bo_peak_idx"":72,""bo_peak_price"":166.86,""retest_idx"":77,""retest_low"":150.86,""structural_low"":150.86,""current_price"":157.7279,""neckline_distance_pct"":-0.0632215353149316,""base_bars"":30,""bars_since_breakout"":26},""pattern_geometry_features"":{""retest_depth_atr"":-1.0991508725246493,""bars_breakout_to_retest"":24.0,""bars_since_retest"":2.0,""current_above_level_atr"":3.5312067626667303,""bo_peak_excess_pct"":0.12929347756200935,""atr_pct"":0.05327656045633016},""_schema_version"":""1.0""}",,,,,,,,,,
20260604T164444Z-6b270e,2026-06-04T16:44:44.043038+00:00,RGTI,breakout_retest_hold,setup,45.07,79.8,20.0,23.4,53.9,4.1,54.1,66.1,84.0,92.6,11.17,4.4,1.4,7.55,0.53,9.74,3.31,4.2,2.78,False,,23.89,21.6799,22.7205,19.1397,"{""trend"":{""T1_ema_stack"":{""value"":[true,true,false],""score"":66.66666666666666},""T2_ema50_slope"":{""value"":0.5672105389886936,""score"":100},""T3_high_proximity"":{""value"":0.8838327783943766,""score"":41.916389197188266},""T4_rs_1m"":{""value"":0.26233128625391733,""score"":100},""T5_rs_3m"":{""value"":0.2973587997617022,""score"":100},""T6_adr_healthy"":{""value"":10.567190713227301,""score"":35.820232169317464},""_score"":79.75},""geometry"":{""sub_retest_depth"":0.0,""sub_retest_timing"":0.0,""sub_retest_freshness"":100.0,""sub_hold_quality"":0.0,""_score"":20.0},""compression"":{""VC1_atr_ratio"":{""value"":0.8976891077730286,""score"":25.577723056742858},""VC2_range_contraction"":{""value"":1.4902996028311357,""score"":0},""VC3_range_pct_rank"":{""score"":52.5},""_score"":23.36},""sr_quality"":{""SR1_touches"":{""value"":4,""score"":75.0},""SR2_tightness"":{""value"":0.5696493455407463,""score"":58.73409100868541},""SR3_recency"":{""value"":233,""score"":0.0},""SR4_price_location"":{""score"":37.92385837335091},""SR5_reaction"":{""value"":1.7480803162562544,""score"":87.40401581281272},""_score"":53.9,""_levels_found"":5,""_target_level"":27.1637},""volume"":{""V1_rvol_day"":{""value"":0.40056295959373905,""score"":0},""V2_rvol_sameslot"":{""value"":0.4863913087293666,""score"":0,""status"":""ok""},""V3_breakout_bar"":{""value"":0.2889578140319705,""score"":0},""V4_base_dryup"":{""value"":1.2951743418633452,""score"":20.482565813665474},""V5_bo_expansion"":{""value"":0.40056295959373905,""score"":0},""_score"":4.1},""readiness"":{""_distance_atr"":-0.801,""BR1_atr_distance"":{""score"":43.98983757716249},""BR2_compression"":{""score"":48.079805813834916},""BR3_retest"":{""score"":100},""BR4_bo_age"":{""score"":30.0},""_score"":54.12},""risk"":{""R1_stop_clarity"":{""score"":83.37481437020391},""R2_stop_distance_pct"":{""value"":4.8953537044788735,""score"":100.0},""R3_stop_distance_atr"":{""value"":0.42359813930384405,""score"":46.17990696519221},""R4_rr_potential"":{""value"":-4.0618212911500535,""score"":0.0},""_score"":66.11},""market"":{""M1_spy_regime"":{""score"":100.0},""M3_earnings_risk"":{""value"":null,""score"":80.0},""M4_vix"":{""value"":null,""score"":60.0},""_score"":84.0},""liquidity"":{""L1_price"":{""value"":23.89,""score"":100.0},""L2_dollar_vol"":{""value"":572557412.5719956,""score"":100.0},""L3_spread_proxy"":{""value"":0.07408957722896607,""score"":25.91042277103392},""L4_volume_zscore"":{""value"":-0.7660750625983435,""score"":100.0},""_score"":92.59},""pattern_structure"":{""level"":21.6799,""level_idx"":23,""breakout_idx"":29,""bo_peak_idx"":71,""bo_peak_price"":28.06,""retest_idx"":77,""retest_low"":22.95,""structural_low"":22.95,""current_price"":24.1199,""neckline_distance_pct"":-0.10116128176319143,""base_bars"":56,""bars_since_breakout"":50},""pattern_geometry_features"":{""retest_depth_atr"":-1.342296368989204,""bars_breakout_to_retest"":48.0,""bars_since_retest"":2.0,""current_above_level_atr"":2.578697063486073,""bo_peak_excess_pct"":0.2942864127602064,""atr_pct"":0.11556598696406147},""_schema_version"":""1.0""}",,,,,,,,,,
20260604T164444Z-6b270e,2026-06-04T16:44:44.043038+00:00,AEVA,vcp,breakout_confirmed,44.8,83.5,35.0,8.7,42.6,26.5,34.0,43.6,84.0,86.2,12.53,8.75,1.05,5.11,3.45,2.38,2.18,5.04,4.31,False,,24.81,22.16,17.07,22.77,"{""trend"":{""T1_ema_stack"":{""value"":[true,true,true],""score"":100.0},""T2_ema50_slope"":{""value"":1.0317638398067848,""score"":100},""T3_high_proximity"":{""value"":0.8470467736428815,""score"":23.523386821440727},""T4_rs_1m"":{""value"":0.5826759414478802,""score"":100},""T5_rs_3m"":{""value"":0.5348058314246928,""score"":100},""T6_adr_healthy"":{""value"":12.88720121469785,""score"":0.0},""_score"":83.53},""geometry"":{""sub_contraction_count"":100.0,""sub_reduction_rate"":0,""sub_pivot_tightness"":0,""sub_volume_dryup"":0,""sub_base_depth"":0.0,""sub_base_duration"":100.0,""_score"":35.0},""compression"":{""VC1_atr_ratio"":{""value"":0.9734193386051797,""score"":6.645165348705073},""VC2_range_contraction"":{""value"":0.949246878663901,""score"":8.4588535560165},""VC3_range_pct_rank"":{""score"":12.5},""_score"":8.74},""sr_quality"":{""SR1_touches"":{""value"":2,""score"":25.0},""SR2_tightness"":{""value"":0.23000000000000043,""score"":83.82957781136848},""SR3_recency"":{""value"":239,""score"":0.0},""SR4_price_location"":{""score"":30.0},""SR5_reaction"":{""value"":2.0546982107076324,""score"":100},""_score"":42.57,""_levels_found"":4,""_target_level"":22.39},""volume"":{""V1_rvol_day"":{""value"":0.8652067011962946,""score"":24.34711341308631},""V2_rvol_sameslot"":{""value"":0.916021382917382,""score"":27.7347588611588,""status"":""ok""},""V3_breakout_bar"":{""value"":0.8255355140253909,""score"":21.70236760169273},""V4_base_dryup"":{""value"":0.9650438935793079,""score"":53.49561064206922},""V5_bo_expansion"":{""value"":0.8652067011962946,""score"":0},""_score"":26.54},""readiness"":{""_distance_atr"":-0.932,""BR1_atr_distance"":{""score"":41.36886139135938},""BR2_compression"":{""score"":0},""BR3_retest"":{""score"":50.0},""BR4_bo_age"":{""score"":50.0},""_score"":34.05},""risk"":{""R1_stop_clarity"":{""score"":81.72390761767498},""R2_stop_distance_pct"":{""value"":31.196896412736802,""score"":0.0},""R3_stop_distance_atr"":{""value"":2.7208317221499634,""score"":100.0},""R4_rr_potential"":{""value"":-0.2635675941059045,""score"":0.0},""_score"":43.6},""market"":{""M1_spy_regime"":{""score"":100.0},""M3_earnings_risk"":{""value"":null,""score"":80.0},""M4_vix"":{""value"":null,""score"":60.0},""_score"":84.0},""liquidity"":{""L1_price"":{""value"":24.81,""score"":100.0},""L2_dollar_vol"":{""value"":64821565.10425586,""score"":90.58597563898734},""L3_spread_proxy"":{""value"":0.14388956066102382,""score"":0},""L4_volume_zscore"":{""value"":-0.3278237387225698,""score"":100.0},""_score"":86.23},""pattern_structure"":{""n_contractions"":5,""contractions_pct"":[24.19,30.54,21.51,25.83,21.8],""descending_strict"":false,""final_low"":17.33,""final_pivot"":22.16,""structural_low"":17.33,""dry_up_ratio"":1.3101239547238057,""current_price"":24.81,""neckline_distance_pct"":-0.10681176944780325,""base_bars"":48},""pattern_geometry_features"":{""contraction_count"":5.0,""first_contraction_pct"":0.24191750278706808,""last_contraction_pct"":0.21796028880866433,""dry_up_ratio"":1.3101239547238057,""near_monotone"":0.0,""base_depth_pct"":0.034002229654403734},""_schema_version"":""1.0""}",,,,,,,,,,
20260604T164444Z-6b270e,2026-06-04T16:44:44.043038+00:00,HON,breakout_retest_hold,setup,44.71,55.6,38.5,42.3,39.7,21.7,43.7,51.4,84.0,96.7,7.79,8.47,2.54,5.55,2.83,7.86,2.57,4.2,2.9,False,,222.35,218.32,217.305,215.96,"{""trend"":{""T1_ema_stack"":{""value"":[false,true,true],""score"":66.66666666666666},""T2_ema50_slope"":{""value"":0.029527082922930013,""score"":54.921180487155},""T3_high_proximity"":{""value"":0.9241095548813432,""score"":62.05477744067156},""T4_rs_1m"":{""value"":0.01829345245138958,""score"":68.29345245138958},""T5_rs_3m"":{""value"":-0.1776652070594339,""score"":0},""T6_adr_healthy"":{""value"":2.5098847962456055,""score"":100.0},""_score"":55.62},""geometry"":{""sub_retest_depth"":2.2,""sub_retest_timing"":0.0,""sub_retest_freshness"":100.0,""sub_hold_quality"":59.5,""_score"":38.51},""compression"":{""VC1_atr_ratio"":{""value"":0.6020075532927637,""score"":99.49811167680907},""VC2_range_contraction"":{""value"":1.5054160623080461,""score"":0},""VC3_range_pct_rank"":{""score"":9.999999999999998},""_score"":42.3},""sr_quality"":{""SR1_touches"":{""value"":3,""score"":50.0},""SR2_tightness"":{""value"":0.9497134070631745,""score"":71.5903769174068},""SR3_recency"":{""value"":260,""score"":0.0},""SR4_price_location"":{""score"":9.860850859450375},""SR5_reaction"":{""value"":1.5273534041295422,""score"":76.36767020647711},""_score"":39.66,""_levels_found"":6,""_target_level"":229.4567},""volume"":{""V1_rvol_day"":{""value"":0.5113541141930941,""score"":0.7569409462062711},""V2_rvol_sameslot"":{""value"":1.029746886100238,""score"":35.31645907334919,""status"":""ok""},""V3_breakout_bar"":{""value"":0.7002126475313663,""score"":13.347509835424418},""V4_base_dryup"":{""value"":0.940471426198155,""score"":55.9528573801845},""V5_bo_expansion"":{""value"":0.511354114193094,""score"":0},""_score"":21.74},""readiness"":{""_distance_atr"":-0.603,""BR1_atr_distance"":{""score"":47.94470203628127},""BR2_compression"":{""score"":0},""BR3_retest"":{""score"":100},""BR4_bo_age"":{""score"":30.0},""_score"":43.68},""risk"":{""R1_stop_clarity"":{""score"":34.33900985021708},""R2_stop_distance_pct"":{""value"":2.268945356420053,""score"":100.0},""R3_stop_distance_atr"":{""value"":0.7545778936347495,""score"":62.72889468173748},""R4_rr_potential"":{""value"":-1.2666005946481727,""score"":0.0},""_score"":51.43},""market"":{""M1_spy_regime"":{""score"":100.0},""M3_earnings_risk"":{""value"":null,""score"":80.0},""M4_vix"":{""value"":null,""score"":60.0},""_score"":84.0},""liquidity"":{""L1_price"":{""value"":222.35,""score"":100.0},""L2_dollar_vol"":{""value"":514629925.58680636,""score"":100.0},""L3_spread_proxy"":{""value"":0.032651225545311406,""score"":67.3487744546886},""L4_volume_zscore"":{""value"":-2.1102572409363223,""score"":100.0},""_score"":96.73},""pattern_structure"":{""level"":218.32,""level_idx"":19,""breakout_idx"":23,""bo_peak_idx"":56,""bo_peak_price"":239.94,""retest_idx"":77,""retest_low"":219.5,""structural_low"":219.5,""current_price"":222.38,""neckline_distance_pct"":-0.018257037503372615,""base_bars"":60,""bars_since_breakout"":56},""pattern_geometry_features"":{""retest_depth_atr"":-0.3847533339854591,""bars_breakout_to_retest"":54.0,""bars_since_retest"":2.0,""current_above_level_atr"":1.3238123186279285,""bo_peak_excess_pct"":0.09902894833272263,""atr_pct"":0.03006906742908542},""_schema_version"":""1.0""}",,,,,,,,,,
20260604T164444Z-6b270e,2026-06-04T16:44:44.043038+00:00,LHX,double_bottom,absent,44.66,22.1,35.1,84.8,53.1,23.0,28.1,53.1,84.0,97.6,3.31,8.79,6.78,7.43,2.99,2.25,3.19,5.04,4.88,True,risk_unclear,308.51,315.39,297.1646,329.09,"{""trend"":{""T1_ema_stack"":{""value"":[false,false,true],""score"":33.33333333333333},""T2_ema50_slope"":{""value"":-0.2520677524200334,""score"":7.98870792999444},""T3_high_proximity"":{""value"":0.8309809836772073,""score"":15.490491838603626},""T4_rs_1m"":{""value"":-0.02591451477152562,""score"":24.08548522847438},""T5_rs_3m"":{""value"":-0.2536853922775355,""score"":0},""T6_adr_healthy"":{""value"":1.992101541322757,""score"":100.0},""_score"":22.07},""geometry"":{""sub_low_similarity"":76.3,""sub_bounce_quality"":22.0,""sub_separation_fit"":0.0,""sub_right_bottom_reaction"":12.4,""sub_base_context"":30.0,""_score"":35.15},""compression"":{""VC1_atr_ratio"":{""value"":0.4856171140034067,""score"":100},""VC2_range_contraction"":{""value"":0.6430343349696147,""score"":59.49427750506422},""VC3_range_pct_rank"":{""score"":95.83333333333334},""_score"":84.78},""sr_quality"":{""SR1_touches"":{""value"":2,""score"":25.0},""SR2_tightness"":{""value"":0.3199999999999932,""score"":89.73839786155564},""SR3_recency"":{""value"":230,""score"":0.0},""SR4_price_location"":{""score"":68.44557342428291},""SR5_reaction"":{""value"":2.2423204047835514,""score"":100},""_score"":53.07,""_levels_found"":5,""_target_level"":315.07},""volume"":{""V1_rvol_day"":{""value"":0.24160297725362348,""score"":0},""V2_rvol_sameslot"":{""value"":0.8647945808995615,""score"":24.319638726637436,""status"":""ok""},""V3_breakout_bar"":{""value"":0.8730311139304426,""score"":24.868740928696177},""V4_base_dryup"":{""value"":0.9032870291293792,""score"":59.67129708706208},""V5_bo_expansion"":{""value"":0.24160297725362348,""score"":0},""_score"":23.02},""readiness"":{""_distance_atr"":1.103,""BR1_atr_distance"":{""score"":26.458518007813893},""BR2_compression"":{""score"":0},""BR3_retest"":{""score"":50.0},""BR4_bo_age"":{""score"":50.0},""_score"":28.08},""risk"":{""R1_stop_clarity"":{""score"":0},""R2_stop_distance_pct"":{""value"":3.6774658844121735,""score"":100.0},""R3_stop_distance_atr"":{""value"":1.819085434709409,""score"":100.0},""R4_rr_potential"":{""value"":1.8139590228595848,""score"":40.697951142979235},""_score"":53.14},""market"":{""M1_spy_regime"":{""score"":100.0},""M3_earnings_risk"":{""value"":null,""score"":80.0},""M4_vix"":{""value"":null,""score"":60.0},""_score"":84.0},""liquidity"":{""L1_price"":{""value"":308.51,""score"":100.0},""L2_dollar_vol"":{""value"":84846843.90825102,""score"":96.43178461393194},""L3_spread_proxy"":{""value"":0.0095620887491491,""score"":90.4379112508509},""L4_volume_zscore"":{""value"":-2.395359631208656,""score"":100.0},""_score"":97.62},""pattern_structure"":{""left_low"":305.29,""left_idx"":28,""right_low"":301.69,""right_idx"":76,""separation_bars"":48,""structural_low"":301.69,""current_price"":308.59,""neckline_distance_pct"":0.022035710813701065,""base_bars"":48},""pattern_geometry_features"":{""low_similarity_pct"":0.011862005337902477,""bounce_pct"":0.04541085219927737,""right_bottom_reaction"":0.12385321100918405,""atr_pct"":0.020216015225253195},""_schema_version"":""1.0""}",,,,,,,,,,
20260604T164444Z-6b270e,2026-06-04T16:44:44.043038+00:00,ETN,breakout_retest_hold,setup,44.55,70.2,24.0,70.3,43.8,8.9,44.8,54.8,84.0,98.0,9.82,5.28,4.22,6.13,1.15,8.06,2.74,4.2,2.94,False,,417.155,406.54,404.675,402.0948,"{""trend"":{""T1_ema_stack"":{""value"":[true,true,true],""score"":100.0},""T2_ema50_slope"":{""value"":0.045127667518358464,""score"":57.521277919726415},""T3_high_proximity"":{""value"":0.9633842174545622,""score"":81.69210872728105},""T4_rs_1m"":{""value"":-0.029955293744980294,""score"":20.044706255019705},""T5_rs_3m"":{""value"":0.06536040612995975,""score"":82.68020306497988},""T6_adr_healthy"":{""value"":3.214140671703672,""score"":100.0},""_score"":70.17},""geometry"":{""sub_retest_depth"":0.0,""sub_retest_timing"":20.0,""sub_retest_freshness"":100.0,""sub_hold_quality"":0.0,""_score"":24.0},""compression"":{""VC1_atr_ratio"":{""value"":0.45089825639921377,""score"":100},""VC2_range_contraction"":{""value"":0.8120309376420795,""score"":31.328177059653427},""VC3_range_pct_rank"":{""score"":77.5},""_score"":70.34},""sr_quality"":{""SR1_touches"":{""value"":2,""score"":25.0},""SR2_tightness"":{""value"":1.545000000000016,""score"":77.58054368477163},""SR3_recency"":{""value"":248,""score"":0.0},""SR4_price_location"":{""score"":38.721689762529714},""SR5_reaction"":{""value"":2.8245612762195202,""score"":100},""_score"":43.82,""_levels_found"":9,""_target_level"":433.885},""volume"":{""V1_rvol_day"":{""value"":0.28103044473187466,""score"":0},""V2_rvol_sameslot"":{""value"":0.4985069591883979,""score"":0,""status"":""ok""},""V3_breakout_bar"":{""value"":0.5394773392371691,""score"":2.6318226158112745},""V4_base_dryup"":{""value"":1.088900645813835,""score"":41.109935418616494},""V5_bo_expansion"":{""value"":0.28103044473187466,""score"":0},""_score"":8.88},""readiness"":{""_distance_atr"":-0.77,""BR1_atr_distance"":{""score"":44.596600078566624},""BR2_compression"":{""score"":9.801440595874714},""BR3_retest"":{""score"":100},""BR4_bo_age"":{""score"":30.0},""_score"":44.79},""risk"":{""R1_stop_clarity"":{""score"":40.68456146278916},""R2_stop_distance_pct"":{""value"":2.991699967637917,""score"":100.0},""R3_stop_distance_atr"":{""value"":0.9054867240126548,""score"":70.27433620063275},""R4_rr_potential"":{""value"":-1.2067442808212105,""score"":0.0},""_score"":54.78},""market"":{""M1_spy_regime"":{""score"":100.0},""M3_earnings_risk"":{""value"":null,""score"":80.0},""M4_vix"":{""value"":null,""score"":60.0},""_score"":84.0},""liquidity"":{""L1_price"":{""value"":417.155,""score"":100.0},""L2_dollar_vol"":{""value"":302983845.9900886,""score"":100.0},""L3_spread_proxy"":{""value"":0.020226055063465545,""score"":79.77394493653446},""L4_volume_zscore"":{""value"":-2.7415170264447224,""score"":100.0},""_score"":97.98},""pattern_structure"":{""level"":406.54,""level_idx"":46,""breakout_idx"":65,""bo_peak_idx"":72,""bo_peak_price"":426.585,""retest_idx"":77,""retest_low"":408.7626,""structural_low"":408.7626,""current_price"":417.19,""neckline_distance_pct"":-0.02552793691123943,""base_bars"":33,""bars_since_breakout"":14},""pattern_geometry_features"":{""retest_depth_atr"":-0.5385631231967211,""bars_breakout_to_retest"":12.0,""bars_since_retest"":2.0,""current_above_level_atr"":2.5806250616597985,""bo_peak_excess_pct"":0.04930634131942726,""atr_pct"":0.03303968891316518},""_schema_version"":""1.0""}",,,,,,,,,,
20260604T164444Z-6b270e,2026-06-04T16:44:44.043038+00:00,AVGO,bull_flag,absent,44.53,60.3,29.8,19.1,38.8,58.9,17.5,73.5,84.0,89.5,8.44,8.95,1.72,3.88,8.25,1.57,2.2,5.04,4.48,False,,408.66,495.0,396.9649,575.99,"{""trend"":{""T1_ema_stack"":{""value"":[false,true,true],""score"":66.66666666666666},""T2_ema50_slope"":{""value"":0.3885861788485012,""score"":100},""T3_high_proximity"":{""value"":0.8485993728845236,""score"":24.29968644226177},""T4_rs_1m"":{""value"":-0.08903383430038714,""score"":0},""T5_rs_3m"":{""value"":0.1176357808827786,""score"":100},""T6_adr_healthy"":{""value"":3.733241693198835,""score"":100.0},""_score"":60.31},""geometry"":{""sub_pole_impulse"":66.1,""sub_flag_tightness"":0,""sub_flag_shallowness"":0,""sub_flag_drift"":0,""sub_flag_duration"":100.0,""_score"":29.83},""compression"":{""VC1_atr_ratio"":{""value"":0.9698230153775415,""score"":7.544246155614637},""VC2_range_contraction"":{""value"":1.111886765344037,""score"":0},""VC3_range_pct_rank"":{""score"":64.16666666666666},""_score"":19.06},""sr_quality"":{""SR1_touches"":{""value"":3,""score"":50.0},""SR2_tightness"":{""value"":5.398166355346976,""score"":50.769100651223155},""SR3_recency"":{""value"":239,""score"":0.0},""SR4_price_location"":{""score"":17.162232655190543},""SR5_reaction"":{""value"":1.5813958639163133,""score"":79.06979319581566},""_score"":38.77,""_levels_found"":6,""_target_level"":436.45},""volume"":{""V1_rvol_day"":{""value"":1.9332325390523581,""score"":95.54883593682388},""V2_rvol_sameslot"":{""value"":4.171105413862327,""score"":100,""status"":""ok""},""V3_breakout_bar"":{""value"":1.1276070752001612,""score"":41.84047168001075},""V4_base_dryup"":{""value"":1.8872572881209966,""score"":0},""V5_bo_expansion"":{""value"":1.9332325390523581,""score"":62.21550260349055},""_score"":58.9},""readiness"":{""_distance_atr"":3.937,""BR1_atr_distance"":{""score"":0},""BR2_compression"":{""score"":0},""BR3_retest"":{""score"":50.0},""BR4_bo_age"":{""score"":50.0},""_score"":17.5},""risk"":{""R1_stop_clarity"":{""score"":44.86864141379732},""R2_stop_distance_pct"":{""value"":2.8618048010571213,""score"":100.0},""R3_stop_distance_atr"":{""value"":0.5332902557782101,""score"":51.664512788910514},""R4_rr_potential"":{""value"":14.30776085081793,""score"":100.0},""_score"":73.45},""market"":{""M1_spy_regime"":{""score"":100.0},""M3_earnings_risk"":{""value"":null,""score"":80.0},""M4_vix"":{""value"":null,""score"":60.0},""_score"":84.0},""liquidity"":{""L1_price"":{""value"":408.66,""score"":100.0},""L2_dollar_vol"":{""value"":19336127654.252632,""score"":100.0},""L3_spread_proxy"":{""value"":0.029804482944256777,""score"":70.19551705574322},""L4_volume_zscore"":{""value"":2.0673894873317824,""score"":70.0},""_score"":89.52},""pattern_structure"":{""pole_low"":414.01,""pole_low_idx"":27,""peak_price"":495.0,""peak_idx"":51,""pole_gain"":0.19562329412333038,""flag_bars"":8,""flag_low"":403.0101,""flag_high"":489.98,""structural_low"":403.0101,""current_price"":409.95,""neckline_distance_pct"":0.20746432491767292,""base_bars"":8},""pattern_geometry_features"":{""pole_gain"":0.19562329412333038,""pullback_pct"":0.18583818181818176,""flag_range_pct"":0.17569676767676767,""flag_drift_per_bar"":-0.03310188815128447,""atr_pct"":0.05366317441673483,""pole_atr_multiple"":3.6453917653877252},""_schema_version"":""1.0""}",,,,,,,,,,
20260604T164444Z-6b270e,2026-06-04T16:44:44.043038+00:00,BABA,double_bottom,absent,44.53,16.5,40.1,76.3,64.9,12.2,27.2,51.9,84.0,98.5,2.47,10.02,6.1,9.09,1.59,2.18,3.12,5.04,4.92,True,risk_unclear,126.3,134.09,124.9275,141.35,"{""trend"":{""T1_ema_stack"":{""value"":[false,false,false],""score"":0.0},""T2_ema50_slope"":{""value"":-0.10417610693451233,""score"":32.63731551091461},""T3_high_proximity"":{""value"":0.8661957341746107,""score"":33.09786708730533},""T4_rs_1m"":{""value"":-0.0903395696368241,""score"":0},""T5_rs_3m"":{""value"":-0.14148982839344615,""score"":0},""T6_adr_healthy"":{""value"":2.689945052805269,""score"":100.0},""_score"":16.49},""geometry"":{""sub_low_similarity"":80.2,""sub_bounce_quality"":38.9,""sub_separation_fit"":0.0,""sub_right_bottom_reaction"":15.0,""sub_base_context"":30.0,""_score"":40.09},""compression"":{""VC1_atr_ratio"":{""value"":0.4615663708320202,""score"":100},""VC2_range_contraction"":{""value"":0.7350020397559847,""score"":44.16632670733589},""VC3_range_pct_rank"":{""score"":83.33333333333334},""_score"":76.29},""sr_quality"":{""SR1_touches"":{""value"":4,""score"":75.0},""SR2_tightness"":{""value"":0.8886506625215587,""score"":56.63607781351754},""SR3_recency"":{""value"":240,""score"":0.0},""SR4_price_location"":{""score"":75.69884977344017},""SR5_reaction"":{""value"":2.6622080864412685,""score"":100},""_score"":64.92,""_levels_found"":7,""_target_level"":129.62},""volume"":{""V1_rvol_day"":{""value"":0.33924106695959527,""score"":0},""V2_rvol_sameslot"":{""value"":0.4967400280236167,""score"":0,""status"":""ok""},""V3_breakout_bar"":{""value"":0.548842410764085,""score"":3.256160717605668},""V4_base_dryup"":{""value"":0.9292406964200213,""score"":57.075930357997876},""V5_bo_expansion"":{""value"":0.33924106695959527,""score"":0},""_score"":12.23},""readiness"":{""_distance_atr"":1.901,""BR1_atr_distance"":{""score"":0},""BR2_compression"":{""score"":38.765637273274},""BR3_retest"":{""score"":50.0},""BR4_bo_age"":{""score"":50.0},""_score"":27.19},""risk"":{""R1_stop_clarity"":{""score"":7.1652143604042635},""R2_stop_distance_pct"":{""value"":1.0866587490102935,""score"":77.16646872525735},""R3_stop_distance_atr"":{""value"":0.33486057859881496,""score"":41.74302892994075},""R4_rr_potential"":{""value"":10.965791103501052,""score"":100.0},""_score"":51.92},""market"":{""M1_spy_regime"":{""score"":100.0},""M3_earnings_risk"":{""value"":null,""score"":80.0},""M4_vix"":{""value"":null,""score"":60.0},""_score"":84.0},""liquidity"":{""L1_price"":{""value"":126.3,""score"":100.0},""L2_dollar_vol"":{""value"":540950051.657931,""score"":100.0},""L3_spread_proxy"":{""value"":0.015201900237529592,""score"":84.7980997624704},""L4_volume_zscore"":{""value"":-1.1067487331850985,""score"":100.0},""_score"":98.48},""pattern_structure"":{""left_low"":128.09,""left_idx"":23,""right_low"":126.83,""right_idx"":71,""separation_bars"":48,""structural_low"":126.83,""current_price"":126.365,""neckline_distance_pct"":0.06113243382265666,""base_bars"":48},""pattern_geometry_features"":{""low_similarity_pct"":0.00988545426016009,""bounce_pct"":0.057241977450130134,""right_bottom_reaction"":0.15048543689320587,""atr_pct"":0.032451080194548135},""_schema_version"":""1.0""}",,,,,,,,,,
20260604T164444Z-6b270e,2026-06-04T16:44:44.043038+00:00,CCJ,high_tight_pullback,absent,44.51,33.7,42.8,67.7,40.2,12.8,34.0,69.3,84.0,97.8,4.05,14.99,6.77,3.22,1.8,3.06,0.69,5.04,4.89,False,,113.84,122.3,110.7131,139.04,"{""trend"":{""T1_ema_stack"":{""value"":[true,false,true],""score"":66.66666666666666},""T2_ema50_slope"":{""value"":-0.16339954557106523,""score"":22.76674240482246},""T3_high_proximity"":{""value"":0.9001344192298569,""score"":50.067209614928444},""T4_rs_1m"":{""value"":-0.05069355392993635,""score"":0},""T5_rs_3m"":{""value"":-0.11392103332651249,""score"":0},""T6_adr_healthy"":{""value"":4.3891209346401245,""score"":100.0},""_score"":33.73},""geometry"":{""sub_pole_impulse"":67.9,""sub_flag_tightness"":22.4,""sub_flag_shallowness"":0,""sub_flag_drift"":72.4,""sub_flag_duration"":60.0,""_score"":42.83},""compression"":{""VC1_atr_ratio"":{""value"":0.48123690632147686,""score"":100},""VC2_range_contraction"":{""value"":0.9387026257992929,""score"":10.216229033451189},""VC3_range_pct_rank"":{""score"":96.66666666666667},""_score"":67.74},""sr_quality"":{""SR1_touches"":{""value"":3,""score"":50.0},""SR2_tightness"":{""value"":1.0735130284361822,""score"":55.8021120913927},""SR3_recency"":{""value"":265,""score"":0.0},""SR4_price_location"":{""score"":7.4648705394760775},""SR5_reaction"":{""value"":2.6147869534147157,""score"":100},""_score"":40.24,""_levels_found"":5,""_target_level"":121.2853},""volume"":{""V1_rvol_day"":{""value"":0.3323826689035068,""score"":0},""V2_rvol_sameslot"":{""value"":0.5253441644164349,""score"":1.6896109610956629,""status"":""ok""},""V3_breakout_bar"":{""value"":0.3505460239746035,""score"":0},""V4_base_dryup"":{""value"":0.8742415055771733,""score"":62.575849442282674},""V5_bo_expansion"":{""value"":0.33238266890350676,""score"":0},""_score"":12.85},""readiness"":{""_distance_atr"":1.742,""BR1_atr_distance"":{""score"":0},""BR2_compression"":{""score"":65.87474320185555},""BR3_retest"":{""score"":50.0},""BR4_bo_age"":{""score"":50.0},""_score"":33.97},""risk"":{""R1_stop_clarity"":{""score"":30.58580532462075},""R2_stop_distance_pct"":{""value"":2.7467379655657043,""score"":100.0},""R3_stop_distance_atr"":{""value"":0.6436893422302471,""score"":57.18446711151235},""R4_rr_potential"":{""value"":8.059134861466832,""score"":100.0},""_score"":69.28},""market"":{""M1_spy_regime"":{""score"":100.0},""M3_earnings_risk"":{""value"":null,""score"":80.0},""M4_vix"":{""value"":null,""score"":60.0},""_score"":84.0},""liquidity"":{""L1_price"":{""value"":113.84,""score"":100.0},""L2_dollar_vol"":{""value"":113930739.42486417,""score"":100.0},""L3_spread_proxy"":{""value"":0.02152933942375255,""score"":78.47066057624745},""L4_volume_zscore"":{""value"":-2.5822111155215453,""score"":100.0},""_score"":97.85},""pattern_structure"":{""pole_low"":105.56,""pole_low_idx"":27,""peak_price"":122.3,""peak_idx"":47,""pole_gain"":0.15858279651383095,""flag_bars"":12,""flag_low"":112.3991,""flag_high"":121.43,""structural_low"":112.3991,""current_price"":114.11,""neckline_distance_pct"":0.07177285075804046,""base_bars"":12},""pattern_geometry_features"":{""pole_gain"":0.15858279651383095,""pullback_pct"":0.08095584627964017,""flag_range_pct"":0.07384219133278824,""flag_drift_per_bar"":-0.005526197577726832,""atr_pct"":0.042671795000501944,""pole_atr_multiple"":3.716337606889177},""_schema_version"":""1.0""}",,,,,,,,,,
20260604T164444Z-6b270e,2026-06-04T16:44:44.043038+00:00,ORCL,vcp,breakout_confirmed,44.47,87.0,39.1,6.4,54.1,15.1,19.0,26.2,84.0,94.4,13.05,9.79,0.77,6.49,1.97,1.33,1.31,5.04,4.72,False,,232.7525,200.709,176.118,193.669,"{""trend"":{""T1_ema_stack"":{""value"":[true,true,false],""score"":66.66666666666666},""T2_ema50_slope"":{""value"":0.42238191477624293,""score"":100},""T3_high_proximity"":{""value"":0.9379508361877896,""score"":68.97541809389479},""T4_rs_1m"":{""value"":0.21046907170368478,""score"":100},""T5_rs_3m"":{""value"":0.3932466247438866,""score"":100},""T6_adr_healthy"":{""value"":4.822839223896782,""score"":100.0},""_score"":87.01},""geometry"":{""sub_contraction_count"":100.0,""sub_reduction_rate"":11.2,""sub_pivot_tightness"":0,""sub_volume_dryup"":8.9,""sub_base_depth"":0.0,""sub_base_duration"":100.0,""_score"":39.14},""compression"":{""VC1_atr_ratio"":{""value"":0.986041657514328,""score"":3.48958562141799},""VC2_range_contraction"":{""value"":1.1107717064684928,""score"":0},""VC3_range_pct_rank"":{""score"":19.999999999999996},""_score"":6.4},""sr_quality"":{""SR1_touches"":{""value"":4,""score"":75.0},""SR2_tightness"":{""value"":0.5890909750412044,""score"":89.66077555955029},""SR3_recency"":{""value"":239,""score"":0.0},""SR4_price_location"":{""score"":30.0},""SR5_reaction"":{""value"":1.4209587065303442,""score"":71.0479353265172},""_score"":54.11,""_levels_found"":7,""_target_level"":200.7297},""volume"":{""V1_rvol_day"":{""value"":0.5139428830176542,""score"":0.9295255345102819},""V2_rvol_sameslot"":{""value"":0.6826850948524869,""score"":12.179006323499124,""status"":""ok""},""V3_breakout_bar"":{""value"":0.5081797216464674,""score"":0.5453147764311606},""V4_base_dryup"":{""value"":0.881613128343025,""score"":61.8386871656975},""V5_bo_expansion"":{""value"":0.5139428830176541,""score"":0},""_score"":15.13},""readiness"":{""_distance_atr"":-2.812,""BR1_atr_distance"":{""score"":3.75997046392078},""BR2_compression"":{""score"":0},""BR3_retest"":{""score"":50.0},""BR4_bo_age"":{""score"":50.0},""_score"":19.0},""risk"":{""R1_stop_clarity"":{""score"":52.927813997919884},""R2_stop_distance_pct"":{""value"":24.332499113865588,""score"":0.0},""R3_stop_distance_atr"":{""value"":4.9700032030849925,""score"":51.49983984575037},""R4_rr_potential"":{""value"":-0.6901005570809314,""score"":0.0},""_score"":26.25},""market"":{""M1_spy_regime"":{""score"":100.0},""M3_earnings_risk"":{""value"":null,""score"":80.0},""M4_vix"":{""value"":null,""score"":60.0},""_score"":84.0},""liquidity"":{""L1_price"":{""value"":232.7525,""score"":100.0},""L2_dollar_vol"":{""value"":2548614551.227051,""score"":100.0},""L3_spread_proxy"":{""value"":0.05611110514387602,""score"":43.88889485612398},""L4_volume_zscore"":{""value"":-1.0278415033769694,""score"":100.0},""_score"":94.39},""pattern_structure"":{""n_contractions"":5,""contractions_pct"":[20.27,10.08,15.25,9.63,10.92],""descending_strict"":false,""final_low"":178.8,""final_pivot"":200.709,""structural_low"":178.8,""dry_up_ratio"":0.955406558661881,""current_price"":232.7525,""neckline_distance_pct"":-0.13767199063382776,""base_bars"":49},""pattern_geometry_features"":{""contraction_count"":5.0,""first_contraction_pct"":0.20266651141127157,""last_contraction_pct"":0.10915803476675182,""dry_up_ratio"":0.955406558661881,""near_monotone"":0.0,""base_depth_pct"":-0.040987424312995},""_schema_version"":""1.0""}",,,,,,,,,,
20260604T164444Z-6b270e,2026-06-04T16:44:44.043038+00:00,AOSL,vcp,breakout_confirmed,44.45,96.2,36.8,25.9,39.7,0.0,28.1,42.2,84.0,76.5,14.43,9.2,3.11,4.77,0.0,1.97,2.11,5.04,3.83,False,,51.76,43.6,35.8047,29.37,"{""trend"":{""T1_ema_stack"":{""value"":[true,true,true],""score"":100.0},""T2_ema50_slope"":{""value"":0.6616895288421489,""score"":100},""T3_high_proximity"":{""value"":0.9707426856714179,""score"":85.3713428357089},""T4_rs_1m"":{""value"":0.13780889982808264,""score"":100},""T5_rs_3m"":{""value"":1.4595902977203052,""score"":100},""T6_adr_healthy"":{""value"":9.27021115587011,""score"":68.24472110324726},""_score"":96.22},""geometry"":{""sub_contraction_count"":100.0,""sub_reduction_rate"":0,""sub_pivot_tightness"":0,""sub_volume_dryup"":12.1,""sub_base_depth"":0.0,""sub_base_duration"":100.0,""_score"":36.81},""compression"":{""VC1_atr_ratio"":{""value"":0.7846814433360262,""score"":53.82963916599345},""VC2_range_contraction"":{""value"":1.2224163146267504,""score"":0},""VC3_range_pct_rank"":{""score"":17.500000000000004},""_score"":25.91},""sr_quality"":{""SR1_touches"":{""value"":2,""score"":25.0},""SR2_tightness"":{""value"":0.23495000000000132,""score"":90.35550036724331},""SR3_recency"":{""value"":228,""score"":0.0},""SR4_price_location"":{""score"":30.0},""SR5_reaction"":{""value"":1.488031971429786,""score"":74.4015985714893},""_score"":39.71,""_levels_found"":4,""_target_level"":43.365},""volume"":{""V1_rvol_day"":{""value"":0.3320495233212009,""score"":0},""V2_rvol_sameslot"":{""value"":0.4024519021294509,""score"":0,""status"":""ok""},""V3_breakout_bar"":{""value"":0.27323950476920367,""score"":0},""V4_base_dryup"":{""value"":2.952074650462041,""score"":0},""V5_bo_expansion"":{""value"":0.3320495233212009,""score"":0},""_score"":0.0},""readiness"":{""_distance_atr"":-1.675,""BR1_atr_distance"":{""score"":26.503887208642624},""BR2_compression"":{""score"":0},""BR3_retest"":{""score"":50.0},""BR4_bo_age"":{""score"":50.0},""_score"":28.1},""risk"":{""R1_stop_clarity"":{""score"":77.61794669180428},""R2_stop_distance_pct"":{""value"":30.825444358578054,""score"":0.0},""R3_stop_distance_atr"":{""value"":3.2747478775386334,""score"":100.0},""R4_rr_potential"":{""value"":-1.403299854279939,""score"":0.0},""_score"":42.17},""market"":{""M1_spy_regime"":{""score"":100.0},""M3_earnings_risk"":{""value"":null,""score"":80.0},""M4_vix"":{""value"":null,""score"":60.0},""_score"":84.0},""liquidity"":{""L1_price"":{""value"":51.76,""score"":100.0},""L2_dollar_vol"":{""value"":18224269.34092248,""score"":63.032506266327594},""L3_spread_proxy"":{""value"":0.0867465224111282,""score"":13.253477588871803},""L4_volume_zscore"":{""value"":-1.48491355518402,""score"":100.0},""_score"":76.54},""pattern_structure"":{""n_contractions"":5,""contractions_pct"":[8.05,12.46,18.29,29.96,16.63],""descending_strict"":false,""final_low"":36.35,""final_pivot"":43.6,""structural_low"":36.35,""dry_up_ratio"":0.9395803244635416,""current_price"":51.76,""neckline_distance_pct"":-0.15765069551777428,""base_bars"":45},""pattern_geometry_features"":{""contraction_count"":5.0,""first_contraction_pct"":0.08047016274864381,""last_contraction_pct"":0.16628440366972477,""dry_up_ratio"":0.9395803244635416,""near_monotone"":0.0,""base_depth_pct"":-0.6433092224231465},""_schema_version"":""1.0""}",,,,,,,,,,
20260604T164444Z-6b270e,2026-06-04T16:44:44.043038+00:00,HPE,vcp,breakout_confirmed,44.44,96.3,39.0,10.8,33.5,11.3,32.8,25.5,84.0,96.7,14.45,9.76,1.3,4.02,1.47,2.3,1.28,5.04,4.83,False,,53.39,34.695,31.4018,24.955,"{""trend"":{""T1_ema_stack"":{""value"":[true,true,true],""score"":100.0},""T2_ema50_slope"":{""value"":0.657723817389855,""score"":100},""T3_high_proximity"":{""value"":0.9508459483526269,""score"":75.42297417631345},""T4_rs_1m"":{""value"":0.7320201229591461,""score"":100},""T5_rs_3m"":{""value"":1.3763060309505257,""score"":100},""T6_adr_healthy"":{""value"":5.4202916157276215,""score"":100.0},""_score"":96.31},""geometry"":{""sub_contraction_count"":100.0,""sub_reduction_rate"":0,""sub_pivot_tightness"":27.0,""sub_volume_dryup"":0,""sub_base_depth"":0.0,""sub_base_duration"":100.0,""_score"":39.05},""compression"":{""VC1_atr_ratio"":{""value"":1.6176787899131593,""score"":0},""VC2_range_contraction"":{""value"":1.9161756123946911,""score"":0},""VC3_range_pct_rank"":{""score"":43.333333333333336},""_score"":10.83},""sr_quality"":{""SR1_touches"":{""value"":2,""score"":25.0},""SR2_tightness"":{""value"":0.4599999999999991,""score"":73.92939480976356},""SR3_recency"":{""value"":251,""score"":0.0},""SR4_price_location"":{""score"":30.0},""SR5_reaction"":{""value"":0.9826067771428799,""score"":49.130338857144},""_score"":33.46,""_levels_found"":3,""_target_level"":26.885},""volume"":{""V1_rvol_day"":{""value"":0.5439829636795381,""score"":2.9321975786358756},""V2_rvol_sameslot"":{""value"":0.9481735863958848,""score"":29.878239093058983,""status"":""ok""},""V3_breakout_bar"":{""value"":0.4313565918420283,""score"":0},""V4_base_dryup"":{""value"":1.2636888905661332,""score"":23.631110943386673},""V5_bo_expansion"":{""value"":0.5439829636795381,""score"":0},""_score"":11.29},""readiness"":{""_distance_atr"":-5.298,""BR1_atr_distance"":{""score"":0},""BR2_compression"":{""score"":61.28274839423816},""BR3_retest"":{""score"":50.0},""BR4_bo_age"":{""score"":50.0},""_score"":32.82},""risk"":{""R1_stop_clarity"":{""score"":72.89790564788889},""R2_stop_distance_pct"":{""value"":41.18411687581945,""score"":0.0},""R3_stop_distance_atr"":{""value"":6.230931315695193,""score"":0.0},""R4_rr_potential"":{""value"":-1.293193622033636,""score"":0.0},""_score"":25.51},""market"":{""M1_spy_regime"":{""score"":100.0},""M3_earnings_risk"":{""value"":null,""score"":80.0},""M4_vix"":{""value"":null,""score"":60.0},""_score"":84.0},""liquidity"":{""L1_price"":{""value"":53.39,""score"":100.0},""L2_dollar_vol"":{""value"":1026280802.949547,""score"":100.0},""L3_spread_proxy"":{""value"":0.03352687769245175,""score"":66.47312230754824},""L4_volume_zscore"":{""value"":-0.414447137235659,""score"":100.0},""_score"":96.65},""pattern_structure"":{""n_contractions"":5,""contractions_pct"":[4.43,15.63,7.16,7.71,8.11],""descending_strict"":false,""final_low"":31.88,""final_pivot"":34.695,""structural_low"":31.88,""dry_up_ratio"":3.586848850717946,""current_price"":53.39,""neckline_distance_pct"":-0.35015920584379095,""base_bars"":49},""pattern_geometry_features"":{""contraction_count"":5.0,""first_contraction_pct"":0.044263775971093065,""last_contraction_pct"":0.08113561031848973,""dry_up_ratio"":3.586848850717946,""near_monotone"":0.0,""base_depth_pct"":-0.43992773261065937},""_schema_version"":""1.0""}",,,,,,,,,,
20260604T164444Z-6b270e,2026-06-04T16:44:44.043038+00:00,IR,double_bottom,absent,44.27,5.5,36.6,69.4,39.8,57.4,33.9,50.9,84.0,98.4,0.83,9.15,5.55,5.57,7.46,2.71,3.06,5.04,4.92,True,risk_unclear,71.255,72.95,67.2558,77.62,"{""trend"":{""T1_ema_stack"":{""value"":[false,false,false],""score"":0.0},""T2_ema50_slope"":{""value"":-0.48245400366111696,""score"":0},""T3_high_proximity"":{""value"":0.8067821557971014,""score"":3.3910778985506984},""T4_rs_1m"":{""value"":-0.1054852027456823,""score"":0},""T5_rs_3m"":{""value"":-0.32315855664210347,""score"":0},""T6_adr_healthy"":{""value"":2.7092333633962915,""score"":100.0},""_score"":5.51},""geometry"":{""sub_low_similarity"":53.1,""sub_bounce_quality"":54.8,""sub_separation_fit"":0.0,""sub_right_bottom_reaction"":24.7,""sub_base_context"":30.0,""_score"":36.59},""compression"":{""VC1_atr_ratio"":{""value"":0.3613605901477984,""score"":100},""VC2_range_contraction"":{""value"":0.8821973587521963,""score"":19.63377354130062},""VC3_range_pct_rank"":{""score"":90.0},""_score"":69.37},""sr_quality"":{""SR1_touches"":{""value"":2,""score"":25.0},""SR2_tightness"":{""value"":0.3500000000000014,""score"":63.47358730371702},""SR3_recency"":{""value"":247,""score"":0.0},""SR4_price_location"":{""score"":31.04335088837462},""SR5_reaction"":{""value"":4.2866354328566185,""score"":100},""_score"":39.78,""_levels_found"":4,""_target_level"":75.66},""volume"":{""V1_rvol_day"":{""value"":0.36654038248364057,""score"":0},""V2_rvol_sameslot"":{""value"":2.2026935709397897,""score"":100,""status"":""ok""},""V3_breakout_bar"":{""value"":2.4990891878442714,""score"":100},""V4_base_dryup"":{""value"":0.8824671281726373,""score"":61.75328718273627},""V5_bo_expansion"":{""value"":0.3665403824836406,""score"":0},""_score"":57.35},""readiness"":{""_distance_atr"":0.884,""BR1_atr_distance"":{""score"":41.03593379028604},""BR2_compression"":{""score"":0},""BR3_retest"":{""score"":50.0},""BR4_bo_age"":{""score"":50.0},""_score"":33.91},""risk"":{""R1_stop_clarity"":{""score"":0},""R2_stop_distance_pct"":{""value"":5.612518419760019,""score"":100.0},""R3_stop_distance_atr"":{""value"":2.086806137928205,""score"":100.0},""R4_rr_potential"":{""value"":1.591568313662734,""score"":29.578415683136704},""_score"":50.92},""market"":{""M1_spy_regime"":{""score"":100.0},""M3_earnings_risk"":{""value"":null,""score"":80.0},""M4_vix"":{""value"":null,""score"":60.0},""_score"":84.0},""liquidity"":{""L1_price"":{""value"":71.255,""score"":100.0},""L2_dollar_vol"":{""value"":98552399.91400738,""score"":99.68336022667357},""L3_spread_proxy"":{""value"":0.015156831099572136,""score"":84.84316890042787},""L4_volume_zscore"":{""value"":-2.2389039088703466,""score"":100.0},""_score"":98.36},""pattern_structure"":{""left_low"":68.28,""left_idx"":26,""right_low"":69.9,""right_idx"":76,""separation_bars"":50,""structural_low"":68.28,""current_price"":71.19,""neckline_distance_pct"":0.02472257339513984,""base_bars"":50},""pattern_geometry_features"":{""low_similarity_pct"":0.023447676943117737,""bounce_pct"":0.06839484475688344,""right_bottom_reaction"":0.2473118279569802,""atr_pct"":0.026895255470794067},""_schema_version"":""1.0""}",,,,,,,,,,
20260604T164444Z-6b270e,2026-06-04T16:44:44.043038+00:00,KEYS,breakout_retest_hold,setup,44.14,65.9,33.1,45.4,46.0,3.4,44.5,58.0,84.0,97.3,9.23,7.28,2.72,6.44,0.44,8.01,2.9,4.2,2.92,False,,342.76,335.325,332.7192,333.815,"{""trend"":{""T1_ema_stack"":{""value"":[false,true,true],""score"":66.66666666666666},""T2_ema50_slope"":{""value"":0.2876735660427984,""score"":97.94559434046641},""T3_high_proximity"":{""value"":0.9347660085087814,""score"":67.3830042543907},""T4_rs_1m"":{""value"":-0.08227847208694083,""score"":0},""T5_rs_3m"":{""value"":0.09431833777956222,""score"":97.15916888978111},""T6_adr_healthy"":{""value"":3.634771542156429,""score"":100.0},""_score"":65.94},""geometry"":{""sub_retest_depth"":30.3,""sub_retest_timing"":20.0,""sub_retest_freshness"":100.0,""sub_hold_quality"":0.0,""_score"":33.09},""compression"":{""VC1_atr_ratio"":{""value"":0.6819280906497519,""score"":79.51797733756202},""VC2_range_contraction"":{""value"":1.0990437809563574,""score"":0},""VC3_range_pct_rank"":{""score"":54.16666666666667},""_score"":45.35},""sr_quality"":{""SR1_touches"":{""value"":2,""score"":25.0},""SR2_tightness"":{""value"":3.1350000000000193,""score"":57.73427192973983},""SR3_recency"":{""value"":231,""score"":0.0},""SR4_price_location"":{""score"":59.46070878274268},""SR5_reaction"":{""value"":2.07115549435205,""score"":100},""_score"":46.03,""_levels_found"":5,""_target_level"":355.915},""volume"":{""V1_rvol_day"":{""value"":0.260026867109799,""score"":0},""V2_rvol_sameslot"":{""value"":0.6038216721930978,""score"":6.921444812873186,""status"":""ok""},""V3_breakout_bar"":{""value"":0.6189610676549877,""score"":7.930737843665847},""V4_base_dryup"":{""value"":1.683204832807213,""score"":0},""V5_bo_expansion"":{""value"":0.26002686710979894,""score"":0},""_score"":3.37},""readiness"":{""_distance_atr"":-0.501,""BR1_atr_distance"":{""score"":49.976214092427995},""BR2_compression"":{""score"":0},""BR3_retest"":{""score"":100},""BR4_bo_age"":{""score"":30.0},""_score"":44.49},""risk"":{""R1_stop_clarity"":{""score"":54.690060957407084},""R2_stop_distance_pct"":{""value"":2.9293966623876737,""score"":100.0},""R3_stop_distance_atr"":{""value"":0.6768448523251439,""score"":58.84224261625719},""R4_rr_potential"":{""value"":-0.8908652696996258,""score"":0.0},""_score"":57.97},""market"":{""M1_spy_regime"":{""score"":100.0},""M3_earnings_risk"":{""value"":null,""score"":80.0},""M4_vix"":{""value"":null,""score"":60.0},""_score"":84.0},""liquidity"":{""L1_price"":{""value"":342.76,""score"":100.0},""L2_dollar_vol"":{""value"":168483737.1867685,""score"":100.0},""L3_spread_proxy"":{""value"":0.027249387326409243,""score"":72.75061267359075},""L4_volume_zscore"":{""value"":-1.6403832254507806,""score"":100.0},""_score"":97.28},""pattern_structure"":{""level"":335.325,""level_idx"":58,""breakout_idx"":65,""bo_peak_idx"":72,""bo_peak_price"":355.49,""retest_idx"":77,""retest_low"":336.08,""structural_low"":336.08,""current_price"":343.48,""neckline_distance_pct"":-0.02374228484919072,""base_bars"":21,""bars_since_breakout"":14},""pattern_geometry_features"":{""retest_depth_atr"":-0.18816978518772193,""bars_breakout_to_retest"":12.0,""bars_since_retest"":2.0,""current_above_level_atr"":2.0324829115309764,""bo_peak_excess_pct"":0.060135689256691334,""atr_pct"":0.04328017938415885},""_schema_version"":""1.0""}",,,,,,,,,,
20260604T164444Z-6b270e,2026-06-04T16:44:44.043038+00:00,COF,double_bottom,absent,44.01,17.1,35.6,45.6,67.3,36.0,17.5,58.6,84.0,96.7,2.56,8.9,3.65,9.42,4.68,1.4,3.52,5.04,4.83,True,risk_unclear,184.39,192.03,175.133,206.26,"{""trend"":{""T1_ema_stack"":{""value"":[false,false,false],""score"":0.0},""T2_ema50_slope"":{""value"":-0.14723227510248993,""score"":25.461287482918344},""T3_high_proximity"":{""value"":0.8930595243861092,""score"":46.5297621930546},""T4_rs_1m"":{""value"":-0.0731658907967292,""score"":0},""T5_rs_3m"":{""value"":-0.1612766873810001,""score"":0},""T6_adr_healthy"":{""value"":2.4336102351536844,""score"":100.0},""_score"":17.07},""geometry"":{""sub_low_similarity"":47.4,""sub_bounce_quality"":71.5,""sub_separation_fit"":0.0,""sub_right_bottom_reaction"":7.3,""sub_base_context"":30.0,""_score"":35.61},""compression"":{""VC1_atr_ratio"":{""value"":0.5318478703646171,""score"":100},""VC2_range_contraction"":{""value"":1.0882684075147548,""score"":0},""VC3_range_pct_rank"":{""score"":22.499999999999996},""_score"":45.62},""sr_quality"":{""SR1_touches"":{""value"":5,""score"":100},""SR2_tightness"":{""value"":1.0454152047870668,""score"":58.33131563800239},""SR3_recency"":{""value"":237,""score"":0.0},""SR4_price_location"":{""score"":54.21279827910573},""SR5_reaction"":{""value"":2.3107448557620467,""score"":100},""_score"":67.3,""_levels_found"":9,""_target_level"":187.5487},""volume"":{""V1_rvol_day"":{""value"":0.34234965301366505,""score"":0},""V2_rvol_sameslot"":{""value"":1.3126840276125933,""score"":54.178935174172885,""status"":""ok""},""V3_breakout_bar"":{""value"":1.0611019491492228,""score"":37.40679660994819},""V4_base_dryup"":{""value"":0.7099641122999458,""score"":79.00358877000542},""V5_bo_expansion"":{""value"":0.34234965301366505,""score"":0},""_score"":35.99},""readiness"":{""_distance_atr"":1.523,""BR1_atr_distance"":{""score"":0},""BR2_compression"":{""score"":0},""BR3_retest"":{""score"":50.0},""BR4_bo_age"":{""score"":50.0},""_score"":17.5},""risk"":{""R1_stop_clarity"":{""score"":0},""R2_stop_distance_pct"":{""value"":5.020337328488518,""score"":100.0},""R3_stop_distance_atr"":{""value"":1.844850779731948,""score"":100.0},""R4_rr_potential"":{""value"":2.362536458895977,""score"":68.12682294479886},""_score"":58.63},""market"":{""M1_spy_regime"":{""score"":100.0},""M3_earnings_risk"":{""value"":null,""score"":80.0},""M4_vix"":{""value"":null,""score"":60.0},""_score"":84.0},""liquidity"":{""L1_price"":{""value"":184.39,""score"":100.0},""L2_dollar_vol"":{""value"":294626976.56310636,""score"":100.0},""L3_spread_proxy"":{""value"":0.03313628721731121,""score"":66.8637127826888},""L4_volume_zscore"":{""value"":-2.1966943840005833,""score"":100.0},""_score"":96.69},""pattern_structure"":{""left_low"":182.54,""left_idx"":26,""right_low"":177.8,""right_idx"":76,""separation_bars"":50,""structural_low"":177.8,""current_price"":184.31,""neckline_distance_pct"":0.04188595301394389,""base_bars"":50},""pattern_geometry_features"":{""low_similarity_pct"":0.026308486429483156,""bounce_pct"":0.08003374578177722,""right_bottom_reaction"":0.07272727272726859,""atr_pct"":0.02721270133955202},""_schema_version"":""1.0""}",,,,,,,,,,
20260604T164444Z-6b270e,2026-06-04T16:44:44.043038+00:00,ASTS,vcp,setup,43.91,76.5,35.0,17.7,36.4,4.8,63.0,49.8,84.0,92.7,11.47,8.75,2.13,4.36,0.62,4.41,2.49,5.04,4.63,False,,106.29,104.15,72.3975,160.54,"{""trend"":{""T1_ema_stack"":{""value"":[true,true,true],""score"":100.0},""T2_ema50_slope"":{""value"":0.5310515021339404,""score"":100},""T3_high_proximity"":{""value"":0.7986325043203847,""score"":0},""T4_rs_1m"":{""value"":0.618884763748099,""score"":100},""T5_rs_3m"":{""value"":0.0220116478644381,""score"":61.00582393221905},""T6_adr_healthy"":{""value"":10.116902320945268,""score"":47.07744197636829},""_score"":76.5},""geometry"":{""sub_contraction_count"":100.0,""sub_reduction_rate"":0,""sub_pivot_tightness"":0,""sub_volume_dryup"":0,""sub_base_depth"":0.0,""sub_base_duration"":100.0,""_score"":35.0},""compression"":{""VC1_atr_ratio"":{""value"":1.0815483822194418,""score"":0},""VC2_range_contraction"":{""value"":1.0407460830679047,""score"":0},""VC3_range_pct_rank"":{""score"":70.83333333333333},""_score"":17.71},""sr_quality"":{""SR1_touches"":{""value"":2,""score"":25.0},""SR2_tightness"":{""value"":1.984950000000012,""score"":68.18189104398982},""SR3_recency"":{""value"":230,""score"":0.0},""SR4_price_location"":{""score"":14.541704869956156},""SR5_reaction"":{""value"":2.857286061050173,""score"":100},""_score"":36.36,""_levels_found"":5,""_target_level"":131.875},""volume"":{""V1_rvol_day"":{""value"":0.37425150053705214,""score"":0},""V2_rvol_sameslot"":{""value"":0.5298445797785266,""score"":1.9896386519017744,""status"":""ok""},""V3_breakout_bar"":{""value"":0.5577567465110417,""score"":3.8504497674027784},""V4_base_dryup"":{""value"":1.3302114240910552,""score"":16.978857590894478},""V5_bo_expansion"":{""value"":0.37425150053705214,""score"":0},""_score"":4.76},""readiness"":{""_distance_atr"":-0.172,""BR1_atr_distance"":{""score"":100.0},""BR2_compression"":{""score"":22.033150645531517},""BR3_retest"":{""score"":50.0},""BR4_bo_age"":{""score"":50.0},""_score"":63.01},""risk"":{""R1_stop_clarity"":{""score"":82.32728022166745},""R2_stop_distance_pct"":{""value"":31.88681907987582,""score"":0.0},""R3_stop_distance_atr"":{""value"":2.716429274771578,""score"":100.0},""R4_rr_potential"":{""value"":1.6006491111602852,""score"":30.03245555801426},""_score"":49.82},""market"":{""M1_spy_regime"":{""score"":100.0},""M3_earnings_risk"":{""value"":null,""score"":80.0},""M4_vix"":{""value"":null,""score"":60.0},""_score"":84.0},""liquidity"":{""L1_price"":{""value"":106.29,""score"":100.0},""L2_dollar_vol"":{""value"":1071587933.3494753,""score"":100.0},""L3_spread_proxy"":{""value"":0.0733841377363817,""score"":26.61586226361831},""L4_volume_zscore"":{""value"":-1.5322930852532317,""score"":100.0},""_score"":92.66},""pattern_structure"":{""n_contractions"":5,""contractions_pct"":[29.67,12.88,21.33,27.06,29.43],""descending_strict"":false,""final_low"":73.5,""final_pivot"":104.15,""structural_low"":73.5,""dry_up_ratio"":1.4853965465431205,""current_price"":106.29,""neckline_distance_pct"":-0.020133596763571366,""base_bars"":54},""pattern_geometry_features"":{""contraction_count"":5.0,""first_contraction_pct"":0.2967126029717453,""last_contraction_pct"":0.2942870859337494,""dry_up_ratio"":1.4853965465431205,""near_monotone"":0.0,""base_depth_pct"":0.43413657710370307},""_schema_version"":""1.0""}",,,,,,,,,,
20260604T164444Z-6b270e,2026-06-04T16:44:44.043038+00:00,ARM,vcp,setup,43.61,95.9,38.9,6.9,44.6,6.2,17.5,31.2,84.0,93.7,14.39,9.72,0.83,5.35,0.81,1.23,1.56,5.04,4.69,False,,390.18,228.68,199.9598,192.3651,"{""trend"":{""T1_ema_stack"":{""value"":[true,true,true],""score"":100.0},""T2_ema50_slope"":{""value"":0.9237742677903208,""score"":100},""T3_high_proximity"":{""value"":0.9474297647087391,""score"":73.71488235436952},""T4_rs_1m"":{""value"":0.8230434307061301,""score"":100},""T5_rs_3m"":{""value"":2.1243673014071485,""score"":100},""T6_adr_healthy"":{""value"":8.107160317392028,""score"":97.3209920651993},""_score"":95.92},""geometry"":{""sub_contraction_count"":100.0,""sub_reduction_rate"":15.6,""sub_pivot_tightness"":0,""sub_volume_dryup"":0,""sub_base_depth"":0.0,""sub_base_duration"":100.0,""_score"":38.9},""compression"":{""VC1_atr_ratio"":{""value"":1.0590182036478184,""score"":0},""VC2_range_contraction"":{""value"":1.2718435362498182,""score"":0},""VC3_range_pct_rank"":{""score"":27.500000000000004},""_score"":6.88},""sr_quality"":{""SR1_touches"":{""value"":3,""score"":50.0},""SR2_tightness"":{""value"":4.730337079837849,""score"":71.83735247548282},""SR3_recency"":{""value"":239,""score"":0.0},""SR4_price_location"":{""score"":30.0},""SR5_reaction"":{""value"":1.5122204507828803,""score"":75.61102253914402},""_score"":44.62,""_levels_found"":5,""_target_level"":235.2867},""volume"":{""V1_rvol_day"":{""value"":0.5923532223361594,""score"":6.156881489077293},""V2_rvol_sameslot"":{""value"":0.7726120501943219,""score"":18.17413667962146,""status"":""ok""},""V3_breakout_bar"":{""value"":0.5808355029863479,""score"":5.389033532423193},""V4_base_dryup"":{""value"":1.8050563577814847,""score"":0},""V5_bo_expansion"":{""value"":0.5923532223361593,""score"":0},""_score"":6.21},""readiness"":{""_distance_atr"":-4.808,""BR1_atr_distance"":{""score"":0},""BR2_compression"":{""score"":0},""BR3_retest"":{""score"":50.0},""BR4_bo_age"":{""score"":50.0},""_score"":17.5},""risk"":{""R1_stop_clarity"":{""score"":81.87077787072046},""R2_stop_distance_pct"":{""value"":48.75190258342304,""score"":0.0},""R3_stop_distance_atr"":{""value"":5.662496781853695,""score"":16.87516090731527},""R4_rr_potential"":{""value"":-1.039925978198101,""score"":0.0},""_score"":31.19},""market"":{""M1_spy_regime"":{""score"":100.0},""M3_earnings_risk"":{""value"":null,""score"":80.0},""M4_vix"":{""value"":null,""score"":60.0},""_score"":84.0},""liquidity"":{""L1_price"":{""value"":390.18,""score"":100.0},""L2_dollar_vol"":{""value"":2938825060.3623037,""score"":100.0},""L3_spread_proxy"":{""value"":0.06274027371982166,""score"":37.25972628017834},""L4_volume_zscore"":{""value"":-1.1053770603648483,""score"":100.0},""_score"":93.73},""pattern_structure"":{""n_contractions"":5,""contractions_pct"":[18.41,13.13,18.42,16.12,11.23],""descending_strict"":false,""final_low"":203.0049,""final_pivot"":228.68,""structural_low"":203.0049,""dry_up_ratio"":1.1264608761666828,""current_price"":390.18,""neckline_distance_pct"":-0.4139115280127121,""base_bars"":37},""pattern_geometry_features"":{""contraction_count"":5.0,""first_contraction_pct"":0.18411422400863878,""last_contraction_pct"":0.11227523176491173,""dry_up_ratio"":1.1264608761666828,""near_monotone"":0.0,""base_depth_pct"":-0.2178588997540344},""_schema_version"":""1.0""}",,,,,,,,,,
20260604T164444Z-6b270e,2026-06-04T16:44:44.043038+00:00,INTU,double_bottom,forming,43.61,5.0,52.6,34.1,46.1,36.2,17.5,78.0,84.0,94.3,0.75,13.15,2.73,6.45,4.7,1.4,4.68,5.04,4.71,False,,303.9,363.175,297.8284,423.9861,"{""trend"":{""T1_ema_stack"":{""value"":[false,false,false],""score"":0.0},""T2_ema50_slope"":{""value"":-0.6882548135099874,""score"":0},""T3_high_proximity"":{""value"":0.6315855103185983,""score"":0},""T4_rs_1m"":{""value"":-0.28232240594186553,""score"":0},""T5_rs_3m"":{""value"":-0.45937740821134954,""score"":0},""T6_adr_healthy"":{""value"":4.588278862210685,""score"":100.0},""_score"":5.0},""geometry"":{""sub_low_similarity"":48.3,""sub_bounce_quality"":100,""sub_separation_fit"":0.0,""sub_right_bottom_reaction"":80.7,""sub_base_context"":30.0,""_score"":52.59},""compression"":{""VC1_atr_ratio"":{""value"":0.7004735734402969,""score"":74.88160663992576},""VC2_range_contraction"":{""value"":1.2907756554551513,""score"":0},""VC3_range_pct_rank"":{""score"":16.666666666666664},""_score"":34.12},""sr_quality"":{""SR1_touches"":{""value"":2,""score"":25.0},""SR2_tightness"":{""value"":3.447499999999991,""score"":72.78016507858453},""SR3_recency"":{""value"":263,""score"":0.0},""SR4_price_location"":{""score"":50.669724116130766},""SR5_reaction"":{""value"":2.8330143633764777,""score"":100},""_score"":46.08,""_levels_found"":6,""_target_level"":345.5525},""volume"":{""V1_rvol_day"":{""value"":0.4818296092132575,""score"":0},""V2_rvol_sameslot"":{""value"":1.59621099158514,""score"":73.08073277234266,""status"":""ok""},""V3_breakout_bar"":{""value"":1.2095006876257481,""score"":47.30004584171654},""V4_base_dryup"":{""value"":1.0135240899551152,""score"":48.647591004488476},""V5_bo_expansion"":{""value"":0.4818296092132575,""score"":0},""_score"":36.17},""readiness"":{""_distance_atr"":2.34,""BR1_atr_distance"":{""score"":0},""BR2_compression"":{""score"":0},""BR3_retest"":{""score"":50.0},""BR4_bo_age"":{""score"":50.0},""_score"":17.5},""risk"":{""R1_stop_clarity"":{""score"":64.19015760321074},""R2_stop_distance_pct"":{""value"":1.9978803882856138,""score"":99.94700970714034},""R3_stop_distance_atr"":{""value"":0.23969081955869,""score"":36.9845409779345},""R4_rr_potential"":{""value"":19.778463799698287,""score"":100.0},""_score"":78.0},""market"":{""M1_spy_regime"":{""score"":100.0},""M3_earnings_risk"":{""value"":null,""score"":80.0},""M4_vix"":{""value"":null,""score"":60.0},""_score"":84.0},""liquidity"":{""L1_price"":{""value"":303.9,""score"":100.0},""L2_dollar_vol"":{""value"":897566296.6075169,""score"":100.0},""L3_spread_proxy"":{""value"":0.05722277064823951,""score"":42.77722935176049},""L4_volume_zscore"":{""value"":-0.6509663163789959,""score"":100.0},""_score"":94.28},""pattern_structure"":{""left_low"":302.3639,""left_idx"":25,""right_low"":310.29,""right_idx"":72,""separation_bars"":47,""structural_low"":302.3639,""current_price"":303.9,""neckline_distance_pct"":0.19504771306350785,""base_bars"":47},""pattern_geometry_features"":{""low_similarity_pct"":0.025874641457436308,""bounce_pct"":0.2011189166431575,""right_bottom_reaction"":0.8065512978986294,""atr_pct"":0.08335239505476423},""_schema_version"":""1.0""}",,,,,,,,,,
20260604T164444Z-6b270e,2026-06-04T16:44:44.043038+00:00,DIOD,vcp,absent,43.6,83.1,35.0,28.6,37.7,4.8,44.4,36.3,84.0,76.9,12.46,8.75,3.43,4.52,0.63,3.11,1.81,5.04,3.84,False,,114.37,117.8,89.6547,108.4899,"{""trend"":{""T1_ema_stack"":{""value"":[true,true,true],""score"":100.0},""T2_ema50_slope"":{""value"":0.4303513822985505,""score"":100},""T3_high_proximity"":{""value"":0.9840819136121151,""score"":92.04095680605751},""T4_rs_1m"":{""value"":-0.028654592235409337,""score"":21.34540776459066},""T5_rs_3m"":{""value"":0.6649606839055526,""score"":100},""T6_adr_healthy"":{""value"":5.926570508830952,""score"":100.0},""_score"":83.08},""geometry"":{""sub_contraction_count"":100.0,""sub_reduction_rate"":0,""sub_pivot_tightness"":0,""sub_volume_dryup"":0,""sub_base_depth"":0.0,""sub_base_duration"":100.0,""_score"":35.0},""compression"":{""VC1_atr_ratio"":{""value"":0.7597232564189753,""score"":60.06918589525617},""VC2_range_contraction"":{""value"":1.1681097544280858,""score"":0},""VC3_range_pct_rank"":{""score"":18.333333333333336},""_score"":28.61},""sr_quality"":{""SR1_touches"":{""value"":2,""score"":25.0},""SR2_tightness"":{""value"":1.3699999999999974,""score"":60.671455945571665},""SR3_recency"":{""value"":274,""score"":0.0},""SR4_price_location"":{""score"":30.0},""SR5_reaction"":{""value"":1.8088977242552335,""score"":90.44488621276167},""_score"":37.67,""_levels_found"":3,""_target_level"":73.68},""volume"":{""V1_rvol_day"":{""value"":0.14785600558595438,""score"":0},""V2_rvol_sameslot"":{""value"":0.3355265995188744,""score"":0,""status"":""ok""},""V3_breakout_bar"":{""value"":0.27679354437445036,""score"":0},""V4_base_dryup"":{""value"":1.258765916036366,""score"":24.123408396363402},""V5_bo_expansion"":{""value"":0.14785600558595438,""score"":0},""_score"":4.82},""readiness"":{""_distance_atr"":0.492,""BR1_atr_distance"":{""score"":67.17836834387126},""BR2_compression"":{""score"":0},""BR3_retest"":{""score"":50.0},""BR4_bo_age"":{""score"":50.0},""_score"":44.37},""risk"":{""R1_stop_clarity"":{""score"":60.80637868794796},""R2_stop_distance_pct"":{""value"":21.609950161755716,""score"":0.0},""R3_stop_distance_atr"":{""value"":3.547506441125602,""score"":100.0},""R4_rr_potential"":{""value"":-0.2379133573130812,""score"":0.0},""_score"":36.28},""market"":{""M1_spy_regime"":{""score"":100.0},""M3_earnings_risk"":{""value"":null,""score"":80.0},""M4_vix"":{""value"":null,""score"":60.0},""_score"":84.0},""liquidity"":{""L1_price"":{""value"":114.37,""score"":100.0},""L2_dollar_vol"":{""value"":13536019.4986232,""score"":56.57454856480935},""L3_spread_proxy"":{""value"":0.057532569729824234,""score"":42.46743027017577},""L4_volume_zscore"":{""value"":-2.85457094637852,""score"":100.0},""_score"":76.88},""pattern_structure"":{""n_contractions"":5,""contractions_pct"":[20.36,19.33,14.96,11.96,22.73],""descending_strict"":false,""final_low"":91.02,""final_pivot"":117.8,""structural_low"":91.02,""dry_up_ratio"":1.099448036873817,""current_price"":114.37,""neckline_distance_pct"":0.029990382093206196,""base_bars"":67},""pattern_geometry_features"":{""contraction_count"":5.0,""first_contraction_pct"":0.20364606981528566,""last_contraction_pct"":0.2273344651952462,""dry_up_ratio"":1.099448036873817,""near_monotone"":0.0,""base_depth_pct"":-0.11394090556958203},""_schema_version"":""1.0""}",,,,,,,,,,
20260604T164444Z-6b270e,2026-06-04T16:44:44.043038+00:00,LUNR,vcp,absent,43.51,71.7,35.0,15.8,44.4,13.6,38.5,54.5,84.0,91.2,10.75,8.75,1.9,5.32,1.77,2.7,2.73,5.04,4.56,False,,33.73,38.55,30.4562,26.77,"{""trend"":{""T1_ema_stack"":{""value"":[false,true,true],""score"":66.66666666666666},""T2_ema50_slope"":{""value"":1.1845472905005403,""score"":100},""T3_high_proximity"":{""value"":0.7380743982494529,""score"":0},""T4_rs_1m"":{""value"":0.31480383070365847,""score"":100},""T5_rs_3m"":{""value"":0.7984654832495572,""score"":100},""T6_adr_healthy"":{""value"":13.721959581013794,""score"":0.0},""_score"":71.67},""geometry"":{""sub_contraction_count"":100.0,""sub_reduction_rate"":0,""sub_pivot_tightness"":0,""sub_volume_dryup"":0,""sub_base_depth"":0.0,""sub_base_duration"":100.0,""_score"":35.0},""compression"":{""VC1_atr_ratio"":{""value"":1.0344208156987347,""score"":0},""VC2_range_contraction"":{""value"":1.3243827513542727,""score"":0},""VC3_range_pct_rank"":{""score"":63.33333333333333},""_score"":15.83},""sr_quality"":{""SR1_touches"":{""value"":2,""score"":25.0},""SR2_tightness"":{""value"":0.11499999999999844,""score"":95.79748031537176},""SR3_recency"":{""value"":236,""score"":0.0},""SR4_price_location"":{""score"":30.0},""SR5_reaction"":{""value"":2.1012598423141524,""score"":100},""_score"":44.37,""_levels_found"":3,""_target_level"":31.035},""volume"":{""V1_rvol_day"":{""value"":0.47025191783815773,""score"":0},""V2_rvol_sameslot"":{""value"":1.0153590453671408,""score"":34.35726969114272,""status"":""ok""},""V3_breakout_bar"":{""value"":0.6903392045876966,""score"":12.68928030584644},""V4_base_dryup"":{""value"":1.3225975017244922,""score"":17.740249827550784},""V5_bo_expansion"":{""value"":0.47025191783815784,""score"":0},""_score"":13.59},""readiness"":{""_distance_atr"":0.881,""BR1_atr_distance"":{""score"":41.286536579975554},""BR2_compression"":{""score"":17.99007573179564},""BR3_retest"":{""score"":50.0},""BR4_bo_age"":{""score"":50.0},""_score"":38.51},""risk"":{""R1_stop_clarity"":{""score"":83.05105539364692},""R2_stop_distance_pct"":{""value"":9.705899792469594,""score"":57.35250518826014},""R3_stop_distance_atr"":{""value"":0.5981829975450488,""score"":54.90914987725244},""R4_rr_potential"":{""value"":-2.1259698210031197,""score"":0.0},""_score"":54.51},""market"":{""M1_spy_regime"":{""score"":100.0},""M3_earnings_risk"":{""value"":null,""score"":80.0},""M4_vix"":{""value"":null,""score"":60.0},""_score"":84.0},""liquidity"":{""L1_price"":{""value"":33.73,""score"":100.0},""L2_dollar_vol"":{""value"":276797862.93595153,""score"":100.0},""L3_spread_proxy"":{""value"":0.08804921434924398,""score"":11.950785650756018},""L4_volume_zscore"":{""value"":-0.9534510336908754,""score"":100.0},""_score"":91.2},""pattern_structure"":{""n_contractions"":5,""contractions_pct"":[19.38,16.37,27.39,26.97,19.79],""descending_strict"":false,""final_low"":30.92,""final_pivot"":38.55,""structural_low"":30.92,""dry_up_ratio"":1.64826885488126,""current_price"":33.73,""neckline_distance_pct"":0.14289949599762825,""base_bars"":59},""pattern_geometry_features"":{""contraction_count"":5.0,""first_contraction_pct"":0.1938349007314525,""last_contraction_pct"":0.1979247730220492,""dry_up_ratio"":1.64826885488126,""near_monotone"":0.0,""base_depth_pct"":-0.6154649947753397},""_schema_version"":""1.0""}",,,,,,,,,,
20260604T164444Z-6b270e,2026-06-04T16:44:44.043038+00:00,VRT,bull_flag,absent,43.42,60.4,29.6,59.6,44.2,15.4,22.0,79.1,84.0,95.0,8.46,8.88,5.36,4.42,2.16,1.98,2.37,5.04,4.75,False,,319.7399,345.18,301.41,383.0599,"{""trend"":{""T1_ema_stack"":{""value"":[false,true,true],""score"":66.66666666666666},""T2_ema50_slope"":{""value"":0.4096056408081596,""score"":100},""T3_high_proximity"":{""value"":0.8498522180581026,""score"":24.92610902905129},""T4_rs_1m"":{""value"":-0.10767813989309005,""score"":0},""T5_rs_3m"":{""value"":0.16982020707355128,""score"":100},""T6_adr_healthy"":{""value"":5.245176150236215,""score"":100.0},""_score"":60.41},""geometry"":{""sub_pole_impulse"":26.6,""sub_flag_tightness"":0,""sub_flag_shallowness"":0,""sub_flag_drift"":77.4,""sub_flag_duration"":100.0,""_score"":29.59},""compression"":{""VC1_atr_ratio"":{""value"":0.3499974832290076,""score"":100},""VC2_range_contraction"":{""value"":0.8466443529163324,""score"":25.559274513944597},""VC3_range_pct_rank"":{""score"":42.50000000000001},""_score"":59.57},""sr_quality"":{""SR1_touches"":{""value"":3,""score"":50.0},""SR2_tightness"":{""value"":2.9463683487756054,""score"":69.15806766083762},""SR3_recency"":{""value"":230,""score"":0.0},""SR4_price_location"":{""score"":30.0},""SR5_reaction"":{""value"":1.5131156907643664,""score"":75.65578453821831},""_score"":44.22,""_levels_found"":7,""_target_level"":311.3367},""volume"":{""V1_rvol_day"":{""value"":0.6393442818731998,""score"":9.289618791546655},""V2_rvol_sameslot"":{""value"":0.7177370678246467,""score"":14.515804521643116,""status"":""ok""},""V3_breakout_bar"":{""value"":0.6157195864416221,""score"":7.7146390961081375},""V4_base_dryup"":{""value"":1.0644554128669463,""score"":43.554458713305365},""V5_bo_expansion"":{""value"":0.6393442818731998,""score"":0},""_score"":15.4},""readiness"":{""_distance_atr"":1.332,""BR1_atr_distance"":{""score"":11.232886271944054},""BR2_compression"":{""score"":0},""BR3_retest"":{""score"":50.0},""BR4_bo_age"":{""score"":50.0},""_score"":21.99},""risk"":{""R1_stop_clarity"":{""score"":51.95289499509288},""R2_stop_distance_pct"":{""value"":5.732753403625888,""score"":100.0},""R3_stop_distance_atr"":{""value"":0.9593666993784763,""score"":72.96833496892381},""R4_rr_potential"":{""value"":3.454465108920399,""score"":100.0},""_score"":79.13},""market"":{""M1_spy_regime"":{""score"":100.0},""M3_earnings_risk"":{""value"":null,""score"":80.0},""M4_vix"":{""value"":null,""score"":60.0},""_score"":84.0},""liquidity"":{""L1_price"":{""value"":319.7399,""score"":100.0},""L2_dollar_vol"":{""value"":1151417299.8797884,""score"":100.0},""L3_spread_proxy"":{""value"":0.04954964957454487,""score"":50.45035042545513},""L4_volume_zscore"":{""value"":-1.3689744523783132,""score"":100.0},""_score"":95.05},""pattern_structure"":{""pole_low"":307.3001,""pole_low_idx"":27,""peak_price"":345.18,""peak_idx"":45,""pole_gain"":0.12326680010842829,""flag_bars"":14,""flag_low"":306.0,""flag_high"":343.63,""structural_low"":306.0,""current_price"":319.45,""neckline_distance_pct"":0.08054468617937086,""base_bars"":14},""pattern_geometry_features"":{""pole_gain"":0.12326680010842829,""pullback_pct"":0.11350599687119765,""flag_range_pct"":0.10901558607103538,""flag_drift_per_bar"":-0.004510097884585303,""atr_pct"":0.05975560134972206,""pole_atr_multiple"":2.0628492948636628},""_schema_version"":""1.0""}",,,,,,,,,,
20260604T164444Z-6b270e,2026-06-04T16:44:44.043038+00:00,DELL,vcp,breakout_confirmed,43.27,92.3,35.0,7.3,37.1,19.4,24.2,26.7,84.0,94.9,13.85,8.75,0.87,4.46,2.52,1.69,1.34,5.04,4.75,False,,418.44,260.54,223.861,186.99,"{""trend"":{""T1_ema_stack"":{""value"":[true,true,true],""score"":100.0},""T2_ema50_slope"":{""value"":0.8220094528019242,""score"":100},""T3_high_proximity"":{""value"":0.8980169971671389,""score"":49.00849858356943},""T4_rs_1m"":{""value"":0.8890796944181081,""score"":100},""T5_rs_3m"":{""value"":1.745436223089567,""score"":100},""T6_adr_healthy"":{""value"":6.1782946677419694,""score"":100.0},""_score"":92.35},""geometry"":{""sub_contraction_count"":100.0,""sub_reduction_rate"":0,""sub_pivot_tightness"":0,""sub_volume_dryup"":0,""sub_base_depth"":0.0,""sub_base_duration"":100.0,""_score"":35.0},""compression"":{""VC1_atr_ratio"":{""value"":1.8165523767561405,""score"":0},""VC2_range_contraction"":{""value"":1.3079904429526308,""score"":0},""VC3_range_pct_rank"":{""score"":29.166666666666664},""_score"":7.29},""sr_quality"":{""SR1_touches"":{""value"":2,""score"":25.0},""SR2_tightness"":{""value"":1.7249999999999943,""score"":88.06112998067786},""SR3_recency"":{""value"":239,""score"":0.0},""SR4_price_location"":{""score"":30.0},""SR5_reaction"":{""value"":1.1897343514907153,""score"":59.48671757453576},""_score"":37.13,""_levels_found"":5,""_target_level"":262.265},""volume"":{""V1_rvol_day"":{""value"":0.5885795376625192,""score"":5.905302510834617},""V2_rvol_sameslot"":{""value"":1.2126670281011265,""score"":47.51113520674177,""status"":""ok""},""V3_breakout_bar"":{""value"":0.5885455797703161,""score"":5.9030386513544055},""V4_base_dryup"":{""value"":1.1393993283754908,""score"":36.06006716245091},""V5_bo_expansion"":{""value"":0.5885795376625192,""score"":0},""_score"":19.37},""readiness"":{""_distance_atr"":-5.464,""BR1_atr_distance"":{""score"":0},""BR2_compression"":{""score"":26.680837915073013},""BR3_retest"":{""score"":50.0},""BR4_bo_age"":{""score"":50.0},""_score"":24.17},""risk"":{""R1_stop_clarity"":{""score"":76.40567835398818},""R2_stop_distance_pct"":{""value"":46.50106347385527,""score"":0.0},""R3_stop_distance_atr"":{""value"":6.733489815748382,""score"":0.0},""R4_rr_potential"":{""value"":-1.1894908521755039,""score"":0.0},""_score"":26.74},""market"":{""M1_spy_regime"":{""score"":100.0},""M3_earnings_risk"":{""value"":null,""score"":80.0},""M4_vix"":{""value"":null,""score"":60.0},""_score"":84.0},""liquidity"":{""L1_price"":{""value"":418.44,""score"":100.0},""L2_dollar_vol"":{""value"":2839269747.2245283,""score"":100.0},""L3_spread_proxy"":{""value"":0.050688270719816415,""score"":49.311729280183584},""L4_volume_zscore"":{""value"":-0.5046436346257172,""score"":100.0},""_score"":94.93},""pattern_structure"":{""n_contractions"":5,""contractions_pct"":[10.55,7.12,16.64,9.33,12.77],""descending_strict"":false,""final_low"":227.27,""final_pivot"":260.54,""structural_low"":227.27,""dry_up_ratio"":2.8918000367747014,""current_price"":418.44,""neckline_distance_pct"":-0.37735398145492777,""base_bars"":55},""pattern_geometry_features"":{""contraction_count"":5.0,""first_contraction_pct"":0.10554905022118133,""last_contraction_pct"":0.1276963230214171,""dry_up_ratio"":2.8918000367747014,""near_monotone"":0.0,""base_depth_pct"":-0.47846734322144163},""_schema_version"":""1.0""}",,,,,,,,,,
20260604T164444Z-6b270e,2026-06-04T16:44:44.043038+00:00,LMT,double_bottom,absent,43.22,17.6,46.4,71.6,39.9,20.2,17.5,63.1,84.0,96.3,2.64,11.6,5.73,5.59,2.63,1.4,3.78,5.04,4.82,True,risk_unclear,516.03,541.21,502.8819,571.88,"{""trend"":{""T1_ema_stack"":{""value"":[false,false,true],""score"":33.33333333333333},""T2_ema50_slope"":{""value"":-0.28432728493140036,""score"":2.612119178099938},""T3_high_proximity"":{""value"":0.7681646992274141,""score"":0},""T4_rs_1m"":{""value"":-0.03132597642489632,""score"":18.674023575103682},""T5_rs_3m"":{""value"":-0.32258757169758623,""score"":0},""T6_adr_healthy"":{""value"":1.9145245518383431,""score"":100.0},""_score"":17.59},""geometry"":{""sub_low_similarity"":54.0,""sub_bounce_quality"":43.0,""sub_separation_fit"":13.3,""sub_right_bottom_reaction"":90.8,""sub_base_context"":30.0,""_score"":46.41},""compression"":{""VC1_atr_ratio"":{""value"":0.38949163942343923,""score"":100},""VC2_range_contraction"":{""value"":0.804549191100109,""score"":32.5751348166485},""VC3_range_pct_rank"":{""score"":80.83333333333333},""_score"":71.61},""sr_quality"":{""SR1_touches"":{""value"":2,""score"":25.0},""SR2_tightness"":{""value"":0.5600000000000023,""score"":89.40267014864644},""SR3_recency"":{""value"":271,""score"":0.0},""SR4_price_location"":{""score"":15.970529135967816},""SR5_reaction"":{""value"":4.413504026039149,""score"":100},""_score"":39.9,""_levels_found"":4,""_target_level"":594.44},""volume"":{""V1_rvol_day"":{""value"":0.23042302516210983,""score"":0},""V2_rvol_sameslot"":{""value"":0.7568263617568728,""score"":17.121757450458187,""status"":""ok""},""V3_breakout_bar"":{""value"":0.6936449073860383,""score"":12.909660492402555},""V4_base_dryup"":{""value"":0.8219944315418134,""score"":67.80055684581866},""V5_bo_expansion"":{""value"":0.23042302516210983,""score"":0},""_score"":20.21},""readiness"":{""_distance_atr"":2.383,""BR1_atr_distance"":{""score"":0},""BR2_compression"":{""score"":0},""BR3_retest"":{""score"":50.0},""BR4_bo_age"":{""score"":50.0},""_score"":17.5},""risk"":{""R1_stop_clarity"":{""score"":0},""R2_stop_distance_pct"":{""value"":2.547933259694193,""score"":100.0},""R3_stop_distance_atr"":{""value"":1.2440602912373266,""score"":87.20301456186633},""R4_rr_potential"":{""value"":4.247762034058182,""score"":100.0},""_score"":63.08},""market"":{""M1_spy_regime"":{""score"":100.0},""M3_earnings_risk"":{""value"":null,""score"":80.0},""M4_vix"":{""value"":null,""score"":60.0},""_score"":84.0},""liquidity"":{""L1_price"":{""value"":516.03,""score"":91.98500000000001},""L2_dollar_vol"":{""value"":146350469.34778,""score"":100.0},""L3_spread_proxy"":{""value"":0.016592058601244138,""score"":83.40794139875587},""L4_volume_zscore"":{""value"":-2.2504936300592866,""score"":100.0},""_score"":96.34},""pattern_structure"":{""left_low"":522.43,""left_idx"":28,""right_low"":510.54,""right_idx"":71,""separation_bars"":43,""structural_low"":510.54,""current_price"":515.86,""neckline_distance_pct"":0.04914123987128295,""base_bars"":43},""pattern_geometry_features"":{""low_similarity_pct"":0.023020997705644752,""bounce_pct"":0.06007364751047913,""right_bottom_reaction"":0.9081196581196562,""atr_pct"":0.02048078600081392},""_schema_version"":""1.0""}",,,,,,,,,,
20260604T164444Z-6b270e,2026-06-04T16:44:44.043038+00:00,BA,double_bottom,absent,43.19,31.4,47.2,57.9,40.0,9.1,17.5,65.3,84.0,98.1,4.7,11.81,4.63,5.59,1.19,1.4,3.92,5.04,4.91,True,risk_unclear,216.3287,232.3,208.357,253.07,"{""trend"":{""T1_ema_stack"":{""value"":[false,false,true],""score"":33.33333333333333},""T2_ema50_slope"":{""value"":0.01781373528713956,""score"":52.96895588118993},""T3_high_proximity"":{""value"":0.899121778886118,""score"":49.560889443058976},""T4_rs_1m"":{""value"":-0.08115924604689984,""score"":0},""T5_rs_3m"":{""value"":-0.1362293238407729,""score"":0},""T6_adr_healthy"":{""value"":2.981083117595758,""score"":100.0},""_score"":31.36},""geometry"":{""sub_low_similarity"":40.6,""sub_bounce_quality"":97.4,""sub_separation_fit"":60.0,""sub_right_bottom_reaction"":3.8,""sub_base_context"":30.0,""_score"":47.23},""compression"":{""VC1_atr_ratio"":{""value"":0.6310664028824619,""score"":92.23339927938453},""VC2_range_contraction"":{""value"":0.9679874130050573,""score"":5.335431165823783},""VC3_range_pct_rank"":{""score"":76.66666666666666},""_score"":57.93},""sr_quality"":{""SR1_touches"":{""value"":3,""score"":50.0},""SR2_tightness"":{""value"":1.5007849797874304,""score"":56.58886422102476},""SR3_recency"":{""value"":229,""score"":0.0},""SR4_price_location"":{""score"":5.840342887187714},""SR5_reaction"":{""value"":3.3669421487603293,""score"":100},""_score"":39.95,""_levels_found"":3,""_target_level"":231.0733},""volume"":{""V1_rvol_day"":{""value"":0.3950671654191748,""score"":0},""V2_rvol_sameslot"":{""value"":0.41186403448897324,""score"":0,""status"":""ok""},""V3_breakout_bar"":{""value"":0.46651054454632435,""score"":0},""V4_base_dryup"":{""value"":1.042863079482487,""score"":45.71369205175131},""V5_bo_expansion"":{""value"":0.39506716541917475,""score"":0},""_score"":9.14},""readiness"":{""_distance_atr"":2.31,""BR1_atr_distance"":{""score"":0},""BR2_compression"":{""score"":0},""BR3_retest"":{""score"":50.0},""BR4_bo_age"":{""score"":50.0},""_score"":17.5},""risk"":{""R1_stop_clarity"":{""score"":8.220454545454174},""R2_stop_distance_pct"":{""value"":3.684971064865647,""score"":100.0},""R3_stop_distance_atr"":{""value"":1.1529245867768605,""score"":82.64622933884303},""R4_rr_potential"":{""value"":4.6089956282576345,""score"":100.0},""_score"":65.27},""market"":{""M1_spy_regime"":{""score"":100.0},""M3_earnings_risk"":{""value"":null,""score"":80.0},""M4_vix"":{""value"":null,""score"":60.0},""_score"":84.0},""liquidity"":{""L1_price"":{""value"":216.3287,""score"":100.0},""L2_dollar_vol"":{""value"":646442414.1262223,""score"":100.0},""L3_spread_proxy"":{""value"":0.018906414174355853,""score"":81.09358582564414},""L4_volume_zscore"":{""value"":-1.542217410754225,""score"":100.0},""_score"":98.11},""pattern_structure"":{""left_low"":217.91,""left_idx"":40,""right_low"":211.53,""right_idx"":76,""separation_bars"":36,""structural_low"":211.53,""current_price"":216.38,""neckline_distance_pct"":0.0735742674923746,""base_bars"":36},""pattern_geometry_features"":{""low_similarity_pct"":0.029713114754098338,""bounce_pct"":0.09818938212073942,""right_bottom_reaction"":0.03763440860214717,""atr_pct"":0.03196194362692383},""_schema_version"":""1.0""}",,,,,,,,,,
20260604T164444Z-6b270e,2026-06-04T16:44:44.043038+00:00,HII,double_bottom,absent,43.15,13.3,46.5,79.1,30.8,24.6,38.6,50.4,84.0,90.4,2.0,11.63,6.33,4.32,3.2,3.09,3.02,5.04,4.52,True,risk_unclear,292.38,298.45,283.1777,309.41,"{""trend"":{""T1_ema_stack"":{""value"":[false,false,true],""score"":33.33333333333333},""T2_ema50_slope"":{""value"":-0.6172196888264901,""score"":0},""T3_high_proximity"":{""value"":0.6806182783183575,""score"":0},""T4_rs_1m"":{""value"":-0.14876315426077769,""score"":0},""T5_rs_3m"":{""value"":-0.4162106435220404,""score"":0},""T6_adr_healthy"":{""value"":2.7135429178615547,""score"":100.0},""_score"":13.33},""geometry"":{""sub_low_similarity"":70.9,""sub_bounce_quality"":11.6,""sub_separation_fit"":100.0,""sub_right_bottom_reaction"":12.9,""sub_base_context"":30.0,""_score"":46.53},""compression"":{""VC1_atr_ratio"":{""value"":0.45107135747278965,""score"":100},""VC2_range_contraction"":{""value"":0.7472464228011206,""score"":42.12559619981323},""VC3_range_pct_rank"":{""score"":97.5},""_score"":79.12},""sr_quality"":{""SR1_touches"":{""value"":2,""score"":25.0},""SR2_tightness"":{""value"":1.8799999999999955,""score"":55.553566648963624},""SR3_recency"":{""value"":239,""score"":0.0},""SR4_price_location"":{""score"":0},""SR5_reaction"":{""value"":4.655645684921735,""score"":100},""_score"":30.83,""_levels_found"":5,""_target_level"":337.88},""volume"":{""V1_rvol_day"":{""value"":0.2620163786507562,""score"":0},""V2_rvol_sameslot"":{""value"":0.8728324327231599,""score"":24.855495514877326,""status"":""ok""},""V3_breakout_bar"":{""value"":0.732983724726893,""score"":15.532248315126198},""V4_base_dryup"":{""value"":0.7123143826637727,""score"":78.76856173362273},""V5_bo_expansion"":{""value"":0.2620163786507562,""score"":0},""_score"":24.61},""readiness"":{""_distance_atr"":0.718,""BR1_atr_distance"":{""score"":52.164920134611506},""BR2_compression"":{""score"":1.0857917950306182},""BR3_retest"":{""score"":50.0},""BR4_bo_age"":{""score"":50.0},""_score"":38.64},""risk"":{""R1_stop_clarity"":{""score"":0},""R2_stop_distance_pct"":{""value"":3.147393802585665,""score"":100.0},""R3_stop_distance_atr"":{""value"":1.0877969041167794,""score"":79.38984520583897},""R4_rr_potential"":{""value"":1.8506142452743086,""score"":42.53071226371543},""_score"":50.41},""market"":{""M1_spy_regime"":{""score"":100.0},""M3_earnings_risk"":{""value"":null,""score"":80.0},""M4_vix"":{""value"":null,""score"":60.0},""_score"":84.0},""liquidity"":{""L1_price"":{""value"":292.38,""score"":100.0},""L2_dollar_vol"":{""value"":40459548.65939184,""score"":80.3510516876453},""L3_spread_proxy"":{""value"":0.017101032902387306,""score"":82.8989670976127},""L4_volume_zscore"":{""value"":-1.786059603060599,""score"":100.0},""_score"":90.43},""pattern_structure"":{""left_low"":291.71,""left_idx"":60,""right_low"":287.49,""right_idx"":76,""separation_bars"":16,""structural_low"":287.49,""current_price"":292.36,""neckline_distance_pct"":0.02083048296620596,""base_bars"":16},""pattern_geometry_features"":{""low_similarity_pct"":0.014571823204419786,""bounce_pct"":0.0381230651500921,""right_bottom_reaction"":0.12887236679057892,""atr_pct"":0.02893365287834814},""_schema_version"":""1.0""}",,,,,,,,,,
20260604T164444Z-6b270e,2026-06-04T16:44:44.043038+00:00,ACN,vcp,absent,43.12,10.4,39.9,46.6,58.6,18.8,59.1,50.2,84.0,96.9,1.56,9.98,5.59,7.03,2.44,4.14,2.51,5.04,4.85,False,,180.3,181.29,153.4778,316.565,"{""trend"":{""T1_ema_stack"":{""value"":[false,false,false],""score"":0.0},""T2_ema50_slope"":{""value"":-0.2969199081901927,""score"":0.5133486349678833},""T3_high_proximity"":{""value"":0.8386046511627907,""score"":19.30232558139533},""T4_rs_1m"":{""value"":-0.03807051313368315,""score"":11.92948686631685},""T5_rs_3m"":{""value"":-0.2678962682803072,""score"":0},""T6_adr_healthy"":{""value"":4.187269186089295,""score"":100.0},""_score"":10.38},""geometry"":{""sub_contraction_count"":100.0,""sub_reduction_rate"":0,""sub_pivot_tightness"":0,""sub_volume_dryup"":32.7,""sub_base_depth"":0.0,""sub_base_duration"":100.0,""_score"":39.91},""compression"":{""VC1_atr_ratio"":{""value"":0.701259073862704,""score"":74.68523153432399},""VC2_range_contraction"":{""value"":0.931229948393005,""score"":11.461675267832502},""VC3_range_pct_rank"":{""score"":50.83333333333333},""_score"":46.59},""sr_quality"":{""SR1_touches"":{""value"":4,""score"":75.0},""SR2_tightness"":{""value"":2.04581137632481,""score"":50.43823007165915},""SR3_recency"":{""value"":236,""score"":0.0},""SR4_price_location"":{""score"":53.989446987144106},""SR5_reaction"":{""value"":2.190875813547087,""score"":100},""_score"":58.56,""_levels_found"":7,""_target_level"":184.2457},""volume"":{""V1_rvol_day"":{""value"":0.3306190279573389,""score"":0},""V2_rvol_sameslot"":{""value"":0.8930888911116971,""score"":26.20592607411314,""status"":""ok""},""V3_breakout_bar"":{""value"":0.845614437592258,""score"":23.04096250615053},""V4_base_dryup"":{""value"":1.1116384806589266,""score"":38.83615193410734},""V5_bo_expansion"":{""value"":0.33061902795733894,""score"":0},""_score"":18.77},""readiness"":{""_distance_atr"":0.12,""BR1_atr_distance"":{""score"":92.00542910963095},""BR2_compression"":{""score"":19.124774538118544},""BR3_retest"":{""score"":50.0},""BR4_bo_age"":{""score"":50.0},""_score"":59.08},""risk"":{""R1_stop_clarity"":{""score"":43.37845166896037},""R2_stop_distance_pct"":{""value"":14.876442041042706,""score"":0.0},""R3_stop_distance_atr"":{""value"":3.248972412120199,""score"":100.0},""R4_rr_potential"":{""value"":5.080301876522172,""score"":100.0},""_score"":50.18},""market"":{""M1_spy_regime"":{""score"":100.0},""M3_earnings_risk"":{""value"":null,""score"":80.0},""M4_vix"":{""value"":null,""score"":60.0},""_score"":84.0},""liquidity"":{""L1_price"":{""value"":180.3,""score"":100.0},""L2_dollar_vol"":{""value"":348206612.3565831,""score"":100.0},""L3_spread_proxy"":{""value"":0.03089295618413751,""score"":69.10704381586248},""L4_volume_zscore"":{""value"":-1.4322999420924851,""score"":100.0},""_score"":96.91},""pattern_structure"":{""n_contractions"":5,""contractions_pct"":[6.48,9.28,12.2,12.93,14.05],""descending_strict"":false,""final_low"":155.815,""final_pivot"":181.29,""structural_low"":155.815,""dry_up_ratio"":0.8364452218307932,""current_price"":180.3,""neckline_distance_pct"":0.005490848585690408,""base_bars"":82},""pattern_geometry_features"":{""contraction_count"":5.0,""first_contraction_pct"":0.06482531175924955,""last_contraction_pct"":0.14052071267030722,""dry_up_ratio"":0.8364452218307932,""near_monotone"":0.0,""base_depth_pct"":0.4647188154866192},""_schema_version"":""1.0""}",,,,,,,,,,
20260604T164444Z-6b270e,2026-06-04T16:44:44.043038+00:00,RKLB,vcp,absent,43.07,75.7,35.0,38.7,34.3,0.8,19.3,61.9,84.0,92.5,11.35,8.75,4.64,4.11,0.1,1.35,3.1,5.04,4.62,False,,118.65,138.38,113.5016,101.35,"{""trend"":{""T1_ema_stack"":{""value"":[false,true,true],""score"":66.66666666666666},""T2_ema50_slope"":{""value"":1.3511895477055602,""score"":100},""T3_high_proximity"":{""value"":0.7897889902150037,""score"":0},""T4_rs_1m"":{""value"":0.4611985537495802,""score"":100},""T5_rs_3m"":{""value"":0.5845803672337115,""score"":100},""T6_adr_healthy"":{""value"":8.797227442053074,""score"":80.06931394867314},""_score"":75.67},""geometry"":{""sub_contraction_count"":100.0,""sub_reduction_rate"":0,""sub_pivot_tightness"":0,""sub_volume_dryup"":0,""sub_base_depth"":0.0,""sub_base_duration"":100.0,""_score"":35.0},""compression"":{""VC1_atr_ratio"":{""value"":0.8531738842699814,""score"":36.706528932504646},""VC2_range_contraction"":{""value"":0.7886763078839996,""score"":35.22061535266674},""VC3_range_pct_rank"":{""score"":46.666666666666664},""_score"":38.68},""sr_quality"":{""SR1_touches"":{""value"":2,""score"":25.0},""SR2_tightness"":{""value"":1.6149999999999949,""score"":73.25682965097273},""SR3_recency"":{""value"":255,""score"":0.0},""SR4_price_location"":{""score"":30.0},""SR5_reaction"":{""value"":1.1061571388947535,""score"":55.30785694473768},""_score"":34.28,""_levels_found"":4,""_target_level"":91.485},""volume"":{""V1_rvol_day"":{""value"":0.43138805175439743,""score"":0},""V2_rvol_sameslot"":{""value"":0.4474769865448268,""score"":0,""status"":""ok""},""V3_breakout_bar"":{""value"":0.4884868552398018,""score"":0},""V4_base_dryup"":{""value"":1.4617003981889158,""score"":3.8299601811084187},""V5_bo_expansion"":{""value"":0.4313880517543974,""score"":0},""_score"":0.77},""readiness"":{""_distance_atr"":1.634,""BR1_atr_distance"":{""score"":0},""BR2_compression"":{""score"":7.334826911096845},""BR3_retest"":{""score"":50.0},""BR4_bo_age"":{""score"":50.0},""_score"":19.33},""risk"":{""R1_stop_clarity"":{""score"":71.37818403109833},""R2_stop_distance_pct"":{""value"":4.339190897597974,""score"":100.0},""R3_stop_distance_atr"":{""value"":0.42627206001068046,""score"":46.31360300053402},""R4_rr_potential"":{""value"":-3.3602346337247173,""score"":0.0},""_score"":61.93},""market"":{""M1_spy_regime"":{""score"":100.0},""M3_earnings_risk"":{""value"":null,""score"":80.0},""M4_vix"":{""value"":null,""score"":60.0},""_score"":84.0},""liquidity"":{""L1_price"":{""value"":118.65,""score"":100.0},""L2_dollar_vol"":{""value"":1601526209.9981897,""score"":100.0},""L3_spread_proxy"":{""value"":0.0755162241887905,""score"":24.483775811209497},""L4_volume_zscore"":{""value"":-1.2404167080130384,""score"":100.0},""_score"":92.45},""pattern_structure"":{""n_contractions"":5,""contractions_pct"":[18.03,10.21,25.22,20.53,16.73],""descending_strict"":false,""final_low"":115.23,""final_pivot"":138.38,""structural_low"":115.23,""dry_up_ratio"":1.0176193845110548,""current_price"":118.65,""neckline_distance_pct"":0.1662873999157184,""base_bars"":61},""pattern_geometry_features"":{""contraction_count"":5.0,""first_contraction_pct"":0.1803069053708441,""last_contraction_pct"":0.16729296141060843,""dry_up_ratio"":1.0176193845110548,""near_monotone"":0.0,""base_depth_pct"":-0.47352941176470587},""_schema_version"":""1.0""}",,,,,,,,,,
20260604T164444Z-6b270e,2026-06-04T16:44:44.043038+00:00,QUBT,bull_flag,absent,43.07,71.9,24.2,59.0,49.6,8.1,24.0,81.0,84.0,94.3,10.06,7.26,5.31,4.96,1.14,2.16,2.43,5.04,4.71,False,,10.915,13.0,10.5691,14.97,"{""trend"":{""T1_ema_stack"":{""value"":[false,true,false],""score"":33.33333333333333},""T2_ema50_slope"":{""value"":0.6511854665078997,""score"":100},""T3_high_proximity"":{""value"":0.8809523809523808,""score"":40.47619047619039},""T4_rs_1m"":{""value"":0.09645958721600834,""score"":100},""T5_rs_3m"":{""value"":0.3034404708606544,""score"":100},""T6_adr_healthy"":{""value"":10.01710071819137,""score"":49.572482045215736},""_score"":71.88},""geometry"":{""sub_pole_impulse"":18.4,""sub_flag_tightness"":0,""sub_flag_shallowness"":0,""sub_flag_drift"":57.8,""sub_flag_duration"":100.0,""_score"":24.19},""compression"":{""VC1_atr_ratio"":{""value"":0.598071652351613,""score"":100},""VC2_range_contraction"":{""value"":1.0654361526161564,""score"":0},""VC3_range_pct_rank"":{""score"":75.83333333333333},""_score"":58.96},""sr_quality"":{""SR1_touches"":{""value"":4,""score"":75.0},""SR2_tightness"":{""value"":0.21273311184439536,""score"":62.07893497047263},""SR3_recency"":{""value"":228,""score"":0.0},""SR4_price_location"":{""score"":27.671371488162155},""SR5_reaction"":{""value"":1.4483639658681202,""score"":72.41819829340601},""_score"":49.59,""_levels_found"":5,""_target_level"":12.6663},""volume"":{""V1_rvol_day"":{""value"":0.2751215765949677,""score"":0},""V2_rvol_sameslot"":{""value"":0.5416615740976283,""score"":2.7774382731752185,""status"":""ok""},""V3_breakout_bar"":{""value"":0.5730030105350903,""score"":4.86686736900602},""V4_base_dryup"":{""value"":1.1816359609169667,""score"":31.83640390830334},""V5_bo_expansion"":{""value"":0.2751215765949677,""score"":0},""_score"":8.14},""readiness"":{""_distance_atr"":1.858,""BR1_atr_distance"":{""score"":0},""BR2_compression"":{""score"":25.902277080229947},""BR3_retest"":{""score"":50.0},""BR4_bo_age"":{""score"":50.0},""_score"":23.98},""risk"":{""R1_stop_clarity"":{""score"":71.30961248304976},""R2_stop_distance_pct"":{""value"":3.169491525423715,""score"":100.0},""R3_stop_distance_atr"":{""value"":0.30833922216492404,""score"":40.4169611082462},""R4_rr_potential"":{""value"":11.72134701546472,""score"":100.0},""_score"":81.02},""market"":{""M1_spy_regime"":{""score"":100.0},""M3_earnings_risk"":{""value"":null,""score"":80.0},""M4_vix"":{""value"":null,""score"":60.0},""_score"":84.0},""liquidity"":{""L1_price"":{""value"":10.915,""score"":100.0},""L2_dollar_vol"":{""value"":98776569.72381139,""score"":99.73269700346133},""L3_spread_proxy"":{""value"":0.05634448007329366,""score"":43.65551992670634},""L4_volume_zscore"":{""value"":-0.8081554886329486,""score"":100.0},""_score"":94.26},""pattern_structure"":{""pole_low"":11.03,""pole_low_idx"":39,""peak_price"":13.0,""peak_idx"":44,""pole_gain"":0.17860380779691756,""flag_bars"":15,""flag_low"":10.73,""flag_high"":12.698,""structural_low"":10.73,""current_price"":11.015,""neckline_distance_pct"":0.18020880617339985,""base_bars"":15},""pattern_geometry_features"":{""pole_gain"":0.17860380779691756,""pullback_pct"":0.1746153846153846,""flag_range_pct"":0.1513846153846154,""flag_drift_per_bar"":-0.00843268919006548,""atr_pct"":0.1027923565211701,""pole_atr_multiple"":1.73752031611547},""_schema_version"":""1.0""}",,,,,,,,,,
20260604T164444Z-6b270e,2026-06-04T16:44:44.043038+00:00,BABA,bull_flag,absent,43.01,16.5,36.1,76.3,64.9,17.2,27.2,56.5,84.0,98.5,2.31,10.82,6.87,6.49,2.41,2.45,1.7,5.04,4.92,True,risk_unclear,126.3,134.09,124.3563,144.75,"{""trend"":{""T1_ema_stack"":{""value"":[false,false,false],""score"":0.0},""T2_ema50_slope"":{""value"":-0.10417610693451233,""score"":32.63731551091461},""T3_high_proximity"":{""value"":0.8661957341746107,""score"":33.09786708730533},""T4_rs_1m"":{""value"":-0.0903395696368241,""score"":0},""T5_rs_3m"":{""value"":-0.14148982839344615,""score"":0},""T6_adr_healthy"":{""value"":2.689945052805269,""score"":100.0},""_score"":16.49},""geometry"":{""sub_pole_impulse"":41.5,""sub_flag_tightness"":4.9,""sub_flag_shallowness"":0,""sub_flag_drift"":82.7,""sub_flag_duration"":100.0,""_score"":36.08},""compression"":{""VC1_atr_ratio"":{""value"":0.4615663708320202,""score"":100},""VC2_range_contraction"":{""value"":0.7350020397559847,""score"":44.16632670733589},""VC3_range_pct_rank"":{""score"":83.33333333333334},""_score"":76.29},""sr_quality"":{""SR1_touches"":{""value"":4,""score"":75.0},""SR2_tightness"":{""value"":0.8886506625215587,""score"":56.63607781351754},""SR3_recency"":{""value"":240,""score"":0.0},""SR4_price_location"":{""score"":75.69884977344017},""SR5_reaction"":{""value"":2.6622080864412685,""score"":100},""_score"":64.92,""_levels_found"":7,""_target_level"":129.62},""volume"":{""V1_rvol_day"":{""value"":0.33924106695959527,""score"":0},""V2_rvol_sameslot"":{""value"":0.4967400280236167,""score"":0,""status"":""ok""},""V3_breakout_bar"":{""value"":0.548842410764085,""score"":3.256160717605668},""V4_base_dryup"":{""value"":0.6800797988771012,""score"":81.99202011228988},""V5_bo_expansion"":{""value"":0.33924106695959527,""score"":0},""_score"":17.21},""readiness"":{""_distance_atr"":1.901,""BR1_atr_distance"":{""score"":0},""BR2_compression"":{""score"":38.765637273274},""BR3_retest"":{""score"":50.0},""BR4_bo_age"":{""score"":50.0},""_score"":27.19},""risk"":{""R1_stop_clarity"":{""score"":7.5897525270130615},""R2_stop_distance_pct"":{""value"":1.5389944576405339,""score"":88.47486144101336},""R3_stop_distance_atr"":{""value"":0.47425060996862867,""score"":48.71253049843143},""R4_rr_potential"":{""value"":9.491961414791026,""score"":100.0},""_score"":56.51},""market"":{""M1_spy_regime"":{""score"":100.0},""M3_earnings_risk"":{""value"":null,""score"":80.0},""M4_vix"":{""value"":null,""score"":60.0},""_score"":84.0},""liquidity"":{""L1_price"":{""value"":126.3,""score"":100.0},""L2_dollar_vol"":{""value"":540950051.657931,""score"":100.0},""L3_spread_proxy"":{""value"":0.015201900237529592,""score"":84.7980997624704},""L4_volume_zscore"":{""value"":-1.1067487331850985,""score"":100.0},""_score"":98.48},""pattern_structure"":{""pole_low"":123.43,""pole_low_idx"":33,""peak_price"":134.09,""peak_idx"":47,""pole_gain"":0.08636474114882926,""flag_bars"":12,""flag_low"":126.25,""flag_high"":132.86,""structural_low"":126.25,""current_price"":126.365,""neckline_distance_pct"":0.06113243382265666,""base_bars"":12},""pattern_geometry_features"":{""pole_gain"":0.08636474114882926,""pullback_pct"":0.05846819300469836,""flag_range_pct"":0.04929524945931847,""flag_drift_per_bar"":-0.0034613627578451763,""atr_pct"":0.032451080194548135,""pole_atr_multiple"":2.661382629825024},""_schema_version"":""1.0""}",,,,,,,,,,
20260604T164444Z-6b270e,2026-06-04T16:44:44.043038+00:00,RGTI,bull_flag,absent,42.81,79.8,26.8,23.4,53.9,9.2,29.5,83.5,84.0,92.6,11.17,8.03,2.1,5.39,1.29,2.66,2.51,5.04,4.63,False,,23.89,28.06,22.6058,32.075,"{""trend"":{""T1_ema_stack"":{""value"":[true,true,false],""score"":66.66666666666666},""T2_ema50_slope"":{""value"":0.5672105389886936,""score"":100},""T3_high_proximity"":{""value"":0.8838327783943766,""score"":41.916389197188266},""T4_rs_1m"":{""value"":0.26233128625391733,""score"":100},""T5_rs_3m"":{""value"":0.2973587997617022,""score"":100},""T6_adr_healthy"":{""value"":10.567190713227301,""score"":35.820232169317464},""_score"":79.75},""geometry"":{""sub_pole_impulse"":11.1,""sub_flag_tightness"":0,""sub_flag_shallowness"":0,""sub_flag_drift"":89.6,""sub_flag_duration"":100.0,""_score"":26.77},""compression"":{""VC1_atr_ratio"":{""value"":0.8976891077730286,""score"":25.577723056742858},""VC2_range_contraction"":{""value"":1.4902996028311357,""score"":0},""VC3_range_pct_rank"":{""score"":52.5},""_score"":23.36},""sr_quality"":{""SR1_touches"":{""value"":4,""score"":75.0},""SR2_tightness"":{""value"":0.5696493455407463,""score"":58.73409100868541},""SR3_recency"":{""value"":233,""score"":0.0},""SR4_price_location"":{""score"":37.92385837335091},""SR5_reaction"":{""value"":1.7480803162562544,""score"":87.40401581281272},""_score"":53.9,""_levels_found"":5,""_target_level"":27.1637},""volume"":{""V1_rvol_day"":{""value"":0.40056295959373905,""score"":0},""V2_rvol_sameslot"":{""value"":0.4863913087293666,""score"":0,""status"":""ok""},""V3_breakout_bar"":{""value"":0.2889578140319705,""score"":0},""V4_base_dryup"":{""value"":1.038576194473972,""score"":46.1423805526028},""V5_bo_expansion"":{""value"":0.40056295959373905,""score"":0},""_score"":9.23},""readiness"":{""_distance_atr"":1.51,""BR1_atr_distance"":{""score"":0},""BR2_compression"":{""score"":48.079805813834916},""BR3_retest"":{""score"":50.0},""BR4_bo_age"":{""score"":50.0},""_score"":29.52},""risk"":{""R1_stop_clarity"":{""score"":75.06222155530612},""R2_stop_distance_pct"":{""value"":5.375680200920888,""score"":100.0},""R3_stop_distance_atr"":{""value"":0.465161103378333,""score"":48.25805516891665},""R4_rr_potential"":{""value"":6.373369671014206,""score"":100.0},""_score"":83.51},""market"":{""M1_spy_regime"":{""score"":100.0},""M3_earnings_risk"":{""value"":null,""score"":80.0},""M4_vix"":{""value"":null,""score"":60.0},""_score"":84.0},""liquidity"":{""L1_price"":{""value"":23.89,""score"":100.0},""L2_dollar_vol"":{""value"":572557412.5719956,""score"":100.0},""L3_spread_proxy"":{""value"":0.07408957722896607,""score"":25.91042277103392},""L4_volume_zscore"":{""value"":-0.7660750625983435,""score"":100.0},""_score"":92.59},""pattern_structure"":{""pole_low"":24.045,""pole_low_idx"":26,""peak_price"":28.06,""peak_idx"":51,""pole_gain"":0.16697858182574327,""flag_bars"":8,""flag_low"":22.95,""flag_high"":25.9001,""structural_low"":22.95,""current_price"":24.1199,""neckline_distance_pct"":0.16335474027670088,""base_bars"":8},""pattern_geometry_features"":{""pole_gain"":0.16697858182574327,""pullback_pct"":0.18210976478973626,""flag_range_pct"":0.10513542409123304,""flag_drift_per_bar"":-0.0020826509783760977,""atr_pct"":0.11556598696406147,""pole_atr_multiple"":1.4448765264962433},""_schema_version"":""1.0""}",,,,,,,,,,
20260604T164444Z-6b270e,2026-06-04T16:44:44.043038+00:00,TCEHY,vcp,absent,42.74,13.3,49.1,37.8,64.7,10.0,27.4,59.4,84.0,98.8,2.0,12.27,4.54,7.77,1.3,1.92,2.97,5.04,4.94,True,risk_unclear,58.36,61.99,53.3082,72.65,"{""trend"":{""T1_ema_stack"":{""value"":[true,false,false],""score"":33.33333333333333},""T2_ema50_slope"":{""value"":-0.36783035911894124,""score"":0},""T3_high_proximity"":{""value"":0.7890751757706869,""score"":0},""T4_rs_1m"":{""value"":-0.07809086815335597,""score"":0},""T5_rs_3m"":{""value"":-0.20010922877315174,""score"":0},""T6_adr_healthy"":{""value"":1.7406120100035845,""score"":100.0},""_score"":13.33},""geometry"":{""sub_contraction_count"":100.0,""sub_reduction_rate"":0,""sub_pivot_tightness"":0,""sub_volume_dryup"":27.2,""sub_base_depth"":100.0,""sub_base_duration"":100.0,""_score"":49.08},""compression"":{""VC1_atr_ratio"":{""value"":0.7801784408886742,""score"":54.955389777831456},""VC2_range_contraction"":{""value"":1.0521884592259996,""score"":0},""VC3_range_pct_rank"":{""score"":63.33333333333333},""_score"":37.82},""sr_quality"":{""SR1_touches"":{""value"":5,""score"":100},""SR2_tightness"":{""value"":0.3556627616155504,""score"":57.47477442465022},""SR3_recency"":{""value"":240,""score"":0.0},""SR4_price_location"":{""score"":44.437612093261734},""SR5_reaction"":{""value"":2.1677342215389896,""score"":100},""_score"":64.73,""_levels_found"":8,""_target_level"":61.458},""volume"":{""V1_rvol_day"":{""value"":0.6635150738360391,""score"":10.901004922402608},""V2_rvol_sameslot"":{""value"":0.6614330436577566,""score"":10.762202910517104,""status"":""ok""},""V3_breakout_bar"":{""value"":0.4443502180270983,""score"":0},""V4_base_dryup"":{""value"":1.2168329530251667,""score"":28.31670469748333},""V5_bo_expansion"":{""value"":0.6635150738360391,""score"":0},""_score"":10.0},""readiness"":{""_distance_atr"":2.17,""BR1_atr_distance"":{""score"":0},""BR2_compression"":{""score"":39.75637330485205},""BR3_retest"":{""score"":50.0},""BR4_bo_age"":{""score"":50.0},""_score"":27.44},""risk"":{""R1_stop_clarity"":{""score"":2.936202920830354},""R2_stop_distance_pct"":{""value"":8.656271418779987,""score"":83.59321453050032},""R3_stop_distance_atr"":{""value"":3.020121274233496,""score"":100.0},""R4_rr_potential"":{""value"":2.8286947226731076,""score"":91.43473613365538},""_score"":59.39},""market"":{""M1_spy_regime"":{""score"":100.0},""M3_earnings_risk"":{""value"":null,""score"":80.0},""M4_vix"":{""value"":null,""score"":60.0},""_score"":84.0},""liquidity"":{""L1_price"":{""value"":58.36,""score"":100.0},""L2_dollar_vol"":{""value"":187325795.52,""score"":100.0},""L3_spread_proxy"":{""value"":0.012165867032213737,""score"":87.83413296778626},""L4_volume_zscore"":{""value"":-0.6205352475720042,""score"":100.0},""_score"":98.78},""pattern_structure"":{""n_contractions"":5,""contractions_pct"":[4.82,4.57,11.74,5.62,12.7],""descending_strict"":false,""final_low"":54.12,""final_pivot"":61.99,""structural_low"":54.12,""dry_up_ratio"":0.8638290765327188,""current_price"":58.36,""neckline_distance_pct"":0.06220013708019196,""base_bars"":39},""pattern_geometry_features"":{""contraction_count"":5.0,""first_contraction_pct"":0.048163013275702445,""last_contraction_pct"":0.1269559606388128,""dry_up_ratio"":0.8638290765327188,""near_monotone"":0.0,""base_depth_pct"":0.1645569620253165},""_schema_version"":""1.0""}",,,,,,,,,,
20260604T164444Z-6b270e,2026-06-04T16:44:44.043038+00:00,IBM,vcp,breakout_confirmed,42.74,75.7,45.0,7.7,43.1,7.6,30.3,21.1,84.0,96.9,11.35,11.25,0.93,5.17,0.99,2.12,1.05,5.04,4.85,False,,301.65,235.95,209.1549,283.99,"{""trend"":{""T1_ema_stack"":{""value"":[true,true,false],""score"":66.66666666666666},""T2_ema50_slope"":{""value"":0.08600273191899815,""score"":64.33378865316637},""T3_high_proximity"":{""value"":0.9162287762354584,""score"":58.11438811772918},""T4_rs_1m"":{""value"":0.27179955108400033,""score"":100},""T5_rs_3m"":{""value"":0.06537455939898118,""score"":82.68727969949059},""T6_adr_healthy"":{""value"":4.033264097353357,""score"":100.0},""_score"":75.65},""geometry"":{""sub_contraction_count"":100.0,""sub_reduction_rate"":0,""sub_pivot_tightness"":0,""sub_volume_dryup"":0,""sub_base_depth"":100.0,""sub_base_duration"":100.0,""_score"":45.0},""compression"":{""VC1_atr_ratio"":{""value"":1.3044424092584677,""score"":0},""VC2_range_contraction"":{""value"":2.1483669032566763,""score"":0},""VC3_range_pct_rank"":{""score"":30.833333333333336},""_score"":7.71},""sr_quality"":{""SR1_touches"":{""value"":2,""score"":25.0},""SR2_tightness"":{""value"":1.4050000000000011,""score"":81.93513547270798},""SR3_recency"":{""value"":323,""score"":0.0},""SR4_price_location"":{""score"":51.000418585182025},""SR5_reaction"":{""value"":1.4030806701357563,""score"":70.15403350678781},""_score"":43.06,""_levels_found"":6,""_target_level"":311.405},""volume"":{""V1_rvol_day"":{""value"":0.4081880011862909,""score"":0},""V2_rvol_sameslot"":{""value"":0.7763225763420429,""score"":18.421505089469527,""status"":""ok""},""V3_breakout_bar"":{""value"":0.46855591185618034,""score"":0},""V4_base_dryup"":{""value"":1.302469621463135,""score"":19.753037853686493},""V5_bo_expansion"":{""value"":0.4081880011862909,""score"":0},""_score"":7.63},""readiness"":{""_distance_atr"":-4.224,""BR1_atr_distance"":{""score"":0},""BR2_compression"":{""score"":51.06022220125003},""BR3_retest"":{""score"":50.0},""BR4_bo_age"":{""score"":50.0},""_score"":30.27},""risk"":{""R1_stop_clarity"":{""score"":59.04740213104781},""R2_stop_distance_pct"":{""value"":30.66305320735952,""score"":0.0},""R3_stop_distance_atr"":{""value"":5.946304095865926,""score"":2.684795206703683},""R4_rr_potential"":{""value"":-0.19092903299742334,""score"":0.0},""_score"":21.07},""market"":{""M1_spy_regime"":{""score"":100.0},""M3_earnings_risk"":{""value"":null,""score"":80.0},""M4_vix"":{""value"":null,""score"":60.0},""_score"":84.0},""liquidity"":{""L1_price"":{""value"":301.65,""score"":100.0},""L2_dollar_vol"":{""value"":1438738975.9470484,""score"":100.0},""L3_spread_proxy"":{""value"":0.030631526603679793,""score"":69.36847339632021},""L4_volume_zscore"":{""value"":-0.8053101198077536,""score"":100.0},""_score"":96.94},""pattern_structure"":{""n_contractions"":5,""contractions_pct"":[6.02,9.5,7.8,14.22,10.01],""descending_strict"":false,""final_low"":212.34,""final_pivot"":235.95,""structural_low"":212.34,""dry_up_ratio"":2.502019214595848,""current_price"":301.65,""neckline_distance_pct"":-0.2178020885131775,""base_bars"":48},""pattern_geometry_features"":{""contraction_count"":5.0,""first_contraction_pct"":0.06018127352331203,""last_contraction_pct"":0.10006357279084546,""dry_up_ratio"":2.502019214595848,""near_monotone"":0.0,""base_depth_pct"":0.18449957754051768},""_schema_version"":""1.0""}",,,,,,,,,,
20260604T164444Z-6b270e,2026-06-04T16:44:44.043038+00:00,WOLF,bull_flag,absent,42.56,88.3,19.2,27.6,39.3,17.5,51.9,45.2,84.0,90.0,12.37,5.77,2.49,3.93,2.45,4.67,1.36,5.04,4.5,False,,66.98,69.27,48.9151,82.04,"{""trend"":{""T1_ema_stack"":{""value"":[true,true,true],""score"":100.0},""T2_ema50_slope"":{""value"":1.602929237069116,""score"":100},""T3_high_proximity"":{""value"":0.9112925170068028,""score"":55.64625850340138},""T4_rs_1m"":{""value"":0.7832790140981969,""score"":100},""T5_rs_3m"":{""value"":2.4260112014470168,""score"":100},""T6_adr_healthy"":{""value"":16.16783728489247,""score"":0.0},""_score"":88.35},""geometry"":{""sub_pole_impulse"":9.9,""sub_flag_tightness"":0,""sub_flag_shallowness"":0,""sub_flag_drift"":100,""sub_flag_duration"":12.5,""_score"":19.22},""compression"":{""VC1_atr_ratio"":{""value"":0.7463760926814992,""score"":63.405976829625196},""VC2_range_contraction"":{""value"":1.1286991608038117,""score"":0},""VC3_range_pct_rank"":{""score"":9.166666666666668},""_score"":27.65},""sr_quality"":{""SR1_touches"":{""value"":2,""score"":25.0},""SR2_tightness"":{""value"":2.0600000000000023,""score"":62.04833704866599},""SR3_recency"":{""value"":228,""score"":0.0},""SR4_price_location"":{""score"":30.0},""SR5_reaction"":{""value"":2.4908081703982283,""score"":100},""_score"":39.31,""_levels_found"":3,""_target_level"":51.72},""volume"":{""V1_rvol_day"":{""value"":0.36451418931320134,""score"":0},""V2_rvol_sameslot"":{""value"":0.9734732342263103,""score"":31.56488228175402,""status"":""ok""},""V3_breakout_bar"":{""value"":1.1694334333314713,""score"":44.62889555543142},""V4_base_dryup"":{""value"":3.4026888962852917,""score"":0},""V5_bo_expansion"":{""value"":0.36451418931320134,""score"":0},""_score"":17.47},""readiness"":{""_distance_atr"":0.211,""BR1_atr_distance"":{""score"":85.93700515233746},""BR2_compression"":{""score"":0},""BR3_retest"":{""score"":50.0},""BR4_bo_age"":{""score"":50.0},""_score"":51.87},""risk"":{""R1_stop_clarity"":{""score"":86.2766049842482},""R2_stop_distance_pct"":{""value"":26.97058823529413,""score"":0.0},""R3_stop_distance_atr"":{""value"":1.6640606700231875,""score"":100.0},""R4_rr_potential"":{""value"":0.8336608561353775,""score"":0.0},""_score"":45.2},""market"":{""M1_spy_regime"":{""score"":100.0},""M3_earnings_risk"":{""value"":null,""score"":80.0},""M4_vix"":{""value"":null,""score"":60.0},""_score"":84.0},""liquidity"":{""L1_price"":{""value"":66.98,""score"":100.0},""L2_dollar_vol"":{""value"":267736223.90584716,""score"":100.0},""L3_spread_proxy"":{""value"":0.16676619886533306,""score"":0},""L4_volume_zscore"":{""value"":-1.1040239001796344,""score"":100.0},""_score"":90.0},""pattern_structure"":{""pole_low"":56.5,""pole_low_idx"":22,""peak_price"":69.27,""peak_idx"":32,""pole_gain"":0.22601769911504418,""flag_bars"":27,""flag_low"":49.66,""flag_high"":67.79,""structural_low"":49.66,""current_price"":66.98,""neckline_distance_pct"":0.03418931024186312,""base_bars"":27},""pattern_geometry_features"":{""pole_gain"":0.22601769911504418,""pullback_pct"":0.2830951349790674,""flag_range_pct"":0.26172946441460965,""flag_drift_per_bar"":0.004909998100502737,""atr_pct"":0.16207695260845456,""pole_atr_multiple"":1.3945085681679719},""_schema_version"":""1.0""}",,,,,,,,,,
20260604T164444Z-6b270e,2026-06-04T16:44:44.043038+00:00,BA,vcp,absent,42.32,31.4,43.9,57.9,40.0,4.8,17.5,62.3,84.0,98.1,4.7,10.97,6.95,4.79,0.62,1.23,3.11,5.04,4.91,True,risk_unclear,216.3287,244.07,210.79,277.93,"{""trend"":{""T1_ema_stack"":{""value"":[false,false,true],""score"":33.33333333333333},""T2_ema50_slope"":{""value"":0.01781373528713956,""score"":52.96895588118993},""T3_high_proximity"":{""value"":0.899121778886118,""score"":49.560889443058976},""T4_rs_1m"":{""value"":-0.08115924604689984,""score"":0},""T5_rs_3m"":{""value"":-0.1362293238407729,""score"":0},""T6_adr_healthy"":{""value"":2.981083117595758,""score"":100.0},""_score"":31.36},""geometry"":{""sub_contraction_count"":100.0,""sub_reduction_rate"":0,""sub_pivot_tightness"":0,""sub_volume_dryup"":1.4,""sub_base_depth"":86.6,""sub_base_duration"":100.0,""_score"":43.87},""compression"":{""VC1_atr_ratio"":{""value"":0.6310664028824619,""score"":92.23339927938453},""VC2_range_contraction"":{""value"":0.9679874130050573,""score"":5.335431165823783},""VC3_range_pct_rank"":{""score"":76.66666666666666},""_score"":57.93},""sr_quality"":{""SR1_touches"":{""value"":3,""score"":50.0},""SR2_tightness"":{""value"":1.5007849797874304,""score"":56.58886422102476},""SR3_recency"":{""value"":229,""score"":0.0},""SR4_price_location"":{""score"":5.840342887187714},""SR5_reaction"":{""value"":3.3669421487603293,""score"":100},""_score"":39.95,""_levels_found"":3,""_target_level"":231.0733},""volume"":{""V1_rvol_day"":{""value"":0.3950671654191748,""score"":0},""V2_rvol_sameslot"":{""value"":0.41186403448897324,""score"":0,""status"":""ok""},""V3_breakout_bar"":{""value"":0.46651054454632435,""score"":0},""V4_base_dryup"":{""value"":1.2615245589646777,""score"":23.84754410353223},""V5_bo_expansion"":{""value"":0.39506716541917475,""score"":0},""_score"":4.77},""readiness"":{""_distance_atr"":4.012,""BR1_atr_distance"":{""score"":0},""BR2_compression"":{""score"":0},""BR3_retest"":{""score"":50.0},""BR4_bo_age"":{""score"":50.0},""_score"":17.5},""risk"":{""R1_stop_clarity"":{""score"":7.1487603305783125},""R2_stop_distance_pct"":{""value"":2.5603167772006237,""score"":100.0},""R3_stop_distance_atr"":{""value"":0.8010516528925624,""score"":65.05258264462812},""R4_rr_potential"":{""value"":11.12197808149926,""score"":100.0},""_score"":62.26},""market"":{""M1_spy_regime"":{""score"":100.0},""M3_earnings_risk"":{""value"":null,""score"":80.0},""M4_vix"":{""value"":null,""score"":60.0},""_score"":84.0},""liquidity"":{""L1_price"":{""value"":216.3287,""score"":100.0},""L2_dollar_vol"":{""value"":646442414.1262223,""score"":100.0},""L3_spread_proxy"":{""value"":0.018906414174355853,""score"":81.09358582564414},""L4_volume_zscore"":{""value"":-1.542217410754225,""score"":100.0},""_score"":98.11},""pattern_structure"":{""n_contractions"":5,""contractions_pct"":[4.99,11.92,11.33,6.52,12.32],""descending_strict"":false,""final_low"":214.0,""final_pivot"":244.07,""structural_low"":214.0,""dry_up_ratio"":0.9928202974225291,""current_price"":216.3287,""neckline_distance_pct"":0.1282367989083279,""base_bars"":68},""pattern_geometry_features"":{""contraction_count"":5.0,""first_contraction_pct"":0.04986686032437672,""last_contraction_pct"":0.12320235997869461,""dry_up_ratio"":0.9928202974225291,""near_monotone"":0.0,""base_depth_pct"":0.13660937626079242},""_schema_version"":""1.0""}",,,,,,,,,,
20260604T164444Z-6b270e,2026-06-04T16:44:44.043038+00:00,VSH,vcp,breakout_confirmed,42.14,100.0,35.0,0.2,29.7,20.6,17.5,27.2,84.0,90.0,15.0,8.75,0.03,3.57,2.68,1.23,1.36,5.04,4.5,False,,65.45,40.07,34.0416,26.035,"{""trend"":{""T1_ema_stack"":{""value"":[true,true,true],""score"":100.0},""T2_ema50_slope"":{""value"":0.9750340515169539,""score"":100},""T3_high_proximity"":{""value"":1.0,""score"":99.99999999999997},""T4_rs_1m"":{""value"":0.9942993775024804,""score"":100},""T5_rs_3m"":{""value"":2.710362620590396,""score"":100},""T6_adr_healthy"":{""value"":7.674515772001856,""score"":100.0},""_score"":100.0},""geometry"":{""sub_contraction_count"":100.0,""sub_reduction_rate"":0,""sub_pivot_tightness"":0,""sub_volume_dryup"":0,""sub_base_depth"":0.0,""sub_base_duration"":100.0,""_score"":35.0},""compression"":{""VC1_atr_ratio"":{""value"":1.2496471860764127,""score"":0},""VC2_range_contraction"":{""value"":1.6855819385814763,""score"":0},""VC3_range_pct_rank"":{""score"":0.8333333333333304},""_score"":0.21},""sr_quality"":{""SR1_touches"":{""value"":2,""score"":25.0},""SR2_tightness"":{""value"":1.1150000000000002,""score"":51.872828342310285},""SR3_recency"":{""value"":251,""score"":0.0},""SR4_price_location"":{""score"":30.0},""SR5_reaction"":{""value"":0.9247754733327377,""score"":46.23877366663688},""_score"":29.72,""_levels_found"":3,""_target_level"":27.365},""volume"":{""V1_rvol_day"":{""value"":0.9283728607040236,""score"":28.558190713601572},""V2_rvol_sameslot"":{""value"":1.5149140190152954,""score"":67.66093460101969,""status"":""ok""},""V3_breakout_bar"":{""value"":0.5820134196168228,""score"":5.46756130778819},""V4_base_dryup"":{""value"":1.9649363703468523,""score"":0},""V5_bo_expansion"":{""value"":0.9283728607040236,""score"":0},""_score"":20.61},""readiness"":{""_distance_atr"":-5.477,""BR1_atr_distance"":{""score"":0},""BR2_compression"":{""score"":0},""BR3_retest"":{""score"":50.0},""BR4_bo_age"":{""score"":50.0},""_score"":17.5},""risk"":{""R1_stop_clarity"":{""score"":77.62410243287324},""R2_stop_distance_pct"":{""value"":47.98838808250573,""score"":0.0},""R3_stop_distance_atr"":{""value"":6.778463938535343,""score"":0.0},""R4_rr_potential"":{""value"":-1.2549190662370577,""score"":0.0},""_score"":27.17},""market"":{""M1_spy_regime"":{""score"":100.0},""M3_earnings_risk"":{""value"":null,""score"":80.0},""M4_vix"":{""value"":null,""score"":60.0},""_score"":84.0},""liquidity"":{""L1_price"":{""value"":65.45,""score"":100.0},""L2_dollar_vol"":{""value"":457088955.5696965,""score"":100.0},""L3_spread_proxy"":{""value"":0.13292436974789915,""score"":0},""L4_volume_zscore"":{""value"":-0.20803600935965266,""score"":100.0},""_score"":90.0},""pattern_structure"":{""n_contractions"":5,""contractions_pct"":[23.95,8.26,13.46,7.83,13.75],""descending_strict"":false,""final_low"":34.56,""final_pivot"":40.07,""structural_low"":34.56,""dry_up_ratio"":1.7857511016125647,""current_price"":65.45,""neckline_distance_pct"":-0.38777692895339955,""base_bars"":59},""pattern_geometry_features"":{""contraction_count"":5.0,""first_contraction_pct"":0.23946406820950059,""last_contraction_pct"":0.13750935862241073,""dry_up_ratio"":1.7857511016125647,""near_monotone"":0.0,""base_depth_pct"":-0.6838002436053595},""_schema_version"":""1.0""}",,,,,,,,,,
20260604T164444Z-6b270e,2026-06-04T16:44:44.043038+00:00,SMR,vcp,absent,41.83,15.0,35.0,64.4,46.5,19.0,31.0,60.8,84.0,96.3,2.25,8.75,7.73,5.57,2.47,2.17,3.04,5.04,4.82,False,,11.97,13.67,9.52,26.295,"{""trend"":{""T1_ema_stack"":{""value"":[false,false,false],""score"":0.0},""T2_ema50_slope"":{""value"":-0.19090207666088335,""score"":18.18298722318611},""T3_high_proximity"":{""value"":0.8580645161290323,""score"":29.03225806451615},""T4_rs_1m"":{""value"":-0.036852214626123425,""score"":13.147785373876573},""T5_rs_3m"":{""value"":-0.12766101207663327,""score"":0},""T6_adr_healthy"":{""value"":8.518968924301506,""score"":87.02577689246236},""_score"":14.97},""geometry"":{""sub_contraction_count"":100.0,""sub_reduction_rate"":0,""sub_pivot_tightness"":0,""sub_volume_dryup"":0,""sub_base_depth"":0.0,""sub_base_duration"":100.0,""_score"":35.0},""compression"":{""VC1_atr_ratio"":{""value"":0.4915009455876353,""score"":100},""VC2_range_contraction"":{""value"":1.0250848279432934,""score"":0},""VC3_range_pct_rank"":{""score"":97.5},""_score"":64.38},""sr_quality"":{""SR1_touches"":{""value"":3,""score"":50.0},""SR2_tightness"":{""value"":0.21664307563876192,""score"":60.61034988386147},""SR3_recency"":{""value"":245,""score"":0.0},""SR4_price_location"":{""score"":29.418756686081093},""SR5_reaction"":{""value"":3.59030303030303,""score"":100},""_score"":46.45,""_levels_found"":4,""_target_level"":13.9493},""volume"":{""V1_rvol_day"":{""value"":0.43459725760958723,""score"":0},""V2_rvol_sameslot"":{""value"":0.9053742113409466,""score"":27.024947422729777,""status"":""ok""},""V3_breakout_bar"":{""value"":0.630203361886704,""score"":8.680224125780267},""V4_base_dryup"":{""value"":0.9271114736708078,""score"":57.288852632919216},""V5_bo_expansion"":{""value"":0.4345972576095871,""score"":0},""_score"":19.03},""readiness"":{""_distance_atr"":1.545,""BR1_atr_distance"":{""score"":0},""BR2_compression"":{""score"":53.90002888263983},""BR3_retest"":{""score"":50.0},""BR4_bo_age"":{""score"":50.0},""_score"":30.98},""risk"":{""R1_stop_clarity"":{""score"":73.64090909090899},""R2_stop_distance_pct"":{""value"":20.467627401837944,""score"":0.0},""R3_stop_distance_atr"":{""value"":2.2272500000000015,""score"":100.0},""R4_rr_potential"":{""value"":5.846998438759575,""score"":100.0},""_score"":60.77},""market"":{""M1_spy_regime"":{""score"":100.0},""M3_earnings_risk"":{""value"":null,""score"":80.0},""M4_vix"":{""value"":null,""score"":60.0},""_score"":84.0},""liquidity"":{""L1_price"":{""value"":11.97,""score"":100.0},""L2_dollar_vol"":{""value"":183487125.84997472,""score"":100.0},""L3_spread_proxy"":{""value"":0.036758563074352504,""score"":63.2414369256475},""L4_volume_zscore"":{""value"":-1.670604228135798,""score"":100.0},""_score"":96.32},""pattern_structure"":{""n_contractions"":5,""contractions_pct"":[17.14,29.84,16.87,23.72,29.3],""descending_strict"":false,""final_low"":9.665,""final_pivot"":13.67,""structural_low"":9.665,""dry_up_ratio"":1.1452307179332917,""current_price"":11.97,""neckline_distance_pct"":0.14202172096908933,""base_bars"":89},""pattern_geometry_features"":{""contraction_count"":5.0,""first_contraction_pct"":0.17137729923732617,""last_contraction_pct"":0.2929773226042429,""dry_up_ratio"":1.1452307179332917,""near_monotone"":0.0,""base_depth_pct"":0.566397487662629},""_schema_version"":""1.0""}",,,,,,,,,,
20260604T164444Z-6b270e,2026-06-04T16:44:44.043038+00:00,INTC,bull_flag,absent,41.8,75.4,16.9,69.8,43.9,8.6,21.5,83.3,84.0,96.6,10.56,5.07,6.28,4.39,1.2,1.93,2.5,5.04,4.83,False,,110.95,126.64,102.6075,136.97,"{""trend"":{""T1_ema_stack"":{""value"":[true,true,true],""score"":100.0},""T2_ema50_slope"":{""value"":1.2350557512025087,""score"":100},""T3_high_proximity"":{""value"":0.8571538936959209,""score"":28.576946847960414},""T4_rs_1m"":{""value"":-0.019386846820091286,""score"":30.613153179908714},""T5_rs_3m"":{""value"":1.3041614336102074,""score"":100},""T6_adr_healthy"":{""value"":7.061130961563499,""score"":100.0},""_score"":75.41},""geometry"":{""sub_pole_impulse"":3.5,""sub_flag_tightness"":0,""sub_flag_shallowness"":0,""sub_flag_drift"":88.9,""sub_flag_duration"":25.0,""_score"":16.89},""compression"":{""VC1_atr_ratio"":{""value"":0.4528800569437866,""score"":100},""VC2_range_contraction"":{""value"":0.8434818653541686,""score"":26.086355774305236},""VC3_range_pct_rank"":{""score"":82.5},""_score"":69.76},""sr_quality"":{""SR1_touches"":{""value"":4,""score"":75.0},""SR2_tightness"":{""value"":1.7040406942030477,""score"":60.518644269427554},""SR3_recency"":{""value"":274,""score"":0.0},""SR4_price_location"":{""score"":30.0},""SR5_reaction"":{""value"":0.6457850985272626,""score"":32.28925492636313},""_score"":43.92,""_levels_found"":3,""_target_level"":48.8688},""volume"":{""V1_rvol_day"":{""value"":0.3393218741014011,""score"":0},""V2_rvol_sameslot"":{""value"":0.613204534816756,""score"":7.546968987783731,""status"":""ok""},""V3_breakout_bar"":{""value"":0.5540852759397776,""score"":3.605685062651842},""V4_base_dryup"":{""value"":1.1919252348521339,""score"":30.807476514786615},""V5_bo_expansion"":{""value"":0.33932187410140097,""score"":0},""_score"":8.57},""readiness"":{""_distance_atr"":1.818,""BR1_atr_distance"":{""score"":0},""BR2_compression"":{""score"":15.984576076838824},""BR3_retest"":{""score"":50.0},""BR4_bo_age"":{""score"":50.0},""_score"":21.5},""risk"":{""R1_stop_clarity"":{""score"":63.79687843918646},""R2_stop_distance_pct"":{""value"":7.519197836863454,""score"":100.0},""R3_stop_distance_atr"":{""value"":0.9664533991781536,""score"":73.32266995890768},""R4_rr_potential"":{""value"":3.1189504408124598,""score"":100.0},""_score"":83.33},""market"":{""M1_spy_regime"":{""score"":100.0},""M3_earnings_risk"":{""value"":null,""score"":80.0},""M4_vix"":{""value"":null,""score"":60.0},""_score"":84.0},""liquidity"":{""L1_price"":{""value"":110.95,""score"":100.0},""L2_dollar_vol"":{""value"":4917454528.321655,""score"":100.0},""L3_spread_proxy"":{""value"":0.0340892293826048,""score"":65.9107706173952},""L4_volume_zscore"":{""value"":-2.0387898344083033,""score"":100.0},""_score"":96.59},""pattern_structure"":{""pole_low"":116.31,""pole_low_idx"":27,""peak_price"":126.64,""peak_idx"":33,""pole_gain"":0.08881437537614993,""flag_bars"":26,""flag_low"":104.17,""flag_high"":120.55,""structural_low"":104.17,""current_price"":111.2,""neckline_distance_pct"":0.13884892086330933,""base_bars"":26},""pattern_geometry_features"":{""pole_gain"":0.08881437537614993,""pullback_pct"":0.17743209096651927,""flag_range_pct"":0.1293430195830701,""flag_drift_per_bar"":-0.002213192830351107,""atr_pct"":0.07780196999935621,""pole_atr_multiple"":1.1415440428678714},""_schema_version"":""1.0""}",,,,,,,,,,
20260604T164444Z-6b270e,2026-06-04T16:44:44.043038+00:00,NOC,vcp,invalidated,41.59,5.0,43.2,72.0,43.0,36.5,17.5,10.0,84.0,94.4,0.75,10.81,8.64,5.16,4.75,1.23,0.5,5.04,4.72,True,risk_unclear,536.56,708.55,655.025,630.8411,"{""trend"":{""T1_ema_stack"":{""value"":[false,false,false],""score"":0.0},""T2_ema50_slope"":{""value"":-0.4801899601280488,""score"":0},""T3_high_proximity"":{""value"":0.7096134262626796,""score"":0},""T4_rs_1m"":{""value"":-0.084732596770557,""score"":0},""T5_rs_3m"":{""value"":-0.38534834994578615,""score"":0},""T6_adr_healthy"":{""value"":1.9054033749566108,""score"":100.0},""_score"":5.0},""geometry"":{""sub_contraction_count"":100.0,""sub_reduction_rate"":0,""sub_pivot_tightness"":55.0,""sub_volume_dryup"":0,""sub_base_depth"":0.0,""sub_base_duration"":100.0,""_score"":43.25},""compression"":{""VC1_atr_ratio"":{""value"":0.5593034547672787,""score"":100},""VC2_range_contraction"":{""value"":0.8579483724623262,""score"":23.67527125627896},""VC3_range_pct_rank"":{""score"":95.0},""_score"":72.04},""sr_quality"":{""SR1_touches"":{""value"":2,""score"":25.0},""SR2_tightness"":{""value"":0.285000000000025,""score"":94.84446167264224},""SR3_recency"":{""value"":229,""score"":0.0},""SR4_price_location"":{""score"":24.95978292470207},""SR5_reaction"":{""value"":6.723907355363896,""score"":100},""_score"":42.97,""_levels_found"":3,""_target_level"":564.215},""volume"":{""V1_rvol_day"":{""value"":0.383572670623391,""score"":0},""V2_rvol_sameslot"":{""value"":1.9046374029839273,""score"":93.64249353226182,""status"":""ok""},""V3_breakout_bar"":{""value"":1.0573403097638456,""score"":37.15602065092305},""V4_base_dryup"":{""value"":1.0759317672895732,""score"":42.40682327104268},""V5_bo_expansion"":{""value"":0.38357267062339095,""score"":0},""_score"":36.5},""readiness"":{""_distance_atr"":15.556,""BR1_atr_distance"":{""score"":0},""BR2_compression"":{""score"":0},""BR3_retest"":{""score"":50.0},""BR4_bo_age"":{""score"":50.0},""_score"":17.5},""risk"":{""R1_stop_clarity"":{""score"":0},""R2_stop_distance_pct"":{""value"":-22.078611898017005,""score"":0.0},""R3_stop_distance_atr"":{""value"":-10.714927157024265,""score"":0.0},""R4_rr_potential"":{""value"":null,""score"":50.0},""_score"":10.0},""market"":{""M1_spy_regime"":{""score"":100.0},""M3_earnings_risk"":{""value"":null,""score"":80.0},""M4_vix"":{""value"":null,""score"":60.0},""_score"":84.0},""liquidity"":{""L1_price"":{""value"":536.56,""score"":81.72000000000003},""L2_dollar_vol"":{""value"":181009977.72304344,""score"":100.0},""L3_spread_proxy"":{""value"":0.010530043238407593,""score"":89.46995676159241},""L4_volume_zscore"":{""value"":-1.3968909140320973,""score"":100.0},""_score"":94.38},""pattern_structure"":{""n_contractions"":5,""contractions_pct"":[3.88,5.71,7.31,10.54,6.15],""descending_strict"":false,""final_low"":665.0,""final_pivot"":708.55,""structural_low"":665.0,""dry_up_ratio"":1.2215325615198325,""current_price"":536.56,""neckline_distance_pct"":0.3205419710749963,""base_bars"":72},""pattern_geometry_features"":{""contraction_count"":5.0,""first_contraction_pct"":0.038807160537593755,""last_contraction_pct"":0.06146355232517106,""dry_up_ratio"":1.2215325615198325,""near_monotone"":0.0,""base_depth_pct"":-0.13231751681576642},""_schema_version"":""1.0""}",,,,,,,,,,
20260604T164444Z-6b270e,2026-06-04T16:44:44.043038+00:00,LUNR,bull_flag,absent,41.24,71.7,27.0,15.8,44.4,22.0,22.0,86.0,84.0,91.2,10.03,8.11,1.42,4.44,3.08,1.98,2.58,5.04,4.56,False,,33.73,46.47,31.2836,61.59,"{""trend"":{""T1_ema_stack"":{""value"":[false,true,true],""score"":66.66666666666666},""T2_ema50_slope"":{""value"":1.1845472905005403,""score"":100},""T3_high_proximity"":{""value"":0.7380743982494529,""score"":0},""T4_rs_1m"":{""value"":0.31480383070365847,""score"":100},""T5_rs_3m"":{""value"":0.7984654832495572,""score"":100},""T6_adr_healthy"":{""value"":13.721959581013794,""score"":0.0},""_score"":71.67},""geometry"":{""sub_pole_impulse"":49.3,""sub_flag_tightness"":13.5,""sub_flag_shallowness"":0,""sub_flag_drift"":50.7,""sub_flag_duration"":12.5,""_score"":27.02},""compression"":{""VC1_atr_ratio"":{""value"":1.0344208156987347,""score"":0},""VC2_range_contraction"":{""value"":1.3243827513542727,""score"":0},""VC3_range_pct_rank"":{""score"":63.33333333333333},""_score"":15.83},""sr_quality"":{""SR1_touches"":{""value"":2,""score"":25.0},""SR2_tightness"":{""value"":0.11499999999999844,""score"":95.79748031537176},""SR3_recency"":{""value"":236,""score"":0.0},""SR4_price_location"":{""score"":30.0},""SR5_reaction"":{""value"":2.1012598423141524,""score"":100},""_score"":44.37,""_levels_found"":3,""_target_level"":31.035},""volume"":{""V1_rvol_day"":{""value"":0.47025191783815773,""score"":0},""V2_rvol_sameslot"":{""value"":1.0153590453671408,""score"":34.35726969114272,""status"":""ok""},""V3_breakout_bar"":{""value"":0.6903392045876966,""score"":12.68928030584644},""V4_base_dryup"":{""value"":0.9034657552427322,""score"":59.65342447572678},""V5_bo_expansion"":{""value"":0.47025191783815784,""score"":0},""_score"":21.97},""readiness"":{""_distance_atr"":2.328,""BR1_atr_distance"":{""score"":0},""BR2_compression"":{""score"":17.99007573179564},""BR3_retest"":{""score"":50.0},""BR4_bo_age"":{""score"":50.0},""_score"":22.0},""risk"":{""R1_stop_clarity"":{""score"":82.59060541080929},""R2_stop_distance_pct"":{""value"":7.252890601838118,""score"":100.0},""R3_stop_distance_atr"":{""value"":0.44700191984672494,""score"":47.35009599233625},""R4_rr_potential"":{""value"":11.38816219751473,""score"":100.0},""_score"":86.01},""market"":{""M1_spy_regime"":{""score"":100.0},""M3_earnings_risk"":{""value"":null,""score"":80.0},""M4_vix"":{""value"":null,""score"":60.0},""_score"":84.0},""liquidity"":{""L1_price"":{""value"":33.73,""score"":100.0},""L2_dollar_vol"":{""value"":276797862.93595153,""score"":100.0},""L3_spread_proxy"":{""value"":0.08804921434924398,""score"":11.950785650756018},""L4_volume_zscore"":{""value"":-0.9534510336908754,""score"":100.0},""_score"":91.2},""pattern_structure"":{""pole_low"":31.35,""pole_low_idx"":20,""peak_price"":46.47,""peak_idx"":32,""pole_gain"":0.4822966507177032,""flag_bars"":27,""flag_low"":31.76,""flag_high"":43.39,""structural_low"":31.76,""current_price"":33.73,""neckline_distance_pct"":0.3777053068485029,""base_bars"":27},""pattern_geometry_features"":{""pole_gain"":0.4822966507177032,""pullback_pct"":0.31654831073811057,""flag_range_pct"":0.2502689907467183,""flag_drift_per_bar"":-0.009860582149345865,""atr_pct"":0.16225636355935796,""pole_atr_multiple"":2.9724359657626955},""_schema_version"":""1.0""}",,,,,,,,,,
20260604T164444Z-6b270e,2026-06-04T16:44:44.043038+00:00,NXE,bull_flag,absent,41.2,21.8,35.7,58.7,63.2,12.9,27.7,74.4,84.0,85.0,3.06,10.71,5.28,6.32,1.81,2.5,2.23,5.04,4.25,False,,11.41,12.5,10.9335,14.215,"{""trend"":{""T1_ema_stack"":{""value"":[false,false,true],""score"":33.33333333333333},""T2_ema50_slope"":{""value"":-0.20443795245300195,""score"":15.927007924499677},""T3_high_proximity"":{""value"":0.8709923664122138,""score"":35.49618320610687},""T4_rs_1m"":{""value"":-0.10385767254344014,""score"":0},""T5_rs_3m"":{""value"":-0.19025834244370787,""score"":0},""T6_adr_healthy"":{""value"":4.648845615079441,""score"":100.0},""_score"":21.84},""geometry"":{""sub_pole_impulse"":55.5,""sub_flag_tightness"":0,""sub_flag_shallowness"":0,""sub_flag_drift"":60.4,""sub_flag_duration"":100.0,""_score"":35.71},""compression"":{""VC1_atr_ratio"":{""value"":0.6134389314326829,""score"":96.64026714182927},""VC2_range_contraction"":{""value"":1.011834998475858,""score"":0},""VC3_range_pct_rank"":{""score"":80.0},""_score"":58.66},""sr_quality"":{""SR1_touches"":{""value"":5,""score"":100},""SR2_tightness"":{""value"":0.13588230201170418,""score"":51.76591713580483},""SR3_recency"":{""value"":245,""score"":0.0},""SR4_price_location"":{""score"":41.60363086232962},""SR5_reaction"":{""value"":2.7527890466531426,""score"":100},""_score"":63.17,""_levels_found"":6,""_target_level"":11.796},""volume"":{""V1_rvol_day"":{""value"":0.36840773908612784,""score"":0},""V2_rvol_sameslot"":{""value"":0.691311996929743,""score"":12.754133128649533,""status"":""ok""},""V3_breakout_bar"":{""value"":0.5041985713237008,""score"":0.2799047549133885},""V4_base_dryup"":{""value"":0.9838371653172224,""score"":51.61628346827776},""V5_bo_expansion"":{""value"":0.36840773908612784,""score"":0},""_score"":12.94},""readiness"":{""_distance_atr"":1.935,""BR1_atr_distance"":{""score"":0},""BR2_compression"":{""score"":40.947397638337236},""BR3_retest"":{""score"":50.0},""BR4_bo_age"":{""score"":50.0},""_score"":27.74},""risk"":{""R1_stop_clarity"":{""score"":40.89756592292058},""R2_stop_distance_pct"":{""value"":4.1761612620508455,""score"":100.0},""R3_stop_distance_atr"":{""value"":0.84571501014199,""score"":67.28575050709951},""R4_rr_potential"":{""value"":5.886673662119604,""score"":100.0},""_score"":74.41},""market"":{""M1_spy_regime"":{""score"":100.0},""M3_earnings_risk"":{""value"":null,""score"":80.0},""M4_vix"":{""value"":null,""score"":60.0},""_score"":84.0},""liquidity"":{""L1_price"":{""value"":11.41,""score"":100.0},""L2_dollar_vol"":{""value"":26864041.44486244,""score"":71.45856744040815},""L3_spread_proxy"":{""value"":0.035495179666958906,""score"":64.5048203330411},""L4_volume_zscore"":{""value"":-2.3498572919450904,""score"":100.0},""_score"":85.03},""pattern_structure"":{""pole_low"":10.785,""pole_low_idx"":27,""peak_price"":12.5,""peak_idx"":47,""pole_gain"":0.1590171534538711,""flag_bars"":12,""flag_low"":11.1,""flag_high"":12.415,""structural_low"":11.1,""current_price"":11.435,""neckline_distance_pct"":0.09313511149978132,""base_bars"":12},""pattern_geometry_features"":{""pole_gain"":0.1590171534538711,""pullback_pct"":0.11200000000000003,""flag_range_pct"":0.10519999999999996,""flag_drift_per_bar"":-0.007911852030785134,""atr_pct"":0.04938024289470392,""pole_atr_multiple"":3.220258632444391},""_schema_version"":""1.0""}",,,,,,,,,,
20260604T164444Z-6b270e,2026-06-04T16:44:44.043038+00:00,ASTS,breakout_retest_hold,setup,41.0,76.5,20.0,17.7,36.4,5.3,48.5,66.8,84.0,92.7,10.71,4.4,1.06,5.09,0.69,8.72,3.34,4.2,2.78,False,,106.29,97.645,100.089,90.735,"{""trend"":{""T1_ema_stack"":{""value"":[true,true,true],""score"":100.0},""T2_ema50_slope"":{""value"":0.5310515021339404,""score"":100},""T3_high_proximity"":{""value"":0.7986325043203847,""score"":0},""T4_rs_1m"":{""value"":0.618884763748099,""score"":100},""T5_rs_3m"":{""value"":0.0220116478644381,""score"":61.00582393221905},""T6_adr_healthy"":{""value"":10.116902320945268,""score"":47.07744197636829},""_score"":76.5},""geometry"":{""sub_retest_depth"":0.0,""sub_retest_timing"":0.0,""sub_retest_freshness"":100.0,""sub_hold_quality"":0.0,""_score"":20.0},""compression"":{""VC1_atr_ratio"":{""value"":1.0815483822194418,""score"":0},""VC2_range_contraction"":{""value"":1.0407460830679047,""score"":0},""VC3_range_pct_rank"":{""score"":70.83333333333333},""_score"":17.71},""sr_quality"":{""SR1_touches"":{""value"":2,""score"":25.0},""SR2_tightness"":{""value"":1.984950000000012,""score"":68.18189104398982},""SR3_recency"":{""value"":230,""score"":0.0},""SR4_price_location"":{""score"":14.541704869956156},""SR5_reaction"":{""value"":2.857286061050173,""score"":100},""_score"":36.36,""_levels_found"":5,""_target_level"":131.875},""volume"":{""V1_rvol_day"":{""value"":0.37425150053705214,""score"":0},""V2_rvol_sameslot"":{""value"":0.5298445797785266,""score"":1.9896386519017744,""status"":""ok""},""V3_breakout_bar"":{""value"":0.5577567465110417,""score"":3.8504497674027784},""V4_base_dryup"":{""value"":1.301901667613108,""score"":19.809833238689194},""V5_bo_expansion"":{""value"":0.37425150053705214,""score"":0},""_score"":5.32},""readiness"":{""_distance_atr"":-0.693,""BR1_atr_distance"":{""score"":46.14234353889485},""BR2_compression"":{""score"":22.033150645531517},""BR3_retest"":{""score"":100},""BR4_bo_age"":{""score"":30.0},""_score"":48.47},""risk"":{""R1_stop_clarity"":{""score"":83.79399574068569},""R2_stop_distance_pct"":{""value"":5.834038950042344,""score"":100.0},""R3_stop_distance_atr"":{""value"":0.4970001602967787,""score"":49.850008014838934},""R4_rr_potential"":{""value"":-2.5084663763909028,""score"":0.0},""_score"":66.81},""market"":{""M1_spy_regime"":{""score"":100.0},""M3_earnings_risk"":{""value"":null,""score"":80.0},""M4_vix"":{""value"":null,""score"":60.0},""_score"":84.0},""liquidity"":{""L1_price"":{""value"":106.29,""score"":100.0},""L2_dollar_vol"":{""value"":1071587933.3494753,""score"":100.0},""L3_spread_proxy"":{""value"":0.0733841377363817,""score"":26.61586226361831},""L4_volume_zscore"":{""value"":-1.5322930852532317,""score"":100.0},""_score"":92.66},""pattern_structure"":{""level"":97.645,""level_idx"":24,""breakout_idx"":29,""bo_peak_idx"":52,""bo_peak_price"":133.12,""retest_idx"":77,""retest_low"":101.1,""structural_low"":101.1,""current_price"":106.49,""neckline_distance_pct"":-0.08305944220114564,""base_bars"":55,""bars_since_breakout"":50},""pattern_geometry_features"":{""retest_depth_atr"":-1.1495181624820265,""bars_breakout_to_retest"":48.0,""bars_since_retest"":2.0,""current_above_level_atr"":2.942833038249936,""bo_peak_excess_pct"":0.3633058528342466,""atr_pct"":0.11738505167802372},""_schema_version"":""1.0""}",,,,,,,,,,
20260604T164444Z-6b270e,2026-06-04T16:44:44.043038+00:00,LEU,breakout_retest_hold,breakout_confirmed,40.85,5.0,20.0,68.8,71.2,12.8,55.2,62.3,84.0,90.9,0.7,4.4,4.13,9.97,1.67,9.94,3.12,4.2,2.73,False,,182.5,174.0,176.4972,165.44,"{""trend"":{""T1_ema_stack"":{""value"":[false,false,false],""score"":0.0},""T2_ema50_slope"":{""value"":-0.40570058320768,""score"":0},""T3_high_proximity"":{""value"":0.7889503717793533,""score"":0},""T4_rs_1m"":{""value"":-0.15952647471777526,""score"":0},""T5_rs_3m"":{""value"":-0.17105376906441494,""score"":0},""T6_adr_healthy"":{""value"":6.838860515206113,""score"":100.0},""_score"":5.0},""geometry"":{""sub_retest_depth"":0.0,""sub_retest_timing"":0.0,""sub_retest_freshness"":100.0,""sub_hold_quality"":0.0,""_score"":20.0},""compression"":{""VC1_atr_ratio"":{""value"":0.4048181889397317,""score"":100},""VC2_range_contraction"":{""value"":0.926830443842407,""score"":12.194926026265504},""VC3_range_pct_rank"":{""score"":98.33333333333333},""_score"":68.85},""sr_quality"":{""SR1_touches"":{""value"":8,""score"":100},""SR2_tightness"":{""value"":3.3574534620750938,""score"":46.07131641614944},""SR3_recency"":{""value"":233,""score"":0.0},""SR4_price_location"":{""score"":77.18891505162107},""SR5_reaction"":{""value"":2.3895787584241432,""score"":100},""_score"":71.21,""_levels_found"":6,""_target_level"":187.7475},""volume"":{""V1_rvol_day"":{""value"":0.3365951615144972,""score"":0},""V2_rvol_sameslot"":{""value"":0.6392123319055989,""score"":9.280822127039928,""status"":""ok""},""V3_breakout_bar"":{""value"":0.49317427482778553,""score"":0},""V4_base_dryup"":{""value"":0.9524207994114402,""score"":54.75792005885598},""V5_bo_expansion"":{""value"":0.3365951615144972,""score"":0},""_score"":12.81},""readiness"":{""_distance_atr"":-0.683,""BR1_atr_distance"":{""score"":46.346979469987446},""BR2_compression"":{""score"":48.747701694963695},""BR3_retest"":{""score"":100},""BR4_bo_age"":{""score"":30.0},""_score"":55.23},""risk"":{""R1_stop_clarity"":{""score"":71.36399411658059},""R2_stop_distance_pct"":{""value"":3.2892054794520593,""score"":100.0},""R3_stop_distance_atr"":{""value"":0.4820961861032909,""score"":49.104809305164544},""R4_rr_potential"":{""value"":-2.8420070633704237,""score"":0.0},""_score"":62.34},""market"":{""M1_spy_regime"":{""score"":100.0},""M3_earnings_risk"":{""value"":null,""score"":80.0},""M4_vix"":{""value"":null,""score"":60.0},""_score"":84.0},""liquidity"":{""L1_price"":{""value"":182.5,""score"":100.0},""L2_dollar_vol"":{""value"":53152111.97334251,""score"":86.27602628411886},""L3_spread_proxy"":{""value"":0.03591068493150681,""score"":64.08931506849319},""L4_volume_zscore"":{""value"":-2.2158392984321087,""score"":100.0},""_score"":90.92},""pattern_structure"":{""level"":174.0,""level_idx"":17,""breakout_idx"":26,""bo_peak_idx"":67,""bo_peak_price"":204.8,""retest_idx"":77,""retest_low"":178.28,""structural_low"":178.28,""current_price"":183.2,""neckline_distance_pct"":-0.050218340611353655,""base_bars"":62,""bars_since_breakout"":53},""pattern_geometry_features"":{""retest_depth_atr"":-0.8837927570882623,""bars_breakout_to_retest"":51.0,""bars_since_retest"":2.0,""current_above_level_atr"":1.8997414404700936,""bo_peak_excess_pct"":0.17701149425287363,""atr_pct"":0.06822716242661447},""_schema_version"":""1.0""}",,,,,,,,,,
20260604T164444Z-6b270e,2026-06-04T16:44:44.043038+00:00,HII,vcp,invalidated,40.7,13.3,46.4,79.1,30.8,20.0,17.8,10.0,84.0,90.4,2.0,11.6,9.49,3.7,2.6,1.24,0.5,5.04,4.52,True,risk_unclear,292.38,371.31,306.3351,520.3099,"{""trend"":{""T1_ema_stack"":{""value"":[false,false,true],""score"":33.33333333333333},""T2_ema50_slope"":{""value"":-0.6172196888264901,""score"":0},""T3_high_proximity"":{""value"":0.6806182783183575,""score"":0},""T4_rs_1m"":{""value"":-0.14876315426077769,""score"":0},""T5_rs_3m"":{""value"":-0.4162106435220404,""score"":0},""T6_adr_healthy"":{""value"":2.7135429178615547,""score"":100.0},""_score"":13.33},""geometry"":{""sub_contraction_count"":100.0,""sub_reduction_rate"":0,""sub_pivot_tightness"":0,""sub_volume_dryup"":25.3,""sub_base_depth"":76.1,""sub_base_duration"":100.0,""_score"":46.41},""compression"":{""VC1_atr_ratio"":{""value"":0.45107135747278965,""score"":100},""VC2_range_contraction"":{""value"":0.7472464228011206,""score"":42.12559619981323},""VC3_range_pct_rank"":{""score"":97.5},""_score"":79.12},""sr_quality"":{""SR1_touches"":{""value"":2,""score"":25.0},""SR2_tightness"":{""value"":1.8799999999999955,""score"":55.553566648963624},""SR3_recency"":{""value"":239,""score"":0.0},""SR4_price_location"":{""score"":0},""SR5_reaction"":{""value"":4.655645684921735,""score"":100},""_score"":30.83,""_levels_found"":5,""_target_level"":337.88},""volume"":{""V1_rvol_day"":{""value"":0.2620163786507562,""score"":0},""V2_rvol_sameslot"":{""value"":0.8728324327231599,""score"":24.855495514877326,""status"":""ok""},""V3_breakout_bar"":{""value"":0.732983724726893,""score"":15.532248315126198},""V4_base_dryup"":{""value"":0.942966699423559,""score"":55.703330057644095},""V5_bo_expansion"":{""value"":0.2620163786507562,""score"":0},""_score"":19.99},""readiness"":{""_distance_atr"":9.33,""BR1_atr_distance"":{""score"":0},""BR2_compression"":{""score"":1.0857917950306182},""BR3_retest"":{""score"":50.0},""BR4_bo_age"":{""score"":50.0},""_score"":17.77},""risk"":{""R1_stop_clarity"":{""score"":0},""R2_stop_distance_pct"":{""value"":-4.772931972091102,""score"":0.0},""R3_stop_distance_atr"":{""value"":-1.6496126473069082,""score"":0.0},""R4_rr_potential"":{""value"":null,""score"":50.0},""_score"":10.0},""market"":{""M1_spy_regime"":{""score"":100.0},""M3_earnings_risk"":{""value"":null,""score"":80.0},""M4_vix"":{""value"":null,""score"":60.0},""_score"":84.0},""liquidity"":{""L1_price"":{""value"":292.38,""score"":100.0},""L2_dollar_vol"":{""value"":40459548.65939184,""score"":80.3510516876453},""L3_spread_proxy"":{""value"":0.017101032902387306,""score"":82.8989670976127},""L4_volume_zscore"":{""value"":-1.786059603060599,""score"":100.0},""_score"":90.43},""pattern_structure"":{""n_contractions"":5,""contractions_pct"":[10.64,15.44,6.65,12.85,16.24],""descending_strict"":false,""final_low"":311.0001,""final_pivot"":371.31,""structural_low"":311.0001,""dry_up_ratio"":0.8735854464504939,""current_price"":292.38,""neckline_distance_pct"":0.269956905397086,""base_bars"":46},""pattern_geometry_features"":{""contraction_count"":5.0,""first_contraction_pct"":0.10639108695652179,""last_contraction_pct"":0.16242465864102779,""dry_up_ratio"":0.8735854464504939,""near_monotone"":0.0,""base_depth_pct"":0.3239128260869566},""_schema_version"":""1.0""}",,,,,,,,,,
20260604T164444Z-6b270e,2026-06-04T16:44:44.043038+00:00,TCEHY,double_bottom,absent,39.7,13.3,34.2,37.8,64.7,10.2,27.4,59.5,84.0,98.8,2.0,8.54,3.03,9.06,1.33,2.2,3.57,5.04,4.94,True,risk_unclear,58.36,61.38,54.7463,67.18,"{""trend"":{""T1_ema_stack"":{""value"":[true,false,false],""score"":33.33333333333333},""T2_ema50_slope"":{""value"":-0.36783035911894124,""score"":0},""T3_high_proximity"":{""value"":0.7890751757706869,""score"":0},""T4_rs_1m"":{""value"":-0.07809086815335597,""score"":0},""T5_rs_3m"":{""value"":-0.20010922877315174,""score"":0},""T6_adr_healthy"":{""value"":1.7406120100035845,""score"":100.0},""_score"":13.33},""geometry"":{""sub_low_similarity"":10.6,""sub_bounce_quality"":100,""sub_separation_fit"":33.3,""sub_right_bottom_reaction"":0,""sub_base_context"":30.0,""_score"":34.17},""compression"":{""VC1_atr_ratio"":{""value"":0.7801784408886742,""score"":54.955389777831456},""VC2_range_contraction"":{""value"":1.0521884592259996,""score"":0},""VC3_range_pct_rank"":{""score"":63.33333333333333},""_score"":37.82},""sr_quality"":{""SR1_touches"":{""value"":5,""score"":100},""SR2_tightness"":{""value"":0.3556627616155504,""score"":57.47477442465022},""SR3_recency"":{""value"":240,""score"":0.0},""SR4_price_location"":{""score"":44.437612093261734},""SR5_reaction"":{""value"":2.1677342215389896,""score"":100},""_score"":64.73,""_levels_found"":8,""_target_level"":61.458},""volume"":{""V1_rvol_day"":{""value"":0.6635150738360391,""score"":10.901004922402608},""V2_rvol_sameslot"":{""value"":0.6614330436577566,""score"":10.762202910517104,""status"":""ok""},""V3_breakout_bar"":{""value"":0.4443502180270983,""score"":0},""V4_base_dryup"":{""value"":1.205963339549101,""score"":29.403666045089906},""V5_bo_expansion"":{""value"":0.6635150738360391,""score"":0},""_score"":10.21},""readiness"":{""_distance_atr"":1.805,""BR1_atr_distance"":{""score"":0},""BR2_compression"":{""score"":39.75637330485205},""BR3_retest"":{""score"":50.0},""BR4_bo_age"":{""score"":50.0},""_score"":27.44},""risk"":{""R1_stop_clarity"":{""score"":0.3177043300025133},""R2_stop_distance_pct"":{""value"":6.192083618917069,""score"":100.0},""R3_stop_distance_atr"":{""value"":2.160380903578445,""score"":100.0},""R4_rr_potential"":{""value"":2.4407117358939603,""score"":72.03558679469802},""_score"":59.52},""market"":{""M1_spy_regime"":{""score"":100.0},""M3_earnings_risk"":{""value"":null,""score"":80.0},""M4_vix"":{""value"":null,""score"":60.0},""_score"":84.0},""liquidity"":{""L1_price"":{""value"":58.36,""score"":100.0},""L2_dollar_vol"":{""value"":187325795.52,""score"":100.0},""L3_spread_proxy"":{""value"":0.012165867032213737,""score"":87.83413296778626},""L4_volume_zscore"":{""value"":-0.6205352475720042,""score"":100.0},""_score"":98.78},""pattern_structure"":{""left_low"":55.58,""left_idx"":36,""right_low"":58.12,""right_idx"":76,""separation_bars"":40,""structural_low"":55.58,""current_price"":58.4,""neckline_distance_pct"":0.05102739726027404,""base_bars"":40},""pattern_geometry_features"":{""low_similarity_pct"":0.044678979771328044,""bounce_pct"":0.10435408420295078,""right_bottom_reaction"":0.0,""atr_pct"":0.02866199941251346},""_schema_version"":""1.0""}",,,,,,,,,,
20260604T164444Z-6b270e,2026-06-04T16:44:44.043038+00:00,LEU,bull_flag,absent,39.69,5.0,30.9,68.8,71.2,12.8,29.7,77.9,84.0,90.9,0.7,9.28,6.2,7.12,1.79,2.67,2.34,5.04,4.55,False,,182.5,204.8,175.6058,236.6,"{""trend"":{""T1_ema_stack"":{""value"":[false,false,false],""score"":0.0},""T2_ema50_slope"":{""value"":-0.40570058320768,""score"":0},""T3_high_proximity"":{""value"":0.7889503717793533,""score"":0},""T4_rs_1m"":{""value"":-0.15952647471777526,""score"":0},""T5_rs_3m"":{""value"":-0.17105376906441494,""score"":0},""T6_adr_healthy"":{""value"":6.838860515206113,""score"":100.0},""_score"":5.0},""geometry"":{""sub_pole_impulse"":42.4,""sub_flag_tightness"":0,""sub_flag_shallowness"":0,""sub_flag_drift"":54.8,""sub_flag_duration"":100.0,""_score"":30.94},""compression"":{""VC1_atr_ratio"":{""value"":0.4048181889397317,""score"":100},""VC2_range_contraction"":{""value"":0.926830443842407,""score"":12.194926026265504},""VC3_range_pct_rank"":{""score"":98.33333333333333},""_score"":68.85},""sr_quality"":{""SR1_touches"":{""value"":8,""score"":100},""SR2_tightness"":{""value"":3.3574534620750938,""score"":46.07131641614944},""SR3_recency"":{""value"":233,""score"":0.0},""SR4_price_location"":{""score"":77.18891505162107},""SR5_reaction"":{""value"":2.3895787584241432,""score"":100},""_score"":71.21,""_levels_found"":6,""_target_level"":187.7475},""volume"":{""V1_rvol_day"":{""value"":0.3365951615144972,""score"":0},""V2_rvol_sameslot"":{""value"":0.6392123319055989,""score"":9.280822127039928,""status"":""ok""},""V3_breakout_bar"":{""value"":0.49317427482778553,""score"":0},""V4_base_dryup"":{""value"":0.9521283939189154,""score"":54.787160608108465},""V5_bo_expansion"":{""value"":0.3365951615144972,""score"":0},""_score"":12.81},""readiness"":{""_distance_atr"":1.791,""BR1_atr_distance"":{""score"":0},""BR2_compression"":{""score"":48.747701694963695},""BR3_retest"":{""score"":50.0},""BR4_bo_age"":{""score"":50.0},""_score"":29.69},""risk"":{""R1_stop_clarity"":{""score"":57.045991174870885},""R2_stop_distance_pct"":{""value"":3.777643835616445,""score"":100.0},""R3_stop_distance_atr"":{""value"":0.5536862008118394,""score"":52.684310040591974},""R4_rr_potential"":{""value"":7.847175886977449,""score"":100.0},""_score"":77.87},""market"":{""M1_spy_regime"":{""score"":100.0},""M3_earnings_risk"":{""value"":null,""score"":80.0},""M4_vix"":{""value"":null,""score"":60.0},""_score"":84.0},""liquidity"":{""L1_price"":{""value"":182.5,""score"":100.0},""L2_dollar_vol"":{""value"":53152111.97334251,""score"":86.27602628411886},""L3_spread_proxy"":{""value"":0.03591068493150681,""score"":64.08931506849319},""L4_volume_zscore"":{""value"":-2.2158392984321087,""score"":100.0},""_score"":90.92},""pattern_structure"":{""pole_low"":173.0,""pole_low_idx"":39,""peak_price"":204.8,""peak_idx"":47,""pole_gain"":0.18381502890173418,""flag_bars"":12,""flag_low"":178.28,""flag_high"":202.63,""structural_low"":178.28,""current_price"":183.2,""neckline_distance_pct"":0.1179039301310045,""base_bars"":12},""pattern_geometry_features"":{""pole_gain"":0.18381502890173418,""pullback_pct"":0.12949218750000005,""flag_range_pct"":0.11889648437499997,""flag_drift_per_bar"":-0.009040856796042393,""atr_pct"":0.06822716242661447,""pole_atr_multiple"":2.694162007682009},""_schema_version"":""1.0""}",,,,,,,,,,
20260604T164444Z-6b270e,2026-06-04T16:44:44.043038+00:00,INTU,vcp,absent,39.65,5.0,38.3,34.1,46.1,36.8,17.5,78.6,84.0,94.3,0.75,9.57,4.09,5.53,4.79,1.23,3.93,5.04,4.71,False,,303.9,423.99,295.9925,598.26,"{""trend"":{""T1_ema_stack"":{""value"":[false,false,false],""score"":0.0},""T2_ema50_slope"":{""value"":-0.6882548135099874,""score"":0},""T3_high_proximity"":{""value"":0.6315855103185983,""score"":0},""T4_rs_1m"":{""value"":-0.28232240594186553,""score"":0},""T5_rs_3m"":{""value"":-0.45937740821134954,""score"":0},""T6_adr_healthy"":{""value"":4.588278862210685,""score"":100.0},""_score"":5.0},""geometry"":{""sub_contraction_count"":100.0,""sub_reduction_rate"":0,""sub_pivot_tightness"":0,""sub_volume_dryup"":0,""sub_base_depth"":32.9,""sub_base_duration"":100.0,""_score"":38.29},""compression"":{""VC1_atr_ratio"":{""value"":0.7004735734402969,""score"":74.88160663992576},""VC2_range_contraction"":{""value"":1.2907756554551513,""score"":0},""VC3_range_pct_rank"":{""score"":16.666666666666664},""_score"":34.12},""sr_quality"":{""SR1_touches"":{""value"":2,""score"":25.0},""SR2_tightness"":{""value"":3.447499999999991,""score"":72.78016507858453},""SR3_recency"":{""value"":263,""score"":0.0},""SR4_price_location"":{""score"":50.669724116130766},""SR5_reaction"":{""value"":2.8330143633764777,""score"":100},""_score"":46.08,""_levels_found"":6,""_target_level"":345.5525},""volume"":{""V1_rvol_day"":{""value"":0.4818296092132575,""score"":0},""V2_rvol_sameslot"":{""value"":1.59621099158514,""score"":73.08073277234266,""status"":""ok""},""V3_breakout_bar"":{""value"":1.2095006876257481,""score"":47.30004584171654},""V4_base_dryup"":{""value"":0.9806634609340928,""score"":51.93365390659071},""V5_bo_expansion"":{""value"":0.4818296092132575,""score"":0},""_score"":36.83},""readiness"":{""_distance_atr"":4.741,""BR1_atr_distance"":{""score"":0},""BR2_compression"":{""score"":0},""BR3_retest"":{""score"":50.0},""BR4_bo_age"":{""score"":50.0},""_score"":17.5},""risk"":{""R1_stop_clarity"":{""score"":64.41090474016525},""R2_stop_distance_pct"":{""value"":2.6020072392234193,""score"":100.0},""R3_stop_distance_atr"":{""value"":0.3121694628587273,""score"":40.60847314293636},""R4_rr_potential"":{""value"":37.22541890610194,""score"":100.0},""_score"":78.64},""market"":{""M1_spy_regime"":{""score"":100.0},""M3_earnings_risk"":{""value"":null,""score"":80.0},""M4_vix"":{""value"":null,""score"":60.0},""_score"":84.0},""liquidity"":{""L1_price"":{""value"":303.9,""score"":100.0},""L2_dollar_vol"":{""value"":897566296.6075169,""score"":100.0},""L3_spread_proxy"":{""value"":0.05722277064823951,""score"":42.77722935176049},""L4_volume_zscore"":{""value"":-0.6509663163789959,""score"":100.0},""_score"":94.28},""pattern_structure"":{""n_contractions"":5,""contractions_pct"":[13.75,21.64,10.75,8.76,29.13],""descending_strict"":false,""final_low"":300.5,""final_pivot"":423.99,""structural_low"":300.5,""dry_up_ratio"":3.326209377962498,""current_price"":303.9,""neckline_distance_pct"":0.3951628825271472,""base_bars"":49},""pattern_geometry_features"":{""contraction_count"":5.0,""first_contraction_pct"":0.13747688354361062,""last_contraction_pct"":0.2912568692657846,""dry_up_ratio"":3.326209377962498,""near_monotone"":0.0,""base_depth_pct"":0.3670619457842745},""_schema_version"":""1.0""}",,,,,,,,,,
20260604T164444Z-6b270e,2026-06-04T16:44:44.043038+00:00,TMUS,double_bottom,invalidated,39.15,9.5,35.5,46.6,57.0,41.1,17.5,10.0,84.0,95.4,1.42,8.86,3.73,7.98,5.35,1.4,0.6,5.04,4.77,True,risk_unclear,177.04,194.29,182.3186,203.485,"{""trend"":{""T1_ema_stack"":{""value"":[false,false,false],""score"":0.0},""T2_ema50_slope"":{""value"":-0.16634887570301332,""score"":22.275187382831113},""T3_high_proximity"":{""value"":0.7990251387823261,""score"":0},""T4_rs_1m"":{""value"":-0.1341554105154774,""score"":0},""T5_rs_3m"":{""value"":-0.3076627632641574,""score"":0},""T6_adr_healthy"":{""value"":2.4406168441886487,""score"":100.0},""_score"":9.46},""geometry"":{""sub_low_similarity"":60.8,""sub_bounce_quality"":28.1,""sub_separation_fit"":0.0,""sub_right_bottom_reaction"":37.3,""sub_base_context"":30.0,""_score"":35.45},""compression"":{""VC1_atr_ratio"":{""value"":0.40147679828323685,""score"":100},""VC2_range_contraction"":{""value"":0.9011832300938557,""score"":16.46946165102405},""VC3_range_pct_rank"":{""score"":3.3333333333333326},""_score"":46.6},""sr_quality"":{""SR1_touches"":{""value"":3,""score"":50.0},""SR2_tightness"":{""value"":0.7884584115009833,""score"":67.24748086636372},""SR3_recency"":{""value"":252,""score"":0.0},""SR4_price_location"":{""score"":67.78577256880043},""SR5_reaction"":{""value"":2.9341047894567693,""score"":100},""_score"":57.03,""_levels_found"":7,""_target_level"":182.21},""volume"":{""V1_rvol_day"":{""value"":0.4862924927394813,""score"":0},""V2_rvol_sameslot"":{""value"":2.3101185060776577,""score"":100,""status"":""ok""},""V3_breakout_bar"":{""value"":1.0062111430455438,""score"":33.74740953636959},""V4_base_dryup"":{""value"":0.8643489175298137,""score"":63.56510824701863},""V5_bo_expansion"":{""value"":0.4862924927394813,""score"":0},""_score"":41.15},""readiness"":{""_distance_atr"":3.583,""BR1_atr_distance"":{""score"":0},""BR2_compression"":{""score"":0},""BR3_retest"":{""score"":50.0},""BR4_bo_age"":{""score"":50.0},""_score"":17.5},""risk"":{""R1_stop_clarity"":{""score"":0},""R2_stop_distance_pct"":{""value"":-2.981571961138736,""score"":0.0},""R3_stop_distance_atr"":{""value"":-1.0963585787404535,""score"":0.0},""R4_rr_potential"":{""value"":null,""score"":50.0},""_score"":10.0},""market"":{""M1_spy_regime"":{""score"":100.0},""M3_earnings_risk"":{""value"":null,""score"":80.0},""M4_vix"":{""value"":null,""score"":60.0},""_score"":84.0},""liquidity"":{""L1_price"":{""value"":177.04,""score"":100.0},""L2_dollar_vol"":{""value"":383876710.44061273,""score"":100.0},""L3_spread_proxy"":{""value"":0.04620424762765481,""score"":53.79575237234519},""L4_volume_zscore"":{""value"":-1.548137089526178,""score"":100.0},""_score"":95.38},""pattern_structure"":{""left_low"":188.76,""left_idx"":18,""right_low"":185.095,""right_idx"":65,""separation_bars"":47,""structural_low"":185.095,""current_price"":176.96,""neckline_distance_pct"":0.09793173598553336,""base_bars"":47},""pattern_geometry_features"":{""low_similarity_pct"":0.019606531944202924,""bounce_pct"":0.0496771927928901,""right_bottom_reaction"":0.3731117824773453,""atr_pct"":0.027195226260409263},""_schema_version"":""1.0""}",,,,,,,,,,
20260604T164444Z-6b270e,2026-06-04T16:44:44.043038+00:00,BA,cup_with_handle,absent,38.95,31.4,35.4,57.9,40.0,4.8,17.5,67.6,84.0,98.1,4.39,10.62,4.63,4.79,0.62,1.4,3.38,4.2,4.91,True,risk_unclear,216.3287,236.45,206.4855,285.24,"{""trend"":{""T1_ema_stack"":{""value"":[false,false,true],""score"":33.33333333333333},""T2_ema50_slope"":{""value"":0.01781373528713956,""score"":52.96895588118993},""T3_high_proximity"":{""value"":0.899121778886118,""score"":49.560889443058976},""T4_rs_1m"":{""value"":-0.08115924604689984,""score"":0},""T5_rs_3m"":{""value"":-0.1362293238407729,""score"":0},""T6_adr_healthy"":{""value"":2.981083117595758,""score"":100.0},""_score"":31.36},""geometry"":{""sub_cup_depth"":100.0,""sub_cup_duration"":0.0,""sub_rim_symmetry"":3.4,""sub_handle_shallowness"":5.5,""sub_handle_proportion"":92.1,""sub_u_shape"":29.5,""_score"":35.41},""compression"":{""VC1_atr_ratio"":{""value"":0.6310664028824619,""score"":92.23339927938453},""VC2_range_contraction"":{""value"":0.9679874130050573,""score"":5.335431165823783},""VC3_range_pct_rank"":{""score"":76.66666666666666},""_score"":57.93},""sr_quality"":{""SR1_touches"":{""value"":3,""score"":50.0},""SR2_tightness"":{""value"":1.5007849797874304,""score"":56.58886422102476},""SR3_recency"":{""value"":229,""score"":0.0},""SR4_price_location"":{""score"":5.840342887187714},""SR5_reaction"":{""value"":3.3669421487603293,""score"":100},""_score"":39.95,""_levels_found"":3,""_target_level"":231.0733},""volume"":{""V1_rvol_day"":{""value"":0.3950671654191748,""score"":0},""V2_rvol_sameslot"":{""value"":0.41186403448897324,""score"":0,""status"":""ok""},""V3_breakout_bar"":{""value"":0.46651054454632435,""score"":0},""V4_base_dryup"":{""value"":1.2615245589646777,""score"":23.84754410353223},""V5_bo_expansion"":{""value"":0.39506716541917475,""score"":0},""_score"":4.77},""readiness"":{""_distance_atr"":2.91,""BR1_atr_distance"":{""score"":0},""BR2_compression"":{""score"":0},""BR3_retest"":{""score"":50.0},""BR4_bo_age"":{""score"":50.0},""_score"":17.5},""risk"":{""R1_stop_clarity"":{""score"":9.044834710743672},""R2_stop_distance_pct"":{""value"":4.5500897476848925,""score"":100.0},""R3_stop_distance_atr"":{""value"":1.4235960743801659,""score"":96.17980371900829},""R4_rr_potential"":{""value"":7.000939739819057,""score"":100.0},""_score"":67.59},""market"":{""M1_spy_regime"":{""score"":100.0},""M3_earnings_risk"":{""value"":null,""score"":80.0},""M4_vix"":{""value"":null,""score"":60.0},""_score"":84.0},""liquidity"":{""L1_price"":{""value"":216.3287,""score"":100.0},""L2_dollar_vol"":{""value"":646442414.1262223,""score"":100.0},""L3_spread_proxy"":{""value"":0.018906414174355853,""score"":81.09358582564414},""L4_volume_zscore"":{""value"":-1.542217410754225,""score"":100.0},""_score"":98.11},""pattern_structure"":{""left_rim"":225.56,""left_rim_idx"":29,""cup_bottom"":176.77,""cup_bottom_idx"":47,""right_rim"":236.45,""right_rim_idx"":151,""handle_low"":209.63,""handle_bars"":28,""cup_bars"":122,""structural_low"":209.63,""current_price"":216.3287,""neckline_distance_pct"":0.09301262384510234,""base_bars"":150},""pattern_geometry_features"":{""cup_depth_pct"":0.2163060826387657,""rim_symmetry_pct"":0.048279836850505346,""handle_depth_pct"":0.11342778600126874,""handle_to_cup_ratio"":0.22950819672131148,""cup_duration_bars"":122.0,""atr_pct"":0.03196194362692383,""u_shape_score"":0.14754098360655737},""_schema_version"":""1.0""}",,,,,,,,,,
20260604T164444Z-6b270e,2026-06-04T16:44:44.043038+00:00,UUUU,bull_flag,absent,38.78,13.3,24.6,74.3,56.3,14.8,34.9,77.2,84.0,92.8,1.87,7.38,6.68,5.63,2.08,3.14,2.32,5.04,4.64,False,,17.43,19.75,16.9913,22.24,"{""trend"":{""T1_ema_stack"":{""value"":[false,false,true],""score"":33.33333333333333},""T2_ema50_slope"":{""value"":-0.3362188848317906,""score"":0},""T3_high_proximity"":{""value"":0.7410714285714286,""score"":0},""T4_rs_1m"":{""value"":-0.21685476122569247,""score"":0},""T5_rs_3m"":{""value"":-0.2526440422151075,""score"":0},""T6_adr_healthy"":{""value"":7.154704378939168,""score"":100.0},""_score"":13.33},""geometry"":{""sub_pole_impulse"":24.1,""sub_flag_tightness"":0,""sub_flag_shallowness"":0,""sub_flag_drift"":49.2,""sub_flag_duration"":100.0,""_score"":24.61},""compression"":{""VC1_atr_ratio"":{""value"":0.4005228090134866,""score"":100},""VC2_range_contraction"":{""value"":0.8197970486208078,""score"":30.033825229865364},""VC3_range_pct_rank"":{""score"":95.0},""_score"":74.26},""sr_quality"":{""SR1_touches"":{""value"":2,""score"":25.0},""SR2_tightness"":{""value"":0.09440000000000026,""score"":85.25740420547712},""SR3_recency"":{""value"":262,""score"":0.0},""SR4_price_location"":{""score"":84.21199962676121},""SR5_reaction"":{""value"":4.286440961570642,""score"":100},""_score"":56.34,""_levels_found"":4,""_target_level"":17.6556},""volume"":{""V1_rvol_day"":{""value"":0.3823919048873022,""score"":0},""V2_rvol_sameslot"":{""value"":0.6190197083315561,""score"":7.934647222103737,""status"":""ok""},""V3_breakout_bar"":{""value"":0.6180598699365488,""score"":7.870657995769921},""V4_base_dryup"":{""value"":0.9363571611710476,""score"":56.364283882895236},""V5_bo_expansion"":{""value"":0.38239190488730224,""score"":0},""_score"":14.83},""readiness"":{""_distance_atr"":1.812,""BR1_atr_distance"":{""score"":0},""BR2_compression"":{""score"":69.53278303043133},""BR3_retest"":{""score"":50.0},""BR4_bo_age"":{""score"":50.0},""_score"":34.88},""risk"":{""R1_stop_clarity"":{""score"":59.59060739583927},""R2_stop_distance_pct"":{""value"":2.5172117039586857,""score"":100.0},""R3_stop_distance_atr"":{""value"":0.34260137207875424,""score"":42.13006860393771},""R4_rr_potential"":{""value"":10.962962962962989,""score"":100.0},""_score"":77.18},""market"":{""M1_spy_regime"":{""score"":100.0},""M3_earnings_risk"":{""value"":null,""score"":80.0},""M4_vix"":{""value"":null,""score"":60.0},""_score"":84.0},""liquidity"":{""L1_price"":{""value"":17.43,""score"":100.0},""L2_dollar_vol"":{""value"":71494536.89549871,""score"":92.71364286852597},""L3_spread_proxy"":{""value"":0.043029259896729774,""score"":56.970740103270224},""L4_volume_zscore"":{""value"":-1.378424438632968,""score"":100.0},""_score"":92.78},""pattern_structure"":{""pole_low"":17.26,""pole_low_idx"":39,""peak_price"":19.75,""peak_idx"":46,""pole_gain"":0.14426419466975657,""flag_bars"":13,""flag_low"":17.25,""flag_high"":19.75,""structural_low"":17.25,""current_price"":17.49,""neckline_distance_pct"":0.1292166952544312,""base_bars"":13},""pattern_geometry_features"":{""pole_gain"":0.14426419466975657,""pullback_pct"":0.12658227848101267,""flag_range_pct"":0.12658227848101267,""flag_drift_per_bar"":-0.010162604690906556,""atr_pct"":0.0734734857798541,""pole_atr_multiple"":1.9634864623411235},""_schema_version"":""1.0""}",,,,,,,,,,
20260604T164444Z-6b270e,2026-06-04T16:44:44.043038+00:00,NOC,double_bottom,absent,38.64,5.0,23.5,72.0,43.0,39.8,17.5,65.0,84.0,94.4,0.75,5.87,5.76,6.02,5.18,1.4,3.9,5.04,4.72,True,risk_unclear,536.56,562.7,518.6715,598.83,"{""trend"":{""T1_ema_stack"":{""value"":[false,false,false],""score"":0.0},""T2_ema50_slope"":{""value"":-0.4801899601280488,""score"":0},""T3_high_proximity"":{""value"":0.7096134262626796,""score"":0},""T4_rs_1m"":{""value"":-0.084732596770557,""score"":0},""T5_rs_3m"":{""value"":-0.38534834994578615,""score"":0},""T6_adr_healthy"":{""value"":1.9054033749566108,""score"":100.0},""_score"":5.0},""geometry"":{""sub_low_similarity"":14.7,""sub_bounce_quality"":55.2,""sub_separation_fit"":0.0,""sub_right_bottom_reaction"":13.6,""sub_base_context"":30.0,""_score"":23.49},""compression"":{""VC1_atr_ratio"":{""value"":0.5593034547672787,""score"":100},""VC2_range_contraction"":{""value"":0.8579483724623262,""score"":23.67527125627896},""VC3_range_pct_rank"":{""score"":95.0},""_score"":72.04},""sr_quality"":{""SR1_touches"":{""value"":2,""score"":25.0},""SR2_tightness"":{""value"":0.285000000000025,""score"":94.84446167264224},""SR3_recency"":{""value"":229,""score"":0.0},""SR4_price_location"":{""score"":24.95978292470207},""SR5_reaction"":{""value"":6.723907355363896,""score"":100},""_score"":42.97,""_levels_found"":3,""_target_level"":564.215},""volume"":{""V1_rvol_day"":{""value"":0.383572670623391,""score"":0},""V2_rvol_sameslot"":{""value"":1.9046374029839273,""score"":93.64249353226182,""status"":""ok""},""V3_breakout_bar"":{""value"":1.0573403097638456,""score"":37.15602065092305},""V4_base_dryup"":{""value"":0.9089484389911152,""score"":59.10515610088848},""V5_bo_expansion"":{""value"":0.38357267062339095,""score"":0},""_score"":39.84},""readiness"":{""_distance_atr"":2.364,""BR1_atr_distance"":{""score"":0},""BR2_compression"":{""score"":0},""BR3_retest"":{""score"":50.0},""BR4_bo_age"":{""score"":50.0},""_score"":17.5},""risk"":{""R1_stop_clarity"":{""score"":0},""R2_stop_distance_pct"":{""value"":3.3339328313701913,""score"":100.0},""R3_stop_distance_atr"":{""value"":1.6179843008043324,""score"":100.0},""R4_rr_potential"":{""value"":3.4809976213835365,""score"":100.0},""_score"":65.0},""market"":{""M1_spy_regime"":{""score"":100.0},""M3_earnings_risk"":{""value"":null,""score"":80.0},""M4_vix"":{""value"":null,""score"":60.0},""_score"":84.0},""liquidity"":{""L1_price"":{""value"":536.56,""score"":81.72000000000003},""L2_dollar_vol"":{""value"":181009977.72304344,""score"":100.0},""L3_spread_proxy"":{""value"":0.010530043238407593,""score"":89.46995676159241},""L4_volume_zscore"":{""value"":-1.3968909140320973,""score"":100.0},""_score"":94.38},""pattern_structure"":{""left_low"":549.52,""left_idx"":28,""right_low"":526.57,""right_idx"":76,""separation_bars"":48,""structural_low"":526.57,""current_price"":536.1,""neckline_distance_pct"":0.0496176086551017,""base_bars"":48},""pattern_geometry_features"":{""low_similarity_pct"":0.04265442481576807,""bounce_pct"":0.06861385950585866,""right_bottom_reaction"":0.13605442176868784,""atr_pct"":0.020605470830049627},""_schema_version"":""1.0""}",,,,,,,,,,
20260604T164444Z-6b270e,2026-06-04T16:44:44.043038+00:00,ACN,bull_flag,absent,38.59,10.4,34.9,46.6,58.6,18.3,22.3,72.3,84.0,96.9,1.45,10.46,4.19,5.86,2.57,2.01,2.17,5.04,4.85,False,,180.3,198.0,173.7244,221.0499,"{""trend"":{""T1_ema_stack"":{""value"":[false,false,false],""score"":0.0},""T2_ema50_slope"":{""value"":-0.2969199081901927,""score"":0.5133486349678833},""T3_high_proximity"":{""value"":0.8386046511627907,""score"":19.30232558139533},""T4_rs_1m"":{""value"":-0.03807051313368315,""score"":11.92948686631685},""T5_rs_3m"":{""value"":-0.2678962682803072,""score"":0},""T6_adr_healthy"":{""value"":4.187269186089295,""score"":100.0},""_score"":10.38},""geometry"":{""sub_pole_impulse"":46.9,""sub_flag_tightness"":0,""sub_flag_shallowness"":0,""sub_flag_drift"":72.1,""sub_flag_duration"":100.0,""_score"":34.88},""compression"":{""VC1_atr_ratio"":{""value"":0.701259073862704,""score"":74.68523153432399},""VC2_range_contraction"":{""value"":0.931229948393005,""score"":11.461675267832502},""VC3_range_pct_rank"":{""score"":50.83333333333333},""_score"":46.59},""sr_quality"":{""SR1_touches"":{""value"":4,""score"":75.0},""SR2_tightness"":{""value"":2.04581137632481,""score"":50.43823007165915},""SR3_recency"":{""value"":236,""score"":0.0},""SR4_price_location"":{""score"":53.989446987144106},""SR5_reaction"":{""value"":2.190875813547087,""score"":100},""_score"":58.56,""_levels_found"":7,""_target_level"":184.2457},""volume"":{""V1_rvol_day"":{""value"":0.3306190279573389,""score"":0},""V2_rvol_sameslot"":{""value"":0.8930888911116971,""score"":26.20592607411314,""status"":""ok""},""V3_breakout_bar"":{""value"":0.845614437592258,""score"":23.04096250615053},""V4_base_dryup"":{""value"":1.1331700346803983,""score"":36.682996531960164},""V5_bo_expansion"":{""value"":0.33061902795733894,""score"":0},""_score"":18.34},""readiness"":{""_distance_atr"":2.144,""BR1_atr_distance"":{""score"":0},""BR2_compression"":{""score"":19.124774538118544},""BR3_retest"":{""score"":50.0},""BR4_bo_age"":{""score"":50.0},""_score"":22.28},""risk"":{""R1_stop_clarity"":{""score"":35.908978730253466},""R2_stop_distance_pct"":{""value"":3.6470049916805443,""score"":100.0},""R3_stop_distance_atr"":{""value"":0.7964954639116271,""score"":64.82477319558136},""R4_rr_potential"":{""value"":6.197185026347586,""score"":100.0},""_score"":72.29},""market"":{""M1_spy_regime"":{""score"":100.0},""M3_earnings_risk"":{""value"":null,""score"":80.0},""M4_vix"":{""value"":null,""score"":60.0},""_score"":84.0},""liquidity"":{""L1_price"":{""value"":180.3,""score"":100.0},""L2_dollar_vol"":{""value"":348206612.3565831,""score"":100.0},""L3_spread_proxy"":{""value"":0.03089295618413751,""score"":69.10704381586248},""L4_volume_zscore"":{""value"":-1.4322999420924851,""score"":100.0},""_score"":96.91},""pattern_structure"":{""pole_low"":174.9501,""pole_low_idx"":16,""peak_price"":198.0,""peak_idx"":41,""pole_gain"":0.13175128222275956,""flag_bars"":18,""flag_low"":176.37,""flag_high"":197.32,""structural_low"":176.37,""current_price"":180.12,""neckline_distance_pct"":0.09926715522984673,""base_bars"":18},""pattern_geometry_features"":{""pole_gain"":0.13175128222275956,""pullback_pct"":0.10924242424242422,""flag_range_pct"":0.10580808080808075,""flag_drift_per_bar"":-0.005581647552016094,""atr_pct"":0.04578814515490056,""pole_atr_multiple"":2.877410337917098},""_schema_version"":""1.0""}",,,,,,,,,,
20260604T164444Z-6b270e,2026-06-04T16:44:44.043038+00:00,NNE,bull_flag,absent,38.21,52.5,15.9,57.4,48.0,9.4,33.2,81.2,84.0,86.8,7.35,4.77,5.17,4.8,1.32,2.99,2.44,5.04,4.34,False,,25.3684,31.59,24.6447,36.75,"{""trend"":{""T1_ema_stack"":{""value"":[false,true,false],""score"":33.33333333333333},""T2_ema50_slope"":{""value"":0.24862810067411883,""score"":91.43801677901982},""T3_high_proximity"":{""value"":0.8298462544978737,""score"":14.92312724893685},""T4_rs_1m"":{""value"":0.06883824922264958,""score"":100},""T5_rs_3m"":{""value"":-0.11830387210926852,""score"":0},""T6_adr_healthy"":{""value"":9.064997645696799,""score"":73.37505885758003},""_score"":52.53},""geometry"":{""sub_pole_impulse"":19.7,""sub_flag_tightness"":0,""sub_flag_shallowness"":0,""sub_flag_drift"":0,""sub_flag_duration"":100.0,""_score"":15.91},""compression"":{""VC1_atr_ratio"":{""value"":0.6738034945761389,""score"":81.54912635596529},""VC2_range_contraction"":{""value"":1.0918902236185395,""score"":0},""VC3_range_pct_rank"":{""score"":99.16666666666667},""_score"":57.41},""sr_quality"":{""SR1_touches"":{""value"":2,""score"":25.0},""SR2_tightness"":{""value"":0.2550000000000008,""score"":81.58341372319401},""SR3_recency"":{""value"":299,""score"":0.0},""SR4_price_location"":{""score"":74.87224297939015},""SR5_reaction"":{""value"":1.2693000149602522,""score"":63.46500074801261},""_score"":47.98,""_levels_found"":6,""_target_level"":26.295},""volume"":{""V1_rvol_day"":{""value"":0.458217013554582,""score"":0},""V2_rvol_sameslot"":{""value"":0.6172793210336829,""score"":7.818621402245525,""status"":""ok""},""V3_breakout_bar"":{""value"":0.2971893297923835,""score"":0},""V4_base_dryup"":{""value"":1.106312355546914,""score"":39.36876444530859},""V5_bo_expansion"":{""value"":0.45821701355458205,""score"":0},""_score"":9.44},""readiness"":{""_distance_atr"":2.247,""BR1_atr_distance"":{""score"":0},""BR2_compression"":{""score"":62.77089878164382},""BR3_retest"":{""score"":50.0},""BR4_bo_age"":{""score"":50.0},""_score"":33.19},""risk"":{""R1_stop_clarity"":{""score"":72.89511831495979},""R2_stop_distance_pct"":{""value"":2.852761703536687,""score"":100.0},""R3_stop_distance_atr"":{""value"":0.2613349703632249,""score"":38.06674851816124},""R4_rr_potential"":{""value"":15.72695868453777,""score"":100.0},""_score"":81.22},""market"":{""M1_spy_regime"":{""score"":100.0},""M3_earnings_risk"":{""value"":null,""score"":80.0},""M4_vix"":{""value"":null,""score"":60.0},""_score"":84.0},""liquidity"":{""L1_price"":{""value"":25.3684,""score"":100.0},""L2_dollar_vol"":{""value"":32576080.537311096,""score"":75.64494150105587},""L3_spread_proxy"":{""value"":0.03504359754655395,""score"":64.95640245344605},""L4_volume_zscore"":{""value"":-1.2098083816010685,""score"":100.0},""_score"":86.75},""pattern_structure"":{""pole_low"":26.43,""pole_low_idx"":33,""peak_price"":31.59,""peak_idx"":46,""pole_gain"":0.1952326901248581,""flag_bars"":13,""flag_low"":25.02,""flag_high"":31.4999,""structural_low"":25.02,""current_price"":25.4,""neckline_distance_pct"":0.24370078740157486,""base_bars"":13},""pattern_geometry_features"":{""pole_gain"":0.1952326901248581,""pullback_pct"":0.20797720797720798,""flag_range_pct"":0.20512503956948402,""flag_drift_per_bar"":-0.02082560353032795,""atr_pct"":0.10916111607917162,""pole_atr_multiple"":1.788481990082083},""_schema_version"":""1.0""}",,,,,,,,,,
20260604T164444Z-6b270e,2026-06-04T16:44:44.043038+00:00,AEVA,bull_flag,absent,38.13,83.5,18.1,8.7,42.6,24.5,17.5,54.0,84.0,86.2,11.69,5.42,0.79,4.26,3.43,1.57,1.62,5.04,4.31,False,,24.81,29.4,21.01,33.58,"{""trend"":{""T1_ema_stack"":{""value"":[true,true,true],""score"":100.0},""T2_ema50_slope"":{""value"":1.0317638398067848,""score"":100},""T3_high_proximity"":{""value"":0.8470467736428815,""score"":23.523386821440727},""T4_rs_1m"":{""value"":0.5826759414478802,""score"":100},""T5_rs_3m"":{""value"":0.5348058314246928,""score"":100},""T6_adr_healthy"":{""value"":12.88720121469785,""score"":0.0},""_score"":83.53},""geometry"":{""sub_pole_impulse"":11.1,""sub_flag_tightness"":0,""sub_flag_shallowness"":0,""sub_flag_drift"":31.6,""sub_flag_duration"":100.0,""_score"":18.07},""compression"":{""VC1_atr_ratio"":{""value"":0.9734193386051797,""score"":6.645165348705073},""VC2_range_contraction"":{""value"":0.949246878663901,""score"":8.4588535560165},""VC3_range_pct_rank"":{""score"":12.5},""_score"":8.74},""sr_quality"":{""SR1_touches"":{""value"":2,""score"":25.0},""SR2_tightness"":{""value"":0.23000000000000043,""score"":83.82957781136848},""SR3_recency"":{""value"":239,""score"":0.0},""SR4_price_location"":{""score"":30.0},""SR5_reaction"":{""value"":2.0546982107076324,""score"":100},""_score"":42.57,""_levels_found"":4,""_target_level"":22.39},""volume"":{""V1_rvol_day"":{""value"":0.8652067011962946,""score"":24.34711341308631},""V2_rvol_sameslot"":{""value"":0.916021382917382,""score"":27.7347588611588,""status"":""ok""},""V3_breakout_bar"":{""value"":0.8255355140253909,""score"":21.70236760169273},""V4_base_dryup"":{""value"":1.0677733391010018,""score"":43.22266608989982},""V5_bo_expansion"":{""value"":0.8652067011962946,""score"":0},""_score"":24.49},""readiness"":{""_distance_atr"":1.614,""BR1_atr_distance"":{""score"":0},""BR2_compression"":{""score"":0},""BR3_retest"":{""score"":50.0},""BR4_bo_age"":{""score"":50.0},""_score"":17.5},""risk"":{""R1_stop_clarity"":{""score"":77.50553661194512},""R2_stop_distance_pct"":{""value"":15.316203143893588,""score"":0.0},""R3_stop_distance_atr"":{""value"":1.3357999086019612,""score"":91.78999543009806},""R4_rr_potential"":{""value"":2.3079251042776883,""score"":65.39625521388442},""_score"":53.97},""market"":{""M1_spy_regime"":{""score"":100.0},""M3_earnings_risk"":{""value"":null,""score"":80.0},""M4_vix"":{""value"":null,""score"":60.0},""_score"":84.0},""liquidity"":{""L1_price"":{""value"":24.81,""score"":100.0},""L2_dollar_vol"":{""value"":64821565.10425586,""score"":90.58597563898734},""L3_spread_proxy"":{""value"":0.14388956066102382,""score"":0},""L4_volume_zscore"":{""value"":-0.3278237387225698,""score"":100.0},""_score"":86.23},""pattern_structure"":{""pole_low"":25.22,""pole_low_idx"":32,""peak_price"":29.4,""peak_idx"":45,""pole_gain"":0.16574147501982553,""flag_bars"":14,""flag_low"":21.33,""flag_high"":29.29,""structural_low"":21.33,""current_price"":24.81,""neckline_distance_pct"":0.18500604594921402,""base_bars"":14},""pattern_geometry_features"":{""pole_gain"":0.16574147501982553,""pullback_pct"":0.27448979591836736,""flag_range_pct"":0.27074829931972794,""flag_drift_per_bar"":-0.013679542545322495,""atr_pct"":0.11465941152760985,""pole_atr_multiple"":1.4455113000463566},""_schema_version"":""1.0""}",,,,,,,,,,
20260604T164444Z-6b270e,2026-06-04T16:44:44.043038+00:00,OKLO,bull_flag,absent,38.06,26.6,20.8,69.7,52.4,9.3,33.5,80.2,84.0,96.2,3.73,6.24,6.28,5.24,1.3,3.01,2.41,5.04,4.81,False,,64.6666,73.805,62.38,83.3258,"{""trend"":{""T1_ema_stack"":{""value"":[false,true,false],""score"":33.33333333333333},""T2_ema50_slope"":{""value"":0.003573483567253959,""score"":50.59558059454233},""T3_high_proximity"":{""value"":0.8121904044209998,""score"":6.0952022104998616},""T4_rs_1m"":{""value"":-0.0995821668998661,""score"":0},""T5_rs_3m"":{""value"":-0.06791439336599825,""score"":16.042803317000875},""T6_adr_healthy"":{""value"":8.113603750464668,""score"":97.15990623838331},""_score"":26.63},""geometry"":{""sub_pole_impulse"":16.5,""sub_flag_tightness"":0,""sub_flag_shallowness"":0,""sub_flag_drift"":39.0,""sub_flag_duration"":100.0,""_score"":20.8},""compression"":{""VC1_atr_ratio"":{""value"":0.39563131059756174,""score"":100},""VC2_range_contraction"":{""value"":0.9046610360913481,""score"":15.889827318108656},""VC3_range_pct_rank"":{""score"":96.66666666666667},""_score"":69.73},""sr_quality"":{""SR1_touches"":{""value"":2,""score"":25.0},""SR2_tightness"":{""value"":0.10500000000000398,""score"":96.36432887242243},""SR3_recency"":{""value"":280,""score"":0.0},""SR4_price_location"":{""score"":62.38247863247869},""SR5_reaction"":{""value"":1.9849033084607262,""score"":99.24516542303631},""_score"":52.44,""_levels_found"":8,""_target_level"":66.075},""volume"":{""V1_rvol_day"":{""value"":0.43100336780509835,""score"":0},""V2_rvol_sameslot"":{""value"":0.6730100328872393,""score"":11.534002192482617,""status"":""ok""},""V3_breakout_bar"":{""value"":0.44912184347448286,""score"":0},""V4_base_dryup"":{""value"":1.1498459708164617,""score"":35.01540291835383},""V5_bo_expansion"":{""value"":0.4310033678050984,""score"":0},""_score"":9.31},""readiness"":{""_distance_atr"":1.582,""BR1_atr_distance"":{""score"":0},""BR2_compression"":{""score"":63.95781427597274},""BR3_retest"":{""score"":50.0},""BR4_bo_age"":{""score"":50.0},""_score"":33.49},""risk"":{""R1_stop_clarity"":{""score"":67.10756392721729},""R2_stop_distance_pct"":{""value"":3.535905707119294,""score"":100.0},""R3_stop_distance_atr"":{""value"":0.39586399127439015,""score"":44.79319956371951},""R4_rr_potential"":{""value"":8.160416347772832,""score"":100.0},""_score"":80.21},""market"":{""M1_spy_regime"":{""score"":100.0},""M3_earnings_risk"":{""value"":null,""score"":80.0},""M4_vix"":{""value"":null,""score"":60.0},""_score"":84.0},""liquidity"":{""L1_price"":{""value"":64.6666,""score"":100.0},""L2_dollar_vol"":{""value"":420157745.993834,""score"":100.0},""L3_spread_proxy"":{""value"":0.03788663699653303,""score"":62.11336300346697},""L4_volume_zscore"":{""value"":-1.6419254711856088,""score"":100.0},""_score"":96.21},""pattern_structure"":{""pole_low"":64.2842,""pole_low_idx"":33,""peak_price"":73.805,""peak_idx"":47,""pole_gain"":0.14810482202469671,""flag_bars"":12,""flag_low"":63.33,""flag_high"":73.62,""structural_low"":63.33,""current_price"":65.1,""neckline_distance_pct"":0.1337173579109065,""base_bars"":12},""pattern_geometry_features"":{""pole_gain"":0.14810482202469671,""pullback_pct"":0.14192805365490152,""flag_range_pct"":0.13942144841135432,""flag_drift_per_bar"":-0.012194977065944794,""atr_pct"":0.08932122610435683,""pole_atr_multiple"":1.6581145208604855},""_schema_version"":""1.0""}",,,,,,,,,,
20260604T164444Z-6b270e,2026-06-04T16:44:44.043038+00:00,RKLB,bull_flag,absent,38.04,75.7,18.4,38.7,34.3,8.0,19.3,82.6,84.0,92.5,10.59,5.53,3.48,3.43,1.13,1.74,2.48,5.04,4.62,False,,118.65,150.5599,108.7341,177.1198,"{""trend"":{""T1_ema_stack"":{""value"":[false,true,true],""score"":66.66666666666666},""T2_ema50_slope"":{""value"":1.3511895477055602,""score"":100},""T3_high_proximity"":{""value"":0.7897889902150037,""score"":0},""T4_rs_1m"":{""value"":0.4611985537495802,""score"":100},""T5_rs_3m"":{""value"":0.5845803672337115,""score"":100},""T6_adr_healthy"":{""value"":8.797227442053074,""score"":80.06931394867314},""_score"":75.67},""geometry"":{""sub_pole_impulse"":27.6,""sub_flag_tightness"":0,""sub_flag_shallowness"":0,""sub_flag_drift"":59.5,""sub_flag_duration"":12.5,""_score"":18.45},""compression"":{""VC1_atr_ratio"":{""value"":0.8531738842699814,""score"":36.706528932504646},""VC2_range_contraction"":{""value"":0.7886763078839996,""score"":35.22061535266674},""VC3_range_pct_rank"":{""score"":46.666666666666664},""_score"":38.68},""sr_quality"":{""SR1_touches"":{""value"":2,""score"":25.0},""SR2_tightness"":{""value"":1.6149999999999949,""score"":73.25682965097273},""SR3_recency"":{""value"":255,""score"":0.0},""SR4_price_location"":{""score"":30.0},""SR5_reaction"":{""value"":1.1061571388947535,""score"":55.30785694473768},""_score"":34.28,""_levels_found"":4,""_target_level"":91.485},""volume"":{""V1_rvol_day"":{""value"":0.43138805175439743,""score"":0},""V2_rvol_sameslot"":{""value"":0.4474769865448268,""score"":0,""status"":""ok""},""V3_breakout_bar"":{""value"":0.4884868552398018,""score"":0},""V4_base_dryup"":{""value"":1.097828178318776,""score"":40.2171821681224},""V5_bo_expansion"":{""value"":0.4313880517543974,""score"":0},""_score"":8.04},""readiness"":{""_distance_atr"":2.642,""BR1_atr_distance"":{""score"":0},""BR2_compression"":{""score"":7.334826911096845},""BR3_retest"":{""score"":50.0},""BR4_bo_age"":{""score"":50.0},""_score"":19.33},""risk"":{""R1_stop_clarity"":{""score"":72.580384753909},""R2_stop_distance_pct"":{""value"":8.357227138643072,""score"":91.0693215339232},""R3_stop_distance_atr"":{""value"":0.8209946306668825,""score"":66.04973153334413},""R4_rr_potential"":{""value"":5.896599888058004,""score"":100.0},""_score"":82.63},""market"":{""M1_spy_regime"":{""score"":100.0},""M3_earnings_risk"":{""value"":null,""score"":80.0},""M4_vix"":{""value"":null,""score"":60.0},""_score"":84.0},""liquidity"":{""L1_price"":{""value"":118.65,""score"":100.0},""L2_dollar_vol"":{""value"":1601526209.9981897,""score"":100.0},""L3_spread_proxy"":{""value"":0.0755162241887905,""score"":24.483775811209497},""L4_volume_zscore"":{""value"":-1.2404167080130384,""score"":100.0},""_score"":92.45},""pattern_structure"":{""pole_low"":124.0,""pole_low_idx"":8,""peak_price"":150.5599,""peak_idx"":32,""pole_gain"":0.21419274193548385,""flag_bars"":27,""flag_low"":110.39,""flag_high"":143.1,""structural_low"":110.39,""current_price"":118.65,""neckline_distance_pct"":0.26894142435735346,""base_bars"":27},""pattern_geometry_features"":{""pole_gain"":0.21419274193548385,""pullback_pct"":0.2668034450076016,""flag_range_pct"":0.21725572346952937,""flag_drift_per_bar"":-0.008096352586870892,""atr_pct"":0.10179393173198482,""pole_atr_multiple"":2.104179868987043},""_schema_version"":""1.0""}",,,,,,,,,,
20260604T164444Z-6b270e,2026-06-04T16:44:44.043038+00:00,SMR,bull_flag,absent,37.39,15.0,25.5,64.4,46.5,15.5,31.0,79.6,84.0,96.3,2.1,7.65,5.79,4.65,2.17,2.79,2.39,5.04,4.82,False,,11.97,14.3,11.6525,17.06,"{""trend"":{""T1_ema_stack"":{""value"":[false,false,false],""score"":0.0},""T2_ema50_slope"":{""value"":-0.19090207666088335,""score"":18.18298722318611},""T3_high_proximity"":{""value"":0.8580645161290323,""score"":29.03225806451615},""T4_rs_1m"":{""value"":-0.036852214626123425,""score"":13.147785373876573},""T5_rs_3m"":{""value"":-0.12766101207663327,""score"":0},""T6_adr_healthy"":{""value"":8.518968924301506,""score"":87.02577689246236},""_score"":14.97},""geometry"":{""sub_pole_impulse"":40.1,""sub_flag_tightness"":0,""sub_flag_shallowness"":0,""sub_flag_drift"":23.1,""sub_flag_duration"":100.0,""_score"":25.49},""compression"":{""VC1_atr_ratio"":{""value"":0.4915009455876353,""score"":100},""VC2_range_contraction"":{""value"":1.0250848279432934,""score"":0},""VC3_range_pct_rank"":{""score"":97.5},""_score"":64.38},""sr_quality"":{""SR1_touches"":{""value"":3,""score"":50.0},""SR2_tightness"":{""value"":0.21664307563876192,""score"":60.61034988386147},""SR3_recency"":{""value"":245,""score"":0.0},""SR4_price_location"":{""score"":29.418756686081093},""SR5_reaction"":{""value"":3.59030303030303,""score"":100},""_score"":46.45,""_levels_found"":4,""_target_level"":13.9493},""volume"":{""V1_rvol_day"":{""value"":0.43459725760958723,""score"":0},""V2_rvol_sameslot"":{""value"":0.9053742113409466,""score"":27.024947422729777,""status"":""ok""},""V3_breakout_bar"":{""value"":0.630203361886704,""score"":8.680224125780267},""V4_base_dryup"":{""value"":1.1025165574759135,""score"":39.74834425240865},""V5_bo_expansion"":{""value"":0.4345972576095871,""score"":0},""_score"":15.52},""readiness"":{""_distance_atr"":2.118,""BR1_atr_distance"":{""score"":0},""BR2_compression"":{""score"":53.90002888263983},""BR3_retest"":{""score"":50.0},""BR4_bo_age"":{""score"":50.0},""_score"":30.98},""risk"":{""R1_stop_clarity"":{""score"":67.73636363636358},""R2_stop_distance_pct"":{""value"":2.6520467836257384,""score"":100.0},""R3_stop_distance_atr"":{""value"":0.2885909090909099,""score"":39.42954545454549},""R4_rr_potential"":{""value"":16.034021105685895,""score"":100.0},""_score"":79.62},""market"":{""M1_spy_regime"":{""score"":100.0},""M3_earnings_risk"":{""value"":null,""score"":80.0},""M4_vix"":{""value"":null,""score"":60.0},""_score"":84.0},""liquidity"":{""L1_price"":{""value"":11.97,""score"":100.0},""L2_dollar_vol"":{""value"":183487125.84997472,""score"":100.0},""L3_spread_proxy"":{""value"":0.036758563074352504,""score"":63.2414369256475},""L4_volume_zscore"":{""value"":-1.670604228135798,""score"":100.0},""_score"":96.32},""pattern_structure"":{""pole_low"":11.54,""pole_low_idx"":27,""peak_price"":14.3,""peak_idx"":47,""pole_gain"":0.23916811091854434,""flag_bars"":12,""flag_low"":11.83,""flag_high"":14.11,""structural_low"":11.83,""current_price"":12.04,""neckline_distance_pct"":0.18770764119601344,""base_bars"":12},""pattern_geometry_features"":{""pole_gain"":0.23916811091854434,""pullback_pct"":0.17272727272727276,""flag_range_pct"":0.15944055944055938,""flag_drift_per_bar"":-0.015381101456682839,""atr_pct"":0.09189640768588138,""pole_atr_multiple"":2.6025838979045233},""_schema_version"":""1.0""}",,,,,,,,,,
20260604T164444Z-6b270e,2026-06-04T16:44:44.043038+00:00,BA,bull_flag,absent,36.06,31.4,26.7,57.9,40.0,6.9,17.5,65.3,84.0,98.1,4.39,8.02,5.21,4.0,0.96,1.57,1.96,5.04,4.91,True,risk_unclear,216.3287,232.3,208.357,246.69,"{""trend"":{""T1_ema_stack"":{""value"":[false,false,true],""score"":33.33333333333333},""T2_ema50_slope"":{""value"":0.01781373528713956,""score"":52.96895588118993},""T3_high_proximity"":{""value"":0.899121778886118,""score"":49.560889443058976},""T4_rs_1m"":{""value"":-0.08115924604689984,""score"":0},""T5_rs_3m"":{""value"":-0.1362293238407729,""score"":0},""T6_adr_healthy"":{""value"":2.981083117595758,""score"":100.0},""_score"":31.36},""geometry"":{""sub_pole_impulse"":26.7,""sub_flag_tightness"":0,""sub_flag_shallowness"":0,""sub_flag_drift"":83.2,""sub_flag_duration"":62.5,""_score"":26.74},""compression"":{""VC1_atr_ratio"":{""value"":0.6310664028824619,""score"":92.23339927938453},""VC2_range_contraction"":{""value"":0.9679874130050573,""score"":5.335431165823783},""VC3_range_pct_rank"":{""score"":76.66666666666666},""_score"":57.93},""sr_quality"":{""SR1_touches"":{""value"":3,""score"":50.0},""SR2_tightness"":{""value"":1.5007849797874304,""score"":56.58886422102476},""SR3_recency"":{""value"":229,""score"":0.0},""SR4_price_location"":{""score"":5.840342887187714},""SR5_reaction"":{""value"":3.3669421487603293,""score"":100},""_score"":39.95,""_levels_found"":3,""_target_level"":231.0733},""volume"":{""V1_rvol_day"":{""value"":0.3950671654191748,""score"":0},""V2_rvol_sameslot"":{""value"":0.41186403448897324,""score"":0,""status"":""ok""},""V3_breakout_bar"":{""value"":0.46651054454632435,""score"":0},""V4_base_dryup"":{""value"":1.156061283276622,""score"":34.39387167233781},""V5_bo_expansion"":{""value"":0.39506716541917475,""score"":0},""_score"":6.88},""readiness"":{""_distance_atr"":2.31,""BR1_atr_distance"":{""score"":0},""BR2_compression"":{""score"":0},""BR3_retest"":{""score"":50.0},""BR4_bo_age"":{""score"":50.0},""_score"":17.5},""risk"":{""R1_stop_clarity"":{""score"":8.220454545454174},""R2_stop_distance_pct"":{""value"":3.684971064865647,""score"":100.0},""R3_stop_distance_atr"":{""value"":1.1529245867768605,""score"":82.64622933884303},""R4_rr_potential"":{""value"":3.8086594368794398,""score"":100.0},""_score"":65.27},""market"":{""M1_spy_regime"":{""score"":100.0},""M3_earnings_risk"":{""value"":null,""score"":80.0},""M4_vix"":{""value"":null,""score"":60.0},""_score"":84.0},""liquidity"":{""L1_price"":{""value"":216.3287,""score"":100.0},""L2_dollar_vol"":{""value"":646442414.1262223,""score"":100.0},""L3_spread_proxy"":{""value"":0.018906414174355853,""score"":81.09358582564414},""L4_volume_zscore"":{""value"":-1.542217410754225,""score"":100.0},""_score"":98.11},""pattern_structure"":{""pole_low"":217.91,""pole_low_idx"":20,""peak_price"":232.3,""peak_idx"":36,""pole_gain"":0.06603643706117211,""flag_bars"":23,""flag_low"":211.53,""flag_high"":231.26,""structural_low"":211.53,""current_price"":216.38,""neckline_distance_pct"":0.0735742674923746,""base_bars"":23},""pattern_geometry_features"":{""pole_gain"":0.06603643706117211,""pullback_pct"":0.08941024537236336,""flag_range_pct"":0.08493327593628923,""flag_drift_per_bar"":-0.0033583772619315785,""atr_pct"":0.03196194362692383,""pole_atr_multiple"":2.066095786663765},""_schema_version"":""1.0""}",,,,,,,,,,
20260604T164444Z-6b270e,2026-06-04T16:44:44.043038+00:00,INTU,bull_flag,absent,34.85,5.0,30.7,34.1,46.1,26.4,17.5,74.2,84.0,94.3,0.7,9.21,3.07,4.61,3.7,1.57,2.23,5.04,4.71,False,,303.9,363.175,299.1642,425.85,"{""trend"":{""T1_ema_stack"":{""value"":[false,false,false],""score"":0.0},""T2_ema50_slope"":{""value"":-0.6882548135099874,""score"":0},""T3_high_proximity"":{""value"":0.6315855103185983,""score"":0},""T4_rs_1m"":{""value"":-0.28232240594186553,""score"":0},""T5_rs_3m"":{""value"":-0.45937740821134954,""score"":0},""T6_adr_healthy"":{""value"":4.588278862210685,""score"":100.0},""_score"":5.0},""geometry"":{""sub_pole_impulse"":37.6,""sub_flag_tightness"":0,""sub_flag_shallowness"":0,""sub_flag_drift"":62.9,""sub_flag_duration"":100.0,""_score"":30.71},""compression"":{""VC1_atr_ratio"":{""value"":0.7004735734402969,""score"":74.88160663992576},""VC2_range_contraction"":{""value"":1.2907756554551513,""score"":0},""VC3_range_pct_rank"":{""score"":16.666666666666664},""_score"":34.12},""sr_quality"":{""SR1_touches"":{""value"":2,""score"":25.0},""SR2_tightness"":{""value"":3.447499999999991,""score"":72.78016507858453},""SR3_recency"":{""value"":263,""score"":0.0},""SR4_price_location"":{""score"":50.669724116130766},""SR5_reaction"":{""value"":2.8330143633764777,""score"":100},""_score"":46.08,""_levels_found"":6,""_target_level"":345.5525},""volume"":{""V1_rvol_day"":{""value"":0.4818296092132575,""score"":0},""V2_rvol_sameslot"":{""value"":1.59621099158514,""score"":73.08073277234266,""status"":""ok""},""V3_breakout_bar"":{""value"":1.2095006876257481,""score"":47.30004584171654},""V4_base_dryup"":{""value"":2.7291766847876784,""score"":0},""V5_bo_expansion"":{""value"":0.4818296092132575,""score"":0},""_score"":26.44},""readiness"":{""_distance_atr"":2.34,""BR1_atr_distance"":{""score"":0},""BR2_compression"":{""score"":0},""BR3_retest"":{""score"":50.0},""BR4_bo_age"":{""score"":50.0},""_score"":17.5},""risk"":{""R1_stop_clarity"":{""score"":64.02955070776383},""R2_stop_distance_pct"":{""value"":1.5583415597235692,""score"":88.95853899308923},""R3_stop_distance_atr"":{""value"":0.18695822222021416,""score"":34.34791111101071},""R4_rr_potential"":{""value"":25.7506651463326,""score"":100.0},""_score"":74.25},""market"":{""M1_spy_regime"":{""score"":100.0},""M3_earnings_risk"":{""value"":null,""score"":80.0},""M4_vix"":{""value"":null,""score"":60.0},""_score"":84.0},""liquidity"":{""L1_price"":{""value"":303.9,""score"":100.0},""L2_dollar_vol"":{""value"":897566296.6075169,""score"":100.0},""L3_spread_proxy"":{""value"":0.05722277064823951,""score"":42.77722935176049},""L4_volume_zscore"":{""value"":-0.6509663163789959,""score"":100.0},""_score"":94.28},""pattern_structure"":{""pole_low"":300.5,""pole_low_idx"":21,""peak_price"":363.175,""peak_idx"":42,""pole_gain"":0.20856905158069888,""flag_bars"":17,""flag_low"":303.72,""flag_high"":357.86,""structural_low"":303.72,""current_price"":303.9,""neckline_distance_pct"":0.19504771306350785,""base_bars"":17},""pattern_geometry_features"":{""pole_gain"":0.20856905158069888,""pullback_pct"":0.16370895573759203,""flag_range_pct"":0.14907413781234938,""flag_drift_per_bar"":-0.00742950306150757,""atr_pct"":0.08335239505476423,""pole_atr_multiple"":2.502256251229071},""_schema_version"":""1.0""}",,,,,,,,,,
20260604T164444Z-6b270e,2026-06-04T16:44:44.043038+00:00,AEVA,breakout_retest_hold,invalidated,0.0,83.5,0.0,8.7,42.6,0.0,0.0,0.0,84.0,86.2,0.0,0.0,0.0,0.0,0.0,0.0,0.0,0.0,0.0,False,,24.81,25.205,24.9678,,"{""_source"":""active_monitor"",""_prior_state"":""setup"",""_schema_version"":""1.0""}",active_monitor_event,,,,,,,,,
20260604T164444Z-6b270e,2026-06-04T16:44:44.043038+00:00,ASX,breakout_retest_hold,invalidated,0.0,95.8,0.0,8.1,41.8,0.0,0.0,0.0,84.0,96.4,0.0,0.0,0.0,0.0,0.0,0.0,0.0,0.0,0.0,False,,38.3,39.39,39.11,,"{""_source"":""active_monitor"",""_prior_state"":""setup"",""_schema_version"":""1.0""}",active_monitor_event,,,,,,,,,
20260604T164444Z-6b270e,2026-06-04T16:44:44.043038+00:00,AVGO,breakout_retest_hold,invalidated,0.0,60.3,0.0,19.1,38.8,0.0,0.0,0.0,84.0,89.5,0.0,0.0,0.0,0.0,0.0,0.0,0.0,0.0,0.0,False,,408.66,432.8,429.7689,,"{""_source"":""active_monitor"",""_prior_state"":""breakout_confirmed"",""_schema_version"":""1.0""}",active_monitor_event,,,,,,,,,
20260604T164444Z-6b270e,2026-06-04T16:44:44.043038+00:00,AVGO,double_bottom,invalidated,0.0,60.3,0.0,19.1,38.8,0.0,0.0,0.0,84.0,89.5,0.0,0.0,0.0,0.0,0.0,0.0,0.0,0.0,0.0,False,,408.66,448.58,410.2427,,"{""_source"":""active_monitor"",""_prior_state"":""breakout_confirmed"",""_schema_version"":""1.0""}",active_monitor_event,,,,,,,,,
20260604T164444Z-6b270e,2026-06-04T16:44:44.043038+00:00,AVGO,cup_with_handle,breakout_failed,0.0,60.3,0.0,19.1,38.8,0.0,0.0,0.0,84.0,89.5,0.0,0.0,0.0,0.0,0.0,0.0,0.0,0.0,0.0,False,,408.66,429.31,388.7302,,"{""_source"":""active_monitor"",""_prior_state"":""breakout_confirmed"",""_schema_version"":""1.0""}",active_monitor_event,,,,,,,,,
20260604T164444Z-6b270e,2026-06-04T16:44:44.043038+00:00,AMD,breakout_retest_hold,invalidated,0.0,97.1,0.0,42.8,39.8,0.0,0.0,0.0,84.0,92.2,0.0,0.0,0.0,0.0,0.0,0.0,0.0,0.0,0.0,False,,521.8401,519.95,523.314,,"{""_source"":""active_monitor"",""_prior_state"":""setup"",""_schema_version"":""1.0""}",active_monitor_event,,,,,,,,,
20260604T164444Z-6b270e,2026-06-04T16:44:44.043038+00:00,DIOD,breakout_retest_hold,invalidated,0.0,83.1,0.0,28.6,37.7,0.0,0.0,0.0,84.0,76.9,0.0,0.0,0.0,0.0,0.0,0.0,0.0,0.0,0.0,False,,114.37,114.0,115.3684,,"{""_source"":""active_monitor"",""_prior_state"":""breakout_confirmed"",""_schema_version"":""1.0""}",active_monitor_event,,,,,,,,,
20260604T164444Z-6b270e,2026-06-04T16:44:44.043038+00:00,VRT,breakout_retest_hold,invalidated,0.0,60.4,0.0,59.6,44.2,0.0,0.0,0.0,84.0,95.0,0.0,0.0,0.0,0.0,0.0,0.0,0.0,0.0,0.0,False,,319.7399,328.58,323.5221,,"{""_source"":""active_monitor"",""_prior_state"":""setup"",""_schema_version"":""1.0""}",active_monitor_event,,,,,,,,,
20260604T164444Z-6b270e,2026-06-04T16:44:44.043038+00:00,ANET,breakout_retest_hold,invalidated,0.0,64.2,0.0,39.2,49.3,0.0,0.0,0.0,84.0,95.0,0.0,0.0,0.0,0.0,0.0,0.0,0.0,0.0,0.0,False,,165.27,171.1,167.0229,,"{""_source"":""active_monitor"",""_prior_state"":""setup"",""_schema_version"":""1.0""}",active_monitor_event,,,,,,,,,
